Subject,Trial_Index,Class_ID,Class,Raw_C3_Normalized_Beta,Clean_C3_Normalized_Beta,Raw_Cz_Normalized_Beta,Clean_Cz_Normalized_Beta,Raw_C4_Normalized_Beta,Clean_C4_Normalized_Beta,Raw_C3_minus_C4,Clean_C3_minus_C4,Delta_C3_minus_C4,Raw_Expected_Hand_Lateralization,Clean_Expected_Hand_Lateralization,Delta_Expected_Hand_Lateralization,Delta_Accuracy,Delta_F1
A01,0,1,Left_Hand,-0.8372288047950703,-0.7455265572124409,-0.8729116038503505,-0.8030133434665252,-0.8527989138430208,-0.8015090716794576,0.01557010904795042,0.05598251446701674,0.04041240541906632,0.01557010904795042,0.05598251446701674,0.04041240541906632,-0.02491103202846978,-0.027914278507571
A01,1,2,Right_Hand,1.6549251848743594,1.189555263626274,1.5161154788169282,1.0617795395885643,0.7452725938590936,1.4662016862163196,0.9096525910152657,-0.27664642259004557,-1.1862990136053113,-0.9096525910152657,0.27664642259004557,1.1862990136053113,-0.02491103202846978,-0.027914278507571
A01,2,2,Right_Hand,-0.619134994116968,-0.7288929203857887,-0.705092953212449,-0.7937097853325445,-0.21124659963803966,-0.41572232542054766,-0.4078883944789284,-0.313170594965241,0.09471779951368736,0.4078883944789284,0.313170594965241,-0.09471779951368736,-0.02491103202846978,-0.027914278507571
A01,3,1,Left_Hand,0.12103559792485029,-0.13600469011822414,0.05359000528799257,-0.2915200841893971,-0.41236745204200614,-0.5030967662947308,0.5334030499668564,0.36709207617650663,-0.16631097379034976,0.5334030499668564,0.36709207617650663,-0.16631097379034976,-0.02491103202846978,-0.027914278507571
A01,4,2,Right_Hand,0.11849870760578268,-0.18219531629355923,-0.0578610735615733,-0.44233550787914466,0.04699217983254274,-0.13745625715777118,0.07150652777323994,-0.044739059135788045,-0.11624558690902799,-0.07150652777323994,0.044739059135788045,0.11624558690902799,-0.02491103202846978,-0.027914278507571
A01,5,1,Left_Hand,0.6422105456936761,0.6057355643910003,-0.38622189251263234,-0.34536706858864435,-0.3708268841773412,-0.23433653039284266,1.0130374298710172,0.8400720947838429,-0.17296533508717427,1.0130374298710172,0.8400720947838429,-0.17296533508717427,-0.02491103202846978,-0.027914278507571
A01,6,2,Right_Hand,-0.5176890077139543,-0.45261390170562393,-0.5226713419450852,-0.4771550762962321,-0.6914003616680213,-0.6588417287792838,0.173711353954067,0.2062278270736599,0.03251647311959288,-0.173711353954067,-0.2062278270736599,-0.03251647311959288,-0.02491103202846978,-0.027914278507571
A01,7,3,Feet,-0.1185515321212081,-0.3010909563096077,-0.166944328014966,-0.4047265413941307,0.481263610474993,0.28090636412753683,-0.5998151425962011,-0.5819973204371445,0.017817822159056584,,,,-0.02491103202846978,-0.027914278507571
A01,8,2,Right_Hand,0.14192522216780912,-0.2907642403660729,-0.4744666882537531,-0.7234299190692823,-0.3540418810628871,-0.5901542606394248,0.4959671032306962,0.2993900202733519,-0.19657708295734433,-0.4959671032306962,-0.2993900202733519,0.19657708295734433,-0.02491103202846978,-0.027914278507571
A01,9,4,Tongue,0.8681144952803108,1.130925828434925,0.17079627911629935,0.09163350528255113,0.45853114182174376,0.24383348536631383,0.40958335345856706,0.8870923430686113,0.47750898961004423,,,,-0.02491103202846978,-0.027914278507571
A01,10,1,Left_Hand,1.4476427764139739,1.61324731824209,1.6443261668295361,1.1219876834195712,1.4122553237471824,0.8647415952237378,0.03538745266679144,0.748505723018352,0.7131182703515606,0.03538745266679144,0.748505723018352,0.7131182703515606,-0.02491103202846978,-0.027914278507571
A01,11,3,Feet,-0.4728995226564545,-0.4661651614874096,0.0534267131165085,0.10535154303575277,0.02929918169369568,0.21589022687349674,-0.5021987043501502,-0.6820553883609064,-0.17985668401075616,,,,-0.02491103202846978,-0.027914278507571
A01,12,2,Right_Hand,0.30610721645351363,0.099279592315528,1.382359344989659,0.8599814869835606,1.7641379704491686,1.1620516037284891,-1.458030753995655,-1.062772011412961,0.3952587425826939,1.458030753995655,1.062772011412961,-0.3952587425826939,-0.02491103202846978,-0.027914278507571
A01,13,1,Left_Hand,-0.15176988869268196,-0.09520644856586957,-0.3372481584615302,-0.34258927960609,-0.42751566140888714,-0.4488445708912668,0.27574577271620515,0.3536381223253972,0.07789234960919206,0.27574577271620515,0.3536381223253972,0.07789234960919206,-0.02491103202846978,-0.027914278507571
A01,14,4,Tongue,0.6469383018449203,0.690645632613339,0.7554170520491172,0.9223666425280276,0.13778154077000662,0.21197199708303474,0.5091567610749137,0.4786736355303043,-0.030483125544609413,,,,-0.02491103202846978,-0.027914278507571
A01,15,4,Tongue,-0.27905659966498475,-0.20472756854590632,-0.3613079612245182,-0.39775460402620144,-0.6066201748808747,-0.6999368802707228,0.32756357521588997,0.4952093117248164,0.16764573650892645,,,,-0.02491103202846978,-0.027914278507571
A01,16,4,Tongue,-0.28017000543152765,-0.3719708428309017,0.17752787928925642,-0.10503554362248971,0.002874036622979422,-0.14639028159108497,-0.28304404205450706,-0.22558056123981673,0.057463480814690326,,,,-0.02491103202846978,-0.027914278507571
A01,17,4,Tongue,0.07743768781611414,0.2886106236579096,0.5668537411959779,0.7297872900667149,-0.1515650078643866,-0.1611992714561864,0.22900269568050075,0.449809895114096,0.22080719943359528,,,,-0.02491103202846978,-0.027914278507571
A01,18,3,Feet,-0.44150562178560926,-0.5655802482606632,-0.5578494967756129,-0.5690341266446584,-0.5823112497776539,-0.5967100395428281,0.14080562799204466,0.031129791282164865,-0.10967583670987979,,,,-0.02491103202846978,-0.027914278507571
A01,19,2,Right_Hand,0.06463205094006529,-0.18898402699609854,-0.07333197898164359,-0.3941611963689439,-0.46057335479021877,-0.6102794951959255,0.5252054057302841,0.421295468199827,-0.10390993753045707,-0.5252054057302841,-0.421295468199827,0.10390993753045707,-0.02491103202846978,-0.027914278507571
A01,20,1,Left_Hand,-0.3706872767934614,-0.47437458955150896,0.03476773949904479,-0.09482165256087904,0.3536590628110909,0.27928753473479245,-0.7243463396045523,-0.7536621242863014,-0.029315784681749113,-0.7243463396045523,-0.7536621242863014,-0.029315784681749113,-0.02491103202846978,-0.027914278507571
A01,21,1,Left_Hand,-0.13149412765626972,-0.08735375280621224,-0.009912641172764504,-0.07593953463832628,-0.24827011569343682,-0.47998716775116396,0.1167759880371671,0.39263341494495174,0.27585742690778464,0.1167759880371671,0.39263341494495174,0.27585742690778464,-0.02491103202846978,-0.027914278507571
A01,22,3,Feet,-0.1798483701248828,-0.23275614241733972,-0.33304053618846774,-0.45107044240720284,0.27049738983408383,0.047197308813265164,-0.45034575995896664,-0.2799534512306049,0.17039230872836175,,,,-0.02491103202846978,-0.027914278507571
A01,23,4,Tongue,-0.0400476146381509,0.30788029155199537,-0.20566570242252305,-0.16084262203055302,-0.054672012613916667,-0.05438920964867006,0.014624397975765764,0.3622695012006654,0.34764510322489967,,,,-0.02491103202846978,-0.027914278507571
A01,24,1,Left_Hand,0.07808944671161686,-0.22218529356567762,0.45350562121503685,-0.05871948977321063,0.386968537290286,-0.0032234392986701384,-0.30887909057866914,-0.21896185426700748,0.08991723631166165,-0.30887909057866914,-0.21896185426700748,0.08991723631166165,-0.02491103202846978,-0.027914278507571
A01,25,3,Feet,-0.1385918349722678,-0.3747599870522841,0.20071883066870916,-0.18588180381496697,0.9216974035933195,0.2886731641037011,-1.0602892385655873,-0.6634331511559852,0.3968560874096021,,,,-0.02491103202846978,-0.027914278507571
A01,26,3,Feet,-0.14414669947604117,-0.04331048770970379,0.12431735439418391,-0.08226188293223988,0.2793743895424745,0.028612928540114907,-0.4235210890185157,-0.0719234162498187,0.351597672768697,,,,-0.02491103202846978,-0.027914278507571
A01,27,3,Feet,-0.37648770739453113,-0.3226159980978352,-0.4910683609515364,-0.3585975723090705,-0.45384517506404826,-0.3378780562831246,0.07735746766951712,0.015262058185289418,-0.062095409484227704,,,,-0.02491103202846978,-0.027914278507571
A01,28,1,Left_Hand,0.07931831266440202,-0.14771560405302375,0.3273804627597261,0.04004133573228948,0.21626920072794115,0.4244617682954118,-0.1369508880635391,-0.5721773723484356,-0.43522648428489646,-0.1369508880635391,-0.5721773723484356,-0.43522648428489646,-0.02491103202846978,-0.027914278507571
A01,29,2,Right_Hand,0.7517348130275019,0.689091638689991,1.1609756213008278,0.9052857335119543,1.0337402423940742,1.1345761590386596,-0.28200542936657236,-0.4454845203486686,-0.16347909098209623,0.28200542936657236,0.4454845203486686,0.16347909098209623,-0.02491103202846978,-0.027914278507571
A01,30,1,Left_Hand,-0.43598231768346596,-0.3158203725299317,-0.2827124311063532,-0.356009856442325,-0.10696082787555548,-0.00765152106383345,-0.32902148980791046,-0.3081688514660983,0.02085263834181217,-0.32902148980791046,-0.3081688514660983,0.02085263834181217,-0.02491103202846978,-0.027914278507571
A01,31,2,Right_Hand,0.34972291244159964,0.3947686924225354,-0.006877274995498609,0.05043713620915552,0.3560315054902077,0.3771484535459114,-0.0063085930486080355,0.017620238876624006,0.02392883192523204,0.0063085930486080355,-0.017620238876624006,-0.02392883192523204,-0.02491103202846978,-0.027914278507571
A01,32,1,Left_Hand,-0.4654762354484284,-0.5616686704373337,0.00882429824193151,0.08095443649326957,0.1287349117287367,0.29749016986901783,-0.5942111471771652,-0.8591588403063515,-0.2649476931291863,-0.5942111471771652,-0.8591588403063515,-0.2649476931291863,-0.02491103202846978,-0.027914278507571
A01,33,2,Right_Hand,-0.3501298484078658,-0.4494859905325374,-0.676580944004489,-0.6726127500718052,-0.45786675803239596,-0.4361855958611803,0.10773690962453014,-0.01330039467135713,-0.12103730429588727,-0.10773690962453014,0.01330039467135713,0.12103730429588727,-0.02491103202846978,-0.027914278507571
A01,34,3,Feet,0.42622392966500894,0.470535546916583,-0.12940205531306578,-0.14869395986186645,-0.290572101811763,-0.3597608901604057,0.716796031476772,0.8302964370769887,0.11350040560021679,,,,-0.02491103202846978,-0.027914278507571
A01,35,2,Right_Hand,-0.03036769417050739,-0.5323556856026666,-0.14112319783218574,-0.5066148595012964,0.041776645100829485,-0.26051805893725316,-0.07214433927133687,-0.2718376266654134,-0.19969328739407652,0.07214433927133687,0.2718376266654134,0.19969328739407652,-0.02491103202846978,-0.027914278507571
A01,36,3,Feet,0.45184741489361,0.6364973865232026,0.059728851726377756,0.22710855781213313,-0.2911633280411469,-0.05815750477881113,0.743010742934757,0.6946548913020137,-0.04835585163274325,,,,-0.02491103202846978,-0.027914278507571
A01,37,3,Feet,0.8231639559404524,0.5111475166048975,0.11442101495361372,-0.1771689715425424,-0.19573820210704365,-0.400911381118803,1.0189021580474962,0.9120588977237005,-0.10684326032379565,,,,-0.02491103202846978,-0.027914278507571
A01,38,4,Tongue,2.9119303180867817,2.629585803223076,3.09818747585859,2.5176929926485294,2.3136499855910877,1.840136955437356,0.598280332495694,0.7894488477857202,0.1911685152900262,,,,-0.02491103202846978,-0.027914278507571
A01,39,3,Feet,-0.5456906774762164,-0.7392567621445805,-0.587259336243536,-0.7569915441247271,-0.21142513295532742,-0.2950764993088938,-0.33426554452088897,-0.4441802628356867,-0.10991471831479771,,,,-0.02491103202846978,-0.027914278507571
A01,40,3,Feet,-0.47591451800754386,-0.09735127274085206,-0.37341795063720307,0.22100596637130285,-0.05038477977224245,0.7077165640756828,-0.42552973823530144,-0.8050678368165349,-0.3795380985812335,,,,-0.02491103202846978,-0.027914278507571
A01,41,4,Tongue,-0.40155561979463794,-0.26206094787256934,-0.36139412366452334,-0.2101391651796434,-0.43034524608061725,-0.43469750854435507,0.02878962628597931,0.17263656067178573,0.14384693438580642,,,,-0.02491103202846978,-0.027914278507571
A01,42,4,Tongue,-0.49110005503877846,-0.45716203533991817,-0.5740718290813412,-0.6793371346855164,-0.10143091981582687,-0.2215220879967903,-0.3896691352229516,-0.23563994734312788,0.15402918787982373,,,,-0.02491103202846978,-0.027914278507571
A01,43,4,Tongue,-0.40311744275441147,-0.5443427582151377,-0.6107842359723028,-0.750018987082212,-0.7127891424274008,-0.7406778320769875,0.3096716996729893,0.19633507386184978,-0.11333662581113951,,,,-0.02491103202846978,-0.027914278507571
A01,44,4,Tongue,-0.01626371441496359,0.14007447475991142,0.4798513278665143,0.2999380295717135,0.8863642750536765,0.5695461865516277,-0.9026279894686401,-0.4294717117917163,0.4731562776769238,,,,-0.02491103202846978,-0.027914278507571
A01,45,4,Tongue,-0.5992823575584274,-0.4215784739028854,-0.6376395533757285,-0.36474977728998537,-0.4506704302525055,-0.2862504445201781,-0.14861192730592188,-0.13532802938270727,0.013283897923214605,,,,-0.02491103202846978,-0.027914278507571
A01,46,3,Feet,1.3759613847799572,1.111852941114898,0.7255058754771144,0.45189171758472724,0.24796667440234024,-0.03351173610483879,1.127994710377617,1.1453646772197368,0.01736996684211989,,,,-0.02491103202846978,-0.027914278507571
A01,47,2,Right_Hand,-0.7839684869623426,-0.7360429676489844,-0.646106098648117,-0.6441547296970535,-0.5013469434143868,-0.6719489782536787,-0.28262154354795577,-0.06409398939530564,0.21852755415265013,0.28262154354795577,0.06409398939530564,-0.21852755415265013,-0.02491103202846978,-0.027914278507571
A01,48,1,Left_Hand,0.1589588248379962,-0.016875475152178146,-0.15779022384682728,-0.25513280197288385,-0.17565518995857593,-0.4630656908748526,0.33461401479657216,0.4461902157226745,0.11157620092610232,0.33461401479657216,0.4461902157226745,0.11157620092610232,-0.02491103202846978,-0.027914278507571
A01,49,1,Left_Hand,-0.43673723812080223,0.12109589323857908,-0.38820226333043656,-0.35157172833846045,-0.43213657571517783,-0.44243605615414994,-0.0046006624056244005,0.563531949392729,0.5681326117983534,-0.0046006624056244005,0.563531949392729,0.5681326117983534,-0.02491103202846978,-0.027914278507571
A01,50,2,Right_Hand,-0.05483242279911478,-0.019098148279033656,-0.33369431003158956,-0.4686389958939337,-0.3235329557197241,-0.402256347205182,0.26870053292060936,0.38315819892614833,0.11445766600553897,-0.26870053292060936,-0.38315819892614833,-0.11445766600553897,-0.02491103202846978,-0.027914278507571
A01,51,4,Tongue,-0.25555944531027724,-0.5458300912556594,-0.45790722823211555,-0.6758568494845052,-0.4805110513250355,-0.542554026072681,0.22495160601475828,-0.003276065182978405,-0.22822767119773668,,,,-0.02491103202846978,-0.027914278507571
A01,52,2,Right_Hand,-0.23362758076159337,-0.21814260393808949,-0.16991812091572164,-0.17062321226736143,-0.3804924184536104,-0.32184004323104193,0.14686483769201705,0.10369743929295244,-0.04316739839906461,-0.14686483769201705,-0.10369743929295244,0.04316739839906461,-0.02491103202846978,-0.027914278507571
A01,53,3,Feet,-0.6140053964757394,-0.48096881290299504,-0.3270558376368187,-0.09437102555615148,-0.28855566330995847,-0.2520710050984372,-0.3254497331657809,-0.22889780780455782,0.09655192536122309,,,,-0.02491103202846978,-0.027914278507571
A01,54,1,Left_Hand,0.1096559234269915,-0.23029863912286733,-0.3817825819349953,-0.4788506811355704,-0.30266248112923183,-0.4094137705132722,0.4123184045562233,0.17911513139040489,-0.23320327316581843,0.4123184045562233,0.17911513139040489,-0.23320327316581843,-0.02491103202846978,-0.027914278507571
A01,55,1,Left_Hand,0.6871426818741654,0.21626891595555758,0.1821107016431144,-0.17845219103196466,-0.1222080715056298,-0.34207158102644286,0.8093507533797952,0.5583404969820005,-0.25101025639779473,0.8093507533797952,0.5583404969820005,-0.25101025639779473,-0.02491103202846978,-0.027914278507571
A01,56,1,Left_Hand,0.524613719918746,0.1988586596224064,0.3600490201793661,-0.09310324445029795,0.21020048579511058,0.27655662228293376,0.31441323412363537,-0.07769796266052736,-0.39211119678416273,0.31441323412363537,-0.07769796266052736,-0.39211119678416273,-0.02491103202846978,-0.027914278507571
A01,57,4,Tongue,0.40993955431970475,-0.011450282297227594,0.7593260671387321,0.33450961055997414,0.8904077812287333,0.30003919317177236,-0.4804682269090286,-0.31148947546899997,0.1689787514400286,,,,-0.02491103202846978,-0.027914278507571
A01,58,2,Right_Hand,-0.2471807858012355,-0.31578551303234953,-0.2981183894255097,-0.26052627664166655,-0.5500949029102571,-0.5139499598750805,0.3029141171090216,0.198164446842731,-0.10474967026629062,-0.3029141171090216,-0.198164446842731,0.10474967026629062,-0.02491103202846978,-0.027914278507571
A01,59,2,Right_Hand,0.4755952083498819,0.724326708451457,0.2627034633987059,-0.05018830723438666,0.662718698116755,0.5931431461315402,-0.1871234897668731,0.1311835623199168,0.3183070520867899,0.1871234897668731,-0.1311835623199168,-0.3183070520867899,-0.02491103202846978,-0.027914278507571
A01,60,1,Left_Hand,-0.29222844238853757,-0.38210503991722006,0.15762950123114283,0.07298603731784307,1.0579347365392242,0.9009734683427596,-1.3501631789277617,-1.2830785082599796,0.06708467066778212,-1.3501631789277617,-1.2830785082599796,0.06708467066778212,-0.02491103202846978,-0.027914278507571
A01,61,1,Left_Hand,0.3847145803549637,-0.004000597130594276,0.34061456936769213,-0.1840582944970343,0.6974608005983789,-0.08459596406234045,-0.3127462202434152,0.08059536693174617,0.3933415871751614,-0.3127462202434152,0.08059536693174617,0.3933415871751614,-0.02491103202846978,-0.027914278507571
A01,62,3,Feet,-0.03937756916974977,-0.44051702277474003,-0.5085339847455566,-0.680588764913516,-0.40609120022357004,-0.4891832565199085,0.36671363105382027,0.048666233745168486,-0.3180473973086518,,,,-0.02491103202846978,-0.027914278507571
A01,63,1,Left_Hand,1.6306964784867795,1.234623684429355,0.5272096335848221,0.06952550623231457,0.22145492377357195,-0.1187180525182784,1.4092415547132076,1.3533417369476335,-0.05589981776557407,1.4092415547132076,1.3533417369476335,-0.05589981776557407,-0.02491103202846978,-0.027914278507571
A01,64,4,Tongue,-0.08009512150152064,-0.464499787400843,0.69569173801663,0.3583019194430865,0.3271710826407768,0.1185584352376453,-0.40726620414229747,-0.5830582226384883,-0.1757920184961908,,,,-0.02491103202846978,-0.027914278507571
A01,65,4,Tongue,-0.2543490485645468,-0.3605974347758885,-0.2932429005811829,-0.43006441586678285,-0.41704633040129346,-0.5801374606675002,0.16269728183674664,0.21954002589161165,0.056842744054865,,,,-0.02491103202846978,-0.027914278507571
A01,66,3,Feet,-0.031056621955646825,0.2298149040404258,0.15142120548560814,0.44727067159202255,0.18211626028964562,0.34137154978108075,-0.21317288224529243,-0.11155664574065496,0.10161623650463747,,,,-0.02491103202846978,-0.027914278507571
A01,67,1,Left_Hand,-0.8537655155292702,-0.6614197669260763,-0.633112632363333,-0.5048412851021695,-0.48999200666673887,-0.4379090491573001,-0.3637735088625313,-0.22351071776877618,0.1402627910937551,-0.3637735088625313,-0.22351071776877618,0.1402627910937551,-0.02491103202846978,-0.027914278507571
A01,68,4,Tongue,0.20734459225185248,0.13802279345731772,-0.10941522100723546,-0.15502199638146347,0.13580062307627028,0.11438489533985072,0.0715439691755822,0.023637898117467,-0.0479060710581152,,,,-0.02491103202846978,-0.027914278507571
A01,69,4,Tongue,-0.49001433085938473,-0.43193338717294577,-0.35125385864261693,-0.33111983332416506,-0.1654318024409246,-0.18964394991019787,-0.32458252841846014,-0.2422894372627479,0.08229309115571223,,,,-0.02491103202846978,-0.027914278507571
A01,70,2,Right_Hand,0.9004283289744351,0.6665226962891947,1.0274744224406809,0.8705410188224078,0.6766090065232242,0.7065689535883659,0.22381932245121094,-0.04004625729917122,-0.26386557975038216,-0.22381932245121094,0.04004625729917122,0.26386557975038216,-0.02491103202846978,-0.027914278507571
A01,71,4,Tongue,-0.07907661339327582,-0.12895449675231138,-0.6684918758926628,-0.7997090204568373,-0.7059573529467876,-0.8955954683402414,0.6268807395535119,0.76664097158793,0.13976023203441812,,,,-0.02491103202846978,-0.027914278507571
A01,72,4,Tongue,0.4387238422277361,0.2492484080690437,0.5315180794037736,0.6450853057043712,0.9837559605320617,1.2605490221514246,-0.5450321183043256,-1.0113006140823808,-0.4662684957780552,,,,-0.02491103202846978,-0.027914278507571
A01,73,2,Right_Hand,-0.1011424086204848,-0.1508529639422796,-0.053069280863368075,-0.2699900141665318,-0.27327130086182855,-0.37725185837251324,0.17212889224134376,0.22639889443023364,0.05427000218888989,-0.17212889224134376,-0.22639889443023364,-0.05427000218888989,-0.02491103202846978,-0.027914278507571
A01,74,1,Left_Hand,0.9816143129458726,0.5585524106377433,0.0709360133367136,-0.25247982470455826,0.021171644026080044,-0.2837614177767334,0.9604426689197926,0.8423138284144767,-0.11812884050531591,0.9604426689197926,0.8423138284144767,-0.11812884050531591,-0.02491103202846978,-0.027914278507571
A01,75,2,Right_Hand,-0.47618239008369617,-0.3861930353680016,-0.5881557129506644,-0.48216749724014424,-0.6535220450256138,-0.5822487009161826,0.17733965494191767,0.19605566554818105,0.018716010606263378,-0.17733965494191767,-0.19605566554818105,-0.018716010606263378,-0.02491103202846978,-0.027914278507571
A01,76,3,Feet,-0.4083951078619839,-0.1847517941241513,-0.550814691880704,-0.2690948064388206,-0.13805302969884048,0.21112544545136053,-0.27034207816314343,-0.3958772395755118,-0.12553516141236837,,,,-0.02491103202846978,-0.027914278507571
A01,77,3,Feet,1.5634509285685998,1.8906958551408817,1.060685967814118,1.191906129584854,1.147018898926501,0.8099502012283634,0.4164320296420987,1.0807456539125182,0.6643136242704195,,,,-0.02491103202846978,-0.027914278507571
A01,78,3,Feet,-0.4191685385770507,-0.5342415098558136,-0.38265391039892604,-0.1744570808251486,-0.7998756028797359,-0.657708544840321,0.3807070643026852,0.1234670349845074,-0.2572400293181778,,,,-0.02491103202846978,-0.027914278507571
A01,79,4,Tongue,0.06916146036691591,0.010996701838118189,-0.3110048473898828,-0.2501836777719696,-0.41005997609306144,-0.38617314496071614,0.47922143645997733,0.3971698467988343,-0.08205158966114301,,,,-0.02491103202846978,-0.027914278507571
A01,80,3,Feet,-0.4117920192082151,-0.4469073373838433,-0.1771018398354522,-0.1908549045990506,-0.1959523069424778,-0.2421877022007607,-0.2158397122657373,-0.20471963518308262,0.011120077082654695,,,,-0.02491103202846978,-0.027914278507571
A01,81,1,Left_Hand,0.7432670601799799,0.8131995772261214,0.7767330455557534,0.6138574053501028,0.4837888854575701,0.30355389324689197,0.2594781747224098,0.5096456839792294,0.2501675092568196,0.2594781747224098,0.5096456839792294,0.2501675092568196,-0.02491103202846978,-0.027914278507571
A01,82,4,Tongue,-0.5576715203774342,-0.6227755119694303,-0.3918563752567193,-0.4899591166362032,-0.6226251349989883,-0.7864286324332413,0.06495361462155413,0.16365312046381109,0.09869950584225695,,,,-0.02491103202846978,-0.027914278507571
A01,83,2,Right_Hand,0.1448608288833874,0.04245041370366612,-0.06047293208925339,-0.04784186554861244,-0.05269933761820868,-0.12635481342709143,0.19756016650159608,0.16880522713075755,-0.028754939370838534,-0.19756016650159608,-0.16880522713075755,0.028754939370838534,-0.02491103202846978,-0.027914278507571
A01,84,3,Feet,-0.29994222469494497,0.17441574562154297,0.14202504727328918,0.5374584737102336,0.24193217444898152,0.37326303078454454,-0.5418743991439265,-0.19884728516300157,0.343027113980925,,,,-0.02491103202846978,-0.027914278507571
A01,85,2,Right_Hand,-0.5386670525582756,-0.3056730381630022,-0.5424549563216835,-0.48120020491778276,-0.38794855710124876,-0.5916692659677689,-0.15071849545702687,0.28599622780476674,0.4367147232617936,0.15071849545702687,-0.28599622780476674,-0.4367147232617936,-0.02491103202846978,-0.027914278507571
A01,86,3,Feet,1.466044400087949,1.3747522479391125,-0.04949039094682585,-0.3457960914189112,-0.2043722641678233,-0.5398988527200593,1.6704166642557723,1.9146511006591718,0.24423443640339948,,,,-0.02491103202846978,-0.027914278507571
A01,87,4,Tongue,-0.29650727562230056,-0.17948986178234236,-0.1301638011257551,-0.0625978679736589,-0.13768308887596917,-0.012262550700775978,-0.1588241867463314,-0.16722731108156638,-0.00840312433523499,,,,-0.02491103202846978,-0.027914278507571
A01,88,2,Right_Hand,-0.4263249345121517,-0.5718351537256714,-0.4464252530099188,-0.5812440399448686,-0.4255837087877357,-0.5923315706132328,-0.0007412257244159837,0.02049641688756143,0.021237642611977414,0.0007412257244159837,-0.02049641688756143,-0.021237642611977414,-0.02491103202846978,-0.027914278507571
A01,89,3,Feet,0.19711090128129535,0.24038100995769718,-0.14293261961068782,-0.09726507259815369,0.1054821547095712,-0.11736469946956259,0.09162874657172415,0.35774570942725975,0.2661169628555356,,,,-0.02491103202846978,-0.027914278507571
A01,90,1,Left_Hand,0.06407976719704515,0.04014756372191381,0.2705251982171987,0.008651953077619573,0.2587306411376285,-0.24944744229745192,-0.19465087394058334,0.2895950060193657,0.48424587995994905,-0.19465087394058334,0.2895950060193657,0.48424587995994905,-0.02491103202846978,-0.027914278507571
A01,91,1,Left_Hand,0.25824490509193243,0.219737137630888,0.061983731913682755,-0.07614171146224752,0.2620580220185948,0.2922339976828785,-0.0038131169266623632,-0.07249686005199049,-0.06868374312532813,-0.0038131169266623632,-0.07249686005199049,-0.06868374312532813,-0.02491103202846978,-0.027914278507571
A01,92,1,Left_Hand,-0.5293421025247212,-0.32095888879665774,-0.8018069947457076,-0.7301351381588876,-0.6394750269184356,-0.5351750525526606,0.11013292439371436,0.2142161637560029,0.10408323936228853,0.11013292439371436,0.2142161637560029,0.10408323936228853,-0.02491103202846978,-0.027914278507571
A01,93,4,Tongue,-0.4651555413678475,-0.3140474099532523,-0.021540324845653453,0.017652184159456533,-0.006434033048193393,-0.09136583057391462,-0.4587215083196541,-0.2226815793793377,0.2360399289403164,,,,-0.02491103202846978,-0.027914278507571
A01,94,2,Right_Hand,-0.0893850501729296,-0.06181819190134306,-0.23039888067995232,-0.2632732192589448,-0.13078455967188773,-0.327264731042369,0.04139950949895814,0.2654465391410259,0.22404702964206774,-0.04139950949895814,-0.2654465391410259,-0.22404702964206774,-0.02491103202846978,-0.027914278507571
A01,95,1,Left_Hand,-0.18512330473718056,-0.3366991160181324,-0.1801054371305152,-0.10385668849603442,-0.5274909035716056,-0.6868846293845019,0.342367598834425,0.3501855133663695,0.00781791453194447,0.342367598834425,0.3501855133663695,0.00781791453194447,-0.02491103202846978,-0.027914278507571
A01,96,3,Feet,-0.7035872398781937,-0.698362943632688,-0.6785115156880661,-0.8097837509482927,-0.39895845082278286,-0.5160563902611077,-0.30462878905541085,-0.1823065533715803,0.12232223568383055,,,,-0.02491103202846978,-0.027914278507571
A01,97,1,Left_Hand,0.23963520652648493,0.6224627904009128,0.3624600256067007,0.8388513610407087,0.40465115585163014,0.5102788555014146,-0.1650159493251452,0.11218393489949818,0.27719988422464337,-0.1650159493251452,0.11218393489949818,0.27719988422464337,-0.02491103202846978,-0.027914278507571
A01,98,3,Feet,-0.2498176554253764,-0.2882042943352085,-0.42598426699343694,-0.3576138675413692,0.14812504021918502,0.33851801026086487,-0.3979426956445614,-0.6267223045960734,-0.22877960895151195,,,,-0.02491103202846978,-0.027914278507571
A01,99,2,Right_Hand,-0.5311946608618101,-0.7637531043985377,-0.3668405679198844,-0.631600477692497,0.4660594394857253,0.1862213370516521,-0.9972541003475355,-0.9499744414501898,0.047279658897345644,0.9972541003475355,0.9499744414501898,-0.047279658897345644,-0.02491103202846978,-0.027914278507571
A01,100,4,Tongue,-0.18859582803691527,-0.04021535233652135,-0.19168257603892672,-0.17112273394289007,-0.15862574139829924,-0.1660082995612736,-0.029970086638616028,0.12579294722475226,0.1557630338633683,,,,-0.02491103202846978,-0.027914278507571
A01,101,1,Left_Hand,0.15428636815913133,0.4633308531916458,0.04222827531233513,0.04585231932792791,0.4462802800365575,0.3701786538717032,-0.2919939118774262,0.09315219931994262,0.3851461111973688,-0.2919939118774262,0.09315219931994262,0.3851461111973688,-0.02491103202846978,-0.027914278507571
A01,102,3,Feet,0.029596610190926527,0.020994890283641755,-0.01953901807646769,-0.23436850555408642,-0.20704382728380266,-0.5625615156815539,0.23664043747472918,0.5835564059651956,0.34691596849046646,,,,-0.02491103202846978,-0.027914278507571
A01,103,3,Feet,1.4019249343794133,1.214598237351948,0.418543139345947,0.3791183607152226,0.32610133569012983,0.44728141087461853,1.0758235986892835,0.7673168264773294,-0.3085067722119541,,,,-0.02491103202846978,-0.027914278507571
A01,104,1,Left_Hand,-0.5705524083726052,-0.3921702947252815,-0.5443162062336695,-0.3752035279700767,-0.4330836846710202,-0.3338607804770039,-0.13746872370158503,-0.05830951424827757,0.07915920945330746,-0.13746872370158503,-0.05830951424827757,0.07915920945330746,-0.02491103202846978,-0.027914278507571
A01,105,3,Feet,-0.53893595955685,-0.595750411268141,-0.4539630333123121,-0.3579812073189606,-0.12454071485790857,-0.09377897981771954,-0.41439524469894146,-0.5019714314504214,-0.08757618675147999,,,,-0.02491103202846978,-0.027914278507571
A01,106,2,Right_Hand,-0.7801607481892269,-0.7588928085751215,-0.8054862091877236,-0.8865881645221825,-0.47488494106257917,-0.6164479226223794,-0.3052758071266477,-0.14244488595274218,0.16283092117390552,0.3052758071266477,0.14244488595274218,-0.16283092117390552,-0.02491103202846978,-0.027914278507571
A01,107,4,Tongue,-0.3508152384764598,-0.16024505669062533,-0.5894450226916098,-0.6329895170559054,-0.4334012799195942,-0.39514374780065775,0.08258604144313442,0.23489869111003242,0.152312649666898,,,,-0.02491103202846978,-0.027914278507571
A01,108,4,Tongue,-0.2392937730842953,-0.22425838322027689,-0.6235075399177268,-0.6469795995678681,-0.4685979972938,-0.3041031121981099,0.22930422420950466,0.07984472897783304,-0.14945949523167162,,,,-0.02491103202846978,-0.027914278507571
A01,109,4,Tongue,-0.5544062931809669,-0.42207480028713895,-0.34635616681160647,-0.19887613556684222,-0.2460155070294566,-0.03168487443024783,-0.3083907861515103,-0.39038992585689114,-0.08199913970538086,,,,-0.02491103202846978,-0.027914278507571
A01,110,3,Feet,0.14985832124010037,0.17888331565883223,-0.2789975775902732,-0.5327328386745745,0.4312880843854779,0.016061204645286088,-0.2814297631453775,0.16282211101354613,0.44425187415892364,,,,-0.02491103202846978,-0.027914278507571
A01,111,1,Left_Hand,-0.38016593714035196,0.30537593746902886,-0.56250050910543,-0.2019138104401238,-0.5948695241400649,-0.4033094310254942,0.21470358699971293,0.7086853684945231,0.4939817814948102,0.21470358699971293,0.7086853684945231,0.4939817814948102,-0.02491103202846978,-0.027914278507571
A01,112,4,Tongue,1.7694405187422142,1.1055549689841297,1.0495545653093976,0.4492457087206102,0.44018096539330526,-0.05194264493832175,1.3292595533489089,1.1574976139224515,-0.17176193942645734,,,,-0.02491103202846978,-0.027914278507571
A01,113,2,Right_Hand,1.9471512086941796,2.4607379092705433,2.086007511837389,2.413043806966443,2.5536847258037896,1.9250836782174623,-0.60653351710961,0.535654231053081,1.142187748162691,0.60653351710961,-0.535654231053081,-1.142187748162691,-0.02491103202846978,-0.027914278507571
A01,114,4,Tongue,0.048529372659104446,-0.502069644722488,0.13448999591899272,-0.4541915661513228,0.5168432009377598,0.2886097013780954,-0.46831382827865536,-0.7906793461005834,-0.32236551782192807,,,,-0.02491103202846978,-0.027914278507571
A01,115,2,Right_Hand,-0.6323371076721672,-0.4954050441724497,-0.6229389641702762,-0.4961381268337588,-0.5022685830652056,-0.4695580079387586,-0.1300685246069616,-0.025847036233691056,0.10422148837327055,0.1300685246069616,0.025847036233691056,-0.10422148837327055,-0.02491103202846978,-0.027914278507571
A01,116,1,Left_Hand,-0.7563450748197722,-0.7941532796781248,-0.5813910956764947,-0.7174784872891321,-0.42101263416426304,-0.6409409795851994,-0.33533244065550916,-0.1532123000929254,0.18212014056258374,-0.33533244065550916,-0.1532123000929254,0.18212014056258374,-0.02491103202846978,-0.027914278507571
A01,117,2,Right_Hand,-0.130686470651555,-0.4607126314281596,-0.26520472883733454,-0.47548845646700727,-0.3982946787088965,-0.4286653952678758,0.26760820805734153,-0.03204723616028382,-0.29965544421762536,-0.26760820805734153,0.03204723616028382,0.29965544421762536,-0.02491103202846978,-0.027914278507571
A01,118,1,Left_Hand,-0.7880596518270068,-0.8667954298013633,-0.6756410425463538,-0.8110772160611349,0.06853018258406533,-0.4233615487867405,-0.8565898344110721,-0.4434338810146228,0.4131559533964493,-0.8565898344110721,-0.4434338810146228,0.4131559533964493,-0.02491103202846978,-0.027914278507571
A01,119,3,Feet,1.6776103339913067,1.5336999598686167,0.749317949414426,0.2989841806651345,-0.04926710070590937,-0.3060077677467415,1.726877434697216,1.8397077276153582,0.11283029291814217,,,,-0.02491103202846978,-0.027914278507571
A01,120,3,Feet,-0.016568709651573903,-0.4796106580482042,0.5642044107602332,0.09533612654272577,0.44637142220513637,0.21620098725456574,-0.4629401318567103,-0.69581164530277,-0.23287151344605966,,,,-0.02491103202846978,-0.027914278507571
A01,121,1,Left_Hand,-0.3384445039628733,-0.4592595870147754,-0.42261794248523404,-0.3482119482304062,-0.22820542425340612,0.03552881717488021,-0.11023907970946717,-0.4947884041896556,-0.3845493244801884,-0.11023907970946717,-0.4947884041896556,-0.3845493244801884,-0.02491103202846978,-0.027914278507571
A01,122,3,Feet,-0.45991187841015346,0.002694027347996185,-0.514392001418355,0.05327479480526859,-0.6053105120804009,-0.0888709191846172,0.1453986336702474,0.09156494653261339,-0.05383368713763402,,,,-0.02491103202846978,-0.027914278507571
A01,123,4,Tongue,-0.18874988546354568,-0.5070348711291919,-0.04724599301131648,-0.4777963026929389,0.4114967534086408,0.05062969624803084,-0.6002466388721864,-0.5576645673772227,0.042582071494963736,,,,-0.02491103202846978,-0.027914278507571
A01,124,4,Tongue,-0.36073053137339733,-0.10398377676518275,-0.1366051788795194,0.01326869886401229,-0.3014826866414757,-0.17677794672500635,-0.05924784473192163,0.0727941699598236,0.13204201469174523,,,,-0.02491103202846978,-0.027914278507571
A01,125,2,Right_Hand,0.15369618485721442,0.44210093322980776,-0.07137521880481924,0.49603117784865236,0.6871401477647407,1.685870343729658,-0.5334439629075263,-1.2437694104998502,-0.710325447592324,0.5334439629075263,1.2437694104998502,0.710325447592324,-0.02491103202846978,-0.027914278507571
A01,126,1,Left_Hand,0.06356197679096963,-0.29616040351114753,0.8498424134132083,0.04347294598861256,2.605944457948525,1.2857534111619588,-2.5423824811575555,-1.5819138146731064,0.9604686664844491,-2.5423824811575555,-1.5819138146731064,0.9604686664844491,-0.02491103202846978,-0.027914278507571
A01,127,2,Right_Hand,-0.6310100194197719,-0.707377894780604,-0.7547124646216992,-0.8039918934858216,-0.6043339101097762,-0.48435506879321677,-0.026676109309995644,-0.2230228259873872,-0.19634671667739156,0.026676109309995644,0.2230228259873872,0.19634671667739156,-0.02491103202846978,-0.027914278507571
A01,128,4,Tongue,0.8354808473042387,0.04044441232434717,0.762039748392287,-0.12398539231873339,0.454612123059252,-0.26796191599371094,0.38086872424498663,0.30840632831805814,-0.07246239592692849,,,,-0.02491103202846978,-0.027914278507571
A01,129,2,Right_Hand,-0.7456295769175607,-0.5530317359296565,-0.7630017263018422,-0.5841379223362719,-0.7471977951404769,-0.6022101721327288,0.0015682182229161956,0.04917843620307227,0.04761021798015608,-0.0015682182229161956,-0.04917843620307227,-0.04761021798015608,-0.02491103202846978,-0.027914278507571
A01,130,4,Tongue,-0.46632844522541606,-0.46076748019174285,-0.7675188921396868,-0.8367180916556525,-0.8248861479706371,-0.8851525813474678,0.35855770274522103,0.4243851011557249,0.06582739841050389,,,,-0.02491103202846978,-0.027914278507571
A01,131,3,Feet,-0.28429325044493275,-0.6282496538336299,1.3433150822085165,0.5593646650411354,1.7382886663634844,0.6801479729959964,-2.0225819168084174,-1.3083976268296262,0.7141842899787911,,,,-0.02491103202846978,-0.027914278507571
A01,132,2,Right_Hand,-0.4803814822433746,-0.6185703742254817,-0.5856515865085852,-0.7927179005457766,-0.17718418406618375,-0.4502604035451087,-0.3031972981771909,-0.16830997068037296,0.13488732749681792,0.3031972981771909,0.16830997068037296,-0.13488732749681792,-0.02491103202846978,-0.027914278507571
A01,133,2,Right_Hand,-0.5356640865870291,-0.5284807181565836,-0.46339362357261765,-0.619547818290974,-0.4080821637069625,-0.6992986287296366,-0.12758192288006664,0.17081791057305296,0.2983998334531196,0.12758192288006664,-0.17081791057305296,-0.2983998334531196,-0.02491103202846978,-0.027914278507571
A01,134,2,Right_Hand,-0.7771546021438599,-0.8188479235381585,-0.7872821652074354,-0.8126165697240366,-0.5699766906147798,-0.6387021227794383,-0.20717791152908005,-0.18014580075872022,0.02703211077035983,0.20717791152908005,0.18014580075872022,-0.02703211077035983,-0.02491103202846978,-0.027914278507571
A01,135,3,Feet,0.7266459311619033,0.8342025106116344,-0.08217609819114517,-0.01273939654123545,-0.38717722987032094,-0.47634077486944015,1.1138231610322242,1.3105432854810746,0.19672012444885034,,,,-0.02491103202846978,-0.027914278507571
A01,136,4,Tongue,0.282919688737709,-0.010242694346925513,-0.12612419034385491,-0.33019520784756745,-0.22345709180608012,-0.14879263514353372,0.5063767805437891,0.1385499407966082,-0.3678268397471809,,,,-0.02491103202846978,-0.027914278507571
A01,137,1,Left_Hand,-0.5198522891656548,-0.567208465810296,-0.3217710170637552,-0.3215062985407216,-0.5519414858903529,-0.5244907776899429,0.03208919672469801,-0.04271768812035315,-0.07480688484505116,0.03208919672469801,-0.04271768812035315,-0.07480688484505116,-0.02491103202846978,-0.027914278507571
A01,138,2,Right_Hand,0.4417156667519142,-0.14819507719160235,0.08794694065389996,-0.3678771730407789,-0.05718648839614558,-0.32290268800369293,0.4989021551480598,0.17470761081209057,-0.3241945443359692,-0.4989021551480598,-0.17470761081209057,0.3241945443359692,-0.02491103202846978,-0.027914278507571
A01,139,4,Tongue,0.357751788939674,0.06099207047814103,-0.26899802619351587,-0.4956231524232282,-0.4058409756667816,-0.5534646942535381,0.7635927646064556,0.6144567647316791,-0.14913599987477655,,,,-0.02491103202846978,-0.027914278507571
A01,140,1,Left_Hand,-0.3489231026291432,-0.04298552021937979,-0.2726365152088172,-0.0192451137978014,-0.22172224499435172,-0.06339678903280188,-0.1272008576347915,0.02041126881342209,0.1476121264482136,-0.1272008576347915,0.02041126881342209,0.1476121264482136,-0.02491103202846978,-0.027914278507571
A01,141,3,Feet,0.8711725405769464,0.4794164376066643,0.0898096747243879,0.21881241987826228,0.25533248046127455,0.6767481572660211,0.6158400601156718,-0.1973317196593568,-0.8131717797750286,,,,-0.02491103202846978,-0.027914278507571
A01,142,3,Feet,-0.534035961185206,-0.4312840277611834,-0.3534812600396874,-0.16323969263770216,-0.6965740777415278,-0.5377210281958471,0.16253811655632178,0.1064370004346637,-0.05610111612165808,,,,-0.02491103202846978,-0.027914278507571
A01,143,4,Tongue,0.4862691198947804,1.8445211981051772,0.31040816408099003,1.7190826256133527,-0.20087785434984043,0.6773224720430456,0.6871469742446208,1.1671987260621317,0.4800517518175109,,,,-0.02491103202846978,-0.027914278507571
A01,144,1,Left_Hand,3.2374276755407316,2.029989876345519,1.6489305690530638,0.44030827573966175,1.0961124549168189,0.22063758613556297,2.1413152206239126,1.809352290209956,-0.33196293041395664,2.1413152206239126,1.809352290209956,-0.33196293041395664,-0.02491103202846978,-0.027914278507571
A01,145,1,Left_Hand,0.5535209733507631,0.4588634821319765,0.3197844281870433,0.15692650581498982,0.14548562277839827,-0.011792301382403026,0.40803535057236484,0.4706557835143795,0.06262043294201464,0.40803535057236484,0.4706557835143795,0.06262043294201464,-0.02491103202846978,-0.027914278507571
A01,146,3,Feet,-0.17863239962890315,-0.16882333297856783,-0.07310416309092617,-0.22662017041358978,0.029736974596807776,-0.4755288209045208,-0.20836937422571092,0.306705487925953,0.5150748621516639,,,,-0.02491103202846978,-0.027914278507571
A01,147,2,Right_Hand,0.4206456612740325,-0.02855511219239255,0.4849809196354253,0.05987936465881786,0.9112563781319288,1.1158976715232911,-0.4906107168578963,-1.1444527837156837,-0.6538420668577873,0.4906107168578963,1.1444527837156837,0.6538420668577873,-0.02491103202846978,-0.027914278507571
A01,148,4,Tongue,0.3255758664550624,0.14621828123345013,-0.41435815250808233,-0.5799285305621845,-0.35757406615896886,-0.4332543483367984,0.6831499326140313,0.5794726295702485,-0.10367730304378286,,,,-0.02491103202846978,-0.027914278507571
A01,149,4,Tongue,0.14853375561007,-0.3403094435344728,-0.07218202567233435,-0.5287878034982311,0.13836377121474944,-0.32279323494206075,0.010169984395320575,-0.01751620859241204,-0.027686192987732616,,,,-0.02491103202846978,-0.027914278507571
A01,150,4,Tongue,0.7624864522586777,0.9728397628543165,0.29039497647761625,0.5246238949610631,-0.11223034823598832,0.1326935435364252,0.874716800494666,0.8401462193178912,-0.034570581176774806,,,,-0.02491103202846978,-0.027914278507571
A01,151,2,Right_Hand,-0.6211667782500246,-0.6610688109411209,-0.3242055082111536,-0.3376414674796937,-0.3556961865106399,-0.2150181754958209,-0.26547059173938475,-0.4460506354453,-0.18058004370591524,0.26547059173938475,0.4460506354453,0.18058004370591524,-0.02491103202846978,-0.027914278507571
A01,152,1,Left_Hand,0.1945655621901048,0.08346132869845616,-0.0017003546544131101,0.06736578015388449,-0.07438616159964138,-0.07483999636394542,0.2689517237897462,0.15830132506240158,-0.11065039872734461,0.2689517237897462,0.15830132506240158,-0.11065039872734461,-0.02491103202846978,-0.027914278507571
A01,153,3,Feet,-0.042714139822565216,0.22884610493587798,-0.13586464297922182,0.1472356582063383,-0.4752099804657316,-0.27851664622137534,0.4324958406431664,0.5073627511572534,0.074866910514087,,,,-0.02491103202846978,-0.027914278507571
A01,154,2,Right_Hand,0.44957466458210255,-0.2791689963560506,0.7132081954981077,-0.23095553723324888,1.0212242042049624,0.4134811989859942,-0.5716495396228598,-0.6926501953420447,-0.12100065571918495,0.5716495396228598,0.6926501953420447,0.12100065571918495,-0.02491103202846978,-0.027914278507571
A01,155,4,Tongue,-0.5415957836846099,-0.780355537754629,-0.49340717872342776,-0.7616819102697802,-0.34160568591205104,-0.6878373243094742,-0.19999009777255888,-0.09251821344515476,0.10747188432740412,,,,-0.02491103202846978,-0.027914278507571
A01,156,1,Left_Hand,0.23994366801113295,0.09943819618112346,0.5105608835744001,0.4544445447414205,1.0953494460686637,1.298992628707291,-0.8554057780575307,-1.1995544325261676,-0.34414865446863685,-0.8554057780575307,-1.1995544325261676,-0.34414865446863685,-0.02491103202846978,-0.027914278507571
A01,157,4,Tongue,-0.4842492661428969,-0.21389679095117173,-0.21521895212189554,0.16553524189144353,0.0743176462426811,0.37374571649251254,-0.558566912385578,-0.5876425074436843,-0.029075595058106307,,,,-0.02491103202846978,-0.027914278507571
A01,158,3,Feet,-0.21649172367961425,-0.009138081673698227,-0.4167847745213397,-0.35825653717036077,0.09621716526395488,0.38373498677939677,-0.31270888894356913,-0.392873068453095,-0.08016417950952587,,,,-0.02491103202846978,-0.027914278507571
A01,159,2,Right_Hand,3.0642275594547916,2.012867839666468,2.6129016281750013,1.54362082237523,1.3919821676019575,0.3257144226061691,1.6722453918528342,1.6871534170602986,0.014908025207464481,-1.6722453918528342,-1.6871534170602986,-0.014908025207464481,-0.02491103202846978,-0.027914278507571
A01,160,4,Tongue,-0.13187841113133802,-0.23762353775742168,-0.3200903799138383,-0.43996627593530857,-0.010717997097584506,-0.003850484271206617,-0.12116041403375352,-0.23377305348621505,-0.11261263945246153,,,,-0.02491103202846978,-0.027914278507571
A01,161,4,Tongue,1.1546678543568092,1.9476508728799744,0.4298168217147041,0.8953656904896021,0.3041664608962558,0.37007979447130845,0.8505013934605534,1.577571078408666,0.7270696849481126,,,,-0.02491103202846978,-0.027914278507571
A01,162,1,Left_Hand,-0.039495017169352366,-0.1722040738849737,-0.15105240939546094,-0.21408538799268778,-0.6812651202980526,-0.6300864083737377,0.6417701031287003,0.45788233448876403,-0.18388776863993628,0.6417701031287003,0.45788233448876403,-0.18388776863993628,-0.02491103202846978,-0.027914278507571
A01,163,2,Right_Hand,-0.2584280635771737,-0.5114460441229075,-0.03907237012389242,-0.10203242050746913,-0.5138941364103042,-0.40300810867832587,0.25546607283313055,-0.10843793544458163,-0.3639040082777122,-0.25546607283313055,0.10843793544458163,0.3639040082777122,-0.02491103202846978,-0.027914278507571
A01,164,2,Right_Hand,-0.20493413588058815,-0.2421470658590232,-0.06110119468474757,-0.12469318538864728,0.6015582738786412,0.7960872031478274,-0.8064924097592294,-1.0382342690068507,-0.23174185924762125,0.8064924097592294,1.0382342690068507,0.23174185924762125,-0.02491103202846978,-0.027914278507571
A01,165,3,Feet,0.06670588878627502,0.18513196397281317,0.06040231131431303,0.026340803033463134,0.23718952880812996,0.4441423838824003,-0.17048364002185495,-0.2590104199095871,-0.08852677988773217,,,,-0.02491103202846978,-0.027914278507571
A01,166,4,Tongue,0.5671848469313553,0.1335887064525745,0.41471485030261723,-0.1163632796234614,0.5843867357319776,-0.16087459056440684,-0.017201888800622345,0.2944632970169814,0.3116651858176037,,,,-0.02491103202846978,-0.027914278507571
A01,167,2,Right_Hand,0.5538421304815914,0.4315095966328967,0.484156770312359,0.0682066955056922,-0.04668242116803309,-0.38157261669986814,0.6005245516496245,0.8130822133327649,0.2125576616831404,-0.6005245516496245,-0.8130822133327649,-0.2125576616831404,-0.02491103202846978,-0.027914278507571
A01,168,1,Left_Hand,0.22826308664255998,-0.15571587418527844,0.11374231871144051,-0.18600706556646293,0.6462783839367489,0.2685790483314606,-0.41801529729418885,-0.42429492251673906,-0.006279625222550211,-0.41801529729418885,-0.42429492251673906,-0.006279625222550211,-0.02491103202846978,-0.027914278507571
A01,169,1,Left_Hand,-0.2800405564537155,-0.38760805681228194,0.10996442437660892,-0.15450654997612445,0.18752807310042843,0.09454816387488324,-0.4675686295541439,-0.4821562206871652,-0.014587591133021272,-0.4675686295541439,-0.4821562206871652,-0.014587591133021272,-0.02491103202846978,-0.027914278507571
A01,170,4,Tongue,0.43800208779709576,0.530684318057575,0.5804873120037558,-0.04226682695404885,0.736401152330153,0.21072811952478065,-0.29839906453305726,0.31995619853279433,0.6183552630658515,,,,-0.02491103202846978,-0.027914278507571
A01,171,2,Right_Hand,-0.5126669348942161,-0.5379753974927307,-0.5900454200828791,-0.7167469248830649,-0.5032383615556674,-0.6763964476670452,-0.00942857333854874,0.1384210501743145,0.14784962351286324,0.00942857333854874,-0.1384210501743145,-0.14784962351286324,-0.02491103202846978,-0.027914278507571
A01,172,1,Left_Hand,-0.736469551797523,-0.6152431603257699,-0.6012595629853356,-0.42328658756795123,-0.5476096580579402,-0.4050921947722514,-0.1888598937395829,-0.21015096555351848,-0.02129107181393558,-0.1888598937395829,-0.21015096555351848,-0.02129107181393558,-0.02491103202846978,-0.027914278507571
A01,173,3,Feet,0.18836192377476893,0.33780039338188494,0.4667403183798369,0.6836511818646035,0.9372500614504161,0.9733000438387217,-0.7488881376756472,-0.6354996504568368,0.11338848721881045,,,,-0.02491103202846978,-0.027914278507571
A01,174,2,Right_Hand,1.3406616540064553,0.5626121727169504,1.2617131847348155,0.5171152240688355,0.4077680275459207,0.010655697467653517,0.9328936264605346,0.5519564752492969,-0.3809371512112377,-0.9328936264605346,-0.5519564752492969,0.3809371512112377,-0.02491103202846978,-0.027914278507571
A01,175,2,Right_Hand,-0.07602678754765042,-0.2547848287478617,-0.36381133070835303,-0.47170951334090344,-0.44225190268748343,-0.6614214078172643,0.366225115139833,0.40663657906940265,0.040411463929569624,-0.366225115139833,-0.40663657906940265,-0.040411463929569624,-0.02491103202846978,-0.027914278507571
A01,176,1,Left_Hand,0.23558154394465455,-0.16277482687440656,0.6052607732775853,0.30840028755798116,1.129591177771944,1.38016804592764,-0.8940096338272895,-1.5429428728020465,-0.648933238974757,-0.8940096338272895,-1.5429428728020465,-0.648933238974757,-0.02491103202846978,-0.027914278507571
A01,177,4,Tongue,-0.1279010505436102,0.4180477114274469,-0.3888257997875613,0.07971338328834142,-0.6725910519667424,-0.5603948433626674,0.5446900014231322,0.9784425547901143,0.43375255336698215,,,,-0.02491103202846978,-0.027914278507571
A01,178,3,Feet,-0.4150232831732964,0.44865180460541826,-0.5380275772443105,0.19501575239357694,-0.5661199739355269,0.025366791348964173,0.15109669076223053,0.42328501325645407,0.27218832249422353,,,,-0.02491103202846978,-0.027914278507571
A01,179,3,Feet,0.8192736500627712,0.1543551942641078,0.49235789948741215,0.1332956679899387,1.1367756033005074,0.7809884616748032,-0.3175019532377362,-0.6266332674106954,-0.30913131417295914,,,,-0.02491103202846978,-0.027914278507571
A01,180,3,Feet,-0.24218755539633008,-0.5932485971746763,-0.10649063781747811,-0.6970349353324197,0.06975760830613892,-0.48742955987907405,-0.311945163702469,-0.10581903729560221,0.20612612640686678,,,,-0.02491103202846978,-0.027914278507571
A01,181,3,Feet,0.393632892355721,0.4302088495962428,0.10986239678287409,-0.09310227681448638,0.13369288783040764,-0.09174290674029048,0.2599400045253134,0.5219517563365332,0.26201175181121983,,,,-0.02491103202846978,-0.027914278507571
A01,182,1,Left_Hand,-0.4695525408098524,-0.5261925989712878,-0.40103591245509496,-0.5765587802597542,-0.30327716680196426,-0.41928824706373796,-0.16627537400788817,-0.10690435190754982,0.059371022100338344,-0.16627537400788817,-0.10690435190754982,0.059371022100338344,-0.02491103202846978,-0.027914278507571
A01,183,2,Right_Hand,-0.24909420798465992,-0.6818569833789861,-0.6039900313164299,-0.79565711948403,-0.6973025586584247,-0.9092616984747072,0.4482083506737648,0.22740471509572102,-0.22080363557804378,-0.4482083506737648,-0.22740471509572102,0.22080363557804378,-0.02491103202846978,-0.027914278507571
A01,184,1,Left_Hand,-0.4678352722994313,-0.5686600003662636,-0.6612812815439271,-0.7627922785471558,-0.5471507341490527,-0.5984603873061473,0.0793154618496214,0.029800386939883627,-0.04951507490973778,0.0793154618496214,0.029800386939883627,-0.04951507490973778,-0.02491103202846978,-0.027914278507571
A01,185,2,Right_Hand,-0.3937608706740484,-0.5090778733966672,-0.39296813972516953,-0.6526967609329762,-0.313135357348624,-0.5890994820980122,-0.08062551332542439,0.080021608701345,0.1606471220267694,0.08062551332542439,-0.080021608701345,-0.1606471220267694,-0.02491103202846978,-0.027914278507571
A01,186,1,Left_Hand,-0.0736792031510368,-0.31462001560347075,-0.30580937798623525,-0.42633080131866286,-0.22716724838781271,-0.0970616048510916,0.1534880452367759,-0.21755841075237914,-0.37104645598915503,0.1534880452367759,-0.21755841075237914,-0.37104645598915503,-0.02491103202846978,-0.027914278507571
A01,187,1,Left_Hand,-0.4254334439869739,-0.31711426224614186,-0.3521134612651855,-0.12870494687752193,-0.39361759465248963,-0.23965363304488813,-0.03181584933448428,-0.07746062920125374,-0.04564477986676946,-0.03181584933448428,-0.07746062920125374,-0.04564477986676946,-0.02491103202846978,-0.027914278507571
A01,188,3,Feet,0.6391266655400568,0.14059152586493276,0.1714989401476843,-0.2972244395151749,-0.13704772989532768,-0.42467666343110194,0.7761743954353845,0.5652681892960347,-0.21090620613934974,,,,-0.02491103202846978,-0.027914278507571
A01,189,3,Feet,0.03847668588163985,0.14961644941502486,-0.023460757769201906,0.046686022956997336,-0.0860574226798823,-0.22751087498136233,0.12453410856152214,0.3771273243963872,0.25259321583486505,,,,-0.02491103202846978,-0.027914278507571
A01,190,2,Right_Hand,-0.39687686511828607,-0.47459952396229127,-0.44168469295849216,-0.46643300016044836,-0.4930660369887785,-0.5928264729623319,0.09618917187049242,0.11822694900004066,0.02203777712954824,-0.09618917187049242,-0.11822694900004066,-0.02203777712954824,-0.02491103202846978,-0.027914278507571
A01,191,3,Feet,0.48512774940286957,1.0752603283791375,1.6418094771262024,2.6561778919532553,0.12376796378832818,0.7278673951648057,0.3613597856145414,0.34739293321433184,-0.013966852400209562,,,,-0.02491103202846978,-0.027914278507571
A01,192,4,Tongue,-0.5981101299462122,-0.11507740472702246,-0.6559224718854796,-0.4917021660110502,-0.5759541558295909,-0.44541222581218043,-0.02215597411662129,0.330334821085158,0.3524907952017793,,,,-0.02491103202846978,-0.027914278507571
A01,193,1,Left_Hand,-0.6702390446975108,-0.6372957274193395,-0.6479218805142503,-0.5629235133236329,-0.6624488218396445,-0.5475020929778219,-0.007790222857866347,-0.08979363444151756,-0.08200341158365121,-0.007790222857866347,-0.08979363444151756,-0.08200341158365121,-0.02491103202846978,-0.027914278507571
A01,194,4,Tongue,-0.276457554067242,-0.2493547370431862,-0.5767717139621611,-0.6985502793953029,-0.5873477494929576,-0.6891643894007048,0.31089019542571567,0.43980965235751857,0.1289194569318029,,,,-0.02491103202846978,-0.027914278507571
A01,195,1,Left_Hand,-0.38930939758180866,-0.04664034494563471,-0.1598293609081885,0.34347290499856403,-0.27875639137225044,-0.2302978298356201,-0.11055300620955821,0.1836574848899854,0.2942104910995436,-0.11055300620955821,0.1836574848899854,0.2942104910995436,-0.02491103202846978,-0.027914278507571
A01,196,1,Left_Hand,-0.3671425217825266,-0.2701388712653915,-0.40852326892931634,-0.3910716748973281,-0.07163001164333438,-0.22341965845830558,-0.2955125101391922,-0.04671921280708591,0.2487932973321063,-0.2955125101391922,-0.04671921280708591,0.2487932973321063,-0.02491103202846978,-0.027914278507571
A01,197,2,Right_Hand,0.5341867293575979,0.3294323361022222,0.5548461755131842,0.4693829948403271,0.514198439554109,0.37090366224980814,0.01998828980348888,-0.04147132614758592,-0.0614596159510748,-0.01998828980348888,0.04147132614758592,0.0614596159510748,-0.02491103202846978,-0.027914278507571
A01,198,4,Tongue,-0.4607848186593733,-0.5585371369728399,-0.557192884827173,-0.6861635932659496,-0.3193495568573039,-0.3651769080230927,-0.14143526180206945,-0.1933602289497472,-0.05192496714767775,,,,-0.02491103202846978,-0.027914278507571
A01,199,3,Feet,-0.41288831801209275,-0.3263179381004594,-0.33353234053971104,-0.04308377580330556,-0.17269963558900556,0.36800031139978134,-0.2401886824230872,-0.6943182495002407,-0.45412956707715346,,,,-0.02491103202846978,-0.027914278507571
A01,200,2,Right_Hand,-0.6031367492873727,-0.6126965997026517,-0.5838479065394435,-0.6637696128502223,-0.5141133955790368,-0.6476616698306601,-0.08902335370833592,0.034965070128008424,0.12398842383634434,0.08902335370833592,-0.034965070128008424,-0.12398842383634434,-0.02491103202846978,-0.027914278507571
A01,201,4,Tongue,0.4054765251028563,0.17838205699827855,0.010298554374317653,-0.42247219292816435,0.36613062795578954,0.37201862808294145,0.039345897147066766,-0.1936365710846629,-0.23298246823172966,,,,-0.02491103202846978,-0.027914278507571
A01,202,3,Feet,-0.1842480113994987,-0.20925071138823176,0.046605279233366145,-0.03095178514141426,0.6531653543757735,0.763733923169392,-0.8374133657752723,-0.9729846345576239,-0.1355712687823516,,,,-0.02491103202846978,-0.027914278507571
A01,203,4,Tongue,0.2155990512599508,0.12413953201441968,0.32190933776540176,0.04952084625795416,0.04628003839710646,-0.0683194448773727,0.16931901286284434,0.19245897689179237,0.023139964028948024,,,,-0.02491103202846978,-0.027914278507571
A01,204,3,Feet,0.008456468758697683,0.5693605099723327,-0.022462586792933073,0.4799968946391893,-0.07030610219086379,0.7792962837365052,0.07876257094956148,-0.2099357737641725,-0.28869834471373396,,,,-0.02491103202846978,-0.027914278507571
A01,205,4,Tongue,-0.044495785176045015,-0.1375683411902583,-0.03718062375290964,-0.1886380057715369,-0.05072460518631777,-0.4528321261236245,0.006228820010272758,0.3152637849333662,0.30903496492309346,,,,-0.02491103202846978,-0.027914278507571
A01,206,2,Right_Hand,-0.4323821043309478,-0.5962459073496449,-0.1873050911940279,-0.29151089520338963,-0.37742700934025997,-0.5939904970906783,-0.05495509499068785,-0.0022554102589665836,0.052699684731721264,0.05495509499068785,0.0022554102589665836,-0.052699684731721264,-0.02491103202846978,-0.027914278507571
A01,207,2,Right_Hand,-0.01765570267779694,-0.26231741519274465,-0.3021204016486617,-0.5507957152306671,-0.15126841350746256,-0.31317055357924223,0.13361271082966564,0.050853138386497576,-0.08275957244316806,-0.13361271082966564,-0.050853138386497576,0.08275957244316806,-0.02491103202846978,-0.027914278507571
A01,208,4,Tongue,-0.4593501731586866,-0.5550506219222571,-0.6044249141890835,-0.6771695382080504,-0.4355543680879005,-0.524660454704963,-0.023795805070786102,-0.03039016721729404,-0.006594362146507937,,,,-0.02491103202846978,-0.027914278507571
A01,209,1,Left_Hand,-0.3023098367763803,-0.5064100115879414,-0.3505928408689065,-0.564148617738594,0.0573009239145396,-0.145450587994148,-0.3596107606909199,-0.3609594235937934,-0.0013486629028734987,-0.3596107606909199,-0.3609594235937934,-0.0013486629028734987,-0.02491103202846978,-0.027914278507571
A01,210,2,Right_Hand,0.3122689327923466,-0.3506822346150389,-0.06416690885856477,-0.6858243752613586,-0.19312998581236607,-0.7046561021881474,0.5053989186047126,0.35397386757310856,-0.15142505103160409,-0.5053989186047126,-0.35397386757310856,0.15142505103160409,-0.02491103202846978,-0.027914278507571
A01,211,2,Right_Hand,-0.4122625047780821,-0.3991363602759299,-0.5695865294633221,-0.7073307484540263,-0.3635341339478403,-0.6365796676433715,-0.048728370830241785,0.23744330736744157,0.28617167819768335,0.048728370830241785,-0.23744330736744157,-0.28617167819768335,-0.02491103202846978,-0.027914278507571
A01,212,2,Right_Hand,0.9880145123838957,0.14207329273759794,0.08608352991017153,-0.2828572240817891,-0.0777924103397591,-0.25651363160832397,1.0658069227236548,0.3985869243459219,-0.6672199983777329,-1.0658069227236548,-0.3985869243459219,0.6672199983777329,-0.02491103202846978,-0.027914278507571
A01,213,3,Feet,-0.22557906037934689,-0.30010135460259363,-0.28985249607083124,-0.4051981011412923,-0.2906952395517419,-0.38835738342060194,0.06511617917239504,0.08825602881800831,0.023139849645613275,,,,-0.02491103202846978,-0.027914278507571
A01,214,4,Tongue,-0.27734068008324064,-0.5701212466283025,-0.5904313940215492,-0.6716186045388273,-0.42940123790581264,-0.1680690218094686,0.152060557822572,-0.40205222481883396,-0.554112782641406,,,,-0.02491103202846978,-0.027914278507571
A01,215,1,Left_Hand,-0.25461925253490836,-0.447451717547825,-0.38624312137069683,-0.5327229657891683,-0.2128990999002029,-0.21980781328258775,-0.041720152634705465,-0.22764390426523723,-0.18592375163053176,-0.041720152634705465,-0.22764390426523723,-0.18592375163053176,-0.02491103202846978,-0.027914278507571
A01,216,4,Tongue,-0.5021612976295661,-0.40471050574521106,-0.6779785569783262,-0.6953762464195996,-0.42036360202653045,-0.61522237981538,-0.08179769560303563,0.21051187407016891,0.29230956967320454,,,,-0.02491103202846978,-0.027914278507571
A01,217,1,Left_Hand,-0.021273526766416886,0.7587226261941469,-0.15275147406881368,0.4365212472205044,0.10303680162721855,0.9508786445675524,-0.12431032839363544,-0.19215601837340557,-0.06784568997977013,-0.12431032839363544,-0.19215601837340557,-0.06784568997977013,-0.02491103202846978,-0.027914278507571
A01,218,3,Feet,0.5457315518478442,0.7528708712665048,0.21453003114184344,0.2674872952421645,0.4126667108616492,0.4141928988441373,0.13306484098619498,0.33867797242236747,0.2056131314361725,,,,-0.02491103202846978,-0.027914278507571
A01,219,1,Left_Hand,0.8701016956310414,0.05158066673442733,0.49620678033946813,-0.34466351307131665,0.3289383964314323,-0.3808569010324569,0.5411632991996091,0.43243756776688425,-0.1087257314327249,0.5411632991996091,0.43243756776688425,-0.1087257314327249,-0.02491103202846978,-0.027914278507571
A01,220,4,Tongue,-0.5405681377711178,-0.5391971004155269,-0.41913338542806217,-0.41507873226579717,0.12101398003111191,-0.05186285205876456,-0.6615821178022296,-0.48733424835676237,0.17424786944546727,,,,-0.02491103202846978,-0.027914278507571
A01,221,1,Left_Hand,-0.13939736240957193,-0.5447919535891272,0.21746295345320824,-0.26405031543143864,0.004046874682868069,-0.3115578824147917,-0.14344423709244,-0.23323407117433553,-0.08978983408189553,-0.14344423709244,-0.23323407117433553,-0.08978983408189553,-0.02491103202846978,-0.027914278507571
A01,222,3,Feet,0.1382534741455686,0.039565342675465895,0.15507922349742523,-0.24332169324694844,0.8595519446028066,0.7043893952061479,-0.721298470457238,-0.664824052530682,0.05647441792655605,,,,-0.02491103202846978,-0.027914278507571
A01,223,1,Left_Hand,0.3722604232798707,0.20690539014595624,0.4360036892796299,0.21838236573771994,0.09092084992560882,-0.18260030372767944,0.28133957335426185,0.38950569387363565,0.1081661205193738,0.28133957335426185,0.38950569387363565,0.1081661205193738,-0.02491103202846978,-0.027914278507571
A01,224,2,Right_Hand,0.05931441717557581,0.2581908804506958,0.8566776591341535,1.3292933097209445,1.0777515252098633,2.025195362591075,-1.0184371080342876,-1.7670044821403792,-0.7485673741060916,1.0184371080342876,1.7670044821403792,0.7485673741060916,-0.02491103202846978,-0.027914278507571
A01,225,3,Feet,0.2912669446013667,-0.04271058980701767,0.2999539537968813,0.012966801713743786,0.12667293168560412,-0.1193204118560498,0.1645940129157626,0.07660982204903213,-0.08798419086673046,,,,-0.02491103202846978,-0.027914278507571
A01,226,3,Feet,0.9164375270540278,1.7806838646584517,0.6053262895411414,0.6787159729557912,0.9059080638137669,0.9175482616087643,0.010529463240260939,0.8631356030496874,0.8526061398094265,,,,-0.02491103202846978,-0.027914278507571
A01,227,4,Tongue,-0.4025936709721442,-0.6365001842584512,-0.15454163571674856,-0.4321563485168555,0.06938718451430528,-0.27345875702971795,-0.4719808554864495,-0.3630414272287333,0.10893942825771624,,,,-0.02491103202846978,-0.027914278507571
A01,228,1,Left_Hand,-0.5475395468051333,-0.7453949045592766,-0.37438046899246463,-0.5110512042871694,-0.3042587590500766,-0.2445030809600298,-0.24328078775505668,-0.5008918235992468,-0.2576110358441901,-0.24328078775505668,-0.5008918235992468,-0.2576110358441901,-0.02491103202846978,-0.027914278507571
A01,229,2,Right_Hand,-0.47170454568064535,-0.2136166815523363,-0.030880477836744257,0.5202244767200164,0.20072521440147142,1.0504235127897639,-0.6724297600821167,-1.2640401943421002,-0.5916104342599835,0.6724297600821167,1.2640401943421002,0.5916104342599835,-0.02491103202846978,-0.027914278507571
A01,230,4,Tongue,-0.05714170839749621,-0.11703210547701133,0.542928055118323,0.707101246447328,-0.10477640263593029,0.02780820530979154,0.047634694238434076,-0.14484031078680287,-0.19247500502523696,,,,-0.02491103202846978,-0.027914278507571
A01,231,2,Right_Hand,2.947416755303443,1.2070837376061527,3.4545510526085126,1.4762783095819154,4.517773299866252,3.505374889760126,-1.570356544562809,-2.298291152153973,-0.7279346075911639,1.570356544562809,2.298291152153973,0.7279346075911639,-0.02491103202846978,-0.027914278507571
A01,232,3,Feet,-0.40542199252207184,-0.37259678672971713,-0.5425469425261167,-0.5538565982843905,-0.5081006699579278,-0.41885940141984834,0.10267867743585596,0.04626261469013121,-0.05641606274572475,,,,-0.02491103202846978,-0.027914278507571
A01,233,3,Feet,0.5496400237005974,0.12958012812079078,0.2847801920496823,-0.16301694982320317,0.6268835292787766,0.2791372488390433,-0.07724350557817916,-0.1495571207182525,-0.07231361514007334,,,,-0.02491103202846978,-0.027914278507571
A01,234,1,Left_Hand,-0.1155236737653192,-0.3610732255195702,0.010296012609116499,-0.2633213350945232,0.14529731061734766,0.24930188087264915,-0.2608209843826669,-0.6103751063922194,-0.3495541220095525,-0.2608209843826669,-0.6103751063922194,-0.3495541220095525,-0.02491103202846978,-0.027914278507571
A01,235,4,Tongue,-0.022733837186527616,-0.24126795443484672,-0.03514226535000925,-0.2961834762268409,-0.10134077804220938,-0.425968681192861,0.07860694085568176,0.1847007267580143,0.10609378590233254,,,,-0.02491103202846978,-0.027914278507571
A01,236,2,Right_Hand,-0.34855873692924316,-0.7059928807378019,-0.3790406707796472,-0.8033114229153488,0.06562240383366293,-0.48603333201041404,-0.4141811407629061,-0.21995954872738782,0.19422159203551825,0.4141811407629061,0.21995954872738782,-0.19422159203551825,-0.02491103202846978,-0.027914278507571
A01,237,4,Tongue,-0.004282414221509767,-0.16404837396247668,0.16406930121526944,-0.1026657052083363,-0.1285400037592029,-0.09840187632441842,0.12425758953769314,-0.06564649763805826,-0.1899040871757514,,,,-0.02491103202846978,-0.027914278507571
A01,238,1,Left_Hand,0.34995726625105555,0.40436706488539176,-0.00886367494147703,-0.08731861546243574,0.005650609738763766,-0.0505199965716862,0.3443066565122918,0.45488706145707797,0.11058040494478616,0.3443066565122918,0.45488706145707797,0.11058040494478616,-0.02491103202846978,-0.027914278507571
A01,239,1,Left_Hand,0.1501279031704658,-0.08111587795067687,0.06594118031910771,-0.29768606664380026,0.307165799206091,-0.17599993359652108,-0.1570378960356252,0.0948840556458442,0.2519219516814694,-0.1570378960356252,0.0948840556458442,0.2519219516814694,-0.02491103202846978,-0.027914278507571
A01,240,3,Feet,-0.13852327286256957,-0.27115412797061733,-0.2916622468050575,-0.5695774171605116,-0.2952373860928957,-0.5044433160836395,0.1567141132303261,0.23328918811302213,0.07657507488269602,,,,-0.02491103202846978,-0.027914278507571
A01,241,3,Feet,-0.10908039637091181,-0.4748365348792185,-0.4140727755830115,-0.5305187030139691,-0.2902906185914053,-0.5346516036621356,0.1812102222204935,0.05981506878291709,-0.1213951534375764,,,,-0.02491103202846978,-0.027914278507571
A01,242,2,Right_Hand,-0.20505086508605744,-0.6191678516774528,-0.0786672986941001,-0.6927407123904805,-0.23758397477803425,-0.6630972891530494,0.032533109691976814,0.04392943747559663,0.01139632778361982,-0.032533109691976814,-0.04392943747559663,-0.01139632778361982,-0.02491103202846978,-0.027914278507571
A01,243,4,Tongue,1.0558388870365203,2.1940698773151084,1.2869420212772107,3.344876174089844,-0.012758272613480226,0.7584706395411218,1.0685971596500006,1.4355992377739866,0.367002078123986,,,,-0.02491103202846978,-0.027914278507571
A01,244,2,Right_Hand,-0.4703002706249086,-0.06655051588529881,-0.3947649757217218,0.2987445238977185,-0.3408719608894006,0.263767620412594,-0.129428309735508,-0.3303181362978928,-0.2008898265623848,0.129428309735508,0.3303181362978928,0.2008898265623848,-0.02491103202846978,-0.027914278507571
A01,245,2,Right_Hand,-0.48187851053672043,-0.3511266826275053,-0.5655100706860161,-0.3958093363582914,-0.5946846421198934,-0.4695463952783496,0.11280613158317293,0.11841971265084433,0.005613581067671403,-0.11280613158317293,-0.11841971265084433,-0.005613581067671403,-0.02491103202846978,-0.027914278507571
A01,246,1,Left_Hand,0.7399102792212212,2.0234249791139023,0.2217685760766575,1.332446608179561,0.07824663371605176,0.44292136417272415,0.6616636455051694,1.5805036149411782,0.9188399694360088,0.6616636455051694,1.5805036149411782,0.9188399694360088,-0.02491103202846978,-0.027914278507571
A01,247,2,Right_Hand,-0.2561505137484669,-0.5196333753313344,-0.4426832375832591,-0.7040711462838616,-0.6614041219024037,-0.8264773964019458,0.4052536081539368,0.3068440210706115,-0.09840958708332531,-0.4052536081539368,-0.3068440210706115,0.09840958708332531,-0.02491103202846978,-0.027914278507571
A01,248,4,Tongue,0.4841095634549072,0.6086415640209809,-0.12315674507517037,0.0074568428407686205,0.015761179130545065,0.10263891725244047,0.4683483843243621,0.5060026467685405,0.037654262444178355,,,,-0.02491103202846978,-0.027914278507571
A01,249,4,Tongue,0.561937927904826,0.13123804440523587,0.5656301008430056,0.040405732109283075,0.7234881687990204,-0.17602083362758247,-0.16155024089419445,0.30725887803281837,0.4688091189270128,,,,-0.02491103202846978,-0.027914278507571
A01,250,2,Right_Hand,0.6812959810824023,0.2255268832796356,0.8911987935231512,0.28187851274214915,0.7202172878064678,0.08737842504251503,-0.03892130672406546,0.13814845823712057,0.17706976496118604,0.03892130672406546,-0.13814845823712057,-0.17706976496118604,-0.02491103202846978,-0.027914278507571
A01,251,2,Right_Hand,1.1510052071038546,0.9456519257913156,0.9833968258633446,0.5011874670476822,0.6342160770015658,0.32059724669971196,0.5167891301022888,0.6250546790916036,0.10826554898931484,-0.5167891301022888,-0.6250546790916036,-0.10826554898931484,-0.02491103202846978,-0.027914278507571
A01,252,2,Right_Hand,0.7002999049221138,0.28603198021302906,0.0451177202507789,-0.21252334314433796,-0.020530754802789028,-0.09108937852181438,0.7208306597249028,0.3771213587348434,-0.34370930099005936,-0.7208306597249028,-0.3771213587348434,0.34370930099005936,-0.02491103202846978,-0.027914278507571
A01,253,2,Right_Hand,-0.4187776548474141,-0.19537676403019347,-0.35645317767000984,0.035687490374544543,-0.3486228061181034,-0.12633547213386492,-0.07015484872931066,-0.06904129189632854,0.0011135568329821155,0.07015484872931066,0.06904129189632854,-0.0011135568329821155,-0.02491103202846978,-0.027914278507571
A01,254,4,Tongue,0.06919536123752262,-0.2440705240399053,0.21125132934854945,-0.016995163898898644,0.14613096285639535,0.3467847998969643,-0.07693560161887272,-0.5908553239368697,-0.513919722317997,,,,-0.02491103202846978,-0.027914278507571
A01,255,4,Tongue,-0.28984191744251653,0.1301572047567452,-0.39325972274644916,0.17633922117208062,-0.27319581663933806,0.05379544254455222,-0.016646100803178465,0.07636176221219297,0.09300786301537144,,,,-0.02491103202846978,-0.027914278507571
A01,256,3,Feet,-0.1426242229678336,0.06292567495549173,0.30326384369476234,0.6562374456234167,-0.029174620200963987,-0.013436553107571267,-0.11344960276686963,0.07636222806306299,0.18981183082993264,,,,-0.02491103202846978,-0.027914278507571
A01,257,4,Tongue,0.7266396853630434,0.2511051701997912,1.27062913494895,0.5592457878908204,0.6378577602221961,0.19625009259430745,0.08878192514084726,0.05485507760548372,-0.03392684753536354,,,,-0.02491103202846978,-0.027914278507571
A01,258,1,Left_Hand,-0.3615888723360157,-0.627535148567489,0.11505018920908416,-0.3360877463166094,-0.1561797104971176,-0.47089681420342006,-0.20540916183889812,-0.156638334364069,0.04877082747482914,-0.20540916183889812,-0.156638334364069,0.04877082747482914,-0.02491103202846978,-0.027914278507571
A01,259,2,Right_Hand,0.05640050598636651,-0.3462711167010975,0.06030743123769096,-0.35064958089501935,0.06993648812486801,-0.18424651484750004,-0.013535982138501497,-0.16202460185359746,-0.14848861971509597,0.013535982138501497,0.16202460185359746,0.14848861971509597,-0.02491103202846978,-0.027914278507571
A01,260,3,Feet,-0.32289312246285345,-0.42983201778109786,-0.5415671142562904,-0.5163695215513227,-0.1982797255113047,-0.11302914667635959,-0.12461339695154874,-0.31680287110473826,-0.19218947415318952,,,,-0.02491103202846978,-0.027914278507571
A01,261,2,Right_Hand,-0.376938396917646,-0.5056942208248004,-0.4614088257959781,-0.6376544338053812,-0.3169042584261616,-0.36860382841845674,-0.06003413849148442,-0.1370903924063437,-0.07705625391485926,0.06003413849148442,0.1370903924063437,0.07705625391485926,-0.02491103202846978,-0.027914278507571
A01,262,1,Left_Hand,0.9122457716226792,0.5863315849016143,0.5753699518006314,0.4741258165158726,0.13497939228774752,0.005913181362414741,0.7772663793349317,0.5804184035391996,-0.1968479757957321,0.7772663793349317,0.5804184035391996,-0.1968479757957321,-0.02491103202846978,-0.027914278507571
A01,263,4,Tongue,-0.3166459408015343,-0.29768837181016083,-0.36828155732130335,-0.42995859130559694,-0.09843901482846859,-0.3154989533997466,-0.2182069259730657,0.01781058158958576,0.23601750756265147,,,,-0.02491103202846978,-0.027914278507571
A01,264,1,Left_Hand,0.02588455233160004,-0.4542086552249626,0.2795992272223432,-0.4738519969760599,0.09365295078066713,-0.5535971988895398,-0.06776839844906708,0.09938854366457722,0.1671569421136443,-0.06776839844906708,0.09938854366457722,0.1671569421136443,-0.02491103202846978,-0.027914278507571
A01,265,4,Tongue,0.2779414939131561,0.4769796529855427,1.4781780396520496,2.0481952043403155,0.7217268645880093,0.4427600069735266,-0.4437853706748532,0.0342196460120161,0.4780050166868693,,,,-0.02491103202846978,-0.027914278507571
A01,266,1,Left_Hand,3.4409494196126245,4.472045048051624,2.6378999472361824,4.785642125048409,1.1645946052807965,2.277213530684751,2.276354814331828,2.1948315173668727,-0.08152329696495553,2.276354814331828,2.1948315173668727,-0.08152329696495553,-0.02491103202846978,-0.027914278507571
A01,267,1,Left_Hand,0.13557270998914306,0.18165779169254476,0.13603422635100834,0.08134736646340247,0.4984559171204512,0.6969226494906049,-0.3628832071313081,-0.5152648577980601,-0.15238165066675197,-0.3628832071313081,-0.5152648577980601,-0.15238165066675197,-0.02491103202846978,-0.027914278507571
A01,268,1,Left_Hand,-0.03890253068067384,0.6041234644173943,-0.4389201743821508,0.23218448816263,-0.3164582513640678,0.17166246973639088,0.27755572068339396,0.4324609946810034,0.15490527399760945,0.27755572068339396,0.4324609946810034,0.15490527399760945,-0.02491103202846978,-0.027914278507571
A01,269,1,Left_Hand,-0.6105983169496114,-0.833900719869018,-0.48024646915714975,-0.6857299213267682,-0.19723372850038035,-0.557362693150097,-0.4133645884492311,-0.276538026718921,0.13682656173031005,-0.4133645884492311,-0.276538026718921,0.13682656173031005,-0.02491103202846978,-0.027914278507571
A01,270,3,Feet,0.2650636876997153,0.028196522598916154,-0.08512614838017078,-0.3947934058318306,-0.1748215026196789,-0.4299533083667761,0.4398851903193942,0.45814983096569223,0.018264640646298014,,,,-0.02491103202846978,-0.027914278507571
A01,271,3,Feet,0.8566327889373048,0.5168808899070922,0.2773635322364471,-0.20777730785800805,0.6535741676170309,0.28086075658346277,0.20305862132027386,0.23602013332362948,0.03296151200335562,,,,-0.02491103202846978,-0.027914278507571
A01,272,4,Tongue,-0.23395571595962264,0.042264523380508234,-0.46616100068507893,-0.0761452058437517,-0.5997817432430478,-0.10687792500367144,0.36582602728342517,0.14914244838417967,-0.2166835788992455,,,,-0.02491103202846978,-0.027914278507571
A01,273,2,Right_Hand,0.3311355856868781,0.035700287037303095,0.219663651938284,0.6876126384862162,0.23989176563774958,0.4999594393927336,0.09124382004912854,-0.46425915235543047,-0.555502972404559,-0.09124382004912854,0.46425915235543047,0.555502972404559,-0.02491103202846978,-0.027914278507571
A01,274,3,Feet,-0.2035880001795615,-0.36979310867204335,-0.18611859682202095,-0.3310611390808677,-0.36138687217887233,-0.4424571216988667,0.15779887199931084,0.07266401302682335,-0.08513485897248749,,,,-0.02491103202846978,-0.027914278507571
A01,275,3,Feet,-0.3311434478724822,-0.3445297075115855,-0.35829344258028084,-0.48577980856993697,0.13467447704949748,0.3591459048616774,-0.46581792492197965,-0.7036756123732629,-0.23785768745128327,,,,-0.02491103202846978,-0.027914278507571
A01,276,3,Feet,0.16637522011075612,-0.3872972649665979,1.034287335075427,0.14132078105919163,0.7514961132840778,-0.04513216650184197,-0.5851208931733217,-0.3421650984647559,0.24295579470856582,,,,-0.02491103202846978,-0.027914278507571
A01,277,4,Tongue,-0.16979557738716844,-0.39826319755466455,-0.5299683311453393,-0.6186549848101057,-0.7729339839113966,-0.6373750807845071,0.6031384065242281,0.23911188322984256,-0.36402652329438556,,,,-0.02491103202846978,-0.027914278507571
A01,278,3,Feet,0.00030335723753544035,0.26099184959370214,-0.5084804861676426,-0.4692135923681804,-0.6472452693939361,-0.5872429947577804,0.6475486266314716,0.8482348443514826,0.20068621772001094,,,,-0.02491103202846978,-0.027914278507571
A01,279,1,Left_Hand,1.108205949359321,1.822785984780827,0.7062457300882952,1.1306901371063978,0.08400037901257269,0.572186130698804,1.0242055703467483,1.2505998540820231,0.22639428373527481,1.0242055703467483,1.2505998540820231,0.22639428373527481,-0.02491103202846978,-0.027914278507571
A01,280,3,Feet,-0.7519265734306553,-0.5948291122421394,-0.38233698182455245,-0.2603073643651252,0.6325974996744025,0.24662193876386496,-1.3845240731050579,-0.8414510510060044,0.5430730220990535,,,,-0.02491103202846978,-0.027914278507571
A02,0,1,Left_Hand,-0.030785388482915076,-0.4519518944960936,-0.3671484421765933,-0.6703053193417112,-0.13072134856700282,-0.474118027409957,0.09993596008408774,0.022166132913863434,-0.0777698271702243,0.09993596008408774,0.022166132913863434,-0.0777698271702243,-0.03886925795052998,-0.02708237236913913
A02,1,2,Right_Hand,-0.4735226640557649,-0.4289297807646864,-0.3324498565730418,-0.22144231022665617,-0.41114271290055554,-0.10311438764973911,-0.062379951155209334,-0.3258153931149473,-0.26343544195973795,0.062379951155209334,0.3258153931149473,0.26343544195973795,-0.03886925795052998,-0.02708237236913913
A02,2,2,Right_Hand,-0.33131973122797387,-0.4420657635519614,-0.15636902807277092,-0.3162865380642882,-0.21348872578133313,-0.4476910820748292,-0.11783100544664074,0.005625318522867795,0.12345632396950854,0.11783100544664074,-0.005625318522867795,-0.12345632396950854,-0.03886925795052998,-0.02708237236913913
A02,3,1,Left_Hand,-0.21078674604884462,0.17715585662564717,-0.35416446230067444,-0.33517648539787015,-0.4352709974274905,-0.5799631761534578,0.22448425137864586,0.757119032779105,0.5326347814004591,0.22448425137864586,0.757119032779105,0.5326347814004591,-0.03886925795052998,-0.02708237236913913
A02,4,2,Right_Hand,0.43461879870187936,0.30975871533065674,0.4026490323094517,0.04373815525657777,0.23671797673485565,0.4286226863227074,0.19790082196702372,-0.11886397099205065,-0.31676479295907434,-0.19790082196702372,0.11886397099205065,0.31676479295907434,-0.03886925795052998,-0.02708237236913913
A02,5,1,Left_Hand,0.484284521945565,0.7512934738407843,1.0045740387305762,0.9964289188958114,0.366152499640304,0.2856490473349896,0.11813202230526099,0.4656444265057947,0.3475124042005337,0.11813202230526099,0.4656444265057947,0.3475124042005337,-0.03886925795052998,-0.02708237236913913
A02,6,2,Right_Hand,-0.4372225819818244,-0.724543126176276,-0.3753195098736394,-0.7359749666678244,-0.2711397387196265,-0.663713898371623,-0.1660828432621979,-0.06082922780465305,0.10525361545754486,0.1660828432621979,0.06082922780465305,-0.10525361545754486,-0.03886925795052998,-0.02708237236913913
A02,7,3,Feet,-0.10921427649525156,-0.31375017089058366,0.6474068388889035,0.7499687466098512,0.3299017701279958,0.33709431306126697,-0.4391160466232474,-0.6508444839518506,-0.2117284373286032,,,,-0.03886925795052998,-0.02708237236913913
A02,8,2,Right_Hand,0.22318504459934194,0.011765400362075979,0.08282911550874006,-0.08602466577658635,1.1497259433799107,1.6323530263641353,-0.9265408987805688,-1.6205876260020593,-0.6940467272214905,0.9265408987805688,1.6205876260020593,0.6940467272214905,-0.03886925795052998,-0.02708237236913913
A02,9,4,Tongue,-0.39294804251445664,-0.3952790621917436,-0.5919096869754664,-0.5290776788359893,-0.3746496945511287,-0.5786944373334245,-0.018298347963327966,0.18341537514168094,0.2017137231050089,,,,-0.03886925795052998,-0.02708237236913913
A02,10,1,Left_Hand,0.6915725316893505,0.2363810018345638,0.41169028458012025,-0.024197291575754978,-0.09570790354432336,-0.4247990920797789,0.7872804352336739,0.6611800939143426,-0.12610034131933123,0.7872804352336739,0.6611800939143426,-0.12610034131933123,-0.03886925795052998,-0.02708237236913913
A02,11,3,Feet,-0.49244182197592123,-0.7133253146932625,-0.5064213511021501,-0.7768729899712437,-0.3410308061073959,-0.5449932875282967,-0.15141101586852534,-0.16833202716496587,-0.016921011296440525,,,,-0.03886925795052998,-0.02708237236913913
A02,12,2,Right_Hand,1.1475913010819867,0.749891790089748,0.9758745863348465,0.7338537626967504,0.5844194905014707,-0.033933431923312864,0.563171810580516,0.7838252220130609,0.2206534114325449,-0.563171810580516,-0.7838252220130609,-0.2206534114325449,-0.03886925795052998,-0.02708237236913913
A02,13,1,Left_Hand,-0.16135562473352516,-0.39465747621755803,-0.2690288578019637,-0.5569649393264183,0.009786826324064326,-0.18276878971952082,-0.1711424510575895,-0.21188868649803722,-0.040746235440447726,-0.1711424510575895,-0.21188868649803722,-0.040746235440447726,-0.03886925795052998,-0.02708237236913913
A02,14,4,Tongue,-0.1528849957927068,0.09816438221466663,-0.10837128055240677,0.2308368847236515,-0.36584172616001254,-0.2219357727517655,0.21295673036730572,0.3201001549664321,0.1071434245991264,,,,-0.03886925795052998,-0.02708237236913913
A02,15,4,Tongue,1.4921492162521692,0.5420401708994881,0.7723797517266284,0.05991932577007263,0.42956073230705016,-0.2789186214971322,1.062588483945119,0.8209587923966203,-0.24162969154849867,,,,-0.03886925795052998,-0.02708237236913913
A02,16,4,Tongue,-0.6120603052603293,-0.6574990621705734,-0.7169402082528028,-0.7773331978190954,-0.5559955236799752,-0.6313636913588114,-0.056064781580354106,-0.026135370811761982,0.029929410768592124,,,,-0.03886925795052998,-0.02708237236913913
A02,17,4,Tongue,-0.3551372658936279,-0.3215924614583536,-0.43561802145612283,-0.5794322151634523,-0.28124216718112516,-0.44828028231958267,-0.07389509871250272,0.1266878208612291,0.2005829195737318,,,,-0.03886925795052998,-0.02708237236913913
A02,18,4,Tongue,-0.038308722666603144,0.1515957737249592,0.1443624864106955,0.3680503142631975,0.03620253253267729,0.19026890573368793,-0.07451125519928042,-0.03867313200872874,0.035838123190551685,,,,-0.03886925795052998,-0.02708237236913913
A02,19,1,Left_Hand,1.922957165364673,1.3162076122035598,1.385061103381449,0.8830167818871969,0.937229813812527,0.6406948410108864,0.9857273515521461,0.6755127711926734,-0.3102145803594727,0.9857273515521461,0.6755127711926734,-0.3102145803594727,-0.03886925795052998,-0.02708237236913913
A02,20,3,Feet,-0.2430665967818676,-0.1402512854829418,-0.05659062981700967,0.0842393220373206,-0.46618907632737594,-0.41004289430664204,0.22312247954550835,0.26979160882370024,0.04666912927819189,,,,-0.03886925795052998,-0.02708237236913913
A02,21,2,Right_Hand,0.5816467069730252,0.5981984815802236,0.9758040457245832,1.2473034713744742,0.4649030866999838,1.001363507749376,0.11674362027304142,-0.4031650261691525,-0.5199086464421939,-0.11674362027304142,0.4031650261691525,0.5199086464421939,-0.03886925795052998,-0.02708237236913913
A02,22,1,Left_Hand,0.3488864654279093,0.25611999617822,-0.27564507056271376,-0.0988897691926293,0.07669501606386608,-0.3400399587617383,0.2721914493640432,0.5961599549399583,0.3239685055759151,0.2721914493640432,0.5961599549399583,0.3239685055759151,-0.03886925795052998,-0.02708237236913913
A02,23,1,Left_Hand,2.3423349381364345,2.095480051477747,1.2227994989355222,0.6172682901575627,3.906041257155679,3.098884782999264,-1.5637063190192446,-1.0034047315215169,0.5603015874977277,-1.5637063190192446,-1.0034047315215169,0.5603015874977277,-0.03886925795052998,-0.02708237236913913
A02,24,3,Feet,1.5526074078258383,1.46799099583625,1.6376896292834333,1.663304177437204,1.0971751476658114,0.953118040763644,0.4554322601600269,0.514872955072606,0.059440694912579084,,,,-0.03886925795052998,-0.02708237236913913
A02,25,4,Tongue,-0.057392939387452845,-0.3660814489359676,1.6344255333623932,2.179948950654156,0.2757738225487344,-0.012707506460458776,-0.3331667619361872,-0.35337394247550885,-0.020207180539321634,,,,-0.03886925795052998,-0.02708237236913913
A02,26,1,Left_Hand,1.966228836475983,2.7441929148089534,2.3710769919090993,2.520609507684531,1.3903576833053848,1.387768366044084,0.5758711531705982,1.3564245487648694,0.7805533955942712,0.5758711531705982,1.3564245487648694,0.7805533955942712,-0.03886925795052998,-0.02708237236913913
A02,27,3,Feet,0.05821260593543999,-0.1654304088041816,-0.08989672103986815,-0.18544552859330962,-0.18457760492595268,0.023305697481368334,0.24279021086139269,-0.18873610628554993,-0.4315263171469426,,,,-0.03886925795052998,-0.02708237236913913
A02,28,3,Feet,-0.3589089822378605,-0.6553582134050125,0.02992914220865045,-0.20372064762051525,0.22991166924892467,-0.23351916232208128,-0.5888206514867852,-0.4218390510829313,0.1669816004038539,,,,-0.03886925795052998,-0.02708237236913913
A02,29,3,Feet,-0.27203751483541505,-0.4163178816308942,0.06940842584277326,0.976281308522129,-0.14078503040948134,0.2917332233246743,-0.1312524844259337,-0.7080511049555684,-0.5767986205296347,,,,-0.03886925795052998,-0.02708237236913913
A02,30,1,Left_Hand,-0.372046091350021,-0.3429160110242601,-0.40265143129799247,-0.4875238623790541,-0.5248523025843117,-0.6356939541138952,0.15280621123429072,0.29277794308963506,0.13997173185534434,0.15280621123429072,0.29277794308963506,0.13997173185534434,-0.03886925795052998,-0.02708237236913913
A02,31,2,Right_Hand,0.014484310538385135,-0.3270620642048472,0.0703555718315319,-0.2027257543160322,-0.07562423265947935,-0.04266735578758408,0.09010854319786449,-0.2843947084172631,-0.3745032516151276,-0.09010854319786449,0.2843947084172631,0.3745032516151276,-0.03886925795052998,-0.02708237236913913
A02,32,1,Left_Hand,1.39004352774968,2.23150729567504,0.5474897880779654,0.48932919308077044,0.3077073057533283,0.4234786378055125,1.0823362219963517,1.8080286578695277,0.725692435873176,1.0823362219963517,1.8080286578695277,0.725692435873176,-0.03886925795052998,-0.02708237236913913
A02,33,2,Right_Hand,-0.38944453593244477,-0.2224405581839295,-0.4190300270165255,-0.45229838517808624,-0.18866501558194163,-0.011127085886529914,-0.20077952035050314,-0.21131347229739958,-0.010533951946896436,0.20077952035050314,0.21131347229739958,0.010533951946896436,-0.03886925795052998,-0.02708237236913913
A02,34,1,Left_Hand,-0.3184580816732241,0.010483699964192801,-0.10189909437697443,0.34702399373327736,-0.12840673515261578,0.45647380812060445,-0.19005134652060832,-0.44599010815641166,-0.2559387616358033,-0.19005134652060832,-0.44599010815641166,-0.2559387616358033,-0.03886925795052998,-0.02708237236913913
A02,35,2,Right_Hand,-0.18528643119431412,0.418941959183554,-0.267556935561883,0.17538026899476417,-0.2968229438821659,-0.46892054710971215,0.11153651268785178,0.8878625062932661,0.7763259936054143,-0.11153651268785178,-0.8878625062932661,-0.7763259936054143,-0.03886925795052998,-0.02708237236913913
A02,36,2,Right_Hand,-0.19737940482395022,-0.17886146919110787,-0.18606210927172395,-0.43512175976515777,0.31423115611788144,-0.039372821359115656,-0.5116105609418317,-0.13948864783199222,0.37212191310983944,0.5116105609418317,0.13948864783199222,-0.37212191310983944,-0.03886925795052998,-0.02708237236913913
A02,37,3,Feet,1.2175277118191776,1.4529275470517222,0.3401009285917678,0.7580572823837675,0.3591517270991657,1.7729025451953508,0.8583759847200119,-0.3199749981436286,-1.1783509828636405,,,,-0.03886925795052998,-0.02708237236913913
A02,38,3,Feet,0.540255704775396,0.34239335796882175,1.804004636095135,2.5698214143048057,-0.013639107871222203,-0.4003053397445595,0.5538948126466182,0.7426986977133813,0.18880388506676304,,,,-0.03886925795052998,-0.02708237236913913
A02,39,4,Tongue,-0.4092303846167128,-0.6321305763763108,-0.17051115313960175,-0.16535281652091266,-0.38655336673879476,-0.36027610687511985,-0.022677017877918038,-0.2718544695011909,-0.24917745162327287,,,,-0.03886925795052998,-0.02708237236913913
A02,40,3,Feet,6.4897847031471185,3.5387492466489903,7.80079287153662,5.436017137795554,2.672289045166204,1.571784292847775,3.8174956579809147,1.9669649538012153,-1.8505307041796994,,,,-0.03886925795052998,-0.02708237236913913
A02,41,3,Feet,1.3259664771990916,0.6719222213734825,1.6981647949358465,1.3813245303069341,0.8785258704542843,0.31523693106419864,0.44744060674480723,0.3566852903092838,-0.09075531643552343,,,,-0.03886925795052998,-0.02708237236913913
A02,42,4,Tongue,-0.35614124417625964,0.04373684804853786,-0.44651333902820217,-0.1661540741450011,-0.1396627962078778,0.4430698146160364,-0.21647844796838184,-0.3993329665674985,-0.18285451859911667,,,,-0.03886925795052998,-0.02708237236913913
A02,43,4,Tongue,-0.5057301545276492,0.2563128499226345,-0.6312970974618893,-0.36384958826882474,-0.6369594239126932,-0.25901737311149425,0.13122926938504398,0.5153302230341288,0.3841009536490848,,,,-0.03886925795052998,-0.02708237236913913
A02,44,4,Tongue,-0.1020665009714891,0.25599252979171894,0.010056508395577375,-0.03675950234440783,-0.3212691725926198,-0.45280438790417626,0.21920267162113066,0.7087969176958953,0.4895942460747646,,,,-0.03886925795052998,-0.02708237236913913
A02,45,4,Tongue,-0.13978032659834413,-0.29077725133929455,-0.1590467744086344,-0.45386313705214437,0.21609698146680448,-0.2283736486657313,-0.3558773080651486,-0.06240360267356326,0.29347370539158535,,,,-0.03886925795052998,-0.02708237236913913
A02,46,4,Tongue,-0.012229586955326605,-0.17774667635643707,0.19735682937265325,0.1270338410893,0.10927557716285793,0.0543727638545381,-0.12150516411818454,-0.23211944021097516,-0.11061427609279062,,,,-0.03886925795052998,-0.02708237236913913
A02,47,2,Right_Hand,-0.5499348796502241,-0.5806122856834044,-0.4263958953002813,-0.3323244616599254,-0.4612431709218104,-0.4730036447124854,-0.08869170872841375,-0.10760864097091899,-0.018916932242505236,0.08869170872841375,0.10760864097091899,0.018916932242505236,-0.03886925795052998,-0.02708237236913913
A02,48,1,Left_Hand,-0.6943747020125278,-0.6954089939814745,-0.7061206896049378,-0.7467767613093224,-0.7193219440463812,-0.7637268427862183,0.024947242033853345,0.06831784880474379,0.04337060677089044,0.024947242033853345,0.06831784880474379,0.04337060677089044,-0.03886925795052998,-0.02708237236913913
A02,49,1,Left_Hand,0.04428165098353872,0.08785144404981422,0.16061268068830314,0.3413341903579912,0.36227973769129107,0.9353283008959977,-0.31799808670775237,-0.8474768568461835,-0.5294787701384311,-0.31799808670775237,-0.8474768568461835,-0.5294787701384311,-0.03886925795052998,-0.02708237236913913
A02,50,2,Right_Hand,2.4812275356049924,2.0753210704231244,2.706139105990112,2.093026180625754,2.483670090925809,1.8425775716120414,-0.0024425553208167194,0.23274349881108303,0.23518605413189975,0.0024425553208167194,-0.23274349881108303,-0.23518605413189975,-0.03886925795052998,-0.02708237236913913
A02,51,3,Feet,-0.19559016802806567,0.07838823078701625,-0.063687579873001,0.6287379409539693,-0.2184004640687659,0.12260151797787346,0.02281029604070023,-0.04421328719085721,-0.06702358323155744,,,,-0.03886925795052998,-0.02708237236913913
A02,52,4,Tongue,-0.2862489710319086,-0.0959111587888288,-0.43109520227312365,-0.2663098533345868,-0.36390585334643855,-0.14950095720759893,0.07765688231452994,0.053589798418770124,-0.024067083895759817,,,,-0.03886925795052998,-0.02708237236913913
A02,53,2,Right_Hand,-0.0736488254661593,-0.10329805692922596,-0.17285907991162017,-0.28094307802141427,-0.307359301401329,-0.5015192808234453,0.2337104759351697,0.3982212238942194,0.16451074795904969,-0.2337104759351697,-0.3982212238942194,-0.16451074795904969,-0.03886925795052998,-0.02708237236913913
A02,54,3,Feet,1.526211968194154,1.0802077277998978,1.9162158561288,1.6227201686229933,1.900481000484068,1.3376786546790491,-0.37426903228991404,-0.2574709268791513,0.11679810541076274,,,,-0.03886925795052998,-0.02708237236913913
A02,55,1,Left_Hand,0.7214409283401917,0.751523892243456,0.42892977211922845,0.20760598585610548,0.13118583335055325,-0.24704286281600066,0.5902550949896385,0.9985667550594566,0.4083116600698181,0.5902550949896385,0.9985667550594566,0.4083116600698181,-0.03886925795052998,-0.02708237236913913
A02,56,1,Left_Hand,-0.22472827793138545,-0.40265808027611943,-0.23729863739171234,-0.4939127903359332,-0.09315894336521756,-0.20703651274835544,-0.13156933456616787,-0.195621567527764,-0.06405223296159612,-0.13156933456616787,-0.195621567527764,-0.06405223296159612,-0.03886925795052998,-0.02708237236913913
A02,57,1,Left_Hand,1.0918260904031993,0.7018458008455534,1.227790969150034,0.7822118291239876,1.0799308997170967,0.4598638683126981,0.011895190686102675,0.24198193253285527,0.2300867418467526,0.011895190686102675,0.24198193253285527,0.2300867418467526,-0.03886925795052998,-0.02708237236913913
A02,58,4,Tongue,0.32104973044336527,0.31987762051365426,0.25275742927541933,0.12851098923932755,0.2614606409379745,0.19302982856052692,0.05958908950539077,0.12684779195312734,0.06725870244773657,,,,-0.03886925795052998,-0.02708237236913913
A02,59,2,Right_Hand,-0.4503398456106994,-0.3668397419581676,-0.3850294057818627,-0.18134574868956763,-0.4311727691091354,-0.23561402210608776,-0.019167076501564018,-0.13122571985207984,-0.11205864335051582,0.019167076501564018,0.13122571985207984,0.11205864335051582,-0.03886925795052998,-0.02708237236913913
A02,60,2,Right_Hand,-0.7070773100989709,-0.6149477561688199,-0.6865668937521571,-0.5911544844054558,-0.5632518078638391,-0.061725166741386624,-0.1438255022351318,-0.5532225894274333,-0.4093970871923015,0.1438255022351318,0.5532225894274333,0.4093970871923015,-0.03886925795052998,-0.02708237236913913
A02,61,1,Left_Hand,0.4168764093837472,0.6476456233358844,0.5727024761318706,1.0299029882971167,0.17496282643134356,0.4666088035529326,0.24191358295240364,0.18103681978295177,-0.06087676316945187,0.24191358295240364,0.18103681978295177,-0.06087676316945187,-0.03886925795052998,-0.02708237236913913
A02,62,1,Left_Hand,-0.399252109023425,-0.2767269878660835,-0.506566642932059,-0.5246102103365012,-0.6901750223326181,-0.7811904400070301,0.29092291330919307,0.5044634521409466,0.2135405388317535,0.29092291330919307,0.5044634521409466,0.2135405388317535,-0.03886925795052998,-0.02708237236913913
A02,63,3,Feet,-0.20492240045449192,-0.27941974789909346,-0.023829103627623742,0.33004608702620275,-0.0036535823184686896,0.41049687151219133,-0.20126881813602324,-0.6899166194112848,-0.48864780127526153,,,,-0.03886925795052998,-0.02708237236913913
A02,64,1,Left_Hand,0.041875187510794075,0.007515794779115167,0.3112625759147977,0.452752438846554,0.4314701033537561,0.8903454141928395,-0.389594915842962,-0.8828296194137244,-0.4932347035707624,-0.389594915842962,-0.8828296194137244,-0.4932347035707624,-0.03886925795052998,-0.02708237236913913
A02,65,2,Right_Hand,1.1857384614869635,0.8334565357950995,1.392523701804188,1.0850157695319818,1.3583439009168452,1.0076760874565132,-0.1726054394298817,-0.17421955166141367,-0.0016141122315319612,0.1726054394298817,0.17421955166141367,0.0016141122315319612,-0.03886925795052998,-0.02708237236913913
A02,66,4,Tongue,0.9993370552244315,0.27150941214851065,0.6249614066655829,-0.09748853822454803,1.2104471815182793,0.98351790262322,-0.21111012629384784,-0.7120084904747094,-0.5008983641808615,,,,-0.03886925795052998,-0.02708237236913913
A02,67,4,Tongue,0.6099170879700927,0.4166754846487631,0.2914404577714808,-0.17100344375150825,0.41818088174835255,0.06497568154772193,0.19173620622174015,0.35169980310104115,0.159963596879301,,,,-0.03886925795052998,-0.02708237236913913
A02,68,3,Feet,-0.496382227403463,-0.22193652786618176,-0.5297740313454632,0.0840438497831043,-0.5791974788444393,-0.2549926123529,0.08281525144097629,0.033056084486718235,-0.049759166954258055,,,,-0.03886925795052998,-0.02708237236913913
A02,69,1,Left_Hand,-0.46755676107926913,-0.42761573182650997,-0.47536828701435624,-0.41026707746167934,-0.6085845356157703,-0.6399765675748226,0.14102777453650117,0.2123608357483126,0.07133306121181143,0.14102777453650117,0.2123608357483126,0.07133306121181143,-0.03886925795052998,-0.02708237236913913
A02,70,4,Tongue,-0.0509648155155429,-0.4278141667176206,-0.2732612660781545,-0.6589355235573127,0.018950147598712563,-0.26778432652504536,-0.06991496311425546,-0.16002984019257527,-0.0901148770783198,,,,-0.03886925795052998,-0.02708237236913913
A02,71,4,Tongue,0.39096873200780846,0.3219790189884094,0.19217037846672577,-0.06868210253919305,0.18940151094662513,0.13308058636879422,0.20156722106118333,0.1888984326196152,-0.01266878844156813,,,,-0.03886925795052998,-0.02708237236913913
A02,72,2,Right_Hand,1.9692161194001438,0.7349315531305032,1.7887585012245528,0.33829374903983583,2.5014827796304395,0.9995920072664217,-0.5322666602302957,-0.26466045413591854,0.26760620609437713,0.5322666602302957,0.26466045413591854,-0.26760620609437713,-0.03886925795052998,-0.02708237236913913
A02,73,4,Tongue,-0.6504770994666583,-0.630123280940791,-0.6072421554979364,-0.4602606793061029,-0.5716374172884906,-0.415909595628628,-0.07883968217816772,-0.21421368531216295,-0.13537400313399522,,,,-0.03886925795052998,-0.02708237236913913
A02,74,4,Tongue,1.243919023574393,1.0675838624285312,0.7605615886805057,0.5314026796012323,0.3894019803943058,-0.030308575117133967,0.8545170431800873,1.0978924375456651,0.24337539436557787,,,,-0.03886925795052998,-0.02708237236913913
A02,75,2,Right_Hand,0.028217994512425112,0.17448961792062778,-0.04415771530579133,0.05297449126117217,0.047723976072587826,0.11424630030172198,-0.019505981560162713,0.060243317618905806,0.07974929917906852,0.019505981560162713,-0.060243317618905806,-0.07974929917906852,-0.03886925795052998,-0.02708237236913913
A02,76,1,Left_Hand,0.45914302970933013,0.4957597434577419,0.2689253053317746,0.07010012446828327,0.4356892882020401,0.42550040057905536,0.023453741507290016,0.07025934287868651,0.0468056013713965,0.023453741507290016,0.07025934287868651,0.0468056013713965,-0.03886925795052998,-0.02708237236913913
A02,77,2,Right_Hand,0.10353402176536709,0.14193944200863004,0.10167617117353023,0.03842404174830185,0.21131329659449508,0.628293163924904,-0.10777927482912798,-0.4863537219162739,-0.37857444708714594,0.10777927482912798,0.4863537219162739,0.37857444708714594,-0.03886925795052998,-0.02708237236913913
A02,78,3,Feet,-0.14698318031857832,-0.39078575396820375,-0.21338087342229528,-0.557344988095873,0.04330667858787625,-0.17501099749459367,-0.19028985890645456,-0.21577475647361008,-0.025484897567155523,,,,-0.03886925795052998,-0.02708237236913913
A02,79,3,Feet,-0.41716393354749187,-0.1918754632741437,-0.4043310049930541,0.0393549679649082,-0.4342553093263623,-0.14197261081876544,0.017091375778870432,-0.04990285245537826,-0.06699422823424869,,,,-0.03886925795052998,-0.02708237236913913
A02,80,3,Feet,-0.582017993881241,-0.3715361053040505,-0.6882087391060864,-0.6379388052027802,-0.7876042701348763,-0.8655851234147788,0.20558627625363535,0.49404901811072827,0.2884627418570929,,,,-0.03886925795052998,-0.02708237236913913
A02,81,4,Tongue,-0.610228278127055,-0.5857319457595639,-0.47794860166327074,-0.34564940631053004,-0.5341924701046615,-0.46961497849605555,-0.07603580802239351,-0.11611696726350834,-0.04008115924111483,,,,-0.03886925795052998,-0.02708237236913913
A02,82,3,Feet,-0.20265554969846736,0.36433228827345004,-0.18685111009182476,1.0287751667515943,-0.15888615604081568,0.4228022866681844,-0.04376939365765167,-0.05846999839473438,-0.014700604737082706,,,,-0.03886925795052998,-0.02708237236913913
A02,83,1,Left_Hand,-0.5347451587353677,-0.422503851745733,-0.5031637691864109,-0.3898259813561067,-0.3878128137397713,-0.12111033796033327,-0.14693234499559638,-0.30139351378539975,-0.15446116878980337,-0.14693234499559638,-0.30139351378539975,-0.15446116878980337,-0.03886925795052998,-0.02708237236913913
A02,84,4,Tongue,0.34673689784345996,-0.20922983513641688,0.8328503723005035,0.15533768747728097,0.631720627580461,0.049491108281625104,-0.28498372973700103,-0.25872094341804197,0.026262786318959064,,,,-0.03886925795052998,-0.02708237236913913
A02,85,2,Right_Hand,0.12463965018395184,-0.18017951652981226,0.3039412914866275,-0.13866707665968214,0.9175758416581559,0.6251238568652355,-0.792936191474204,-0.8053033733950478,-0.01236718192084374,0.792936191474204,0.8053033733950478,0.01236718192084374,-0.03886925795052998,-0.02708237236913913
A02,86,3,Feet,1.8138721671405336,0.8575554189833424,1.6618238635051774,0.4656745967571531,2.225984886832434,1.0795152650003512,-0.41211271969190055,-0.2219598460170088,0.19015287367489175,,,,-0.03886925795052998,-0.02708237236913913
A02,87,2,Right_Hand,0.6111131863050879,0.41777769176082624,0.541114456685755,0.030949116594077068,0.8183277363852158,0.6049937700968875,-0.2072145500801279,-0.18721607833606124,0.01999847174406666,0.2072145500801279,0.18721607833606124,-0.01999847174406666,-0.03886925795052998,-0.02708237236913913
A02,88,3,Feet,0.09340712559805947,-0.21845338564428257,0.27181288822719524,-0.34448298460985466,0.9045061441273695,0.37767240035170685,-0.8110990185293101,-0.5961257859959894,0.21497323253332068,,,,-0.03886925795052998,-0.02708237236913913
A02,89,4,Tongue,-0.2626640886804703,0.1574651290874556,0.0006650060051555971,1.0201569763908063,-0.3864907402017592,0.10492960922017694,0.12382665152128891,0.05253551986727867,-0.07129113165401024,,,,-0.03886925795052998,-0.02708237236913913
A02,90,2,Right_Hand,-0.3388363741483804,-0.36654310514082766,-0.19975890516042746,-0.014792782344685932,-0.2150836715485985,-0.025757572617491623,-0.12375270259978191,-0.34078553252333604,-0.21703282992355413,0.12375270259978191,0.34078553252333604,0.21703282992355413,-0.03886925795052998,-0.02708237236913913
A02,91,3,Feet,0.818443775083915,0.6487438170978996,1.1586740446442017,0.9466862123438092,1.1364668257120512,0.3768632776236085,-0.3180230506281362,0.27188053947429114,0.5899035901024273,,,,-0.03886925795052998,-0.02708237236913913
A02,92,1,Left_Hand,0.3686744636252021,0.23255119815407513,0.07629416277315361,-0.29576541677690404,0.14903967810027025,-0.007299392188160921,0.21963478552493187,0.23985059034223605,0.020215804817304173,0.21963478552493187,0.23985059034223605,0.020215804817304173,-0.03886925795052998,-0.02708237236913913
A02,93,1,Left_Hand,0.5411105651392105,1.2094061360312918,0.26306120439885966,0.5635831208258006,0.21131144994554985,0.3897343070095693,0.3297991151936607,0.8196718290217224,0.48987271382806175,0.3297991151936607,0.8196718290217224,0.48987271382806175,-0.03886925795052998,-0.02708237236913913
A02,94,4,Tongue,0.2663177866793773,0.3243992799667716,0.2292230967296289,0.24256055430323067,0.07592994974768043,-0.11216761667283996,0.19038783693169686,0.43656689663961157,0.2461790597079147,,,,-0.03886925795052998,-0.02708237236913913
A02,95,2,Right_Hand,-0.42965418486504564,-0.3310578339914056,-0.5142843693902986,-0.46571864409159547,-0.4246259768589608,-0.21151918092557956,-0.005028208006084833,-0.11953865306582603,-0.1145104450597412,0.005028208006084833,0.11953865306582603,0.1145104450597412,-0.03886925795052998,-0.02708237236913913
A02,96,1,Left_Hand,0.5172295561776912,0.4451892702714684,0.4064737874845686,0.21378275591630128,0.4665889809383698,0.21859121011197796,0.05064057523932136,0.2265980601594904,0.17595748492016905,0.05064057523932136,0.2265980601594904,0.17595748492016905,-0.03886925795052998,-0.02708237236913913
A02,97,3,Feet,0.7693678409787025,0.8691279556326006,0.8011599023158591,1.0527858849484353,0.8685563175613046,1.2636130640410812,-0.0991884765826021,-0.3944851084084806,-0.2952966318258785,,,,-0.03886925795052998,-0.02708237236913913
A02,98,1,Left_Hand,0.1480940698466048,-0.0590642776657888,0.4039259777755482,0.35214266602553607,0.37553844728918456,0.319072218431038,-0.22744437744257975,-0.3781364960968268,-0.15069211865424706,-0.22744437744257975,-0.3781364960968268,-0.15069211865424706,-0.03886925795052998,-0.02708237236913913
A02,99,3,Feet,-0.22477067693346373,-0.15939594878246732,-0.22580114469198703,-0.14177772631809127,-0.20626593840213897,-0.08807376474974712,-0.018504738531324755,-0.0713221840327202,-0.052817445501395444,,,,-0.03886925795052998,-0.02708237236913913
A02,100,2,Right_Hand,-0.25271934755045183,-0.27957024720469775,-0.2631664656942513,-0.40481048256025604,-0.20062540413066648,-0.250035507988845,-0.05209394341978535,-0.029534739215852757,0.022559204203932592,0.05209394341978535,0.029534739215852757,-0.022559204203932592,-0.03886925795052998,-0.02708237236913913
A02,101,4,Tongue,-0.2606795134182319,-0.18715634794228983,-0.20351713119275158,0.004044561569777815,-0.30130613457234195,-0.21135936810191536,0.04062662115411003,0.024203020159625527,-0.016423600994484505,,,,-0.03886925795052998,-0.02708237236913913
A02,102,1,Left_Hand,1.0107616764521683,1.2779747043258816,2.0133575561572052,4.222622657337949,1.8179222078653867,3.3123800970977357,-0.8071605314132184,-2.034405392771854,-1.2272448613586358,-0.8071605314132184,-2.034405392771854,-1.2272448613586358,-0.03886925795052998,-0.02708237236913913
A02,103,3,Feet,-0.7179120966367926,-0.7913040329936288,-0.723603729486806,-0.7975604538785922,-0.6760425166288608,-0.7254925269494582,-0.04186958000793173,-0.06581150604417063,-0.023941926036238903,,,,-0.03886925795052998,-0.02708237236913913
A02,104,3,Feet,0.7094041073289596,1.0572030326980648,0.6592157777594517,0.9794777813941674,0.6028770777780059,1.0264986160390732,0.10652702955095372,0.030704416658991596,-0.07582261289196213,,,,-0.03886925795052998,-0.02708237236913913
A02,105,1,Left_Hand,-0.6629646242590341,-0.5681206825141323,-0.6480216834939411,-0.3418360594265234,-0.6461604805458938,-0.42930055982280874,-0.016804143713140318,-0.13882012269132354,-0.12201597897818323,-0.016804143713140318,-0.13882012269132354,-0.12201597897818323,-0.03886925795052998,-0.02708237236913913
A02,106,3,Feet,-0.4632462309683936,-0.4316237150898062,-0.16789024065392097,0.30799291901421383,-0.3978521890639682,-0.42546461112899037,-0.06539404190442544,-0.006159103960815815,0.05923493794360962,,,,-0.03886925795052998,-0.02708237236913913
A02,107,2,Right_Hand,0.3375783544789867,0.4693963616843391,0.456553173342749,0.6976262889113042,0.4110519933987886,0.47537648094556056,-0.07347363891980191,-0.005980119261221439,0.06749351965858047,0.07347363891980191,0.005980119261221439,-0.06749351965858047,-0.03886925795052998,-0.02708237236913913
A02,108,4,Tongue,-0.2770769139684355,-0.3219678078220304,-0.20239103466002464,-0.199683223368631,-0.24346052798476434,-0.25991898632695937,-0.03361638598367114,-0.062048821495071016,-0.028432435511399873,,,,-0.03886925795052998,-0.02708237236913913
A02,109,4,Tongue,-0.13068947733199884,-0.32808438691387404,0.13501236520788512,0.001069178554806521,0.39046519018433495,0.45779492020049606,-0.5211546675163338,-0.7858793071143702,-0.2647246395980364,,,,-0.03886925795052998,-0.02708237236913913
A02,110,4,Tongue,0.8908627342514013,0.9301504564131199,0.6523435386532048,0.6370839202648926,0.8022531360218976,1.0655398961916631,0.08860959822950365,-0.13538943977854323,-0.22399903800804688,,,,-0.03886925795052998,-0.02708237236913913
A02,111,3,Feet,0.14753705854756105,0.10315242990576078,0.06764259136458585,0.1164074813483891,-0.16654020036896605,-0.31207981016889724,0.3140772589165271,0.41523224007465803,0.10115498115813093,,,,-0.03886925795052998,-0.02708237236913913
A02,112,1,Left_Hand,-0.2011616521461392,-0.148765371985807,0.008792509917697032,0.24950451458759623,-0.1082134690531391,0.14059989720298627,-0.09294818309300011,-0.28936526918879324,-0.19641708609579311,-0.09294818309300011,-0.28936526918879324,-0.19641708609579311,-0.03886925795052998,-0.02708237236913913
A02,113,4,Tongue,-0.2797583366881464,-0.08563284144670204,-0.35682303017417977,0.050382629286035686,-0.4912163332203571,-0.34191322090999676,0.2114579965322107,0.25628037946329474,0.04482238293108404,,,,-0.03886925795052998,-0.02708237236913913
A02,114,2,Right_Hand,1.1286237861968937,1.0172002237668742,1.1510476603527076,0.9857526331593024,1.0261958312118524,1.217706389460885,0.10242795498504131,-0.2005061656940108,-0.3029341206790521,-0.10242795498504131,0.2005061656940108,0.3029341206790521,-0.03886925795052998,-0.02708237236913913
A02,115,4,Tongue,0.2521188962401804,0.13541558067470888,1.0281085350869623,0.6829628269946209,0.7930732157181443,0.6073403918906377,-0.5409543194779638,-0.47192481121592883,0.06902950826203497,,,,-0.03886925795052998,-0.02708237236913913
A02,116,2,Right_Hand,-0.3847051868012555,-0.2768442171859172,-0.43724711545403666,-0.4265834647146424,-0.2848110486567237,-0.5335040000778349,-0.0998941381445318,0.25665978289191776,0.35655392103644956,0.0998941381445318,-0.25665978289191776,-0.35655392103644956,-0.03886925795052998,-0.02708237236913913
A02,117,1,Left_Hand,-0.33549350981237025,-0.2155331437379335,-0.3906607201512401,-0.311301084682217,-0.4840656878180388,-0.44905312853972057,0.14857217800566858,0.23351998480178707,0.08494780679611849,0.14857217800566858,0.23351998480178707,0.08494780679611849,-0.03886925795052998,-0.02708237236913913
A02,118,3,Feet,0.04303108588516007,0.32789470047208646,0.3184709946844286,1.081290303246306,-0.12552454327523177,0.07650765130333796,0.16855562916039185,0.2513870491687485,0.08283142000835664,,,,-0.03886925795052998,-0.02708237236913913
A02,119,2,Right_Hand,-0.4553583251831533,-0.40823852407407335,-0.4145354944341855,-0.06601556183264738,-0.41007923088196463,0.018992215891868724,-0.04527909430118865,-0.4272307399659421,-0.3819516456647534,0.04527909430118865,0.4272307399659421,0.3819516456647534,-0.03886925795052998,-0.02708237236913913
A02,120,1,Left_Hand,0.8213727593816508,1.0312233815796317,0.9381116301832646,1.217592074972173,1.0348126267700453,1.6448535521610648,-0.2134398673883945,-0.6136301705814331,-0.4001903031930386,-0.2134398673883945,-0.6136301705814331,-0.4001903031930386,-0.03886925795052998,-0.02708237236913913
A02,121,3,Feet,-0.10119453186018708,-0.14965796526306807,-0.04729078996030064,0.17665915792381232,-0.1881119182343156,-0.25871441604896844,0.08691738637412853,0.10905645078590037,0.02213906441177184,,,,-0.03886925795052998,-0.02708237236913913
A02,122,3,Feet,-0.4199947642693506,-0.3874601753880238,-0.5605021613171629,-0.4723848875732137,-0.5933719632269303,-0.6826470204079423,0.1733771989575797,0.29518684501991854,0.12180964606233885,,,,-0.03886925795052998,-0.02708237236913913
A02,123,1,Left_Hand,-0.2823878994557458,-0.18577151979068962,-0.28041404247496443,-0.06663069910199318,-0.20213563678345928,-0.32252637325100403,-0.08025226267228655,0.1367548534603144,0.21700711613260096,-0.08025226267228655,0.1367548534603144,0.21700711613260096,-0.03886925795052998,-0.02708237236913913
A02,124,3,Feet,0.24181326420265054,0.3042689462570973,0.05894184766662633,0.26908011398044535,-0.14519542234193936,-0.09076977370522596,0.38700868654458986,0.3950387199623232,0.00803003341773334,,,,-0.03886925795052998,-0.02708237236913913
A02,125,4,Tongue,0.7199248452399705,0.6789973382227914,0.5220299415346901,0.2615961110029831,0.1764811217449568,-0.09218931894970328,0.5434437234950137,0.7711866571724947,0.227742933677481,,,,-0.03886925795052998,-0.02708237236913913
A02,126,4,Tongue,0.9580327722662755,0.9475302189447005,0.6787053503300667,0.4135195398058646,0.2359911082973857,-0.1667171159424123,0.7220416639688898,1.1142473348871127,0.3922056709182229,,,,-0.03886925795052998,-0.02708237236913913
A02,127,2,Right_Hand,0.47447221427306685,0.6432053000640795,0.7774598706753745,0.8864856383249963,0.5216799031737547,0.594445717599969,-0.04720768890068783,0.048759582464110496,0.09596727136479832,0.04720768890068783,-0.048759582464110496,-0.09596727136479832,-0.03886925795052998,-0.02708237236913913
A02,128,1,Left_Hand,0.8085557240266742,0.264799194823096,0.5778630429737733,0.020480973837686746,0.48533402770279377,-0.26903259264695545,0.3232216963238804,0.5338317874700514,0.21061009114617102,0.3232216963238804,0.5338317874700514,0.21061009114617102,-0.03886925795052998,-0.02708237236913913
A02,129,2,Right_Hand,0.057752593347516326,-0.1489212358251653,-0.2637491052949593,-0.5984968775210785,0.032151581320628966,-0.15743079024354945,0.02560101202688736,0.008509554418384135,-0.017091457608503224,-0.02560101202688736,-0.008509554418384135,0.017091457608503224,-0.03886925795052998,-0.02708237236913913
A02,130,4,Tongue,-0.3129434305393334,-0.4596937340613301,-0.4205926479670044,-0.5690729210081151,-0.48544888995110214,-0.6811168717582292,0.17250545941176876,0.22142313769689914,0.048917678285130384,,,,-0.03886925795052998,-0.02708237236913913
A02,131,2,Right_Hand,-0.10568441453719261,-0.19764679813165742,-0.04168628606683962,-0.12225899687344167,-0.1564023045549621,-0.2177122711029025,0.05071789001776948,0.020065472971245085,-0.030652417046524397,-0.05071789001776948,-0.020065472971245085,0.030652417046524397,-0.03886925795052998,-0.02708237236913913
A02,132,4,Tongue,0.1909920708422716,0.5108838169850971,0.16375031920385977,1.0135539194959282,0.03016000937687662,0.6627581734753696,0.16083206146539497,-0.15187435649027248,-0.31270641795566745,,,,-0.03886925795052998,-0.02708237236913913
A02,133,3,Feet,-0.06284418401210785,0.33884886678785875,-0.455154161246108,-0.4465275389487942,-0.5288762965279578,-0.5739950124048875,0.4660321125158499,0.9128438791927462,0.4468117666768963,,,,-0.03886925795052998,-0.02708237236913913
A02,134,2,Right_Hand,-0.2839154447363248,-0.13204245028780798,-0.35546048429951954,-0.16179918772985652,0.07875202214499297,0.3193482953309439,-0.3626674668813178,-0.45139074561875187,-0.08872327873743407,0.3626674668813178,0.45139074561875187,0.08872327873743407,-0.03886925795052998,-0.02708237236913913
A02,135,2,Right_Hand,0.18329113617121395,-0.44636385460933825,0.2784310350808293,-0.489426086715844,0.39708389643551667,-0.4933391064579691,-0.21379276026430272,0.04697525184863083,0.26076801211293354,0.21379276026430272,-0.04697525184863083,-0.26076801211293354,-0.03886925795052998,-0.02708237236913913
A02,136,2,Right_Hand,-0.43056297078109984,-0.43924401120100204,-0.48772005228701565,-0.5663575428563757,-0.5387108670653814,-0.6399097886737123,0.10814789628428156,0.20066577747271025,0.09251788118842869,-0.10814789628428156,-0.20066577747271025,-0.09251788118842869,-0.03886925795052998,-0.02708237236913913
A02,137,3,Feet,-0.8042607765940119,-0.7130217299120317,-0.7996861748847288,-0.5800936373613945,-0.6350142956182317,-0.37691005071669303,-0.1692464809757801,-0.3361116791953387,-0.16686519821955859,,,,-0.03886925795052998,-0.02708237236913913
A02,138,4,Tongue,0.7541350139226679,0.9282403985206659,1.0062327785160998,0.7610328519131453,0.4949960967905523,0.2571193696875133,0.2591389171321156,0.6711210288331526,0.411982111701037,,,,-0.03886925795052998,-0.02708237236913913
A02,139,1,Left_Hand,1.1411047217581118,1.3920955071829784,0.5745664382200952,0.43517088972440493,0.0937480823087574,0.045751078108177974,1.0473566394493545,1.3463444290748003,0.2989877896254458,1.0473566394493545,1.3463444290748003,0.2989877896254458,-0.03886925795052998,-0.02708237236913913
A02,140,2,Right_Hand,-0.617069263847344,-0.5695869182877671,-0.6360560460053798,-0.5960700912271902,-0.6370584464353375,-0.5998894471040994,0.019989182587993537,0.03030252881633233,0.010313346228338793,-0.019989182587993537,-0.03030252881633233,-0.010313346228338793,-0.03886925795052998,-0.02708237236913913
A02,141,4,Tongue,0.040256080813196086,0.23237547937297925,0.06702359255304413,0.24477005055601955,0.06511326553088004,-0.008438863725005368,-0.02485718471768395,0.24081434309798463,0.2656715278156686,,,,-0.03886925795052998,-0.02708237236913913
A02,142,1,Left_Hand,0.4548509123427922,0.3704408251961691,0.6001608717607059,0.6258712125134694,0.5396827363592518,0.497490702897124,-0.08483182401645961,-0.12704987770095488,-0.04221805368449527,-0.08483182401645961,-0.12704987770095488,-0.04221805368449527,-0.03886925795052998,-0.02708237236913913
A02,143,3,Feet,0.09939754122967001,0.19693225139825365,-0.022618763732851776,-0.08160842137902038,-0.03287544446029778,-0.05744354360100519,0.1322729856899678,0.25437579499925883,0.12210280930929104,,,,-0.03886925795052998,-0.02708237236913913
A02,144,3,Feet,0.18147258148110715,-0.25933626798353704,0.20900997057646603,-0.3535054263772425,0.2781915769337425,-0.20961672708495088,-0.09671899545263538,-0.049719540898586156,0.04699945455404922,,,,-0.03886925795052998,-0.02708237236913913
A02,145,4,Tongue,0.36223807712167816,0.05433786411276841,0.440451467359703,0.18881206396474684,0.1543115954341277,-0.4217481792608176,0.20792648168755046,0.476086043373586,0.26815956168603555,,,,-0.03886925795052998,-0.02708237236913913
A02,146,1,Left_Hand,-0.07800912479879854,-0.05390724420287681,-0.16901147899843852,-0.36066329697236416,-0.11649354302532323,-0.2676934950644967,0.038484418226524694,0.21378625086161987,0.1753018326350952,0.038484418226524694,0.21378625086161987,0.1753018326350952,-0.03886925795052998,-0.02708237236913913
A02,147,1,Left_Hand,0.642344872699003,0.1985060410203392,0.6699985190668818,0.14308469580658495,0.832516051626225,0.3611704460663364,-0.19017117892722202,-0.16266440504599722,0.0275067738812248,-0.19017117892722202,-0.16266440504599722,0.0275067738812248,-0.03886925795052998,-0.02708237236913913
A02,148,3,Feet,0.643100298384335,1.0920858932181343,0.7135338637864298,1.2295548003678736,0.5901601107711313,1.1693465713293443,0.05294018761320374,-0.07726067811120996,-0.1302008657244137,,,,-0.03886925795052998,-0.02708237236913913
A02,149,2,Right_Hand,-0.22670636640457126,-0.5735318535287716,-0.3353631596573569,-0.7438296729911642,-0.1752409858698506,-0.49522876413773714,-0.05146538053472066,-0.07830308939103442,-0.026837708856313758,0.05146538053472066,0.07830308939103442,0.026837708856313758,-0.03886925795052998,-0.02708237236913913
A02,150,4,Tongue,-0.0311562262480693,-0.3054820905418554,-0.13784376043788096,-0.4654113971167021,-0.22680905632211934,-0.5500186340144103,0.19565283007405004,0.24453654347255493,0.04888371339850489,,,,-0.03886925795052998,-0.02708237236913913
A02,151,4,Tongue,0.5668342933171531,0.824378797413793,0.38379532995643023,0.35017377272664985,0.29007984482011817,0.6096059110055927,0.2767544484970349,0.21477288640820036,-0.06198156208883454,,,,-0.03886925795052998,-0.02708237236913913
A02,152,4,Tongue,-0.8104383126712689,-0.7117036113297255,-0.7522191388447285,-0.6156203878654734,-0.727063684017725,-0.5628553772031489,-0.08337462865354384,-0.14884823412657655,-0.06547360547303271,,,,-0.03886925795052998,-0.02708237236913913
A02,153,2,Right_Hand,-0.30411588220813357,-0.21901773420827667,-0.18177926089619068,-0.17596803867802097,-0.12670749897287087,0.02747882687780118,-0.1774083832352627,-0.24649656108607784,-0.06908817785081514,0.1774083832352627,0.24649656108607784,0.06908817785081514,-0.03886925795052998,-0.02708237236913913
A02,154,1,Left_Hand,0.9094012924358786,1.1649092808020507,0.7892610328942802,1.1703031446515033,0.2427577579885884,0.7894668791279678,0.6666435344472903,0.37544240167408294,-0.29120113277320736,0.6666435344472903,0.37544240167408294,-0.29120113277320736,-0.03886925795052998,-0.02708237236913913
A02,155,3,Feet,1.4393789408865971,2.7513912006635075,0.8021377662659207,1.3468415029177614,0.5174279417310137,0.632251982478162,0.9219509991555834,2.1191392181853455,1.197188219029762,,,,-0.03886925795052998,-0.02708237236913913
A02,156,2,Right_Hand,0.02231142822874179,0.10022107621425438,-0.21567592441442174,-0.275405267208493,0.04724050602472922,0.19991568084346134,-0.02492907779598743,-0.09969460462920696,-0.07476552683321952,0.02492907779598743,0.09969460462920696,0.07476552683321952,-0.03886925795052998,-0.02708237236913913
A02,157,4,Tongue,1.2102585136009083,-0.062070089382806684,0.8355529589054191,-0.4909110995618124,0.9722811237530964,-0.31572585056790137,0.23797738984781192,0.2536557611850947,0.01567837133728278,,,,-0.03886925795052998,-0.02708237236913913
A02,158,1,Left_Hand,-0.2273050979504381,-0.10092945107669198,-0.49212434136453403,-0.6783869677563985,-0.4599996744358876,-0.628142414732143,0.23269457648544947,0.5272129636554511,0.29451838717000167,0.23269457648544947,0.5272129636554511,0.29451838717000167,-0.03886925795052998,-0.02708237236913913
A02,159,4,Tongue,0.022595818572695856,-0.23801929590079146,0.3250212593624558,0.37362740711694625,0.12552841998494108,-0.06810340438572213,-0.10293260141224522,-0.16991589151506933,-0.06698329010282411,,,,-0.03886925795052998,-0.02708237236913913
A02,160,3,Feet,-0.12623174198857867,-0.3834373876989892,-0.1705911403945901,-0.5363584134895533,-0.03274976942433194,-0.38719747640228463,-0.09348197256424673,0.0037600887032954167,0.09724206126754215,,,,-0.03886925795052998,-0.02708237236913913
A02,161,2,Right_Hand,0.36543148407352444,-0.24019639338005533,0.6946639345607528,-0.05933059129494378,0.7994692131095089,-0.21330421759085058,-0.4340377290359845,-0.026892175789204747,0.4071455532467797,0.4340377290359845,0.026892175789204747,-0.4071455532467797,-0.03886925795052998,-0.02708237236913913
A02,162,4,Tongue,-0.09685128293131919,-0.14141496003983062,-0.3163650628863703,-0.5964279767360599,-0.2924049165558296,-0.5452850151034596,0.19555363362451045,0.403870055063629,0.20831642143911855,,,,-0.03886925795052998,-0.02708237236913913
A02,163,4,Tongue,0.3357537467620587,-0.30552416911413954,0.037228785848065604,-0.5045525969455973,0.2259489597081371,-0.6712988471865491,0.1098047870539216,0.36577467807240954,0.25596989101848794,,,,-0.03886925795052998,-0.02708237236913913
A02,164,1,Left_Hand,0.34378621754890937,0.3949619071822921,0.004316020920692011,-0.2265856608327101,0.006367833258733778,-0.2259298290497633,0.33741838429017557,0.6208917362320554,0.28347335194187984,0.33741838429017557,0.6208917362320554,0.28347335194187984,-0.03886925795052998,-0.02708237236913913
A02,165,2,Right_Hand,0.7217790527999617,0.5682441591347054,0.6924081666865269,0.35728145337293366,0.8476707852476921,0.5714973110341172,-0.12589173244773044,-0.003253151899411777,0.12263858054831867,0.12589173244773044,0.003253151899411777,-0.12263858054831867,-0.03886925795052998,-0.02708237236913913
A02,166,2,Right_Hand,0.7206565761700786,1.068470598798308,0.18619311275428355,0.04405448070783272,0.3593042647769219,0.49845681549175275,0.3613523113931567,0.5700137833065553,0.20866147191339857,-0.3613523113931567,-0.5700137833065553,-0.20866147191339857,-0.03886925795052998,-0.02708237236913913
A02,167,3,Feet,-0.5177594616942452,0.2582655678195748,-0.44241943136037976,1.3487281635767185,-0.23546100394085728,1.8607585393696102,-0.28229845775338797,-1.6024929715500353,-1.3201945137966473,,,,-0.03886925795052998,-0.02708237236913913
A02,168,4,Tongue,1.0340150993747976,1.1909088849141463,0.9346916949630373,0.8404689616858732,1.0752140096075185,0.9515777308337499,-0.04119891023272082,0.2393311540803964,0.2805300643131172,,,,-0.03886925795052998,-0.02708237236913913
A02,169,2,Right_Hand,-0.41060409776559265,-0.16150149039807052,-0.3525706184053242,-0.035705168749510005,-0.2966696694307732,-0.09900155048716452,-0.11393442833481943,-0.062499939910905994,0.05143448842391343,0.11393442833481943,0.062499939910905994,-0.05143448842391343,-0.03886925795052998,-0.02708237236913913
A02,170,1,Left_Hand,-0.5220786607370919,-0.5319159088392561,-0.3022455003510729,-0.1236100204135389,-0.03604521233732543,0.4319949263110047,-0.4860334483997664,-0.9639108351502608,-0.47787738675049435,-0.4860334483997664,-0.9639108351502608,-0.47787738675049435,-0.03886925795052998,-0.02708237236913913
A02,171,1,Left_Hand,2.8633488659868958,2.883215724815197,2.8599360793042723,2.112523341050525,2.2484784155134117,1.4846604346891115,0.6148704504734841,1.3985552901260856,0.7836848396526015,0.6148704504734841,1.3985552901260856,0.7836848396526015,-0.03886925795052998,-0.02708237236913913
A02,172,4,Tongue,-0.6767791336287456,-0.3527736245560424,-0.37098486190537205,0.3542024633993764,-0.4871850709415161,-0.02865361271271632,-0.18959406268722956,-0.32412001184332606,-0.1345259491560965,,,,-0.03886925795052998,-0.02708237236913913
A02,173,2,Right_Hand,1.4733245568200357,1.4774629729541557,1.7466892421094697,2.4073646080078355,1.9267518530958996,3.680670092432752,-0.45342729627586387,-2.203207119478596,-1.749779823202732,0.45342729627586387,2.203207119478596,1.749779823202732,-0.03886925795052998,-0.02708237236913913
A02,174,1,Left_Hand,0.6374620352717443,1.1253111874110675,-0.17231289371861572,0.7697854433579915,0.3053102585069916,1.408759969880944,0.33215177676475266,-0.2834487824698766,-0.6156005592346292,0.33215177676475266,-0.2834487824698766,-0.6156005592346292,-0.03886925795052998,-0.02708237236913913
A02,175,3,Feet,-0.4690838276606324,-0.4737708947599718,-0.5365900832453708,-0.5349394031063828,-0.5299105052639327,-0.49116157201175586,0.060826677603300294,0.01739067725178406,-0.043436000351516235,,,,-0.03886925795052998,-0.02708237236913913
A02,176,2,Right_Hand,-0.27041334331079936,0.02929551937766431,-0.5350800422704578,-0.392077454060583,-0.6083481970763728,-0.5528490767243409,0.3379348537655734,0.5821445961020052,0.24420974233643178,-0.3379348537655734,-0.5821445961020052,-0.24420974233643178,-0.03886925795052998,-0.02708237236913913
A02,177,2,Right_Hand,-0.4915124910925225,-0.6077707153642955,-0.36647093359571997,-0.42709631213005794,-0.41970319628948294,-0.5351429199263757,-0.07180929480303955,-0.07262779543791975,-0.0008185006348802037,0.07180929480303955,0.07262779543791975,0.0008185006348802037,-0.03886925795052998,-0.02708237236913913
A02,178,3,Feet,1.1855212387447758,1.527715111003809,1.331850628124672,1.7893703747516378,1.0099034358544872,0.6449563829056654,0.1756178028902886,0.8827587280981436,0.707140925207855,,,,-0.03886925795052998,-0.02708237236913913
A02,179,1,Left_Hand,0.07084258840552596,-0.010158883102981155,0.20223338367996732,-0.36950783308773627,0.4203886137621694,-0.2262638450398131,-0.3495460253566435,0.21610496193683193,0.5656509872934754,-0.3495460253566435,0.21610496193683193,0.5656509872934754,-0.03886925795052998,-0.02708237236913913
A02,180,4,Tongue,0.7819648330807336,0.8977427907454469,0.43555596052885415,0.23484640950236899,0.4071231808747128,-0.004639562327223439,0.37484165220602084,0.9023823530726703,0.5275407008666495,,,,-0.03886925795052998,-0.02708237236913913
A02,181,3,Feet,0.6845278953513828,0.707224731827499,1.1306510881244076,3.2459487610900197,0.9594812857278585,1.167779578437156,-0.2749533903764757,-0.46055484660965706,-0.18560145623318136,,,,-0.03886925795052998,-0.02708237236913913
A02,182,3,Feet,-0.01409867886695651,-0.29612374883589027,0.11770714689754827,-0.2589186032206617,0.08593946571451559,-0.45485568375023916,-0.1000381445814721,0.1587319349143489,0.258770079495821,,,,-0.03886925795052998,-0.02708237236913913
A02,183,3,Feet,-0.056332524496917995,-0.3317240866315126,-0.233302281522197,-0.4550025104126613,0.027938596165344987,-0.1202391885609825,-0.08427112066226299,-0.21148489807053011,-0.12721377740826711,,,,-0.03886925795052998,-0.02708237236913913
A02,184,3,Feet,0.21508428236449756,0.014481984335712138,0.7545016568906394,0.9899325765202674,-0.15864398561854234,-0.22752097703317795,0.37372826798303993,0.24200296136889007,-0.13172530661414986,,,,-0.03886925795052998,-0.02708237236913913
A02,185,1,Left_Hand,1.058336977615381,0.44756262288732634,0.23838062267669022,-0.31501305913644106,0.6398875640304149,0.25066425980340507,0.4184494135849661,0.19689836308392128,-0.22155105050104484,0.4184494135849661,0.19689836308392128,-0.22155105050104484,-0.03886925795052998,-0.02708237236913913
A02,186,2,Right_Hand,-0.7368525906902971,-0.6148624553179539,-0.5260818071459765,-0.5144058272164976,-0.3972486991361425,0.16159111896696937,-0.33960389155415455,-0.7764535742849232,-0.4368496827307687,0.33960389155415455,0.7764535742849232,0.4368496827307687,-0.03886925795052998,-0.02708237236913913
A02,187,1,Left_Hand,-0.4251950571620777,-0.033680166020914754,-0.5500555863035044,-0.3783255693347711,-0.3432661624230474,0.26321033233902974,-0.08192889473903031,-0.2968904983599445,-0.2149616036209142,-0.08192889473903031,-0.2968904983599445,-0.2149616036209142,-0.03886925795052998,-0.02708237236913913
A02,188,2,Right_Hand,-0.013761552638848299,0.04936961306847957,-0.04403798789539193,-0.030773670806465623,0.023374624037099726,0.16835865631997085,-0.03713617667594803,-0.11898904325149129,-0.08185286657554326,0.03713617667594803,0.11898904325149129,0.08185286657554326,-0.03886925795052998,-0.02708237236913913
A02,189,1,Left_Hand,0.770616982163414,0.5275983418136088,0.4357320236832495,-0.05777610203476693,0.5644969149402093,0.19655340805314375,0.20612006722320475,0.331044933760465,0.12492486653726026,0.20612006722320475,0.331044933760465,0.12492486653726026,-0.03886925795052998,-0.02708237236913913
A02,190,1,Left_Hand,-0.2669005944212339,-0.16814615710280895,-0.0462396737251823,0.2908359258661173,-0.15575096043672806,0.012214984315256703,-0.11114963398450586,-0.18036114141806564,-0.06921150743355978,-0.11114963398450586,-0.18036114141806564,-0.06921150743355978,-0.03886925795052998,-0.02708237236913913
A02,191,3,Feet,0.24337727566565887,0.50398513280045,0.06638714313415693,0.17083390832708997,-0.09002269886991972,-0.1526622196771136,0.33339997453557857,0.6566473524775636,0.323247377941985,,,,-0.03886925795052998,-0.02708237236913913
A02,192,3,Feet,-0.6952816739030266,-0.7667814474909264,-0.6152192886685964,-0.21879719713243026,-0.6116506719512488,-0.6689213983523088,-0.08363100195177786,-0.09786004913861757,-0.014229047186839705,,,,-0.03886925795052998,-0.02708237236913913
A02,193,2,Right_Hand,-0.6162803512058723,-0.5784446721565427,-0.5902074380011493,-0.507867693463876,-0.5612978228889549,-0.4721697700252929,-0.05498252831691741,-0.1062749021312498,-0.05129237381433238,0.05498252831691741,0.1062749021312498,0.05129237381433238,-0.03886925795052998,-0.02708237236913913
A02,194,3,Feet,-0.11168891881345631,-0.07320956058152402,-0.07894226268196972,-0.06647854709649305,-0.08887586387852,-0.15275273895109942,-0.022813054934936308,0.0795431783695754,0.10235623330451171,,,,-0.03886925795052998,-0.02708237236913913
A02,195,4,Tongue,0.0032361581659029084,-0.0521644470624495,0.02661631687191201,0.1319353652824396,-0.2291157374703338,-0.3517786906662971,0.23235189563623673,0.2996142436038476,0.06726234796761085,,,,-0.03886925795052998,-0.02708237236913913
A02,196,1,Left_Hand,-0.37366653943965505,-0.5791225283941813,-0.3934813626919913,-0.519336746014868,-0.2667953180982603,-0.468825865148279,-0.10687122134139476,-0.11029666324590232,-0.0034254419045075535,-0.10687122134139476,-0.11029666324590232,-0.0034254419045075535,-0.03886925795052998,-0.02708237236913913
A02,197,4,Tongue,0.8561748353716924,0.8195079822273894,1.1115112297269636,1.0723289694668114,1.2406692838949673,1.4516312319967035,-0.38449444852327497,-0.6321232497693141,-0.24762880124603914,,,,-0.03886925795052998,-0.02708237236913913
A02,198,1,Left_Hand,0.7445215704964577,1.4819303683349327,0.7414975820174616,1.5709167994638975,0.5898462906832392,1.0376186040337532,0.1546752798132185,0.4443117643011796,0.2896364844879611,0.1546752798132185,0.4443117643011796,0.2896364844879611,-0.03886925795052998,-0.02708237236913913
A02,199,1,Left_Hand,-0.4720571080119908,-0.4949579976310434,-0.49555373972257355,-0.541901416547673,-0.4873693900371234,-0.49373521018573946,0.015312282025132573,-0.0012227874453039633,-0.016535069470436536,0.015312282025132573,-0.0012227874453039633,-0.016535069470436536,-0.03886925795052998,-0.02708237236913913
A02,200,2,Right_Hand,0.13379677666868023,0.015683697807738047,0.32362259054012343,0.5164960888720634,0.11633219726853546,0.17628210845601738,0.017464579400144772,-0.16059841064827934,-0.17806299004842413,-0.017464579400144772,0.16059841064827934,0.17806299004842413,-0.03886925795052998,-0.02708237236913913
A02,201,4,Tongue,0.010423703342851452,-0.17769945785169805,0.1785067517894931,-0.22074772228413841,-0.048884807565380696,-0.4929095521754904,0.05930851090823215,0.3152100943237923,0.2559015834155602,,,,-0.03886925795052998,-0.02708237236913913
A02,202,3,Feet,0.5606182018534811,-0.19810517349585555,0.5554737035094518,-0.04528432700012098,0.6590333399389204,0.05375655089171055,-0.09841513808543934,-0.2518617243875661,-0.15344658630212676,,,,-0.03886925795052998,-0.02708237236913913
A02,203,2,Right_Hand,-0.4199131632565789,-0.2969563109403647,-0.3684698965696002,-0.13491998648008013,-0.5313427601957443,-0.4682741779843776,0.11142959693916543,0.17131786704401292,0.059888270104847485,-0.11142959693916543,-0.17131786704401292,-0.059888270104847485,-0.03886925795052998,-0.02708237236913913
A02,204,4,Tongue,-0.15456393451947112,-0.24747340103490054,0.11168806727314719,0.10930595905334242,-0.03817302106744575,-0.10765291496145339,-0.11639091345202537,-0.13982048607344716,-0.023429572621421785,,,,-0.03886925795052998,-0.02708237236913913
A02,205,3,Feet,1.755083928268259,1.3075698869273074,2.3260065427196666,2.422444268667722,2.0571009671173948,1.811786542107718,-0.30201703884913567,-0.5042166551804106,-0.20219961633127492,,,,-0.03886925795052998,-0.02708237236913913
A02,206,4,Tongue,-0.32837086992744274,-0.5596202902018581,-0.3062228535597574,-0.5188176447466148,-0.274803887899924,-0.3785544653634543,-0.05356698202751875,-0.18106582483840383,-0.12749884281088508,,,,-0.03886925795052998,-0.02708237236913913
A02,207,3,Feet,-0.41562250901255116,0.16283674027945833,-0.4770946505091897,0.21179883318142,-0.36239823505320784,0.23051090424180984,-0.053224273959343316,-0.06767416396235151,-0.014449890003008198,,,,-0.03886925795052998,-0.02708237236913913
A02,208,4,Tongue,0.07427891439500602,-0.2613285523241537,-0.15251855952794477,-0.5923205013988581,0.09620025037554085,-0.3744327871898998,-0.021921335980534834,0.11310423486574611,0.13502557084628095,,,,-0.03886925795052998,-0.02708237236913913
A02,209,2,Right_Hand,0.4664472074531984,0.7008695998407094,0.48321496734672037,0.6082980269959839,0.2873835634532894,0.6445636940964979,0.17906364399990898,0.05630590574421146,-0.12275773825569752,-0.17906364399990898,-0.05630590574421146,0.12275773825569752,-0.03886925795052998,-0.02708237236913913
A02,210,2,Right_Hand,-0.3957384762142948,-0.565890532629318,-0.3102167773852355,-0.07449187970503143,-0.3171305641762922,-0.2275888122989914,-0.0786079120380026,-0.33830172033032657,-0.25969380829232397,0.0786079120380026,0.33830172033032657,0.25969380829232397,-0.03886925795052998,-0.02708237236913913
A02,211,4,Tongue,-0.6648803979012865,-0.7092164832259363,-0.5501622441075429,-0.5545160501440777,-0.693912679764002,-0.7321637121285142,0.029032281862715448,0.022947228902577832,-0.006085052960137616,,,,-0.03886925795052998,-0.02708237236913913
A02,212,1,Left_Hand,-0.1362678489289633,-0.3960082664847759,-0.1734816952605537,-0.4311703407062251,-0.10036543910933961,-0.3836950497390426,-0.035902409819623685,-0.012313216745733269,0.023589193073890416,-0.035902409819623685,-0.012313216745733269,0.023589193073890416,-0.03886925795052998,-0.02708237236913913
A02,213,2,Right_Hand,-0.6597888891042303,-0.6508870063155574,-0.6319753976446765,-0.5641365094773787,-0.6408098683253239,-0.6951620663989738,-0.01897902077890634,0.04427506008341642,0.06325408086232276,0.01897902077890634,-0.04427506008341642,-0.06325408086232276,-0.03886925795052998,-0.02708237236913913
A02,214,2,Right_Hand,-0.5314707987294099,-0.3483175650189188,-0.6531088967826623,-0.4003978310461672,-0.6378158954263645,-0.5223020251134864,0.10634509669695458,0.17398446009456764,0.06763936339761306,-0.10634509669695458,-0.17398446009456764,-0.06763936339761306,-0.03886925795052998,-0.02708237236913913
A02,215,2,Right_Hand,0.18123797031184619,-0.42357458725695213,0.2786010078696067,-0.1309775285130186,0.28600122873175743,-0.14959959757495978,-0.10476325841991124,-0.27397498968199235,-0.1692117312620811,0.10476325841991124,0.27397498968199235,0.1692117312620811,-0.03886925795052998,-0.02708237236913913
A02,216,3,Feet,-0.27251075942365355,-0.20887306427711344,-0.4413268984883231,-0.45646487680204145,-0.44887429107982885,-0.52501254528606,0.1763635316561753,0.31613948100894657,0.13977594935277127,,,,-0.03886925795052998,-0.02708237236913913
A02,217,4,Tongue,0.27175379013665574,0.137187734345137,0.6935378688099203,0.8206980724164903,0.6954144788457609,0.9833823278770687,-0.42366068870910517,-0.8461945935319317,-0.42253390482282654,,,,-0.03886925795052998,-0.02708237236913913
A02,218,1,Left_Hand,-0.06100999946412287,-0.09903292089706824,0.13077892636390367,-0.1002868126359706,0.31735983534028755,0.28624919343886934,-0.37836983480441044,-0.38528211433593756,-0.006912279531527121,-0.37836983480441044,-0.38528211433593756,-0.006912279531527121,-0.03886925795052998,-0.02708237236913913
A02,219,4,Tongue,0.5688477622752801,0.15908422537391698,0.4273220455893533,-0.1848772079016181,0.42641100593832115,-0.1052982305241394,0.14243675633695896,0.26438245589805637,0.12194569956109741,,,,-0.03886925795052998,-0.02708237236913913
A02,220,1,Left_Hand,-0.26604830853189676,-0.19189280632238834,-0.45906809940192667,-0.40963849942241587,-0.2937133323187717,0.06762252443702534,0.027665023786874965,-0.2595153307594137,-0.28718035454628865,0.027665023786874965,-0.2595153307594137,-0.28718035454628865,-0.03886925795052998,-0.02708237236913913
A02,221,3,Feet,-0.6777843760512258,-0.43412339075752,-0.756232267917356,-0.523175551513724,-0.7047432483531507,-0.35365387104517804,0.026958872301924952,-0.08046951971234195,-0.1074283920142669,,,,-0.03886925795052998,-0.02708237236913913
A02,222,1,Left_Hand,-0.5756066413536067,-0.37975069009901125,-0.49222591067593613,-0.26413602326450536,-0.6681020924303357,-0.1998692764957093,0.09249545107672896,-0.17988141360330195,-0.2723768646800309,0.09249545107672896,-0.17988141360330195,-0.2723768646800309,-0.03886925795052998,-0.02708237236913913
A02,223,4,Tongue,0.4920958853239966,0.3675512453644312,0.7948498449737492,0.47775253878035956,0.8578648467250698,0.5394523354713537,-0.3657689614010732,-0.17190109010692256,0.19386787129415062,,,,-0.03886925795052998,-0.02708237236913913
A02,224,1,Left_Hand,-0.41775610587171186,0.806852239083555,-0.5866896688781856,0.3729280136668209,-0.8309077411905882,-0.647715659856418,0.41315163531887633,1.454567898939973,1.0414162636210968,0.41315163531887633,1.454567898939973,1.0414162636210968,-0.03886925795052998,-0.02708237236913913
A02,225,3,Feet,0.2176816754187183,0.6114023564894095,0.5384033664730118,1.8073909101122647,0.3662783924515638,1.0490920949116196,-0.1485967170328455,-0.43768973842221004,-0.28909302138936455,,,,-0.03886925795052998,-0.02708237236913913
A02,226,1,Left_Hand,1.111100809463236,0.9778356356206016,0.8114315296374581,0.45175649589074734,2.7537215496811367,3.2456110322198146,-1.6426207402179007,-2.267775396599213,-0.6251546563813122,-1.6426207402179007,-2.267775396599213,-0.6251546563813122,-0.03886925795052998,-0.02708237236913913
A02,227,2,Right_Hand,-0.02887035326504966,-0.2641560160259348,-0.178201215856199,-0.47571052825004595,-0.07546186544718672,-0.4491374866145156,0.04659151218213706,0.18498147058858078,0.13838995840644372,-0.04659151218213706,-0.18498147058858078,-0.13838995840644372,-0.03886925795052998,-0.02708237236913913
A02,228,3,Feet,1.7463315671673785,1.8932113749157953,1.8961318513798262,2.269208168084485,1.17684051110966,1.0970721398969756,0.5694910560577184,0.7961392350188197,0.22664817896110123,,,,-0.03886925795052998,-0.02708237236913913
A02,229,3,Feet,0.06744906515879331,0.029389652263744025,-0.1480465100984006,-0.48742823178833705,0.14356890792928853,-0.26152024130549084,-0.07611984277049522,0.29090989356923486,0.3670297363397301,,,,-0.03886925795052998,-0.02708237236913913
A02,230,4,Tongue,-0.05935985578760527,-0.14028568169048808,-0.15113409794476854,-0.2471318799153963,-0.1292598835136326,-0.32800392821986024,0.06990002772602733,0.18771824652937216,0.11781821880334484,,,,-0.03886925795052998,-0.02708237236913913
A02,231,1,Left_Hand,0.34074343536369506,1.1400636187451625,0.36756721259517855,1.1755704222219552,0.7249705866569062,1.684151532742466,-0.3842271512932111,-0.5440879139973036,-0.1598607627040925,-0.3842271512932111,-0.5440879139973036,-0.1598607627040925,-0.03886925795052998,-0.02708237236913913
A02,232,2,Right_Hand,-0.41002308843774493,-0.36476476628847804,-0.20278119397961875,-0.10103088283454484,-0.491425329912313,-0.660579080770462,0.0814022414745681,0.295814314481984,0.21441207300741588,-0.0814022414745681,-0.295814314481984,-0.21441207300741588,-0.03886925795052998,-0.02708237236913913
A02,233,4,Tongue,-0.38343590786899784,-0.11148876028856271,-0.413949771556348,-0.23636554806132098,-0.3744522644690323,-0.04528150041631678,-0.008983643399965546,-0.06620725987224593,-0.057223616472280386,,,,-0.03886925795052998,-0.02708237236913913
A02,234,2,Right_Hand,1.1555894178373889,0.6619751503709976,1.2477510776863368,0.8678027840527465,0.37456461783932643,-0.24298554422072774,0.7810247999980624,0.9049606945917253,0.12393589459366294,-0.7810247999980624,-0.9049606945917253,-0.12393589459366294,-0.03886925795052998,-0.02708237236913913
A02,235,3,Feet,-0.5521586066077967,-0.38355139587286174,-0.5982675879305113,-0.03857195854385535,-0.7088832429829941,-0.2774983389965043,0.1567246363751974,-0.10605305687635747,-0.26277769325155487,,,,-0.03886925795052998,-0.02708237236913913
A02,236,3,Feet,-0.4093650677856994,-0.4535304742496195,-0.4359077992137869,-0.49145477204068944,-0.27417081394756226,-0.21514779797765432,-0.13519425383813716,-0.2383826762719652,-0.10318842243382803,,,,-0.03886925795052998,-0.02708237236913913
A02,237,1,Left_Hand,-0.3729496672745035,-0.24809568660940073,-0.4126757070229821,-0.29706212523463055,-0.43806996445326274,-0.38923665816164277,0.06512029717875922,0.14114097155224203,0.07602067437348281,0.06512029717875922,0.14114097155224203,0.07602067437348281,-0.03886925795052998,-0.02708237236913913
A02,238,4,Tongue,-0.22008176440020605,-0.3977974221051664,-0.26906371138251034,-0.47332598534134224,-0.29206861751118157,-0.545733343238116,0.07198685311097552,0.14793592113294957,0.07594906802197404,,,,-0.03886925795052998,-0.02708237236913913
A02,239,2,Right_Hand,-0.03311186065045998,0.2005279541708012,-0.051777096295309806,0.15829413947379742,0.34679617161251436,0.7256127711074407,-0.3799080322629743,-0.5250848169366396,-0.14517678467366524,0.3799080322629743,0.5250848169366396,0.14517678467366524,-0.03886925795052998,-0.02708237236913913
A02,240,4,Tongue,1.137913664235586,0.7861063763039974,0.955214688995804,0.28653879818135625,0.8730743621338544,-0.029453801481542738,0.2648393021017317,0.8155601777855401,0.5507208756838085,,,,-0.03886925795052998,-0.02708237236913913
A02,241,1,Left_Hand,0.5085560814929215,0.5797982800447105,0.4607166270584847,0.36130564808745247,0.7618823594691131,0.9884880380593236,-0.25332627797619156,-0.40868975801461316,-0.1553634800384216,-0.25332627797619156,-0.40868975801461316,-0.1553634800384216,-0.03886925795052998,-0.02708237236913913
A02,242,1,Left_Hand,-0.518085315298688,-0.5956753401203636,-0.38695173712181813,-0.4735278632884019,-0.289358047978007,-0.4159271306059729,-0.22872726732068094,-0.1797482095143907,0.04897905780629025,-0.22872726732068094,-0.1797482095143907,0.04897905780629025,-0.03886925795052998,-0.02708237236913913
A02,243,3,Feet,-0.3986257391627612,-0.4954245268569189,-0.4629590466867813,-0.6097932969274359,-0.3453952861099115,-0.3681136073403536,-0.05323045305284968,-0.1273109195165653,-0.07408046646371563,,,,-0.03886925795052998,-0.02708237236913913
A02,244,3,Feet,-0.048851809081846116,-0.4575640801031121,0.31254946724281396,0.12049946216529472,-0.03888135084308145,-0.5755794144892356,-0.00997045823876467,0.11801533438612344,0.1279857926248881,,,,-0.03886925795052998,-0.02708237236913913
A02,245,2,Right_Hand,-0.43691131407840583,-0.4651265161156665,-0.569905844221757,-0.629857748235483,-0.17731785587553173,-0.31892691260308076,-0.2595934582028741,-0.14619960351258576,0.11339385469028834,0.2595934582028741,0.14619960351258576,-0.11339385469028834,-0.03886925795052998,-0.02708237236913913
A02,246,4,Tongue,0.4081144811462666,0.4101961283253912,1.1679050866610594,1.1110710640384822,0.1015229781716775,0.05267412123752655,0.3065915029745891,0.35752200708786464,0.05093050411327554,,,,-0.03886925795052998,-0.02708237236913913
A02,247,2,Right_Hand,-0.6514115391792145,-0.7121484671568287,-0.6345574782805666,-0.7261437506889121,-0.593190132179085,-0.7175123857883997,-0.058221407000129455,0.005363918631571041,0.0635853256317005,0.058221407000129455,-0.005363918631571041,-0.0635853256317005,-0.03886925795052998,-0.02708237236913913
A02,248,2,Right_Hand,-0.43304401209124543,0.11148229812148355,-0.43028734441214217,0.12605155053766537,-0.5827257322477815,-0.19180923793772603,0.14968172015653602,0.30329153605920955,0.15360981590267353,-0.14968172015653602,-0.30329153605920955,-0.15360981590267353,-0.03886925795052998,-0.02708237236913913
A02,249,1,Left_Hand,-0.561081739764424,-0.6583709847103748,-0.24256966962167237,-0.18120419671035953,-0.7888824820592674,-0.7637310099459259,0.22780074229484337,0.1053600252355511,-0.12244071705929227,0.22780074229484337,0.1053600252355511,-0.12244071705929227,-0.03886925795052998,-0.02708237236913913
A02,250,2,Right_Hand,0.18832521926685675,-0.4035693770963627,0.07370047809515902,-0.06267205532691027,-0.46934555914062415,-0.5485380939162965,0.6576707784074809,0.14496871681993379,-0.512702061587547,-0.6576707784074809,-0.14496871681993379,0.512702061587547,-0.03886925795052998,-0.02708237236913913
A02,251,4,Tongue,-0.48425310634307006,-0.26684540966530484,-0.1331796175819809,-0.07075507311471987,-0.4180568515764095,-0.4610237617748358,-0.06619625476666058,0.19417835210953094,0.2603746068761915,,,,-0.03886925795052998,-0.02708237236913913
A02,252,4,Tongue,-0.19055306926777213,-0.22964713646700916,0.10544374732952672,0.005844660389580611,-0.11473056246084018,-0.34518247666056595,-0.07582250680693195,0.1155353401935568,0.19135784700048875,,,,-0.03886925795052998,-0.02708237236913913
A02,253,2,Right_Hand,-0.42396623499072006,-0.608689668570637,-0.07151557083702541,0.021401396033860803,-0.2649854978695743,0.11894258065085743,-0.15898073712114574,-0.7276322492214944,-0.5686515121003486,0.15898073712114574,0.7276322492214944,0.5686515121003486,-0.03886925795052998,-0.02708237236913913
A02,254,2,Right_Hand,-0.3072697642822369,-0.2937557369328151,-0.14583897751888117,-0.6484376396884385,-0.03134349005135769,-0.7351868891926361,-0.27592627423087923,0.441431152259821,0.7173574264907002,0.27592627423087923,-0.441431152259821,-0.7173574264907002,-0.03886925795052998,-0.02708237236913913
A02,255,2,Right_Hand,-0.47342976427114636,-0.3295336146778045,-0.2031068331835786,0.25383278883618565,-0.05214104432358944,0.6746534406152431,-0.4212887199475569,-1.0041870552930476,-0.5828983353454907,0.4212887199475569,1.0041870552930476,0.5828983353454907,-0.03886925795052998,-0.02708237236913913
A02,256,2,Right_Hand,-0.31875002486144255,-0.30065882053686266,-0.30924233272274315,-0.08788343108887968,0.2594335976331018,-0.0026017558230444554,-0.5781836224945444,-0.2980570647138182,0.28012655778072615,0.5781836224945444,0.2980570647138182,-0.28012655778072615,-0.03886925795052998,-0.02708237236913913
A02,257,4,Tongue,-0.6872908770967399,-0.6464130273162171,-0.5452021497052851,-0.32052421788963137,-0.6179878894308938,-0.42857965996829134,-0.06930298766584608,-0.21783336734792574,-0.14853037968207966,,,,-0.03886925795052998,-0.02708237236913913
A02,258,4,Tongue,-0.21677035901729227,-0.6119669330255478,-0.14498155962146472,-0.6158859030563388,0.23468675895499527,-0.5704963519127514,-0.45145711797228755,-0.041470581112796445,0.4099865368594911,,,,-0.03886925795052998,-0.02708237236913913
A02,259,3,Feet,0.409529995244595,0.2694200236504701,0.1707867063995206,0.15194299411995976,-0.5891780173356121,-0.7433769743769642,0.9987080125802071,1.0127969980274343,0.014088985447227143,,,,-0.03886925795052998,-0.02708237236913913
A02,260,4,Tongue,2.437395915603744,2.3150190751088493,0.1798456244061412,0.08905662838055398,0.4731249487717728,0.649778514887193,1.964270966831971,1.6652405602216565,-0.29903040661031466,,,,-0.03886925795052998,-0.02708237236913913
A02,261,1,Left_Hand,1.3410625173184063,1.2559498208213802,0.8597060561343287,1.4341801826970788,1.0517079492950134,1.0895649778685634,0.2893545680233929,0.16638484295281675,-0.12296972507057613,0.2893545680233929,0.16638484295281675,-0.12296972507057613,-0.03886925795052998,-0.02708237236913913
A02,262,2,Right_Hand,-0.17786582350469354,-0.16657844323487642,-0.2068902998537641,0.04725913217846869,-0.18988919325562073,0.13865202725989992,0.012023369750927188,-0.30523047049477636,-0.3172538402457036,-0.012023369750927188,0.30523047049477636,0.3172538402457036,-0.03886925795052998,-0.02708237236913913
A02,263,3,Feet,0.7197058618845282,0.8371861864307906,0.6009304951700523,0.7452353255249761,-0.50341840459138,-0.5854004732422983,1.2231242664759083,1.422586659673089,0.19946239319718062,,,,-0.03886925795052998,-0.02708237236913913
A02,264,2,Right_Hand,0.5444109746389956,0.6896150835342763,0.8578537950469581,1.019888260440677,1.2165155341099567,1.6452828780844162,-0.6721045594709611,-0.95566779455014,-0.2835632350791788,0.6721045594709611,0.95566779455014,0.2835632350791788,-0.03886925795052998,-0.02708237236913913
A02,265,1,Left_Hand,1.3796846165736634,0.8498435527943956,3.109368718537569,2.337649215335931,0.7756443564854233,0.17493963735684198,0.6040402600882401,0.6749039154375536,0.07086365534931349,0.6040402600882401,0.6749039154375536,0.07086365534931349,-0.03886925795052998,-0.02708237236913913
A02,266,4,Tongue,0.10793376582031398,0.20370680672935484,0.5269597472450345,0.4709467382184981,1.701144809222774,2.7819498613199416,-1.59321104340246,-2.578243054590587,-0.9850320111881268,,,,-0.03886925795052998,-0.02708237236913913
A02,267,1,Left_Hand,0.07389713379046392,0.3760555674400962,-0.11333984958979022,0.1242588912545387,0.547175517354985,1.089820717373076,-0.4732783835645211,-0.7137651499329798,-0.24048676636845867,-0.4732783835645211,-0.7137651499329798,-0.24048676636845867,-0.03886925795052998,-0.02708237236913913
A02,268,4,Tongue,0.5249989168499528,-0.13670209499076386,0.5679575939560292,-0.3895975410318322,0.6782393806353111,-0.24884620150136225,-0.15324046378535827,0.11214410651059839,0.26538457029595663,,,,-0.03886925795052998,-0.02708237236913913
A02,269,1,Left_Hand,-0.17084550060740744,-0.04858059186921369,-0.5739563995704984,-0.7906498972393776,-0.20299469426724728,-0.5161290013474045,0.03214919365983984,0.46754840947819076,0.43539921581835095,0.03214919365983984,0.46754840947819076,0.43539921581835095,-0.03886925795052998,-0.02708237236913913
A02,270,1,Left_Hand,-0.5180047141633258,0.12635135328597757,-0.7484838701684692,-0.30333295244269565,-0.5908462115127966,-0.07140534953919536,0.07284149734947076,0.19775670282517294,0.12491520547570217,0.07284149734947076,0.19775670282517294,0.12491520547570217,-0.03886925795052998,-0.02708237236913913
A02,271,1,Left_Hand,-0.06461693487574528,0.28684038141645163,-0.1395420230688704,0.28429085465437015,-0.28914332654344493,0.485348808211243,0.22452639166769967,-0.19850842679479136,-0.423034818462491,0.22452639166769967,-0.19850842679479136,-0.423034818462491,-0.03886925795052998,-0.02708237236913913
A02,272,1,Left_Hand,1.0731306446798257,2.921876849053793,0.472165170662553,2.083960418019377,1.3423520448225623,3.8699831777239995,-0.26922140014273666,-0.9481063286702063,-0.6788849285274696,-0.26922140014273666,-0.9481063286702063,-0.6788849285274696,-0.03886925795052998,-0.02708237236913913
A02,273,3,Feet,-0.15304718079119992,-0.13327179945444506,-0.03456258460097056,-0.1128193364989212,0.6097151916992749,0.2686243101698266,-0.7627623724904748,-0.40189610962427164,0.3608662628662032,,,,-0.03886925795052998,-0.02708237236913913
A02,274,4,Tongue,0.4091998872433779,-0.21999502292514328,-0.09776136901106955,-0.634201333565265,-0.518749074717649,-0.7828202556385496,0.9279489619610268,0.5628252327134063,-0.3651237292476205,,,,-0.03886925795052998,-0.02708237236913913
A02,275,2,Right_Hand,-0.032381108286801526,-0.1312644624976472,0.05950279382989113,0.009227489328734425,-0.1348057614323192,-0.2558781306212301,0.10242465314551769,0.1246136681235829,0.02218901497806522,-0.10242465314551769,-0.1246136681235829,-0.02218901497806522,-0.03886925795052998,-0.02708237236913913
A02,276,3,Feet,0.27296880586374894,-0.2620424862799283,3.292190336976788,3.3465146807922816,6.943406328799098,6.305768387656022,-6.670437522935349,-6.567810873935951,0.1026266489993981,,,,-0.03886925795052998,-0.02708237236913913
A02,277,3,Feet,-0.5319509966924961,-0.42292661466855835,-0.4145130293173139,-0.36558442910194144,-0.10127346258089838,-0.12147974133459725,-0.43067753411159776,-0.3014468733339611,0.12923066077763667,,,,-0.03886925795052998,-0.02708237236913913
A02,278,3,Feet,-0.23385185019299148,-0.25678240700283267,0.12702185034402266,0.44497016658677363,-0.12265467590191519,-0.03236521769742533,-0.1111971742910763,-0.22441718930540733,-0.11322001501433103,,,,-0.03886925795052998,-0.02708237236913913
A02,279,4,Tongue,-0.29921068348195135,-0.403549459194942,-0.27523305203466786,-0.33111298001238787,-0.7461907524986475,-0.42479996363673594,0.4469800690166962,0.021250504441793938,-0.42572956457490224,,,,-0.03886925795052998,-0.02708237236913913
A02,280,3,Feet,2.797037718488759,2.5425621068978135,3.720669780842017,3.8873275132051526,2.985682595560055,2.3896372594597413,-0.18864487707129607,0.15292484743807222,0.3415697245093683,,,,-0.03886925795052998,-0.02708237236913913
A02,281,1,Left_Hand,-0.5121426750838238,-0.591312713691967,-0.2138990988833728,-0.219515300622662,-0.17017894945668954,0.08316299355325829,-0.3419637256271343,-0.6744757072452253,-0.33251198161809103,-0.3419637256271343,-0.6744757072452253,-0.33251198161809103,-0.03886925795052998,-0.02708237236913913
A02,282,3,Feet,-0.5426047207509417,-0.4508066133784604,-0.10565363055663128,-0.07754386268537489,-0.27310799643928285,-0.28238509547358676,-0.26949672431165883,-0.16842151790487364,0.10107520640678519,,,,-0.03886925795052998,-0.02708237236913913
A03,0,1,Left_Hand,0.1422216893277511,-0.06633810354502241,0.07175067376680093,-0.105551187650775,0.24469148750846884,0.16216989587554537,-0.10246979818071775,-0.22850799942056776,-0.12603820123985002,-0.10246979818071775,-0.22850799942056776,-0.12603820123985002,-0.00366300366300365,-0.001569319265132707
A03,1,2,Right_Hand,0.18230168742321357,-0.17623766856047268,0.5077494701883111,1.196240751349838,-0.3484730585965099,-0.23776256875206564,0.5307747460197234,0.06152490019159296,-0.46924984582813045,-0.5307747460197234,-0.06152490019159296,0.46924984582813045,-0.00366300366300365,-0.001569319265132707
A03,2,1,Left_Hand,-0.1787056037741909,-0.5987668990600465,0.04160768951984393,-0.242296653919479,-0.12731300584966823,-0.4017013393758782,-0.051392597924522665,-0.19706555968416833,-0.14567296175964567,-0.051392597924522665,-0.19706555968416833,-0.14567296175964567,-0.00366300366300365,-0.001569319265132707
A03,3,2,Right_Hand,0.018221824285048698,-0.0025444010496156093,0.10215115708761492,0.15689082733106954,0.7864312326787429,1.1489040623388145,-0.7682094083936942,-1.15144846338843,-0.3832390549947359,0.7682094083936942,1.15144846338843,0.3832390549947359,-0.00366300366300365,-0.001569319265132707
A03,4,1,Left_Hand,0.5380718036796666,-0.3927991218009814,0.27453213523084247,-0.6742548785168856,0.05309111292504776,-0.6925546593107952,0.4849806907546188,0.29975553750981376,-0.18522515324480504,0.4849806907546188,0.29975553750981376,-0.18522515324480504,-0.00366300366300365,-0.001569319265132707
A03,5,2,Right_Hand,-0.3081582390717504,-0.5255318870410438,-0.22198951098272132,-0.5494905604689422,-0.47391254052946014,-0.795128029996228,0.16575430145770975,0.2695961429551842,0.10384184149747444,-0.16575430145770975,-0.2695961429551842,-0.10384184149747444,-0.00366300366300365,-0.001569319265132707
A03,6,3,Feet,-0.5633927163137595,-0.7420321250002837,-0.4643349191519605,-0.7054049757599964,-0.3825757761101972,-0.67421821312934,-0.18081694020356232,-0.06781391187094366,0.11300302833261866,,,,-0.00366300366300365,-0.001569319265132707
A03,7,2,Right_Hand,0.39709119069852733,-0.5741812313049517,0.26914796724469436,-0.5681405198816758,1.2181140401105088,0.0033271970005901994,-0.8210228494119816,-0.5775084283055419,0.24351442110643962,0.8210228494119816,0.5775084283055419,-0.24351442110643962,-0.00366300366300365,-0.001569319265132707
A03,8,4,Tongue,0.2304527516192237,-0.23165913226451226,0.12893879095326424,-0.31751613081502916,0.4091585885609002,0.10314676920404872,-0.1787058369416765,-0.334805901468561,-0.1561000645268845,,,,-0.00366300366300365,-0.001569319265132707
A03,9,3,Feet,-0.5865575302599534,-0.5438036535069122,-0.5827551978987716,-0.5368016492878425,-0.5119850718869561,-0.5182253344356834,-0.07457245837299731,-0.02557831907122876,0.04899413930176855,,,,-0.00366300366300365,-0.001569319265132707
A03,10,2,Right_Hand,0.09754284945628258,-0.4270765186381033,0.10248374074872366,-0.47437074178506544,0.022813703608806395,-0.4716380439474022,0.07472914584747618,0.04456152530929891,-0.030167620538177273,-0.07472914584747618,-0.04456152530929891,0.030167620538177273,-0.00366300366300365,-0.001569319265132707
A03,11,1,Left_Hand,0.4349069838470621,-0.3580896096758857,-0.14147596611430582,-0.5360385556578026,-0.040919775148040724,-0.39989330948418217,0.47582675899510285,0.04180369980829646,-0.4340230591868064,0.47582675899510285,0.04180369980829646,-0.4340230591868064,-0.00366300366300365,-0.001569319265132707
A03,12,4,Tongue,-0.5718160781883532,-0.5486233565567056,-0.5681550131255321,-0.5795863497655206,-0.5445862837414548,-0.46472260065873916,-0.027229794446898437,-0.08390075589796642,-0.05667096145106798,,,,-0.00366300366300365,-0.001569319265132707
A03,13,4,Tongue,-0.5782893158211359,-0.5395835527370151,-0.5738685889159992,-0.5735041688197723,-0.7428632357868921,-0.7827115958050727,0.1645739199657562,0.24312804306805758,0.07855412310230137,,,,-0.00366300366300365,-0.001569319265132707
A03,14,4,Tongue,0.06326887477654831,0.4395611103082251,0.17233671250140545,0.4700861249832023,-0.3669284284036587,-0.6317780367892044,0.430197303180207,1.0713391470974294,0.6411418439172224,,,,-0.00366300366300365,-0.001569319265132707
A03,15,4,Tongue,0.4337471676497044,1.0844301663377163,0.03230359851706695,0.18156445248636535,-0.31433050520569705,-0.1420861804212873,0.7480776728554015,1.2265163467590035,0.47843867390360195,,,,-0.00366300366300365,-0.001569319265132707
A03,16,4,Tongue,-0.027983720075076234,-0.46248029117880923,-0.38204801333491,-0.8125355568007356,0.01302438217264182,0.02074124528992015,-0.04100810224771805,-0.4832215364687294,-0.44221343422101134,,,,-0.00366300366300365,-0.001569319265132707
A03,17,1,Left_Hand,0.6831586337365191,-0.3232109266733374,0.5508460778283811,-0.3079800333416478,0.5668504347104458,-0.3415256560602478,0.11630819902607326,0.018314729386910422,-0.09799346963916283,0.11630819902607326,0.018314729386910422,-0.09799346963916283,-0.00366300366300365,-0.001569319265132707
A03,18,3,Feet,1.3143549703029145,0.4903413677344051,0.9915013911786165,0.04929104189398916,0.5075367095522741,-0.2004981710194068,0.8068182607506403,0.690839538753812,-0.11597872199682835,,,,-0.00366300366300365,-0.001569319265132707
A03,19,2,Right_Hand,-0.2306561286511414,-0.6307074956352916,-0.2388035839492971,-0.17478738461020488,-0.30087421422001903,-0.08183496953159582,0.07021808556887763,-0.5488725261036957,-0.6190906116725734,-0.07021808556887763,0.5488725261036957,0.6190906116725734,-0.00366300366300365,-0.001569319265132707
A03,20,1,Left_Hand,-0.458724244033495,-0.6727401163025428,-0.0430178849491193,-0.3914822614273264,0.08792710585277483,-0.13983006463217254,-0.5466513498862698,-0.5329100516703703,0.013741298215899533,-0.5466513498862698,-0.5329100516703703,0.013741298215899533,-0.00366300366300365,-0.001569319265132707
A03,21,1,Left_Hand,-0.5512677387952619,-0.6886807924917339,-0.49586070578128305,-0.43015306436123835,-0.480597573755358,-0.2197720779073895,-0.07067016503990392,-0.46890871458434435,-0.39823854954444043,-0.07067016503990392,-0.46890871458434435,-0.39823854954444043,-0.00366300366300365,-0.001569319265132707
A03,22,3,Feet,-0.43626213941738473,-0.5974185601899052,-0.5139020503937676,-0.8008535014550313,-0.23803651840325923,-0.5205737523252404,-0.1982256210141255,-0.07684480786466485,0.12138081314946064,,,,-0.00366300366300365,-0.001569319265132707
A03,23,4,Tongue,0.3549944695314429,0.5718670082120534,0.23790030018607736,-0.6025011770466817,0.42872599426484237,-0.3406853372561499,-0.07373152473339945,0.9125523454682033,0.9862838702016028,,,,-0.00366300366300365,-0.001569319265132707
A03,24,1,Left_Hand,0.6265105895388011,0.6429186343380305,0.5177988110085197,0.39013872790257165,0.06751447024946858,0.07843585731971298,0.5589961192893326,0.5644827770183176,0.005486657728985045,0.5589961192893326,0.5644827770183176,0.005486657728985045,-0.00366300366300365,-0.001569319265132707
A03,25,3,Feet,0.08607679293710183,0.7861751328020421,-0.11613559630348586,0.13829698993437628,-0.3465087995319739,-0.2662617122748495,0.4325855924690757,1.0524368450768917,0.619851252607816,,,,-0.00366300366300365,-0.001569319265132707
A03,26,3,Feet,-0.5158172800017871,-0.4115972253320851,-0.07134923715523357,-0.05667108491724194,-0.29946070426066596,-0.39849117130710304,-0.2163565757411211,-0.01310605402498205,0.20325052171613905,,,,-0.00366300366300365,-0.001569319265132707
A03,27,3,Feet,0.1460744713696216,-0.5526693219041279,0.05349044520310788,-0.5274382678519607,0.4268867474415047,0.23816335473162387,-0.2808122760718831,-0.7908326766357517,-0.5100204005638687,,,,-0.00366300366300365,-0.001569319265132707
A03,28,1,Left_Hand,-0.0656834472855677,0.030719561174498495,0.016663322581275244,-0.053597498272315115,0.1781909411632356,0.07655981139601965,-0.24387438844880333,-0.04584025022152116,0.19803413822728216,-0.24387438844880333,-0.04584025022152116,0.19803413822728216,-0.00366300366300365,-0.001569319265132707
A03,29,2,Right_Hand,0.7694181510338226,0.03345702154891833,0.2756348562124259,-0.4101374920695383,0.03775066889037312,-0.6648571059607968,0.7316674821434495,0.6983141275097151,-0.033353354633734345,-0.7316674821434495,-0.6983141275097151,0.033353354633734345,-0.00366300366300365,-0.001569319265132707
A03,30,1,Left_Hand,0.2691272758741995,0.1157953436359129,0.09958785880123827,0.1908822619925104,-0.25273243453414984,-0.2581686607717608,0.5218597104083493,0.37396400440767374,-0.1478957060006756,0.5218597104083493,0.37396400440767374,-0.1478957060006756,-0.00366300366300365,-0.001569319265132707
A03,31,2,Right_Hand,-0.14043178416569305,0.38543379192216154,0.31784426871879684,2.3352933270283396,0.0768821119249475,1.8179720983863088,-0.21731389609064056,-1.4325383064641473,-1.2152244103735068,0.21731389609064056,1.4325383064641473,1.2152244103735068,-0.00366300366300365,-0.001569319265132707
A03,32,2,Right_Hand,-0.2448886798629511,-0.4098762376339778,-0.09426241751922884,0.24134869251840846,-0.20252518847901005,0.39241280545746726,-0.04236349138394105,-0.8022890430914451,-0.7599255517075041,0.04236349138394105,0.8022890430914451,0.7599255517075041,-0.00366300366300365,-0.001569319265132707
A03,33,1,Left_Hand,0.347633232203451,-0.257774326404999,1.0855657819514515,0.11256118785169995,0.6457060553707534,-0.02770956082638501,-0.29807282316730244,-0.23006476557861397,0.06800805758868847,-0.29807282316730244,-0.23006476557861397,0.06800805758868847,-0.00366300366300365,-0.001569319265132707
A03,34,2,Right_Hand,0.6692333513096614,-0.03783862947905547,1.2961373985471962,-0.14502947907496577,1.1602557703298408,-0.19755584823510505,-0.4910224190201794,0.15971721875604958,0.650739637776229,0.4910224190201794,-0.15971721875604958,-0.650739637776229,-0.00366300366300365,-0.001569319265132707
A03,35,3,Feet,0.6406777103149722,0.22887984699710184,0.7392688082787553,0.5469398704122496,0.9652048831221044,0.6641985040637519,-0.32452717280713217,-0.43531865706665007,-0.1107914842595179,,,,-0.00366300366300365,-0.001569319265132707
A03,36,2,Right_Hand,-0.0206523622924077,-0.4097080712458507,-0.42249350988333045,-0.577265705146845,-0.36245290579763867,-0.559344187147778,0.341800543505231,0.14963611590192732,-0.19216442760330366,-0.341800543505231,-0.14963611590192732,0.19216442760330366,-0.00366300366300365,-0.001569319265132707
A03,37,3,Feet,-0.5796771406103866,-0.2877561982020945,-0.40068698414543913,0.05538825894550297,-0.390382356522773,0.036066541013004286,-0.18929478408761358,-0.3238227392150988,-0.13452795512748522,,,,-0.00366300366300365,-0.001569319265132707
A03,38,3,Feet,-0.11073088654176369,-0.4389181814500086,-0.15948449148705615,-0.5384962016476575,0.1106511884072752,-0.26893828991412766,-0.2213820749490389,-0.16997989153588094,0.05140218341315794,,,,-0.00366300366300365,-0.001569319265132707
A03,39,4,Tongue,-0.2615482289977844,-0.5475821325577843,-0.19468707428951604,-0.6545295740034524,0.07212393745527877,-0.372782473027438,-0.3336721664530632,-0.17479965953034632,0.15887250692271687,,,,-0.00366300366300365,-0.001569319265132707
A03,40,3,Feet,0.7546983268312595,0.19228711229792195,0.5020087324855769,-0.1526286805716316,1.0114880738981298,0.3159859565438258,-0.2567897470668703,-0.12369884424590383,0.13309090282096647,,,,-0.00366300366300365,-0.001569319265132707
A03,41,3,Feet,0.31704744173663435,-0.00405008394326076,1.1247138556656362,0.31099440205269857,1.5109226798460638,0.9642181265268464,-1.1938752381094293,-0.9682682104701071,0.22560702763932217,,,,-0.00366300366300365,-0.001569319265132707
A03,42,4,Tongue,0.6056384200906678,1.718264538420784,0.10360744857792677,0.9507047589657305,0.02586693764666717,0.24539974154963645,0.5797714824440007,1.4728647968711475,0.8930933144271468,,,,-0.00366300366300365,-0.001569319265132707
A03,43,4,Tongue,-0.23062904226949735,-0.5586154170609025,-0.25010830544796575,-0.1683308918357765,-0.26017288113006976,0.464635666545512,0.029543838860572408,-1.0232510836064144,-1.0527949224669868,,,,-0.00366300366300365,-0.001569319265132707
A03,44,4,Tongue,-0.3464624302190439,-0.6171881292748946,0.024441748177515307,-0.5103045430452563,0.21971039330640582,-0.3191716969002289,-0.5661728235254497,-0.29801643237466574,0.268156391150784,,,,-0.00366300366300365,-0.001569319265132707
A03,45,4,Tongue,-0.4387531119398033,-0.24489366232811102,-0.4976794169476831,-0.14630524249953875,-0.3464190154289035,0.470975607356217,-0.0923340965108998,-0.7158692696843281,-0.6235351731734282,,,,-0.00366300366300365,-0.001569319265132707
A03,46,4,Tongue,2.168888599257953,0.8666470621131191,1.4338529431906437,0.08439414360872735,0.6690216399551335,-0.3917667214001585,1.4998669593028193,1.2584137835132776,-0.24145317578954173,,,,-0.00366300366300365,-0.001569319265132707
A03,47,3,Feet,0.3436105573124205,-0.35494009918120584,-0.14028244235688342,-0.4210186019679902,0.21798589252013126,-0.15512038097462685,0.12562466479228926,-0.19981971820657898,-0.32544438299886824,,,,-0.00366300366300365,-0.001569319265132707
A03,48,2,Right_Hand,0.35915784619723673,0.10317355955240544,0.6115151619134396,0.5066827962715912,0.3156595588999878,0.1867196511940019,0.043498287297248917,-0.08354609164159647,-0.1270443789388454,-0.043498287297248917,0.08354609164159647,0.1270443789388454,-0.00366300366300365,-0.001569319265132707
A03,49,1,Left_Hand,-0.7124737847145958,-0.6982888473623323,-0.6243951836331555,-0.7223284272986814,0.18696477585205223,-0.3060421566259457,-0.899438560566648,-0.3922466907363866,0.5071918698302613,-0.899438560566648,-0.3922466907363866,0.5071918698302613,-0.00366300366300365,-0.001569319265132707
A03,50,2,Right_Hand,0.5320831737271137,-0.23024237196231814,0.901157211196224,-0.032895691536504845,0.8725756561995468,0.027402289539913482,-0.34049248247243313,-0.25764466150223164,0.08284782097020149,0.34049248247243313,0.25764466150223164,-0.08284782097020149,-0.00366300366300365,-0.001569319265132707
A03,51,3,Feet,0.5499906970841347,0.12272167358013081,0.8213337565641757,0.4026195603039211,0.48529162202695814,0.12785405037385977,0.06469907505717659,-0.0051323767937289655,-0.06983145185090556,,,,-0.00366300366300365,-0.001569319265132707
A03,52,2,Right_Hand,-0.35676422385967044,-0.7665053585566065,0.016885802217817467,-0.36303899329574374,0.26205909030539487,-0.16270229775395598,-0.6188233141650653,-0.6038030608026506,0.015020253362414748,0.6188233141650653,0.6038030608026506,-0.015020253362414748,-0.00366300366300365,-0.001569319265132707
A03,53,3,Feet,-0.6948598881815898,-0.6729263698063669,-0.8210049293366778,-0.6971615655234487,-0.8365527940782973,-0.7093691317445029,0.14169290589670747,0.036442761938136004,-0.10525014395857146,,,,-0.00366300366300365,-0.001569319265132707
A03,54,1,Left_Hand,-0.3141630761276822,-0.18345667736666343,-0.28904278939820327,-0.13824489225865294,-0.2994285589465488,-0.18378299231649622,-0.014734517181133389,0.00032631494983278997,0.015060832130966179,-0.014734517181133389,0.00032631494983278997,0.015060832130966179,-0.00366300366300365,-0.001569319265132707
A03,55,1,Left_Hand,0.18728338081413884,-0.2554345687481809,-0.07379953259294228,-0.2115305611916537,-0.5840356641166642,-0.4739731166371292,0.771319044930803,0.21853854788894833,-0.5527804970418547,0.771319044930803,0.21853854788894833,-0.5527804970418547,-0.00366300366300365,-0.001569319265132707
A03,56,1,Left_Hand,0.4595810204681835,-0.031304410409300994,0.9948107895243412,1.2651977082824846,-0.01654729153563211,-0.2665733322655543,0.4761283120038156,0.2352689218562533,-0.2408593901475623,0.4761283120038156,0.2352689218562533,-0.2408593901475623,-0.00366300366300365,-0.001569319265132707
A03,57,4,Tongue,1.318163794388481,0.7604263787945654,1.7018518013947828,0.9684382661059542,1.152032674135524,0.595483930481406,0.16613112025295695,0.1649424483131594,-0.0011886719397975476,,,,-0.00366300366300365,-0.001569319265132707
A03,58,2,Right_Hand,-0.35752656861326604,-0.5989987315329365,-0.5568866185533684,-0.3619421529913185,-0.6958275657084493,-0.5007473879650607,0.33830099709518324,-0.09825134356787579,-0.43655234066305904,-0.33830099709518324,0.09825134356787579,0.43655234066305904,-0.00366300366300365,-0.001569319265132707
A03,59,2,Right_Hand,-0.49818335658501717,-0.5811360270779764,-0.268580314889229,-0.16029407204945004,-0.21052063532561807,-0.3766327198643251,-0.28766272125939907,-0.2045033072136513,0.08315941404574778,0.28766272125939907,0.2045033072136513,-0.08315941404574778,-0.00366300366300365,-0.001569319265132707
A03,60,1,Left_Hand,-0.756987855228603,-0.42684836185646535,-0.6326141702143759,-0.12453925111656931,-0.4485902878483112,0.45106496141359614,-0.30839756738029184,-0.8779133232700616,-0.5695157558897697,-0.30839756738029184,-0.8779133232700616,-0.5695157558897697,-0.00366300366300365,-0.001569319265132707
A03,61,1,Left_Hand,-0.003048422739421797,0.095718781741518,0.1249381492549489,-0.3642172545361116,-0.26879203010929004,-0.6258376903997931,0.26574360736986824,0.7215564721413111,0.4558128647714429,0.26574360736986824,0.7215564721413111,0.4558128647714429,-0.00366300366300365,-0.001569319265132707
A03,62,3,Feet,0.6748666292498081,0.35986503663769887,0.2138865422020862,-0.19945047669371765,1.4684342738634915,1.218808786611512,-0.7935676446136833,-0.8589437499738132,-0.06537610536012983,,,,-0.00366300366300365,-0.001569319265132707
A03,63,1,Left_Hand,0.26174959264765524,-0.41794166107907216,1.2944704398634919,0.09951584809612424,0.4841535740244826,-0.271113046769398,-0.22240398137682738,-0.14682861430967414,0.07557536706715323,-0.22240398137682738,-0.14682861430967414,0.07557536706715323,-0.00366300366300365,-0.001569319265132707
A03,64,2,Right_Hand,-0.17643408430415589,-0.3878155690552668,0.2225982968201497,-0.17594721445827835,0.27775991593466137,0.12965645978089194,-0.4541940002388173,-0.5174720288361587,-0.06327802859734144,0.4541940002388173,0.5174720288361587,0.06327802859734144,-0.00366300366300365,-0.001569319265132707
A03,65,4,Tongue,-0.4251205915510898,-0.6317407765731895,-0.49848093250549097,-0.5321755706728998,-0.5654687767254022,-0.514574735606606,0.1403481851743124,-0.11716604096658345,-0.25751422614089586,,,,-0.00366300366300365,-0.001569319265132707
A03,66,4,Tongue,-0.4783789996227895,0.25098244055269997,-0.6498056730690387,-0.1602624672443017,-0.7755774879760347,-0.5429089218031161,0.29719848835324514,0.7938913623558161,0.496692874002571,,,,-0.00366300366300365,-0.001569319265132707
A03,67,3,Feet,-0.440051419378403,-0.5260869389992959,-0.692950425360983,-0.6533674025170821,-0.780776860846865,-0.6530766631506834,0.34072544146846206,0.12698972415138743,-0.21373571731707464,,,,-0.00366300366300365,-0.001569319265132707
A03,68,1,Left_Hand,-0.04250460122685253,-0.3830413076604223,-0.41525000841561965,-0.6866142830988499,-0.4054289455584313,-0.6282896273369859,0.3629243443315788,0.24524831967656358,-0.1176760246550152,0.3629243443315788,0.24524831967656358,-0.1176760246550152,-0.00366300366300365,-0.001569319265132707
A03,69,4,Tongue,1.1256384904149892,0.6970864296454166,0.946948630646307,0.4213091004820988,0.8261743267626028,0.5445233508978398,0.2994641636523864,0.1525630787475768,-0.14690108490480958,,,,-0.00366300366300365,-0.001569319265132707
A03,70,4,Tongue,0.037727471939229845,-0.3939457495049697,0.2144020765808128,0.20602519149944634,-0.35472979440261465,-0.47855838591343774,0.3924572663418445,0.08461263640846806,-0.30784462993337647,,,,-0.00366300366300365,-0.001569319265132707
A03,71,2,Right_Hand,-0.459597737095558,-0.4002012259642496,-0.3229789780981487,-0.11037686001888898,0.47109975570566937,0.0819134377488949,-0.9306974928012274,-0.4821146637131445,0.4485828290880829,0.9306974928012274,0.4821146637131445,-0.4485828290880829,-0.00366300366300365,-0.001569319265132707
A03,72,4,Tongue,0.9557703393110566,1.1916097861419748,-0.18192238961897417,-0.0969038409891997,-0.35932868035457644,-0.3148425547744786,1.3150990196656331,1.5064523409164534,0.19135332125082027,,,,-0.00366300366300365,-0.001569319265132707
A03,73,4,Tongue,0.980836827364719,0.5598934711956222,1.1394339084799778,-0.05027822811487692,1.2776713671787887,0.33105252403941765,-0.2968345398140697,0.2288409471562045,0.5256754869702742,,,,-0.00366300366300365,-0.001569319265132707
A03,74,2,Right_Hand,-0.7861879791213837,-0.95131167377303,-0.733119214772672,-0.9203367318166764,-0.568335717272949,-0.7069452099538305,-0.21785226184843476,-0.24436646381919958,-0.026514201970764817,0.21785226184843476,0.24436646381919958,0.026514201970764817,-0.00366300366300365,-0.001569319265132707
A03,75,1,Left_Hand,-0.3753593831774265,-0.5736376408921806,-0.4246487918112625,-0.5808664963944584,-0.4164618229082156,-0.5605774662333105,0.041102439730789087,-0.013060174658870105,-0.05416261438965919,0.041102439730789087,-0.013060174658870105,-0.05416261438965919,-0.00366300366300365,-0.001569319265132707
A03,76,2,Right_Hand,0.8985370095269135,0.17790593646165978,0.8517314459195662,0.03672042624626524,0.428590640055321,-0.446440044186667,0.4699463694715925,0.6243459806483268,0.15439961117673429,-0.4699463694715925,-0.6243459806483268,-0.15439961117673429,-0.00366300366300365,-0.001569319265132707
A03,77,3,Feet,0.2665964058584335,-0.11393328217517183,0.7662167215526213,0.5102665846639719,0.5559135969271434,0.8838265423149813,-0.28931719106870984,-0.9977598244901531,-0.7084426334214433,,,,-0.00366300366300365,-0.001569319265132707
A03,78,3,Feet,-0.5351694282156371,-0.06382266837824224,-0.7241241977418311,0.02840999414082754,-0.7256602234657437,-0.5341939796951088,0.1904907952501066,0.4703713113168666,0.27988051606676,,,,-0.00366300366300365,-0.001569319265132707
A03,79,3,Feet,-0.43269022184503353,-0.4373192652704546,-0.5438231153158197,-0.4639413329580674,-0.34379178517073217,-0.38885339284616294,-0.08889843667430136,-0.04846587242429168,0.040432564250009684,,,,-0.00366300366300365,-0.001569319265132707
A03,80,4,Tongue,2.92239065775475,2.742216539245478,1.8411717460090862,1.1170346912186488,1.156641619474001,1.0777241739194425,1.7657490382807488,1.6644923653260355,-0.1012566729547133,,,,-0.00366300366300365,-0.001569319265132707
A03,81,3,Feet,2.9965070671555627,1.0813092082121054,2.1484022552438606,0.2986614763278966,2.343409707970882,0.7010051981508466,0.6530973591846805,0.3803040100612588,-0.2727933491234217,,,,-0.00366300366300365,-0.001569319265132707
A03,82,1,Left_Hand,0.6243048335764353,-0.0693247831106407,1.416086244454091,0.12005870708363839,1.0538722713500852,-0.03203482999609804,-0.4295674377736499,-0.03728995311454267,0.3922774846591073,-0.4295674377736499,-0.03728995311454267,0.3922774846591073,-0.00366300366300365,-0.001569319265132707
A03,83,4,Tongue,3.092907242810405,4.004563846556501,1.2132251786863775,1.6466666732154922,0.9746013970807315,1.2774038926959181,2.1183058457296733,2.7271599538605833,0.60885410813091,,,,-0.00366300366300365,-0.001569319265132707
A03,84,2,Right_Hand,-0.49021525752590145,-0.4648473660016285,0.07017764577956005,0.06540220957493986,-0.10294331828325821,0.011027881451133034,-0.38727193924264325,-0.47587524745276155,-0.0886033082101183,0.38727193924264325,0.47587524745276155,0.0886033082101183,-0.00366300366300365,-0.001569319265132707
A03,85,2,Right_Hand,0.44851327393868184,0.9321306714410891,-0.013018665107311169,0.47402555144629127,-0.3198951211176281,-0.44695212251930355,0.7684083950563099,1.3790827939603927,0.6106743989040828,-0.7684083950563099,-1.3790827939603927,-0.6106743989040828,-0.00366300366300365,-0.001569319265132707
A03,86,2,Right_Hand,-0.23376210766104685,-0.3787805846923237,-0.19978557363164057,-0.4699976087790902,-0.223725859533179,-0.35519132282254884,-0.010036248127867853,-0.023589261869774836,-0.013553013741906983,0.010036248127867853,0.023589261869774836,0.013553013741906983,-0.00366300366300365,-0.001569319265132707
A03,87,3,Feet,0.02159858566404561,-0.09949152005041653,0.1087185856532794,0.24279728579893034,0.19584691940320567,-0.04333909222657345,-0.17424833373916007,-0.05615242782384308,0.11809590591531699,,,,-0.00366300366300365,-0.001569319265132707
A03,88,1,Left_Hand,-0.2418646783724491,-0.6445293080956735,-0.2997066657372355,-0.5862313417840886,-0.6118497616945817,-0.797906839473961,0.36998508332213265,0.15337753137828747,-0.21660755194384518,0.36998508332213265,0.15337753137828747,-0.21660755194384518,-0.00366300366300365,-0.001569319265132707
A03,89,1,Left_Hand,-0.1464876302048728,0.022954280225362483,0.03625008908536159,0.1525268610946426,0.5313282642151621,0.7421547293365669,-0.6778158944200349,-0.7192004491112044,-0.04138455469116953,-0.6778158944200349,-0.7192004491112044,-0.04138455469116953,-0.00366300366300365,-0.001569319265132707
A03,90,1,Left_Hand,-0.6975799192872723,-0.6133232815720808,-0.5491068881140525,-0.35573438065752705,-0.4667370291928324,-0.30381210231062455,-0.23084289009443987,-0.30951117926145627,-0.0786682891670164,-0.23084289009443987,-0.30951117926145627,-0.0786682891670164,-0.00366300366300365,-0.001569319265132707
A03,91,4,Tongue,0.3053460415574042,-0.11930755205275069,0.561388608134325,0.6725210904820621,0.39039536757712134,0.6059806332502091,-0.08504932601971715,-0.7252881853029598,-0.6402388592832426,,,,-0.00366300366300365,-0.001569319265132707
A03,92,2,Right_Hand,-0.6178911508560375,-0.5716535434871675,-0.5332669456510155,-0.23859867234090523,-0.6403079199856413,-0.632749760032682,0.022416769129603775,0.06109621654551456,0.038679447415910784,-0.022416769129603775,-0.06109621654551456,-0.038679447415910784,-0.00366300366300365,-0.001569319265132707
A03,93,1,Left_Hand,-0.3762956520901005,-0.4325013922659868,-0.07745068694438448,-0.022939172558679482,0.04386375635414025,0.03447599042065862,-0.42015940844424077,-0.4669773826866454,-0.046817974242404636,-0.42015940844424077,-0.4669773826866454,-0.046817974242404636,-0.00366300366300365,-0.001569319265132707
A03,94,3,Feet,-0.42520247061475486,-0.016218994250115852,-0.381023206353246,-0.3955427405913813,-0.4410777942056993,-0.5669222797310601,0.015875323590944457,0.5507032854809443,0.5348279618899998,,,,-0.00366300366300365,-0.001569319265132707
A03,95,1,Left_Hand,-0.3056108795763771,-0.44555801937834744,-0.28441536766211023,-0.519706868349477,-0.38966979281470665,-0.6330006102541371,0.08405891323832954,0.18744259087578968,0.10338367763746015,0.08405891323832954,0.18744259087578968,0.10338367763746015,-0.00366300366300365,-0.001569319265132707
A03,96,3,Feet,0.2992279489952724,0.5723366409990901,0.2511451835221362,0.2034264715437391,0.13519037576287424,-0.0730710223557354,0.16403757323239815,0.6454076633548255,0.4813700901224273,,,,-0.00366300366300365,-0.001569319265132707
A03,97,2,Right_Hand,-0.19312895379432943,-0.01000019248320827,-0.02113735016074339,0.3079280873618672,-0.13292156436778618,-0.11322442981248258,-0.060207389426543245,0.10322423732927431,0.16343162675581757,0.060207389426543245,-0.10322423732927431,-0.16343162675581757,-0.00366300366300365,-0.001569319265132707
A03,98,4,Tongue,0.8983871838611088,1.9044013351453128,0.7415062345648544,1.6650435633819523,0.9250723087502869,1.6891963122861333,-0.02668512488917807,0.21520502285917953,0.2418901477483576,,,,-0.00366300366300365,-0.001569319265132707
A03,99,1,Left_Hand,-0.5319578515745148,-0.5334943919715811,-0.6414871918338422,-0.51897959116739,-0.5690410997731955,-0.5227377650253519,0.037083248198680696,-0.010756626946229253,-0.04783987514490995,0.037083248198680696,-0.010756626946229253,-0.04783987514490995,-0.00366300366300365,-0.001569319265132707
A03,100,3,Feet,0.5295026882062863,-0.31394783008628435,0.591468169320282,-0.2545953471477961,0.07207041688425067,-0.49901568944020547,0.4574322713220357,0.18506785935392112,-0.27236441196811456,,,,-0.00366300366300365,-0.001569319265132707
A03,101,3,Feet,-0.2392576812783338,0.10243058658334417,-0.2186063993931695,0.2523004420164598,-0.23842651810414797,0.5903238929000206,-0.0008311631741858283,-0.4878933063166765,-0.48706214314249063,,,,-0.00366300366300365,-0.001569319265132707
A03,102,1,Left_Hand,0.10240993107525882,-0.15645146031102225,-0.037450955548562925,-0.21112517088953622,-0.29732141061338785,-0.4689466322385374,0.39973134168864666,0.31249517192751514,-0.08723616976113152,0.39973134168864666,0.31249517192751514,-0.08723616976113152,-0.00366300366300365,-0.001569319265132707
A03,103,3,Feet,-0.2859285768475224,-0.09547485427120588,-0.0786853029480647,0.7298961911065356,-0.30985544300790047,-0.08078567095876088,0.02392686616037809,-0.014689183312444995,-0.038616049472823086,,,,-0.00366300366300365,-0.001569319265132707
A03,104,2,Right_Hand,-0.24006666905475663,0.09145650758241453,-0.18559801020503902,-0.10985932825255544,-0.054393715522499025,0.07094222413906834,-0.1856729535322576,0.020514283443346187,0.2061872369756038,0.1856729535322576,-0.020514283443346187,-0.2061872369756038,-0.00366300366300365,-0.001569319265132707
A03,105,4,Tongue,-0.1966016639851086,0.05999695868361705,-0.3786718506086813,-0.3357578003974964,-0.6558117433143609,-0.7469610660813262,0.4592100793292523,0.8069580247649433,0.347747945435691,,,,-0.00366300366300365,-0.001569319265132707
A03,106,4,Tongue,0.6021067063001568,0.1311464317593165,0.786707374847321,0.9767886989710652,0.23000152240446894,0.09275701334615971,0.3721051838956879,0.038389418413156795,-0.3337157654825311,,,,-0.00366300366300365,-0.001569319265132707
A03,107,4,Tongue,-0.2119054654507895,-0.6751172905667235,-0.35584977366229564,-0.8712339396089888,-0.19619594742905186,-0.6476167294875873,-0.015709518021737645,-0.027500561079136232,-0.011791043057398587,,,,-0.00366300366300365,-0.001569319265132707
A03,108,3,Feet,-0.3458134066594237,-0.5071495581946627,-0.4132962857231321,-0.6273929890580096,-0.19302404302538476,-0.35320507907777443,-0.15278936363403897,-0.15394447911688824,-0.0011551154828492727,,,,-0.00366300366300365,-0.001569319265132707
A03,109,1,Left_Hand,-0.2212533124419292,-0.19470738703339247,-0.015667293230526253,0.12966610209362586,0.4656115453560119,0.7008038002350413,-0.686864857797941,-0.8955111872684338,-0.20864632947049278,-0.686864857797941,-0.8955111872684338,-0.20864632947049278,-0.00366300366300365,-0.001569319265132707
A03,110,4,Tongue,-0.7884435227271016,-0.485677759225747,-0.7387101111036615,-0.5202290148615965,-0.5918769008765038,-0.09782914744418127,-0.1965666218505978,-0.38784861178156577,-0.19128198993096795,,,,-0.00366300366300365,-0.001569319265132707
A03,111,2,Right_Hand,0.9431807338138785,1.26993505738978,0.27452447388781864,0.07822994171162867,0.0630477703626662,-0.05350941508592499,0.8801329634512123,1.323444472475705,0.4433115090244928,-0.8801329634512123,-1.323444472475705,-0.4433115090244928,-0.00366300366300365,-0.001569319265132707
A03,112,4,Tongue,-0.5636868502438844,-0.6047951398974015,-0.521456626337786,-0.4384622883195596,-0.17194069682943483,0.7045469680754073,-0.3917461534144496,-1.309342107972809,-0.9175959545583593,,,,-0.00366300366300365,-0.001569319265132707
A03,113,2,Right_Hand,-0.81236434144779,-0.7243735315920492,-0.6875366871579552,-0.5742355420909253,-0.6464215786864771,-0.5535997620089089,-0.16594276276131292,-0.17077376958314028,-0.004831006821827355,0.16594276276131292,0.17077376958314028,0.004831006821827355,-0.00366300366300365,-0.001569319265132707
A03,114,1,Left_Hand,-0.009587976108651123,-0.5106209323039435,0.039075733376548044,-0.4568169965436807,0.3573783051121979,-0.1737186812912373,-0.36696628122084907,-0.33690225101270616,0.03006403020814291,-0.36696628122084907,-0.33690225101270616,0.03006403020814291,-0.00366300366300365,-0.001569319265132707
A03,115,3,Feet,-0.25985749782053785,-0.20777661584166227,-0.33647209305194586,-0.30478171660979864,-0.2724565503430824,0.32081756982979726,0.012599052522544563,-0.5285941856714595,-0.5411932381940041,,,,-0.00366300366300365,-0.001569319265132707
A03,116,2,Right_Hand,-0.23020545276058493,-0.4542502098223732,-0.3158701402765803,-0.5635282640914308,-0.47247021249463406,-0.7238444837361305,0.24226475973404912,0.26959427391375734,0.02732951417970822,-0.24226475973404912,-0.26959427391375734,-0.02732951417970822,-0.00366300366300365,-0.001569319265132707
A03,117,1,Left_Hand,-0.6486232649987924,-0.7348196399990723,-0.5655654875831917,-0.5962259868880843,-0.6237732634844958,-0.6072808790568107,-0.024850001514296616,-0.12753876094226158,-0.10268875942796496,-0.024850001514296616,-0.12753876094226158,-0.10268875942796496,-0.00366300366300365,-0.001569319265132707
A03,118,3,Feet,0.03453983045372702,-0.3397834665907634,0.32380404582159356,-0.004490001792196783,0.09474096491772444,-0.3329734963882057,-0.06020113446399741,-0.006809970202557691,0.05339116426143972,,,,-0.00366300366300365,-0.001569319265132707
A03,119,3,Feet,0.3569955621329646,0.2375175555967498,0.1676041937692399,-0.022450549493923715,0.02860304056777474,0.05470183420985458,0.32839252156518983,0.18281572138689522,-0.1455768001782946,,,,-0.00366300366300365,-0.001569319265132707
A03,120,1,Left_Hand,0.2739558644786346,0.05117616259474614,0.5240754018419338,0.039180945688719916,0.0880639026925944,-0.28606553463983814,0.18589196178604023,0.3372416972345843,0.15134973544854408,0.18589196178604023,0.3372416972345843,0.15134973544854408,-0.00366300366300365,-0.001569319265132707
A03,121,3,Feet,1.34632646915579,1.2752116786937762,1.2272628694857595,1.1982358060964549,0.8976101473997463,0.11440941355989936,0.4487163217560436,1.1608022651338767,0.7120859433778332,,,,-0.00366300366300365,-0.001569319265132707
A03,122,4,Tongue,-0.29032750640954863,0.2269736604768785,-0.38708085779453416,-0.16925256574105607,-0.34919085084936924,0.008166120165548348,0.05886334443982061,0.21880754031133015,0.15994419587150954,,,,-0.00366300366300365,-0.001569319265132707
A03,123,4,Tongue,-0.549852912611191,-0.04559247876503627,-0.49020985976070547,0.35746521360138445,-0.5587527912252198,0.09253203906666466,0.008899878614028855,-0.13812451783170093,-0.1470243964457298,,,,-0.00366300366300365,-0.001569319265132707
A03,124,2,Right_Hand,-0.059846808281921286,-0.1436886522161354,0.32103974924123074,0.8138042608157491,0.3422435702023889,0.7224543113377458,-0.4020903784843102,-0.8661429635538812,-0.46405258506957103,0.4020903784843102,0.8661429635538812,0.46405258506957103,-0.00366300366300365,-0.001569319265132707
A03,125,1,Left_Hand,1.499731361704939,-0.24875525374702753,1.9418884043316325,-0.15943701938651533,1.2669659947000658,-0.4877380341459124,0.23276536700487327,0.23898278039888485,0.006217413394011578,0.23276536700487327,0.23898278039888485,0.006217413394011578,-0.00366300366300365,-0.001569319265132707
A03,126,2,Right_Hand,0.4471343278320675,-0.3988348835155141,0.4418891083356033,-0.25190731028284147,0.3232410916227893,-0.539481157702849,0.12389323620927822,0.14064627418733489,0.016753037978056662,-0.12389323620927822,-0.14064627418733489,-0.016753037978056662,-0.00366300366300365,-0.001569319265132707
A03,127,4,Tongue,1.9534965937654054,2.226474603934798,1.7838637346440167,2.6052461608646635,1.8287145703868992,1.676553643894849,0.12478202337850619,0.5499209600399488,0.42513893666144265,,,,-0.00366300366300365,-0.001569319265132707
A03,128,2,Right_Hand,0.7638833556407384,-0.05728570659447394,0.7047377848500173,0.23733543671948976,1.3755553248415184,1.0476780344538963,-0.61167196920078,-1.1049637410483701,-0.4932917718475901,0.61167196920078,1.1049637410483701,0.4932917718475901,-0.00366300366300365,-0.001569319265132707
A03,129,4,Tongue,-0.35716047127564077,0.09854541147372849,-0.3777218324278828,-0.09681833348195763,-0.061172179608626434,0.5023785226133975,-0.29598829166701435,-0.4038331111396691,-0.10784481947265473,,,,-0.00366300366300365,-0.001569319265132707
A03,130,3,Feet,-0.420051233297467,-0.43146533132381426,-0.43326728904244033,-0.44978487766118935,-0.49570318662176244,-0.5940918946981886,0.07565195332429542,0.1626265633743743,0.0869746100500789,,,,-0.00366300366300365,-0.001569319265132707
A03,131,2,Right_Hand,0.3080607691510041,-0.4678335846033459,0.3105079287468095,-0.4293380286821503,0.3768555783236708,-0.30550268402984065,-0.06879480917266667,-0.16233090057350524,-0.09353609140083857,0.06879480917266667,0.16233090057350524,0.09353609140083857,-0.00366300366300365,-0.001569319265132707
A03,132,2,Right_Hand,-0.3594975578807471,-0.5326345227621775,-0.5584606958640541,-0.7851492888009279,-0.3728837034151277,-0.7121086787017314,0.013386145534380611,0.17947415593955396,0.16608801040517335,-0.013386145534380611,-0.17947415593955396,-0.16608801040517335,-0.00366300366300365,-0.001569319265132707
A03,133,2,Right_Hand,0.1664823041895959,-0.22535668720338736,0.07643681474046374,-0.32497052800692483,0.07829746349281047,-0.02725070060005079,0.08818484069678542,-0.19810598660333656,-0.286290827300122,-0.08818484069678542,0.19810598660333656,0.286290827300122,-0.00366300366300365,-0.001569319265132707
A03,134,3,Feet,-0.7319828062938672,-0.5587452287880202,-0.6773110282447475,-0.2852074294659375,-0.7597511990192257,-0.46247383877077325,0.02776839272535847,-0.096271390017247,-0.12403978274260546,,,,-0.00366300366300365,-0.001569319265132707
A03,135,4,Tongue,-0.6696405803119533,-0.24921072768852834,-0.606103152313198,-0.2975753079890862,-0.5927364297642987,-0.17216996108288649,-0.07690415054765454,-0.07704076660564185,-0.00013661605798731546,,,,-0.00366300366300365,-0.001569319265132707
A03,136,1,Left_Hand,-0.6760334850127323,-0.3082443007507514,-0.6512410505623963,-0.2894768010237447,-0.8179605919520134,-0.5629917293100216,0.14192710693928112,0.25474742855927024,0.11282032161998912,0.14192710693928112,0.25474742855927024,0.11282032161998912,-0.00366300366300365,-0.001569319265132707
A03,137,2,Right_Hand,-0.09618320966835169,-0.412510168659945,-0.3185885970594868,-0.5370485125246623,-0.2743929722170933,-0.6469685199848498,0.1782097625487416,0.23445835132490483,0.05624858877616323,-0.1782097625487416,-0.23445835132490483,-0.05624858877616323,-0.00366300366300365,-0.001569319265132707
A03,138,4,Tongue,-0.5935744505667808,-0.7670010117618992,-0.38339964842493285,-0.6304072430223322,-0.2805891714759895,-0.4913145994995504,-0.3129852790907913,-0.27568641226234875,0.03729886682844258,,,,-0.00366300366300365,-0.001569319265132707
A03,139,1,Left_Hand,-0.17772481453200184,0.04843533018728336,-0.06884871574633444,0.054372706921446315,0.16241124467104268,0.28098547917934236,-0.3401360592030445,-0.232550148992059,0.10758591021098551,-0.3401360592030445,-0.232550148992059,0.10758591021098551,-0.00366300366300365,-0.001569319265132707
A03,140,3,Feet,0.8690007585506632,0.1268446637024869,0.46135860242331117,0.2978818832368362,0.101069476389998,-0.18262350024828353,0.7679312821606652,0.3094681639507704,-0.45846311820989477,,,,-0.00366300366300365,-0.001569319265132707
A03,141,3,Feet,-0.3537980729161591,-0.5144981021955437,-0.046673315740148956,-0.2243599577165575,0.3785948392029964,-0.023978122117331527,-0.7323929121191555,-0.4905199800782122,0.2418729320409433,,,,-0.00366300366300365,-0.001569319265132707
A03,142,4,Tongue,0.644239056976777,1.9212988193773632,0.7998807942443281,2.006314747419378,0.6858739157152527,2.439415800967289,-0.04163485873847572,-0.5181169815899256,-0.47648212285144986,,,,-0.00366300366300365,-0.001569319265132707
A03,143,1,Left_Hand,0.4434487260668633,0.08356512778885668,0.6978539941508073,0.8082646995749981,0.1962701614837323,0.08850290940169735,0.247178564583131,-0.004937781612840669,-0.2521163461959717,0.247178564583131,-0.004937781612840669,-0.2521163461959717,-0.00366300366300365,-0.001569319265132707
A03,144,1,Left_Hand,-0.3212902959654665,-0.10552022646915216,-0.40958378504301673,-0.28851801254770143,-0.5609738527190309,-0.6391237088037671,0.2396835567535644,0.533603482334615,0.29391992558105057,0.2396835567535644,0.533603482334615,0.29391992558105057,-0.00366300366300365,-0.001569319265132707
A03,145,3,Feet,0.22783967668299623,0.10080893682836899,0.02513579618182426,-0.20199166048969758,-0.0008144208648677698,-0.10679144969849082,0.228654097547864,0.2076003865268598,-0.0210537110210042,,,,-0.00366300366300365,-0.001569319265132707
A03,146,2,Right_Hand,0.5602234518650508,-0.7134203598216499,0.9838745357149792,-0.322436049019903,1.147727935613246,-0.04276632423760114,-0.5875044837481951,-0.6706540355840487,-0.0831495518358536,0.5875044837481951,0.6706540355840487,0.0831495518358536,-0.00366300366300365,-0.001569319265132707
A03,147,4,Tongue,-0.02859858599298896,0.36326398124285464,-0.1783530909992292,0.09332760550921532,-0.07005091038710276,0.20395026464581062,0.041452324394113796,0.15931371659704402,0.11786139220293022,,,,-0.00366300366300365,-0.001569319265132707
A03,148,4,Tongue,0.12931979063327745,0.03607421803400345,-0.37812304454042295,-0.4764350149263119,-0.601813764937751,-0.5928097266022584,0.7311335555710284,0.6288839446362618,-0.10224961093476659,,,,-0.00366300366300365,-0.001569319265132707
A03,149,4,Tongue,0.314785399580673,-0.0629896558580141,0.5928709245688092,0.8709137582271665,0.7533363204507513,1.1441499593552182,-0.4385509208700783,-1.2071396152132323,-0.768588694343154,,,,-0.00366300366300365,-0.001569319265132707
A03,150,2,Right_Hand,0.3043417331886607,0.33343450847313044,0.19525019474136626,0.3754995596542857,0.03230875875491846,-0.027971352390039075,0.27203297443374225,0.3614058608631695,0.08937288642942726,-0.27203297443374225,-0.3614058608631695,-0.08937288642942726,-0.00366300366300365,-0.001569319265132707
A03,151,1,Left_Hand,0.10488086488055749,-0.40649142424558826,0.005387409637092059,-0.3535901212072829,-0.3386065013640923,-0.6370026612312154,0.4434873662446498,0.23051123698562714,-0.21297612925902265,0.4434873662446498,0.23051123698562714,-0.21297612925902265,-0.00366300366300365,-0.001569319265132707
A03,152,3,Feet,0.34939059743327355,-0.21587693177237138,0.2704694879295403,-0.3042484018512351,0.5198413250122484,-0.1772905361014481,-0.1704507275789749,-0.038586395670923285,0.1318643319080516,,,,-0.00366300366300365,-0.001569319265132707
A03,153,2,Right_Hand,-0.7820776011460029,-0.7139603514417109,-0.7251995414378858,-0.54023816473045,-0.518349056627684,-0.3785982237589219,-0.26372854451831884,-0.335362127682789,-0.07163358316447016,0.26372854451831884,0.335362127682789,0.07163358316447016,-0.00366300366300365,-0.001569319265132707
A03,154,1,Left_Hand,-0.45266603606287914,-0.3201165625366334,-0.4372854345553681,-0.4735864416425891,-0.5524730663607501,-0.7195942563329517,0.09980703029787097,0.3994776937963183,0.29967066349844734,0.09980703029787097,0.3994776937963183,0.29967066349844734,-0.00366300366300365,-0.001569319265132707
A03,155,4,Tongue,1.1063296497925466,0.8199862490185522,1.1476923007832514,1.207177301388328,0.506622562162444,0.5528072733986159,0.5997070876301026,0.2671789756199363,-0.3325281120101663,,,,-0.00366300366300365,-0.001569319265132707
A03,156,3,Feet,0.12374277100556241,0.34627740231048,0.177208396747025,0.4064728750816494,0.27387615451057085,0.4932886934310738,-0.15013338350500843,-0.1470112911205938,0.003122092384414632,,,,-0.00366300366300365,-0.001569319265132707
A03,157,2,Right_Hand,0.18904864790598697,-0.5123055388522794,0.277702155750903,-0.37276384622564557,0.599809357297979,0.399245245435149,-0.41076070939199205,-0.9115507842874284,-0.5007900748954364,0.41076070939199205,0.9115507842874284,0.5007900748954364,-0.00366300366300365,-0.001569319265132707
A03,158,4,Tongue,0.48521265990647855,0.187045480037605,1.0094166491115208,1.0564817025404345,1.01100727016218,0.9926645572599955,-0.5257946102557014,-0.8056190772223905,-0.27982446696668906,,,,-0.00366300366300365,-0.001569319265132707
A03,159,1,Left_Hand,-0.1161396829313674,-0.5420832486947015,-0.2909651938789021,-0.7087447166400646,-0.11264643263888885,-0.5673030017626913,-0.0034932502924785447,0.025219753067989847,0.028713003360468392,-0.0034932502924785447,0.025219753067989847,0.028713003360468392,-0.00366300366300365,-0.001569319265132707
A03,160,2,Right_Hand,1.0458229644575736,2.6900550288493887,0.11859603916645967,1.0424792252420743,-0.6141755882225727,-0.49098027829128954,1.6599985526801464,3.1810353071406783,1.5210367544605319,-1.6599985526801464,-3.1810353071406783,-1.5210367544605319,-0.00366300366300365,-0.001569319265132707
A03,161,2,Right_Hand,0.6077365174329572,0.20504954692547037,1.2348836167295076,1.442851694648117,1.6546825400625012,1.8012258207759095,-1.046946022629544,-1.5961762738504393,-0.5492302512208953,1.046946022629544,1.5961762738504393,0.5492302512208953,-0.00366300366300365,-0.001569319265132707
A03,162,3,Feet,-0.33587570626719926,-0.5506566577365261,0.08252422350846401,-0.20351055791418216,0.7105886593097843,0.6393847121914191,-1.0464643655769836,-1.190041369927945,-0.14357700435096143,,,,-0.00366300366300365,-0.001569319265132707
A03,163,4,Tongue,-0.23439664287894862,-0.47212753236620186,-0.2664417140506618,-0.6170181021705103,-0.13168574922455042,-0.5678700311970001,-0.1027108936543982,0.09574249883079822,0.19845339248519642,,,,-0.00366300366300365,-0.001569319265132707
A03,164,2,Right_Hand,0.12995355261484468,-0.3958237870899729,0.11321445734691535,-0.3437006672246977,0.017273325617847043,-0.4143830260124391,0.11268022699699763,0.018559238922466192,-0.09412098807453144,-0.11268022699699763,-0.018559238922466192,0.09412098807453144,-0.00366300366300365,-0.001569319265132707
A03,165,1,Left_Hand,0.6279190516590605,0.03771901272367553,1.0530274467829743,0.5698626854528125,0.8148810449566742,0.17708551409072645,-0.18696199329761376,-0.13936650136705092,0.04759549193056284,-0.18696199329761376,-0.13936650136705092,0.04759549193056284,-0.00366300366300365,-0.001569319265132707
A03,166,1,Left_Hand,-0.44749889663480463,-0.6266710563163389,0.04092777581256368,0.001264294076438494,0.7792289664037041,0.6530828184471338,-1.2267278630385088,-1.2797538747634727,-0.053026011724963906,-1.2267278630385088,-1.2797538747634727,-0.053026011724963906,-0.00366300366300365,-0.001569319265132707
A03,167,4,Tongue,-0.10772852372418931,-0.20996163919769184,0.6546483857840953,0.7754283916551212,0.4179660169855734,0.7236203067716557,-0.5256945407097627,-0.9335819459693475,-0.4078874052595848,,,,-0.00366300366300365,-0.001569319265132707
A03,168,2,Right_Hand,1.0222125067184984,-0.2884008529138668,1.1592174406867122,0.8801114978604305,0.5790244179391905,-0.058361371067148775,0.44318808877930793,-0.23003948184671802,-0.673227570626026,-0.44318808877930793,0.23003948184671802,0.673227570626026,-0.00366300366300365,-0.001569319265132707
A03,169,3,Feet,-0.3918223028994236,-0.464658224990822,-0.31250523604690145,-0.39753737569572123,-0.1076768701045033,-0.03514304909135422,-0.2841454327949203,-0.42951517589946775,-0.14536974310454742,,,,-0.00366300366300365,-0.001569319265132707
A03,170,2,Right_Hand,-0.5137469645845257,-0.22307170436812995,-0.46931187175229017,-0.051398029847345726,-0.6987601100757116,-0.6677761457729969,0.18501314549118586,0.444704441404867,0.2596912959136811,-0.18501314549118586,-0.444704441404867,-0.2596912959136811,-0.00366300366300365,-0.001569319265132707
A03,171,2,Right_Hand,-0.5752358672497595,-0.720547780314214,-0.6532936283509377,-0.5806981194161344,-0.6959587606421024,-0.6530183353266836,0.12072289339234288,-0.06752944498753033,-0.1882523383798732,-0.12072289339234288,0.06752944498753033,0.1882523383798732,-0.00366300366300365,-0.001569319265132707
A03,172,3,Feet,0.011349592819887332,0.3146144223283764,-0.29974013429158375,-0.17936288093550826,-0.21206900779600268,-0.34518952077956905,0.22341860061589003,0.6598039431079454,0.4363853424920554,,,,-0.00366300366300365,-0.001569319265132707
A03,173,1,Left_Hand,-0.5376048059733999,-0.731641945797318,-0.5075248415205175,-0.43761160307693975,-0.43789408045376715,-0.4847922188213928,-0.09971072551963273,-0.24684972697592522,-0.1471390014562925,-0.09971072551963273,-0.24684972697592522,-0.1471390014562925,-0.00366300366300365,-0.001569319265132707
A03,174,4,Tongue,-0.5056857475002142,-0.5724617412440497,-0.4715757764382467,-0.5142677007425063,-0.6454068191795649,-0.5307150302474475,0.13972107167935066,-0.04174671099660221,-0.18146778267595287,,,,-0.00366300366300365,-0.001569319265132707
A03,175,3,Feet,-0.38318594500349534,-0.4273993707148039,-0.6708769672381145,-0.8120441219040679,-0.6938355705494716,-0.7951897871652939,0.3106496255459763,0.36779041645049,0.05714079090451368,,,,-0.00366300366300365,-0.001569319265132707
A03,176,3,Feet,-0.47587980362890403,-0.5320761801436765,-0.30646435317463516,-0.5774967712173842,-0.5473285632507376,-0.6628452984149567,0.07144875962183361,0.13076911827128013,0.059320358649446514,,,,-0.00366300366300365,-0.001569319265132707
A03,177,3,Feet,-0.030948802437656946,-0.2334779335902301,0.3117173323528634,-0.20119642847497177,0.03288103363559397,-0.4283268379973744,-0.06382983607325092,0.1948489044071443,0.25867874048039524,,,,-0.00366300366300365,-0.001569319265132707
A03,178,3,Feet,-0.07623992958155236,0.10533099384372736,-0.061235626139028616,0.07242094707882502,-0.165863238913017,-0.33876899909207825,0.08962330933146463,0.4440999929358056,0.354476683604341,,,,-0.00366300366300365,-0.001569319265132707
A03,179,2,Right_Hand,-0.7837205926379129,-0.839836877167941,-0.763357907668341,-0.8117821912165506,-0.7928575351590332,-0.8204123961442309,0.009136942521120295,-0.019424481023710083,-0.028561423544830378,-0.009136942521120295,0.019424481023710083,0.028561423544830378,-0.00366300366300365,-0.001569319265132707
A03,180,1,Left_Hand,-0.43788473439071074,-0.596966639209319,-0.3389827673929924,-0.6392002657301139,-0.43190306865143807,-0.5784365543491372,-0.005981665739272668,-0.018530084860181817,-0.012548419120909149,-0.005981665739272668,-0.018530084860181817,-0.012548419120909149,-0.00366300366300365,-0.001569319265132707
A03,181,2,Right_Hand,-0.06950974027150493,-0.17804421187152122,0.009350745681430385,0.2056365833739685,-0.0700838249389456,-0.2738628390668778,0.0005740846674406747,0.09581862719535658,0.0952445425279159,-0.0005740846674406747,-0.09581862719535658,-0.0952445425279159,-0.00366300366300365,-0.001569319265132707
A03,182,1,Left_Hand,-0.5423944393131442,-0.7586587919605163,-0.4509839843958397,-0.6562040000992876,-0.3521525503113971,-0.47188666822856484,-0.19024188900174716,-0.2867721237319515,-0.09653023473020433,-0.19024188900174716,-0.2867721237319515,-0.09653023473020433,-0.00366300366300365,-0.001569319265132707
A03,183,1,Left_Hand,-0.5164997995923947,-0.3266112167678126,-0.5578890678983874,-0.29040810614253204,-0.6909541864717793,-0.6389340958700072,0.17445438687938464,0.3123228791021946,0.13786849222280995,0.17445438687938464,0.3123228791021946,0.13786849222280995,-0.00366300366300365,-0.001569319265132707
A03,184,3,Feet,1.1729072876393534,0.44586489711149196,1.3050826237965834,0.9674925623191214,1.562733823576098,2.035130798732388,-0.38982653593674454,-1.5892659016208959,-1.1994393656841513,,,,-0.00366300366300365,-0.001569319265132707
A03,185,3,Feet,0.16758616204116467,0.19436560390011137,0.037307535899165765,0.24271221050842737,-0.288446530371358,-0.2397741990821972,0.45603269241252264,0.4341398029823086,-0.021892889430214058,,,,-0.00366300366300365,-0.001569319265132707
A03,186,2,Right_Hand,0.44558638979171855,0.5181474121401242,0.3020006528922886,0.26847289201082836,0.22670108435486308,0.3613547248964103,0.21888530543685547,0.15679268724371387,-0.0620926181931416,-0.21888530543685547,-0.15679268724371387,0.0620926181931416,-0.00366300366300365,-0.001569319265132707
A03,187,3,Feet,-0.37044138846343744,-0.6178464455176174,-0.19698402457769953,-0.05551805580051176,-0.1267558387360284,0.2993441190663889,-0.24368554972740905,-0.9171905645840063,-0.6735050148565972,,,,-0.00366300366300365,-0.001569319265132707
A03,188,4,Tongue,-0.45060378548766494,-0.6567903637175428,-0.5743117016306772,-0.7204315268892872,-0.566057212842801,-0.7000012168819354,0.11545342735513603,0.04321085316439255,-0.07224257419074348,,,,-0.00366300366300365,-0.001569319265132707
A03,189,1,Left_Hand,-0.15701007404057424,-0.04588789173936275,-0.13893629165626942,-0.054953997665262946,0.030926855760454324,0.4347556244342717,-0.18793692980102855,-0.48064351617363443,-0.2927065863726059,-0.18793692980102855,-0.48064351617363443,-0.2927065863726059,-0.00366300366300365,-0.001569319265132707
A03,190,4,Tongue,0.6973118844109981,0.6900355979276596,0.4458901605369701,-0.10467879822725015,0.34424022172527546,-0.06695090531980846,0.35307166268572265,0.7569865032474681,0.4039148405617454,,,,-0.00366300366300365,-0.001569319265132707
A03,191,1,Left_Hand,-0.7543020538710224,-0.7517432977236722,-0.6782513603570671,-0.5421640508278619,-0.669921768909926,-0.536932504917012,-0.0843802849610964,-0.21481079280666016,-0.13043050784556376,-0.0843802849610964,-0.21481079280666016,-0.13043050784556376,-0.00366300366300365,-0.001569319265132707
A03,192,1,Left_Hand,0.23317360497134026,-0.058555944779357584,0.30218845169866987,-0.15503994583585462,0.2583994266913275,-0.1544238808679291,-0.025225821719987218,0.09586793608857153,0.12109375780855874,-0.025225821719987218,0.09586793608857153,0.12109375780855874,-0.00366300366300365,-0.001569319265132707
A03,193,2,Right_Hand,-0.2487958086734128,-0.5795160017581888,-0.48204638409235234,-0.814518567763186,-0.411580419446147,-0.6653726721868842,0.16278461077273418,0.08585667042869538,-0.0769279403440388,-0.16278461077273418,-0.08585667042869538,0.0769279403440388,-0.00366300366300365,-0.001569319265132707
A03,194,4,Tongue,-0.12130485983251076,0.17619556014485363,-0.023620146447481474,0.8160769742703051,-0.3181078173695182,0.054904999975580425,0.19680295753700744,0.1212905601692732,-0.07551239736773424,,,,-0.00366300366300365,-0.001569319265132707
A03,195,3,Feet,0.045620867227686476,-0.0053014789066365845,0.3286651369028861,0.5113257383244896,0.042939021390376315,0.4763131642853,0.002681845837310161,-0.4816146431919366,-0.48429648902924677,,,,-0.00366300366300365,-0.001569319265132707
A03,196,2,Right_Hand,-0.42330824596592537,-0.5244390710969917,-0.3171711108532144,-0.3984379387280814,-0.16065709217006818,-0.032310769535357074,-0.2626511537958572,-0.4921283015616347,-0.2294771477657775,0.2626511537958572,0.4921283015616347,0.2294771477657775,-0.00366300366300365,-0.001569319265132707
A03,197,4,Tongue,0.39427310845799757,0.40685960564627127,0.27978524298475,-0.07486844844908923,0.325537249837584,0.08100319232397767,0.06873585862041359,0.3258564133222936,0.25712055470188,,,,-0.00366300366300365,-0.001569319265132707
A03,198,3,Feet,-0.5209336627583695,-0.49048186202645194,-0.47737946724290997,-0.43751545015333715,-0.43445698058279886,-0.33170475471028416,-0.08647668217557064,-0.1587771073161678,-0.07230042514059715,,,,-0.00366300366300365,-0.001569319265132707
A03,199,4,Tongue,-0.26742928025575435,0.005498589142830589,-0.2370331067615137,0.07645115494413265,-0.2604118290857366,-0.022985535852796793,-0.00701745117001773,0.028484124995627382,0.035501576165645116,,,,-0.00366300366300365,-0.001569319265132707
A03,200,3,Feet,1.1043788201042752,0.16047152470089704,0.6219197145219688,-0.30388753097751253,1.113247990952999,0.22093766401532908,-0.00886917084872385,-0.06046613931443204,-0.05159696846570819,,,,-0.00366300366300365,-0.001569319265132707
A03,201,4,Tongue,-0.5803908069361924,-0.4310060807768986,-0.5104954555880775,0.09295342814895215,-0.4532582673059712,0.0853065871797809,-0.1271325396302212,-0.5163126679566795,-0.3891801283264583,,,,-0.00366300366300365,-0.001569319265132707
A03,202,2,Right_Hand,-0.5117724122562832,-0.5464976011229307,-0.47973392858555913,-0.3234560992087466,-0.3445150496047161,-0.20866791835915335,-0.16725736265156715,-0.33782968276377734,-0.17057232011221019,0.16725736265156715,0.33782968276377734,0.17057232011221019,-0.00366300366300365,-0.001569319265132707
A03,203,2,Right_Hand,-0.7003742468855327,-0.5776620506636733,-0.7582559409620703,-0.6416663116876515,-0.7567913839128101,-0.7040456455612011,0.05641713702727735,0.12638359489752782,0.06996645787025046,-0.05641713702727735,-0.12638359489752782,-0.06996645787025046,-0.00366300366300365,-0.001569319265132707
A03,204,4,Tongue,0.047468156807636476,-0.1345512782843225,0.2895448648842426,0.4543306960266666,0.04110313368824073,-0.08240751396676517,0.006365023119395748,-0.05214376431755734,-0.058508787436953084,,,,-0.00366300366300365,-0.001569319265132707
A03,205,1,Left_Hand,0.6692397423041282,1.3004647063101749,0.3433005322373377,0.5783035576730928,0.24451354875925663,0.353654599482044,0.42472619354487157,0.9468101068281309,0.5220839132832593,0.42472619354487157,0.9468101068281309,0.5220839132832593,-0.00366300366300365,-0.001569319265132707
A03,206,2,Right_Hand,0.6011059166598808,0.7240687961851835,0.5110716650652417,0.6412873362707708,0.6478519091845505,1.044668319673708,-0.04674599252466971,-0.3205995234885246,-0.2738535309638549,0.04674599252466971,0.3205995234885246,0.2738535309638549,-0.00366300366300365,-0.001569319265132707
A03,207,2,Right_Hand,-0.028252103481524526,0.08118577755084319,0.06638203299043849,0.7422381421842652,-0.013358423712106035,0.5489033990994915,-0.01489367976941849,-0.46771762154864827,-0.4528239417792298,0.01489367976941849,0.46771762154864827,0.4528239417792298,-0.00366300366300365,-0.001569319265132707
A03,208,2,Right_Hand,-0.39830405583477313,-0.39350500184507836,-0.5498932650521846,-0.5687621682022734,-0.6199249269003793,-0.6753036724703044,0.22162087106560613,0.28179867062522607,0.06017779955961994,-0.22162087106560613,-0.28179867062522607,-0.06017779955961994,-0.00366300366300365,-0.001569319265132707
A03,209,3,Feet,0.5352550435784822,1.9601908784515465,-0.05402182016094297,0.4222865417793343,-0.13132483467413228,0.3434526485544744,0.6665798782526144,1.616738229897072,0.9501583516444576,,,,-0.00366300366300365,-0.001569319265132707
A03,210,4,Tongue,-0.41874759816868556,-0.422428602590928,-0.4677245735644418,-0.5745289297341484,-0.40069353509970973,-0.4289350947916609,-0.018054063068975834,0.006506492200732905,0.02456055526970874,,,,-0.00366300366300365,-0.001569319265132707
A03,211,1,Left_Hand,0.38653741274323994,0.12072624708995573,0.0804325727356539,-0.23261787904788803,0.3887558584936004,0.19042375909977638,-0.0022184457503604538,-0.06969751200982065,-0.0674790662594602,-0.0022184457503604538,-0.06969751200982065,-0.0674790662594602,-0.00366300366300365,-0.001569319265132707
A03,212,4,Tongue,-0.4086024107977285,-0.3262566371719683,-0.5144215610185071,-0.45707653071560383,-0.5358762583196074,-0.4731991812337867,0.12727384752187887,0.1469425440618184,0.019668696539939523,,,,-0.00366300366300365,-0.001569319265132707
A03,213,1,Left_Hand,0.09204125311488094,0.3891193473305246,-0.10830415015375697,-0.13305883416254433,-0.2888659312414663,-0.4484735974478562,0.38090718435634724,0.8375929447783808,0.4566857604220335,0.38090718435634724,0.8375929447783808,0.4566857604220335,-0.00366300366300365,-0.001569319265132707
A03,214,3,Feet,0.10105692343565294,0.02421847178572123,0.10605604697124635,0.2021761253701959,0.01519462143759259,-0.37696899253007043,0.08586230199806034,0.40118746431579166,0.31532516231773133,,,,-0.00366300366300365,-0.001569319265132707
A03,215,1,Left_Hand,0.29039666055327035,-0.10379423844807731,0.14393607579656406,-0.3374117099655811,-0.05313114133770378,-0.5035848886468176,0.34352780189097415,0.39979065019874027,0.05626284830776612,0.34352780189097415,0.39979065019874027,0.05626284830776612,-0.00366300366300365,-0.001569319265132707
A03,216,4,Tongue,0.057104992561515557,-0.31056849946461257,-0.129454788982021,-0.4901821670304649,-0.03449254689015259,-0.46595853082764593,0.09159753945166815,0.15539003136303337,0.06379249191136521,,,,-0.00366300366300365,-0.001569319265132707
A03,217,1,Left_Hand,-0.09683808959771022,-0.24479900055709855,-0.1766740261421216,-0.47218129957266713,-0.0424932725215838,-0.20529463558427075,-0.054344817076126414,-0.039504364972827805,0.01484045210329861,-0.054344817076126414,-0.039504364972827805,0.01484045210329861,-0.00366300366300365,-0.001569319265132707
A03,218,3,Feet,2.3440104542093936,1.701362358878881,1.629013835799076,0.5720693458392082,0.6222221747975419,-0.23660535209650246,1.7217882794118515,1.9379677109753835,0.21617943156353192,,,,-0.00366300366300365,-0.001569319265132707
A03,219,1,Left_Hand,-0.4596736015772894,-0.6502851157470942,-0.3770877503429798,-0.5948372242000141,-0.32034061095795757,-0.4194235950351601,-0.13933299061933185,-0.23086152071193417,-0.09152853009260231,-0.13933299061933185,-0.23086152071193417,-0.09152853009260231,-0.00366300366300365,-0.001569319265132707
A03,220,2,Right_Hand,-0.14283177325367535,-0.39123942581090465,-0.14120431663007366,-0.45087876346591044,-0.18340855250239482,-0.43032518885893306,0.04057677924871947,0.03908576304802841,-0.0014910162006910588,-0.04057677924871947,-0.03908576304802841,0.0014910162006910588,-0.00366300366300365,-0.001569319265132707
A03,221,3,Feet,-0.7128075960734476,-0.6278617377461281,-0.7184914919272893,-0.47671276845232513,-0.6470284759057492,-0.33386804127226904,-0.06577912016769838,-0.29399369647385903,-0.22821457630616065,,,,-0.00366300366300365,-0.001569319265132707
A03,222,3,Feet,0.2793453146678857,0.2061281174726661,0.027931868777954092,0.03049294348592531,-0.31638694291988667,-0.46528900536266643,0.5957322575877724,0.6714171228353325,0.07568486524756013,,,,-0.00366300366300365,-0.001569319265132707
A03,223,4,Tongue,0.2675824454919307,0.9056051034584448,0.5284308096877538,1.2035182914344271,0.15925114221733536,0.026292724314696578,0.10833130327459536,0.8793123791437483,0.7709810758691529,,,,-0.00366300366300365,-0.001569319265132707
A03,224,1,Left_Hand,-0.5611126262446635,-0.7200003779618827,-0.4904138206813375,-0.7288964164037187,-0.18602246027506053,-0.29502291099689043,-0.375090165969603,-0.4249774669649922,-0.04988730099538924,-0.375090165969603,-0.4249774669649922,-0.04988730099538924,-0.00366300366300365,-0.001569319265132707
A03,225,2,Right_Hand,-0.23549078036479976,-0.6170918260468182,-0.4379016162632619,-0.7681728146459518,-0.34695097320889423,-0.8014238463444073,0.11146019284409447,0.1843320202975891,0.07287182745349463,-0.11146019284409447,-0.1843320202975891,-0.07287182745349463,-0.00366300366300365,-0.001569319265132707
A03,226,4,Tongue,-0.6978977933841334,-0.3850063795516525,-0.5617489068896061,-0.20576241516966415,-0.5057493872471531,0.0370525393548544,-0.19214840613698025,-0.42205891890650693,-0.22991051276952668,,,,-0.00366300366300365,-0.001569319265132707
A03,227,2,Right_Hand,-0.3157802590160568,-0.6319113888003368,-0.024511969617213192,-0.23348042806266164,-0.0621197722856408,-0.21905445094665493,-0.25366048673041597,-0.4128569378536819,-0.15919645112326591,0.25366048673041597,0.4128569378536819,0.15919645112326591,-0.00366300366300365,-0.001569319265132707
A03,228,3,Feet,1.2123926325311485,0.03228880012611394,1.6375787952334557,0.42347117974940124,1.7910692676069395,0.5941688623490239,-0.578676635075791,-0.56188006222291,0.016796572852881053,,,,-0.00366300366300365,-0.001569319265132707
A03,229,3,Feet,0.1803787765571834,0.5615923063446253,-0.19218458097092245,-0.1163309546498454,0.17514418278193394,0.4504477194019277,0.005234593775249458,0.11114458694269763,0.10590999316744817,,,,-0.00366300366300365,-0.001569319265132707
A03,230,1,Left_Hand,-0.6017003419704896,-0.48883090025047005,-0.6907691511847236,-0.5707673110137004,-0.7508957108575793,-0.5144596237760556,0.14919536888708973,0.02562872352558554,-0.12356664536150419,0.14919536888708973,0.02562872352558554,-0.12356664536150419,-0.00366300366300365,-0.001569319265132707
A03,231,4,Tongue,-0.17671192756024973,-0.24394171271562282,-0.5614356775145284,-0.6174068452985375,-0.25330646324182,-0.34170779366166565,0.07659453568157026,0.09776608094604283,0.02117154526447257,,,,-0.00366300366300365,-0.001569319265132707
A03,232,4,Tongue,-0.2971538397601032,-0.6165583142519317,0.3318963871782991,-0.48571785870160866,-0.1756390285662662,-0.5508912368886227,-0.12151481119383697,-0.06566707736330901,0.05584773383052796,,,,-0.00366300366300365,-0.001569319265132707
A03,233,1,Left_Hand,-0.2630675625583168,-0.46904762824766316,-0.25452496638000666,-0.2316341085699539,-0.4812131616913507,0.07816383997035485,0.21814559913303389,-0.547211468218018,-0.7653570673510519,0.21814559913303389,-0.547211468218018,-0.7653570673510519,-0.00366300366300365,-0.001569319265132707
A03,234,1,Left_Hand,-0.5012709906729841,-0.3048262712538275,0.4795410551259912,1.331025465660184,0.12991382977406504,0.47613514471092405,-0.6311848204470492,-0.7809614159647515,-0.1497765955177024,-0.6311848204470492,-0.7809614159647515,-0.1497765955177024,-0.00366300366300365,-0.001569319265132707
A03,235,3,Feet,-0.02386758866212634,-0.06802573488890684,0.4338905825892023,-0.08305455337264604,-0.03313064763349647,-0.5834289914496184,0.009263058971370131,0.5154032565607115,0.5061401975893414,,,,-0.00366300366300365,-0.001569319265132707
A03,236,3,Feet,0.6958668336221898,1.0138249455232542,0.9502756250123882,0.977801969491718,0.243465393564192,-0.07029900419757712,0.4524014400579978,1.0841239497208313,0.6317225096628334,,,,-0.00366300366300365,-0.001569319265132707
A03,237,2,Right_Hand,1.4758358666270763,1.1603030168422463,2.128243073020284,2.157216947351782,0.6301328910624836,0.5995842357787681,0.8457029755645927,0.5607187810634783,-0.28498419450111445,-0.8457029755645927,-0.5607187810634783,0.28498419450111445,-0.00366300366300365,-0.001569319265132707
A03,238,4,Tongue,0.028534682606469526,0.5509585518183269,-0.47800666232787187,-0.3007651958712085,-0.23093216940311975,-0.10583281334801097,0.2594668520095893,0.6567913651663378,0.39732451315674855,,,,-0.00366300366300365,-0.001569319265132707
A03,239,2,Right_Hand,-0.44684683966134187,-0.5215646854520652,-0.08420960464558822,0.0025237946049676183,0.09676559173330405,0.38593962788386155,-0.5436124313946459,-0.9075043133359268,-0.36389188194128097,0.5436124313946459,0.9075043133359268,0.36389188194128097,-0.00366300366300365,-0.001569319265132707
A03,240,2,Right_Hand,-0.16329139646606153,-0.44487974504043076,-0.49274691651978514,-0.579068444860605,-0.4270425978068838,-0.5217905925299037,0.2637512013408223,0.07691084748947291,-0.1868403538513494,-0.2637512013408223,-0.07691084748947291,0.1868403538513494,-0.00366300366300365,-0.001569319265132707
A03,241,1,Left_Hand,0.22645104204022035,0.18240351857466655,0.03709826291119838,0.6111609074732484,-0.32364362324513224,0.04873414852331865,0.5500946652853526,0.1336693700513479,-0.4164252952340046,0.5500946652853526,0.1336693700513479,-0.4164252952340046,-0.00366300366300365,-0.001569319265132707
A03,242,2,Right_Hand,-0.6245218310290684,-0.7644678603719429,-0.4004607917289572,-0.46068581731616565,-0.3843737320874415,-0.3570897154621179,-0.24014809894162692,-0.40737814490982505,-0.16723004596819813,0.24014809894162692,0.40737814490982505,0.16723004596819813,-0.00366300366300365,-0.001569319265132707
A03,243,4,Tongue,-0.01510632134064974,0.5458008016511314,0.09504323779218253,1.0339914907245227,-0.08902829360836496,0.40417244159040283,0.07392197226771523,0.1416283600607286,0.06770638779301337,,,,-0.00366300366300365,-0.001569319265132707
A03,244,4,Tongue,-0.7950669456428232,-0.7697654430531674,-0.6859427953061655,-0.6030190166203123,-0.20695863771766945,-0.07978156836526747,-0.5881083079251538,-0.6899838746878999,-0.10187556676274612,,,,-0.00366300366300365,-0.001569319265132707
A03,245,2,Right_Hand,0.6114426609480992,1.1958363040995994,0.8719789899283897,1.4412637437652065,3.012783029118172,4.115528875119934,-2.401340368170073,-2.9196925710203345,-0.5183522028502616,2.401340368170073,2.9196925710203345,0.5183522028502616,-0.00366300366300365,-0.001569319265132707
A03,246,2,Right_Hand,-0.6660245943581633,-0.6811993907166558,-0.7659152712616153,-0.7835778157201494,-0.5307267850232064,-0.5192976352794785,-0.13529780933495694,-0.16190175543717733,-0.026603946102220388,0.13529780933495694,0.16190175543717733,0.026603946102220388,-0.00366300366300365,-0.001569319265132707
A03,247,2,Right_Hand,-0.6247742930956053,-0.5652438905291312,-0.6014096087728712,-0.16570651072357492,-0.6498958566863464,0.05102750566101077,0.025121563590741136,-0.6162713961901419,-0.6413929597808831,-0.025121563590741136,0.6162713961901419,0.6413929597808831,-0.00366300366300365,-0.001569319265132707
A03,248,2,Right_Hand,-0.3403904687702036,-0.45212373603352013,0.19031373844695093,-0.34736653585305655,0.41623950888242295,-0.19273059367162332,-0.7566299776526266,-0.2593931423618968,0.4972368352907298,0.7566299776526266,0.2593931423618968,-0.4972368352907298,-0.00366300366300365,-0.001569319265132707
A03,249,4,Tongue,0.5420235103133786,0.4102097493811291,-0.13921824403874816,-0.17308790305675137,-0.06399406062993146,0.1540158499781966,0.60601757094331,0.25619389940293247,-0.3498236715403775,,,,-0.00366300366300365,-0.001569319265132707
A03,250,4,Tongue,-0.26030055055661566,0.06463560105505398,-0.6854431766464348,-0.4387914265636183,-0.21848218264413008,0.25310513778391924,-0.04181836791248558,-0.18846953672886527,-0.14665116881637968,,,,-0.00366300366300365,-0.001569319265132707
A03,251,3,Feet,0.12217082621813838,-0.4445732288599108,0.5140193375422828,-0.5160100651944597,0.4834757361939578,-0.5070042848316961,-0.36130490997581943,0.06243105597178533,0.42373596594760476,,,,-0.00366300366300365,-0.001569319265132707
A03,252,4,Tongue,-0.501984970112729,-0.2795207710502636,-0.315545843868697,0.07497666565147783,-0.5273120129585992,-0.5190481879717569,0.025327042845870174,0.23952741692149332,0.21420037407562315,,,,-0.00366300366300365,-0.001569319265132707
A03,253,1,Left_Hand,-0.3056520945387051,-0.635209755460975,-0.3827305806833706,-0.6626954132498201,-0.5923606613773879,0.07401276220379056,0.28670856683868273,-0.7092225176647656,-0.9959310845034484,0.28670856683868273,-0.7092225176647656,-0.9959310845034484,-0.00366300366300365,-0.001569319265132707
A03,254,2,Right_Hand,1.0494333536901892,-0.003904278452054539,1.1945996003790855,-0.12869997269544076,0.4859849747855461,-0.38056564449456737,0.5634483789046432,0.3766613660425128,-0.18678701286213034,-0.5634483789046432,-0.3766613660425128,0.18678701286213034,-0.00366300366300365,-0.001569319265132707
A03,255,3,Feet,-0.2425965765121547,-0.06946541294611731,-0.22349680863744942,-0.1690199867538168,0.08702283390915763,-0.06643392170719843,-0.3296194104213123,-0.003031491238918882,0.32658791918239344,,,,-0.00366300366300365,-0.001569319265132707
A03,256,2,Right_Hand,-0.6396550855667389,-0.5409606183754548,-0.8267631094208623,-0.8156314549065256,-0.46338147441909816,-0.28530060597211127,-0.17627361114764073,-0.2556600124033436,-0.07938640125570284,0.17627361114764073,0.2556600124033436,0.07938640125570284,-0.00366300366300365,-0.001569319265132707
A03,257,1,Left_Hand,-0.24183169506460925,-0.6717411641862241,-0.3309021920600151,-0.5777403369522696,-0.527534713182532,-0.353857406618609,0.28570301811792276,-0.3178837575676151,-0.6035867756855379,0.28570301811792276,-0.3178837575676151,-0.6035867756855379,-0.00366300366300365,-0.001569319265132707
A03,258,4,Tongue,-0.3548098684515588,-0.44102411887167237,0.2892130799827751,0.1108518672142345,0.02853597744213211,0.18200906716335688,-0.3833458458936909,-0.6230331860350292,-0.2396873401413383,,,,-0.00366300366300365,-0.001569319265132707
A03,259,1,Left_Hand,0.6616844586261074,1.4741609163133977,-0.22150185961037833,0.38089265817277895,-0.6141621071013813,-0.5638673810235822,1.2758465657274887,2.03802829733698,0.7621817316094914,1.2758465657274887,2.03802829733698,0.7621817316094914,-0.00366300366300365,-0.001569319265132707
A03,260,4,Tongue,0.2812682274683666,0.5497624777927609,0.13000914483308829,-0.020489456082364733,0.6107725668888349,0.3808105231028386,-0.32950433942046825,0.1689519546899223,0.49845629411039055,,,,-0.00366300366300365,-0.001569319265132707
A03,261,1,Left_Hand,0.08964730227707927,-0.13126833439317448,1.0011253574884624,0.6885606460385247,0.809771942272623,0.3178779796943756,-0.7201246399955437,-0.44914631408755007,0.2709783259079936,-0.7201246399955437,-0.44914631408755007,0.2709783259079936,-0.00366300366300365,-0.001569319265132707
A03,262,1,Left_Hand,1.3115357707730715,1.1638954562102424,0.7931111462171819,0.6801379422115418,1.2071624667805303,0.518131178058797,0.10437330399254119,0.6457642781514453,0.5413909741589041,0.10437330399254119,0.6457642781514453,0.5413909741589041,-0.00366300366300365,-0.001569319265132707
A03,263,1,Left_Hand,-0.40170780384557403,-0.393060601702072,-0.09796119237101067,-0.2165700900869032,1.1881687086497765,0.13760634153387266,-1.5898765124953504,-0.5306669432359447,1.059209569259406,-1.5898765124953504,-0.5306669432359447,1.059209569259406,-0.00366300366300365,-0.001569319265132707
A03,264,3,Feet,-0.5095732583255794,-0.798329074621327,-0.37500852143004665,-0.7619126936849756,0.40166690456810805,0.2049217903570991,-0.9112401628936875,-1.003250864978426,-0.0920107020847385,,,,-0.00366300366300365,-0.001569319265132707
A03,265,3,Feet,-0.232051804040082,-0.6156686061458541,0.3059994319768975,-0.5489061684663112,1.1848249920971519,0.5176923975916353,-1.416876796137234,-1.1333610037374893,0.28351579239974467,,,,-0.00366300366300365,-0.001569319265132707
A03,266,4,Tongue,0.7233662127307546,0.31538151348998134,0.12311012267808753,-0.12830023370219654,-0.5218380888891604,-0.665919068789966,1.245204301619915,0.9813005822799473,-0.2639037193399677,,,,-0.00366300366300365,-0.001569319265132707
A03,267,2,Right_Hand,-0.09740472144291838,-0.084733527799248,0.13476890083011459,-0.2488532296559817,-0.14840130375478022,-0.494829419655727,0.05099658231186184,0.410095891856479,0.35909930954461716,-0.05099658231186184,-0.410095891856479,-0.35909930954461716,-0.00366300366300365,-0.001569319265132707
A03,268,3,Feet,0.4601745796972477,0.3199070557265446,0.05688248552260311,-0.39841447111263173,0.31245894056752405,-0.2557788583360724,0.14771563912972363,0.5756859140626169,0.4279702749328933,,,,-0.00366300366300365,-0.001569319265132707
A03,269,4,Tongue,0.3487203586759709,-0.1574615069675511,0.8002817794531862,0.22892126153124195,1.482011314316085,0.8072328540009648,-1.133290955640114,-0.9646943609685159,0.16859659467159815,,,,-0.00366300366300365,-0.001569319265132707
A03,270,3,Feet,1.9705604461881105,0.6537813061640152,1.3866711436412165,0.6559350377454067,1.3702067955164865,0.526416074587712,0.600353650671624,0.1273652315763032,-0.47298841909532086,,,,-0.00366300366300365,-0.001569319265132707
A03,271,1,Left_Hand,-0.5813853975621897,-0.7108806516791023,-0.5230958143958824,-0.17068285687360202,-0.6888739001178108,-0.6608136504273129,0.10748850255562115,-0.05006700125178942,-0.15755550380741057,0.10748850255562115,-0.05006700125178942,-0.15755550380741057,-0.00366300366300365,-0.001569319265132707
A03,272,3,Feet,0.27454972519567344,0.20299092913533673,-0.16184208217510393,-0.5409034740242501,-0.279964981011821,-0.6534508697674865,0.5545147062074944,0.8564417989028232,0.3019270926953288,,,,-0.00366300366300365,-0.001569319265132707
A04,0,4,Tongue,1.9560849940798097,1.663514248950001,1.3336515055227467,0.6609038484749491,0.7532787223258992,0.2007618611029935,1.2028062717539105,1.4627523878470075,0.2599461160930969,,,,-0.02631578947368418,-0.027482121801537418
A04,1,3,Feet,1.0482480442492432,0.8591576130964513,1.550561113523338,1.3094425289910148,0.8291177155852456,0.7762265512428314,0.21913032866399762,0.08293106185361998,-0.13619926681037764,,,,-0.02631578947368418,-0.027482121801537418
A04,2,2,Right_Hand,-0.25428226766877776,0.08885289032890857,-0.25831328644623536,0.0755698957539142,-0.16880534325567148,0.07917202988438655,-0.08547692441310628,0.009680860444522016,0.0951577848576283,0.08547692441310628,-0.009680860444522016,-0.0951577848576283,-0.02631578947368418,-0.027482121801537418
A04,3,1,Left_Hand,-0.2536868829737539,-0.18558380217550788,-0.3562960756102194,-0.485542847841149,-0.39851880293491565,-0.5057324477249897,0.14483191996116174,0.32014864554948186,0.17531672558832012,0.14483191996116174,0.32014864554948186,0.17531672558832012,-0.02631578947368418,-0.027482121801537418
A04,4,1,Left_Hand,-0.015823046730636874,-0.05843800399985732,0.2191108033723595,0.013408789943147212,1.6627736191638207,1.6866765442638432,-1.6785966658944576,-1.7451145482637005,-0.06651788236924294,-1.6785966658944576,-1.7451145482637005,-0.06651788236924294,-0.02631578947368418,-0.027482121801537418
A04,5,2,Right_Hand,-0.17738664979581045,-0.3960680873253302,-0.6009872699042453,-0.7260992909040983,-0.8039479878535674,-0.8598520501100309,0.6265613380577569,0.46378396278470063,-0.1627773752730563,-0.6265613380577569,-0.46378396278470063,0.1627773752730563,-0.02631578947368418,-0.027482121801537418
A04,6,3,Feet,-0.49407838389305786,-0.36973585086345445,-0.32857839497700136,-0.1878179107710749,-0.7643655390861821,-0.606436622427116,0.27028715519312424,0.2367007715636616,-0.033586383629462646,,,,-0.02631578947368418,-0.027482121801537418
A04,7,2,Right_Hand,-0.7659637219117611,-0.7744679674260535,-0.7814972869336891,-0.7660941024538005,-0.6352986368511665,-0.5887951913266357,-0.1306650850605946,-0.1856727760994178,-0.05500769103882319,0.1306650850605946,0.1856727760994178,0.05500769103882319,-0.02631578947368418,-0.027482121801537418
A04,8,1,Left_Hand,-0.3063793077803513,-0.46953608121766266,-0.6382873229561795,-0.7735321532449926,-0.5327802649417884,-0.7114093594742081,0.22640095716143716,0.24187327825654548,0.015472321095108321,0.22640095716143716,0.24187327825654548,0.015472321095108321,-0.02631578947368418,-0.027482121801537418
A04,9,1,Left_Hand,-0.07364524386640785,0.23471186507734898,-0.3491097271287082,-0.3486338892746872,1.6785446198146796,1.9770017638001482,-1.7521898636810875,-1.7422898987227993,0.009899964958288265,-1.7521898636810875,-1.7422898987227993,0.009899964958288265,-0.02631578947368418,-0.027482121801537418
A04,10,1,Left_Hand,-0.7930653042127584,-0.48571895715514696,-0.5847018839030514,0.378392490413804,-0.5520039972042272,0.5369368194470958,-0.24106130700853123,-1.0226557766022428,-0.7815944695937116,-0.24106130700853123,-1.0226557766022428,-0.7815944695937116,-0.02631578947368418,-0.027482121801537418
A04,11,2,Right_Hand,-0.20114553859466272,0.22732497733265686,-0.536927434468396,-0.3113583828425986,-0.8244668162780676,-0.7423676610978245,0.623321277683405,0.9696926384304814,0.3463713607470764,-0.623321277683405,-0.9696926384304814,-0.3463713607470764,-0.02631578947368418,-0.027482121801537418
A04,12,2,Right_Hand,0.8409757033513791,0.3458940577617701,0.8805889459597467,0.30036615300101505,0.7921883489050598,0.7286318815336239,0.04878735444631921,-0.3827378237718538,-0.431525178218173,-0.04878735444631921,0.3827378237718538,0.431525178218173,-0.02631578947368418,-0.027482121801537418
A04,13,1,Left_Hand,-0.21334692455082177,-0.2659102085442568,-0.32106040834050903,-0.44200488342877947,-0.5647760004654389,-0.7008459523779742,0.3514290759146171,0.4349357438337174,0.08350666791910033,0.3514290759146171,0.4349357438337174,0.08350666791910033,-0.02631578947368418,-0.027482121801537418
A04,14,1,Left_Hand,-0.2959161212466671,-0.4423286902368202,-0.6277398169089276,-0.7773382587892074,-0.6019893147453551,-0.7734169114436004,0.306073193498688,0.33108822120678016,0.025015027708092163,0.306073193498688,0.33108822120678016,0.025015027708092163,-0.02631578947368418,-0.027482121801537418
A04,15,3,Feet,0.8176915472906877,0.7917958685016986,2.0873364165344017,2.3141778803216453,6.234439358211255,6.693009889586953,-5.416747810920568,-5.901214021085255,-0.48446621016468683,,,,-0.02631578947368418,-0.027482121801537418
A04,16,1,Left_Hand,-0.3751222714002477,-0.3237183896535749,0.35314238196936987,0.8409136589669919,-0.15743141648857123,0.19242998394451974,-0.21769085491167645,-0.5161483735980946,-0.2984575186864182,-0.21769085491167645,-0.5161483735980946,-0.2984575186864182,-0.02631578947368418,-0.027482121801537418
A04,17,2,Right_Hand,-0.289417324650797,-0.6192578244627412,0.399721158447394,-0.3345844925275478,1.0610200000051626,0.15835623755040248,-1.3504373246559596,-0.7776140620131438,0.5728232626428158,1.3504373246559596,0.7776140620131438,-0.5728232626428158,-0.02631578947368418,-0.027482121801537418
A04,18,4,Tongue,-0.8779477240190471,-0.8692718424429133,-0.5509662334652031,-0.6231992784311957,0.33450347915052847,0.03506490773633241,-1.2124512031695756,-0.9043367501792458,0.3081144529903298,,,,-0.02631578947368418,-0.027482121801537418
A04,19,4,Tongue,-0.8569469046830129,-0.8499796942757598,-0.745739846013994,-0.7039431886771215,-0.1958759442831304,-0.13242549947415905,-0.6610709603998826,-0.7175541948016008,-0.05648323440171821,,,,-0.02631578947368418,-0.027482121801537418
A04,20,4,Tongue,-0.4591391645048981,-0.3197813695321178,-0.4841308955902044,-0.38628536367880356,-0.5278821325991478,-0.5575205225031776,0.06874296809424973,0.23773915297105985,0.16899618487681012,,,,-0.02631578947368418,-0.027482121801537418
A04,21,2,Right_Hand,-0.44093804908837936,-0.6118154167577607,-0.028851117869931286,-0.3542976429819503,0.697265167872506,0.2446490422413876,-1.1382032169608853,-0.8564644589991484,0.281738757961737,1.1382032169608853,0.8564644589991484,-0.281738757961737,-0.02631578947368418,-0.027482121801537418
A04,22,4,Tongue,0.3593452742582802,0.1147589430481898,0.06137440887968579,-0.34971683564738376,0.23430333538575512,-0.10323201819670287,0.1250419388725251,0.21799096124489267,0.09294902237236757,,,,-0.02631578947368418,-0.027482121801537418
A04,23,2,Right_Hand,0.7382723008703953,1.3715389096007131,1.0658038483889996,2.24857344780117,1.2686142868598669,2.4284968459299456,-0.5303419859894716,-1.0569579363292325,-0.5266159503397609,0.5303419859894716,1.0569579363292325,0.5266159503397609,-0.02631578947368418,-0.027482121801537418
A04,24,3,Feet,-0.6444329387194759,-0.578715262922153,-0.5751415148053803,-0.520309827568863,-0.41292577190232305,-0.4476506614098019,-0.2315071668171529,-0.1310646015123511,0.10044256530480178,,,,-0.02631578947368418,-0.027482121801537418
A04,25,3,Feet,0.23865095255529248,0.09928018322030956,0.26364145684900964,0.17534651777962326,0.32836934820610303,0.26277201252149424,-0.08971839565081055,-0.16349182930118467,-0.07377343365037412,,,,-0.02631578947368418,-0.027482121801537418
A04,26,3,Feet,-0.057053948018819294,0.16537475925912773,0.6820683424546904,1.676116403059143,-0.07074129240052102,0.2552308606437077,0.013687344381701723,-0.08985610138457997,-0.10354344576628169,,,,-0.02631578947368418,-0.027482121801537418
A04,27,1,Left_Hand,0.6933714321973659,0.1649352333354259,0.3863104392527631,-0.27953285252497045,1.0528247631180039,0.5263955554802411,-0.359453330920638,-0.36146032214481516,-0.002006991224177135,-0.359453330920638,-0.36146032214481516,-0.002006991224177135,-0.02631578947368418,-0.027482121801537418
A04,28,4,Tongue,-0.13326327979585814,-0.3115700059919761,-0.4841415793607946,-0.6117163136521341,0.1530490339140281,0.01210175723037649,-0.28631231370988625,-0.3236717632223526,-0.037359449512466336,,,,-0.02631578947368418,-0.027482121801537418
A04,29,2,Right_Hand,-0.46688007831644657,-0.6468857259201672,-0.667601912418208,-0.6743296863424105,-0.26600544824199557,-0.027027442496095726,-0.200874630074451,-0.6198582834240716,-0.41898365334962057,0.200874630074451,0.6198582834240716,0.41898365334962057,-0.02631578947368418,-0.027482121801537418
A04,30,3,Feet,0.09682381151127645,-0.15819112007187813,-0.3057498989595146,-0.5469895759792842,-0.4314643472686947,-0.5469408550951369,0.5282881587799712,0.38874973502325877,-0.13953842375671238,,,,-0.02631578947368418,-0.027482121801537418
A04,31,3,Feet,0.6925616833350945,0.5616402121082175,0.01644269006172973,-0.21485842678255546,0.7442154876347689,0.48217052667791394,-0.051653804299674366,0.07946968543030353,0.1311234897299779,,,,-0.02631578947368418,-0.027482121801537418
A04,32,2,Right_Hand,-0.2756274557576971,-0.3857952419883768,-0.3172717476484987,-0.4546162234613939,-0.4421770004888445,-0.5680190137369621,0.16654954473114741,0.18222377174858528,0.01567422701743787,-0.16654954473114741,-0.18222377174858528,-0.01567422701743787,-0.02631578947368418,-0.027482121801537418
A04,33,3,Feet,0.6321765298803516,0.5502855396193429,0.6707711813283425,0.49897165618523387,-0.034588228633379334,-0.09077533582316828,0.6667647585137308,0.6410608754425112,-0.025703883071219624,,,,-0.02631578947368418,-0.027482121801537418
A04,34,1,Left_Hand,-0.21120265358986845,-0.2962885051871361,1.155594061287047,1.1030750764809294,1.6103474342556838,0.9780828735761583,-1.8215500878455524,-1.2743713787632944,0.547178709082258,-1.8215500878455524,-1.2743713787632944,0.547178709082258,-0.02631578947368418,-0.027482121801537418
A04,35,1,Left_Hand,-0.7946915865975563,-0.6971367434771673,-0.8092521214042475,-0.6247515572377121,-0.6479805840989963,-0.367960285238519,-0.14671100249856006,-0.3291764582386483,-0.1824654557400882,-0.14671100249856006,-0.3291764582386483,-0.1824654557400882,-0.02631578947368418,-0.027482121801537418
A04,36,1,Left_Hand,0.7293468499461944,0.6389991052554428,0.33378137196934915,0.1055650353656178,0.05045625894596496,-0.23861939096882112,0.6788905910002294,0.8776184962242639,0.1987279052240345,0.6788905910002294,0.8776184962242639,0.1987279052240345,-0.02631578947368418,-0.027482121801537418
A04,37,4,Tongue,-0.274029531325456,-0.1629083880972618,0.22161832123617398,0.51540149812532,-0.4611776108462304,-0.30808568239996664,0.1871480795207744,0.14517729430270485,-0.041970785218069545,,,,-0.02631578947368418,-0.027482121801537418
A04,38,2,Right_Hand,-0.0560373766112851,-0.10148215071483423,-0.06871175027269891,-0.15404439147186139,0.52862993376527,0.31998932798462126,-0.5846673103765551,-0.4214714786994555,0.16319583167709956,0.5846673103765551,0.4214714786994555,-0.16319583167709956,-0.02631578947368418,-0.027482121801537418
A04,39,1,Left_Hand,-0.6772743401424016,-0.7050832593833075,-0.5662866631470164,-0.7987186734589455,0.17337367984849195,-0.27813054353032135,-0.8506480199908936,-0.42695271585298616,0.4236953041379074,-0.8506480199908936,-0.42695271585298616,0.4236953041379074,-0.02631578947368418,-0.027482121801537418
A04,40,3,Feet,0.14449450580867765,0.3563183318555076,-0.11866992468983292,-0.08540469158092936,-0.05509599761759148,0.04634259797051796,0.19959050342626913,0.30997573388498967,0.11038523045872053,,,,-0.02631578947368418,-0.027482121801537418
A04,41,1,Left_Hand,-0.42949809627376856,-0.5372344499074082,-0.3961754058079133,-0.4665436109333753,-0.49467841920621114,-0.46755658647734805,0.06518032293244258,-0.06967786343006016,-0.13485818636250274,0.06518032293244258,-0.06967786343006016,-0.13485818636250274,-0.02631578947368418,-0.027482121801537418
A04,42,2,Right_Hand,2.694038930472193,2.3954037061177345,2.0717311698134364,1.5286644488455299,1.465844179948926,1.4220131409094072,1.228194750523267,0.9733905652083272,-0.25480418531493987,-1.228194750523267,-0.9733905652083272,0.25480418531493987,-0.02631578947368418,-0.027482121801537418
A04,43,4,Tongue,-0.48357614586576253,-0.6409397180094293,-0.4846779612544215,-0.6856755291179043,0.06619214163205223,-0.12901465034784748,-0.5497682874978147,-0.5119250676615819,0.037843219836232844,,,,-0.02631578947368418,-0.027482121801537418
A04,44,1,Left_Hand,-0.5352930964586744,-0.5632962728668609,-0.07848211964480653,-0.08372361311154744,-0.11772925977588686,-0.18465770558117317,-0.4175638366827875,-0.37863856728568773,0.03892526939709978,-0.4175638366827875,-0.37863856728568773,0.03892526939709978,-0.02631578947368418,-0.027482121801537418
A04,45,3,Feet,0.8643701069616616,0.6867382205957085,0.4944494585750432,-0.19749588415467856,0.6323033125631368,-0.0874285917820886,0.23206679439852484,0.7741668123777972,0.5421000179792723,,,,-0.02631578947368418,-0.027482121801537418
A04,46,1,Left_Hand,-0.44478345160010335,-0.4097642194386566,-0.2696321350171842,-0.2354703622035527,0.18764796003189835,0.37434463002503876,-0.6324314116320017,-0.7841088494636954,-0.15167743783169374,-0.6324314116320017,-0.7841088494636954,-0.15167743783169374,-0.02631578947368418,-0.027482121801537418
A04,47,3,Feet,1.1793235883184934,0.5772636878709153,0.964879581683981,0.24010892566477415,-0.5930387266335487,-0.6573630526108208,1.772362314952042,1.2346267404817362,-0.5377355744703058,,,,-0.02631578947368418,-0.027482121801537418
A04,48,4,Tongue,0.03947600609200698,-0.0432412682543292,0.9145375576301953,0.8242377440537428,0.7790445091503214,0.8429810473739955,-0.7395685030583145,-0.8862223156283247,-0.1466538125700102,,,,-0.02631578947368418,-0.027482121801537418
A04,49,3,Feet,-0.3309766346970547,-0.37101783163051205,-0.534500955324969,-0.5549575600759254,0.26986421322194054,0.3785110828940963,-0.6008408479189953,-0.7495289145246083,-0.14868806660561307,,,,-0.02631578947368418,-0.027482121801537418
A04,50,1,Left_Hand,1.1347686033413142,1.4181378388393546,0.47466910045266325,0.5414322891973065,-0.27887006504760875,-0.24938337968861385,1.413638668388923,1.6675212185279684,0.25388255013904537,1.413638668388923,1.6675212185279684,0.25388255013904537,-0.02631578947368418,-0.027482121801537418
A04,51,4,Tongue,0.06278184887071081,0.49784102192818147,0.47016215957636315,1.314267372924324,-0.43979469989198233,0.034974840483437956,0.5025765487626932,0.4628661814447435,-0.03971036731794969,,,,-0.02631578947368418,-0.027482121801537418
A04,52,2,Right_Hand,-0.7892129324353129,-0.8167654847173617,-0.817602881683923,-0.831322092327463,-0.6927071112658125,-0.7482787978256895,-0.09650582116950035,-0.06848668689167214,0.028019134277828206,0.09650582116950035,0.06848668689167214,-0.028019134277828206,-0.02631578947368418,-0.027482121801537418
A04,53,4,Tongue,-0.5696651837356146,-0.46535909489709654,-0.8340885664742506,-0.8589501424928239,-0.5201063866462714,-0.5134828192164678,-0.04955879708934319,0.04812372431937123,0.09768252140871442,,,,-0.02631578947368418,-0.027482121801537418
A04,54,1,Left_Hand,-0.21247608762699888,-0.46343839788140967,-0.06877920140099883,-0.48369761434002445,-0.11157709136751381,-0.47263367607901496,-0.10089899625948506,0.009195278197605294,0.11009427445709036,-0.10089899625948506,0.009195278197605294,0.11009427445709036,-0.02631578947368418,-0.027482121801537418
A04,55,3,Feet,-0.5155556093531001,-0.37822222089168306,-0.38198530234813044,-0.12732253230423357,-0.07847530215403593,-0.32592213757161564,-0.43708030719906416,-0.052300083320067414,0.38478022387899674,,,,-0.02631578947368418,-0.027482121801537418
A04,56,1,Left_Hand,-0.7632599283236641,-0.6961407894903063,-0.7329745667424185,-0.49802417120237835,-0.7397004233498687,-0.5105084793944735,-0.02355950497379533,-0.1856323100958328,-0.16207280512203748,-0.02355950497379533,-0.1856323100958328,-0.16207280512203748,-0.02631578947368418,-0.027482121801537418
A04,57,3,Feet,0.4777249382985226,0.2714670005150871,0.15152295249050815,0.26053256608430925,0.43912419115472767,0.5465129215964265,0.03860074714379491,-0.2750459210813394,-0.3136466682251343,,,,-0.02631578947368418,-0.027482121801537418
A04,58,3,Feet,-0.09654350192873415,-0.15010865266418574,0.9526563015945644,1.4251204725365787,0.5827702425183273,0.9236396500516091,-0.6793137444470615,-1.0737483027157948,-0.3944345582687333,,,,-0.02631578947368418,-0.027482121801537418
A04,59,1,Left_Hand,0.29659924489230566,-0.16642779684843814,-0.3300454921751099,-0.3916845986484222,0.3690112314555678,0.27095963261299283,-0.07241198656326214,-0.43738742946143094,-0.3649754428981688,-0.07241198656326214,-0.43738742946143094,-0.3649754428981688,-0.02631578947368418,-0.027482121801537418
A04,60,3,Feet,0.6673999861497454,0.3830541900169456,1.907691470601752,0.7543711939209968,0.3357064007108678,0.060033125415087776,0.33169358543887756,0.3230210646018578,-0.008672520837019748,,,,-0.02631578947368418,-0.027482121801537418
A04,61,4,Tongue,-0.34244446298691944,-0.274991379476287,-0.16694118347195194,-0.2990669114972607,0.9709414102282317,0.5983999385735831,-1.313385873215151,-0.87339131804987,0.4399945551652811,,,,-0.02631578947368418,-0.027482121801537418
A04,62,2,Right_Hand,-0.3583650733577099,-0.006020702717764185,-0.10880657798551237,0.22258355289502912,0.4263470398955217,1.0543303723479,-0.7847121132532315,-1.0603510750656642,-0.27563896181243264,0.7847121132532315,1.0603510750656642,0.27563896181243264,-0.02631578947368418,-0.027482121801537418
A04,63,1,Left_Hand,0.4270479498649991,0.3991504681861677,0.23877242137933155,0.6254300396431826,0.2845278460300048,0.8400819690208184,0.1425201038349943,-0.44093150083465077,-0.5834516046696451,0.1425201038349943,-0.44093150083465077,-0.5834516046696451,-0.02631578947368418,-0.027482121801537418
A04,64,4,Tongue,-0.7288352194524264,-0.6559853642630098,-0.26337424337435117,-0.3222368583172498,1.3676506094682797,1.59924290449233,-2.096485828920706,-2.2552282687553395,-0.15874243983463376,,,,-0.02631578947368418,-0.027482121801537418
A04,65,2,Right_Hand,-0.5493914417008716,-0.46610342737305543,-0.5190216457475052,-0.5449663743085971,-0.251452423556284,-0.3359751494856933,-0.2979390181445876,-0.13012827788736214,0.16781074025722548,0.2979390181445876,0.13012827788736214,-0.16781074025722548,-0.02631578947368418,-0.027482121801537418
A04,66,4,Tongue,-0.826355399305644,-0.8372777369769505,-0.35089107633658384,-0.3643542768873149,1.6019153256259984,2.4101551187587877,-2.428270724931642,-3.247432855735738,-0.819162130804096,,,,-0.02631578947368418,-0.027482121801537418
A04,67,3,Feet,-0.01667343231163953,0.11164365869339198,0.4568152212543817,0.772146879123607,1.33567892755774,1.862382350627237,-1.3523523598693796,-1.750738691933845,-0.3983863320644654,,,,-0.02631578947368418,-0.027482121801537418
A04,68,2,Right_Hand,-0.6334457799164673,-0.47313013292690204,-0.07019873309978397,0.423045689420855,1.9408265580579824,3.112940029298201,-2.57427233797445,-3.586070162225103,-1.0117978242506531,2.57427233797445,3.586070162225103,1.0117978242506531,-0.02631578947368418,-0.027482121801537418
A04,69,2,Right_Hand,0.4047811636829156,0.2801839781573824,0.3629099825201945,0.20641586198963818,0.4129448409296156,0.5210103414624604,-0.008163677246699974,-0.240826363305078,-0.23266268605837803,0.008163677246699974,0.240826363305078,0.23266268605837803,-0.02631578947368418,-0.027482121801537418
A04,70,2,Right_Hand,-0.6948910302129936,-0.44530837527028994,-0.449180287701418,-0.1796192491208338,-0.4465130561777633,-0.27839452339885407,-0.24837797403523026,-0.16691385187143587,0.0814641221637944,0.24837797403523026,0.16691385187143587,-0.0814641221637944,-0.02631578947368418,-0.027482121801537418
A04,71,1,Left_Hand,-0.13195479398117207,-0.24215437627225353,-0.3512209659969569,-0.49917369899929404,-0.10900905348324318,-0.3362829075251807,-0.0229457404979289,0.09412853125292717,0.11707427175085607,-0.0229457404979289,0.09412853125292717,0.11707427175085607,-0.02631578947368418,-0.027482121801537418
A04,72,2,Right_Hand,-0.2815862388976062,-0.32945215861137955,-0.21895421527847855,-0.1988728728391969,0.7154500646121753,1.2737387476044464,-0.9970363035097816,-1.603190906215826,-0.6061546027060445,0.9970363035097816,1.603190906215826,0.6061546027060445,-0.02631578947368418,-0.027482121801537418
A04,73,4,Tongue,1.317194457376488,1.1219775123626021,0.5803564474825403,0.6614926850585714,0.8209090637314403,1.4160876786779062,0.49628539364504765,-0.29411016631530407,-0.7903955599603517,,,,-0.02631578947368418,-0.027482121801537418
A04,74,1,Left_Hand,-0.21906055571787705,-0.10337403060347763,-0.31660618868243573,-0.17850631059559932,-0.5360244037891583,-0.47752728809162215,0.3169638480712812,0.37415325748814454,0.057189409416863346,0.3169638480712812,0.37415325748814454,0.057189409416863346,-0.02631578947368418,-0.027482121801537418
A04,75,3,Feet,-0.4346170315755475,-0.5133082416652436,-0.6550064461504117,-0.72596394983977,-0.5040081044209928,-0.5809576088940761,0.06939107284544527,0.06764936722883252,-0.0017417056166127431,,,,-0.02631578947368418,-0.027482121801537418
A04,76,3,Feet,-0.4782743048033257,-0.5559245186959307,-0.47428897591926034,-0.4347641051866173,-0.07561951824899917,0.010833311902080386,-0.40265478655432657,-0.5667578305980111,-0.16410304404368453,,,,-0.02631578947368418,-0.027482121801537418
A04,77,4,Tongue,0.06855436551732955,0.1184246764845157,0.12922735857143683,0.37701395702575025,0.4002737896241629,0.9675261508336741,-0.3317194241068333,-0.8491014743491584,-0.5173820502423251,,,,-0.02631578947368418,-0.027482121801537418
A04,78,1,Left_Hand,-0.09126948351249675,-0.01091106921265913,-0.22558560210026646,-0.11875176832729685,-0.23924820504084282,-0.030707739934235305,0.14797872152834607,0.019796670721576176,-0.1281820508067699,0.14797872152834607,0.019796670721576176,-0.1281820508067699,-0.02631578947368418,-0.027482121801537418
A04,79,1,Left_Hand,-0.9147114301891123,-0.9054199550734375,-0.8510241649107066,-0.8550450013009157,-0.3462164775555392,-0.3877525619650792,-0.5684949526335731,-0.5176673931083584,0.05082755952521467,-0.5684949526335731,-0.5176673931083584,0.05082755952521467,-0.02631578947368418,-0.027482121801537418
A04,80,3,Feet,-0.024525623537083836,0.04217609000310527,-0.4720294107454723,-0.4859523486551787,-0.09472666484124824,-0.22962085174561797,0.07020104130416441,0.27179694174872326,0.20159590044455886,,,,-0.02631578947368418,-0.027482121801537418
A04,81,4,Tongue,0.9004620578006027,0.9360131836815756,2.033303968633669,2.757905045771496,2.4359390401107817,4.078268078275441,-1.535476982310179,-3.142254894593865,-1.606777912283686,,,,-0.02631578947368418,-0.027482121801537418
A04,82,4,Tongue,-0.6604573038603375,-0.7248014571571686,-0.5742046059630449,-0.6429430379488964,-0.27332422801711526,-0.33516401661364836,-0.38713307584322226,-0.38963744054352023,-0.0025043647002979674,,,,-0.02631578947368418,-0.027482121801537418
A04,83,2,Right_Hand,0.8888899706493077,0.8165196416949907,2.6856457114055012,3.1399980387752104,0.795009273675243,1.427509373256671,0.09388069697406476,-0.6109897315616803,-0.7048704285357451,-0.09388069697406476,0.6109897315616803,0.7048704285357451,-0.02631578947368418,-0.027482121801537418
A04,84,1,Left_Hand,-0.2896717133455929,-0.2855749612749195,0.13515097527245304,0.14982927270638882,-0.10305312641517501,0.024324280453562133,-0.18661858693041788,-0.3098992417284816,-0.12328065479806372,-0.18661858693041788,-0.3098992417284816,-0.12328065479806372,-0.02631578947368418,-0.027482121801537418
A04,85,3,Feet,-0.5128553015973546,-0.5546454307217902,-0.1669914819432037,-0.16913309952851663,0.9796431873714555,1.4526864802705197,-1.4924984889688102,-2.00733191099231,-0.5148334220234996,,,,-0.02631578947368418,-0.027482121801537418
A04,86,2,Right_Hand,0.34570018085305815,0.6866220929604251,-0.5700965084188369,-0.34704676630484754,0.2149054444517676,0.23706336842652928,0.13079473640129055,0.4495587245338958,0.3187639881326052,-0.13079473640129055,-0.4495587245338958,-0.3187639881326052,-0.02631578947368418,-0.027482121801537418
A04,87,4,Tongue,1.587160113645731,1.5080469881643062,2.040771508695236,1.2320031075106195,0.6047589128082937,0.15780210395412575,0.9824012008374372,1.3502448842101804,0.3678436833727432,,,,-0.02631578947368418,-0.027482121801537418
A04,88,1,Left_Hand,0.3016961228468777,0.23640903626416873,0.5045703183231997,0.6786931705197042,1.504999665555345,1.6960078623486432,-1.2033035427084673,-1.4595988260844746,-0.25629528337600727,-1.2033035427084673,-1.4595988260844746,-0.25629528337600727,-0.02631578947368418,-0.027482121801537418
A04,89,2,Right_Hand,-0.38895395712231723,-0.47037107590980365,-0.6936688327855477,-0.7275076987984859,-0.40993984323009924,-0.31265569733159776,0.020985886107782015,-0.1577153785782059,-0.1787012646859879,-0.020985886107782015,0.1577153785782059,0.1787012646859879,-0.02631578947368418,-0.027482121801537418
A04,90,4,Tongue,-0.4019803687074944,-0.2196651398706673,-0.16623013476053336,0.09727065296961293,-0.1449332684220015,0.2848629323623524,-0.2570471002854929,-0.5045280722330197,-0.24748097194752677,,,,-0.02631578947368418,-0.027482121801537418
A04,91,1,Left_Hand,2.369022482212673,2.954519404606149,1.2442778419178437,1.6432733732394413,1.294132706448687,1.8310787763203702,1.0748897757639861,1.1234406282857787,0.04855085252179259,1.0748897757639861,1.1234406282857787,0.04855085252179259,-0.02631578947368418,-0.027482121801537418
A04,92,2,Right_Hand,-0.1696357441319439,-0.08463332563730563,-0.26090766531747667,-0.1827702519889202,-0.25735034434508736,0.009240780380346623,0.08771460021314345,-0.09387410601765225,-0.1815887062307957,-0.08771460021314345,0.09387410601765225,0.1815887062307957,-0.02631578947368418,-0.027482121801537418
A04,93,2,Right_Hand,-0.4519217431529822,-0.3151327714103333,-0.7510191835427283,-0.7364244345967097,-0.3180635697886814,-0.25831885988478875,-0.13385817336430084,-0.05681391152554455,0.07704426183875629,0.13385817336430084,0.05681391152554455,-0.07704426183875629,-0.02631578947368418,-0.027482121801537418
A04,94,1,Left_Hand,-0.4362517223184418,-0.5244424850980313,-0.6363558770033905,-0.7664879451342993,-0.28257469288411147,-0.36149909573968053,-0.15367702943433031,-0.16294338935835073,-0.009266359924020418,-0.15367702943433031,-0.16294338935835073,-0.009266359924020418,-0.02631578947368418,-0.027482121801537418
A04,95,1,Left_Hand,-0.2587026351614087,-0.3284938946155962,-0.33981102609581976,-0.40008808170044385,0.5337186128861425,0.566757936107133,-0.7924212480475512,-0.8952518307227292,-0.10283058267517797,-0.7924212480475512,-0.8952518307227292,-0.10283058267517797,-0.02631578947368418,-0.027482121801537418
A04,96,4,Tongue,0.4210617197265025,0.9141224874535065,-0.2780126751867984,-0.06732151950799262,0.017042931083423356,0.1268901917485023,0.40401878864307916,0.7872322957050042,0.38321350706192503,,,,-0.02631578947368418,-0.027482121801537418
A04,97,2,Right_Hand,-0.1040595674579969,-0.2512486475041023,-0.5552603848052061,-0.5808933423517915,-0.5309155871571897,-0.43512119901427887,0.4268560196991928,0.18387255151017656,-0.24298346818901623,-0.4268560196991928,-0.18387255151017656,0.24298346818901623,-0.02631578947368418,-0.027482121801537418
A04,98,1,Left_Hand,-0.6017584361705791,-0.5753733515339934,-0.2686246015041106,-0.385175044144271,-0.2885387441288638,-0.28505889406091267,-0.3132196920417153,-0.2903144574730807,0.02290523456863458,-0.3132196920417153,-0.2903144574730807,0.02290523456863458,-0.02631578947368418,-0.027482121801537418
A04,99,2,Right_Hand,-0.4401988453297062,-0.5026151678999047,-0.15400778105620996,-0.3424929448621507,0.3665969633700949,0.27366238931172654,-0.806795808699801,-0.7762775572116312,0.03051825148816989,0.806795808699801,0.7762775572116312,-0.03051825148816989,-0.02631578947368418,-0.027482121801537418
A04,100,3,Feet,-0.25985872617363814,-0.37597632421032334,-0.19554866941253934,-0.2685393917794319,-0.7333596124565488,-0.8059567051677557,0.47350088628291065,0.4299803809574324,-0.04352050532547824,,,,-0.02631578947368418,-0.027482121801537418
A04,101,4,Tongue,0.8298714543717557,1.049620276480512,2.065968189062959,2.801254326887028,2.3438006983764343,3.0863162501125805,-1.5139292440046788,-2.0366959736320682,-0.5227667296273895,,,,-0.02631578947368418,-0.027482121801537418
A04,102,3,Feet,0.7225235136338843,0.7349635445914776,0.4827804750769015,0.5841304497058196,0.16717900192683935,0.016491529593519714,0.555344511707045,0.7184720149979579,0.16312750329091286,,,,-0.02631578947368418,-0.027482121801537418
A04,103,3,Feet,-0.043498211656667514,0.5420780143440337,-0.1958279869267924,0.18256621179790353,-0.17407558716652471,0.39245092327248915,0.1305773755098572,0.14962709107154454,0.01904971556168733,,,,-0.02631578947368418,-0.027482121801537418
A04,104,3,Feet,1.2028188609069295,1.0757889796870492,1.4873946970939231,1.248774076755385,0.7728204587292986,0.5956669489731363,0.42999840217763086,0.4801220307139129,0.05012362853628205,,,,-0.02631578947368418,-0.027482121801537418
A04,105,3,Feet,-0.5929127329496241,-0.6129010328910455,-0.3012484030651598,-0.313734584504644,0.6847077992047413,1.1268667638776309,-1.2776205321543654,-1.7397677967686764,-0.462147264614311,,,,-0.02631578947368418,-0.027482121801537418
A04,106,1,Left_Hand,-0.40732727420532283,-0.5442678615275551,-0.4705635777990667,-0.6262170584772184,-0.44380099687404284,-0.5302027713866437,0.03647372266872001,-0.014065090140911396,-0.050538812809631406,0.03647372266872001,-0.014065090140911396,-0.050538812809631406,-0.02631578947368418,-0.027482121801537418
A04,107,2,Right_Hand,-0.08624345079254032,-0.007574553826506955,-0.49431557027268985,-0.49739602309315667,-0.32016619162332616,-0.14574203568913463,0.23392274083078585,0.13816748186262767,-0.09575525896815817,-0.23392274083078585,-0.13816748186262767,0.09575525896815817,-0.02631578947368418,-0.027482121801537418
A04,108,2,Right_Hand,0.24456625701843537,0.20717589206987586,0.25704175397943957,0.23389522496768997,0.21600597208007943,0.34360008381393076,0.02856028493835594,-0.1364241917440549,-0.16498447668241084,-0.02856028493835594,0.1364241917440549,0.16498447668241084,-0.02631578947368418,-0.027482121801537418
A04,109,1,Left_Hand,-0.6711397740514541,-0.6538450914079731,-0.6723751381947843,-0.66470667140072,-0.5522253633052423,-0.57274426764858,-0.11891441074621178,-0.08110082375939309,0.03781358698681869,-0.11891441074621178,-0.08110082375939309,0.03781358698681869,-0.02631578947368418,-0.027482121801537418
A04,110,3,Feet,-0.9015284010704391,-0.8667319024412652,-0.8759984399498811,-0.842203881080484,-0.6190266361163532,-0.4768195956207806,-0.28250176495408585,-0.3899123068204846,-0.10741054186639876,,,,-0.02631578947368418,-0.027482121801537418
A04,111,3,Feet,0.3245203819640605,0.43215146830848683,0.30442639173201724,0.46150009253248936,-0.0007333290546196123,0.02354287588403992,0.3252537110186801,0.4086085924244469,0.0833548814057668,,,,-0.02631578947368418,-0.027482121801537418
A04,112,2,Right_Hand,-0.2453674928437126,-0.41026382549506335,0.10647845143637061,-0.10014016068489945,0.5207907763953976,0.25474347133382536,-0.7661582692391102,-0.6650072968288887,0.10115097241022153,0.7661582692391102,0.6650072968288887,-0.10115097241022153,-0.02631578947368418,-0.027482121801537418
A04,113,1,Left_Hand,-0.1527589237596853,-0.3955583054802153,0.07099075639918516,-0.2543596344449829,0.4425472066802515,0.16177592833212065,-0.5953061304399367,-0.5573342338123359,0.03797189662760081,-0.5953061304399367,-0.5573342338123359,0.03797189662760081,-0.02631578947368418,-0.027482121801537418
A04,114,4,Tongue,-0.3216475766478917,-0.4380356092251536,-0.6748051201953574,-0.8157905485100052,-0.4528599303363406,-0.6348513908741188,0.1312123536884489,0.19681578164896518,0.06560342796051627,,,,-0.02631578947368418,-0.027482121801537418
A04,115,1,Left_Hand,0.06372800421938354,-0.2939329336139527,1.5248256366245205,0.9397062132901659,0.5535422238659687,0.15760285067904103,-0.4898142196465852,-0.4515357842929937,0.038278435353591544,-0.4898142196465852,-0.4515357842929937,0.038278435353591544,-0.02631578947368418,-0.027482121801537418
A04,116,1,Left_Hand,-0.6073125960546555,-0.5637738094667779,-0.6866456377293931,-0.7857272779447808,-0.5289358781376345,-0.5965597224981154,-0.07837671791702094,0.03278591303133749,0.11116263094835843,-0.07837671791702094,0.03278591303133749,0.11116263094835843,-0.02631578947368418,-0.027482121801537418
A04,117,2,Right_Hand,-0.481635712679738,-0.44780143750509466,-0.2588773865959706,-0.29932667699382265,-0.4143780544801055,-0.4555584859378553,-0.06725765819963248,0.007757048432760649,0.07501470663239312,0.06725765819963248,-0.007757048432760649,-0.07501470663239312,-0.02631578947368418,-0.027482121801537418
A04,118,4,Tongue,0.20108325543144032,-0.028931471860729467,1.0603326663046555,0.7687725672053292,0.04237926702767945,-0.09317494098205328,0.15870398840376088,0.06424346912132381,-0.09446051928243707,,,,-0.02631578947368418,-0.027482121801537418
A04,119,3,Feet,-0.41813630512067934,-0.4620344879694558,-0.44761793692313934,-0.53413032768293,-0.05325114122591659,-0.0961166119070678,-0.3648851638947628,-0.365917876062388,-0.0010327121676252382,,,,-0.02631578947368418,-0.027482121801537418
A04,120,2,Right_Hand,-0.8084706889941949,-0.7369734324821146,-0.7564206500242077,-0.7439308531073612,-0.08099121408683178,-0.09192630447660884,-0.7274794749073632,-0.6450471280055057,0.08243234690185752,0.7274794749073632,0.6450471280055057,-0.08243234690185752,-0.02631578947368418,-0.027482121801537418
A04,121,3,Feet,-0.22752371600738444,-0.3712205210193216,0.16361458218139863,0.011484809429579933,1.0072108621094078,0.7401812227399559,-1.2347345781167922,-1.1114017437592776,0.12333283435751463,,,,-0.02631578947368418,-0.027482121801537418
A04,122,4,Tongue,0.005487732775127487,0.2828395861458115,-0.057569342612307735,0.5072551069702298,1.750216743765403,2.210125185386718,-1.7447290109902756,-1.9272855992409066,-0.18255658825063104,,,,-0.02631578947368418,-0.027482121801537418
A04,123,3,Feet,0.8850220951503366,0.8586054826694596,0.8221803416775546,1.0261087904539983,2.2273049880900744,2.4776828285734087,-1.3422828929397377,-1.6190773459039491,-0.27679445296421146,,,,-0.02631578947368418,-0.027482121801537418
A04,124,4,Tongue,0.3340414910155475,0.4853300814963217,0.14326532158590619,0.08877578975835812,0.10701228316756178,0.06033589564397407,0.2270292078479857,0.4249941858523476,0.1979649780043619,,,,-0.02631578947368418,-0.027482121801537418
A04,125,2,Right_Hand,1.825562421682977,1.529819509382675,1.145320354831884,0.59418806516569,0.6016963673774608,0.2784856462944018,1.2238660543055162,1.251333863088273,0.027467808782756897,-1.2238660543055162,-1.251333863088273,-0.027467808782756897,-0.02631578947368418,-0.027482121801537418
A04,126,2,Right_Hand,-0.7083094242390368,-0.5967827307253312,-0.791475134660854,-0.7450718092241285,-0.42629494153059155,-0.2673315774902867,-0.2820144827084452,-0.3294511532350445,-0.04743667052659928,0.2820144827084452,0.3294511532350445,0.04743667052659928,-0.02631578947368418,-0.027482121801537418
A04,127,4,Tongue,0.25651711203202326,0.07206429744045377,0.07133829283719324,-0.16148902865803555,-0.09641641128005561,-0.3907612578184338,0.3529335233120789,0.4628255552588876,0.10989203194680869,,,,-0.02631578947368418,-0.027482121801537418
A04,128,1,Left_Hand,-0.12721179427986556,-0.059667409834125225,-0.26803508055290587,-0.44905670713574103,-0.2768996580163735,-0.4250609517428153,0.14968786373650794,0.36539354190869006,0.2157056781721821,0.14968786373650794,0.36539354190869006,0.2157056781721821,-0.02631578947368418,-0.027482121801537418
A04,129,2,Right_Hand,-0.4256237160965617,-0.3931583788582257,-0.602366051047363,-0.5768652117724595,-0.4667524950419892,-0.5116974995853131,0.04112877894542749,0.11853912072708739,0.0774103417816599,-0.04112877894542749,-0.11853912072708739,-0.0774103417816599,-0.02631578947368418,-0.027482121801537418
A04,130,2,Right_Hand,-0.699414718481739,-0.14688293202378885,-0.5587080573009937,-0.002035286233662959,-0.2285372592335215,0.22210342373775138,-0.47087745924821744,-0.36898635576154026,0.10189110348667718,0.47087745924821744,0.36898635576154026,-0.10189110348667718,-0.02631578947368418,-0.027482121801537418
A04,131,2,Right_Hand,-0.1872540221814561,-0.4366185723080151,0.2797844139751903,-0.059551705740442724,0.548066729417174,0.37009308447605116,-0.7353207515986302,-0.8067116567840662,-0.071390905185436,0.7353207515986302,0.8067116567840662,0.071390905185436,-0.02631578947368418,-0.027482121801537418
A04,132,3,Feet,0.07290191097182333,0.15193400202652024,0.2468721364163849,0.23396135756534217,-0.19441533131085606,-0.04096702676474234,0.2673172422826794,0.19290102879126259,-0.0744162134914168,,,,-0.02631578947368418,-0.027482121801537418
A04,133,4,Tongue,0.4753134128207918,0.4543332149890989,-0.16066236910698758,-0.28505530853889643,0.4548099239073424,0.32384640500654444,0.02050348891344944,0.13048680998255446,0.10998332106910502,,,,-0.02631578947368418,-0.027482121801537418
A04,134,1,Left_Hand,-0.7425520615394601,-0.8610159380273712,-0.61298652309509,-0.715348339653757,0.13721925240183802,-0.09032346925826501,-0.8797713139412981,-0.7706924687691061,0.10907884517219202,-0.8797713139412981,-0.7706924687691061,0.10907884517219202,-0.02631578947368418,-0.027482121801537418
A04,135,4,Tongue,-0.8317012623049003,-0.8616359857240057,-0.8721081297410804,-0.90874833285166,-0.693605455359496,-0.6716532030503396,-0.13809580694540424,-0.18998278267366608,-0.05188697572826184,,,,-0.02631578947368418,-0.027482121801537418
A04,136,1,Left_Hand,0.40190657493255805,0.5593831664572606,-0.007896220426335476,0.03245671048285039,-0.1999131496440525,-0.36647072281129117,0.6018197245766106,0.9258538892685517,0.32403416469194113,0.6018197245766106,0.9258538892685517,0.32403416469194113,-0.02631578947368418,-0.027482121801537418
A04,137,3,Feet,1.0214444565054168,1.2882997794039623,1.0520841413675786,1.368674677174997,1.3475622269152203,1.4325669955221025,-0.3261177704098035,-0.1442672161181402,0.1818505542916633,,,,-0.02631578947368418,-0.027482121801537418
A04,138,1,Left_Hand,0.529709956599142,0.20563916292221637,-0.04806644508201806,-0.1744166058074174,0.11677707781973909,0.0289863385941675,0.4129328787794029,0.17665282432804888,-0.236280054451354,0.4129328787794029,0.17665282432804888,-0.236280054451354,-0.02631578947368418,-0.027482121801537418
A04,139,3,Feet,1.7476248847362117,1.5832655710710055,1.5849610762720932,1.1311830393552027,1.7416473808212296,0.9668981446284067,0.005977503914982085,0.6163674264425988,0.6103899225276167,,,,-0.02631578947368418,-0.027482121801537418
A04,140,1,Left_Hand,-0.6431621068719947,-0.7294686496310313,-0.5368823945963122,-0.6000381548534535,-0.6726003415139459,-0.7592711054893717,0.029438234641951166,0.029802455858340404,0.00036422121638923777,0.029438234641951166,0.029802455858340404,0.00036422121638923777,-0.02631578947368418,-0.027482121801537418
A04,141,2,Right_Hand,0.7296653797065158,0.762747989974943,-0.2856234788306229,-0.25655222572917474,-0.5833112586370721,-0.6770500111549701,1.312976638343588,1.4397980011299132,0.12682136278632528,-1.312976638343588,-1.4397980011299132,-0.12682136278632528,-0.02631578947368418,-0.027482121801537418
A04,142,3,Feet,-0.6936008561938045,-0.7319282219706099,-0.12198083202133501,-0.1992495347375504,0.5212549618524905,0.5059986283367356,-1.2148558180462952,-1.2379268503073455,-0.02307103226105034,,,,-0.02631578947368418,-0.027482121801537418
A04,143,4,Tongue,0.7887545048863003,0.5859716958190546,-0.17525658465839314,-0.2789679819189599,-0.43600492629326837,-0.4696260619156162,1.2247594311795686,1.0555977577346707,-0.16916167344489796,,,,-0.02631578947368418,-0.027482121801537418
A04,144,2,Right_Hand,-0.12695251933033216,0.08381303315298565,-0.33309211416145496,0.0029179134049482276,-0.2188970426135077,0.009824235511832714,0.09194452328317554,0.07398879764115293,-0.017955725642022607,-0.09194452328317554,-0.07398879764115293,0.017955725642022607,-0.02631578947368418,-0.027482121801537418
A04,145,4,Tongue,-0.3486377923801984,-0.4453854326534743,-0.3637530619887932,-0.5857970454870942,0.5630444319988321,0.29169457779467234,-0.9116822243790306,-0.7370800104481466,0.17460221393088393,,,,-0.02631578947368418,-0.027482121801537418
A04,146,2,Right_Hand,0.5682740521396861,0.2987893672312725,0.6018028988507105,0.3421877544660944,2.255836690640715,1.7380093620881463,-1.6875626385010287,-1.4392199948568738,0.24834264364415493,1.6875626385010287,1.4392199948568738,-0.24834264364415493,-0.02631578947368418,-0.027482121801537418
A04,147,3,Feet,-0.1941886396395858,-0.0721521369147296,-0.35153754091649536,-0.23715276506053443,0.005371133690461614,0.01299657897485506,-0.1995597733300474,-0.08514871588958467,0.11441105744046273,,,,-0.02631578947368418,-0.027482121801537418
A04,148,3,Feet,-0.5794440448708252,-0.71293053587295,0.05884296181236615,-0.297433677599352,0.1672560372743522,-0.0889622563039027,-0.7467000821451775,-0.6239682795690473,0.12273180257613014,,,,-0.02631578947368418,-0.027482121801537418
A04,149,1,Left_Hand,-0.25003593583193534,-0.473892281587368,-0.2677361891037715,-0.49594267241343615,-0.4746060255421739,-0.6144619779996013,0.22457008971023856,0.14056969641223332,-0.08400039329800524,0.22457008971023856,0.14056969641223332,-0.08400039329800524,-0.02631578947368418,-0.027482121801537418
A04,150,4,Tongue,-0.42480919240947423,-0.3048932988422897,0.02368469816483417,0.714812983049104,-0.22383773604308754,0.5085728586138885,-0.2009714563663867,-0.8134661574561781,-0.6124947010897914,,,,-0.02631578947368418,-0.027482121801537418
A04,151,2,Right_Hand,-0.40930157751638724,-0.44388990604415524,-0.10113343827636495,-0.12529357052892567,0.4799264949431609,0.5765362274749825,-0.8892280724595482,-1.0204261335191376,-0.13119806105958942,0.8892280724595482,1.0204261335191376,0.13119806105958942,-0.02631578947368418,-0.027482121801537418
A04,152,4,Tongue,0.4447793765354339,0.20058440724902277,0.5993057479190061,0.33028529048946836,1.8992833936929967,1.651730774037491,-1.4545040171575627,-1.451146366788468,0.0033576503690946335,,,,-0.02631578947368418,-0.027482121801537418
A04,153,1,Left_Hand,1.1815731621710504,1.2580904268402573,-0.13440376885623312,-0.2565328777154569,-0.3094342661839788,-0.3528588615889423,1.4910074283550292,1.6109492884291996,0.1199418600741704,1.4910074283550292,1.6109492884291996,0.1199418600741704,-0.02631578947368418,-0.027482121801537418
A04,154,3,Feet,-0.05183589301754083,0.22195774357011464,-0.23011371644494014,-0.021816601501996224,-0.25763430751735183,-0.08635524814464633,0.205798414499811,0.30831299171476095,0.10251457721494994,,,,-0.02631578947368418,-0.027482121801537418
A04,155,3,Feet,-0.09683372493531574,-0.271810763674401,-0.06786508753751372,-0.26211318234269365,-0.0949650870946506,-0.25084319596529464,-0.001868637840665141,-0.02096756770910635,-0.01909892986844121,,,,-0.02631578947368418,-0.027482121801537418
A04,156,4,Tongue,0.46786027052691376,0.40162392352862913,0.07522018382843193,0.16902653380468347,0.3353124889994402,0.8287378317414908,0.13254778152747354,-0.4271139082128617,-0.5596616897403353,,,,-0.02631578947368418,-0.027482121801537418
A04,157,2,Right_Hand,-0.7460042355363087,-0.7903994156937036,-0.6375766844034737,-0.5981741237797601,-0.3638699323923329,-0.4094412994303567,-0.3821343031439758,-0.38095811626334697,0.0011761868806288156,0.3821343031439758,0.38095811626334697,-0.0011761868806288156,-0.02631578947368418,-0.027482121801537418
A04,158,4,Tongue,1.439268651753191,1.4966385105077609,0.5843033046690868,0.26107339468494534,1.4786085731914296,2.1053740156705896,-0.03933992143823861,-0.6087355051628287,-0.5693955837245901,,,,-0.02631578947368418,-0.027482121801537418
A04,159,2,Right_Hand,-0.14448589021946148,-0.13910747006512664,-0.05278911256904003,-0.2873620579159724,0.4815868697417048,0.39956911072881784,-0.6260727599611663,-0.5386765807939444,0.08739617916722187,0.6260727599611663,0.5386765807939444,-0.08739617916722187,-0.02631578947368418,-0.027482121801537418
A04,160,2,Right_Hand,1.059921351328631,0.8660545497292981,0.0010016049855096855,-0.07172664135261864,0.1762184350672599,0.33704307243573295,0.8837029162613711,0.5290114772935651,-0.35469143896780597,-0.8837029162613711,-0.5290114772935651,0.35469143896780597,-0.02631578947368418,-0.027482121801537418
A04,161,2,Right_Hand,-0.2571968298431503,0.03346257570897218,-0.5491872632135201,-0.3659873601325433,-0.547203839913333,-0.5363513707374706,0.2900070100701827,0.5698139464464428,0.2798069363762601,-0.2900070100701827,-0.5698139464464428,-0.2798069363762601,-0.02631578947368418,-0.027482121801537418
A04,162,4,Tongue,0.0006340246668517233,0.05079402204657708,1.0674157230568149,0.989012806959347,0.8717062304293411,0.5584920188602418,-0.8710722057624894,-0.5076979968136647,0.3633742089488248,,,,-0.02631578947368418,-0.027482121801537418
A04,163,4,Tongue,0.16140029811904527,0.3704738149603621,1.4678575910025349,1.2874727459734954,0.9684913775626466,0.8283859632422181,-0.8070910794436013,-0.45791214828185606,0.3491789311617452,,,,-0.02631578947368418,-0.027482121801537418
A04,164,3,Feet,0.3992247209037289,0.15149698664467803,0.12647206351227328,-0.10058081192386972,-0.02217072464509091,-0.10438590570749014,0.4213954455488198,0.25588289235216816,-0.16551255319665165,,,,-0.02631578947368418,-0.027482121801537418
A04,165,4,Tongue,-0.15863541185026794,0.19117561741246866,-0.04991347544557473,-0.05236669242747551,-0.42069387115866264,-0.4707920345658886,0.26205845930839466,0.6619676519783573,0.3999091926699626,,,,-0.02631578947368418,-0.027482121801537418
A04,166,1,Left_Hand,-0.1224291064526114,-0.23016765439032444,-0.36024989742744906,-0.4859235834416306,-0.6792831133152235,-0.6569222585849883,0.5568540068626121,0.4267546041946639,-0.13009940266794823,0.5568540068626121,0.4267546041946639,-0.13009940266794823,-0.02631578947368418,-0.027482121801537418
A04,167,2,Right_Hand,0.8997655257949988,0.5795363011299196,0.1839814795821659,-0.12698883045503265,0.5635876367996505,0.04722431757947882,0.3361778889953483,0.5323119835504407,0.19613409455509245,-0.3361778889953483,-0.5323119835504407,-0.19613409455509245,-0.02631578947368418,-0.027482121801537418
A04,168,3,Feet,-0.4454187440199822,-0.49235738828380604,-0.5135849843121376,-0.49145531553912997,-0.7494394172108496,-0.7812979011490263,0.3040206731908674,0.28894051286522027,-0.01508016032564713,,,,-0.02631578947368418,-0.027482121801537418
A04,169,2,Right_Hand,-0.5310081531797287,-0.5194676993027714,-0.2610286545399581,-0.16254311408595096,-0.40147646398396075,-0.33431360174416186,-0.12953168919576796,-0.1851540975586095,-0.05562240836284155,0.12953168919576796,0.1851540975586095,0.05562240836284155,-0.02631578947368418,-0.027482121801537418
A04,170,1,Left_Hand,-0.22216391110021108,0.018527873542591725,-0.6054962378891205,-0.4643494451518349,-0.5039235558799862,-0.19714664418157937,0.2817596447797751,0.2156745177241711,-0.06608512705560401,0.2817596447797751,0.2156745177241711,-0.06608512705560401,-0.02631578947368418,-0.027482121801537418
A04,171,4,Tongue,0.9623910092680602,1.0573261961669416,0.9241977838443384,0.8850547843880439,1.7905441512468672,1.2565249710871214,-0.828153141978807,-0.1991987749201798,0.6289543670586272,,,,-0.02631578947368418,-0.027482121801537418
A04,172,1,Left_Hand,0.49129065360341995,0.3844012094741319,-0.16072410134531998,-0.3585540244951858,-0.3722028836804685,-0.5004222188044832,0.8634935372838884,0.8848234282786152,0.021329890994726708,0.8634935372838884,0.8848234282786152,0.021329890994726708,-0.02631578947368418,-0.027482121801537418
A04,173,1,Left_Hand,-0.022948640524608314,0.1393154533884692,-0.5217964222101058,-0.516020012655253,-0.35161915467328503,-0.3947858516669363,0.3286705141486767,0.5341013050554055,0.20543079090672883,0.3286705141486767,0.5341013050554055,0.20543079090672883,-0.02631578947368418,-0.027482121801537418
A04,174,3,Feet,-0.7718961071615956,-0.7190697818312102,-0.4715604864214126,-0.4461822050243361,-0.5941742941968805,-0.6507750357062874,-0.17772181296471512,-0.06829474612492281,0.10942706683979231,,,,-0.02631578947368418,-0.027482121801537418
A04,175,4,Tongue,-0.11736263268739408,-0.2338557193252589,0.5741315060460981,0.3610709759358488,-0.34213905965069735,-0.3853117743003041,0.22477642696330327,0.15145605497504522,-0.07332037198825805,,,,-0.02631578947368418,-0.027482121801537418
A04,176,2,Right_Hand,-0.3533846653292896,-0.2978082313574469,-0.4172219114057675,-0.38574980881736903,-0.13815736243872992,-0.1389993140731082,-0.21522730289055966,-0.15880891728433869,0.05641838560622098,0.21522730289055966,0.15880891728433869,-0.05641838560622098,-0.02631578947368418,-0.027482121801537418
A04,177,3,Feet,-0.10943590138874731,-0.17022597352031962,-0.4837378288375185,-0.4641333728284462,0.048710910612173565,0.13261808818069012,-0.15814681200092087,-0.30284406170100975,-0.14469724970008888,,,,-0.02631578947368418,-0.027482121801537418
A04,178,3,Feet,0.37270850214439916,0.13128154414297596,0.7171068297055538,0.5566266559418422,1.0873405934915916,0.9669555093347514,-0.7146320913471924,-0.8356739651917754,-0.12104187384458298,,,,-0.02631578947368418,-0.027482121801537418
A04,179,3,Feet,0.16335545700439136,-0.06563047360831689,0.1275422266219128,-0.2915814141656366,0.39919198755022617,0.10699037769500844,-0.2358365305458348,-0.17262085130332533,0.06321567924250948,,,,-0.02631578947368418,-0.027482121801537418
A04,180,4,Tongue,-0.06243161693106957,-0.15840918293424994,0.05256984673517783,0.1165736015390559,0.20632770749202795,0.3744252595712213,-0.2687593244230975,-0.5328344425054712,-0.26407511808237366,,,,-0.02631578947368418,-0.027482121801537418
A04,181,3,Feet,-0.3536528645327368,-0.4502170174947213,0.6045111980320298,0.42245340731008624,0.3835854902910091,0.1455813487852657,-0.7372383548237459,-0.5957983662799871,0.14143998854375883,,,,-0.02631578947368418,-0.027482121801537418
A04,182,1,Left_Hand,-0.7070603127753157,-0.37363454957990166,-0.1512978931675607,0.3996841935801015,-0.5962966817809221,-0.41099249842183777,-0.11076363099439357,0.037357948841936106,0.14812157983632968,-0.11076363099439357,0.037357948841936106,0.14812157983632968,-0.02631578947368418,-0.027482121801537418
A04,183,3,Feet,-0.2204537800866611,-0.059284734961103376,-0.4794734521159061,-0.35346008374840476,0.18338803856914235,0.2626732757232226,-0.4038418186558035,-0.32195801068432595,0.08188380797147754,,,,-0.02631578947368418,-0.027482121801537418
A04,184,1,Left_Hand,0.036375823331376095,-0.17850686225551204,-0.292182389688481,-0.5060326453935832,-0.3022523377377806,-0.45403178702185104,0.3386281610691567,0.275524924766339,-0.06310323630281772,0.3386281610691567,0.275524924766339,-0.06310323630281772,-0.02631578947368418,-0.027482121801537418
A04,185,4,Tongue,-0.6917073996063074,-0.6898412243254285,-0.040914394253613,0.1326715127741406,0.13066547233704626,0.07820461070565596,-0.8223728719433537,-0.7680458350310845,0.054327036912269255,,,,-0.02631578947368418,-0.027482121801537418
A04,186,4,Tongue,-0.6877124078435857,-0.5487001781856053,-0.6068749776669282,-0.37707056646898557,-0.6157282510480664,-0.27063688394396024,-0.07198415679551928,-0.2780632942416451,-0.20607913744612583,,,,-0.02631578947368418,-0.027482121801537418
A04,187,4,Tongue,-0.04544045916830974,-0.2442857227308415,-0.5810849333904247,-0.6961882276424158,0.20190223021949416,0.32363901185340466,-0.2473426893878039,-0.5679247345842462,-0.3205820451964423,,,,-0.02631578947368418,-0.027482121801537418
A04,188,3,Feet,0.5079117488891619,0.5771362375416721,0.09189100351585584,0.06124358007537279,-0.2978306827236925,-0.24913199096668145,0.8057424316128544,0.8262682285083536,0.02052579689549916,,,,-0.02631578947368418,-0.027482121801537418
A04,189,4,Tongue,0.613161641065333,0.2360246201820146,0.6762313774281623,0.2615880109644112,-0.09097018962728264,-0.38514566599821326,0.7041318306926156,0.6211702861802278,-0.0829615445123878,,,,-0.02631578947368418,-0.027482121801537418
A04,190,4,Tongue,-0.04222676848823974,-0.11130583724762724,-0.18785968812137535,-0.22541222859993232,0.5534263399948111,0.7906049278074667,-0.5956531084830508,-0.9019107650550939,-0.3062576565720432,,,,-0.02631578947368418,-0.027482121801537418
A04,191,3,Feet,0.041634874152270136,-0.16440168794461438,0.6231215517271509,0.4967057007044553,1.9746096218449398,2.0860546808518268,-1.9329747476926697,-2.250456368796441,-0.3174816211037714,,,,-0.02631578947368418,-0.027482121801537418
A04,192,2,Right_Hand,0.460359347669422,0.3823995134906151,-0.22015190906784626,-0.2663413522430957,0.038969185604158886,0.06837742923585542,0.4213901620652631,0.31402208425475964,-0.10736807781050345,-0.4213901620652631,-0.31402208425475964,0.10736807781050345,-0.02631578947368418,-0.027482121801537418
A04,193,4,Tongue,-0.34640282585146853,-0.6210995394105052,-0.08284239774966319,-0.27766409654116786,0.020382991735251908,-0.02835161471985043,-0.36678581758672046,-0.5927479246906547,-0.22596210710393427,,,,-0.02631578947368418,-0.027482121801537418
A04,194,1,Left_Hand,-0.39814569843566666,-0.5635638473809261,-0.5609430908393196,-0.7160649016396123,-0.011889519929455672,-0.46196077913227307,-0.38625617850621097,-0.10160306824865306,0.2846531102575579,-0.38625617850621097,-0.10160306824865306,0.2846531102575579,-0.02631578947368418,-0.027482121801537418
A04,195,2,Right_Hand,-0.2778668994324792,-0.5257029615228421,0.3452680689232657,-0.07520330273632772,0.3814182350081894,0.1922091057989437,-0.6592851344406686,-0.7179120673217858,-0.0586269328811172,0.6592851344406686,0.7179120673217858,0.0586269328811172,-0.02631578947368418,-0.027482121801537418
A04,196,2,Right_Hand,-0.848159409486748,-0.6654817242734556,-0.641874808779174,-0.3355150660510257,0.10042005572348732,0.4731835308100681,-0.9485794652102353,-1.1386652550835237,-0.1900857898732884,0.9485794652102353,1.1386652550835237,0.1900857898732884,-0.02631578947368418,-0.027482121801537418
A04,197,2,Right_Hand,0.04143112158419679,-0.19259986503672225,-0.4998638718665912,-0.5430081091683547,-0.5343158126101928,-0.5274318444630445,0.5757469341943896,0.33483197942632226,-0.24091495476806735,-0.5757469341943896,-0.33483197942632226,0.24091495476806735,-0.02631578947368418,-0.027482121801537418
A04,198,3,Feet,-0.017021538839946053,-0.21653727269975068,0.326009587531314,0.019356247906583364,-0.16360147585403506,-0.2879038131283352,0.146579937014089,0.07136654042858451,-0.0752133965855045,,,,-0.02631578947368418,-0.027482121801537418
A04,199,4,Tongue,0.7576930998735463,0.8039270038424108,1.2828249359558062,1.5561693639539749,0.6411456387271997,0.9130892699332593,0.11654746114634662,-0.10916226609084856,-0.22570972723719518,,,,-0.02631578947368418,-0.027482121801537418
A04,200,3,Feet,3.197757874179512,2.8959246662514095,3.7438333340531673,3.7323793800001224,1.9542635410273632,1.422465712309493,1.2434943331521489,1.4734589539419165,0.22996462078976765,,,,-0.02631578947368418,-0.027482121801537418
A04,201,4,Tongue,-0.533930488714344,-0.6024543470353765,-0.42697631796982055,-0.6153599908757478,-0.1615312279420283,-0.4598628376648939,-0.3723992607723157,-0.1425915093704826,0.22980775140183313,,,,-0.02631578947368418,-0.027482121801537418
A04,202,2,Right_Hand,-0.3290632355808587,-0.24589055582890304,-0.42687909560181914,-0.45600603913903254,0.05399286851621558,0.10245569480834041,-0.3830561040970743,-0.34834625063724345,0.03470985345983085,0.3830561040970743,0.34834625063724345,-0.03470985345983085,-0.02631578947368418,-0.027482121801537418
A04,203,3,Feet,-0.6683041626559436,-0.7020115880385509,0.1986133019418337,-0.06855418709565123,1.3514952226911854,0.7143865007651418,-2.019799385347129,-1.4163980888036927,0.6034012965434365,,,,-0.02631578947368418,-0.027482121801537418
A04,204,1,Left_Hand,0.16965884100279735,0.5911245724299571,-0.2137077453805481,0.1520520341538029,-0.36514406479792705,-0.06665307769770053,0.5348029058007244,0.6577776501276577,0.12297474432693323,0.5348029058007244,0.6577776501276577,0.12297474432693323,-0.02631578947368418,-0.027482121801537418
A04,205,4,Tongue,1.7402716610076625,1.9107636719373842,1.024495051677515,1.026202008429873,0.6970508077804507,0.5652169235454981,1.0432208532272118,1.345546748391886,0.3023258951646741,,,,-0.02631578947368418,-0.027482121801537418
A04,206,1,Left_Hand,1.0998300064021795,0.7613520395341322,0.8074992848827075,0.1009556040679819,0.49834009619656977,-0.103622314995625,0.6014899102056097,0.8649743545297572,0.2634844443241475,0.6014899102056097,0.8649743545297572,0.2634844443241475,-0.02631578947368418,-0.027482121801537418
A04,207,3,Feet,0.2694749249137283,0.4135609023104017,-0.19012435887761278,-0.006662633450492026,-0.4927044932531233,-0.25622718632229496,0.7621794181668516,0.6697880886326967,-0.09239132953415496,,,,-0.02631578947368418,-0.027482121801537418
A04,208,4,Tongue,-0.35164237423482997,-0.3269761396534769,-0.33161993119101896,-0.37315417792905603,0.021596435896016532,-0.075783246515707,-0.3732388101308465,-0.2511928931377699,0.1220459169930766,,,,-0.02631578947368418,-0.027482121801537418
A04,209,1,Left_Hand,-0.36309565144290673,-0.5327958548308157,0.8295031019385143,0.3158302222085669,0.8183284529257148,0.5135653569524041,-1.1814241043686216,-1.04636121178322,0.1350628925854016,-1.1814241043686216,-1.04636121178322,0.1350628925854016,-0.02631578947368418,-0.027482121801537418
A04,210,3,Feet,-0.0010414546566586752,0.17161531061661334,-0.7467900505421943,-0.7085163249877354,-0.7329134512760918,-0.7186178938642078,0.731871996619433,0.8902332044808212,0.1583612078613882,,,,-0.02631578947368418,-0.027482121801537418
A04,211,1,Left_Hand,-0.7866835491081207,-0.6920450801195767,-0.7557543394069473,-0.7935758155607989,0.2758409014196555,0.07411391607154799,-1.0625244505277762,-0.7661589961911246,0.2963654543366516,-1.0625244505277762,-0.7661589961911246,0.2963654543366516,-0.02631578947368418,-0.027482121801537418
A04,212,2,Right_Hand,-0.13087283685354612,-0.21298624496093518,-0.09777718458448983,-0.4776555300682716,0.8374296335083322,0.16821647151260222,-0.9683024703618783,-0.38120271647353743,0.5870997538883409,0.9683024703618783,0.38120271647353743,-0.5870997538883409,-0.02631578947368418,-0.027482121801537418
A04,213,2,Right_Hand,-0.16359054336236067,-0.3439303437388721,-0.4898609536505202,-0.562165498495461,0.7392757678851033,0.6758235914254067,-0.902866311247464,-1.0197539351642788,-0.11688762391681484,0.902866311247464,1.0197539351642788,0.11688762391681484,-0.02631578947368418,-0.027482121801537418
A04,214,1,Left_Hand,-0.17227502006841572,0.5736550876378559,-0.407382016910171,0.24660755836414705,-0.44764902447606275,-0.32726844734305793,0.27537400440764703,0.9009235349809138,0.6255495305732668,0.27537400440764703,0.9009235349809138,0.6255495305732668,-0.02631578947368418,-0.027482121801537418
A04,215,4,Tongue,-0.5175250546705311,-0.5493070943288608,-0.43783373270494697,-0.39152263038915175,0.25687375672188645,0.48917891992322987,-0.7743988113924176,-1.0384860142520906,-0.264087202859673,,,,-0.02631578947368418,-0.027482121801537418
A04,216,1,Left_Hand,-0.687369110290969,-0.6697220587901525,-0.6008622192779834,-0.4985770138512948,-0.2126046533286553,0.13273744586382052,-0.47476445696231373,-0.802459504653973,-0.32769504769165925,-0.47476445696231373,-0.802459504653973,-0.32769504769165925,-0.02631578947368418,-0.027482121801537418
A04,217,4,Tongue,0.6862959614589723,0.6123783969773049,-0.03838813626922995,-0.11180569304109778,-0.5842561907827774,-0.5745162586917946,1.2705521522417498,1.1868946556690996,-0.0836574965726502,,,,-0.02631578947368418,-0.027482121801537418
A04,218,3,Feet,-0.753399246344289,-0.6533026931955918,-0.6931730487575705,-0.728342743111272,-0.5008545691649607,-0.6851150242090065,-0.25254467717932827,0.03181233101341474,0.284357008192743,,,,-0.02631578947368418,-0.027482121801537418
A04,219,3,Feet,0.24745788166097887,0.16086731479288405,-0.23221942934410178,-0.2631253009213309,-0.35495571077610877,-0.23639075487998307,0.6024135924370877,0.39725806967286714,-0.20515552276422055,,,,-0.02631578947368418,-0.027482121801537418
A04,220,3,Feet,0.7756017139159795,0.662306152229272,0.05073432491396741,-0.09945994236183649,-0.18670858680271774,-0.36416769279423084,0.9623103007186973,1.026473845023503,0.06416354430480564,,,,-0.02631578947368418,-0.027482121801537418
A04,221,2,Right_Hand,0.612425452024841,0.4523087009651511,0.017180689783049354,0.13423489610649142,-0.16191973119718944,-0.08688656314027104,0.7743451832220305,0.5391952641054221,-0.23514991911660843,-0.7743451832220305,-0.5391952641054221,0.23514991911660843,-0.02631578947368418,-0.027482121801537418
A04,222,2,Right_Hand,-0.5674370261226532,-0.3074520099159214,-0.7724671651053793,-0.5533680573908462,-0.5822279465038178,-0.3138247523999112,0.014790920381164585,0.0063727424839897795,-0.008418177897174806,-0.014790920381164585,-0.0063727424839897795,0.008418177897174806,-0.02631578947368418,-0.027482121801537418
A04,223,1,Left_Hand,-0.035959739506192065,0.2318250473102345,-0.5757674383411759,-0.3488071429188796,-0.62264434854385,-0.4109342368354362,0.586684609037658,0.6427592841456706,0.05607467510801267,0.586684609037658,0.6427592841456706,0.05607467510801267,-0.02631578947368418,-0.027482121801537418
A04,224,3,Feet,-0.6192323272908017,-0.5675412602359582,-0.36885678112462233,-0.37988105427873065,-0.47509033877992324,-0.5132218297507986,-0.14414198851087845,-0.05431943048515964,0.08982255802571881,,,,-0.02631578947368418,-0.027482121801537418
A04,225,1,Left_Hand,-0.7044849440057807,-0.13724986660174412,-0.20338011615846138,1.2553439444567642,0.6362443308924367,3.1260447923709287,-1.3407292748982174,-3.263294658972673,-1.9225653840744557,-1.3407292748982174,-3.263294658972673,-1.9225653840744557,-0.02631578947368418,-0.027482121801537418
A04,226,2,Right_Hand,-0.0792611596488446,-0.3965060395603513,0.11457666610069903,-0.19661350553179555,-0.1572160406788879,-0.39199854345772117,0.07795488103004329,-0.004507496102630126,-0.08246237713267342,-0.07795488103004329,0.004507496102630126,0.08246237713267342,-0.02631578947368418,-0.027482121801537418
A04,227,1,Left_Hand,-0.06949067772716318,0.7539083886122098,-0.41356089365057463,0.08048058715356006,-0.03484888308867862,0.4372306634377259,-0.03464179463848456,0.3166777251744839,0.35131951981296844,-0.03464179463848456,0.3166777251744839,0.35131951981296844,-0.02631578947368418,-0.027482121801537418
A05,0,1,Left_Hand,-0.20908292502819045,-0.20681947836133033,-0.2393294920240531,-0.20025373677066055,-0.45201881674979033,-0.40517636483171077,0.24293589172159988,0.19835688647038044,-0.04457900525121944,0.24293589172159988,0.19835688647038044,-0.04457900525121944,0.021739130434782594,0.06250575637185948
A05,1,2,Right_Hand,0.27218841350678835,0.146893592900264,0.159721525275777,-0.05984043481407474,0.1922006703052496,-0.11519546713713963,0.07998774320153876,0.2620890600374036,0.18210131683586486,-0.07998774320153876,-0.2620890600374036,-0.18210131683586486,0.021739130434782594,0.06250575637185948
A05,2,2,Right_Hand,0.03591855009095208,0.47384732291498716,0.2661392123162383,1.0440175434164487,0.26285049152071754,1.1769168911113908,-0.22693194142976547,-0.7030695681964036,-0.4761376267666382,0.22693194142976547,0.7030695681964036,0.4761376267666382,0.021739130434782594,0.06250575637185948
A05,3,1,Left_Hand,-0.2556593174132682,-0.3336716182313501,-0.20931942720108926,-0.269041217784463,-0.31627156302128434,-0.4070859228865448,0.060612245608016146,0.07341430465519472,0.012802059047178571,0.060612245608016146,0.07341430465519472,0.012802059047178571,0.021739130434782594,0.06250575637185948
A05,4,1,Left_Hand,-0.1379733708593642,-0.34154746488076215,0.0034866992046214467,-0.14016995469899898,0.1455156861775667,-0.004489572150717846,-0.2834890570369309,-0.33705789273004433,-0.05356883569311344,-0.2834890570369309,-0.33705789273004433,-0.05356883569311344,0.021739130434782594,0.06250575637185948
A05,5,3,Feet,0.8005645681713083,0.6617006456409315,0.8662848511228491,0.93505080377783,0.542321565376411,0.4846395449162091,0.2582430027948973,0.17706110072472236,-0.08118190207017495,,,,0.021739130434782594,0.06250575637185948
A05,6,2,Right_Hand,-0.35268425737021764,-0.20648937203537465,-0.35242290365690104,-0.2590620632531091,-0.3795745490202929,-0.2892195766312267,0.026890291650075282,0.08273020459585206,0.05583991294577678,-0.026890291650075282,-0.08273020459585206,-0.05583991294577678,0.021739130434782594,0.06250575637185948
A05,7,4,Tongue,-0.1341702708122886,-0.14444454546137617,-0.060891515557063076,-0.14476314526119333,-0.0984096854373528,-0.14182166837023255,-0.0357605853749358,-0.002622877091143616,0.033137708283792186,,,,0.021739130434782594,0.06250575637185948
A05,8,1,Left_Hand,-0.37265487895215255,-0.2951524084588957,-0.4182346831121767,-0.3828459141567375,-0.41784085359093914,-0.46147380100379365,0.0451859746387866,0.16632139254489797,0.12113541790611138,0.0451859746387866,0.16632139254489797,0.12113541790611138,0.021739130434782594,0.06250575637185948
A05,9,3,Feet,0.046659380861848614,-0.13227957489542655,0.160200907474117,-0.0603611409376074,0.20626461051445488,0.03106374859151485,-0.15960522965260626,-0.1633433234869414,-0.0037380938343351267,,,,0.021739130434782594,0.06250575637185948
A05,10,2,Right_Hand,0.15606311636668582,-0.1739306520054553,0.4335918996065585,0.11026410938241607,0.6496520599569822,0.3000103344722776,-0.49358894359029637,-0.47394098647773286,0.019647957112563508,0.49358894359029637,0.47394098647773286,-0.019647957112563508,0.021739130434782594,0.06250575637185948
A05,11,4,Tongue,-0.2717351556125461,-0.5872052684108044,-0.33616070551588106,-0.6675738745113539,-0.2500485046428494,-0.5531642607663488,-0.021686650969696686,-0.03404100764445561,-0.012354356674758926,,,,0.021739130434782594,0.06250575637185948
A05,12,4,Tongue,0.74734014477186,1.099677284534165,1.0615362851714143,1.77325428696924,0.8385585716742396,1.5962276275472016,-0.09121842690237969,-0.4965503430130367,-0.405331916110657,,,,0.021739130434782594,0.06250575637185948
A05,13,4,Tongue,-0.5115720753605277,-0.4603240706659851,-0.4908342619209589,-0.3980796315537788,-0.3967319556056989,-0.1420451570301131,-0.11484011975482883,-0.31827891363587196,-0.20343879388104313,,,,0.021739130434782594,0.06250575637185948
A05,14,1,Left_Hand,-0.12124142933311018,0.04476546124926432,0.03508207479993702,0.19309857020138882,0.040069064142673465,0.19961703166603428,-0.16131049347578363,-0.15485157041676997,0.00645892305901366,-0.16131049347578363,-0.15485157041676997,0.00645892305901366,0.021739130434782594,0.06250575637185948
A05,15,3,Feet,0.6741035213309402,0.42892122702773033,0.8710297816407647,0.6158457731518269,0.8740224566650899,0.7228342754351339,-0.19991893533414973,-0.29391304840740357,-0.09399411307325384,,,,0.021739130434782594,0.06250575637185948
A05,16,1,Left_Hand,0.5487633644982566,0.48315975566589425,0.8092593647727284,0.423068572955139,0.8641621696051668,0.34930417055972085,-0.3153988051069102,0.1338555851061734,0.4492543902130836,-0.3153988051069102,0.1338555851061734,0.4492543902130836,0.021739130434782594,0.06250575637185948
A05,17,1,Left_Hand,0.03330877004075858,0.024720040889359966,0.20562615154149624,0.19386757425802545,0.256765627110771,0.3125965557787613,-0.22345685707001242,-0.2878765148894013,-0.06441965781938888,-0.22345685707001242,-0.2878765148894013,-0.06441965781938888,0.021739130434782594,0.06250575637185948
A05,18,3,Feet,-0.3943086617932254,-0.46802810917683396,-0.274924757523011,-0.3278500159885704,-0.38227088274473114,-0.4797583534877459,-0.012037779048494235,0.011730244310911964,0.0237680233594062,,,,0.021739130434782594,0.06250575637185948
A05,19,4,Tongue,0.8437630407614002,1.1182951474471916,1.349587420756807,2.1637718315883636,1.1964147469010034,2.1581278636122923,-0.35265170613960317,-1.0398327161651006,-0.6871810100254975,,,,0.021739130434782594,0.06250575637185948
A05,20,1,Left_Hand,-0.7100938816761715,-0.7169618590869908,-0.7876199906950628,-0.8301579341663244,-0.8028255790852998,-0.7968553802174805,0.09273169740912834,0.07989352113048964,-0.012838176278638702,0.09273169740912834,0.07989352113048964,-0.012838176278638702,0.021739130434782594,0.06250575637185948
A05,21,3,Feet,0.023806931201790137,-0.0863388734630994,0.4480431829727333,0.42842296994052015,0.7733332609698991,0.6772557877201291,-0.749526329768109,-0.7635946611832285,-0.01406833141511954,,,,0.021739130434782594,0.06250575637185948
A05,22,3,Feet,-0.5662262440153867,-0.382660137344462,-0.5388425079095954,-0.3455500119749078,-0.5224748280930186,-0.39725410080932644,-0.043751415922368087,0.014593963464864412,0.0583453793872325,,,,0.021739130434782594,0.06250575637185948
A05,23,3,Feet,0.00877213558840059,0.11944449546001458,0.06253235286900925,0.22552399046812058,0.08903279976191554,0.24658190077413175,-0.08026066417351495,-0.12713740531411716,-0.04687674114060221,,,,0.021739130434782594,0.06250575637185948
A05,24,1,Left_Hand,-0.35256274292278295,-0.2981577098675305,-0.4658964675775774,-0.47557769292007523,-0.44922867581565534,-0.4660894246575028,0.0966659328928724,0.16793171478997232,0.07126578189709992,0.0966659328928724,0.16793171478997232,0.07126578189709992,0.021739130434782594,0.06250575637185948
A05,25,2,Right_Hand,0.08867404437293165,-0.14008590979959512,0.24420756837774046,-2.2299175448855298e-05,0.4288144619382695,0.15853646038869235,-0.34014041756533786,-0.29862237018828747,0.04151804737705039,0.34014041756533786,0.29862237018828747,-0.04151804737705039,0.021739130434782594,0.06250575637185948
A05,26,1,Left_Hand,0.4827180498933677,-0.1906044987377158,1.118061796869522,0.3301597702332422,1.4468713389826215,0.45558638162528653,-0.9641532890892539,-0.6461908803630023,0.3179624087262516,-0.9641532890892539,-0.6461908803630023,0.3179624087262516,0.021739130434782594,0.06250575637185948
A05,27,2,Right_Hand,0.20710824251152207,-0.19961536406831862,0.38450570797638484,-0.07354144815268057,0.5687491908021766,-0.029307020426928614,-0.3616409482906545,-0.17030834364139,0.19133260464926452,0.3616409482906545,0.17030834364139,-0.19133260464926452,0.021739130434782594,0.06250575637185948
A05,28,2,Right_Hand,-0.17784553469781994,-0.2134743481990485,0.1413557823545527,0.30595564810234827,0.18682099813322847,0.3142120574412661,-0.36466653283104844,-0.5276864056403147,-0.16301987280926622,0.36466653283104844,0.5276864056403147,0.16301987280926622,0.021739130434782594,0.06250575637185948
A05,29,1,Left_Hand,-0.35664747448931844,-0.3300581290950872,-0.4621230427595827,-0.5614971441834252,-0.32362087460263295,-0.48494625665641683,-0.03302659988668549,0.15488812756132964,0.18791472744801513,-0.03302659988668549,0.15488812756132964,0.18791472744801513,0.021739130434782594,0.06250575637185948
A05,30,2,Right_Hand,0.0750662594650554,-0.2129697581618284,-0.03209035694296847,-0.17134535785411786,0.015520358791324646,0.051182934765382306,0.05954590067373075,-0.2641526929272107,-0.32369859360094144,-0.05954590067373075,0.2641526929272107,0.32369859360094144,0.021739130434782594,0.06250575637185948
A05,31,3,Feet,-0.3288947041550494,-0.3382709079443999,-0.1772617283385114,-0.154426388052781,0.17063256049871603,0.48244986863613704,-0.4995272646537654,-0.8207207765805369,-0.3211935119267715,,,,0.021739130434782594,0.06250575637185948
A05,32,2,Right_Hand,1.394788156771714,0.9021584381130568,1.3162069804129917,0.5400609769800191,0.8395182007749461,-0.11167146457256612,0.5552699559967679,1.013829902685623,0.45855994668885514,-0.5552699559967679,-1.013829902685623,-0.45855994668885514,0.021739130434782594,0.06250575637185948
A05,33,3,Feet,0.32064761556368904,0.006747892044778441,0.3766658587334788,-0.039182566203864004,1.03883085256338,0.48552026713847896,-0.718183236999691,-0.4787723750937005,0.23941086190599048,,,,0.021739130434782594,0.06250575637185948
A05,34,3,Feet,0.8598941581310273,0.8724801522098178,0.506802615461062,0.2783414652326582,0.45664417613015856,0.20817874424093477,0.40324998200086876,0.664301407968883,0.2610514259680143,,,,0.021739130434782594,0.06250575637185948
A05,35,4,Tongue,0.27434162513249527,0.08377345004200717,0.21962912703692972,0.021999993269383507,0.04118327857958899,-0.18667540720632925,0.2331583465529063,0.27044885724833645,0.03729051069543016,,,,0.021739130434782594,0.06250575637185948
A05,36,3,Feet,-0.3641921327143728,-0.5226075343353076,0.1827736277990038,-0.03531705345877475,0.3009209722293549,0.1442047262974062,-0.6651131049437277,-0.6668122606327138,-0.0016991556889861537,,,,0.021739130434782594,0.06250575637185948
A05,37,3,Feet,0.06053747356320894,-0.24673365850669116,0.039926824081547414,-0.4597417008938535,-0.104234502601902,-0.66202081174255,0.16477197616511094,0.41528715323585885,0.2505151770707479,,,,0.021739130434782594,0.06250575637185948
A05,38,4,Tongue,-0.23515382639803573,-0.11424870542604999,-0.1971960146908828,0.0375868421088143,-0.14751386673517827,0.21618192858501267,-0.08763995966285745,-0.33043063401106265,-0.2427906743482052,,,,0.021739130434782594,0.06250575637185948
A05,39,4,Tongue,0.5647195982844312,0.994454827673509,0.38104255812173476,0.6233362542701921,0.2629628224014933,0.4254687218469436,0.30175677588293787,0.5689861058265654,0.2672293299436275,,,,0.021739130434782594,0.06250575637185948
A05,40,4,Tongue,-0.3714549778348567,-0.5569071282643864,-0.32802435878146874,-0.5616572323675457,-0.30232321955214814,-0.5254295328290759,-0.06913175828270857,-0.03147759543531048,0.03765416284739809,,,,0.021739130434782594,0.06250575637185948
A05,41,4,Tongue,0.41189199863185083,0.4195384445904336,0.08617957564944884,-0.009107686642607648,0.16596160804171847,0.11825769714259217,0.24593039059013236,0.30128074744784145,0.05535035685770909,,,,0.021739130434782594,0.06250575637185948
A05,42,4,Tongue,-0.4872137225335086,-0.6580018041901331,-0.4939128978353125,-0.6962259530134973,-0.4528037205094655,-0.6523395682405996,-0.034410002024043096,-0.005662235949533523,0.028747766074509573,,,,0.021739130434782594,0.06250575637185948
A05,43,3,Feet,-0.845648895166865,-0.8388734069457042,-0.8204357483956467,-0.7746033720458066,-0.7909773905448851,-0.7259205078396797,-0.054671504621979894,-0.11295289910602457,-0.05828139448404468,,,,0.021739130434782594,0.06250575637185948
A05,44,1,Left_Hand,-0.3350391119469034,-0.4500881467242277,-0.3793247015547522,-0.43506671577818956,-0.3179942727049063,-0.40778281831276003,-0.017044839241997067,-0.04230532841146767,-0.0252604891694706,-0.017044839241997067,-0.04230532841146767,-0.0252604891694706,0.021739130434782594,0.06250575637185948
A05,45,1,Left_Hand,-0.3036069018254144,-0.03200931988627198,-0.3334894594988689,0.06632274692630455,-0.2927991729318483,0.14651955884297704,-0.010807728893566071,-0.17852887872924902,-0.16772114983568295,-0.010807728893566071,-0.17852887872924902,-0.16772114983568295,0.021739130434782594,0.06250575637185948
A05,46,2,Right_Hand,0.3443101944396377,0.19287523266749346,0.2585582601412489,0.060557212788828876,0.5778074131778187,0.5008436409884125,-0.23349721873818102,-0.30796840832091904,-0.07447118958273802,0.23349721873818102,0.30796840832091904,0.07447118958273802,0.021739130434782594,0.06250575637185948
A05,47,3,Feet,0.4944200118667557,0.48420071758160244,0.16709908280368416,0.1319680187861476,-0.032926842866385926,-0.03884545925420948,0.5273468547331417,0.5230461768358119,-0.0043006778973297966,,,,0.021739130434782594,0.06250575637185948
A05,48,4,Tongue,-0.11421238657313286,-0.31215637544783215,-0.036276570804889836,-0.29890267447502616,-0.03713441462974167,-0.31919406023058483,-0.0770779719433912,0.0070376847827526845,0.08411565672614388,,,,0.021739130434782594,0.06250575637185948
A05,49,2,Right_Hand,-0.47567398501383107,-0.6108878726633001,-0.5591999198924531,-0.6836410965755124,-0.4726239952687041,-0.5781550326010206,-0.003049989745126991,-0.0327328400622795,-0.02968285031715251,0.003049989745126991,0.0327328400622795,0.02968285031715251,0.021739130434782594,0.06250575637185948
A05,50,3,Feet,0.11697069569496762,0.046257382862694145,-0.018561393062556386,-0.1228647325737782,-0.1921851688583413,-0.23090404118482477,0.3091558645533089,0.2771614240475189,-0.03199444050578998,,,,0.021739130434782594,0.06250575637185948
A05,51,1,Left_Hand,0.42139785286039777,0.388969480910884,0.3846192701080254,0.29452409228858845,0.35713416674333487,0.3880897128213429,0.0642636861170629,0.0008797680895410998,-0.0633839180275218,0.0642636861170629,0.0008797680895410998,-0.0633839180275218,0.021739130434782594,0.06250575637185948
A05,52,1,Left_Hand,0.13595819267789047,0.12820365636101222,0.04217539021600192,0.039898090583051014,0.1086302179749208,0.24738980448107564,0.027327974702969673,-0.11918614812006342,-0.1465141228230331,0.027327974702969673,-0.11918614812006342,-0.1465141228230331,0.021739130434782594,0.06250575637185948
A05,53,1,Left_Hand,0.17380475513173727,0.4047498490749414,0.1278697344142296,0.10398788535573769,-0.012738481087075752,-0.12138841024547346,0.18654323621881302,0.5261382593204148,0.3395950231016018,0.18654323621881302,0.5261382593204148,0.3395950231016018,0.021739130434782594,0.06250575637185948
A05,54,4,Tongue,-0.5405833915365625,-0.6054521399064766,-0.4041536104213153,-0.3461542518058576,-0.384431724904974,-0.2934996010744087,-0.15615166663158853,-0.3119525388320679,-0.1558008722004794,,,,0.021739130434782594,0.06250575637185948
A05,55,2,Right_Hand,0.35749822631152245,0.19911666492311714,0.18717143629615207,-0.07783591063703514,0.15949373913598905,-0.15929522625223747,0.1980044871755334,0.3584118911753546,0.1604074039998212,-0.1980044871755334,-0.3584118911753546,-0.1604074039998212,0.021739130434782594,0.06250575637185948
A05,56,2,Right_Hand,-0.3497489557251436,-0.5309239230272874,-0.39105159255210764,-0.5977754880312437,-0.4075976083652762,-0.6468028097017119,0.057848652640132614,0.11587888667442447,0.05803023403429186,-0.057848652640132614,-0.11587888667442447,-0.05803023403429186,0.021739130434782594,0.06250575637185948
A05,57,1,Left_Hand,-0.01327836776327779,-0.11606245701569017,0.10495398950885497,0.0829003600097199,0.04780945422821302,0.15937812643844707,-0.06108782199149081,-0.27544058345413724,-0.21435276146264642,-0.06108782199149081,-0.27544058345413724,-0.21435276146264642,0.021739130434782594,0.06250575637185948
A05,58,1,Left_Hand,-0.032090830441596385,-0.41991348028250886,0.08446992383784763,-0.4042335442539006,0.2095615693233973,-0.32409896185350945,-0.2416523997649937,-0.0958145184289994,0.1458378813359943,-0.2416523997649937,-0.0958145184289994,0.1458378813359943,0.021739130434782594,0.06250575637185948
A05,59,3,Feet,0.4721038697289257,0.669330072915072,0.4244971602898327,0.5215473834686793,0.3020812462501556,0.35563240784187444,0.17002262347877012,0.3136976650731975,0.1436750415944274,,,,0.021739130434782594,0.06250575637185948
A05,60,1,Left_Hand,1.3759677203948104,0.7845001017490384,1.2754707524705349,0.3923847001879791,1.2254952057742141,0.19300183337928045,0.1504725146205963,0.5914982683697579,0.44102575374916164,0.1504725146205963,0.5914982683697579,0.44102575374916164,0.021739130434782594,0.06250575637185948
A05,61,2,Right_Hand,-0.5775362135160088,-0.6493729773660725,-0.5559922710756775,-0.6167010261862024,-0.5148921042286926,-0.5462001492900682,-0.06264410928731623,-0.10317282807600425,-0.04052871878868802,0.06264410928731623,0.10317282807600425,0.04052871878868802,0.021739130434782594,0.06250575637185948
A05,62,4,Tongue,0.15908074412176995,0.41307008934716766,0.01440684513079314,0.14338453668982915,-0.008771694378507656,0.17179357730120076,0.16785243850027762,0.2412765120459669,0.07342407354568928,,,,0.021739130434782594,0.06250575637185948
A05,63,4,Tongue,-0.41833391633129735,-0.4945126314290942,-0.3108212837436198,-0.40059613006256867,-0.2355917704418966,-0.2562279950170476,-0.18274214588940074,-0.23828463641204656,-0.055542490522645815,,,,0.021739130434782594,0.06250575637185948
A05,64,3,Feet,-0.6663776968767918,-0.45484741685153673,-0.6021039660400288,-0.34103242810145007,-0.5056354951286028,-0.13936930445548312,-0.16074220174818898,-0.3154781123960536,-0.15473591064786463,,,,0.021739130434782594,0.06250575637185948
A05,65,4,Tongue,-0.0013580288547633877,0.04720543731273079,0.036902277038627,-0.05262043782792515,0.05108290251116595,-0.03793797650840774,-0.05244093136592934,0.08514341382113852,0.13758434518706786,,,,0.021739130434782594,0.06250575637185948
A05,66,4,Tongue,-0.16159321630082155,-0.15046802520398705,-0.11052047688291292,-0.1544636018208994,-0.08045949600556589,-0.18701409962254542,-0.08113372029525566,0.036546074418558366,0.11767979471381403,,,,0.021739130434782594,0.06250575637185948
A05,67,2,Right_Hand,0.047765416556083504,0.17573785593622676,0.0747611121200804,0.2651420205482383,0.1626176136501604,0.45760669209863686,-0.11485219709407689,-0.2818688361624101,-0.1670166390683332,0.11485219709407689,0.2818688361624101,0.1670166390683332,0.021739130434782594,0.06250575637185948
A05,68,4,Tongue,-0.5238852584313202,-0.3063722276667288,-0.4823058563572129,-0.06524730941657268,-0.5672472971383473,-0.27765537348036406,0.04336203870702715,-0.028716854186364715,-0.07207889289339187,,,,0.021739130434782594,0.06250575637185948
A05,69,4,Tongue,-0.06511178275784073,0.07076099304191713,-0.07195994240955214,0.1716867632679267,-0.17955392256690436,0.07337691898258916,0.11444213980906363,-0.0026159259406720314,-0.11705806574973567,,,,0.021739130434782594,0.06250575637185948
A05,70,1,Left_Hand,-0.5680318945710237,-0.7442887069086676,-0.516484596936327,-0.6934132271390013,-0.5227702414887335,-0.7045830054255929,-0.04526165308229013,-0.03970570148307462,0.005555951599215514,-0.04526165308229013,-0.03970570148307462,0.005555951599215514,0.021739130434782594,0.06250575637185948
A05,71,2,Right_Hand,0.153887167354834,0.07741618628074215,-0.03994430465817498,-0.10392688737279536,-0.06612614511951638,-0.2790356676541573,0.22001331247435035,0.3564518539348995,0.13643854146054912,-0.22001331247435035,-0.3564518539348995,-0.13643854146054912,0.021739130434782594,0.06250575637185948
A05,72,3,Feet,-0.687404958015175,-0.7471315134653175,-0.523817282621354,-0.5587585146736618,-0.5349163748072576,-0.5719740089726623,-0.15248858320791736,-0.1751575044926552,-0.022668921284737853,,,,0.021739130434782594,0.06250575637185948
A05,73,3,Feet,0.7797168979384017,0.7793510155272197,0.59713648254078,0.5424288491209274,0.28776502670260623,0.08471571770425962,0.4919518712357955,0.6946352978229602,0.2026834265871647,,,,0.021739130434782594,0.06250575637185948
A05,74,3,Feet,-0.05849232321807814,0.08629254996655997,-0.23261899758843654,-0.19902153876271825,-0.024381240507004583,0.10983739423421617,-0.034111082711073555,-0.023544844267656198,0.010566238443417357,,,,0.021739130434782594,0.06250575637185948
A05,75,4,Tongue,1.791472346600595,1.3416909667334271,1.793898591587653,0.9589008432178887,2.140789048162777,1.3263771801548332,-0.3493167015621821,0.015313786578593946,0.36463048814077603,,,,0.021739130434782594,0.06250575637185948
A05,76,3,Feet,-0.41853231579772254,-0.5150721684197831,-0.4045099486788708,-0.5779730120836986,-0.36805188873232597,-0.5413124012282496,-0.05048042706539657,0.026240232808466546,0.07672065987386312,,,,0.021739130434782594,0.06250575637185948
A05,77,1,Left_Hand,0.2677666714492359,0.3211317592958409,0.17423632092487018,0.22451586092895967,0.03128952147616067,0.07188173186046622,0.23647714997307523,0.24925002743537472,0.012772877462299492,0.23647714997307523,0.24925002743537472,0.012772877462299492,0.021739130434782594,0.06250575637185948
A05,78,4,Tongue,-0.016818169542491716,-0.29913439164501077,0.05792319836816021,-0.24018912093163317,0.06321154196008595,-0.2886672727149288,-0.08002971150257766,-0.010467118930081953,0.06956259257249571,,,,0.021739130434782594,0.06250575637185948
A05,79,2,Right_Hand,0.23860208160854218,0.11090659936691828,0.4928933287869527,0.3249605952089574,0.6907156651136979,0.49872321580812706,-0.4521135835051557,-0.3878166164412088,0.06429696706394689,0.4521135835051557,0.3878166164412088,-0.06429696706394689,0.021739130434782594,0.06250575637185948
A05,80,3,Feet,-0.3341086362802345,-0.4064131766682812,-0.39332186548209974,-0.41514397783314866,-0.42984878742684474,-0.3782466963071344,0.09574015114661022,-0.028166480361146773,-0.12390663150775699,,,,0.021739130434782594,0.06250575637185948
A05,81,2,Right_Hand,-0.0001709300880881234,0.0238333669264811,-0.060852984641217224,-0.07212861643544537,-0.12369689119323773,-0.12915133799048292,0.12352596110514961,0.15298470491696403,0.029458743811814417,-0.12352596110514961,-0.15298470491696403,-0.029458743811814417,0.021739130434782594,0.06250575637185948
A05,82,3,Feet,-0.4044505444421007,-0.5726630069544113,-0.4261573160254489,-0.6626564069875602,-0.37382889640232153,-0.6609328687081141,-0.03062164803977918,0.08826986175370277,0.11889150979348195,,,,0.021739130434782594,0.06250575637185948
A05,83,4,Tongue,-0.4140657086399706,-0.18064494203978307,-0.4397941665823563,-0.21728693582171862,-0.444394955706579,-0.2923491569176487,0.03032924706660839,0.11170421487786561,0.08137496781125722,,,,0.021739130434782594,0.06250575637185948
A05,84,2,Right_Hand,-0.45344901990444925,0.07417517679120489,-0.5108575546649866,0.05536780842961338,-0.6004636702261025,-0.1708948144913591,0.14701465032165323,0.245069991282564,0.09805534096091076,-0.14701465032165323,-0.245069991282564,-0.09805534096091076,0.021739130434782594,0.06250575637185948
A05,85,3,Feet,0.20319040330722815,-0.10938310410536546,0.020792742497073677,-0.3438638350453516,0.1366563712917752,-0.1244686312877587,0.06653403201545294,0.01508552718239324,-0.0514485048330597,,,,0.021739130434782594,0.06250575637185948
A05,86,1,Left_Hand,-0.008101336112294126,-0.16395351864453425,0.15210490560058254,0.06053135842182331,0.34315242430057336,0.5113321359336324,-0.3512537604128675,-0.6752856545781666,-0.3240318941652991,-0.3512537604128675,-0.6752856545781666,-0.3240318941652991,0.021739130434782594,0.06250575637185948
A05,87,1,Left_Hand,1.9367888810529643,1.339460524571826,1.5598151104352016,0.9343074328584162,1.5177986009483255,0.9714109354191457,0.4189902801046388,0.3680495891526804,-0.05094069095195841,0.4189902801046388,0.3680495891526804,-0.05094069095195841,0.021739130434782594,0.06250575637185948
A05,88,1,Left_Hand,-0.6929221998093733,-0.6376884839294867,-0.648122835418538,-0.6413899547978981,-0.5876380305585592,-0.5519931587385293,-0.10528416925081407,-0.08569532519095746,0.019588844059856614,-0.10528416925081407,-0.08569532519095746,0.019588844059856614,0.021739130434782594,0.06250575637185948
A05,89,4,Tongue,0.6343097773286409,0.5020536909398001,0.7697566577704725,0.47463939980225,0.9891599064738898,0.601875956373275,-0.35485012914524894,-0.09982226543347483,0.2550278637117741,,,,0.021739130434782594,0.06250575637185948
A05,90,2,Right_Hand,-0.38116011775680264,-0.35527071999911275,-0.3010170019268005,-0.2508252206403953,-0.12364024639709378,0.02741709040931,-0.2575198713597089,-0.38268781040842276,-0.12516793904871387,0.2575198713597089,0.38268781040842276,0.12516793904871387,0.021739130434782594,0.06250575637185948
A05,91,1,Left_Hand,-0.6724023602559253,-0.7122786984643228,-0.6563403057614118,-0.6012785109242847,-0.5865270836055313,-0.49587545238997327,-0.08587527665039396,-0.21640324607434952,-0.13052796942395556,-0.08587527665039396,-0.21640324607434952,-0.13052796942395556,0.021739130434782594,0.06250575637185948
A05,92,3,Feet,-0.15550540054326875,0.07815824474489656,-0.023929730145351435,0.21307735793788987,-0.13391712309552256,0.1765734899966974,-0.02158827744774619,-0.09841524525180083,-0.07682696780405464,,,,0.021739130434782594,0.06250575637185948
A05,93,1,Left_Hand,-0.525911568926964,-0.2956509315247008,-0.6698665687555064,-0.6057938125636654,-0.6267817425993427,-0.5605060957237772,0.10087017367237872,0.2648551641990764,0.16398499052669768,0.10087017367237872,0.2648551641990764,0.16398499052669768,0.021739130434782594,0.06250575637185948
A05,94,3,Feet,-0.1997387730013704,-0.3329709117022766,-0.09757627116654809,-0.1761166135167286,-0.07239735361850573,-0.11579206468903824,-0.1273414193828647,-0.21717884701323836,-0.08983742763037367,,,,0.021739130434782594,0.06250575637185948
A05,95,2,Right_Hand,0.29732172512197313,0.286982156595722,0.30620503518441744,0.10543065788069687,0.3365995840947987,-0.03176015940630087,-0.03927785897282554,0.3187423160020229,0.35802017497484845,0.03927785897282554,-0.3187423160020229,-0.35802017497484845,0.021739130434782594,0.06250575637185948
A05,96,4,Tongue,0.6229410847649952,0.4961215975956439,0.38428195585321934,0.1729739199747339,0.4549509804340994,0.31527967900015785,0.16799010433089584,0.18084191859548604,0.0128518142645902,,,,0.021739130434782594,0.06250575637185948
A05,97,1,Left_Hand,0.5440310751653727,-0.18133762970184475,0.5740900246962528,-0.3191303478245217,0.5524337255371488,-0.31428996436677925,-0.00840265037177601,0.1329523346649345,0.1413549850367105,-0.00840265037177601,0.1329523346649345,0.1413549850367105,0.021739130434782594,0.06250575637185948
A05,98,3,Feet,-0.3962312464109235,-0.0899163889222292,-0.5422199095568775,-0.32682014423977923,-0.6857257751193788,-0.5971535153409616,0.2894945287084553,0.5072371264187324,0.2177425977102771,,,,0.021739130434782594,0.06250575637185948
A05,99,3,Feet,0.20564401487387562,-0.11242428032605828,0.14002125154830666,-0.16047040559104772,0.6215439053688789,0.6231806226284614,-0.4158998904950033,-0.7356049029545197,-0.31970501245951644,,,,0.021739130434782594,0.06250575637185948
A05,100,1,Left_Hand,-0.5008994735683604,-0.573999650841936,-0.6059407895694615,-0.7333741688066555,-0.5944165898765658,-0.7455833069869787,0.09351711630820536,0.17158365614504267,0.07806653983683731,0.09351711630820536,0.17158365614504267,0.07806653983683731,0.021739130434782594,0.06250575637185948
A05,101,3,Feet,0.41720849395875764,0.5460962162958428,0.17246804777160252,0.34861229010872946,-0.135584560008475,-0.04499900147135243,0.5527930539672327,0.5910952177671952,0.03830216379996254,,,,0.021739130434782594,0.06250575637185948
A05,102,2,Right_Hand,0.9782726209949195,0.8815913672519134,0.8417571457286334,1.0288439862663226,0.5021259809363373,0.4029955709238555,0.4761466400585822,0.47859579632805793,0.0024491562694757274,-0.4761466400585822,-0.47859579632805793,-0.0024491562694757274,0.021739130434782594,0.06250575637185948
A05,103,4,Tongue,0.14720156426624675,0.004774706942534143,0.016053398642633068,-0.04176090507548755,0.047498678917059535,0.17026793055479827,0.09970288534918723,-0.16549322361226412,-0.26519610896145135,,,,0.021739130434782594,0.06250575637185948
A05,104,4,Tongue,-0.7084698471613958,-0.588454238663032,-0.7254163846335108,-0.6027636911196859,-0.6914835442755896,-0.549674485665734,-0.01698630288580627,-0.03877975299729808,-0.021793450111491808,,,,0.021739130434782594,0.06250575637185948
A05,105,4,Tongue,-0.37441083178671414,-0.41409341087650897,-0.3651879414521647,-0.4773498047489823,-0.2672613065684021,-0.38380776289474827,-0.10714952521831206,-0.0302856479817607,0.07686387723655136,,,,0.021739130434782594,0.06250575637185948
A05,106,3,Feet,-0.5099991562628076,-0.4905155613672576,-0.5095160436848971,-0.5202152995721679,-0.4506103590973109,-0.4902421745889858,-0.059388797165496665,-0.00027338677827182245,0.05911541038722484,,,,0.021739130434782594,0.06250575637185948
A05,107,1,Left_Hand,-0.1363371731713418,-0.1477678225752495,-0.03726630147166467,0.050846837821277885,0.01541273394786067,0.241962006153258,-0.15174990711920247,-0.3897298287285075,-0.237979921609305,-0.15174990711920247,-0.3897298287285075,-0.237979921609305,0.021739130434782594,0.06250575637185948
A05,108,4,Tongue,0.5648913498470817,1.0100258852143131,0.30808218681070415,0.5147781728430115,0.3834312884265158,0.9441134246975068,0.18146006142056587,0.06591246051680633,-0.11554760090375954,,,,0.021739130434782594,0.06250575637185948
A05,109,2,Right_Hand,-0.33253020007528705,-0.26458051616513806,-0.47683093646587926,-0.4384971851318213,-0.5101805471476197,-0.43683595115718515,0.17765034707233268,0.1722554349920471,-0.0053949120802855854,-0.17765034707233268,-0.1722554349920471,0.0053949120802855854,0.021739130434782594,0.06250575637185948
A05,110,4,Tongue,-0.34570032833945247,-0.46702649954317005,-0.25882535349930724,-0.4403999442971714,-0.3327441751270366,-0.626740904222692,-0.012956153212415888,0.15971440467952197,0.17267055789193786,,,,0.021739130434782594,0.06250575637185948
A05,111,2,Right_Hand,-0.2918843101919527,-0.3806293790143812,-0.2880083310981002,-0.43176704249125014,-0.14223423748760708,-0.27983554882346795,-0.14965007270434563,-0.10079383019091326,0.048856242513432374,0.14965007270434563,0.10079383019091326,-0.048856242513432374,0.021739130434782594,0.06250575637185948
A05,112,1,Left_Hand,0.12920251662901752,0.46382505853909517,0.033803170617086195,0.33243233430581637,0.03318700696860501,0.21587009475531588,0.09601550966041252,0.2479549637837793,0.1519394541233668,0.09601550966041252,0.2479549637837793,0.1519394541233668,0.021739130434782594,0.06250575637185948
A05,113,3,Feet,0.2734172224980186,-0.0347039584805886,0.21079971609831633,-0.22250025971465262,0.17877785258580045,-0.3385297316761272,0.09463936991221814,0.3038257731955386,0.20918640328332047,,,,0.021739130434782594,0.06250575637185948
A05,114,1,Left_Hand,-0.24467325170196078,-0.08108235887385902,-0.40588313129583764,-0.5336252950713327,-0.5206551104094924,-0.650403560918565,0.27598185870753167,0.5693212020447059,0.29333934333717426,0.27598185870753167,0.5693212020447059,0.29333934333717426,0.021739130434782594,0.06250575637185948
A05,115,3,Feet,-0.49066845728561903,-0.5582511710825024,-0.3693420633787934,-0.36100209672113015,-0.4611444642174768,-0.3942922017376348,-0.02952399306814224,-0.16395896934486764,-0.1344349762767254,,,,0.021739130434782594,0.06250575637185948
A05,116,3,Feet,0.03980110126512386,-0.40840544833895903,0.2014180178817118,-0.38385826702695136,0.42403804214936613,-0.27752332677547614,-0.38423694088424226,-0.1308821215634829,0.2533548193207594,,,,0.021739130434782594,0.06250575637185948
A05,117,1,Left_Hand,0.7749708053827349,0.9587092287853803,0.806119293793404,0.8085398503317831,0.5753341058283518,0.4695881502075375,0.19963669955438312,0.4891210785778428,0.2894843790234597,0.19963669955438312,0.4891210785778428,0.2894843790234597,0.021739130434782594,0.06250575637185948
A05,118,3,Feet,-0.15919880340737014,0.32540346774034207,-0.24497961727499296,0.08130453726295578,-0.3868451535990056,-0.26281682205401447,0.22764635019163548,0.5882202897943565,0.360573939602721,,,,0.021739130434782594,0.06250575637185948
A05,119,4,Tongue,0.45688563520937003,0.5909675036617644,0.39361881245308805,0.49206104595105027,0.33131441833771247,0.4002569323064398,0.12557121687165756,0.1907105713553246,0.06513935448366703,,,,0.021739130434782594,0.06250575637185948
A05,120,4,Tongue,0.2011605644794436,0.12217520320364347,0.27079222274777437,0.3531355273332999,0.24885748414273742,0.3844699242165151,-0.04769691966329381,-0.26229472101287166,-0.21459780134957784,,,,0.021739130434782594,0.06250575637185948
A05,121,2,Right_Hand,-0.6376036988177701,-0.6875949292718341,-0.5208183579980482,-0.5269610123302106,-0.4196130888820539,-0.3831979961580943,-0.21799060993571623,-0.3043969331137398,-0.08640632317802355,0.21799060993571623,0.3043969331137398,0.08640632317802355,0.021739130434782594,0.06250575637185948
A05,122,1,Left_Hand,0.5016792643723306,0.48174474570069614,0.4028448551610963,0.36212066322490266,0.5473522815489883,0.4862839568689375,-0.045673017176657726,-0.004539211168241353,0.041133806008416374,-0.045673017176657726,-0.004539211168241353,0.041133806008416374,0.021739130434782594,0.06250575637185948
A05,123,2,Right_Hand,-0.13831029305188375,-0.2917774363481386,-0.09194423051827572,-0.3432890727169086,0.010439971199947792,-0.2784103743105569,-0.14875026425183155,-0.0133670620375817,0.13538320221424985,0.14875026425183155,0.0133670620375817,-0.13538320221424985,0.021739130434782594,0.06250575637185948
A05,124,4,Tongue,-0.49438356084203994,-0.4201406470577146,-0.5736156925815112,-0.6287272552500714,-0.4898350505561096,-0.5125615943031688,-0.004548510285930341,0.09242094724545424,0.09696945753138458,,,,0.021739130434782594,0.06250575637185948
A05,125,2,Right_Hand,-0.25225031280521726,-0.10281459823171869,-0.2483140998865413,-0.10530733257502281,-0.34384173521647476,-0.2945323957255888,0.0915914224112575,0.19171779749387013,0.10012637508261263,-0.0915914224112575,-0.19171779749387013,-0.10012637508261263,0.021739130434782594,0.06250575637185948
A05,126,4,Tongue,0.06661716988147554,0.1748247719902763,-0.02847032721224562,0.22031432444603932,-0.21228297345336555,-0.09064736541564936,0.2789001433348411,0.2654721374059257,-0.01342800592891541,,,,0.021739130434782594,0.06250575637185948
A05,127,3,Feet,0.8717844350317725,1.7981327991319584,1.1006248891808474,2.7944507649301067,0.7315937773305313,2.7601029866402444,0.14019065770124117,-0.961970187508286,-1.1021608452095273,,,,0.021739130434782594,0.06250575637185948
A05,128,2,Right_Hand,-0.3376759095522732,-0.10008572855203197,-0.38451021978674965,-0.044137677811587096,-0.4345747543362332,-0.2743905604103625,0.09689884478395999,0.17430483185833057,0.07740598707437057,-0.09689884478395999,-0.17430483185833057,-0.07740598707437057,0.021739130434782594,0.06250575637185948
A05,129,2,Right_Hand,1.436014681118848,0.633902570511256,1.3426153917127455,0.45737472189731637,1.5764112670401798,0.5317563590197559,-0.14039658592133186,0.10214621149150005,0.2425427974128319,0.14039658592133186,-0.10214621149150005,-0.2425427974128319,0.021739130434782594,0.06250575637185948
A05,130,2,Right_Hand,-0.431855150922374,-0.6181757932959605,-0.5256631962504138,-0.6657984855409207,-0.3898082527365418,-0.4639020353769021,-0.04204689818583218,-0.1542737579190584,-0.11222685973322621,0.04204689818583218,0.1542737579190584,0.11222685973322621,0.021739130434782594,0.06250575637185948
A05,131,3,Feet,-0.43877031628377544,-0.1405085303621956,-0.47231535410574677,-0.061948536469241054,-0.4893528814698661,-0.20690315139675491,0.05058256518609067,0.06639462103455931,0.015812055848468648,,,,0.021739130434782594,0.06250575637185948
A05,132,4,Tongue,0.028750146044298607,0.5331236997553555,0.08298344034261496,0.626609524887299,0.010231408647790211,0.35632840986927267,0.018518737396508396,0.17679528988608278,0.1582765524895744,,,,0.021739130434782594,0.06250575637185948
A05,133,1,Left_Hand,-0.5197249099683012,-0.27486620264591977,-0.48682664040851487,-0.06559245574849254,-0.49649782772889584,0.03241982820166066,-0.023227082239405394,-0.30728603084758044,-0.28405894860817504,-0.023227082239405394,-0.30728603084758044,-0.28405894860817504,0.021739130434782594,0.06250575637185948
A05,134,2,Right_Hand,0.31256229165860844,0.10433437737095172,0.2663103341596567,0.05640080773541919,0.10786487855869212,-0.17266518507446293,0.20469741309991632,0.2769995624454147,0.07230214934549836,-0.20469741309991632,-0.2769995624454147,-0.07230214934549836,0.021739130434782594,0.06250575637185948
A05,135,4,Tongue,0.6417299293247128,0.4695457872102333,0.7473669458798502,0.6163742819559387,0.37958606275697515,0.08959179642172639,0.2621438665677377,0.37995399078850695,0.11781012422076925,,,,0.021739130434782594,0.06250575637185948
A05,136,1,Left_Hand,0.14128843942260827,0.12275197928199902,0.26313332960591135,0.3226478522858621,0.018737342131836525,-0.07497843450068092,0.12255109729077174,0.19773041378267994,0.0751793164919082,0.12255109729077174,0.19773041378267994,0.0751793164919082,0.021739130434782594,0.06250575637185948
A05,137,3,Feet,0.24222124222721805,0.06025309419677453,0.3773092624834335,0.2206578367368362,0.6543744703709684,0.5874774423079946,-0.4121532281437503,-0.5272243481112201,-0.11507111996746977,,,,0.021739130434782594,0.06250575637185948
A05,138,3,Feet,1.6541155700216525,1.128305580192655,1.4167422417633933,0.49871276226671574,1.4592622592066158,0.5349945372566512,0.19485331081503676,0.5933110429360037,0.3984577321209669,,,,0.021739130434782594,0.06250575637185948
A05,139,4,Tongue,0.09687394487040707,-0.2152246735989903,-0.07143073899058706,-0.36811875266727045,-0.17636645917551097,-0.47058989479242974,0.27324040404591804,0.2553652211934394,-0.017875182852478633,,,,0.021739130434782594,0.06250575637185948
A05,140,1,Left_Hand,0.15562752930925833,-0.1515326615811867,0.04917166823077352,-0.29546053915313386,0.07705314513556752,-0.320024781670575,0.07857438417369081,0.16849212008938833,0.08991773591569752,0.07857438417369081,0.16849212008938833,0.08991773591569752,0.021739130434782594,0.06250575637185948
A05,141,1,Left_Hand,-0.4782389963297699,-0.2784367860083451,-0.4968915166431933,-0.39071651546165453,-0.32187848683276443,-0.0454871378122856,-0.15636050949700547,-0.2329496481960595,-0.07658913869905404,-0.15636050949700547,-0.2329496481960595,-0.07658913869905404,0.021739130434782594,0.06250575637185948
A05,142,3,Feet,-0.1629845878589758,-0.509082469180717,-0.038335175680369274,-0.44605945191658475,0.08176386927727132,-0.329649479725622,-0.2447484571362471,-0.179432989455095,0.0653154676811521,,,,0.021739130434782594,0.06250575637185948
A05,143,2,Right_Hand,-0.15775965547206727,-0.48770775728223104,0.43823997841623,0.003976886910126743,0.7096398289388367,0.1964542466644403,-0.867399484410904,-0.6841620039466714,0.1832374804642326,0.867399484410904,0.6841620039466714,-0.1832374804642326,0.021739130434782594,0.06250575637185948
A05,144,4,Tongue,0.45035684588863967,-0.13048616366568083,0.39126593766985673,-0.12502833786159617,0.44786974009341374,-0.12379610860913405,0.00248710579522593,-0.0066900550565467815,-0.009177160851772712,,,,0.021739130434782594,0.06250575637185948
A05,145,4,Tongue,0.16577602840297184,-0.061427723967585786,0.02473670394127965,-0.23370591509582128,0.15433536530979527,-0.0703719880091245,0.011440663093176567,0.008944264041538717,-0.00249639905163785,,,,0.021739130434782594,0.06250575637185948
A05,146,4,Tongue,0.4251950085602772,0.7663986804075075,0.07216276086732505,0.19498734978838567,-0.12606040779474606,-0.15450395243946774,0.5512554163550233,0.9209026328469752,0.36964721649195187,,,,0.021739130434782594,0.06250575637185948
A05,147,2,Right_Hand,-0.12410013613290224,-0.17746520740162858,-0.1054933811189672,-0.17737034392544687,0.24603661966757764,0.30278857697440575,-0.3701367558004799,-0.48025378437603433,-0.11011702857555444,0.3701367558004799,0.48025378437603433,0.11011702857555444,0.021739130434782594,0.06250575637185948
A05,148,1,Left_Hand,-0.7160474320614609,-0.6040258659553982,-0.5138204200060527,-0.11516316008704569,-0.48224494669463636,0.0682171217435578,-0.23380248536682458,-0.672242987698956,-0.4384405023321314,-0.23380248536682458,-0.672242987698956,-0.4384405023321314,0.021739130434782594,0.06250575637185948
A05,149,3,Feet,-0.3121429345377056,-0.5093150360976226,-0.4325808202439403,-0.6801712528123425,-0.3591495513053533,-0.6379082773689143,0.047006616767647724,0.12859324127129168,0.08158662450364396,,,,0.021739130434782594,0.06250575637185948
A05,150,2,Right_Hand,0.45144174025318634,0.6730380786956272,0.26493436982301727,0.47591090472890324,0.24756876077791468,0.6894411013151195,0.20387297947527167,-0.016403022619492336,-0.220276002094764,-0.20387297947527167,0.016403022619492336,0.220276002094764,0.021739130434782594,0.06250575637185948
A05,151,4,Tongue,-0.34003801795307165,-0.11429469267282706,-0.3033558565973374,-0.19912028347797361,-0.3050776679518206,-0.23133362568068785,-0.03496035000125103,0.1170389330078608,0.1519992830091118,,,,0.021739130434782594,0.06250575637185948
A05,152,1,Left_Hand,-0.004679806633058143,-0.2415384115510952,0.16050319594151788,-0.09387738723645378,0.2921864875193708,0.03405091469742179,-0.296866294152429,-0.275589326248517,0.02127696790391198,-0.296866294152429,-0.275589326248517,0.02127696790391198,0.021739130434782594,0.06250575637185948
A05,153,4,Tongue,0.1948817629092176,0.34315383805600247,0.08935028555971732,0.38252662278072974,-0.10643149277972658,0.4264775030070232,0.3013132556889442,-0.08332366495102073,-0.3846369206399649,,,,0.021739130434782594,0.06250575637185948
A05,154,3,Feet,1.4221543810861437,1.4336784183354494,1.7631325873730677,1.4666785724411249,2.184416248386852,2.1680751569672925,-0.7622618673007084,-0.7343967386318431,0.02786512866886537,,,,0.021739130434782594,0.06250575637185948
A05,155,2,Right_Hand,-0.2164753618525886,-0.5548916607918944,-0.1795594322653207,-0.5652489946777782,0.014319005256724486,-0.4488209841280508,-0.2307943671093131,-0.10607067666384362,0.12472369044546947,0.2307943671093131,0.10607067666384362,-0.12472369044546947,0.021739130434782594,0.06250575637185948
A05,156,4,Tongue,0.7405784364742077,0.9681194127010774,0.5387215597108248,0.5167067839200764,0.3398642958343766,0.11940197329182499,0.40071414063983113,0.8487174394092524,0.44800329876942124,,,,0.021739130434782594,0.06250575637185948
A05,157,4,Tongue,-0.11960995569500024,-0.3825354682558778,-0.07271184544034302,-0.26276733395353136,-0.05317501965319822,-0.16732529665688187,-0.06643493604180202,-0.21521017159899594,-0.1487752355571939,,,,0.021739130434782594,0.06250575637185948
A05,158,1,Left_Hand,0.02551655350640738,0.4894009374329327,-0.06453822735822733,0.4268639317425225,-0.2631776571159732,-0.017919219977321772,0.28869421062238054,0.5073201574102545,0.21862594678787395,0.28869421062238054,0.5073201574102545,0.21862594678787395,0.021739130434782594,0.06250575637185948
A05,159,2,Right_Hand,-0.0308135439306219,0.03309943334141211,-0.1894192128018598,-0.24412940743486414,-0.2375734030109106,-0.3986389588192525,0.20675985908028868,0.4317383921606646,0.22497853308037594,-0.20675985908028868,-0.4317383921606646,-0.22497853308037594,0.021739130434782594,0.06250575637185948
A05,160,2,Right_Hand,-0.1959814289853423,-0.3412457326539718,-0.10372691908756815,-0.18493917537271112,-0.1929003506122482,-0.2573222489158026,-0.0030810783730940983,-0.08392348373816921,-0.08084240536507512,0.0030810783730940983,0.08392348373816921,0.08084240536507512,0.021739130434782594,0.06250575637185948
A05,161,3,Feet,-0.45606840719302716,-0.4830893789010911,-0.46640394771030297,-0.6026692888884229,-0.42699992949137194,-0.635935751498337,-0.029068477701655215,0.15284637259724593,0.18191485029890114,,,,0.021739130434782594,0.06250575637185948
A05,162,4,Tongue,-0.2402342442559613,-0.41337220701660665,-0.308416244365027,-0.37674825426409325,-0.39408307784301455,-0.4515506405406422,0.15384883358705326,0.03817843352403555,-0.11567040006301771,,,,0.021739130434782594,0.06250575637185948
A05,163,2,Right_Hand,0.015316921998944707,-0.17703243651763578,-0.16608355430798694,-0.23260151043371538,-0.1363234876863165,-0.2686535692712317,0.1516404096852612,0.0916211327535959,-0.06001927693166531,-0.1516404096852612,-0.0916211327535959,0.06001927693166531,0.021739130434782594,0.06250575637185948
A05,164,1,Left_Hand,-0.1937636408855066,-0.32901877551648295,0.06283024129837306,-0.19234848543515948,-0.007366933676368067,-0.2275561756916414,-0.18639670720913853,-0.10146259982484154,0.08493410738429699,-0.18639670720913853,-0.10146259982484154,0.08493410738429699,0.021739130434782594,0.06250575637185948
A05,165,1,Left_Hand,0.7445787932888517,1.128230292816595,0.5505003153137139,0.7186018166014375,0.6770638479437172,0.9564936049188404,0.06751494534513447,0.17173668789775465,0.10422174255262018,0.06751494534513447,0.17173668789775465,0.10422174255262018,0.021739130434782594,0.06250575637185948
A05,166,4,Tongue,-0.031646682396266244,-0.3255374014736543,-0.04535936084337837,-0.3270834846651248,0.043859072135219855,-0.2450088360176488,-0.0755057545314861,-0.08052856545600548,-0.00502281092451938,,,,0.021739130434782594,0.06250575637185948
A05,167,2,Right_Hand,-0.5000499878293333,-0.3715985480096274,-0.38707666351356834,-0.19706567286630794,-0.3403337978267502,-0.15142596933181804,-0.15971619000258308,-0.22017257867780934,-0.060456388675226264,0.15971619000258308,0.22017257867780934,0.060456388675226264,0.021739130434782594,0.06250575637185948
A05,168,1,Left_Hand,-0.4934383673689742,-0.5303867413500498,-0.3737302222375701,-0.40916419297747736,-0.298949663910065,-0.3593595364405421,-0.19448870345890917,-0.17102720490950774,0.02346149854940144,-0.19448870345890917,-0.17102720490950774,0.02346149854940144,0.021739130434782594,0.06250575637185948
A05,169,3,Feet,0.783459171566645,0.18229635780232836,0.8658421420952475,0.35443106064105173,0.9631120596082693,0.41653222519592653,-0.17965288804162427,-0.23423586739359817,-0.0545829793519739,,,,0.021739130434782594,0.06250575637185948
A05,170,2,Right_Hand,0.8352345577127892,0.6039967111489025,0.9753147415302402,0.6173886900025789,1.2076662986323923,0.9569598458592968,-0.37243174091960307,-0.3529631347103943,0.01946860620920876,0.37243174091960307,0.3529631347103943,-0.01946860620920876,0.021739130434782594,0.06250575637185948
A05,171,2,Right_Hand,-0.63647822437884,-0.4920752755481318,-0.6273726031378731,-0.47265817527415604,-0.5723460464770261,-0.3518642560581247,-0.06413217790181391,-0.14021101949000708,-0.07607884158819317,0.06413217790181391,0.14021101949000708,0.07607884158819317,0.021739130434782594,0.06250575637185948
A05,172,3,Feet,-0.6844612711611426,-0.5500737997405175,-0.6118347625096818,-0.36685603619815915,-0.6379787424793582,-0.38909323933277284,-0.046482528681784485,-0.16098056040774467,-0.11449803172596018,,,,0.021739130434782594,0.06250575637185948
A05,173,1,Left_Hand,-0.6713362006724023,-0.5867843249534241,-0.7932736402791414,-0.642793910727481,-0.7723445371824534,-0.43514506177764206,0.10100833651005114,-0.15163926317578208,-0.2526475996858332,0.10100833651005114,-0.15163926317578208,-0.2526475996858332,0.021739130434782594,0.06250575637185948
A05,174,4,Tongue,0.9032486054439535,0.8074062808563157,0.7078664840153572,0.3913478529101081,0.7675211063298619,0.266293127217777,0.13572749911409154,0.5411131536385387,0.4053856545244472,,,,0.021739130434782594,0.06250575637185948
A05,175,3,Feet,-0.09304239083531252,0.07417593778761465,0.027448974536351443,0.21532810836763872,-0.033062072108341514,0.2721062857046858,-0.059980318726971,-0.19793034791707115,-0.13795002919010013,,,,0.021739130434782594,0.06250575637185948
A05,176,3,Feet,0.5755917567850438,1.0208577126853675,0.8991024512233807,1.4021130266519375,0.7084873437427304,0.8969513834290223,-0.13289558695768655,0.12390632925634526,0.2568019162140318,,,,0.021739130434782594,0.06250575637185948
A05,177,3,Feet,-0.034983313257175006,0.10142611542581743,-0.17889203004837878,-0.08038744093330218,-0.23692549545233643,-0.1610471876281272,0.2019421821951614,0.2624733030539446,0.060531120858783205,,,,0.021739130434782594,0.06250575637185948
A05,178,3,Feet,2.040201236714457,0.5356609603436924,2.490759266474349,0.9849536375344671,2.1086932356933112,0.583864176459731,-0.06849199897885416,-0.048203216116038616,0.020288782862815546,,,,0.021739130434782594,0.06250575637185948
A05,179,1,Left_Hand,-0.12997836022729892,-0.408792441324144,-0.12147109265136767,-0.43535977372513474,-0.024947216000204324,-0.4098723368802875,-0.10503114422709459,0.0010798955561435175,0.1061110397832381,-0.10503114422709459,0.0010798955561435175,0.1061110397832381,0.021739130434782594,0.06250575637185948
A05,180,2,Right_Hand,-0.15114910637307816,-0.3466162801021941,-0.015701166463466008,-0.19614331472451627,-0.03296984268793746,-0.13643810907996948,-0.1181792636851407,-0.2101781710222246,-0.09199890733708391,0.1181792636851407,0.2101781710222246,0.09199890733708391,0.021739130434782594,0.06250575637185948
A05,181,1,Left_Hand,-0.4695843516818388,-0.49471502409814544,-0.5264016295403652,-0.5625668610105962,-0.4751582025230679,-0.5559729923179388,0.005573850841229078,0.0612579682197934,0.055684117378564324,0.005573850841229078,0.0612579682197934,0.055684117378564324,0.021739130434782594,0.06250575637185948
A05,182,1,Left_Hand,0.11357093697360462,0.13939572912869524,0.14126638161054655,0.23451874186076851,0.02904130400185183,-0.05143922811342377,0.0845296329717528,0.19083495724211902,0.10630532427036622,0.0845296329717528,0.19083495724211902,0.10630532427036622,0.021739130434782594,0.06250575637185948
A05,183,1,Left_Hand,0.3934555245267759,0.3060117101615362,0.3018293355054688,0.2526905315990173,0.2772991578092687,0.27081103678610924,0.11615636671750718,0.03520067337542698,-0.08095569334208019,0.11615636671750718,0.03520067337542698,-0.08095569334208019,0.021739130434782594,0.06250575637185948
A05,184,3,Feet,-0.6679628231708731,-0.7127695337170405,-0.7519872860574739,-0.8319285952313369,-0.814096301616925,-0.8946262513077772,0.14613347844605196,0.18185671759073663,0.03572323914468467,,,,0.021739130434782594,0.06250575637185948
A05,185,3,Feet,0.12288134404091054,0.15852364499125793,0.35408513978611844,0.5443333883444524,0.28274771293621576,0.31109701881097834,-0.1598663688953052,-0.15257337381972041,0.007292995075584785,,,,0.021739130434782594,0.06250575637185948
A05,186,2,Right_Hand,0.08877466768866546,0.013521556502526216,0.10590751873865818,-0.03408937991981123,0.10901232037521276,-0.10810908365062505,-0.0202376526865473,0.12163064015315127,0.14186829283969857,0.0202376526865473,-0.12163064015315127,-0.14186829283969857,0.021739130434782594,0.06250575637185948
A05,187,3,Feet,0.7361067839298029,0.26262538411208763,0.8294328330601415,0.5018722854108488,0.5040473232071959,0.17391192205740655,0.23205946072260697,0.08871346205468109,-0.14334599866792588,,,,0.021739130434782594,0.06250575637185948
A05,188,4,Tongue,-0.6232147727205306,-0.7251382013879356,-0.5146403021451971,-0.6061377116920411,-0.33767184419273844,-0.42119917863960155,-0.2855429285277922,-0.30393902274833406,-0.018396094220541892,,,,0.021739130434782594,0.06250575637185948
A05,189,1,Left_Hand,-0.3332638106252549,-0.574425099942762,-0.35646528919084275,-0.5595509334771711,-0.4661711635591301,-0.6086933743583132,0.13290735293387518,0.034268274415551137,-0.09863907851832404,0.13290735293387518,0.034268274415551137,-0.09863907851832404,0.021739130434782594,0.06250575637185948
A05,190,4,Tongue,0.044648394433212245,-0.18150395736387412,0.09405989385427614,-0.09362197640248096,0.17843922874108653,-0.06163886091588453,-0.13379083430787428,-0.1198650964479896,0.013925737859884685,,,,0.021739130434782594,0.06250575637185948
A05,191,1,Left_Hand,0.22539005441796559,0.3333115751713921,0.1110870124000448,0.24034451398836318,0.06599873422449523,0.25051723862781816,0.15939132019347035,0.08279433654357393,-0.07659698364989642,0.15939132019347035,0.08279433654357393,-0.07659698364989642,0.021739130434782594,0.06250575637185948
A05,192,1,Left_Hand,-0.1530931294611089,-0.4624044293598376,-0.1361301490470072,-0.45515320030972345,-0.10201596695525558,-0.5146200833736906,-0.05107716250585331,0.052215654013852975,0.10329281651970629,-0.05107716250585331,0.052215654013852975,0.10329281651970629,0.021739130434782594,0.06250575637185948
A05,193,2,Right_Hand,0.3603231316241617,0.46154372902630325,0.20322039400595457,0.29748685359108556,0.18929243517706554,0.6378031411720295,0.17103069644709615,-0.17625941214572627,-0.3472901085928224,-0.17103069644709615,0.17625941214572627,0.3472901085928224,0.021739130434782594,0.06250575637185948
A05,194,4,Tongue,0.5629612614780095,1.257251388373118,1.1184868811888151,2.20656546640905,0.5762157664565707,1.3916801834068955,-0.013254504978561177,-0.13442879503377747,-0.1211742900552163,,,,0.021739130434782594,0.06250575637185948
A05,195,3,Feet,-0.1527047513946474,-0.33875907221545604,-0.21858578445128887,-0.4071012626728834,-0.14028814457745273,-0.36752665899170806,-0.01241660681719467,0.02876758677625202,0.04118419359344669,,,,0.021739130434782594,0.06250575637185948
A05,196,2,Right_Hand,-0.09695711285894446,0.38038718622664325,-0.15674430941041137,0.5226943823282725,-0.27052513085139357,0.3635217162495946,0.17356801799244911,0.01686546997704863,-0.15670254801540048,-0.17356801799244911,-0.01686546997704863,0.15670254801540048,0.021739130434782594,0.06250575637185948
A05,197,3,Feet,0.16803172762530497,0.44564850966968944,5.7681465412965896e-05,0.38613744441591547,-0.19210087430993839,0.1274447202260251,0.3601326019352433,0.31820378944366434,-0.04192881249157898,,,,0.021739130434782594,0.06250575637185948
A05,198,4,Tongue,-0.46025773744445037,-0.016670721749597047,-0.4666281622088135,-0.1275317871783764,-0.5431924636145041,-0.3730600184103805,0.08293472617005376,0.35638929666078345,0.2734545704907297,,,,0.021739130434782594,0.06250575637185948
A05,199,3,Feet,0.057065698781422064,0.21720650260665114,0.017935911751973618,0.18041338306858387,0.04909265339687785,0.32477045216280825,0.007973045384544214,-0.10756394955615711,-0.11553699494070133,,,,0.021739130434782594,0.06250575637185948
A05,200,4,Tongue,-0.23102108079991632,0.3775630691773883,-0.039829265668147436,1.039538642697379,-0.1581993922157739,1.0583082402057677,-0.07282168858414242,-0.6807451710283794,-0.607923482444237,,,,0.021739130434782594,0.06250575637185948
A05,201,2,Right_Hand,0.6871403197386554,1.9612968846424803,0.6926995742337908,1.8732760473555676,0.5581040073463192,1.5398599447601589,0.12903631239233626,0.42143693988232145,0.2924006274899852,-0.12903631239233626,-0.42143693988232145,-0.2924006274899852,0.021739130434782594,0.06250575637185948
A05,202,2,Right_Hand,-0.5019617300362331,-0.539262755589002,-0.4734034414473638,-0.47414992601357175,-0.5738868409646084,-0.6311741312019398,0.07192511092837528,0.09191137561293772,0.019986264684562438,-0.07192511092837528,-0.09191137561293772,-0.019986264684562438,0.021739130434782594,0.06250575637185948
A05,203,4,Tongue,0.1480822161115633,0.17707854556124178,0.08912041617434681,0.052298981163763865,-0.07578076993254594,-0.21686818548336317,0.22386298604410926,0.393946731044605,0.17008374500049572,,,,0.021739130434782594,0.06250575637185948
A05,204,1,Left_Hand,0.21470572292541643,0.4989215020792721,0.3236697036085305,0.6801465189070856,0.08601449867255882,0.23565396911518238,0.12869122425285762,0.2632675329640897,0.1345763087112321,0.12869122425285762,0.2632675329640897,0.1345763087112321,0.021739130434782594,0.06250575637185948
A05,205,2,Right_Hand,-0.024431059170418726,-0.3048749843522921,-0.22183880676491008,-0.49085853045730005,-0.20334231135611774,-0.5751686123307775,0.17891125218569903,0.27029362797848544,0.09138237579278641,-0.17891125218569903,-0.27029362797848544,-0.09138237579278641,0.021739130434782594,0.06250575637185948
A05,206,2,Right_Hand,0.14989279870544148,0.31980507186789986,-0.04033243978325597,0.09269776797973227,-0.04096781942730208,0.09307169456034839,0.19086061813274355,0.22673337730755147,0.03587275917480792,-0.19086061813274355,-0.22673337730755147,-0.03587275917480792,0.021739130434782594,0.06250575637185948
A05,207,2,Right_Hand,-0.05999133743728367,-0.12470194377035644,0.0005289656590187093,-0.04108368943546672,0.014461003574653143,0.03334906645517706,-0.07445234101193682,-0.1580510102255335,-0.08359866921359668,0.07445234101193682,0.1580510102255335,0.08359866921359668,0.021739130434782594,0.06250575637185948
A05,208,3,Feet,-0.07138958066677574,0.058753229315390426,-0.2088272094393503,-0.22075509602217858,-0.20783077253080062,-0.09696551055870908,0.13644119186402487,0.1557187398740995,0.01927754801007464,,,,0.021739130434782594,0.06250575637185948
A05,209,4,Tongue,-0.3671751059728744,-0.4019575149323298,-0.31902798784674,-0.3913124367171216,-0.0029433034554254807,-0.09548688408076052,-0.3642318025174489,-0.3064706308515693,0.05776117166587963,,,,0.021739130434782594,0.06250575637185948
A05,210,1,Left_Hand,0.5449134539012468,-0.1109258361361998,0.7942904058010584,0.13458069807882977,1.4598313169955475,0.6761183933589601,-0.9149178630943007,-0.7870442294951598,0.12787363359914083,-0.9149178630943007,-0.7870442294951598,0.12787363359914083,0.021739130434782594,0.06250575637185948
A05,211,4,Tongue,-0.055987983499678526,0.19865434184852646,-0.2634096843622588,-0.15767064577765244,-0.24783019417062888,-0.08287700038035577,0.19184221067095036,0.2815313422288822,0.08968913155793184,,,,0.021739130434782594,0.06250575637185948
A05,212,1,Left_Hand,-0.47432702848860003,-0.34756203500447763,-0.5388002206060609,-0.2706654149681715,-0.6213507289319805,-0.3584966924091269,0.14702370044338048,0.010934657404649273,-0.1360890430387312,0.14702370044338048,0.010934657404649273,-0.1360890430387312,0.021739130434782594,0.06250575637185948
A05,213,3,Feet,-0.037655666749719506,-0.3753875170849035,-0.24370834374129532,-0.5458321329208062,-0.17053560087804617,-0.5117576763002343,0.13287993412832666,0.1363701592153308,0.0034902250870041396,,,,0.021739130434782594,0.06250575637185948
A05,214,1,Left_Hand,0.27348629592470913,0.5268696858675401,0.3688927692680456,0.801502248263002,0.791277966582385,1.3860414052365735,-0.517791670657676,-0.8591717193690334,-0.3413800487113574,-0.517791670657676,-0.8591717193690334,-0.3413800487113574,0.021739130434782594,0.06250575637185948
A05,215,4,Tongue,-0.1209107956774486,-0.10847143042817034,-0.2434690920251679,-0.31108076142387164,-0.2342024620544416,-0.3367887511357075,0.11329166637699299,0.22831732070753716,0.11502565433054417,,,,0.021739130434782594,0.06250575637185948
A05,216,1,Left_Hand,0.11732914303208097,0.08641393830624615,0.35626442754166116,0.4366903840184867,0.46098674285475577,0.6880376136682391,-0.3436575998226748,-0.601623675361993,-0.2579660755393182,-0.3436575998226748,-0.601623675361993,-0.2579660755393182,0.021739130434782594,0.06250575637185948
A05,217,3,Feet,-0.2894331136595591,-0.41253836689458306,-0.2910870459838376,-0.4182179052708019,-0.37555074925803017,-0.5163053096281776,0.08611763559847108,0.10376694273359449,0.017649307135123415,,,,0.021739130434782594,0.06250575637185948
A05,218,1,Left_Hand,-0.2584972628702329,-0.3707508751362993,-0.1505134986803424,-0.23085283650009403,0.1310263305713731,0.1602876458332401,-0.38952359344160603,-0.5310385209695394,-0.14151492752793338,-0.38952359344160603,-0.5310385209695394,-0.14151492752793338,0.021739130434782594,0.06250575637185948
A05,219,2,Right_Hand,-0.048041504636739986,-0.3155263200816766,-0.32814631596643906,-0.6512344986767885,-0.2481454488700034,-0.62823295189516,0.20010394423326341,0.31270663181348346,0.11260268758022005,-0.20010394423326341,-0.31270663181348346,-0.11260268758022005,0.021739130434782594,0.06250575637185948
A05,220,3,Feet,0.2824956036847524,-0.1514610024364715,0.22592125698251617,-0.15444838361990182,0.24104507122122276,-0.17803082201764744,0.041450532463529643,0.026569819581175935,-0.014880712882353708,,,,0.021739130434782594,0.06250575637185948
A05,221,3,Feet,-0.23246484931108097,0.012853377817548937,-0.09339154990810553,0.20117558405139627,-0.27019319934225394,-0.014612791050667694,0.037728350031172975,0.02746616886821663,-0.010262181162956345,,,,0.021739130434782594,0.06250575637185948
A05,222,4,Tongue,-0.10364169854593507,0.12864427185640748,-0.23139073896887827,-0.12236302452442475,-0.28705738117341834,-0.20022558182088565,0.18341568262748326,0.32886985367729316,0.1454541710498099,,,,0.021739130434782594,0.06250575637185948
A05,223,1,Left_Hand,-0.26534632589256796,-0.20004983420775088,-0.33121633926810495,-0.2699538632702815,-0.5021039996953223,-0.5020144262390326,0.2367576738027543,0.3019645920312817,0.06520691822852737,0.2367576738027543,0.3019645920312817,0.06520691822852737,0.021739130434782594,0.06250575637185948
A05,224,2,Right_Hand,-0.3224509884496496,-0.10915866197100348,-0.4381891239872494,-0.26402932135608764,-0.4782735386082382,-0.2677112986880568,0.1558225501585886,0.15855263671705333,0.0027300865584647394,-0.1558225501585886,-0.15855263671705333,-0.0027300865584647394,0.021739130434782594,0.06250575637185948
A05,225,4,Tongue,1.2457517419661412,0.2126417588774164,1.3952242209844743,0.565759566544362,1.5137031483250882,0.9705790008125053,-0.267951406358947,-0.7579372419350888,-0.48998583557614184,,,,0.021739130434782594,0.06250575637185948
A05,226,2,Right_Hand,-0.4074151767007372,-0.4770176327370266,-0.433684812796348,-0.5338961323284063,-0.41465774749538803,-0.4876806996245477,0.007242570794650849,0.010663066887521111,0.003420496092870262,-0.007242570794650849,-0.010663066887521111,-0.003420496092870262,0.021739130434782594,0.06250575637185948
A05,227,3,Feet,-0.2728403572614714,-0.2614794409581026,-0.19347174715048276,-0.30566428225549364,0.13735459195833913,0.140509498854473,-0.4101949492198105,-0.4019889398125756,0.008206009407234871,,,,0.021739130434782594,0.06250575637185948
A05,228,3,Feet,0.8739179489597915,1.1580930234018036,1.1844750108028481,1.3274858735623194,1.1671826961565634,1.2738582644769958,-0.293264747196772,-0.11576524107519215,0.17749950612157983,,,,0.021739130434782594,0.06250575637185948
A05,229,1,Left_Hand,-0.24465339712421205,-0.14669787262851028,-0.4456014656112386,-0.4941303653724229,-0.5012912258972775,-0.6018668347969671,0.2566378287730654,0.4551689621684568,0.1985311333953914,0.2566378287730654,0.4551689621684568,0.1985311333953914,0.021739130434782594,0.06250575637185948
A05,230,4,Tongue,0.6307258305071215,0.7585524805722325,0.15228678214944727,0.22569572027043291,0.2563233173042281,0.45281146344827866,0.3744025132028934,0.3057410171239538,-0.06866149607893962,,,,0.021739130434782594,0.06250575637185948
A05,231,2,Right_Hand,-0.38836767655931237,-0.13419616113879207,-0.24479977135743564,0.24203861608957744,-0.2689513506276004,0.1007837693667498,-0.11941632593171198,-0.2349799305055419,-0.11556360457382991,0.11941632593171198,0.2349799305055419,0.11556360457382991,0.021739130434782594,0.06250575637185948
A05,232,4,Tongue,0.05464043341295179,-0.3380569145298397,0.07719468797187147,-0.34567200228249123,0.1171156685589037,-0.4140409485730678,-0.0624752351459519,0.07598403404322807,0.13845926918917997,,,,0.021739130434782594,0.06250575637185948
A05,233,1,Left_Hand,0.07831379031774696,-0.21825955391905258,0.29531705334619845,-0.042709007763316736,0.4840995350686306,0.0802733071384535,-0.4057857447508837,-0.2985328610575061,0.1072528836933776,-0.4057857447508837,-0.2985328610575061,0.1072528836933776,0.021739130434782594,0.06250575637185948
A05,234,1,Left_Hand,-0.12478619219568267,-0.24331690983064597,-0.1757938341293311,-0.2551973119734612,-0.43654702679599316,-0.5525063626731256,0.3117608346003105,0.3091894528424796,-0.002571381757830893,0.3117608346003105,0.3091894528424796,-0.002571381757830893,0.021739130434782594,0.06250575637185948
A05,235,3,Feet,-0.31615543736434737,-0.22269375249741355,-0.3569914770947442,-0.18671986049259992,-0.450154445132132,-0.3231080223720716,0.13399900776778462,0.10041426987465804,-0.033584737893126576,,,,0.021739130434782594,0.06250575637185948
A05,236,3,Feet,0.050444398375083806,-0.16227286994780962,0.3310198728760521,0.14354954009961438,0.5359233336235608,0.2999039911583278,-0.485478935248477,-0.4621768611061374,0.02330207414233959,,,,0.021739130434782594,0.06250575637185948
A05,237,2,Right_Hand,-0.12865875699713192,-0.3932289818468072,-0.12556584318211222,-0.37854493222881086,-0.11805198448611505,-0.3395728477804661,-0.010606772511016868,-0.05365613406634112,-0.04304936155532425,0.010606772511016868,0.05365613406634112,0.04304936155532425,0.021739130434782594,0.06250575637185948
A05,238,4,Tongue,-0.24202444343451596,-0.16093196475768767,-0.2771294863749171,-0.16396165639556212,-0.21169758785184958,0.002241109584799209,-0.030326855582666373,-0.16317307434248687,-0.1328462187598205,,,,0.021739130434782594,0.06250575637185948
A05,239,2,Right_Hand,1.0054608109551437,0.9012064656656332,0.4688819851601666,0.49041063951853103,0.3281936818830999,0.13186540301669475,0.6772671290720438,0.7693410626489385,0.09207393357689475,-0.6772671290720438,-0.7693410626489385,-0.09207393357689475,0.021739130434782594,0.06250575637185948
A05,240,2,Right_Hand,-0.5456336771220816,-0.6126344725567989,-0.4914650452522672,-0.41346861583765726,-0.48256773383714635,-0.3740244567031687,-0.0630659432849352,-0.23861001585363023,-0.17554407256869503,0.0630659432849352,0.23861001585363023,0.17554407256869503,0.021739130434782594,0.06250575637185948
A05,241,1,Left_Hand,-0.09116244216688106,0.17920859647582918,0.16920653868854174,0.7369302965725119,0.031990601701216134,0.5539997737114777,-0.1231530438680972,-0.3747911772356485,-0.25163813336755125,-0.1231530438680972,-0.3747911772356485,-0.25163813336755125,0.021739130434782594,0.06250575637185948
A05,242,2,Right_Hand,-0.23102687878479866,-0.38659645769413076,-0.24755337468910993,-0.5337915915685758,-0.04523638720746388,-0.36456504551367847,-0.1857904915773348,-0.022031412180452292,0.1637590793968825,0.1857904915773348,0.022031412180452292,-0.1637590793968825,0.021739130434782594,0.06250575637185948
A05,243,4,Tongue,1.0345888699025785,1.3051754112226115,0.5670467618586665,0.5805836856359454,0.488845735886782,0.7104601296364372,0.5457431340157965,0.5947152815861743,0.04897214757037771,,,,0.021739130434782594,0.06250575637185948
A05,244,4,Tongue,-0.21921050765694028,-0.2842791550252338,-0.41893288405246,-0.5740091860134159,-0.4117251632527273,-0.5811388888248544,0.192514655595787,0.2968597337996206,0.1043450782038336,,,,0.021739130434782594,0.06250575637185948
A05,245,2,Right_Hand,-0.5946506694051721,-0.3675039851490201,-0.5385303009802411,-0.31917483377566197,-0.4485747767320899,-0.18857037099329163,-0.14607589267308219,-0.17893361415572848,-0.03285772148264629,0.14607589267308219,0.17893361415572848,0.03285772148264629,0.021739130434782594,0.06250575637185948
A05,246,2,Right_Hand,0.016825734593678802,-0.23656646785677407,0.26782163712555584,0.1455550811064827,0.18077171324521407,0.08465497908887808,-0.16394597865153526,-0.32122144694565213,-0.15727546829411687,0.16394597865153526,0.32122144694565213,0.15727546829411687,0.021739130434782594,0.06250575637185948
A05,247,2,Right_Hand,0.5286908534103493,0.5170217019337208,0.5434764584767569,0.5122738830584179,0.7431470802663126,1.0156436619824338,-0.21445622685596333,-0.49862196004871306,-0.28416573319274974,0.21445622685596333,0.49862196004871306,0.28416573319274974,0.021739130434782594,0.06250575637185948
A05,248,2,Right_Hand,-0.698950421785411,-0.6486710492989171,-0.5972853053172396,-0.445613505734942,-0.5640863757546569,-0.4271345870496494,-0.13486404603075408,-0.22153646224926765,-0.08667241621851357,0.13486404603075408,0.22153646224926765,0.08667241621851357,0.021739130434782594,0.06250575637185948
A05,249,4,Tongue,0.498554880073781,0.2508221674075058,0.4046600109532906,0.2356856586330518,0.5861786754203645,0.4350445855383295,-0.08762379534658349,-0.18422241813082368,-0.0965986227842402,,,,0.021739130434782594,0.06250575637185948
A05,250,4,Tongue,-0.20005507102340114,-0.29355910976586,-0.16641811548803823,-0.2048446930184885,-0.3277587759209368,-0.46244489861256205,0.12770370489753563,0.16888578884670202,0.04118208394916639,,,,0.021739130434782594,0.06250575637185948
A05,251,3,Feet,-0.16285134109505128,-0.19749562491450307,-0.09802882350266087,0.038734100896328304,-0.31055515570597697,-0.26402374503473547,0.1477038146109257,0.0665281201202324,-0.08117569449069328,,,,0.021739130434782594,0.06250575637185948
A05,252,4,Tongue,-0.3621048135450189,-0.24695907308548612,-0.3782604891735585,-0.27194323502180767,-0.36913024405423156,-0.3130379772301644,0.007025430509212671,0.06607890414467829,0.05905347363546562,,,,0.021739130434782594,0.06250575637185948
A05,253,1,Left_Hand,-0.0727974785315894,-0.3260208661272903,-0.009241007429434572,-0.2951099906436403,0.05740991787820904,-0.2256549928399835,-0.13020739640979845,-0.10036587328730681,0.029841523122491637,-0.13020739640979845,-0.10036587328730681,0.029841523122491637,0.021739130434782594,0.06250575637185948
A05,254,2,Right_Hand,0.1328143009300705,0.1266157571176762,0.022990063425231175,-0.12594836575878007,-0.09084714615733101,-0.3355749509687654,0.2236614470874015,0.4621907080864416,0.2385292609990401,-0.2236614470874015,-0.4621907080864416,-0.2385292609990401,0.021739130434782594,0.06250575637185948
A05,255,3,Feet,0.10209178460029797,-0.14549406876357895,0.14211701282400388,-0.04538730231200991,0.2892361357670326,0.2553974517698914,-0.18714435116673464,-0.4008915205334704,-0.21374716936673574,,,,0.021739130434782594,0.06250575637185948
A05,256,2,Right_Hand,0.5677273707371372,0.7848967590615356,0.3341923179674949,0.2882081056134753,0.25517569805900076,0.15882331472732242,0.31255167267813644,0.6260734443342131,0.31352177165607664,-0.31255167267813644,-0.6260734443342131,-0.31352177165607664,0.021739130434782594,0.06250575637185948
A05,257,1,Left_Hand,-0.6622680924010714,-0.6417350564797841,-0.6363959516629932,-0.6435043869110465,-0.5910405736051896,-0.6231963522159758,-0.07122751879588185,-0.018538704263808325,0.052688814532073525,-0.07122751879588185,-0.018538704263808325,0.052688814532073525,0.021739130434782594,0.06250575637185948
A05,258,4,Tongue,0.6929774685941625,1.1055582633367196,0.706725710833841,1.3083316465726345,0.6140405262322082,1.4409349762038182,0.07893694236195437,-0.3353767128670986,-0.41431365522905295,,,,0.021739130434782594,0.06250575637185948
A05,259,1,Left_Hand,-0.5123041000723607,-0.4861961368585597,-0.46503647480731264,-0.37456892843119527,-0.4385283649174831,-0.35778113049929133,-0.07377573515487762,-0.1284150063592684,-0.05463927120439077,-0.07377573515487762,-0.1284150063592684,-0.05463927120439077,0.021739130434782594,0.06250575637185948
A05,260,4,Tongue,0.10803188687105247,0.3341379449980439,-0.10582209760188901,-0.13068921597443092,-0.16274163236244654,-0.30414236327029,0.270773519233499,0.6382803082683339,0.3675067890348349,,,,0.021739130434782594,0.06250575637185948
A05,261,1,Left_Hand,-0.5686299190630929,-0.746636930148421,-0.5403296911436088,-0.7422003481326438,-0.47877898214141523,-0.7342938242374321,-0.08985093692167767,-0.012343105910988972,0.0775078310106887,-0.08985093692167767,-0.012343105910988972,0.0775078310106887,0.021739130434782594,0.06250575637185948
A05,262,1,Left_Hand,-0.43548722897610714,-0.4498896425643656,-0.3166171031685879,-0.20760525313915845,-0.3396512942020571,-0.16802212292002033,-0.09583593477405006,-0.28186751964434525,-0.1860315848702952,-0.09583593477405006,-0.28186751964434525,-0.1860315848702952,0.021739130434782594,0.06250575637185948
A05,263,1,Left_Hand,-0.5417741496556094,-0.43003248318615017,-0.4514721639091816,-0.2945871682409618,-0.439382874011478,-0.36316437997114076,-0.10239127564413142,-0.06686810321500941,0.03552317242912201,-0.10239127564413142,-0.06686810321500941,0.03552317242912201,0.021739130434782594,0.06250575637185948
A05,264,1,Left_Hand,0.0871521620230858,-0.25377385015702564,0.10789553064821172,-0.1987407281687664,0.0880142741245281,-0.30386989773083284,-0.0008621121014422972,0.0500960475738072,0.0509581596752495,-0.0008621121014422972,0.0500960475738072,0.0509581596752495,0.021739130434782594,0.06250575637185948
A05,265,3,Feet,-0.5920481530726937,-0.32274080433319796,-0.664797615877094,-0.45657642881119515,-0.7816405932745814,-0.628069303377372,0.1895924402018877,0.30532849904417403,0.11573605884228633,,,,0.021739130434782594,0.06250575637185948
A05,266,3,Feet,-0.2101592011131107,-0.11157888726512542,-0.2884801529274078,-0.27805117948231356,-0.07720899935515224,0.1904464106112505,-0.13295020175795846,-0.30202529787637594,-0.16907509611841748,,,,0.021739130434782594,0.06250575637185948
A05,267,4,Tongue,0.23962096943848063,0.13431783055103372,0.19446451034026946,-0.004734469531158112,0.44297186365398056,0.13898903072694216,-0.20335089421549993,-0.004671200175908441,0.1986796940395915,,,,0.021739130434782594,0.06250575637185948
A05,268,2,Right_Hand,-0.5584500615514763,-0.37099800629618507,-0.5090837713130735,-0.22605223839329336,-0.4668999871037029,-0.07211324092529389,-0.09155007444777336,-0.29888476537089115,-0.2073346909231178,0.09155007444777336,0.29888476537089115,0.2073346909231178,0.021739130434782594,0.06250575637185948
A05,269,3,Feet,0.7974530950690146,0.9012892766906717,0.822140236068357,0.8581377386617292,0.581857707048539,0.6078250214876044,0.21559538802047562,0.2934642552030673,0.07786886718259167,,,,0.021739130434782594,0.06250575637185948
A05,270,3,Feet,0.9631688678537457,0.8359211202625397,0.8981351872245403,0.7418664741509974,1.18414091338759,0.8274827975834874,-0.2209720455338443,0.008438322679052312,0.22941036821289662,,,,0.021739130434782594,0.06250575637185948
A05,271,3,Feet,-0.432862241597508,-0.6432605690304221,-0.4156605094601823,-0.6496268280601305,-0.19620957217154594,-0.47669145965019816,-0.23665266942596208,-0.1665691093802239,0.07008356004573818,,,,0.021739130434782594,0.06250575637185948
A05,272,4,Tongue,0.2987076991423523,0.3135880187208895,0.21112392870454522,0.2547822319545891,0.043636103247498836,0.034332980108251934,0.25507159589485345,0.27925503861263756,0.02418344271778411,,,,0.021739130434782594,0.06250575637185948
A05,273,3,Feet,1.1154567019948192,1.4040253339049005,0.9432372322144692,1.15760508530437,0.7395093389206165,0.7409550882058695,0.3759473630742026,0.663070245699031,0.2871228826248283,,,,0.021739130434782594,0.06250575637185948
A05,274,1,Left_Hand,1.293525583980031,0.8088101845994885,1.4185477607560653,1.2123749210950112,1.181022936508554,0.7771971299721716,0.11250264747147698,0.031613054627316894,-0.08088959284416009,0.11250264747147698,0.031613054627316894,-0.08088959284416009,0.021739130434782594,0.06250575637185948
A05,275,3,Feet,0.8227147906415321,0.9287530106962335,0.7306075364275764,0.7931187063808213,0.543423130549743,0.48725956010043875,0.2792916600917891,0.44149345059579476,0.16220179050400568,,,,0.021739130434782594,0.06250575637185948
A06,0,1,Left_Hand,-0.3217437521277079,-0.4578208647737526,-0.17986244481532826,-0.22608968122024664,-0.13696394267071124,0.24290610811505978,-0.18477980945699665,-0.7007269728888124,-0.5159471634318157,-0.18477980945699665,-0.7007269728888124,-0.5159471634318157,0.0,0.002460527644751187
A06,1,2,Right_Hand,0.05878106167700623,-0.3122475443228062,0.22380510022068875,-0.5194156533946072,0.2721472359507792,-0.5861619033080387,-0.213366174273773,0.27391435898523253,0.48728053325900555,0.213366174273773,-0.27391435898523253,-0.48728053325900555,0.0,0.002460527644751187
A06,2,2,Right_Hand,-0.3385859140666155,-0.36442065799137213,-0.17894793970086537,0.13163279201565722,-0.3563461643943309,-0.16705039790239093,0.017760250327715443,-0.1973702600889812,-0.21513051041669665,-0.017760250327715443,0.1973702600889812,0.21513051041669665,0.0,0.002460527644751187
A06,3,1,Left_Hand,0.05540125096144683,-0.16705271055411725,-0.2545525349682325,-0.5379786825706937,0.11847813381472484,0.5361570505318758,-0.063076882853278,-0.7032097610859931,-0.6401328782327151,-0.063076882853278,-0.7032097610859931,-0.6401328782327151,0.0,0.002460527644751187
A06,4,1,Left_Hand,-0.5034287660118713,-0.5633407733681444,-0.22673658918253536,-0.4585728961020663,-0.21398197405890557,-0.4083193114543075,-0.2894467919529657,-0.15502146191383687,0.13442533003912882,-0.2894467919529657,-0.15502146191383687,0.13442533003912882,0.0,0.002460527644751187
A06,5,2,Right_Hand,-0.6460041002035538,-0.43807329643959214,-0.5129459198618336,-0.21133348194981236,-0.3715582731065559,-0.22871139150337563,-0.2744458270969979,-0.2093619049362165,0.06508392216078138,0.2744458270969979,0.2093619049362165,-0.06508392216078138,0.0,0.002460527644751187
A06,6,3,Feet,2.1663772733362547,2.588902584233311,1.6429182181706496,1.3771061857413627,1.6388448135774547,1.3111016840700993,0.5275324597588,1.2778009001632118,0.7502684404044118,,,,0.0,0.002460527644751187
A06,7,2,Right_Hand,0.7257093285510499,0.8030702845324138,0.463992456995914,0.23817676280745415,-0.35448381760392794,-0.7230838892266499,1.0801931461549779,1.5261541737590636,0.44596102760408574,-1.0801931461549779,-1.5261541737590636,-0.44596102760408574,0.0,0.002460527644751187
A06,8,4,Tongue,0.4811409390315925,0.3979507049038947,1.1905074365277057,0.28753374959881756,-0.3885113234052043,-0.37550910471519766,0.8696522624367968,0.7734598096190923,-0.0961924528177045,,,,0.0,0.002460527644751187
A06,9,1,Left_Hand,-0.38912642270186404,-0.27923041365861934,-0.8009389151433225,-0.7384030930538654,-0.6234523210759282,-0.7006252193790589,0.23432589837406415,0.4213948057204395,0.18706890734637538,0.23432589837406415,0.4213948057204395,0.18706890734637538,0.0,0.002460527644751187
A06,10,3,Feet,-0.1865471185808426,-0.3142114098570803,-0.019172350150195156,-0.21205033040856291,1.0647372654602552,1.2572297814931876,-1.2512843840410977,-1.571441191350268,-0.3201568073091703,,,,0.0,0.002460527644751187
A06,11,2,Right_Hand,-0.28988241336222464,-0.6351809407688581,-0.014643941476881675,-0.26515367104351184,0.5258911146243859,0.8356156818509327,-0.8157735279866105,-1.4707966226197908,-0.6550230946331803,0.8157735279866105,1.4707966226197908,0.6550230946331803,0.0,0.002460527644751187
A06,12,1,Left_Hand,-0.3200378639389498,-0.4046076711969884,-0.2404670733574207,-0.34986228843564426,0.6735847420663802,1.171996387032858,-0.9936226060053299,-1.5766040582298464,-0.5829814522245165,-0.9936226060053299,-1.5766040582298464,-0.5829814522245165,0.0,0.002460527644751187
A06,13,4,Tongue,0.06379465967555092,0.13053817640077311,0.028715869569771166,-0.06444452580419026,0.6249625068173081,0.2780673946195238,-0.5611678471417572,-0.14752921821875067,0.4136386289230065,,,,0.0,0.002460527644751187
A06,14,4,Tongue,-0.20586223863475445,-0.35129205993151724,-0.31251541808216965,-0.35460914586007164,-0.4458388436199005,-0.312508196419462,0.23997660498514606,-0.03878386351205526,-0.2787604684972013,,,,0.0,0.002460527644751187
A06,15,4,Tongue,2.0289385051619067,1.4312874274837035,1.0007723529954742,0.2035124084665,0.6411766474807392,0.21619648017806584,1.3877618576811674,1.2150909473056377,-0.17267091037552973,,,,0.0,0.002460527644751187
A06,16,4,Tongue,0.07588868340317895,-0.2545012803382436,-0.08775924905818627,-0.30351643232903064,-0.5498964764916942,-0.43949974410204273,0.6257851598948732,0.18499846376379914,-0.440786696131074,,,,0.0,0.002460527644751187
A06,17,4,Tongue,0.06259077931882073,0.6344037190156202,-0.5235353949192241,-0.34444929608642316,-0.20612925168739904,0.16314472186151865,0.2687200310062198,0.4712589971541016,0.2025389661478818,,,,0.0,0.002460527644751187
A06,18,3,Feet,0.5949573099388287,0.5055173892483585,0.09472704408638523,0.3021741440799546,0.6509785132710837,1.2225131276957928,-0.05602120333225502,-0.7169957384474342,-0.6609745351151792,,,,0.0,0.002460527644751187
A06,19,2,Right_Hand,-0.5018217867017057,-0.33871251574723776,-0.5197120459839343,-0.42663476296209013,-0.37278589001314727,-0.4280073989263609,-0.12903589668855847,0.08929488317912315,0.21833077986768162,0.12903589668855847,-0.08929488317912315,-0.21833077986768162,0.0,0.002460527644751187
A06,20,1,Left_Hand,0.08312083825650957,-0.017881383233315607,0.08641918741234335,-0.47706238617824714,-0.24892389873496593,-0.04023776543865678,0.3320447369914755,0.022356382205341172,-0.3096883547861343,0.3320447369914755,0.022356382205341172,-0.3096883547861343,0.0,0.002460527644751187
A06,21,1,Left_Hand,-0.25303076238068756,-0.25736957613095385,-0.18394926523892413,-0.43831740868982916,-0.29634661320500516,-0.39922915510998314,0.0433158508243176,0.1418595789790293,0.09854372815471169,0.0433158508243176,0.1418595789790293,0.09854372815471169,0.0,0.002460527644751187
A06,22,3,Feet,1.7916157501832086,0.6545313244118438,0.20818363683331698,-0.37111802881069916,-0.18243934748297863,-0.3357847681144154,1.9740550976661873,0.9903160925262592,-0.9837390051399281,,,,0.0,0.002460527644751187
A06,23,4,Tongue,-0.4418944362028348,-0.1803692924742857,-0.5357240590240375,-0.5389751737382135,1.279049155056212,2.2142983990309744,-1.7209435912590467,-2.3946676915052603,-0.6737241002462135,,,,0.0,0.002460527644751187
A06,24,1,Left_Hand,-0.5032176794957247,-0.6938641612569066,-0.08545625789574329,-0.2248565428243985,-0.04184453008751581,-0.1967125502842844,-0.4613731494082089,-0.4971516109726223,-0.03577846156441339,-0.4613731494082089,-0.4971516109726223,-0.03577846156441339,0.0,0.002460527644751187
A06,25,3,Feet,-0.2586274172002455,-0.11428332751947201,0.19280795082977129,0.15802693441832216,0.6365338969198684,0.8200535884032815,-0.8951613141201139,-0.9343369159227535,-0.03917560180263957,,,,0.0,0.002460527644751187
A06,26,3,Feet,-0.0874590959459981,0.25246302979768953,-0.5687168520915968,-0.3310132919421504,0.537592250632728,1.3645693365459517,-0.6250513465787261,-1.1121063067482622,-0.4870549601695361,,,,0.0,0.002460527644751187
A06,27,3,Feet,-0.28544680648009224,-0.44961527252062844,-0.19241179304153677,-0.7452960133107123,0.4166802831627966,-0.15825808739091782,-0.7021270896428888,-0.29135718512971065,0.4107699045131782,,,,0.0,0.002460527644751187
A06,28,1,Left_Hand,-0.014692632428525441,0.5795531622426577,0.033103917919142606,1.66070165127873,-0.42202784822965483,-0.09161854614615672,0.4073352158011294,0.6711717083888145,0.26383649258768505,0.4073352158011294,0.6711717083888145,0.26383649258768505,0.0,0.002460527644751187
A06,29,1,Left_Hand,1.7775111013640075,2.1500959333137133,-0.3491102553281959,-0.39275705639439507,-0.42875124076223603,-0.532485484351016,2.2062623421262435,2.6825814176647294,0.47631907553848585,2.2062623421262435,2.6825814176647294,0.47631907553848585,0.0,0.002460527644751187
A06,30,2,Right_Hand,0.11946406235397226,-0.13671267830973838,-0.5446378953382608,-0.8853439390879595,-0.18502859183820175,-0.5698458490871263,0.30449265419217403,0.43313317077738794,0.12864051658521392,-0.30449265419217403,-0.43313317077738794,-0.12864051658521392,0.0,0.002460527644751187
A06,31,2,Right_Hand,-0.5885767101256649,-0.03626685167637692,-0.5787114254256046,-0.5068999188904586,-0.44988061348902225,-0.06589671903764835,-0.13869609663664267,0.029629867361271427,0.1683259639979141,0.13869609663664267,-0.029629867361271427,-0.1683259639979141,0.0,0.002460527644751187
A06,32,1,Left_Hand,-0.3466313868159273,-0.4412871362196446,-0.02321129369883418,-0.054476701688572986,0.19719241105387847,0.14057455429472004,-0.5438237978698057,-0.5818616905143646,-0.038037892644558924,-0.5438237978698057,-0.5818616905143646,-0.038037892644558924,0.0,0.002460527644751187
A06,33,2,Right_Hand,-0.6979223925990983,-0.6298635037024914,-0.5438547052709238,-0.6640074940984658,0.1714726107409006,-0.14325072020827162,-0.8693950033399989,-0.4866127834942198,0.38278221984577904,0.8693950033399989,0.4866127834942198,-0.38278221984577904,0.0,0.002460527644751187
A06,34,3,Feet,0.029065393618305374,0.27121316056959754,0.08172341665755707,0.8799555311481239,-0.5647781828614216,-0.4305316172421202,0.593843576479727,0.7017447778117177,0.10790120133199077,,,,0.0,0.002460527644751187
A06,35,2,Right_Hand,-0.1857689566760457,-0.48158481606083564,0.8498386714034895,-0.028351967182808566,0.8634982662487286,0.09958983517582057,-1.0492672229247744,-0.5811746512366562,0.46809257168811813,1.0492672229247744,0.5811746512366562,-0.46809257168811813,0.0,0.002460527644751187
A06,36,3,Feet,0.2771248337547929,0.25112750262264805,-0.323382342530189,-0.04696524330436551,0.20012309181840218,0.38962347366137595,0.07700174193639073,-0.1384959710387279,-0.21549771297511863,,,,0.0,0.002460527644751187
A06,37,3,Feet,1.2992735390921644,1.5665908286571069,0.7995948561254068,0.5034465189640563,2.9238992768028282,3.5111163401141248,-1.6246257377106639,-1.944525511457018,-0.31989977374635403,,,,0.0,0.002460527644751187
A06,38,4,Tongue,0.3556396783907788,-0.17358490257724737,1.04922297036292,0.3283540766814525,-0.3397706598934225,-0.6359809020222301,0.6954103382842013,0.4623959994449828,-0.23301433883921852,,,,0.0,0.002460527644751187
A06,39,4,Tongue,-0.18946396719143258,-0.6505476711295509,0.3876127602167246,-0.4594637635770163,0.442788902664603,-0.48764316635642413,-0.6322528698560356,-0.1629045047731268,0.4693483650829088,,,,0.0,0.002460527644751187
A06,40,3,Feet,0.9205025158879139,0.1989146193572639,0.28265457291321894,-0.09227475563396963,0.4755530828219609,0.704224327546221,0.44494943306595297,-0.505309708188957,-0.95025914125491,,,,0.0,0.002460527644751187
A06,41,2,Right_Hand,-0.732007445946392,-0.6536825021222027,-0.07209865077145297,-0.17749566527675778,-0.032337136722090445,-0.2059727091643675,-0.6996703092243015,-0.4477097929578352,0.2519605162664663,0.6996703092243015,0.4477097929578352,-0.2519605162664663,0.0,0.002460527644751187
A06,42,1,Left_Hand,2.3140889844055894,1.823135973854204,1.3806410801613265,0.7027451809020954,0.33998367233540594,0.18838928646484765,1.9741053120701835,1.6347466873893564,-0.3393586246808271,1.9741053120701835,1.6347466873893564,-0.3393586246808271,0.0,0.002460527644751187
A06,43,1,Left_Hand,-0.7963468016761684,-0.682591562080223,-0.6095772941673145,-0.29828276747887617,-0.651261750910161,-0.4625827647434937,-0.14508505076600742,-0.2200087973367293,-0.07492374657072187,-0.14508505076600742,-0.2200087973367293,-0.07492374657072187,0.0,0.002460527644751187
A06,44,4,Tongue,0.686411120532701,0.4967920574922153,-0.31956665983627086,-0.3328817037417958,-0.3611913677117408,-0.2979441149142345,1.047602488244442,0.7947361724064498,-0.25286631583799213,,,,0.0,0.002460527644751187
A06,45,2,Right_Hand,0.09619506933106045,0.36611890185851365,-0.46091720283190074,-0.43560345639024634,-0.7217859350079119,-0.7467287416632147,0.8179810043389724,1.1128476435217283,0.2948666391827559,-0.8179810043389724,-1.1128476435217283,-0.2948666391827559,0.0,0.002460527644751187
A06,46,3,Feet,-0.002656816776146036,-0.2588998722747464,0.33115828738526076,0.22566188291755268,-0.30372580696040496,-0.48609223148636355,0.3010689901842589,0.22719235921161712,-0.0738766309726418,,,,0.0,0.002460527644751187
A06,47,1,Left_Hand,-0.4535894968709623,-0.5721798662002748,-0.7744589980050696,-0.804296780027558,-0.5178173809510896,-0.504174050778804,0.06422788408012736,-0.06800581542147088,-0.13223369950159825,0.06422788408012736,-0.06800581542147088,-0.13223369950159825,0.0,0.002460527644751187
A06,48,1,Left_Hand,0.6384081982201953,0.27434055484490594,2.6962645259762312,1.251293479944721,0.8003193940802225,0.04659226987719929,-0.1619111958600271,0.22774828496770666,0.3896594808277338,-0.1619111958600271,0.22774828496770666,0.3896594808277338,0.0,0.002460527644751187
A06,49,1,Left_Hand,-0.36799200915937313,-0.08561115224118557,-0.7325664837736072,-0.4442537846906209,-0.5171937042087635,-0.08887791368924743,0.1492016950493904,0.0032667614480618584,-0.14593493360132853,0.1492016950493904,0.0032667614480618584,-0.14593493360132853,0.0,0.002460527644751187
A06,50,4,Tongue,0.5863000237256548,0.3020890863601398,0.5729023810761552,-0.07557012916543414,-0.36801578599780677,-0.5228675304188738,0.9543158097234616,0.8249566167790137,-0.12935919294444798,,,,0.0,0.002460527644751187
A06,51,2,Right_Hand,0.048140314135893945,0.19495885308540234,-0.7326040538061359,-0.7706308708450427,-0.6360669167272703,-0.5787010360828063,0.6842072308631643,0.7736598891682087,0.08945265830504445,-0.6842072308631643,-0.7736598891682087,-0.08945265830504445,0.0,0.002460527644751187
A06,52,2,Right_Hand,1.0009480777808617,-0.01604347142882146,0.9753710220946435,0.0031307048412115767,1.1591186302156322,0.48953003966020964,-0.15817055243477052,-0.5055735110890311,-0.34740295865426063,0.15817055243477052,0.5055735110890311,0.34740295865426063,0.0,0.002460527644751187
A06,53,1,Left_Hand,-0.7703043244096945,-0.7650112434716148,-0.3415935775194177,-0.5872283574218279,0.7353529480564596,0.29007384720198753,-1.505657272466154,-1.0550850906736022,0.4505721817925519,-1.505657272466154,-1.0550850906736022,0.4505721817925519,0.0,0.002460527644751187
A06,54,3,Feet,0.585693295210665,0.9036330435888259,-0.2100974513267799,-0.24540100276033572,-0.2274382580635002,-0.1564134679012754,0.8131315532741652,1.0600465114901012,0.246914958215936,,,,0.0,0.002460527644751187
A06,55,2,Right_Hand,0.5797094466559017,1.1153099639898547,-0.42002889134167404,-0.257376138114422,-0.5068327548804354,-0.5493990025595074,1.086542201536337,1.664708966549362,0.5781667650130249,-1.086542201536337,-1.664708966549362,-0.5781667650130249,0.0,0.002460527644751187
A06,56,4,Tongue,-0.01015680972416033,0.21828327389314722,-0.3536455622683254,-0.5014143649731629,-0.3942646285004845,-0.22743169571050698,0.38410781877632416,0.4457149696036542,0.06160715082733004,,,,0.0,0.002460527644751187
A06,57,3,Feet,-0.19417394796146972,-0.6662977029033428,-0.8865865720890288,-0.7337059345734795,0.2453740518453457,0.6474606898991615,-0.4395479998068154,-1.3137583928025043,-0.8742103929956888,,,,0.0,0.002460527644751187
A06,58,1,Left_Hand,-0.634801696901262,-0.502723859704472,-0.6200695776799494,-0.45430780679555866,-0.4792466561924539,-0.37983143660749213,-0.1555550407088081,-0.12289242309697984,0.03266261761182826,-0.1555550407088081,-0.12289242309697984,0.03266261761182826,0.0,0.002460527644751187
A06,59,4,Tongue,0.2555917581036091,6.81125176765967e-05,-0.401561059130306,-0.3874392460302442,-0.7092360642327495,-0.7246281354221102,0.9648278223363587,0.7246962479397868,-0.24013157439657185,,,,0.0,0.002460527644751187
A06,60,4,Tongue,-0.13881014935002162,-0.08101013704433617,-0.19376640599519354,-0.07228051355686003,-0.7127536604426742,-0.7274078490663874,0.5739435110926525,0.6463977120220513,0.0724542009293988,,,,0.0,0.002460527644751187
A06,61,2,Right_Hand,-0.4287826424687018,-0.46405183642230874,-0.6333500419635535,-0.5969913137121438,-0.7580713151310975,-0.6797778574820188,0.3292886726623957,0.21572602105971006,-0.11356265160268564,-0.3292886726623957,-0.21572602105971006,0.11356265160268564,0.0,0.002460527644751187
A06,62,1,Left_Hand,-0.6658600473743572,-0.7312560042336982,-0.16456501646096386,-0.400441981990668,-0.43319423806340474,-0.6569798655228315,-0.2326658093109525,-0.07427613871086669,0.1583896706000858,-0.2326658093109525,-0.07427613871086669,0.1583896706000858,0.0,0.002460527644751187
A06,63,3,Feet,-0.7337105306383395,-0.7716647396954894,-0.495725810002256,-0.47960455831845566,-0.46258184543941794,-0.32443361140403887,-0.2711286851989215,-0.44723112829145056,-0.17610244309252904,,,,0.0,0.002460527644751187
A06,64,4,Tongue,1.921609427057235,1.6821294215368638,0.5492949830918396,0.45212506207179876,-0.2936055626445098,-0.49659319695088827,2.215214989701745,2.178722618487752,-0.03649237121399285,,,,0.0,0.002460527644751187
A06,65,2,Right_Hand,0.310377132983035,-0.30080172191047155,0.44118932035650416,-0.19294217828984264,0.8813075913134713,0.05080105543839631,-0.5709304583304362,-0.35160277734886786,0.21932768098156835,0.5709304583304362,0.35160277734886786,-0.21932768098156835,0.0,0.002460527644751187
A06,66,3,Feet,0.09274647542408568,-0.11107614535619363,-0.3776301248501998,-0.6020489401693947,-0.5322969783750907,-0.7158671372310658,0.6250434537991764,0.6047909918748722,-0.020252461924304188,,,,0.0,0.002460527644751187
A06,67,3,Feet,1.3881176858218467,1.3039904491723624,0.13158094878616405,0.36817738769206837,0.6973092674476778,0.7960283365850659,0.6908084183741688,0.5079621125872965,-0.18284630578687233,,,,0.0,0.002460527644751187
A06,68,1,Left_Hand,0.4255665251796178,-0.2007491157872738,1.6526736621952316,-0.24424175095606063,1.5506352741254448,-0.25754068160300275,-1.1250687489458269,0.056791565815728945,1.1818603147615558,-1.1250687489458269,0.056791565815728945,1.1818603147615558,0.0,0.002460527644751187
A06,69,4,Tongue,0.2160446873121718,0.8005063194974604,0.0649686194102017,0.5476638955769749,0.6708051579377577,0.33470110840269873,-0.45476047062558594,0.4658052110947617,0.9205656817203476,,,,0.0,0.002460527644751187
A06,70,2,Right_Hand,0.3799652398014278,-0.11652514258829591,3.20016583942572,1.3439643185868746,0.9787796789711394,0.43240169879172985,-0.5988144391697116,-0.5489268413800258,0.04988759778968577,0.5988144391697116,0.5489268413800258,-0.04988759778968577,0.0,0.002460527644751187
A06,71,1,Left_Hand,-0.6248620772538687,-0.6827711638583619,-0.2493087414208268,-0.31829177758510163,-0.3968597118198056,-0.4777071533919665,-0.22800236543406305,-0.20506401046639539,0.022938354967667662,-0.22800236543406305,-0.20506401046639539,0.022938354967667662,0.0,0.002460527644751187
A06,72,3,Feet,-0.5919664104376003,-0.42137390680977443,1.1598090385215298,1.0777866301824792,0.05601474436416112,0.25200699445432073,-0.6479811548017614,-0.6733809012640952,-0.025399746462333783,,,,0.0,0.002460527644751187
A06,73,1,Left_Hand,-0.3364781819975079,-0.4114539471790874,0.003826585735600803,-0.5429137040531591,0.1507160112259582,-0.2823932177821326,-0.48719419322346613,-0.1290607293969548,0.35813346382651134,-0.48719419322346613,-0.1290607293969548,0.35813346382651134,0.0,0.002460527644751187
A06,74,3,Feet,0.6016288587094878,1.5199147284987833,0.49944791411892203,1.5547412683940531,0.4097611336527322,0.5464052968308621,0.1918677250567556,0.9735094316679211,0.7816417066111656,,,,0.0,0.002460527644751187
A06,75,1,Left_Hand,0.01848671578412622,-0.18558088202846054,-0.0179052418936963,-0.02681682855276221,0.3922467168632072,0.5884750617091742,-0.37376000107908103,-0.7740559437376348,-0.4002959426585537,-0.37376000107908103,-0.7740559437376348,-0.4002959426585537,0.0,0.002460527644751187
A06,76,3,Feet,0.4122613704097171,0.3760762260579102,-0.6324113560174763,-0.3324741220281351,0.5183538277572328,1.810064744475253,-0.10609245734751571,-1.4339885184173427,-1.327896061069827,,,,0.0,0.002460527644751187
A06,77,2,Right_Hand,-0.2595962543105242,-0.22902116178980536,0.23764001208114174,0.23429647209051427,-0.5013914135386797,-0.5294574707787366,0.24179515922815548,0.30043630898893126,0.05864114976077578,-0.24179515922815548,-0.30043630898893126,-0.05864114976077578,0.0,0.002460527644751187
A06,78,1,Left_Hand,1.5736526033857638,0.1348310968962434,1.5032220954308921,-0.26602142151737695,1.623370384709691,0.047823069519538984,-0.049717781323927124,0.0870080273767044,0.13672580870063153,-0.049717781323927124,0.0870080273767044,0.13672580870063153,0.0,0.002460527644751187
A06,79,4,Tongue,-0.22519725637586047,-0.36461156520347676,0.3209872091483979,0.07443313060742592,0.2731257933431659,0.07715510583983913,-0.49832304971902636,-0.4417666710433159,0.05655637867571045,,,,0.0,0.002460527644751187
A06,80,2,Right_Hand,0.5088142268806246,0.23947696655581832,1.3813871813391239,1.1617862105317638,1.156778962381189,1.4942312769404524,-0.6479647355005644,-1.2547543103846341,-0.6067895748840697,0.6479647355005644,1.2547543103846341,0.6067895748840697,0.0,0.002460527644751187
A06,81,4,Tongue,-0.5397255915338174,-0.27335608924811966,-0.7424277231022228,-0.6668094192109024,-0.3739687459496429,-0.22372455696577961,-0.16575684558417447,-0.049631532282340046,0.11612531330183443,,,,0.0,0.002460527644751187
A06,82,3,Feet,-0.3066456745708381,-0.656585172712016,0.2970973170508069,-0.6910364657287364,-0.005083115412797382,-0.5406312193953108,-0.3015625591580407,-0.11595395331670522,0.18560860584133548,,,,0.0,0.002460527644751187
A06,83,2,Right_Hand,0.8268796944795147,1.445490426763095,0.12801662771780015,0.0686327905849393,0.3023662030532431,0.43608125818480376,0.5245134914262717,1.0094091685782913,0.48489567715201964,-0.5245134914262717,-1.0094091685782913,-0.48489567715201964,0.0,0.002460527644751187
A06,84,3,Feet,0.13560969888627,-0.2038055141237721,-0.08914755930394849,-0.6931766332898555,0.27511492907244545,-0.21001984950678415,-0.13950523018617544,0.006214335383012054,0.1457195655691875,,,,0.0,0.002460527644751187
A06,85,4,Tongue,-0.7418026729435052,-0.6798923065285407,-0.5279002092069852,-0.4019174644921231,-0.3991301455132732,-0.43518528671217876,-0.342672527430232,-0.24470701981636195,0.09796550761387007,,,,0.0,0.002460527644751187
A06,86,1,Left_Hand,0.296028842429894,0.3588867760429874,-0.05195151412392675,-0.07826803502017579,-0.10459992128371921,0.04245744388627323,0.4006287637136132,0.3164293321567142,-0.08419943155689902,0.4006287637136132,0.3164293321567142,-0.08419943155689902,0.0,0.002460527644751187
A06,87,2,Right_Hand,-0.3819626527205906,0.1281082137690827,-0.6849483030790093,-0.6273018762694708,-0.648872934276573,-0.6192559274049215,0.2669102815559824,0.7473641411740042,0.4804538596180218,-0.2669102815559824,-0.7473641411740042,-0.4804538596180218,0.0,0.002460527644751187
A06,88,4,Tongue,1.3113318173489237,1.5465163707695946,0.6876761874594713,1.237183846621769,1.6234181737705502,2.1474219050113366,-0.3120863564216265,-0.600905534241742,-0.28881917782011546,,,,0.0,0.002460527644751187
A06,89,3,Feet,0.43287084998218894,0.4162093412064456,-0.06706398477622422,-0.09581308348302785,-0.367435206069173,-0.4479249958053548,0.800306056051362,0.8641343370118004,0.06382828096043847,,,,0.0,0.002460527644751187
A06,90,2,Right_Hand,0.7607980461440867,0.1674028326005302,0.8403689654848566,-0.12359460160005227,-0.24012151048954947,-0.6190619189478627,1.0009195566336362,0.7864647515483929,-0.21445480508524328,-1.0009195566336362,-0.7864647515483929,0.21445480508524328,0.0,0.002460527644751187
A06,91,2,Right_Hand,-0.36919361706995935,-0.47976187691563327,-0.35650008923596627,-0.46587905029567783,0.2571649532777542,0.28473635837434647,-0.6263585703477135,-0.7644982352899797,-0.13813966494226626,0.6263585703477135,0.7644982352899797,0.13813966494226626,0.0,0.002460527644751187
A06,92,4,Tongue,-0.28624193129347447,-0.6567233103266414,-0.4738218759889671,-0.763394990849061,-0.6327804232317155,-0.7101914088992107,0.346538491938241,0.05346809857256929,-0.2930703933656717,,,,0.0,0.002460527644751187
A06,93,1,Left_Hand,-0.5866596811290692,-0.5449805271611299,-0.4438222082288316,-0.34595224611078584,-0.45721098256735376,-0.2884593946127757,-0.12944869856171543,-0.2565211325483542,-0.12707243398663876,-0.12944869856171543,-0.2565211325483542,-0.12707243398663876,0.0,0.002460527644751187
A06,94,4,Tongue,-0.2373172621725132,-0.28511835020012694,0.13586084129206852,0.3305017379455312,1.215210765907674,1.6188837734407817,-1.4525280280801873,-1.9040021236409086,-0.45147409556072127,,,,0.0,0.002460527644751187
A06,95,1,Left_Hand,4.012803479763419,0.7718930445954663,2.5670498624095006,-0.0776060672907861,1.5583685189535852,-0.15494728380633327,2.454434960809834,0.9268403284017995,-1.5275946324080345,2.454434960809834,0.9268403284017995,-1.5275946324080345,0.0,0.002460527644751187
A06,96,3,Feet,-0.1806878875125697,-0.03446113103585864,-0.28457684768216185,-0.40039714720929276,1.2353172562898476,0.5098085119758671,-1.4160051438024173,-0.5442696430117258,0.8717355007906915,,,,0.0,0.002460527644751187
A06,97,4,Tongue,1.216364640438913,1.9487500423275532,-0.205217848879174,0.09170858809529304,1.0447153867217294,2.181992840745051,0.17164925371718365,-0.23324279841749784,-0.4048920521346815,,,,0.0,0.002460527644751187
A06,98,1,Left_Hand,0.33870758411096713,0.09168742157605528,0.9553129243156312,0.13845497302987952,5.269132400592141e-06,-0.36587194340494356,0.33870231497856657,0.4575593649809988,0.11885705000243224,0.33870231497856657,0.4575593649809988,0.11885705000243224,0.0,0.002460527644751187
A06,99,1,Left_Hand,0.1670032476994025,-0.14981184956320562,0.5685485935512398,-0.38072782089598095,-0.039296623703431906,-0.6531292683917498,0.2062998714028344,0.5033174188285442,0.2970175474257098,0.2062998714028344,0.5033174188285442,0.2970175474257098,0.0,0.002460527644751187
A06,100,3,Feet,-0.2354373048027981,-0.2299117406890258,-0.6612676378991187,-0.5409152938662094,-0.4454211645563372,-0.4986702834272203,0.2099838597535391,0.2687585427381945,0.05877468298465541,,,,0.0,0.002460527644751187
A06,101,2,Right_Hand,0.08955855089208377,-0.32835750974509265,-0.477606540092274,-0.488946176327081,-0.015694548807127097,0.3051386124897372,0.10525309969921087,-0.6334961222348299,-0.7387492219340408,-0.10525309969921087,0.6334961222348299,0.7387492219340408,0.0,0.002460527644751187
A06,102,4,Tongue,0.05658009894840112,-0.21482622628892556,0.05279095487475185,-0.6467861690895493,0.03261878812948965,-0.485790942734333,0.023961310818911466,0.2709647164454074,0.24700340562649598,,,,0.0,0.002460527644751187
A06,103,4,Tongue,-0.7156978573425989,-0.6383327299328021,-0.5275529696144695,-0.3661704207131972,-0.23219071117026716,-0.011636960282344923,-0.4835071461723318,-0.6266957696504571,-0.14318862347812533,,,,0.0,0.002460527644751187
A06,104,4,Tongue,9.53275268410181,2.5580867866099797,10.59157005487993,3.4722956120508632,5.914026338109548,2.66216644011525,3.618726345992262,-0.10407965350527038,-3.7228059994975324,,,,0.0,0.002460527644751187
A06,105,2,Right_Hand,-0.5755350474729084,-0.6121653093806769,-0.5370900575413668,-0.6293448583913105,0.45039515120589835,0.23756036975959577,-1.0259301986788067,-0.8497256791402727,0.176204519538534,1.0259301986788067,0.8497256791402727,-0.176204519538534,0.0,0.002460527644751187
A06,106,1,Left_Hand,-0.6190745030483861,-0.28602950376460345,-0.4499836459511641,-0.18509926349175834,-0.37819126330878916,-0.15135540186028434,-0.2408832397395969,-0.1346741019043191,0.1062091378352778,-0.2408832397395969,-0.1346741019043191,0.1062091378352778,0.0,0.002460527644751187
A06,107,3,Feet,0.4232830104159195,0.5685400049335634,-0.13982496269504124,0.5785637308191618,0.4750419307434079,1.3156536160757883,-0.05175892032748841,-0.747113611142225,-0.6953546908147366,,,,0.0,0.002460527644751187
A06,108,2,Right_Hand,-0.20231750549333893,-0.6222447356961737,0.9569116433129216,0.17793251433867313,0.8167178395446536,0.32860263178454824,-1.0190353450379925,-0.9508473674807219,0.06818797755727068,1.0190353450379925,0.9508473674807219,-0.06818797755727068,0.0,0.002460527644751187
A06,109,4,Tongue,-0.3027228394391652,0.3146199006160485,-0.1944873217394994,-0.09825928578235525,0.9332650815218778,1.0571704918647973,-1.2359879209610432,-0.7425505912487488,0.49343732971229437,,,,0.0,0.002460527644751187
A06,110,1,Left_Hand,0.5933693596085287,0.29592261108284706,-0.2519921635835904,-0.6106456404295919,-0.18546291797677178,-0.3126570022070662,0.7788322775853005,0.6085796132899133,-0.1702526642953872,0.7788322775853005,0.6085796132899133,-0.1702526642953872,0.0,0.002460527644751187
A06,111,4,Tongue,-0.759131585819542,-0.7545823472422728,-0.6388545398505763,-0.6039945083623715,-0.4685221219011949,-0.0697897102765018,-0.2906094639183471,-0.684792636965771,-0.3941831730474239,,,,0.0,0.002460527644751187
A06,112,3,Feet,1.0566802277690361,1.7890481239955698,0.569113848076105,0.5754661912474174,0.41409430833523114,0.2679827183750407,0.642585919433805,1.521065405620529,0.878479486186724,,,,0.0,0.002460527644751187
A06,113,2,Right_Hand,-0.6433655248193856,-0.21857552334414548,-0.6137759807946984,-0.3692273828659243,-0.7600454439195539,-0.7551088556669586,0.11667991910016828,0.5365333323228132,0.4198534132226449,-0.11667991910016828,-0.5365333323228132,-0.4198534132226449,0.0,0.002460527644751187
A06,114,4,Tongue,-0.3820325442336247,-0.565031881758808,-0.27667227706795255,-0.5460323196602663,0.4704604875551921,0.012721756855401674,-0.8524930317888169,-0.5777536386142097,0.27473939317460716,,,,0.0,0.002460527644751187
A06,115,4,Tongue,2.5035159572486574,3.4824254600665525,0.4810690214628321,1.145352178377199,0.4577619338880823,0.6315225219327574,2.0457540233605753,2.850902938133795,0.8051489147732198,,,,0.0,0.002460527644751187
A06,116,1,Left_Hand,-0.12386858255257334,-0.2912526198602903,-0.4164075349736553,-0.6709786083462818,-0.48268820218320796,-0.8379983776043988,0.35881961963063463,0.5467457577441085,0.18792613811347386,0.35881961963063463,0.5467457577441085,0.18792613811347386,0.0,0.002460527644751187
A06,117,2,Right_Hand,0.742126447226306,0.5131375339347514,0.3379126680315968,0.1751161363691063,0.0093028216318404,-0.27143980027740333,0.7328236255944657,0.7845773342121547,0.05175370861768902,-0.7328236255944657,-0.7845773342121547,-0.05175370861768902,0.0,0.002460527644751187
A06,118,2,Right_Hand,-0.10621054241369543,-0.2709370379706441,0.438558340741848,0.15288786931528056,0.9142402975764398,0.48569670457480074,-1.020450839990135,-0.7566337425454448,0.2638170974446903,1.020450839990135,0.7566337425454448,-0.2638170974446903,0.0,0.002460527644751187
A06,119,3,Feet,-0.44233507993050286,0.09396339147090607,-0.2655702855192629,0.34103651517688405,0.20296579001064585,1.5995685169545648,-0.6453008699411487,-1.5056051254836587,-0.86030425554251,,,,0.0,0.002460527644751187
A06,120,4,Tongue,0.7369790719688019,0.4441431810605373,-0.4243151238335477,-0.49070766734130167,-0.47924578301453646,-0.3214086122456774,1.2162248549833383,0.7655517933062147,-0.4506730616771236,,,,0.0,0.002460527644751187
A06,121,2,Right_Hand,-0.634102806827019,-0.6259314199896076,-0.5030104082108308,-0.6519257563731594,0.038403145462716816,0.030775130559996408,-0.6725059522897359,-0.6567065505496039,0.015799401740131946,0.6725059522897359,0.6567065505496039,-0.015799401740131946,0.0,0.002460527644751187
A06,122,1,Left_Hand,1.5659010052536062,0.6016831057330161,0.9116902754041651,0.37691727849439965,-0.2682917789562226,-0.3049681937589886,1.834192784209829,0.9066512994920046,-0.9275414847178243,1.834192784209829,0.9066512994920046,-0.9275414847178243,0.0,0.002460527644751187
A06,123,1,Left_Hand,-0.27016696860606865,-0.4835582110675662,-0.38504677180118146,-0.49688308894428573,0.13336929072170275,-0.08739899870140984,-0.4035362593277714,-0.39615921236615637,0.007377046961615008,-0.4035362593277714,-0.39615921236615637,0.007377046961615008,0.0,0.002460527644751187
A06,124,4,Tongue,-0.2831712704939139,-0.5304939530526421,-0.040675953665762245,-0.21572306431067145,-0.7382626280398491,-0.7741779202152269,0.4550913575459352,0.24368396716258478,-0.21140739038335044,,,,0.0,0.002460527644751187
A06,125,2,Right_Hand,-0.2049476140634561,-0.15317833896658592,0.04118117796966014,0.05195147656260717,0.2633040248963457,0.23077005042562565,-0.4682516389598018,-0.38394838939221154,0.08430324956759028,0.4682516389598018,0.38394838939221154,-0.08430324956759028,0.0,0.002460527644751187
A06,126,1,Left_Hand,0.039640749200818656,0.17716934540615598,0.6601518344438794,-0.04728600891060143,-0.33003020233703684,-0.045508468203465935,0.3696709515378555,0.2226778136096219,-0.1469931379282336,0.3696709515378555,0.2226778136096219,-0.1469931379282336,0.0,0.002460527644751187
A06,127,3,Feet,0.5450114089659716,0.25304399873690314,-0.04171715191967073,-0.3159559660714395,-0.3232652188233703,-0.73390538015624,0.8682766277893419,0.9869493788931432,0.11867275110380127,,,,0.0,0.002460527644751187
A06,128,2,Right_Hand,-0.32899817006555576,-0.34359747171587474,-0.4665532819829333,-0.6095584448605155,1.463104962925569,1.0954513711580496,-1.7921031329911248,-1.4390488428739243,0.35305429011720046,1.7921031329911248,1.4390488428739243,-0.35305429011720046,0.0,0.002460527644751187
A06,129,3,Feet,-0.4768007250660473,-0.629025226987785,-0.319632793327475,-0.4570245172793369,0.0540205572082274,0.13297166859491455,-0.5308212822742747,-0.7619968955826995,-0.23117561330842473,,,,0.0,0.002460527644751187
A06,130,1,Left_Hand,-0.10977164610047094,-0.24453928882616685,0.4508838910651938,0.7119966591137329,0.3900054208272317,0.11299615193594402,-0.49977706692770263,-0.35753544076211086,0.14224162616559177,-0.49977706692770263,-0.35753544076211086,0.14224162616559177,0.0,0.002460527644751187
A06,131,4,Tongue,-0.3661462389297292,0.012876532484161924,-0.5947726184561448,-0.28161292742881416,-0.053490547977430136,0.44792388640593506,-0.31265569095229906,-0.43504735392177313,-0.12239166296947407,,,,0.0,0.002460527644751187
A06,132,3,Feet,-0.3809332959076885,-0.37793566923912747,-0.36846065476321116,-0.3131137776177356,0.10082950422669482,0.7553425694096452,-0.48176280013438333,-1.1332782386487725,-0.6515154385143892,,,,0.0,0.002460527644751187
A06,133,3,Feet,-0.21499552855874385,-0.1664291350363962,0.3786021184305323,0.7266818799883067,0.22396154333354235,-0.0020138044805319347,-0.43895707189228617,-0.16441533055586427,0.2745417413364219,,,,0.0,0.002460527644751187
A06,134,3,Feet,0.043863906934084256,0.16388779510544504,0.34058258557619414,-0.09318230211958069,1.0173929145603238,1.7724517973956455,-0.9735290076262395,-1.6085640022902004,-0.6350349946639609,,,,0.0,0.002460527644751187
A06,135,3,Feet,2.7531510685891667,3.3966064318781233,0.42276391944080827,0.41798795899509605,0.01542583779879939,-0.021430489866934743,2.7377252307903674,3.418036921745058,0.6803116909546905,,,,0.0,0.002460527644751187
A06,136,2,Right_Hand,-0.7943228779097811,-0.7173567939077662,-0.6445714765910012,-0.6988273262155233,-0.3523048119601481,-0.24078357374797102,-0.44201806594963294,-0.4765732201597952,-0.03455515421016225,0.44201806594963294,0.4765732201597952,0.03455515421016225,0.0,0.002460527644751187
A06,137,3,Feet,0.17813512651535218,0.40361795483940555,-0.11752396654337893,-0.25799385444778006,-0.20903639301110316,-0.14469933248367195,0.38717151952645534,0.5483172873230775,0.16114576779662215,,,,0.0,0.002460527644751187
A06,138,3,Feet,0.879985870219028,0.5665140246917224,0.03330559814797256,-0.19300649179980167,-0.23274861779906847,-0.3026404966565243,1.1127344880180965,0.8691545213482468,-0.2435799666698497,,,,0.0,0.002460527644751187
A06,139,2,Right_Hand,0.7474757493324229,0.9301332769037912,-0.13120686285752112,-0.22348336042688904,-0.3314136826306191,-0.012819452331015752,1.078889431963042,0.942952729234807,-0.135936702728235,-1.078889431963042,-0.942952729234807,0.135936702728235,0.0,0.002460527644751187
A06,140,3,Feet,0.17380620285603754,0.9019457213566927,-0.16790360454324832,0.28142696513074245,-0.5878513242117086,-0.762689953515349,0.7616575270677461,1.6646356748720417,0.9029781478042955,,,,0.0,0.002460527644751187
A06,141,4,Tongue,-0.14251947661484157,0.3497886680651601,-0.26798477833831913,-0.294338187308417,0.5013253704866578,0.9701178199232056,-0.6438448471014994,-0.6203291518580454,0.023515695243453982,,,,0.0,0.002460527644751187
A06,142,4,Tongue,0.3569922666751692,0.6068366345655489,-0.4989139150960016,-0.4498724809168589,-0.2326784856795893,-0.2882576820893599,0.5896707523547585,0.8950943166549088,0.3054235643001503,,,,0.0,0.002460527644751187
A06,143,1,Left_Hand,-0.4338521968004621,-0.406084054336009,-0.824164529835392,-0.5624998895024488,-0.2778992347599944,0.1275891293758953,-0.1559529620404677,-0.5336731837119043,-0.3777202216714366,-0.1559529620404677,-0.5336731837119043,-0.3777202216714366,0.0,0.002460527644751187
A06,144,1,Left_Hand,-0.6475767151420008,-0.5655557697842324,-0.21991711951462017,-0.5700047366103304,0.37187589570105034,0.08521970953841501,-1.019452610843051,-0.6507754793226475,0.3686771315204036,-1.019452610843051,-0.6507754793226475,0.3686771315204036,0.0,0.002460527644751187
A06,145,2,Right_Hand,-0.8408799534313411,-0.7785471535051778,-0.5391060460750233,-0.4302626384112768,-0.18846127204726532,-0.3349465581663553,-0.6524186813840758,-0.44360059533882246,0.20881808604525331,0.6524186813840758,0.44360059533882246,-0.20881808604525331,0.0,0.002460527644751187
A06,146,4,Tongue,-0.4811159322941954,-0.007906489148677816,0.3875859176981372,0.4914140140985929,-0.26259661119930333,-0.33889728061567476,-0.21851932109489208,0.33099079146699695,0.5495101125618891,,,,0.0,0.002460527644751187
A06,147,3,Feet,1.0153193690898068,0.8303708044257004,0.006774538461491527,-0.23934503444533428,0.013901180015701491,0.250799022205776,1.0014181890741054,0.5795717822199244,-0.42184640685418096,,,,0.0,0.002460527644751187
A06,148,2,Right_Hand,0.21717681694981653,1.231306603639779,-0.10489241041941655,0.3484221166968064,-0.16036014933607734,-0.057752428625820224,0.37753696628589384,1.2890590322655993,0.9115220659797054,-0.37753696628589384,-1.2890590322655993,-0.9115220659797054,0.0,0.002460527644751187
A06,149,4,Tongue,-0.5221502394923586,-0.7103328112169115,0.20183552855187875,0.17467143764295184,0.8657724259570727,1.5301558861449729,-1.3879226654494312,-2.2404886973618843,-0.8525660319124531,,,,0.0,0.002460527644751187
A06,150,3,Feet,-0.7208973803028007,-0.7583317412863215,-0.7877783052633248,-0.8660139327139518,-0.38346915359499495,-0.16652053088073215,-0.33742822670780576,-0.5918112104055894,-0.2543829836977836,,,,0.0,0.002460527644751187
A06,151,3,Feet,-0.43488602746070304,-0.6886465281841123,-0.7460260011985127,-0.8121621687152619,-0.5039791555783681,-0.545993538312345,0.0690931281176651,-0.14265298987176733,-0.21174611798943244,,,,0.0,0.002460527644751187
A06,152,2,Right_Hand,-0.47706553735331486,-0.5802441414038277,0.5317083417740807,0.5178342307387703,0.5245078808489679,0.7250159221043494,-1.0015734182022829,-1.305260063508177,-0.3036866453058942,1.0015734182022829,1.305260063508177,0.3036866453058942,0.0,0.002460527644751187
A06,153,2,Right_Hand,-0.14650604913730356,-0.31943401468834876,-0.44820390059351917,-0.738171671910755,-0.42883152463150176,-0.6413811667844427,0.2823254754941982,0.3219471520960939,0.03962167660189575,-0.2823254754941982,-0.3219471520960939,-0.03962167660189575,0.0,0.002460527644751187
A06,154,4,Tongue,-0.3343069668583053,-0.43248293311364117,-0.3310113233205361,-0.6579449202527939,-0.0002193808218901075,-0.15997388633148038,-0.3340875860364152,-0.2725090467821608,0.06157853925425438,,,,0.0,0.002460527644751187
A06,155,1,Left_Hand,0.1390345643874407,0.8804724152879329,-0.49628726127027467,0.3185304897407331,-0.7346274893366739,0.007209784687485831,0.8736620537241145,0.8732626306004471,-0.000399423123667475,0.8736620537241145,0.8732626306004471,-0.000399423123667475,0.0,0.002460527644751187
A06,156,2,Right_Hand,0.054629635419522614,-0.19775254681279897,-0.28913920812214955,-0.5339694067790557,-0.01303429291448586,-0.3475352336054102,0.06766392833400847,0.14978268679261125,0.08211875845860278,-0.06766392833400847,-0.14978268679261125,-0.08211875845860278,0.0,0.002460527644751187
A06,157,2,Right_Hand,-0.18587967119860013,0.007304515800359124,-0.26548596771351046,-0.5454707223062789,0.09716371370515105,-0.3483603594706867,-0.2830433849037512,0.35566487527104584,0.6387082601747971,0.2830433849037512,-0.35566487527104584,-0.6387082601747971,0.0,0.002460527644751187
A06,158,2,Right_Hand,-0.8844727851860144,-0.8303579324133661,-0.7794715050321146,-0.7650825877451322,-0.5855055610739415,-0.5101896087165055,-0.2989672241120729,-0.32016832369686055,-0.021201099584787664,0.2989672241120729,0.32016832369686055,0.021201099584787664,0.0,0.002460527644751187
A06,159,3,Feet,1.0698786116947157,1.0960832605976507,0.3562042119231897,1.0244529517564849,0.20685628409997764,0.5287271041646032,0.863022327594738,0.5673561564330475,-0.29566617116169047,,,,0.0,0.002460527644751187
A06,160,4,Tongue,0.2353799442613793,1.4816297735356445,0.5191950137384449,1.5651477232725153,0.534085048180196,0.6549246842368257,-0.29870510391881666,0.8267050892988188,1.1254101932176355,,,,0.0,0.002460527644751187
A06,161,1,Left_Hand,-0.636056357780343,-0.5579151341109819,-0.6424718901954793,-0.502900215969724,-0.2776237600717394,-0.0930043776839707,-0.3584325977086036,-0.46491075642701124,-0.10647815871840766,-0.3584325977086036,-0.46491075642701124,-0.10647815871840766,0.0,0.002460527644751187
A06,162,4,Tongue,0.06323040890549667,0.7601177369646391,-0.531408858300599,-0.29136199083498227,-0.22824558754223442,-0.20389713695117587,0.2914759964477311,0.964014873915815,0.6725388774680838,,,,0.0,0.002460527644751187
A06,163,1,Left_Hand,-0.34309446908857216,-0.4075882894236754,-0.38625758696975404,-0.4308257363615951,-0.31070305062729564,-0.2676427068195054,-0.03239141846127652,-0.13994558260417,-0.10755416414289348,-0.03239141846127652,-0.13994558260417,-0.10755416414289348,0.0,0.002460527644751187
A06,164,1,Left_Hand,0.3279316784907485,-0.4309102356263419,1.2611147398080254,-0.03136041766329541,3.309041917809214,1.502935388747772,-2.9811102393184656,-1.933845624374114,1.0472646149443516,-2.9811102393184656,-1.933845624374114,1.0472646149443516,0.0,0.002460527644751187
A06,165,3,Feet,4.321662549816423,6.154753259301099,8.055914673846972,10.316579848551147,3.4614483256152906,4.779851447474695,0.8602142242011328,1.3749018118264038,0.514687587625271,,,,0.0,0.002460527644751187
A06,166,1,Left_Hand,-0.28841412992911064,0.15024615967943283,-0.7712448932556211,-0.6701307559985425,-0.38928423510065957,-0.3545699447218173,0.10087010517154893,0.5048161044012501,0.4039459992297012,0.10087010517154893,0.5048161044012501,0.4039459992297012,0.0,0.002460527644751187
A06,167,3,Feet,-0.06077152035685268,-0.3610993332378907,-0.27789441470845383,-0.6536336676514579,-0.2953891583438502,-0.5357583943925727,0.23461763798699753,0.174659061154682,-0.059958576832315535,,,,0.0,0.002460527644751187
A06,168,2,Right_Hand,-0.5624317011283737,-0.7299071945356362,-0.6020961290501176,-0.7303650005465351,-0.6424045206283232,-0.33525999701243325,0.0799728194999495,-0.394647197523203,-0.4746200170231525,-0.0799728194999495,0.394647197523203,0.4746200170231525,0.0,0.002460527644751187
A06,169,4,Tongue,-0.19438749809139633,-0.08021933327167112,0.7327042120531421,1.366788400923112,0.6133931332530631,1.2206390540203136,-0.8077806313444594,-1.3008583872919848,-0.49307775594752534,,,,0.0,0.002460527644751187
A06,170,3,Feet,-0.45078193556112406,-0.633717798828249,-0.16398788748125134,0.06430846634136078,0.3419181942072821,-0.16039396258017424,-0.7927001297684062,-0.4733238362480747,0.3193762935203315,,,,0.0,0.002460527644751187
A06,171,4,Tongue,-0.5157514627070922,-0.5102292825404547,-0.19517225169369212,-0.05386255144234986,0.8244867204214906,2.1539295108881253,-1.3402381831285828,-2.66415879342858,-1.3239206102999974,,,,0.0,0.002460527644751187
A06,172,2,Right_Hand,-0.46177394669736543,-0.2644320087168913,-0.7133314029192599,-0.5839999597614901,-0.769444895263497,-0.7343577664100202,0.3076709485661316,0.46992575769312883,0.16225480912699725,-0.3076709485661316,-0.46992575769312883,-0.16225480912699725,0.0,0.002460527644751187
A06,173,4,Tongue,-0.6838333116436295,-0.7957555177145884,-0.5635692251941398,-0.6555622151359837,-0.6855315691941033,-0.7085923530505086,0.001698257550473814,-0.0871631646640798,-0.08886142221455362,,,,0.0,0.002460527644751187
A06,174,1,Left_Hand,-0.07165092268724194,-0.20367474771194896,1.263877958286095,1.134638162023498,0.016683066356218124,0.22978562490161816,-0.08833398904346006,-0.4334603726135671,-0.34512638357010705,-0.08833398904346006,-0.4334603726135671,-0.34512638357010705,0.0,0.002460527644751187
A06,175,1,Left_Hand,-0.7894885396205835,-0.8891719193047662,0.4197980215929581,-0.4628477759543813,-0.05838549709854828,-0.4142025245995643,-0.7311030425220353,-0.47496939470520194,0.25613364781683334,-0.7311030425220353,-0.47496939470520194,0.25613364781683334,0.0,0.002460527644751187
A06,176,3,Feet,0.3274923722916539,0.22899143571324618,-0.12652810616347618,-0.10907250486998624,-0.20096293265586787,-0.20152747254201114,0.5284553049475218,0.4305189082552573,-0.0979363966922645,,,,0.0,0.002460527644751187
A06,177,3,Feet,1.3329308011493008,0.4421589446363077,1.1992130154310896,0.7256180667485879,0.7894260255440853,0.7260647933265124,0.5435047756052156,-0.2839058486902047,-0.8274106242954202,,,,0.0,0.002460527644751187
A06,178,2,Right_Hand,-0.3983108523832459,0.4157470101972458,-0.0875912536443692,0.4671781026502982,0.43768727603260227,1.7079872975644494,-0.8359981284158482,-1.2922402873672036,-0.45624215895135545,0.8359981284158482,1.2922402873672036,0.45624215895135545,0.0,0.002460527644751187
A06,179,4,Tongue,0.2044628095764782,0.2610085331357581,-0.3109794416016023,-0.4238005273748736,-0.04609767915117057,0.06734043961371346,0.25056048872764874,0.19366809352204467,-0.056892395205604074,,,,0.0,0.002460527644751187
A06,180,2,Right_Hand,0.372089918036322,0.37663290822012657,1.6291932037422119,1.5934028616290277,0.5716406162332799,0.7083214476061368,-0.19955069819695787,-0.33168853938601023,-0.13213784118905236,0.19955069819695787,0.33168853938601023,0.13213784118905236,0.0,0.002460527644751187
A06,181,2,Right_Hand,0.9187686477239645,0.5096715619030086,2.319097716696643,2.1590838006132445,1.240499113829079,1.4921022240961352,-0.3217304661051146,-0.9824306621931267,-0.6607001960880121,0.3217304661051146,0.9824306621931267,0.6607001960880121,0.0,0.002460527644751187
A06,182,1,Left_Hand,1.5983709428834396,2.367199638081034,0.3766004533268719,1.7202028428709895,1.3150936368446566,3.526106026343109,0.283277306038783,-1.158906388262075,-1.442183694300858,0.283277306038783,-1.158906388262075,-1.442183694300858,0.0,0.002460527644751187
A06,183,2,Right_Hand,-0.4377806825901699,-0.47949919123283347,-0.5671142726814667,-0.5810246549507598,-0.38650956189567176,-0.5602651169898994,-0.05127112069449813,0.08076592575706598,0.1320370464515641,0.05127112069449813,-0.08076592575706598,-0.1320370464515641,0.0,0.002460527644751187
A06,184,4,Tongue,-0.10658673532208557,-0.032497386774579876,-0.24928620979041488,-0.4551479795478355,-0.08266760001424839,-0.1829785089138181,-0.02391913530783718,0.1504811221392382,0.17440025744707538,,,,0.0,0.002460527644751187
A06,185,4,Tongue,0.269488777529234,-0.5336186246065404,0.6024103323745335,-0.3685984754959631,0.0533681087352718,-0.34012715708147434,0.2161206687939622,-0.19349146752506607,-0.40961213631902826,,,,0.0,0.002460527644751187
A06,186,2,Right_Hand,-0.6737402514727293,-0.24031955577809716,-0.4562660388527987,0.045254286936088614,-0.4181960398348479,-0.2529501017752354,-0.25554421163788144,0.012630545997138254,0.2681747576350197,0.25554421163788144,-0.012630545997138254,-0.2681747576350197,0.0,0.002460527644751187
A06,187,2,Right_Hand,-0.5406171780490098,-0.6048620983359926,-0.5388640212834921,-0.65132424983578,-0.5326648120941134,-0.6573590502126117,-0.007952365954896345,0.05249695187661907,0.060449317831515414,0.007952365954896345,-0.05249695187661907,-0.060449317831515414,0.0,0.002460527644751187
A06,188,2,Right_Hand,1.016765396535694,1.0508378224978354,0.9458828226579236,0.20792896527433546,0.6927379407968045,0.4101344275451059,0.32402745573888947,0.6407033949527295,0.3166759392138401,-0.32402745573888947,-0.6407033949527295,-0.3166759392138401,0.0,0.002460527644751187
A06,189,2,Right_Hand,-0.7121709781586993,-0.5759959513699683,-0.3762378731591028,-0.10718759063697439,-0.436200268678743,-0.43598068863605305,-0.27597070947995633,-0.14001526273391524,0.1359554467460411,0.27597070947995633,0.14001526273391524,-0.1359554467460411,0.0,0.002460527644751187
A06,190,4,Tongue,0.33759453201260514,0.572015519388321,-0.07007677168642241,-0.2745997529468239,2.324308249758896,1.5510385118724508,-1.9867137177462908,-0.9790229924841298,1.007690725262161,,,,0.0,0.002460527644751187
A06,191,4,Tongue,0.31288548838607155,-0.3132785134517717,0.5666925773865162,-0.3771455287538755,-0.23076032695883078,-0.33530725212032253,0.5436458153449023,0.022028738668550818,-0.5216170766763515,,,,0.0,0.002460527644751187
A06,192,3,Feet,-0.08320810690209382,0.17525409601482653,0.24128505704022962,0.6412839888323754,0.12026534503010577,0.3996153003805392,-0.2034734519321996,-0.2243612043657127,-0.020887752433513096,,,,0.0,0.002460527644751187
A06,193,4,Tongue,0.03190975783017853,-0.012173271899858186,-0.2741212125880759,-0.5787229993840444,0.15538872693987518,-0.12449699632655584,-0.12347896910969666,0.11232372442669765,0.23580269353639433,,,,0.0,0.002460527644751187
A06,194,1,Left_Hand,-0.30112671182915884,-0.044173933857852135,-0.08856795095839258,0.02788645674732825,-0.25165465637715856,-0.15237240464377425,-0.049472055452000285,0.10819847078592211,0.15767052623792238,-0.049472055452000285,0.10819847078592211,0.15767052623792238,0.0,0.002460527644751187
A06,195,2,Right_Hand,-0.13895378218498045,-0.23648950441371921,-0.06116017963598908,0.06322812373390375,-0.13791265484524334,-0.48570832199732905,-0.0010411273397371024,0.24921881758360984,0.2502599449233469,0.0010411273397371024,-0.24921881758360984,-0.2502599449233469,0.0,0.002460527644751187
A06,196,3,Feet,0.6268115953841307,0.8479793912042308,-0.24682547372786082,-0.4100461965330201,-0.29011383377755706,-0.26560592439853803,0.9169254291616877,1.1135853156027689,0.19665988644108112,,,,0.0,0.002460527644751187
A06,197,2,Right_Hand,-0.4718235149886349,-0.6209381071151495,-0.29214247209619437,-0.42249978278099154,-0.5428183439964003,-0.6397127188506967,0.07099482900776538,0.018774611735547175,-0.052220217272218206,-0.07099482900776538,-0.018774611735547175,0.052220217272218206,0.0,0.002460527644751187
A06,198,1,Left_Hand,0.7522405909648809,0.9714362223096717,0.1608390144573179,-0.32997631771730046,1.4741928982061818,1.061051586831892,-0.7219523072413009,-0.08961536452222019,0.6323369427190807,-0.7219523072413009,-0.08961536452222019,0.6323369427190807,0.0,0.002460527644751187
A06,199,4,Tongue,-0.34491527429848523,-0.17374830256173426,-0.7795024864225341,-0.25408982572605754,-0.44191601270328973,0.026813955816350918,0.0970007384048045,-0.20056225837808517,-0.29756299678288967,,,,0.0,0.002460527644751187
A06,200,1,Left_Hand,-0.33264085737668475,-0.06980760876626181,-0.4215144883068894,-0.7886920183626107,0.1947901986239465,-0.4140925106943217,-0.5274310560006312,0.3442849019280599,0.871715957928691,-0.5274310560006312,0.3442849019280599,0.871715957928691,0.0,0.002460527644751187
A06,201,4,Tongue,0.03814943152703923,0.11649171692116819,0.5210094068644027,0.8072797895923018,-0.32175524993502674,-0.2869886330994909,0.359904681462066,0.4034803500206591,0.04357566855859307,,,,0.0,0.002460527644751187
A06,202,1,Left_Hand,-0.012334794541590168,-0.021408590940546354,-0.31090088550637207,-0.45358318260329333,-0.27134274765576405,-0.2524402741351759,0.2590079531141739,0.23103168319462952,-0.027976269919544383,0.2590079531141739,0.23103168319462952,-0.027976269919544383,0.0,0.002460527644751187
A06,203,1,Left_Hand,-0.5192342620596111,-0.6403195451686682,-0.5446004925389258,-0.8021934410842539,-0.8250026594533593,-0.898918655908282,0.30576839739374817,0.25859911073961384,-0.047169286654134335,0.30576839739374817,0.25859911073961384,-0.047169286654134335,0.0,0.002460527644751187
A06,204,1,Left_Hand,0.4448693948387155,0.2984826504084807,1.572978809988524,0.6391166599626783,1.1235333225719093,0.4596868305006797,-0.6786639277331938,-0.161204180092199,0.5174597476409948,-0.6786639277331938,-0.161204180092199,0.5174597476409948,0.0,0.002460527644751187
A06,205,3,Feet,0.1895513808170101,0.7349940896378137,-0.37461031278771784,-0.7085674110531213,0.09591232605338532,-0.4639233074799538,0.09363905476362477,1.1989173971177673,1.1052783423541426,,,,0.0,0.002460527644751187
A06,206,4,Tongue,-0.21455100160203172,-0.01884463167970117,0.14266761821204468,0.47378216173713483,-0.2552033847475935,-0.16798851871579656,0.0406523831455618,0.14914388703609538,0.10849150389053358,,,,0.0,0.002460527644751187
A06,207,2,Right_Hand,-0.163522573164525,-0.2700210295493389,0.26448800499117103,-0.05714767970654402,-0.18522321901042355,-0.5249150948367326,0.021700645845898536,0.2548940652873937,0.2331934194414952,-0.021700645845898536,-0.2548940652873937,-0.2331934194414952,0.0,0.002460527644751187
A06,208,3,Feet,-0.6061567772405924,-0.6526455420824206,0.6527970063808947,0.8072852160765137,-0.12475083543854747,0.08653513755732084,-0.4814059418020449,-0.7391806796397415,-0.25777473783769667,,,,0.0,0.002460527644751187
A06,209,3,Feet,-0.011828746935172834,-0.24771636215083517,-0.6099804749467865,-0.6668420740891535,-0.8838907344629604,-0.8655348836514466,0.8720619875277875,0.6178185215006115,-0.25424346602717607,,,,0.0,0.002460527644751187
A06,210,3,Feet,-0.33695603814641806,-0.4365785680227091,-0.29266979705666185,-0.42220951137735685,0.27493974769077845,0.266297720532329,-0.6118957858371965,-0.7028762885550381,-0.09098050271784164,,,,0.0,0.002460527644751187
A06,211,4,Tongue,0.6827367433801501,-0.13044634907640784,0.3917261195709395,0.02741312567649972,0.07407751573470338,-0.4767912372251824,0.6086592276454468,0.34634488814877457,-0.2623143394966722,,,,0.0,0.002460527644751187
A06,212,3,Feet,0.043875122585741354,-0.2686708424187164,0.05448865520691704,-0.3164487106803871,-0.2934138581522874,-0.35139917515812996,0.3372889807380287,0.08272833273941355,-0.25456064799861516,,,,0.0,0.002460527644751187
A06,213,1,Left_Hand,-0.7391886645198881,-0.7770765384109908,-0.7360649377959484,-0.7315244830937251,-0.6648985725665102,-0.5538223639386026,-0.07429009195337788,-0.22325417447238816,-0.14896408251901028,-0.07429009195337788,-0.22325417447238816,-0.14896408251901028,0.0,0.002460527644751187
A06,214,3,Feet,0.396496323789399,-0.16426132112324465,0.7777277953946715,0.4349425205660866,0.7554158405490137,0.04496125360294355,-0.3589195167596147,-0.20922257472618822,0.14969694203342648,,,,0.0,0.002460527644751187
A07,0,1,Left_Hand,-0.6042486996796687,-0.42856894010458674,-0.533498368437257,-0.4588382813132226,-0.355651336381647,-0.2879749780600469,-0.24859736329802168,-0.14059396204453983,0.10800340125348185,-0.24859736329802168,-0.14059396204453983,0.10800340125348185,0.06137184115523464,0.06590353977961971
A07,1,2,Right_Hand,0.2972309251068191,0.09720171678141358,0.6243652777574954,0.585564289936219,0.4716731065105415,0.08788101821386447,-0.17444218140372242,0.009320698567549107,0.18376287997127153,0.17444218140372242,-0.009320698567549107,-0.18376287997127153,0.06137184115523464,0.06590353977961971
A07,2,2,Right_Hand,-0.4265123767525672,-0.5653496958176119,-0.2360769727407122,-0.2643299852266712,-0.06572465550856499,-0.012663654505509202,-0.3607877212440022,-0.5526860413121026,-0.19189832006810043,0.3607877212440022,0.5526860413121026,0.19189832006810043,0.06137184115523464,0.06590353977961971
A07,3,1,Left_Hand,-0.5929911747843511,-0.33501683400837473,-0.7838621155671999,-0.6782343375106862,-0.5414576276882025,-0.4926885235029116,-0.05153354709614866,0.15767168949453686,0.20920523659068552,-0.05153354709614866,0.15767168949453686,0.20920523659068552,0.06137184115523464,0.06590353977961971
A07,4,2,Right_Hand,-0.39243140440382795,-0.14686502966751303,-0.596220991324519,-0.6102424763920062,-0.023972030541865086,-0.1085474258880496,-0.36845937386196287,-0.03831760377946343,0.33014177008249945,0.36845937386196287,0.03831760377946343,-0.33014177008249945,0.06137184115523464,0.06590353977961971
A07,5,1,Left_Hand,-0.032753631593193576,-0.5307691412201978,2.107529284991741,0.8327275781740667,1.6138737583280847,-0.10863442216816858,-1.6466273899212782,-0.4221347190520292,1.224492670869249,-1.6466273899212782,-0.4221347190520292,1.224492670869249,0.06137184115523464,0.06590353977961971
A07,6,2,Right_Hand,-0.7657742319205061,-0.8508699469080927,-0.6103263994276645,-0.7455384177337262,-0.23964410399950875,-0.5327429131044766,-0.5261301279209973,-0.31812703380361607,0.20800309411738127,0.5261301279209973,0.31812703380361607,-0.20800309411738127,0.06137184115523464,0.06590353977961971
A07,7,3,Feet,-0.49138683929655086,-0.4779230626631135,-0.830345768559457,-0.8008941785933069,-0.8681680975918473,-0.7790716691201358,0.37678125829529646,0.3011486064570223,-0.07563265183827417,,,,0.06137184115523464,0.06590353977961971
A07,8,2,Right_Hand,-0.13818642224059596,-0.31554973306992284,-0.6894660186657037,-0.6490755499096347,-0.4225376742060811,-0.35292268918883163,0.28435125196548516,0.037372956118908784,-0.24697829584657638,-0.28435125196548516,-0.037372956118908784,0.24697829584657638,0.06137184115523464,0.06590353977961971
A07,9,1,Left_Hand,0.1208454524021428,0.04671493742361099,0.05770726083007167,0.051468930892114156,0.13810310155918465,0.0050300536265998515,-0.01725764915704185,0.041684883797011144,0.058942532954052995,-0.01725764915704185,0.041684883797011144,0.058942532954052995,0.06137184115523464,0.06590353977961971
A07,10,3,Feet,-0.5100126558656274,-0.5896296999111399,-0.7469203622161803,-0.6680834955210391,0.26890357513955687,0.20307251187124423,-0.7789162310051843,-0.7927022117823841,-0.013785980777199836,,,,0.06137184115523464,0.06590353977961971
A07,11,2,Right_Hand,-0.945622072395699,-0.9479434431800343,-0.7864996332019079,-0.7571040806924877,-0.4209390551825613,-0.37226255526172897,-0.5246830172131376,-0.5756808879183053,-0.0509978707051677,0.5246830172131376,0.5756808879183053,0.0509978707051677,0.06137184115523464,0.06590353977961971
A07,12,1,Left_Hand,-0.4972912235401286,-0.5324277998404283,-0.5376636439754988,-0.5975100649342572,-0.549173619081806,-0.5952273739583116,0.05188239554167734,0.06279957411788328,0.010917178576205944,0.05188239554167734,0.06279957411788328,0.010917178576205944,0.06137184115523464,0.06590353977961971
A07,13,4,Tongue,-0.1979081943839442,-0.3751680749878535,0.16687204802392525,-0.13977170734158598,-0.13225301201720555,-0.07818667792468437,-0.06565518236673865,-0.2969813970631691,-0.23132621469643047,,,,0.06137184115523464,0.06590353977961971
A07,14,4,Tongue,-0.5421083439365615,-0.5454876641324853,0.20100603465567352,0.09932474752194242,0.9125203128444633,0.8305045363673483,-1.4546286567810247,-1.3759922004998337,0.07863645628119098,,,,0.06137184115523464,0.06590353977961971
A07,15,4,Tongue,-0.1776253581965789,-0.21278724303620591,-0.6704620239400673,-0.7558600062607675,-0.6015708804087009,-0.6451517935373895,0.423945522212122,0.4323645505011836,0.008419028289061603,,,,0.06137184115523464,0.06590353977961971
A07,16,4,Tongue,1.3045429826713109,1.0450340000341616,-0.20249154084766477,-0.31300948132595663,-0.4925426456695169,-0.6512814920247051,1.7970856283408279,1.6963154920588668,-0.10077013628196108,,,,0.06137184115523464,0.06590353977961971
A07,17,4,Tongue,-0.6945429921761395,-0.7440203863868637,-0.7227888461797463,-0.8156302575549319,-0.8133667142512963,-0.8237954731092584,0.11882372207515679,0.07977508672239464,-0.03904863535276215,,,,0.06137184115523464,0.06590353977961971
A07,18,1,Left_Hand,-0.608849727787321,-0.3476563020222151,-0.12329261123717769,-0.10061813080012023,-0.5788192897471386,-0.5044459597715335,-0.03003043804018246,0.1567896577493184,0.18682009578950087,-0.03003043804018246,0.1567896577493184,0.18682009578950087,0.06137184115523464,0.06590353977961971
A07,19,3,Feet,2.0467660929943734,1.4987893883136834,1.1855827091057383,0.8325449251595106,-0.5002937177122374,-0.5347869980931573,2.5470598107066107,2.033576386406841,-0.5134834242997699,,,,0.06137184115523464,0.06590353977961971
A07,20,2,Right_Hand,-0.6920148607960944,-0.5617502324807437,-0.12100075852914491,-0.024761637898158998,-0.7994469081858596,-0.7381897336367128,0.1074320473897652,0.17643950115596907,0.06900745376620387,-0.1074320473897652,-0.17643950115596907,-0.06900745376620387,0.06137184115523464,0.06590353977961971
A07,21,1,Left_Hand,-0.6650982340105966,-0.5377839277766778,-0.4729367896559618,-0.4361928979139334,-0.16611593160135732,-0.07808122762506109,-0.49898230240923935,-0.45970270015161674,0.039279602257622614,-0.49898230240923935,-0.45970270015161674,0.039279602257622614,0.06137184115523464,0.06590353977961971
A07,22,1,Left_Hand,-0.7749886946113151,-0.814797034331704,-0.03559887686959626,0.030297950992675855,-0.4535173425051012,-0.40361938018122967,-0.32147135210621397,-0.41117765415047436,-0.08970630204426039,-0.32147135210621397,-0.41117765415047436,-0.08970630204426039,0.06137184115523464,0.06590353977961971
A07,23,3,Feet,-0.13017041375905208,0.029418472200485764,-0.6995014154109445,-0.6816498486620379,-0.23512743622532695,-0.05879216832341558,0.10495702246627486,0.08821064052390135,-0.016746381942373517,,,,0.06137184115523464,0.06590353977961971
A07,24,4,Tongue,0.8862743816042418,1.1708412537436652,0.043199283370545384,0.12425039298430014,-0.07948481935856798,0.12890456444335946,0.9657592009628098,1.0419366893003057,0.07617748833749594,,,,0.06137184115523464,0.06590353977961971
A07,25,1,Left_Hand,-0.7482900329473813,-0.7522265119098666,-0.6933162412928611,-0.5862039388485021,-0.7867271322768967,-0.4579288178590321,0.038437099329515445,-0.29429769405083445,-0.3327347933803499,0.038437099329515445,-0.29429769405083445,-0.3327347933803499,0.06137184115523464,0.06590353977961971
A07,26,3,Feet,-0.333623870119789,-0.320339058552839,-0.48793804512756944,-0.7116242276665757,-0.8405989104571031,-0.8193805954997408,0.5069750403373141,0.49904153694690184,-0.007933503390412266,,,,0.06137184115523464,0.06590353977961971
A07,27,3,Feet,-0.4208896971332013,-0.5012378834400876,-0.3427578346426799,-0.5213600493536913,-0.02414191694296824,-0.18052765863558784,-0.39674778019023305,-0.32071022480449973,0.07603755538573331,,,,0.06137184115523464,0.06590353977961971
A07,28,3,Feet,-0.4357219969592647,-0.3039551821040397,-0.7344510688238581,-0.6795877089686393,-0.31111634757462225,-0.03248783072048864,-0.12460564938464247,-0.27146735138355105,-0.14686170199890858,,,,0.06137184115523464,0.06590353977961971
A07,29,1,Left_Hand,-0.7538665200228829,-0.7767508413627641,-0.8757216676238295,-0.9084099182760869,-0.7685283772744187,-0.842906269649575,0.014661857251535793,0.06615542828681098,0.05149357103527519,0.014661857251535793,0.06615542828681098,0.05149357103527519,0.06137184115523464,0.06590353977961971
A07,30,2,Right_Hand,-0.8298422820766488,-0.7841027538447001,-0.8612942357004724,-0.7745298634270614,-0.7519267552611433,-0.7514929959580791,-0.07791552681550551,-0.032609757886621016,0.04530576892888449,0.07791552681550551,0.032609757886621016,-0.04530576892888449,0.06137184115523464,0.06590353977961971
A07,31,1,Left_Hand,-0.6497706301488467,-0.6225439238853981,-0.04412555198455569,-0.11481483889142864,-0.2994481348390044,-0.20702841162163366,-0.35032249530984233,-0.4155155122637645,-0.06519301695392216,-0.35032249530984233,-0.4155155122637645,-0.06519301695392216,0.06137184115523464,0.06590353977961971
A07,32,2,Right_Hand,-0.3704838458710551,-0.41359165159794586,-0.3349236234312957,-0.20917836004762136,-0.5702406517782761,-0.4786683734679795,0.199756805907221,0.06507672187003366,-0.13468008403718734,-0.199756805907221,-0.06507672187003366,0.13468008403718734,0.06137184115523464,0.06590353977961971
A07,33,2,Right_Hand,-0.3596720638639355,-0.22409035326600915,-0.4851994425794897,-0.4249434120922831,-0.5411871211298671,-0.3910288572107313,0.1815150572659316,0.16693850394472212,-0.014576553321209468,-0.1815150572659316,-0.16693850394472212,0.014576553321209468,0.06137184115523464,0.06590353977961971
A07,34,1,Left_Hand,-0.8103290145679334,-0.8452780638230701,-0.5847542577522399,-0.34880055972801616,-0.37254746501155184,-0.7555710884696974,-0.43778154955638154,-0.08970697535337269,0.34807457420300886,-0.43778154955638154,-0.08970697535337269,0.34807457420300886,0.06137184115523464,0.06590353977961971
A07,35,2,Right_Hand,-0.3922186409933096,-0.4210775440502031,-0.8330281959650255,-0.8470328369682366,-0.7204364000970391,-0.7110697533421333,0.3282177591037295,0.2899922092919302,-0.03822554981179932,-0.3282177591037295,-0.2899922092919302,0.03822554981179932,0.06137184115523464,0.06590353977961971
A07,36,3,Feet,-0.12723284114074854,0.33046048782583054,-0.5041796987100355,-0.4134156004355243,-0.10062751641603518,0.04445754880690541,-0.02660532472471336,0.28600293901892515,0.3126082637436385,,,,0.06137184115523464,0.06590353977961971
A07,37,2,Right_Hand,-0.2737018517065956,-0.2862684150387656,-0.7343038820386851,-0.7435086365397168,-0.5871877943322994,-0.5603855977691594,0.3134859426257038,0.2741171827303938,-0.03936875989530997,-0.3134859426257038,-0.2741171827303938,0.03936875989530997,0.06137184115523464,0.06590353977961971
A07,38,3,Feet,-0.6508781681188592,-0.5881757168593726,-0.8003507172258693,-0.7342732290059996,-0.7660599817513157,-0.7702378024655779,0.1151818136324565,0.1820620856062053,0.0668802719737488,,,,0.06137184115523464,0.06590353977961971
A07,39,3,Feet,-0.18810133646782703,-0.21756135780476923,-0.7977313861285784,-0.7424359054742355,-0.27200373194174726,-0.2280030101907453,0.08390239547392023,0.010441652385976052,-0.07346074308794417,,,,0.06137184115523464,0.06590353977961971
A07,40,4,Tongue,-0.6362734575063773,-0.6572888778493329,0.09648112669583925,0.10430780070537657,0.7837799996122407,0.7106299449408692,-1.4200534571186179,-1.3679188227902022,0.0521346343284157,,,,0.06137184115523464,0.06590353977961971
A07,41,3,Feet,-0.13536137590004396,-0.19997895197864138,-0.23891576721834118,-0.47236791988394405,0.06618783060522676,-0.19539616746429306,-0.20154920650527072,-0.00458278451434832,0.1969664219909224,,,,0.06137184115523464,0.06590353977961971
A07,42,3,Feet,1.1658322048888459,1.0870517324871567,0.08810355811741012,0.07413436224509426,0.7734320381334829,0.4583062400514676,0.39240016675536293,0.6287454924356891,0.23634532568032618,,,,0.06137184115523464,0.06590353977961971
A07,43,4,Tongue,-0.2634626850678198,-0.3261164052695317,-0.6290485514536635,-0.6139358471778398,-0.8176524282327469,-0.7580733347671266,0.5541897431649271,0.4319569294975949,-0.12223281366733219,,,,0.06137184115523464,0.06590353977961971
A07,44,4,Tongue,-0.3152745833059478,-0.3041048778646684,-0.7264635536468489,-0.7306526588433373,-0.2690003115012512,-0.4985244977649367,-0.04627427180469662,0.1944196199002683,0.2406938917049649,,,,0.06137184115523464,0.06590353977961971
A07,45,4,Tongue,0.5294338275475673,0.3536230287550926,-0.3894600636806702,-0.41298736638931155,-0.5902837875256087,-0.6007192804896577,1.119717615073176,0.9543423092447503,-0.16537530582842574,,,,0.06137184115523464,0.06590353977961971
A07,46,4,Tongue,-0.7025489468921496,-0.634182397691875,-0.3876753718686222,-0.507109032472029,0.7741265694855703,0.24872094964594593,-1.4766755163777199,-0.8829033473378209,0.5937721690398989,,,,0.06137184115523464,0.06590353977961971
A07,47,3,Feet,-0.4903814514168237,-0.511035295530615,-0.5031984557210433,-0.6225903546948853,-0.6709248860997622,-0.4048814941010853,0.1805434346829385,-0.10615380142952968,-0.28669723611246817,,,,0.06137184115523464,0.06590353977961971
A07,48,2,Right_Hand,0.1983137049326967,0.04313772281528616,-0.35615898169328625,-0.40506265327941854,-0.04305817538136939,-0.2995049242943006,0.2413718803140661,0.34264264710958675,0.10127076679552066,-0.2413718803140661,-0.34264264710958675,-0.10127076679552066,0.06137184115523464,0.06590353977961971
A07,49,1,Left_Hand,-0.7393836093641597,-0.7888074708009829,-0.4685280427164989,-0.4938097089187874,-0.717148176480409,-0.6448198611396726,-0.02223543288375074,-0.1439876096613103,-0.12175217677755956,-0.02223543288375074,-0.1439876096613103,-0.12175217677755956,0.06137184115523464,0.06590353977961971
A07,50,1,Left_Hand,-0.4841974919409131,-0.6374114002398202,-0.7043996447051019,-0.7438323849547718,-0.8376549343928774,-0.8792958347693043,0.3534574424519643,0.24188443452948405,-0.11157300792248026,0.3534574424519643,0.24188443452948405,-0.11157300792248026,0.06137184115523464,0.06590353977961971
A07,51,2,Right_Hand,-0.6068311841983953,-0.7113547810309597,-0.8224873028959747,-0.864931148014867,-0.26972264553685643,-0.4648283120976701,-0.3371085386615389,-0.2465264689332896,0.09058206972824928,0.3371085386615389,0.2465264689332896,-0.09058206972824928,0.06137184115523464,0.06590353977961971
A07,52,3,Feet,-0.33448041688285884,-0.27369954978797423,-0.483768231299498,-0.42450452830178753,-0.10824534044792515,0.09847105843159973,-0.22623507643493368,-0.37217060821957393,-0.14593553178464025,,,,0.06137184115523464,0.06590353977961971
A07,53,4,Tongue,-0.7030187715010684,-0.7609094609101926,-0.21924887276536306,-0.4027929205002079,0.4977404575069577,0.11114191133991724,-1.200759229008026,-0.8720513722501099,0.32870785675791614,,,,0.06137184115523464,0.06590353977961971
A07,54,2,Right_Hand,0.6752566396711205,0.6266413554223741,0.444066500750305,0.5369857642278992,0.8672255255632195,1.0013317927660974,-0.19196888589209904,-0.3746904373437233,-0.18272155145162428,0.19196888589209904,0.3746904373437233,0.18272155145162428,0.06137184115523464,0.06590353977961971
A07,55,3,Feet,-0.6138572965503403,-0.703348328797594,0.8045468985950947,-0.07483229602274914,0.14277415910328664,0.013466531962568517,-0.7566314556536269,-0.7168148607601625,0.03981659489346434,,,,0.06137184115523464,0.06590353977961971
A07,56,1,Left_Hand,-0.5223427920115296,-0.5972222385485791,-0.48232015931461725,-0.5426247205303744,-0.7627860522714851,-0.8081711666871858,0.24044326025995555,0.21094892813860666,-0.029494332121348887,0.24044326025995555,0.21094892813860666,-0.029494332121348887,0.06137184115523464,0.06590353977961971
A07,57,1,Left_Hand,-0.7422331142723138,-0.6663130552077435,-0.7199089715545339,-0.669902932751282,-0.8451341841298181,-0.8249889035097745,0.10290106985750436,0.15867584830203096,0.05577477844452661,0.10290106985750436,0.15867584830203096,0.05577477844452661,0.06137184115523464,0.06590353977961971
A07,58,1,Left_Hand,-0.8123358455553872,-0.8377877844010886,-0.5995654218549138,-0.549698738491099,-0.8080709800428916,-0.7896483355979094,-0.004264865512495608,-0.04813944880317922,-0.04387458329068361,-0.004264865512495608,-0.04813944880317922,-0.04387458329068361,0.06137184115523464,0.06590353977961971
A07,59,4,Tongue,-0.7132114136236861,-0.8450949593965164,-0.40684533395803635,-0.5307730262840372,-0.6037112270589177,-0.69326625139975,-0.10950018656476845,-0.1518287079967664,-0.042328521431997945,,,,0.06137184115523464,0.06590353977961971
A07,60,2,Right_Hand,-0.3799180763919975,-0.46249049382410956,-0.4940365272257863,-0.5221210625279737,-0.40266598718784374,-0.2767724328826284,0.02274791079584626,-0.18571806094148113,-0.2084659717373274,-0.02274791079584626,0.18571806094148113,0.2084659717373274,0.06137184115523464,0.06590353977961971
A07,61,2,Right_Hand,-0.6289988404467228,-0.7392720154182277,-0.37412898226949903,-0.5587343525473707,0.020980772269963577,-0.1903236968773378,-0.6499796127166864,-0.5489483185408899,0.10103129417579648,0.6499796127166864,0.5489483185408899,-0.10103129417579648,0.06137184115523464,0.06590353977961971
A07,62,1,Left_Hand,-0.7392166658115177,-0.8048761493892224,-0.5388676698590515,-0.6820627459923753,-0.38399696875447403,-0.5153476131585011,-0.35521969705704365,-0.2895285362307213,0.06569116082632237,-0.35521969705704365,-0.2895285362307213,0.06569116082632237,0.06137184115523464,0.06590353977961971
A07,63,1,Left_Hand,-0.035105340225645196,-0.17409179148181547,-0.6199205516517124,-0.6804637328296402,-0.23626630038432828,-0.48477541145483655,0.20116096015868307,0.3106836199730211,0.10952265981433801,0.20116096015868307,0.3106836199730211,0.10952265981433801,0.06137184115523464,0.06590353977961971
A07,64,3,Feet,0.01736215731436561,0.18441476602304493,-0.40492350035308505,-0.3423401670733254,-0.5213119273084299,-0.4358134727196513,0.5386740846227955,0.6202282387426963,0.08155415411990075,,,,0.06137184115523464,0.06590353977961971
A07,65,1,Left_Hand,0.19657780982948217,0.15062074281346644,-0.6343973025195184,-0.702188511513848,-0.6371017395299534,-0.8697831290240399,0.8336795493594356,1.0204038718375064,0.1867243224780708,0.8336795493594356,1.0204038718375064,0.1867243224780708,0.06137184115523464,0.06590353977961971
A07,66,2,Right_Hand,-0.18827224864297706,-0.14212440717819208,-0.3846063744964964,-0.31534372649002146,-0.30705695310683445,0.03293864407717143,0.11878470446385739,-0.1750630512553635,-0.2938477557192209,-0.11878470446385739,0.1750630512553635,0.2938477557192209,0.06137184115523464,0.06590353977961971
A07,67,4,Tongue,-0.8529269909757023,-0.893976665114437,-0.7095758973719415,-0.6977381496441288,-0.6348333886273108,-0.6593787691100726,-0.2180936023483916,-0.23459789600436431,-0.016504293655972724,,,,0.06137184115523464,0.06590353977961971
A07,68,4,Tongue,-0.4767870922581105,-0.5851907844216043,-0.5891153218347526,-0.7044275619847205,0.11458671290292276,-0.015349389113559271,-0.5913738051610332,-0.569841395308045,0.02153240985298821,,,,0.06137184115523464,0.06590353977961971
A07,69,3,Feet,-0.301394459393981,-0.37262290973530576,-0.538712033181151,-0.5699005142215974,-0.5992159071499115,-0.6345851668069895,0.29782144775593045,0.26196225707168375,-0.0358591906842467,,,,0.06137184115523464,0.06590353977961971
A07,70,1,Left_Hand,0.5101574872580125,0.48590141974369516,0.37633259242326994,0.49184688143958993,-0.561930065988875,-0.4947264802229685,1.0720875532468874,0.9806278999666637,-0.09145965328022376,1.0720875532468874,0.9806278999666637,-0.09145965328022376,0.06137184115523464,0.06590353977961971
A07,71,4,Tongue,-0.6929643836599347,-0.5469813498558509,-0.41185028945757574,-0.3769423353426474,-0.4016176923164305,-0.04867624236187076,-0.2913466913435042,-0.49830510749398016,-0.20695841615047594,,,,0.06137184115523464,0.06590353977961971
A07,72,4,Tongue,-0.1642012800910308,0.1358664111687538,-0.5208329061724359,-0.4078348518348552,-0.5972102876017281,-0.4982149022868823,0.4330090075106973,0.6340813134556361,0.2010723059449388,,,,0.06137184115523464,0.06590353977961971
A07,73,2,Right_Hand,-0.7892870313658196,-0.8295665560910882,-0.32072309292659057,-0.2569274980649657,-0.5189173698376147,-0.6010818800053253,-0.27036966152820485,-0.22848467608576295,0.0418849854424419,0.27036966152820485,0.22848467608576295,-0.0418849854424419,0.06137184115523464,0.06590353977961971
A07,74,4,Tongue,-0.2182760447039262,-0.10521131501942077,-0.2578747610368892,-0.10217802911240316,2.8650661100259884,4.951569377394081,-3.0833421547299147,-5.056780692413502,-1.9734385376835877,,,,0.06137184115523464,0.06590353977961971
A07,75,4,Tongue,0.7183663081582388,0.3924354075601525,-0.17478947642470904,-0.34009825677716604,-0.4627693563255645,-0.581502765358023,1.1811356644838034,0.9739381729181755,-0.20719749156562783,,,,0.06137184115523464,0.06590353977961971
A07,76,2,Right_Hand,-0.10945982565788116,-0.19267931248952844,-0.1539671845104426,-0.3206790883228627,-0.3910618530831551,-0.20968294035249893,0.28160202742527396,0.017003627862970494,-0.26459839956230347,-0.28160202742527396,-0.017003627862970494,0.26459839956230347,0.06137184115523464,0.06590353977961971
A07,77,1,Left_Hand,-0.0915158986282729,-0.08653872537125766,-0.47094222472431574,-0.5519650282573924,-0.4934240963186356,-0.41324910441275114,0.4019081976903627,0.32671037904149347,-0.07519781864886921,0.4019081976903627,0.32671037904149347,-0.07519781864886921,0.06137184115523464,0.06590353977961971
A07,78,2,Right_Hand,-0.5684868226416413,-0.4431989158678188,-0.46804720311977477,-0.45622494128370683,0.3633240477767725,0.32058039829627116,-0.9318108704184138,-0.76377931416409,0.16803155625432387,0.9318108704184138,0.76377931416409,-0.16803155625432387,0.06137184115523464,0.06590353977961971
A07,79,3,Feet,-0.390878781872073,-0.47190029152551427,-0.5625687345070833,-0.6092369041941847,-0.6239551588216803,-0.7351160402879499,0.2330763769496073,0.2632157487624356,0.030139371812828275,,,,0.06137184115523464,0.06590353977961971
A07,80,3,Feet,-0.5602047901725723,-0.5721700441884534,-0.8921806064516299,-0.9172029460533687,-0.6950078277435274,-0.5846700961682749,0.13480303757095513,0.012500051979821514,-0.12230298559113362,,,,0.06137184115523464,0.06590353977961971
A07,81,3,Feet,-0.5571152631926165,-0.49769444543978364,-0.7113307959625743,-0.7756430471455559,-0.13939668889217197,-0.16748998066271728,-0.41771857430044457,-0.33020446477706633,0.08751410952337824,,,,0.06137184115523464,0.06590353977961971
A07,82,3,Feet,-0.5341600323868306,-0.5913901240707649,-0.38169534308322867,-0.5878118378592344,0.5001944485768817,0.19563473590207311,-1.0343544809637124,-0.787024859972838,0.2473296209908744,,,,0.06137184115523464,0.06590353977961971
A07,83,1,Left_Hand,-0.27288161917223663,-0.49613097379632476,-0.44923486735139373,-0.6546418763395309,-0.35408451638692456,-0.7039426876423792,0.08120289721468793,0.20781171384605446,0.12660881663136653,0.08120289721468793,0.20781171384605446,0.12660881663136653,0.06137184115523464,0.06590353977961971
A07,84,4,Tongue,-0.032088062779103026,-0.22537850793897876,-0.4171829178561455,-0.27563659503228294,-0.6116764650687295,-0.5396340240103991,0.5795884022896265,0.3142555160714203,-0.26533288621820617,,,,0.06137184115523464,0.06590353977961971
A07,85,2,Right_Hand,0.17089142595358428,-0.10222396773096534,-0.0514474023819733,-0.2776207493726499,0.4285980418983216,0.12931524266964442,-0.2577066159447373,-0.23153921040060976,0.026167405544127553,0.2577066159447373,0.23153921040060976,-0.026167405544127553,0.06137184115523464,0.06590353977961971
A07,86,3,Feet,-0.5447541013132801,-0.6277916979685241,-0.6138008014854405,-0.6010804905174018,-0.27235073024187506,-0.1902870635145207,-0.272403371071405,-0.43750463445400334,-0.16510126338259834,,,,0.06137184115523464,0.06590353977961971
A07,87,2,Right_Hand,-0.2934203571741501,-0.5620063579504063,-0.7604592860465056,-0.812079613832409,-0.8359485663151851,-0.8857584265959699,0.5425282091410351,0.3237520686455636,-0.21877614049547145,-0.5425282091410351,-0.3237520686455636,0.21877614049547145,0.06137184115523464,0.06590353977961971
A07,88,3,Feet,-0.17376329278383712,-0.04399080215433367,-0.6007764769056377,-0.6619883670200675,-0.31281982672303277,-0.5703224271104327,0.13905653393919565,0.526331624956099,0.38727509101690333,,,,0.06137184115523464,0.06590353977961971
A07,89,2,Right_Hand,-0.2104387771614486,-0.17176649544402547,-0.2731782270669555,-0.33738344974947154,0.7362664504287372,0.8924840798746989,-0.9467052275901857,-1.0642505753187244,-0.11754534772853864,0.9467052275901857,1.0642505753187244,0.11754534772853864,0.06137184115523464,0.06590353977961971
A07,90,3,Feet,-0.37352664789461554,-0.4241520746697907,0.29585740984658393,0.25203886945434767,1.88403133524319,2.0083376004762368,-2.2575579831378056,-2.4324896751460274,-0.17493169200822178,,,,0.06137184115523464,0.06590353977961971
A07,91,1,Left_Hand,-0.26720613682347966,-0.20702640464713262,-0.16644315335421475,-0.21208759002279673,-0.4181793970238547,-0.47457560350440986,0.15097326020037505,0.26754919885727724,0.11657593865690219,0.15097326020037505,0.26754919885727724,0.11657593865690219,0.06137184115523464,0.06590353977961971
A07,92,1,Left_Hand,-0.6472572399605694,-0.6764387919825519,1.2675972116431762,1.409152321978875,0.14454984834839968,0.4371972296471195,-0.7918070883089691,-1.1136360216296715,-0.3218289333207024,-0.7918070883089691,-1.1136360216296715,-0.3218289333207024,0.06137184115523464,0.06590353977961971
A07,93,1,Left_Hand,-0.8136278392635303,-0.7443645765986825,-0.6315304672312044,-0.5554175475588242,-0.7825111104048597,-0.7490349556005074,-0.031116728858670673,0.004670379001824876,0.03578710786049555,-0.031116728858670673,0.004670379001824876,0.03578710786049555,0.06137184115523464,0.06590353977961971
A07,94,4,Tongue,-0.5768686356705426,-0.49144110714028266,-0.055358769058574904,-0.022067954099401328,-0.49959472563834867,-0.5962409821466053,-0.07727391003219392,0.1047998750063226,0.1820737850385165,,,,0.06137184115523464,0.06590353977961971
A07,95,2,Right_Hand,0.3594257890755263,0.4945557426828249,-0.3828283317308881,-0.3516834353474591,-0.4148586418916668,-0.3715498963085006,0.7742844309671931,0.8661056389913255,0.0918212080241324,-0.7742844309671931,-0.8661056389913255,-0.0918212080241324,0.06137184115523464,0.06590353977961971
A07,96,1,Left_Hand,-0.6234870822801098,-0.7153179593191685,-0.36234320060951053,-0.5226291326691834,-0.44793280318167006,-0.5212490268680839,-0.1755542790984398,-0.19406893245108459,-0.018514653352644794,-0.1755542790984398,-0.19406893245108459,-0.018514653352644794,0.06137184115523464,0.06590353977961971
A07,97,3,Feet,-0.507584695553695,-0.5255130533922903,-0.5814585634715378,-0.563856471116083,0.27209760488917895,0.21254929521670024,-0.7796823004428739,-0.7380623486089906,0.04161995183388334,,,,0.06137184115523464,0.06590353977961971
A07,98,1,Left_Hand,-0.49567229828607734,-0.26780127032142276,0.5000486733188608,0.9032533340161927,-0.7037686361183778,-0.6741987066364022,0.20809633783230047,0.4063974363149795,0.19830109848267902,0.20809633783230047,0.4063974363149795,0.19830109848267902,0.06137184115523464,0.06590353977961971
A07,99,3,Feet,-0.7499943518540999,-0.7420597772865436,-0.5963852256433658,-0.6714140401184137,0.33396626330285056,0.09205186838766599,-1.0839606151569505,-0.8341116456742096,0.24984896948274093,,,,0.06137184115523464,0.06590353977961971
A07,100,2,Right_Hand,-0.5215968233453618,-0.5983321513934796,0.14874660463227765,-0.050358574621002704,-0.039173462461965174,-0.255646831173786,-0.48242336088339666,-0.3426853202196936,0.13973804066370304,0.48242336088339666,0.3426853202196936,-0.13973804066370304,0.06137184115523464,0.06590353977961971
A07,101,4,Tongue,-0.6437984282613288,-0.5932877605004153,-0.5040095045019114,-0.4652380179914439,-0.7692908077780916,-0.6801101272410666,0.12549237951676273,0.08682236674065125,-0.038670012776111484,,,,0.06137184115523464,0.06590353977961971
A07,102,1,Left_Hand,-0.6302403753594209,-0.7716966175922622,-0.7078651031702059,-0.8103294705126681,-0.19201090861153466,-0.6715651568035337,-0.4382294667478862,-0.10013146078872848,0.33809800595915773,-0.4382294667478862,-0.10013146078872848,0.33809800595915773,0.06137184115523464,0.06590353977961971
A07,103,3,Feet,-0.6508218981052907,-0.7436240384975369,-0.04889565533380386,-0.24383313715476246,-0.3517639821066623,-0.5871642268950521,-0.29905791599862835,-0.1564598116024848,0.14259810439614357,,,,0.06137184115523464,0.06590353977961971
A07,104,3,Feet,-0.5700321408438624,-0.5165607616082236,-0.650753623255027,-0.6601815906081439,0.29063888052298037,0.2559331416782438,-0.8606710213668428,-0.7724939032864675,0.08817711808037532,,,,0.06137184115523464,0.06590353977961971
A07,105,1,Left_Hand,0.022514580194419875,0.054730670556561556,2.1945432172665065,2.356201835127699,0.5276161730292313,0.6262908813721114,-0.5051015928348114,-0.5715602108155499,-0.06645861798073849,-0.5051015928348114,-0.5715602108155499,-0.06645861798073849,0.06137184115523464,0.06590353977961971
A07,106,3,Feet,-0.6062953998268326,-0.6464523499391956,-0.8497893113196803,-0.8194414957755717,-0.7595473843379631,-0.7442532918440655,0.15325198451113053,0.09780094190486988,-0.05545104260626066,,,,0.06137184115523464,0.06590353977961971
A07,107,2,Right_Hand,0.17404701309715215,-0.10741451262480305,0.09719066297101611,-0.12468356275153021,-0.1923496590972295,-0.22505080445515474,0.36639667219438166,0.1176362918303517,-0.24876038036402998,-0.36639667219438166,-0.1176362918303517,0.24876038036402998,0.06137184115523464,0.06590353977961971
A07,108,4,Tongue,-0.8192889959335555,-0.7911330190545793,-0.4955743533580349,-0.46077340207570355,-0.35364711787097525,-0.5031560962189524,-0.4656418780625803,-0.2879769228356269,0.17766495522695336,,,,0.06137184115523464,0.06590353977961971
A07,109,4,Tongue,1.212426029073129,1.4566462299284517,1.5316555937506262,1.6112511896583297,1.687492779718337,1.3860256966265705,-0.475066750645208,0.07062053330188123,0.5456872839470892,,,,0.06137184115523464,0.06590353977961971
A07,110,4,Tongue,0.043596048151849004,0.2755093527250041,-0.2585795445150471,-0.27408968653762267,-0.5433735762157316,-0.610874622239527,0.5869696243675806,0.8863839749645311,0.29941435059695054,,,,0.06137184115523464,0.06590353977961971
A07,111,3,Feet,0.424985197812644,0.229692952638159,0.22147117514256023,-0.05928469896206176,0.8911521994922993,0.7348872860498004,-0.4661670016796553,-0.5051943334116413,-0.039027331731986026,,,,0.06137184115523464,0.06590353977961971
A07,112,1,Left_Hand,-0.8503103758874228,-0.8512931171014357,-0.7581867043487004,-0.6494709787174133,-0.7647637689671514,-0.6872946363127346,-0.08554660692027138,-0.16399848078870116,-0.07845187386842978,-0.08554660692027138,-0.16399848078870116,-0.07845187386842978,0.06137184115523464,0.06590353977961971
A07,113,4,Tongue,4.779884520895689,4.522076868939893,0.32640215754074114,0.5152135776513506,-0.20323802178653452,-0.27321088654245196,4.983122542682223,4.795287755482344,-0.18783478719987912,,,,0.06137184115523464,0.06590353977961971
A07,114,2,Right_Hand,-0.3440469535435839,-0.48214830889592225,-0.19236363884831376,-0.3562498626920115,0.40398998274422815,0.37760720974342515,-0.7480369362878121,-0.8597555186393474,-0.11171858235153531,0.7480369362878121,0.8597555186393474,0.11171858235153531,0.06137184115523464,0.06590353977961971
A07,115,4,Tongue,0.14288648760273104,-0.24548148926139268,-0.10768543692406318,-0.3435394803421791,-0.2208625833985633,-0.39315564632115824,0.36374907100129433,0.14767415705976555,-0.21607491394152878,,,,0.06137184115523464,0.06590353977961971
A07,116,2,Right_Hand,-0.41968903323294354,-0.28567816147265973,-0.3679947584745167,-0.32645756125675157,-0.17697039140773385,-0.07560148504294473,-0.2427186418252097,-0.210076676429715,0.03264196539549469,0.2427186418252097,0.210076676429715,-0.03264196539549469,0.06137184115523464,0.06590353977961971
A07,117,1,Left_Hand,-0.7140784617184485,-0.7770351316631632,-0.6934344771209463,-0.7795816858472322,-0.5484576946549229,-0.6411409596145331,-0.16562076706352558,-0.13589417204863008,0.029726595014895496,-0.16562076706352558,-0.13589417204863008,0.029726595014895496,0.06137184115523464,0.06590353977961971
A07,118,3,Feet,-0.2879175369897368,-0.2911038189648053,-0.08263062570753629,-0.3021285487783253,-0.18099107404637124,-0.36240154268819935,-0.10692646294336558,0.07129772372339405,0.17822418666675963,,,,0.06137184115523464,0.06590353977961971
A07,119,2,Right_Hand,-0.5807366516259599,-0.7146325879096163,1.0901179538618326,0.9001797326415701,0.4664728264215202,0.4627778735059623,-1.04720947804748,-1.1774104614155785,-0.13020098336809838,1.04720947804748,1.1774104614155785,0.13020098336809838,0.06137184115523464,0.06590353977961971
A07,120,1,Left_Hand,-0.1961767712192941,-0.3519214771215584,-0.691669840410493,-0.7746421839422708,-0.49350205069775027,-0.698745578663422,0.29732527947845616,0.3468241015418636,0.049498822063407444,0.29732527947845616,0.3468241015418636,0.049498822063407444,0.06137184115523464,0.06590353977961971
A07,121,3,Feet,0.8267790676592027,0.25768250613775767,0.6533303193404506,0.12438152444406256,0.5422655991024956,0.3668528927916629,0.2845134685567071,-0.10917038665390522,-0.39368385521061233,,,,0.06137184115523464,0.06590353977961971
A07,122,3,Feet,-0.6565180388793366,-0.6769215980280634,-0.3756420221560323,-0.4760803953535827,-0.13620824726587533,-0.16112539207002824,-0.5203097916134612,-0.5157962059580352,0.004513585655426033,,,,0.06137184115523464,0.06590353977961971
A07,123,1,Left_Hand,-0.7646268276278161,-0.7373171184219071,-0.3046246980768635,-0.2476938337036344,0.3303959746678537,0.4946198244933719,-1.0950228022956698,-1.2319369429152789,-0.13691414061960905,-1.0950228022956698,-1.2319369429152789,-0.13691414061960905,0.06137184115523464,0.06590353977961971
A07,124,3,Feet,0.16616892272092595,0.6092689061890607,-0.597106366392896,-0.5104297969968712,-0.5359388598529441,-0.3319740397907302,0.7021077825738701,0.9412429459797909,0.23913516340592078,,,,0.06137184115523464,0.06590353977961971
A07,125,4,Tongue,0.07689059267557644,-0.019473676368088517,-0.20377768040353203,-0.1761032437471716,-0.45083502795368446,-0.33788923290941203,0.5277256206292609,0.31841555654132353,-0.20931006408793734,,,,0.06137184115523464,0.06590353977961971
A07,126,2,Right_Hand,-0.7198966888525599,-0.5767809059247995,-0.83210796178243,-0.7794123726969365,-0.7618138099012229,-0.7197494706208543,0.041917121048663075,0.1429685646960548,0.10105144364739171,-0.041917121048663075,-0.1429685646960548,-0.10105144364739171,0.06137184115523464,0.06590353977961971
A07,127,1,Left_Hand,-0.7420431575076218,-0.690941902492586,-0.6377209737172806,-0.7177446491027981,-0.5070640376637894,-0.416678122633792,-0.23497911984383246,-0.274263779858794,-0.03928466001496156,-0.23497911984383246,-0.274263779858794,-0.03928466001496156,0.06137184115523464,0.06590353977961971
A07,128,2,Right_Hand,-0.6494975071669933,-0.7137704253280692,-0.7698140581838874,-0.7859029599220494,-0.6601860887033275,-0.6459384078216606,0.01068858153633423,-0.06783201750640866,-0.07852059904274289,-0.01068858153633423,0.06783201750640866,0.07852059904274289,0.06137184115523464,0.06590353977961971
A07,129,4,Tongue,-0.7291187316981628,-0.7573759411238402,-0.5514202787860933,-0.6016790659081037,-0.3905276506536047,-0.42825334319790603,-0.3385910810445581,-0.3291225979259342,0.009468483118623916,,,,0.06137184115523464,0.06590353977961971
A07,130,2,Right_Hand,-0.712749891715283,-0.6181130402395825,-0.03289669418642998,0.16958933230932918,-0.3949343772708832,-0.08351815223259693,-0.3178155144443998,-0.5345948880069855,-0.2167793735625857,0.3178155144443998,0.5345948880069855,0.2167793735625857,0.06137184115523464,0.06590353977961971
A07,131,4,Tongue,-0.7642539999034833,-0.734176131449143,-0.5656097047111741,-0.48828753410454395,-0.18836842914059465,-0.019222588191366574,-0.5758855707628887,-0.7149535432577764,-0.13906797249488767,,,,0.06137184115523464,0.06590353977961971
A07,132,3,Feet,-0.624254306594062,-0.5434351570223895,-0.6209002281315031,-0.46929968000443467,-0.6176329671726145,-0.5389196664129691,-0.006621339421447492,-0.004515490609420469,0.0021058488120270225,,,,0.06137184115523464,0.06590353977961971
A07,133,2,Right_Hand,-0.014237172014967226,-0.10326376847487301,-0.6012420699037984,-0.6838189858528626,-0.42261925461209304,-0.353175255763519,0.40838208259712583,0.24991148728864598,-0.15847059530847984,-0.40838208259712583,-0.24991148728864598,0.15847059530847984,0.06137184115523464,0.06590353977961971
A07,134,2,Right_Hand,-0.7562265285546399,-0.6317785829582937,0.06615996445953734,0.1642228555748814,-0.2661551300620552,-0.3701545337426455,-0.4900713984925847,-0.2616240492156482,0.2284473492769365,0.4900713984925847,0.2616240492156482,-0.2284473492769365,0.06137184115523464,0.06590353977961971
A07,135,2,Right_Hand,-0.38817687868697637,-0.1647939859957965,-0.2978460891033319,-0.1312823751736005,-0.24311025688826557,-0.20855676719648772,-0.1450666217987108,0.043762781200691214,0.188829402999402,0.1450666217987108,-0.043762781200691214,-0.188829402999402,0.06137184115523464,0.06590353977961971
A07,136,3,Feet,0.015375467530682365,0.07875129712845316,-0.017739451453598266,-0.09630340061739545,-0.36557551809170863,-0.3795980008225047,0.380950985622391,0.4583492979509579,0.07739831232856692,,,,0.06137184115523464,0.06590353977961971
A07,137,4,Tongue,-0.39298854292433905,-0.3951290705593479,-0.8875658550215478,-0.884611655062157,-0.5391377892331329,-0.6619201959021043,0.1461492463087939,0.2667911253427564,0.1206418790339625,,,,0.06137184115523464,0.06590353977961971
A07,138,1,Left_Hand,-0.8148779729149435,-0.8513555196138481,-0.8023569659340837,-0.7983735813280046,-0.7771403486859371,-0.7381415004127815,-0.037737624229006395,-0.11321401920106666,-0.07547639497206027,-0.037737624229006395,-0.11321401920106666,-0.07547639497206027,0.06137184115523464,0.06590353977961971
A07,139,4,Tongue,-0.37133692135617813,-0.20868478260246143,-0.49638743733339186,-0.24842621719879882,-0.5593319236289926,-0.2977407085218312,0.18799500227281452,0.08905592591936978,-0.09893907635344473,,,,0.06137184115523464,0.06590353977961971
A07,140,1,Left_Hand,-0.7612569742984168,-0.8188764370824396,-0.7637383025187069,-0.5652642878741679,-0.8503058302884494,-0.6870566608162109,0.08904885599003265,-0.13181977626622876,-0.2208686322562614,0.08904885599003265,-0.13181977626622876,-0.2208686322562614,0.06137184115523464,0.06590353977961971
A07,141,3,Feet,0.1890609396274098,0.2265433588870832,-0.525045865872288,-0.4543709260162706,-0.61761675139416,-0.41229603523797165,0.8066776910215697,0.6388393941250549,-0.16783829689651486,,,,0.06137184115523464,0.06590353977961971
A07,142,3,Feet,-0.6713800946384686,-0.6303181779855057,-0.8770417825888601,-0.8719982519181105,-0.6253253716591971,-0.6432923750297164,-0.04605472297927149,0.012974197044210656,0.059028920023482145,,,,0.06137184115523464,0.06590353977961971
A07,143,4,Tongue,-0.33758453954432405,-0.33044760191995415,-0.38260852760333924,-0.5864148563531448,0.28164043693332885,-0.2981598574845991,-0.619224976477653,-0.03228774443535504,0.5869372320422979,,,,0.06137184115523464,0.06590353977961971
A07,144,1,Left_Hand,0.19074813186235,0.1307238101149602,0.37136131711791037,-0.0680037789617865,1.1977051456491794,0.14560366846075604,-1.0069570137868293,-0.014879858345795832,0.9920771554410335,-1.0069570137868293,-0.014879858345795832,0.9920771554410335,0.06137184115523464,0.06590353977961971
A07,145,3,Feet,-0.6812142791462965,-0.6014126715067095,-0.8597644053416206,-0.7589080728587314,-0.5845313050338634,-0.31352314425528105,-0.0966829741124331,-0.28788952725142847,-0.19120655313899537,,,,0.06137184115523464,0.06590353977961971
A07,146,2,Right_Hand,-0.26703297034270246,-0.49857074588037054,-0.8094506529411782,-0.8902979881031378,-0.16184696171210539,-0.6994562201354988,-0.10518600863059707,0.20088547425512826,0.30607148288572533,0.10518600863059707,-0.20088547425512826,-0.30607148288572533,0.06137184115523464,0.06590353977961971
A07,147,4,Tongue,-0.8422501700814495,-0.8108021741229483,-0.7622556816660999,-0.7542261872551574,-0.5799221734184777,-0.6342011290291806,-0.2623279966629718,-0.17660104509376773,0.08572695156920407,,,,0.06137184115523464,0.06590353977961971
A07,148,4,Tongue,0.17867390606792022,-0.08752639208479697,0.3577790551355194,0.11639252784266095,-0.10983764810651002,-0.053339930516791874,0.28851155417443025,-0.034186461568005096,-0.32269801574243534,,,,0.06137184115523464,0.06590353977961971
A07,149,4,Tongue,0.15715499272393907,0.1492450330792658,0.6222732799693325,1.0900304242884056,1.545033553910808,2.0003938232139844,-1.387878561186869,-1.8511487901347186,-0.46327022894784964,,,,0.06137184115523464,0.06590353977961971
A07,150,2,Right_Hand,-0.6599806276618674,-0.5276930756112659,-0.35468580236811686,-0.07442383878721245,-0.8739807438165802,-0.6539210387244048,0.21400011615471282,0.12622796311313889,-0.08777215304157393,-0.21400011615471282,-0.12622796311313889,0.08777215304157393,0.06137184115523464,0.06590353977961971
A07,151,1,Left_Hand,-0.5622450181663782,-0.5735994643336876,-0.5726298045049785,-0.5402647541741286,0.023592746865702806,-0.08824631714166062,-0.585837765032081,-0.48535314719202693,0.10048461784005402,-0.585837765032081,-0.48535314719202693,0.10048461784005402,0.06137184115523464,0.06590353977961971
A07,152,3,Feet,0.02329121875338019,-0.12121363516987661,-0.27309657203422544,-0.34778480509009735,-0.6744149232937799,-0.6496649910116392,0.6977061420471601,0.5284513558417626,-0.16925478620539747,,,,0.06137184115523464,0.06590353977961971
A07,153,2,Right_Hand,-0.5919078824437678,-0.6276461551876615,-0.49454928826769906,-0.46144846016907876,-0.18110151429239063,0.029315046872708646,-0.41080636815137717,-0.6569612020603702,-0.24615483390899306,0.41080636815137717,0.6569612020603702,0.24615483390899306,0.06137184115523464,0.06590353977961971
A07,154,4,Tongue,-0.5409929095846302,-0.45785777043038406,-0.6744063445413462,-0.739113198921429,0.4692658828370945,0.285139209239011,-1.0102587924217246,-0.742996979669395,0.2672618127523295,,,,0.06137184115523464,0.06590353977961971
A07,155,1,Left_Hand,-0.852330098143749,-0.8415293765408096,-0.6440293621574229,-0.596117100461164,-0.5257253776053842,-0.3472443297465667,-0.32660472053836487,-0.4942850467942429,-0.16768032625587803,-0.32660472053836487,-0.4942850467942429,-0.16768032625587803,0.06137184115523464,0.06590353977961971
A07,156,4,Tongue,0.579496629917928,0.5719464051809829,0.6806275499276645,0.6582628747081765,1.1847700361467877,1.1943925849738268,-0.6052734062288596,-0.6224461797928439,-0.017172773563984278,,,,0.06137184115523464,0.06590353977961971
A07,157,3,Feet,-0.6145861881215934,-0.520842253611034,-0.7492935453284624,-0.7143675050522399,-0.44230287619679387,-0.5299015195884819,-0.1722833119247995,0.009059265977447883,0.1813425779022474,,,,0.06137184115523464,0.06590353977961971
A07,158,4,Tongue,-0.5592913112331862,-0.556403936584507,-0.5845450894695118,-0.6360650225995997,-0.5917892557537884,-0.6129920881344139,0.03249794452060217,0.05658815154990682,0.024090207029304644,,,,0.06137184115523464,0.06590353977961971
A07,159,4,Tongue,-0.2554520198577131,-0.28949022231745697,-0.5664326839741938,-0.6732424521377766,-0.6666301815385098,-0.5825691169667372,0.41117816168079674,0.2930788946492802,-0.11809926703151652,,,,0.06137184115523464,0.06590353977961971
A07,160,1,Left_Hand,-0.39125316160729573,-0.42943073266041787,-0.4526789187094609,-0.31685765625457807,-0.4595583309158046,-0.28316741395357387,0.06830516930850888,-0.146263318706844,-0.2145684880153529,0.06830516930850888,-0.146263318706844,-0.2145684880153529,0.06137184115523464,0.06590353977961971
A07,161,2,Right_Hand,-0.7207512822593095,-0.8160816905958472,-0.37634030279810043,-0.42294570493361516,-0.5818098688692086,-0.697123115601459,-0.1389414133901009,-0.11895857499438822,0.019982838395712688,0.1389414133901009,0.11895857499438822,-0.019982838395712688,0.06137184115523464,0.06590353977961971
A07,162,2,Right_Hand,0.1702144868058036,0.18183950023952752,0.6571954503808031,0.6296762432066144,0.9038318618583605,0.8512251680510998,-0.733617375052557,-0.6693856678115723,0.0642317072409847,0.733617375052557,0.6693856678115723,-0.0642317072409847,0.06137184115523464,0.06590353977961971
A07,163,3,Feet,0.0322381279138865,-0.12948914142455,-0.21387936684527054,-0.3671666348753295,-0.17055290263044198,-0.3917507793909331,0.20279103054432848,0.26226163796638313,0.05947060742205465,,,,0.06137184115523464,0.06590353977961971
A07,164,4,Tongue,-0.6933691226059794,-0.7200851461557415,-0.8184547835463747,-0.8573546331750439,-0.8724992184704651,-0.9082028207427019,0.1791300958644857,0.18811767458696038,0.008987578722474687,,,,0.06137184115523464,0.06590353977961971
A07,165,2,Right_Hand,-0.28437757267914093,-0.42446838246797314,1.0014976599962586,0.8389391924019816,0.47666242717815155,0.552970439218448,-0.7610399998572925,-0.9774388216864212,-0.21639882182912862,0.7610399998572925,0.9774388216864212,0.21639882182912862,0.06137184115523464,0.06590353977961971
A07,166,1,Left_Hand,0.3871677138217805,0.3150712136464198,-0.24798949262480977,-0.01018312490598246,-0.5773131178112163,-0.4049566229343767,0.9644808316329968,0.7200278365807965,-0.2444529950522003,0.9644808316329968,0.7200278365807965,-0.2444529950522003,0.06137184115523464,0.06590353977961971
A07,167,1,Left_Hand,-0.5514749836908485,-0.5522942154302578,-0.5863836011633724,-0.6716925519288055,-0.31483391513632236,-0.644721749150882,-0.2366410685545261,0.09242753372062418,0.3290686022751503,-0.2366410685545261,0.09242753372062418,0.3290686022751503,0.06137184115523464,0.06590353977961971
A07,168,4,Tongue,0.11065402601276415,-0.0764849588989699,-0.6446134651660482,-0.6947001279074954,-0.21332625088552154,-0.48180936544640485,0.3239802768982857,0.40532440654743496,0.08134412964914928,,,,0.06137184115523464,0.06590353977961971
A07,169,2,Right_Hand,-0.05143572080349097,-0.21337167162270837,-0.02527879708786572,-0.16613126590584026,0.15499562775089867,-0.12633644332928667,-0.20643134855438966,-0.0870352282934217,0.11939612026096796,0.20643134855438966,0.0870352282934217,-0.11939612026096796,0.06137184115523464,0.06590353977961971
A07,170,1,Left_Hand,-0.4221144258951372,-0.2975878445678923,-0.5516673991774362,-0.4616201315971114,-0.8476809902587286,-0.8902161795024015,0.42556656436359136,0.5926283349345092,0.1670617705709178,0.42556656436359136,0.5926283349345092,0.1670617705709178,0.06137184115523464,0.06590353977961971
A07,171,3,Feet,-0.22377741250947544,-0.14317809971206127,-0.3309615764020091,-0.37269365151141814,-0.24927362045329188,-0.31403267393349,0.025496207943816435,0.17085457422142872,0.14535836627761228,,,,0.06137184115523464,0.06590353977961971
A07,172,2,Right_Hand,-0.4757320568677293,-0.446851669091869,-0.6720126017436395,-0.6652456019235053,-0.3701169470482563,-0.45202007215148243,-0.10561510981947297,0.005168403059613413,0.11078351287908639,0.10561510981947297,-0.005168403059613413,-0.11078351287908639,0.06137184115523464,0.06590353977961971
A07,173,2,Right_Hand,-0.30290951412368555,-0.4221693875530833,-0.07111989100904574,-0.2269736585151943,0.36273202402091237,0.10087456764366727,-0.6656415381445979,-0.5230439551967506,0.1425975829478473,0.6656415381445979,0.5230439551967506,-0.1425975829478473,0.06137184115523464,0.06590353977961971
A07,174,3,Feet,1.2269951352548154,1.006007995519873,0.5515802858247559,0.5181063384994503,0.007615402045555997,-0.221737251507117,1.2193797332092595,1.22774524702699,0.008365513817730541,,,,0.06137184115523464,0.06590353977961971
A07,175,1,Left_Hand,0.5397488644829195,0.26606627539017885,-0.3071922127806651,-0.46543032408106266,-0.13185951446544095,-0.29149110224734737,0.6716083789483605,0.5575573776375262,-0.11405100131083423,0.6716083789483605,0.5575573776375262,-0.11405100131083423,0.06137184115523464,0.06590353977961971
A07,176,4,Tongue,0.0477226269886311,-0.02582677430699423,0.23349210594933348,0.3167827522537861,0.34148781189092525,0.2551021780215644,-0.29376518490229414,-0.2809289523285586,0.012836232573735562,,,,0.06137184115523464,0.06590353977961971
A07,177,3,Feet,-0.7540605736691525,-0.642849950784748,-0.8795651858274476,-0.7681050182442625,-0.7220739777535086,-0.6422690735144186,-0.0319865959156439,-0.0005808772703294052,0.031405718645314495,,,,0.06137184115523464,0.06590353977961971
A07,178,3,Feet,-0.46476073382609334,-0.5060361452201216,-0.13453395781698488,-0.162585139891523,-0.45972902714163016,-0.5270498784922247,-0.0050317066844631775,0.021013733272103097,0.026045439956566274,,,,0.06137184115523464,0.06590353977961971
A07,179,3,Feet,-0.0017488577755934733,0.060611822236697754,-0.2018695966328129,0.060310272191154264,-0.5799338423959668,-0.4428563361533922,0.5781849846203733,0.50346815839009,-0.0747168262302833,,,,0.06137184115523464,0.06590353977961971
A07,180,3,Feet,-0.0947092563473157,-0.012332815916626693,-0.41288663685503046,-0.3527901279109074,-0.22761347028610193,-0.047886648121974205,0.13290421393878624,0.03555383220534751,-0.09735038173343873,,,,0.06137184115523464,0.06590353977961971
A07,181,1,Left_Hand,-0.7004011660634019,-0.7937581270197774,-0.6845096912788327,-0.8163525302618377,-0.08365970060506984,-0.34537779520070006,-0.616741465458332,-0.4483803318190774,0.1683611336392546,-0.616741465458332,-0.4483803318190774,0.1683611336392546,0.06137184115523464,0.06590353977961971
A07,182,2,Right_Hand,-0.7239727643217935,-0.7379630943999324,-0.22873356415233118,-0.33241644070087245,0.6212225314730282,0.7969743009080623,-1.3451952957948217,-1.5349373953079946,-0.1897420995131729,1.3451952957948217,1.5349373953079946,0.1897420995131729,0.06137184115523464,0.06590353977961971
A07,183,1,Left_Hand,-0.6108083008937395,-0.5602834432283139,-0.91291315176577,-0.8942974815600438,-0.7547748135343084,-0.7653067699520129,0.14396651264056892,0.20502332672369894,0.06105681408313002,0.14396651264056892,0.20502332672369894,0.06105681408313002,0.06137184115523464,0.06590353977961971
A07,184,2,Right_Hand,0.9689730606756161,0.30589577309093824,-0.47694897419615073,-0.7625127441553976,0.0719649601430367,-0.5934477745572874,0.8970081005325794,0.8993435476482257,0.002335447115646261,-0.8970081005325794,-0.8993435476482257,-0.002335447115646261,0.06137184115523464,0.06590353977961971
A07,185,1,Left_Hand,-0.6032298826724489,-0.7467004037689202,-0.2892047675971121,-0.45234228115193587,-0.3277878371567317,-0.044084191657570014,-0.2754420455157172,-0.7026162121113502,-0.42717416659563295,-0.2754420455157172,-0.7026162121113502,-0.42717416659563295,0.06137184115523464,0.06590353977961971
A07,186,1,Left_Hand,-0.44903839353202035,-0.5471048044553859,-0.43066585142062663,-0.4558993440114918,-0.7667341271462275,-0.7943592158476024,0.3176957336142071,0.2472544113922165,-0.07044132222199062,0.3176957336142071,0.2472544113922165,-0.07044132222199062,0.06137184115523464,0.06590353977961971
A07,187,3,Feet,-0.04889794705413911,-0.24464671722988485,-0.589855705852363,-0.6847031705086671,-0.2463214724810945,-0.335651309781937,0.1974235254269554,0.09100459255205218,-0.10641893287490323,,,,0.06137184115523464,0.06590353977961971
A07,188,3,Feet,0.18535485065801086,-0.052427082249849134,-0.2223920687969978,-0.3509909682970781,-0.3345832090569118,-0.3232887339056393,0.5199380597149227,0.2708616516557901,-0.24907640805913256,,,,0.06137184115523464,0.06590353977961971
A07,189,2,Right_Hand,-0.5039604888219748,-0.5090803781243208,-0.405746670691135,-0.43923044948213635,-0.5774110342636678,-0.5336351613036249,0.07345054544169305,0.02455478317930404,-0.04889576226238901,-0.07345054544169305,-0.02455478317930404,0.04889576226238901,0.06137184115523464,0.06590353977961971
A07,190,3,Feet,-0.6350783299681672,-0.6391206391247876,-0.4740372560039895,-0.5368508329975816,-0.4756365902816052,-0.5564384607603922,-0.15944173968656195,-0.0826821783643954,0.07675956132216655,,,,0.06137184115523464,0.06590353977961971
A07,191,4,Tongue,-0.14208628242478447,-0.051068602581796047,-0.33324138421171545,-0.23943003887404662,-0.3016556747624424,-0.15194032376794978,0.15956939233765796,0.10087172118615373,-0.05869767115150423,,,,0.06137184115523464,0.06590353977961971
A07,192,1,Left_Hand,-0.22406184105229326,-0.05726094979665208,-0.6828992723594447,-0.6781742883713503,-0.7083808917978491,-0.7169462457779909,0.48431905074555587,0.6596852959813388,0.17536624523578298,0.48431905074555587,0.6596852959813388,0.17536624523578298,0.06137184115523464,0.06590353977961971
A07,193,4,Tongue,0.05928532216604572,-0.1057423365674517,1.3641825568263728,0.804817737487364,0.17551071417789457,-0.036846029412287616,-0.11622539201184885,-0.0688963071551641,0.04732908485668476,,,,0.06137184115523464,0.06590353977961971
A07,194,1,Left_Hand,-0.3048169544732633,-0.2064426580946232,-0.35263900142340915,-0.1514802462181606,-0.7845557982215655,-0.7413460003292388,0.4797388437483022,0.5349033422346157,0.05516449848631344,0.4797388437483022,0.5349033422346157,0.05516449848631344,0.06137184115523464,0.06590353977961971
A07,195,1,Left_Hand,-0.7001672285173118,-0.6368457473455483,-0.8484727780807226,-0.8459565232663167,-0.9311843900720886,-0.9007691954312862,0.2310171615547768,0.26392344808573787,0.03290628653096106,0.2310171615547768,0.26392344808573787,0.03290628653096106,0.06137184115523464,0.06590353977961971
A07,196,2,Right_Hand,-0.6760960625814804,-0.6830920601888026,-0.3457135205142878,-0.2877402963509415,-0.042917006994758346,0.09455754237946384,-0.633179055586722,-0.7776496025682664,-0.14447054698154438,0.633179055586722,0.7776496025682664,0.14447054698154438,0.06137184115523464,0.06590353977961971
A07,197,3,Feet,0.7166396979022687,0.901725708694781,-0.028059608615727795,0.1549810268845929,-0.33740939330146935,-0.2247854726458856,1.054049091203738,1.1265111813406665,0.07246209013692861,,,,0.06137184115523464,0.06590353977961971
A07,198,2,Right_Hand,-0.36520937125931036,-0.45300391861679334,-0.2366718751150686,-0.374644588092763,-0.2507043500221371,-0.4867354421580973,-0.11450502123717327,0.03373152354130393,0.1482365447784772,0.11450502123717327,-0.03373152354130393,-0.1482365447784772,0.06137184115523464,0.06590353977961971
A07,199,4,Tongue,-0.500917039171075,-0.5859073419595253,-0.5609813390399669,-0.5935172481685577,-0.2642297125983012,-0.10390418997278136,-0.2366873265727738,-0.4820031519867439,-0.24531582541397012,,,,0.06137184115523464,0.06590353977961971
A07,200,3,Feet,1.5113055036130119,1.4166448354651748,1.5155160005146802,1.7341126222369914,0.6550610897636234,0.9010063940680193,0.8562444138493884,0.5156384413971555,-0.3406059724522329,,,,0.06137184115523464,0.06590353977961971
A07,201,4,Tongue,-0.3971816945643785,-0.532661140869168,-0.655523355722747,-0.74862268695748,0.06272439398488946,-0.28738574396198496,-0.45990608854926796,-0.24527539690718309,0.21463069164208487,,,,0.06137184115523464,0.06590353977961971
A07,202,3,Feet,-0.20754878598445511,-0.3612482001947423,-0.35781805227698366,-0.31137514316422615,1.3127119015239554,1.585833167343393,-1.5202606875084106,-1.9470813675381353,-0.42682068002972473,,,,0.06137184115523464,0.06590353977961971
A07,203,4,Tongue,-0.7269651141150603,-0.5199662413394485,-0.23184224172601928,-0.41027959946302617,0.4642581601604695,0.15240415050709677,-1.1912232742755298,-0.6723703918465452,0.5188528824289845,,,,0.06137184115523464,0.06590353977961971
A07,204,2,Right_Hand,-0.46923369042497654,-0.46474780870707544,-0.3006516758202005,-0.19466804449869354,-0.09053646017305249,-0.003412534471300903,-0.37869723025192403,-0.46133527423577453,-0.0826380439838505,0.37869723025192403,0.46133527423577453,0.0826380439838505,0.06137184115523464,0.06590353977961971
A07,205,2,Right_Hand,-0.6235496433638072,-0.49524299772355473,-0.4740330607178262,-0.4154737993904732,-0.26886780941150595,0.03620212139020887,-0.3546818339523013,-0.5314451191137636,-0.17676328516146228,0.3546818339523013,0.5314451191137636,0.17676328516146228,0.06137184115523464,0.06590353977961971
A07,206,4,Tongue,-0.4923395103351575,-0.6427132026527413,-0.563590886621761,-0.6181932080493666,-0.40544462887187044,-0.28663216316408935,-0.08689488146328705,-0.356081039488652,-0.26918615802536494,,,,0.06137184115523464,0.06590353977961971
A07,207,1,Left_Hand,0.17238339386790644,-0.23756572060160927,-0.35636560727926325,-0.708017531610034,0.16588888157858586,-0.5028636466644101,0.006494512289320575,0.2652979260628008,0.2588034137734802,0.006494512289320575,0.2652979260628008,0.2588034137734802,0.06137184115523464,0.06590353977961971
A07,208,2,Right_Hand,-0.6469145334081416,-0.7405413350879202,-0.5382641328283713,-0.6257345380465759,0.5903059093292206,0.3017091151686911,-1.237220442737362,-1.0422504502566112,0.19496999248075086,1.237220442737362,1.0422504502566112,-0.19496999248075086,0.06137184115523464,0.06590353977961971
A07,209,2,Right_Hand,-0.5115144122935048,-0.6729738817967359,-0.5827456334266456,-0.7497406915509223,-0.5635823180474203,-0.8006312863943797,0.05206790575391551,0.12765740459764385,0.07558949884372834,-0.05206790575391551,-0.12765740459764385,-0.07558949884372834,0.06137184115523464,0.06590353977961971
A07,210,3,Feet,-0.5624883281175698,-0.6297006262290997,-0.28927088741442863,-0.4645375887897718,0.041368641259184616,-0.1132796168528538,-0.6038569693767544,-0.5164210093762459,0.08743596000050846,,,,0.06137184115523464,0.06590353977961971
A07,211,4,Tongue,-0.36921805116468936,-0.5365227215844113,-0.2909716228602556,-0.42120607471371474,-0.2955212537661226,-0.39916788441868045,-0.07369679739856677,-0.13735483716573083,-0.06365803976716405,,,,0.06137184115523464,0.06590353977961971
A07,212,1,Left_Hand,-0.800871081922304,-0.8010193048722762,-0.6247344266687835,-0.6032188845044608,-0.8631999186398555,-0.8920211269627398,0.062328836717551406,0.09100182209046359,0.028672985372912185,0.062328836717551406,0.09100182209046359,0.028672985372912185,0.06137184115523464,0.06590353977961971
A07,213,4,Tongue,-0.08283798165151202,-0.1433381341190554,0.1538465652541864,0.16352416055513402,-0.08361045181026705,0.19024178960095497,0.0007724701587550342,-0.3335799237200104,-0.3343523938787654,,,,0.06137184115523464,0.06590353977961971
A07,214,1,Left_Hand,-0.640257255415132,-0.8016414126130825,-0.03704894762013549,-0.3875183740318952,-0.10052800474225106,-0.42483490641846966,-0.5397292506728809,-0.37680650619461287,0.16292274447826804,-0.5397292506728809,-0.37680650619461287,0.16292274447826804,0.06137184115523464,0.06590353977961971
A07,215,3,Feet,0.19698659578741334,0.20706854052302287,0.20698775144987458,0.13168335769007614,0.018653559817032626,-0.12026097814768812,0.17833303597038072,0.327329518670711,0.14899648270033025,,,,0.06137184115523464,0.06590353977961971
A07,216,1,Left_Hand,-0.6039511804387718,-0.6781394179527501,-0.5384940690460163,-0.6558634662142638,-0.296605426114965,-0.5824988307065049,-0.30734575432380684,-0.09564058724624525,0.2117051670775616,-0.30734575432380684,-0.09564058724624525,0.2117051670775616,0.06137184115523464,0.06590353977961971
A07,217,4,Tongue,0.6022474246392608,0.7826292649009288,0.5527334594166927,0.7799982584008864,-0.07022376875662778,0.01375303650520984,0.6724711933958887,0.7688762283957189,0.09640503499983022,,,,0.06137184115523464,0.06590353977961971
A07,218,1,Left_Hand,-0.20560259897031744,-0.3350749233044778,-0.296546433589012,-0.26460776426616284,0.2502829303546921,-0.21377237802213064,-0.4558855293250096,-0.12130254528234716,0.3345829840426624,-0.4558855293250096,-0.12130254528234716,0.3345829840426624,0.06137184115523464,0.06590353977961971
A07,219,3,Feet,0.08999836140899765,0.43467747937344886,-0.16633182987724626,-0.15557022906967202,0.22362456807032868,0.014819406368006655,-0.13362620666133102,0.4198580730054422,0.5534842796667732,,,,0.06137184115523464,0.06590353977961971
A07,220,1,Left_Hand,-0.6945041889177122,-0.7325298649913465,-0.6542118539000086,-0.6552146410413321,-0.46279285982902235,-0.4011446540958951,-0.2317113290886898,-0.3313852108954514,-0.09967388180676162,-0.2317113290886898,-0.3313852108954514,-0.09967388180676162,0.06137184115523464,0.06590353977961971
A07,221,2,Right_Hand,-0.7116806608024429,-0.6577438836077741,-0.7217713112851408,-0.6302050443754751,-0.6253609678498702,-0.5952590258884286,-0.08631969295257269,-0.06248485771934553,0.02383483523322716,0.08631969295257269,0.06248485771934553,-0.02383483523322716,0.06137184115523464,0.06590353977961971
A07,222,3,Feet,-0.5030841530426323,-0.12073073544269626,-0.5892485484683592,-0.21919244232244994,-0.6406510385778577,-0.48240055556820466,0.13756688553522534,0.3616698201255084,0.22410293459028308,,,,0.06137184115523464,0.06590353977961971
A07,223,3,Feet,-0.7286334301137776,-0.6545506448141463,-0.6403480966856154,-0.64264257952209,-0.8346183446871214,-0.8733513680383463,0.1059849145733438,0.21880072322420008,0.11281580865085628,,,,0.06137184115523464,0.06590353977961971
A07,224,4,Tongue,-0.7660674352287559,-0.8134868037459322,-0.6825448059800738,-0.7391821940215578,-0.7253684395216782,-0.8043861484980669,-0.04069899570707769,-0.009100655247865297,0.03159834045921239,,,,0.06137184115523464,0.06590353977961971
A07,225,1,Left_Hand,-0.4311778360979343,-0.39818278342588714,-0.3388243930091422,-0.36605447663442614,-0.3441088532039695,-0.3131568446953698,-0.08706898289396481,-0.08502593873051734,0.0020430441634474716,-0.08706898289396481,-0.08502593873051734,0.0020430441634474716,0.06137184115523464,0.06590353977961971
A07,226,2,Right_Hand,-0.40239600791293917,-0.5103622309553396,-0.6122580133549915,-0.7056957865128588,-0.4349390390189091,-0.6087842213414406,0.032543031105969955,0.098421990386101,0.06587895928013104,-0.032543031105969955,-0.098421990386101,-0.06587895928013104,0.06137184115523464,0.06590353977961971
A07,227,4,Tongue,0.7723595721822342,0.8009047293500726,0.21145751819056244,0.24901146280999384,1.7215879700120285,1.0528290321452844,-0.9492283978297943,-0.25192430279521183,0.6973040950345825,,,,0.06137184115523464,0.06590353977961971
A07,228,2,Right_Hand,-0.3814683656161185,-0.46836683111140204,-0.5484723458209491,-0.617634042151599,-0.11021363783281059,-0.4752964065596299,-0.27125472778330795,0.006929575448227865,0.2781843032315358,0.27125472778330795,-0.006929575448227865,-0.2781843032315358,0.06137184115523464,0.06590353977961971
A07,229,3,Feet,-0.6043505935692252,-0.6732523807408493,-0.8805012780585355,-0.921908802065575,-0.23031727952693948,-0.5095598769368955,-0.3740333140422857,-0.16369250380395373,0.21034081023833195,,,,0.06137184115523464,0.06590353977961971
A07,230,1,Left_Hand,0.2789464007044144,1.011527556138795,-0.46611851596921633,-0.5992817334245791,0.001676762358182147,-0.41468580333511995,0.27726963834623225,1.426213359473915,1.1489437211276827,0.27726963834623225,1.426213359473915,1.1489437211276827,0.06137184115523464,0.06590353977961971
A07,231,4,Tongue,0.05815216399800753,-0.08689470945724874,-0.8146202670351477,-0.8971898273890592,-0.6907849143842754,-0.7864908316756346,0.7489370783822829,0.6995961222183859,-0.049340956163897,,,,0.06137184115523464,0.06590353977961971
A07,232,2,Right_Hand,-0.366696950578731,-0.2530631895957956,0.1331556872044152,-0.04626035008853925,-0.09588819299965386,0.022510738594557822,-0.27080875757907713,-0.2755739281903534,-0.004765170611276293,0.27080875757907713,0.2755739281903534,0.004765170611276293,0.06137184115523464,0.06590353977961971
A07,233,4,Tongue,-0.6722091795278661,-0.6703303316503278,0.9183429266780258,0.3124120959279221,0.735592526336644,-0.15801597378080948,-1.40780170586451,-0.5123143578695184,0.8954873479949916,,,,0.06137184115523464,0.06590353977961971
A07,234,1,Left_Hand,-0.6947562355964532,-0.6391757798323218,-0.2894707918304758,-0.03337949125800483,-0.171125119038755,0.3321648076547974,-0.5236311165576981,-0.9713405874871192,-0.44770947092942104,-0.5236311165576981,-0.9713405874871192,-0.44770947092942104,0.06137184115523464,0.06590353977961971
A07,235,1,Left_Hand,-0.6776036667735873,-0.6682755933468452,0.14442583830233593,-0.06251812675403928,0.04078522423938329,-0.1232991713488651,-0.7183888910129705,-0.54497642199798,0.17341246901499052,-0.7183888910129705,-0.54497642199798,0.17341246901499052,0.06137184115523464,0.06590353977961971
A07,236,3,Feet,-0.2089082816408613,-0.018215611157697185,0.1762528078837905,0.6178852080299087,0.006604739720025914,0.19577369955231722,-0.21551302136088724,-0.2139893107100144,0.0015237106508728393,,,,0.06137184115523464,0.06590353977961971
A07,237,3,Feet,-0.33743619550199133,-0.20535431699041914,-0.2839260084258712,-0.3004154334064563,-0.06628626763275108,-0.01535167122732899,-0.27114992786924025,-0.19000264576309014,0.0811472821061501,,,,0.06137184115523464,0.06590353977961971
A07,238,2,Right_Hand,-0.14369513602014525,-0.28113862147850466,-0.2212050203033441,-0.32209671061363226,-0.5609266251219144,-0.6883166768720544,0.4172314891017691,0.4071780553935498,-0.010053433708219317,-0.4172314891017691,-0.4071780553935498,0.010053433708219317,0.06137184115523464,0.06590353977961971
A07,239,4,Tongue,0.21689771011788675,0.4224604386573018,-0.07307977668637447,-0.05276575024821354,-0.5637411223312013,-0.5218551044220998,0.780638832449088,0.9443155430794017,0.16367671063031364,,,,0.06137184115523464,0.06590353977961971
A07,240,2,Right_Hand,0.06743061680870394,-0.2544663534411918,-0.27372588224876077,-0.4632395578963767,0.2737586903478884,-0.0836052939843393,-0.20632807353918448,-0.17086105945685248,0.035467014082331993,0.20632807353918448,0.17086105945685248,-0.035467014082331993,0.06137184115523464,0.06590353977961971
A07,241,2,Right_Hand,-0.859683514694103,-0.87628125110064,-0.4599743505023145,-0.49621848616018893,-0.4334458430024858,-0.5522040972209922,-0.4262376716916172,-0.32407715387964786,0.10216051781196933,0.4262376716916172,0.32407715387964786,-0.10216051781196933,0.06137184115523464,0.06590353977961971
A07,242,1,Left_Hand,-0.7626906378499587,-0.8060781295713114,-0.6680085157330898,-0.7000981201599323,-0.4500394016801474,-0.5060695754297677,-0.31265123616981133,-0.3000085541415437,0.012642682028267627,-0.31265123616981133,-0.3000085541415437,0.012642682028267627,0.06137184115523464,0.06590353977961971
A07,243,2,Right_Hand,-0.283972731696982,-0.1724109660352875,-0.21878630459684362,-0.1894901827630901,-0.03126658057300612,-0.4741661817063521,-0.2527061511239759,0.3017552156710646,0.5544613667950404,0.2527061511239759,-0.3017552156710646,-0.5544613667950404,0.06137184115523464,0.06590353977961971
A07,244,4,Tongue,3.0022591642841623,2.172143588857215,0.3943566723628969,0.10865730088907859,0.03719141733137832,-0.37746786668304466,2.965067746952784,2.54961145554026,-0.41545629141252416,,,,0.06137184115523464,0.06590353977961971
A07,245,4,Tongue,0.3466177299100859,0.1955690083431951,-0.038741778130893655,-0.03174233035535871,0.003223308753355885,-0.0184977398391418,0.34339442115673,0.2140667481823369,-0.12932767297439313,,,,0.06137184115523464,0.06590353977961971
A07,246,2,Right_Hand,-0.2668643781481145,-0.3398269088413886,0.09120768041333384,-0.24250316114482656,-0.02194581015019736,-0.3738706836288826,-0.2449185679979171,0.034043774787493986,0.2789623427854111,0.2449185679979171,-0.034043774787493986,-0.2789623427854111,0.06137184115523464,0.06590353977961971
A07,247,2,Right_Hand,-0.7364348931740886,-0.7167923939042209,-0.6629538419383262,-0.5376017761914663,-0.6418520571105004,-0.43402969209935827,-0.0945828360635882,-0.2827627018048626,-0.18817986574127443,0.0945828360635882,0.2827627018048626,0.18817986574127443,0.06137184115523464,0.06590353977961971
A07,248,2,Right_Hand,-0.878604778427886,-0.9077261278706369,-0.9284611463755581,-0.9417237083077823,-0.8070837238280595,-0.8037501761584364,-0.0715210545998265,-0.10397595171220053,-0.03245489711237404,0.0715210545998265,0.10397595171220053,0.03245489711237404,0.06137184115523464,0.06590353977961971
A07,249,2,Right_Hand,-0.37605910183816493,-0.343823061889609,-0.6739439184835571,-0.6538854396963768,-0.7701725145739756,-0.6932669045421951,0.3941134127358107,0.3494438426525861,-0.044669570083224586,-0.3941134127358107,-0.3494438426525861,0.044669570083224586,0.06137184115523464,0.06590353977961971
A07,250,4,Tongue,-0.3360268947526234,-0.305044379269319,-0.6196302817475797,-0.5477851059516149,-0.41595907486607503,-0.39637793850384134,0.07993218011345166,0.09133355923452235,0.011401379121070698,,,,0.06137184115523464,0.06590353977961971
A07,251,4,Tongue,-0.552086816344029,-0.6335342757329347,-0.4198858277016161,-0.5862008618572373,0.01890264809699722,-0.25237115855419096,-0.5709894644410263,-0.3811631171787438,0.18982634726228248,,,,0.06137184115523464,0.06590353977961971
A07,252,3,Feet,-0.30220530546880414,-0.4886880323047776,-0.45010903956284076,-0.6874907955347895,-0.5324093608822259,-0.5865807992572419,0.23020405541342176,0.09789276695246435,-0.1323112884609574,,,,0.06137184115523464,0.06590353977961971
A07,253,4,Tongue,-0.7184575787349602,-0.7410957180422689,-0.7306110208749944,-0.734014624332339,-0.6898558021493735,-0.659736754861723,-0.028601776585586713,-0.08135896318054592,-0.052757186594959204,,,,0.06137184115523464,0.06590353977961971
A07,254,1,Left_Hand,-0.6993205923820413,-0.7382770796250885,-0.7665638923331013,-0.7692510698298144,-0.45605446542445593,-0.23418700890585847,-0.24326612695758532,-0.50409007071923,-0.26082394376164464,-0.24326612695758532,-0.50409007071923,-0.26082394376164464,0.06137184115523464,0.06590353977961971
A07,255,2,Right_Hand,-0.7410533014360634,-0.8113894807471617,-0.41960743791081273,-0.5554734872871548,-0.43305524369340564,-0.623670240575808,-0.30799805774265776,-0.18771924017135366,0.1202788175713041,0.30799805774265776,0.18771924017135366,-0.1202788175713041,0.06137184115523464,0.06590353977961971
A07,256,3,Feet,-0.49189402535738713,-0.4481957825439611,-0.8561877753883865,-0.8402628230955991,-0.6635791729392709,-0.6606265456497991,0.1716851475818838,0.21243076310583797,0.04074561552395417,,,,0.06137184115523464,0.06590353977961971
A07,257,2,Right_Hand,-0.4083015034992589,-0.4451512835810197,-0.397763236327217,-0.4065829811065941,-0.3251103547625139,-0.290922363708797,-0.08319114873674505,-0.1542289198722227,-0.07103777113547766,0.08319114873674505,0.1542289198722227,0.07103777113547766,0.06137184115523464,0.06590353977961971
A07,258,1,Left_Hand,-0.667494762887293,-0.5769170481163058,-0.23353611078336609,0.06089923809285509,-0.4976500718266132,-0.3282662397362457,-0.16984469106067984,-0.24865080838006015,-0.07880611731938031,-0.16984469106067984,-0.24865080838006015,-0.07880611731938031,0.06137184115523464,0.06590353977961971
A07,259,4,Tongue,-0.12274765730504125,-0.14439898062281936,0.6613183342670803,0.642569673027979,0.7657892432649499,0.6207369664296135,-0.8885369005699911,-0.7651359470524328,0.12340095351755831,,,,0.06137184115523464,0.06590353977961971
A07,260,1,Left_Hand,-0.8481094692558239,-0.8178707451175817,-0.49867025677713056,-0.4392650879588326,-0.45702561552182736,-0.5465579691580759,-0.3910838537339965,-0.27131277595950587,0.11977107777449064,-0.3910838537339965,-0.27131277595950587,0.11977107777449064,0.06137184115523464,0.06590353977961971
A07,261,4,Tongue,-0.6509412612332826,-0.6029123653817862,-0.1180014184486147,-0.25120825932643265,-0.05378901592937236,-0.4040883348202999,-0.5971522453039102,-0.1988240305614863,0.3983282147424239,,,,0.06137184115523464,0.06590353977961971
A07,262,1,Left_Hand,-0.005220579096873785,-0.40315318855246846,0.10382577276592075,-0.04917589271287022,0.21695533753921215,0.08872436628495928,-0.22217591663608593,-0.49187755483742773,-0.2697016382013418,-0.22217591663608593,-0.49187755483742773,-0.2697016382013418,0.06137184115523464,0.06590353977961971
A07,263,1,Left_Hand,0.2708528948081925,0.165618079784097,-0.2504940145604203,-0.2873690694917416,0.15784875098149956,0.28282299695548474,0.11300414382669297,-0.11720491717138773,-0.2302090609980807,0.11300414382669297,-0.11720491717138773,-0.2302090609980807,0.06137184115523464,0.06590353977961971
A07,264,1,Left_Hand,-0.5201085030313266,-0.544864108026757,-0.13920316704386876,-0.14811800758271762,-0.40037257088965017,-0.4985933252345383,-0.11973593214167644,-0.04627078279221869,0.07346514934945775,-0.11973593214167644,-0.04627078279221869,0.07346514934945775,0.06137184115523464,0.06590353977961971
A07,265,1,Left_Hand,-0.25773285924598965,-0.06011430342294981,0.4133442895374726,0.600504354652388,0.12400423629673553,0.0348250495345234,-0.38173709554272517,-0.09493935295747322,0.2867977425852519,-0.38173709554272517,-0.09493935295747322,0.2867977425852519,0.06137184115523464,0.06590353977961971
A07,266,3,Feet,-0.678363210631559,-0.6484453024739643,-0.781404334455524,-0.797989505157098,-0.1942691958529666,-0.3198357737302091,-0.48409401477859243,-0.32860952874375515,0.15548448603483728,,,,0.06137184115523464,0.06590353977961971
A07,267,3,Feet,0.24374385650368185,0.08731176354312166,-0.5999880917944994,-0.7033268857466689,-0.5214221926867295,-0.49402825698569885,0.7651660491904113,0.5813400205288205,-0.1838260286615908,,,,0.06137184115523464,0.06590353977961971
A07,268,4,Tongue,1.0049874151294182,1.2425690337796835,-0.07628713968827897,-0.08283260377174531,-0.34336092096202386,-0.26168114259730413,1.3483483360914421,1.5042501763769875,0.15590184028554543,,,,0.06137184115523464,0.06590353977961971
A07,269,2,Right_Hand,1.18193695255293,0.8481310417813571,0.8352199088102348,0.8125741095364619,1.0819154033604899,1.4367799552068834,0.1000215491924401,-0.5886489134255263,-0.6886704626179664,-0.1000215491924401,0.5886489134255263,0.6886704626179664,0.06137184115523464,0.06590353977961971
A07,270,3,Feet,-0.34118779617642775,-0.5933736142777614,-0.3968078843705765,-0.3694028077873731,-0.3785420697472349,-0.467717885646835,0.03735427357080717,-0.1256557286309264,-0.16301000220173356,,,,0.06137184115523464,0.06590353977961971
A07,271,3,Feet,-0.2865493092671238,-0.30055635027520616,-0.6034902268501929,-0.6533766485037509,-0.7424375615223611,-0.817344547242672,0.45588825225523727,0.5167881969674659,0.06089994471222865,,,,0.06137184115523464,0.06590353977961971
A07,272,3,Feet,-0.1314816907199392,0.04089592549014212,-0.16194803143594202,-0.1722030469443666,0.4140070651930739,0.6702358016224643,-0.545488755913013,-0.6293398761323222,-0.08385112021930918,,,,0.06137184115523464,0.06590353977961971
A07,273,4,Tongue,-0.401851559933245,-0.5554538274481073,-0.5065801025619806,-0.6057718088769389,-0.33196570921044255,-0.47197689764750517,-0.06988585072280246,-0.08347692980060217,-0.013591079077799717,,,,0.06137184115523464,0.06590353977961971
A07,274,3,Feet,0.4347038662116844,0.2807386704011859,-0.6519123067749474,-0.7424681412079269,0.0011983552304841727,-0.018760099206228703,0.4335055109812002,0.2994987696074146,-0.1340067413737856,,,,0.06137184115523464,0.06590353977961971
A07,275,1,Left_Hand,-0.46947050811195656,-0.5413981946177622,0.05464450778190019,0.32377321356987526,0.23258806996433604,0.2968754441537625,-0.7020585780762926,-0.8382736387715246,-0.13621506069523204,-0.7020585780762926,-0.8382736387715246,-0.13621506069523204,0.06137184115523464,0.06590353977961971
A07,276,3,Feet,-0.013818691096995279,0.04951569753996871,0.0014920829977194303,0.027064584790958236,0.49831526605603677,0.18668878145849838,-0.512133957153032,-0.13717308391852967,0.37496087323450233,,,,0.06137184115523464,0.06590353977961971
A08,0,1,Left_Hand,-0.04616144949878334,-0.11181023683387308,0.029601251138111958,-0.609020750466818,0.5576956922253931,-0.04881290899744312,-0.6038571417241764,-0.06299732783642994,0.5408598138877464,-0.6038571417241764,-0.06299732783642994,0.5408598138877464,0.0,-0.0021923887083538096
A08,1,2,Right_Hand,-0.212045454575834,-0.32757479667141964,0.016174343200281795,0.5642928950090595,-0.27408507247468705,-0.11510281616443277,0.06203961789885304,-0.21247198050698687,-0.27451159840583994,-0.06203961789885304,0.21247198050698687,0.27451159840583994,0.0,-0.0021923887083538096
A08,2,2,Right_Hand,-0.7001829269047852,-0.7123931572857306,-0.6589489383225173,-0.6942398305070681,-0.5948634129886733,-0.5104575379461812,-0.10531951391611194,-0.2019356193395494,-0.09661610542343746,0.10531951391611194,0.2019356193395494,0.09661610542343746,0.0,-0.0021923887083538096
A08,3,1,Left_Hand,-0.47632740050990174,-0.6341537842571002,-0.35704346388864305,-0.31910969169753006,-0.15382313725254157,-0.30958835601037604,-0.32250426325736015,-0.3245654282467242,-0.0020611649893640394,-0.32250426325736015,-0.3245654282467242,-0.0020611649893640394,0.0,-0.0021923887083538096
A08,4,2,Right_Hand,1.370509158175872,1.2160233660065145,0.03384780265519031,-0.40565598534025643,1.553821934512867,0.6115777306966479,-0.18331277633699505,0.6044456353098666,0.7877584116468617,0.18331277633699505,-0.6044456353098666,-0.7877584116468617,0.0,-0.0021923887083538096
A08,5,1,Left_Hand,-0.03280219954645433,-0.4947678324186901,-0.2584199393217911,-0.6160461025500333,-0.17133340611859085,-0.7416245933925723,0.13853120657213652,0.24685676097388215,0.10832555440174563,0.13853120657213652,0.24685676097388215,0.10832555440174563,0.0,-0.0021923887083538096
A08,6,2,Right_Hand,0.4747516218430003,-0.18472166912013283,0.09683293623427884,-0.5319230928231024,0.26761236126115084,-0.4471232620096361,0.20713926058184945,0.26240159288950327,0.055262332307653816,-0.20713926058184945,-0.26240159288950327,-0.055262332307653816,0.0,-0.0021923887083538096
A08,7,3,Feet,-0.4589472164390458,-0.41604618189469866,-0.5456383495063726,-0.44314778376905667,-0.8456306460532432,-0.897171556045263,0.38668342961419744,0.48112537415056433,0.0944419445363669,,,,0.0,-0.0021923887083538096
A08,8,2,Right_Hand,0.20980031103031546,1.2026537309254535,-0.2644640694706694,0.9719868224603764,-0.30100532983511946,0.04196978118920955,0.5108056408654349,1.160683949736244,0.6498783088708091,-0.5108056408654349,-1.160683949736244,-0.6498783088708091,0.0,-0.0021923887083538096
A08,9,1,Left_Hand,0.5764478966747165,-0.2686113807288464,0.9725560710000263,0.18060544282999466,1.5849284087544753,0.6746856268838161,-1.0084805120797586,-0.9432970076126624,0.0651835044670962,-1.0084805120797586,-0.9432970076126624,0.0651835044670962,0.0,-0.0021923887083538096
A08,10,3,Feet,-0.2918084718121721,0.28168803234132017,-0.3793885252599628,0.20103851932525174,-0.8029814380373151,-0.4314188141010472,0.511172966225143,0.7131068464423673,0.20193388021722436,,,,0.0,-0.0021923887083538096
A08,11,2,Right_Hand,-0.03922509298458275,-0.2097863609995551,-0.10432665776906555,-0.39661285138793595,-0.03196495191816685,-0.05183410116339335,-0.007260141066415898,-0.15795225983616176,-0.15069211876974586,0.007260141066415898,0.15795225983616176,0.15069211876974586,0.0,-0.0021923887083538096
A08,12,1,Left_Hand,-0.03755456656942464,-0.6092940928210353,0.39879223929760327,-0.5952618417609958,0.7606605726275029,-0.0799034429054257,-0.7982151391969275,-0.5293906499156096,0.26882448928131797,-0.7982151391969275,-0.5293906499156096,0.26882448928131797,0.0,-0.0021923887083538096
A08,13,4,Tongue,-0.4977059888493229,-0.7118886566807855,-0.7207825526615519,-0.9174203639860384,-0.6151886585527011,-0.7100852197252725,0.11748266970337823,-0.0018034369555129937,-0.11928610665889122,,,,0.0,-0.0021923887083538096
A08,14,4,Tongue,-0.5408429927753281,-0.24836400897378239,-0.4590308044227728,-0.35010570784816014,-0.3529616237414588,-0.19260310663776475,-0.18788136903386932,-0.05576090233601763,0.13212046669785169,,,,0.0,-0.0021923887083538096
A08,15,4,Tongue,-0.6665563064389959,-0.5984407741312785,-0.7486728797557264,-0.5787922876763218,-0.7106182371674652,-0.7642354954470538,0.04406193072846931,0.16579472131577533,0.12173279058730602,,,,0.0,-0.0021923887083538096
A08,16,4,Tongue,-0.2135286734923236,-0.366537233732595,-0.24155177284093154,-0.5140476961238045,0.15109262653039918,-0.09221103462910508,-0.36462130002272275,-0.27432619910348993,0.09029510091923282,,,,0.0,-0.0021923887083538096
A08,17,4,Tongue,-0.6580915755796274,-0.7703439003851486,-0.598216368991798,-0.48225848090928053,-0.6779990951700183,-0.7039383781023526,0.019907519590390943,-0.06640552228279595,-0.08631304187318689,,,,0.0,-0.0021923887083538096
A08,18,3,Feet,-0.22271162129249647,-0.7074941724684097,-0.30694875105837016,-0.6902005624453889,-0.2940126824141036,-0.7912597831833916,0.07130106112160714,0.0837656107149819,0.012464549593374757,,,,0.0,-0.0021923887083538096
A08,19,2,Right_Hand,-0.30128442417053086,-0.42840217128174213,-0.40604540371137715,-0.17627016581120575,0.03206768448800573,0.5274433762704108,-0.3333521086585366,-0.955845547552153,-0.6224934388936164,0.3333521086585366,0.955845547552153,0.6224934388936164,0.0,-0.0021923887083538096
A08,20,1,Left_Hand,-0.7813785104024458,-0.6775872765569102,-0.6189313496934028,-0.29119290950790616,-0.7413975427518802,-0.6685735272172982,-0.03998096765056558,-0.009013749339611965,0.030967218310953615,-0.03998096765056558,-0.009013749339611965,0.030967218310953615,0.0,-0.0021923887083538096
A08,21,1,Left_Hand,0.008993705030075782,0.09293050524678485,-0.4031898243004455,-0.46371560493568553,-0.45556371641815,-0.29508879523146364,0.4645574214482258,0.3880193004782485,-0.07653812096997731,0.4645574214482258,0.3880193004782485,-0.07653812096997731,0.0,-0.0021923887083538096
A08,22,3,Feet,0.15978456115267106,0.06728617713477768,-0.17666346430366234,-0.340807632290995,0.831233592785632,0.013256881408448707,-0.671449031632961,0.054029295726328974,0.72547832735929,,,,0.0,-0.0021923887083538096
A08,23,4,Tongue,-0.16698415897697788,-0.20501192230450438,-0.32521364574761474,-0.44506574496593304,-0.5360799877886153,-0.6201683188049609,0.36909582881163744,0.41515639650045655,0.04606056768881911,,,,0.0,-0.0021923887083538096
A08,24,1,Left_Hand,0.5685301056922437,0.6565712863465298,0.1644761890002659,0.8027238948186618,0.05170148247907423,0.12005501431963699,0.5168286232131695,0.5365162720268929,0.019687648813723424,0.5168286232131695,0.5365162720268929,0.019687648813723424,0.0,-0.0021923887083538096
A08,25,3,Feet,-0.5897725276431207,-0.5659555838350501,-0.514824889449634,-0.43682420149992823,-0.5298979180299199,-0.6547800609127382,-0.05987460961320079,0.08882447707768815,0.14869908669088894,,,,0.0,-0.0021923887083538096
A08,26,3,Feet,0.1674393831035277,-0.07200668223706311,-0.32800538938647694,-0.46201945452592086,0.13978818563539921,-0.19825782450609164,0.027651197468128497,0.12625114226902853,0.09859994480090004,,,,0.0,-0.0021923887083538096
A08,27,1,Left_Hand,-0.7354032870313383,-0.5824088512732092,-0.5632630004348744,-0.4820147196018988,-0.4178376842100505,-0.5806057302141269,-0.31756560282128776,-0.0018031210590823132,0.31576248176220545,-0.31756560282128776,-0.0018031210590823132,0.31576248176220545,0.0,-0.0021923887083538096
A08,28,2,Right_Hand,0.09469030175433839,-0.40322734703646235,0.26189051200303776,-0.05938040316775699,0.08782519326970335,-0.08333131281091267,0.006865108484635035,-0.3198960342255497,-0.32676114271018475,-0.006865108484635035,0.3198960342255497,0.32676114271018475,0.0,-0.0021923887083538096
A08,29,1,Left_Hand,-0.2693846060766559,-0.34561682729546617,-0.3527301584627995,-0.5421063212073147,-0.5443732951392803,-0.6707897085380593,0.27498868906262447,0.32517288124259314,0.05018419217996867,0.27498868906262447,0.32517288124259314,0.05018419217996867,0.0,-0.0021923887083538096
A08,30,2,Right_Hand,0.5175584066646035,-0.07511660143368375,0.0495285706164086,-0.5224850766239525,0.7556242154732867,-0.09413997123820407,-0.23806580880868322,0.019023369804520324,0.2570891786132036,0.23806580880868322,-0.019023369804520324,-0.2570891786132036,0.0,-0.0021923887083538096
A08,31,2,Right_Hand,0.3709030557385611,0.6658216646344493,0.38303009225717505,0.938851810865406,-0.17570356634607504,-0.29127875533092634,0.5466066220846362,0.9571004199653756,0.4104937978807395,-0.5466066220846362,-0.9571004199653756,-0.4104937978807395,0.0,-0.0021923887083538096
A08,32,1,Left_Hand,0.6735405488067864,-0.05327934755706565,0.6539759821783331,0.37469503243038454,0.04369641327241121,-0.3984355905508244,0.6298441355343751,0.34515624299375874,-0.2846878925406164,0.6298441355343751,0.34515624299375874,-0.2846878925406164,0.0,-0.0021923887083538096
A08,33,2,Right_Hand,-0.5994519327042159,-0.6723208258804347,-0.5413126097372213,-0.8022531790710465,-0.38941054869020075,-0.6247808555490301,-0.21004138401401518,-0.04753997033140467,0.1625014136826105,0.21004138401401518,0.04753997033140467,-0.1625014136826105,0.0,-0.0021923887083538096
A08,34,3,Feet,-0.1527888540124661,-0.47347564668270303,-0.1281587688146775,-0.45681158592113685,-0.15309878395419085,-0.4865291052487839,0.0003099299417247403,0.013053458566080867,0.012743528624356126,,,,0.0,-0.0021923887083538096
A08,35,2,Right_Hand,0.04602713228920411,0.16913460321390344,-0.18948588532585087,-0.12744021012910703,-0.15741754826902618,-0.1944771857376742,0.20344468055823028,0.36361178895157764,0.16016710839334736,-0.20344468055823028,-0.36361178895157764,-0.16016710839334736,0.0,-0.0021923887083538096
A08,36,3,Feet,0.025907961583502448,0.8882429930291078,-0.15816914518692912,0.19609911568620333,-0.15134175716160717,0.9219860406307059,0.1772497187451096,-0.033743047601598075,-0.2109927663467077,,,,0.0,-0.0021923887083538096
A08,37,3,Feet,-0.1752966675637818,-0.5693989643036536,0.10728694375418457,-0.4343535886442985,0.9331686159894235,0.2725507971606905,-1.1084652835532052,-0.8419497614643441,0.2665155220888611,,,,0.0,-0.0021923887083538096
A08,38,4,Tongue,-0.19731046527002347,0.05466197656337062,0.7208280306259346,0.5173599583966866,1.5060926202496954,0.3106397982110199,-1.7034030855197189,-0.25597782164764926,1.4474252638720695,,,,0.0,-0.0021923887083538096
A08,39,3,Feet,-0.6244753501642453,-0.6879089435144938,-0.396401361067336,-0.12399351549432994,-0.3099294324842002,-0.11678595780648181,-0.3145459176800451,-0.571122985708012,-0.2565770680279669,,,,0.0,-0.0021923887083538096
A08,40,3,Feet,0.7201068625615005,0.4136013601538072,0.9690058195862152,0.7410764951601669,1.185311200459798,0.8453614731570425,-0.4652043378982976,-0.43176011300323525,0.03344422489506238,,,,0.0,-0.0021923887083538096
A08,41,4,Tongue,-0.40941813412917005,-0.437666711111468,-0.11467719655784625,-0.053775948856579346,-0.5091966153359392,-0.5424324787768108,0.09977848120676913,0.10476576766534279,0.004987286458573659,,,,0.0,-0.0021923887083538096
A08,42,4,Tongue,-0.5147375269701077,-0.2319752286315479,-0.39752189387478704,0.2259980143007413,-0.27132386771025596,0.15739974121625022,-0.2434136592598517,-0.3893749698477981,-0.14596131058794642,,,,0.0,-0.0021923887083538096
A08,43,4,Tongue,-0.22878418812479226,0.22345623269229054,0.06427689338030297,-0.23012070505353371,-0.2770118488078953,-0.26458069722789856,0.04822766068310305,0.4880369299201891,0.4398092692370861,,,,0.0,-0.0021923887083538096
A08,44,4,Tongue,0.13487702655100556,0.6851413133126807,0.5759363021524537,1.5454505104769227,0.23653158993138823,0.99454832413919,-0.10165456338038267,-0.30940701082650934,-0.20775244744612667,,,,0.0,-0.0021923887083538096
A08,45,4,Tongue,0.46840753614435715,0.23244368877116534,0.46280658792271756,0.32295030128461166,0.6880154816147185,0.7816696296099466,-0.21960794547036133,-0.5492259408387812,-0.32961799536841985,,,,0.0,-0.0021923887083538096
A08,46,3,Feet,3.0763090227785734,1.0043379943263169,3.7388426348765407,0.8200441578550564,1.864277337610663,0.07153333657313285,1.2120316851679105,0.932804657753184,-0.2792270274147265,,,,0.0,-0.0021923887083538096
A08,47,2,Right_Hand,0.7571453762276916,0.008241419795571496,0.49604363345304925,-0.5765126107256092,0.9543014128474488,-0.11532899699938304,-0.19715603661975722,0.12357041679495454,0.32072645341471173,0.19715603661975722,-0.12357041679495454,-0.32072645341471173,0.0,-0.0021923887083538096
A08,48,1,Left_Hand,0.32382825746243393,0.38512743515962167,0.06570388998657596,-0.06467769521500778,-0.12414119101383046,-0.3018702170242944,0.4479694484762644,0.6869976521839161,0.23902820370765165,0.4479694484762644,0.6869976521839161,0.23902820370765165,0.0,-0.0021923887083538096
A08,49,1,Left_Hand,-0.7769069810204855,-0.4567591168047229,-0.7604212290451676,-0.5887743186732134,-0.7114264541236055,-0.49310004979225003,-0.06548052689688,0.03634093298752711,0.1018214598844071,-0.06548052689688,0.03634093298752711,0.1018214598844071,0.0,-0.0021923887083538096
A08,50,2,Right_Hand,-0.2275690852556833,-0.14103047309020983,-0.06272013241739484,0.029929981651771496,0.07877756535677274,-0.0877677861781618,-0.30634665061245603,-0.053262686912048024,0.253083963700408,0.30634665061245603,0.053262686912048024,-0.253083963700408,0.0,-0.0021923887083538096
A08,51,3,Feet,0.044912667516531446,-0.043849738543559266,-0.09279286752005275,-0.043593006238768446,-0.0985248219645287,0.40544094355858734,0.14343748948106017,-0.4492906821021466,-0.5927281715832068,,,,0.0,-0.0021923887083538096
A08,52,4,Tongue,0.8116029516307814,0.8891428830251457,0.25569424469893864,-0.07366164394156349,0.38970756486999897,0.6284753505792582,0.4218953867607825,0.2606675324458875,-0.161227854314895,,,,0.0,-0.0021923887083538096
A08,53,2,Right_Hand,0.5026957603183613,0.20660223627558177,0.4036930123784225,0.7318130623268108,-0.18339613254328166,-0.42503361781978566,0.686091892861643,0.6316358540953675,-0.05445603876627547,-0.686091892861643,-0.6316358540953675,0.05445603876627547,0.0,-0.0021923887083538096
A08,54,3,Feet,-0.49850636270719406,-0.2793049129385943,-0.6868444542738946,-0.6155718627006161,-0.5224201934262617,-0.13992011825861697,0.023913830719067608,-0.1393847946799773,-0.1632986253990449,,,,0.0,-0.0021923887083538096
A08,55,1,Left_Hand,0.9427140502682037,0.9350970148133508,1.181679513886983,0.21700122930825824,0.5878002869838609,0.20180599930455523,0.35491376328434276,0.7332910155087956,0.37837725222445284,0.35491376328434276,0.7332910155087956,0.37837725222445284,0.0,-0.0021923887083538096
A08,56,1,Left_Hand,0.9156056749018326,0.44493939936455185,0.5539986779752697,0.11495543795512643,0.46593363853566294,-0.49251646144805283,0.4496720363661697,0.9374558608126047,0.487783824446435,0.4496720363661697,0.9374558608126047,0.487783824446435,0.0,-0.0021923887083538096
A08,57,1,Left_Hand,-0.21021961172802497,-0.10383733339391067,-0.06915299306097684,-0.22006764787590985,-0.43828520890624556,-0.5211980081983837,0.22806559717822059,0.41736067480447303,0.18929507762625244,0.22806559717822059,0.41736067480447303,0.18929507762625244,0.0,-0.0021923887083538096
A08,58,4,Tongue,0.07520092328803044,-0.4890577992951602,0.07257581605205916,-0.5210415361429733,0.06282825833326705,0.008686093509512618,0.012372664954763385,-0.4977438928046728,-0.5101165577594362,,,,0.0,-0.0021923887083538096
A08,59,2,Right_Hand,-0.6786496374958988,-0.5537999949817665,-0.6376452676065744,-0.24016466886429827,-0.5980659764062958,-0.3974286251523374,-0.08058366108960302,-0.15637136982942906,-0.07578770873982604,0.08058366108960302,0.15637136982942906,0.07578770873982604,0.0,-0.0021923887083538096
A08,60,2,Right_Hand,-0.051375685383568126,-0.46027949603086576,0.1955576346031451,-0.42251160987074937,1.421165569341764,1.5918990498541037,-1.472541254725332,-2.0521785458849693,-0.5796372911596372,1.472541254725332,2.0521785458849693,0.5796372911596372,0.0,-0.0021923887083538096
A08,61,1,Left_Hand,0.4899347942329878,-0.32037242614350886,1.8763163420842408,0.16288937854784943,1.9898779111175553,0.7372667438498027,-1.4999431168845674,-1.0576391699933116,0.44230394689125574,-1.4999431168845674,-1.0576391699933116,0.44230394689125574,0.0,-0.0021923887083538096
A08,62,1,Left_Hand,0.21094694658550095,-0.5531643928673967,0.6079096248337346,-0.5114726699457626,0.9957825343822132,-0.36585014364550367,-0.7848355877967123,-0.18731424922189305,0.5975213385748193,-0.7848355877967123,-0.18731424922189305,0.5975213385748193,0.0,-0.0021923887083538096
A08,63,1,Left_Hand,0.967354143532282,0.6195393666903708,0.9112660423623951,0.4116444140210488,0.5537648253525105,0.046853120968560556,0.4135893181797715,0.5726862457218103,0.15909692754203875,0.4135893181797715,0.5726862457218103,0.15909692754203875,0.0,-0.0021923887083538096
A08,64,2,Right_Hand,0.3001260195193627,-0.07996526795700029,0.1217018144079961,-0.3496905894692706,0.24419185780375333,0.21777620563356698,0.05593416171560936,-0.29774147359056724,-0.35367563530617663,-0.05593416171560936,0.29774147359056724,0.35367563530617663,0.0,-0.0021923887083538096
A08,65,4,Tongue,-0.20142961030171946,0.1723201448235843,0.28466717077601905,0.9145239900452794,-0.07930021607292884,0.3341796985583151,-0.12212939422879063,-0.1618595537347308,-0.039730159505940166,,,,0.0,-0.0021923887083538096
A08,66,4,Tongue,0.7764592071472428,1.326898150183399,0.4759524015926199,0.9730346991098457,0.17611760195054377,-0.04543349253275921,0.600341605196699,1.3723316427161583,0.7719900375194593,,,,0.0,-0.0021923887083538096
A08,67,3,Feet,0.06099024139847144,-0.23531511721937648,-0.07499422780608163,-0.43390538642213194,0.498730333559172,0.1454483187899181,-0.4377400921607006,-0.3807634360092946,0.05697665615140601,,,,0.0,-0.0021923887083538096
A08,68,1,Left_Hand,-0.09254584480443791,-0.20132763205581725,-0.09544191300995325,-0.13730827583870525,-0.06137547841014959,-0.06475118645685553,-0.031170366394288315,-0.1365764455989617,-0.10540607920467339,-0.031170366394288315,-0.1365764455989617,-0.10540607920467339,0.0,-0.0021923887083538096
A08,69,4,Tongue,0.9816635586292815,2.050009169748345,1.1586166766210637,3.2830923109650807,0.10455482206651827,0.7011185171614077,0.8771087365627632,1.3488906525869373,0.4717819160241741,,,,0.0,-0.0021923887083538096
A08,70,4,Tongue,-0.45120188537710965,-0.5003668106880187,-0.3058953783043383,-0.07217671048926733,-0.3794263025751488,-0.4548287299657422,-0.07177558280196084,-0.0455380807222765,0.02623750207968434,,,,0.0,-0.0021923887083538096
A08,71,2,Right_Hand,-0.667404288758328,-0.7504593922098226,-0.5491242080825658,-0.590576259853039,-0.3078678262647873,-0.2549865646569318,-0.3595364624935407,-0.4954728275528908,-0.13593636505935008,0.3595364624935407,0.4954728275528908,0.13593636505935008,0.0,-0.0021923887083538096
A08,72,4,Tongue,0.07299800239461016,0.7070234624825421,-0.10764059247448299,0.14909409963416476,-0.44911618240526563,-0.3145630544948444,0.5221141847998758,1.0215865169773866,0.49947233217751075,,,,0.0,-0.0021923887083538096
A08,73,4,Tongue,-0.19027912361578922,-0.2558823067154415,0.1433711837135498,0.44896846987692957,0.0764676182296817,0.06614191387462875,-0.2667467418454709,-0.32202422059007024,-0.05527747874459932,,,,0.0,-0.0021923887083538096
A08,74,2,Right_Hand,-0.05442253811559144,-0.5107047194256847,0.21215240445044897,-0.034371799869706954,0.105343420747411,0.5510916744055337,-0.15976595886300243,-1.0617963938312185,-0.902030434968216,0.15976595886300243,1.0617963938312185,0.902030434968216,0.0,-0.0021923887083538096
A08,75,1,Left_Hand,-0.17959430171436963,-0.3211149089683092,-0.3292714529154943,-0.21461648216068582,-0.2115481035771586,-0.05375336676461578,0.03195380186278898,-0.2673615422036934,-0.2993153440664824,0.03195380186278898,-0.2673615422036934,-0.2993153440664824,0.0,-0.0021923887083538096
A08,76,2,Right_Hand,0.0546309548226532,-0.09256963992552,-0.3237081552654242,-0.4789422473424234,-0.19493055199053805,-0.3350691534542891,0.24956150681319125,0.2424995135287691,-0.007061993284422141,-0.24956150681319125,-0.2424995135287691,0.007061993284422141,0.0,-0.0021923887083538096
A08,77,3,Feet,-0.4040559019867343,-0.45529700693599456,-0.4882114997725203,-0.46923492798919386,-0.6944577517620407,-0.6638173765467219,0.2904018497753064,0.20852036961072734,-0.08188148016457908,,,,0.0,-0.0021923887083538096
A08,78,3,Feet,0.9151396381340513,0.5738444222767909,0.5138660170072413,-0.23448518502371252,0.16222969361244352,-0.37051600551425784,0.7529099445216078,0.9443604277910487,0.19145048326944092,,,,0.0,-0.0021923887083538096
A08,79,3,Feet,-0.3005770842573238,0.15473828750001178,-0.48967501697436605,-0.5876647156907591,-0.7436514429252281,-0.5404189698793204,0.4430743586679043,0.6951572573793321,0.2520828987114278,,,,0.0,-0.0021923887083538096
A08,80,4,Tongue,-0.7173916041384252,-0.5073236068963992,-0.7635375653373225,-0.5905901115019588,-0.7008764219939395,-0.5511936477635924,-0.016515182144485663,0.04387004086719315,0.06038522301167881,,,,0.0,-0.0021923887083538096
A08,81,3,Feet,1.071328051159324,-0.004103252622943563,0.9560595968886245,-0.31763037623781776,1.1004292241606668,0.27596670713320737,-0.02910117300134285,-0.28006995975615095,-0.2509687867548081,,,,0.0,-0.0021923887083538096
A08,82,1,Left_Hand,-0.44251955833400464,-0.5371854404430461,0.12440952932413676,0.08052736709974259,0.09649540743371927,0.47534483552824414,-0.5390149657677239,-1.0125302759712902,-0.4735153102035663,-0.5390149657677239,-1.0125302759712902,-0.4735153102035663,0.0,-0.0021923887083538096
A08,83,4,Tongue,-0.2481843409322234,-0.03883785030265477,-0.47987654414296455,-0.3531187674925807,-0.10931112270215829,-0.5450012834147407,-0.13887321823006513,0.506163433112086,0.6450366513421512,,,,0.0,-0.0021923887083538096
A08,84,2,Right_Hand,-0.3237958164897206,-0.6834533211385135,-0.07149578722529491,-0.4827227263590278,-0.12238803408685749,-0.2576648022573261,-0.2014077824028631,-0.42578851888118746,-0.22438073647832435,0.2014077824028631,0.42578851888118746,0.22438073647832435,0.0,-0.0021923887083538096
A08,85,3,Feet,0.791972976406183,1.168932885911428,0.48579036551413296,1.690479447406728,0.08595986254551234,0.16478946227888555,0.7060131138606707,1.0041434236325426,0.29813030977187194,,,,0.0,-0.0021923887083538096
A08,86,3,Feet,0.18717326141268373,0.1534098885749284,0.0025731667560981173,0.29302570491521607,-0.09110029262686442,-0.08138006566866698,0.2782735540395481,0.2347899542435954,-0.04348359979595273,,,,0.0,-0.0021923887083538096
A08,87,2,Right_Hand,-0.539463539833948,-0.5917840779704586,-0.3444174753472958,-0.22482836772581563,-0.06819411345492049,0.3707028567626626,-0.4712694263790275,-0.9624869347331213,-0.4912175083540938,0.4712694263790275,0.9624869347331213,0.4912175083540938,0.0,-0.0021923887083538096
A08,88,3,Feet,0.20512513653983033,0.026184186116039048,0.322342885840205,0.14612821679395746,0.2313481456398487,-0.058196556007937064,-0.026223009100018374,0.08438074212397612,0.11060375122399449,,,,0.0,-0.0021923887083538096
A08,89,1,Left_Hand,-0.32265717082621304,-0.4413259060979429,-0.27427836393534527,-0.4438877442024223,-0.21800978474851535,-0.44135929428211135,-0.10464738607769769,3.3388184168425816e-05,0.10468077426186612,-0.10464738607769769,3.3388184168425816e-05,0.10468077426186612,0.0,-0.0021923887083538096
A08,90,1,Left_Hand,0.4795567970273239,-0.07534545852262918,-0.3255781450343725,-0.706562352714283,-0.2821741669866014,-0.5862573686476865,0.7617309640139254,0.5109119101250573,-0.25081905388886805,0.7617309640139254,0.5109119101250573,-0.25081905388886805,0.0,-0.0021923887083538096
A08,91,1,Left_Hand,-0.1388415313692603,-0.07755295820965206,-0.07263531994857512,0.06811753236337473,-0.05575816595369992,0.1199095197641564,-0.08308336541556038,-0.19746247797380845,-0.11437911255824806,-0.08308336541556038,-0.19746247797380845,-0.11437911255824806,0.0,-0.0021923887083538096
A08,92,4,Tongue,-0.3871442903610753,-0.3883429136631578,-0.45744251122739377,0.20053079203454963,0.26027440277079006,0.6469052304643164,-0.6474186931318653,-1.0352481441274741,-0.38782945099560884,,,,0.0,-0.0021923887083538096
A08,93,2,Right_Hand,-0.5812829863662207,-0.6754001134439518,-0.5182490893608962,-0.6220942562437297,-0.1246168704731068,0.49087317208255743,-0.4566661158931139,-1.1662732855265092,-0.7096071696333953,0.4566661158931139,1.1662732855265092,0.7096071696333953,0.0,-0.0021923887083538096
A08,94,1,Left_Hand,-0.5083751213193782,-0.659245135029562,-0.6560584458295489,-0.835831765707279,-0.189702100128986,-0.20000980071700758,-0.3186730211903922,-0.45923533431255437,-0.14056231312216216,-0.3186730211903922,-0.45923533431255437,-0.14056231312216216,0.0,-0.0021923887083538096
A08,95,3,Feet,0.22057671835117743,0.055669005048123305,0.465856496059771,0.24941700448864637,-0.17089665788064487,-0.4687592706403618,0.3914733762318223,0.5244282756884852,0.13295489945666283,,,,0.0,-0.0021923887083538096
A08,96,1,Left_Hand,0.4670622989842671,0.42985427140885624,0.7438461835907147,0.6408091416124696,0.8360515705307219,0.7562405122763859,-0.3689892715464548,-0.32638624086752965,0.042603030678925125,-0.3689892715464548,-0.32638624086752965,0.042603030678925125,0.0,-0.0021923887083538096
A08,97,3,Feet,0.18566031323132495,0.04163551541401378,-0.2666542236555846,-0.12632945352954963,-0.611006949860302,-0.42087378981842666,0.7966672630916269,0.46250930523244044,-0.3341579578591865,,,,0.0,-0.0021923887083538096
A08,98,2,Right_Hand,0.32344194967112927,0.5593169158232733,0.15370508430283886,0.3473038089976735,-0.060814502924807196,-0.15451524243696876,0.38425645259593644,0.713832158260242,0.3295757056643056,-0.38425645259593644,-0.713832158260242,-0.3295757056643056,0.0,-0.0021923887083538096
A08,99,4,Tongue,-0.25059899685639775,-0.6406551670549097,-0.2638807970754432,-0.7952333880013872,-0.32533343180471813,-0.7700035686795973,0.07473443494832038,0.12934840162468764,0.054613966676367254,,,,0.0,-0.0021923887083538096
A08,100,1,Left_Hand,-0.40727243557610454,0.06472956147735587,-0.6232724043119321,-0.5716354403688781,-0.41543063288509136,-0.2419562599141188,0.008158197308986814,0.30668582139147466,0.29852762408248784,0.008158197308986814,0.30668582139147466,0.29852762408248784,0.0,-0.0021923887083538096
A08,101,3,Feet,-0.5119257059156027,-0.7545732694460314,0.28524131148412074,-0.28237646250826703,-0.1291907042151273,-0.4185658234185505,-0.3827350017004754,-0.33600744602748095,0.04672755567299447,,,,0.0,-0.0021923887083538096
A08,102,3,Feet,-0.4465648788718598,-0.3805810564417086,-0.28573124571422676,-0.2282533933435525,-0.08852955453176811,0.016600596455465844,-0.35803532434009167,-0.39718165289717444,-0.03914632855708278,,,,0.0,-0.0021923887083538096
A08,103,1,Left_Hand,-0.1366010249487713,-0.6260769627990703,-0.14929573293333767,-0.6636309748993705,-0.1603216485728206,-0.7045092336271566,0.02372062362404931,0.07843227082808624,0.05471164720403693,0.02372062362404931,0.07843227082808624,0.05471164720403693,0.0,-0.0021923887083538096
A08,104,3,Feet,-0.2851193774897021,-0.035490976214894256,-0.7186940695754629,-0.6529037127871704,-0.6755385792144428,-0.5495722994968556,0.3904192017247407,0.5140813232819613,0.12366212155722062,,,,0.0,-0.0021923887083538096
A08,105,2,Right_Hand,0.9587213885794121,0.8921179930981779,0.9960409193982029,0.6753667492504243,1.6716779902058823,1.6905904966507952,-0.7129566016264701,-0.7984725035526173,-0.08551590192614722,0.7129566016264701,0.7984725035526173,0.08551590192614722,0.0,-0.0021923887083538096
A08,106,4,Tongue,0.16766898731684488,-0.08668767092917995,0.4023245962302113,0.16488297173850128,0.0851508678406193,-0.6561225693345301,0.08251811947622557,0.5694348984053501,0.48691677892912455,,,,0.0,-0.0021923887083538096
A08,107,4,Tongue,1.8629827407415556,1.8512826492979237,2.305370251429135,2.764618259667515,-0.19850713642140358,-0.6328156518918503,2.061489877162959,2.484098301189774,0.42260842402681487,,,,0.0,-0.0021923887083538096
A08,108,4,Tongue,-0.16493365034673121,-0.05584983197773694,-0.23120491425738707,-0.026372300873000274,-0.1688848052386632,0.25744499363247636,0.003951154891931985,-0.3132948256102133,-0.3172459805021453,,,,0.0,-0.0021923887083538096
A08,109,3,Feet,-0.28877752936877776,-0.4572062546456449,-0.2718078352250137,-0.5693027525257853,0.04781711990552824,0.00018035337942281227,-0.336594649274306,-0.4573866080250677,-0.12079195875076171,,,,0.0,-0.0021923887083538096
A08,110,1,Left_Hand,1.1070301798868754,0.23152839587782728,1.7609231468199962,0.08637197753951292,1.5826940766591346,0.381122157150177,-0.4756638967722593,-0.14959376127234972,0.3260701354999096,-0.4756638967722593,-0.14959376127234972,0.3260701354999096,0.0,-0.0021923887083538096
A08,111,4,Tongue,-0.07263024527327483,0.250605668841101,-0.47962042876101374,-0.5824544420599918,-0.2508522679657747,-0.0890180933156141,0.17822202269249987,0.33962376215671514,0.16140173946421527,,,,0.0,-0.0021923887083538096
A08,112,2,Right_Hand,0.45229945409612543,0.4330418912553342,0.614953556087591,0.3683495686760995,0.4149655131873288,0.21003745283597897,0.0373339409087966,0.22300443841935524,0.18567049751055864,-0.0373339409087966,-0.22300443841935524,-0.18567049751055864,0.0,-0.0021923887083538096
A08,113,2,Right_Hand,-0.2366085259234218,-0.4878682922482824,-0.02045516714861544,-0.07443280370050043,0.20635002850122186,-0.08061702206222215,-0.44295855442464366,-0.4072512701860602,0.03570728423858344,0.44295855442464366,0.4072512701860602,-0.03570728423858344,0.0,-0.0021923887083538096
A08,114,1,Left_Hand,-0.5106842671964267,-0.6795830336573907,-0.6156116818221847,-0.7328882846453351,-0.513092516601296,-0.46234754044307397,0.002408249404869278,-0.21723549321431673,-0.219643742619186,0.002408249404869278,-0.21723549321431673,-0.219643742619186,0.0,-0.0021923887083538096
A08,115,3,Feet,0.11087350736602308,1.0406023620945282,-0.17582638161840744,0.14854288696259438,-0.4351396585247251,-0.4795920241765111,0.5460131658907481,1.5201943862710392,0.9741812203802911,,,,0.0,-0.0021923887083538096
A08,116,2,Right_Hand,-0.28284957604581906,-0.279914273302538,-0.3579035615555462,-0.056566844561782896,-0.5658606859168034,-0.46469932411317194,0.2830111098709843,0.18478505081063396,-0.09822605906035037,-0.2830111098709843,-0.18478505081063396,0.09822605906035037,0.0,-0.0021923887083538096
A08,117,1,Left_Hand,0.9385513651756916,0.4292225747846335,0.3298985617580955,0.2545404415890763,0.27280089637074517,-0.09472344296946508,0.6657504688049465,0.5239460177540985,-0.14180445105084794,0.6657504688049465,0.5239460177540985,-0.14180445105084794,0.0,-0.0021923887083538096
A08,118,3,Feet,-0.044448247035539026,-0.12853550614231232,-0.21932205701645227,-0.3677999041334794,0.5188508554652257,0.3877610045131389,-0.5632991025007648,-0.5162965106554512,0.047002591845313524,,,,0.0,-0.0021923887083538096
A08,119,3,Feet,1.0121473599890904,1.1271399821956671,1.4661030848012306,1.9640775764563683,1.6036443668668627,2.244201563871506,-0.5914970068777723,-1.1170615816758387,-0.5255645747980664,,,,0.0,-0.0021923887083538096
A08,120,1,Left_Hand,0.12134592770094794,-0.05721650821257942,0.32537509214082383,-0.2205121133621015,0.3069913636158359,0.15562234548085943,-0.18564543591488797,-0.21283885369343886,-0.027193417778550888,-0.18564543591488797,-0.21283885369343886,-0.027193417778550888,0.0,-0.0021923887083538096
A08,121,3,Feet,-0.21953952713692984,-0.1493854965591788,0.38709905920407905,0.5085286106256457,0.7853910928788649,-0.24219499524788737,-1.0049306200157948,0.09280949868870858,1.0977401187045035,,,,0.0,-0.0021923887083538096
A08,122,4,Tongue,0.025901135801906932,0.08630307253297563,0.00028118094129749434,-0.11886582353112529,0.002820992290534379,-0.05586948314636793,0.023080143511372553,0.14217255567934356,0.119092412167971,,,,0.0,-0.0021923887083538096
A08,123,4,Tongue,-0.38437597968069814,-0.6210568108228375,-0.47910190043269174,-0.8222725314479965,-0.4067553853873879,-0.630116365509371,0.02237940570668978,0.009059554686533522,-0.01331985102015626,,,,0.0,-0.0021923887083538096
A08,124,2,Right_Hand,-0.3920435013584035,0.10300958084343574,-0.42323115791565324,0.2301410378804279,-0.40593825155375174,0.050411703520712864,0.013894750195348249,0.05259787732272288,0.03870312712737463,-0.013894750195348249,-0.05259787732272288,-0.03870312712737463,0.0,-0.0021923887083538096
A08,125,1,Left_Hand,-0.2672918781359744,0.3065092245043831,-0.5777637412594796,-0.04779809645466248,-0.6661760431338646,-0.49852377608716114,0.3988841649978902,0.8050330005915443,0.40614883559365406,0.3988841649978902,0.8050330005915443,0.40614883559365406,0.0,-0.0021923887083538096
A08,126,2,Right_Hand,-0.5532775264412737,-0.5111174428964894,-0.12873412904690343,0.25937995905658495,0.22156344017365276,0.4413542335025087,-0.7748409666149265,-0.9524716763989981,-0.17763070978407158,0.7748409666149265,0.9524716763989981,0.17763070978407158,0.0,-0.0021923887083538096
A08,127,4,Tongue,-0.3516767018870709,-0.6588047647920909,-0.07468871637053211,-0.5850101180658586,0.15420188222259615,-0.33259443540305295,-0.505878584109667,-0.326210329389038,0.17966825472062903,,,,0.0,-0.0021923887083538096
A08,128,2,Right_Hand,-0.17757090237007508,-0.060445288026529105,-0.6461170706702638,-0.48101221951169143,-0.6956009341062874,-0.5317418323015907,0.5180300317362123,0.47129654427506157,-0.04673348746115075,-0.5180300317362123,-0.47129654427506157,0.04673348746115075,0.0,-0.0021923887083538096
A08,129,4,Tongue,-0.34852761069342075,-0.6347431986872402,-0.3969132586038363,-0.41278709171811817,-0.09097154344044638,-0.4329455663618059,-0.25755606725297436,-0.20179763232543424,0.055758434927540124,,,,0.0,-0.0021923887083538096
A08,130,3,Feet,-0.0758704945605927,-0.027346226569306527,-0.07589270050329248,0.4049606890775817,-0.3008520168426927,-0.03394676632100227,0.2249815222821,0.006600539751695743,-0.21838098253040425,,,,0.0,-0.0021923887083538096
A08,131,2,Right_Hand,0.22002647653513827,1.197952372643843,0.03103839141243437,0.7082409245984167,-0.703012074445792,-0.6329311840677524,0.9230385509809302,1.8308835567115955,0.9078450057306653,-0.9230385509809302,-1.8308835567115955,-0.9078450057306653,0.0,-0.0021923887083538096
A08,132,2,Right_Hand,-0.23314868253417545,-0.45546646547937275,-0.1833186208791165,-0.4644845609851774,-0.38902095361883604,-0.5679680162627754,0.1558722710846606,0.11250155078340263,-0.043370720301257965,-0.1558722710846606,-0.11250155078340263,0.043370720301257965,0.0,-0.0021923887083538096
A08,133,2,Right_Hand,1.7251782518467123,1.6145522241837087,0.553861323331541,0.15821649300792653,0.5142188469604536,-0.12624488616597143,1.2109594048862586,1.7407971103496802,0.5298377054634216,-1.2109594048862586,-1.7407971103496802,-0.5298377054634216,0.0,-0.0021923887083538096
A08,134,3,Feet,-0.3122849608219436,-0.637383912935594,-0.4090529049924122,-0.509918277618529,0.4286574342230045,0.24907026426179957,-0.7409423950449481,-0.8864541771973936,-0.14551178215244553,,,,0.0,-0.0021923887083538096
A08,135,4,Tongue,-0.5769035255684438,-0.6689362392589712,-0.6897582559670382,-0.3325079140782532,-0.39993338724587557,-0.06837718164155678,-0.17697013832256825,-0.6005590576174143,-0.4235889192948461,,,,0.0,-0.0021923887083538096
A08,136,1,Left_Hand,-0.6691072489552019,-0.908754254427116,-0.5130392336681349,-0.8109923805328519,0.10924486505320839,0.01813148929705041,-0.7783521140084103,-0.9268857437241664,-0.14853362971575612,-0.7783521140084103,-0.9268857437241664,-0.14853362971575612,0.0,-0.0021923887083538096
A08,137,2,Right_Hand,-0.1864296469703002,-0.602730684637415,0.12831215781212238,-0.30249372092708554,0.020757513900765873,-0.7770792382455647,-0.2071871608710661,0.17434855360814971,0.3815357144792158,0.2071871608710661,-0.17434855360814971,-0.3815357144792158,0.0,-0.0021923887083538096
A08,138,1,Left_Hand,-0.3469806850752791,-0.5744138056875983,0.2047120960326625,0.6791012874924034,0.07293381948798579,0.2383878876719958,-0.4199145045632649,-0.8128016933595941,-0.39288718879632917,-0.4199145045632649,-0.8128016933595941,-0.39288718879632917,0.0,-0.0021923887083538096
A08,139,3,Feet,-0.280382155343789,0.3041880933091982,-0.19062342380938435,1.2126433581080938,-0.5459261183126694,0.3382433809381582,0.26554396296888033,-0.034055287628959985,-0.2995992505978403,,,,0.0,-0.0021923887083538096
A08,140,3,Feet,0.2145596404747798,-0.5332173883037191,0.4215914559494384,-0.202180215596896,0.5207983160613943,-0.18655581395033483,-0.30623867558661444,-0.3466615743533843,-0.040422898766769855,,,,0.0,-0.0021923887083538096
A08,141,4,Tongue,-0.597218920377004,-0.3846561048701069,-0.6763894462135445,-0.22015643385327602,-0.8699527631172945,-0.4395081829223822,0.27273384274029056,0.05485207805227532,-0.21788176468801523,,,,0.0,-0.0021923887083538096
A08,142,1,Left_Hand,-0.05644832201796572,-0.7288417682261855,-0.11355491721810858,-0.6733960945025892,-0.47984312532004525,-0.7220825781734884,0.4233948033020795,-0.006759190052697095,-0.4301539933547766,0.4233948033020795,-0.006759190052697095,-0.4301539933547766,0.0,-0.0021923887083538096
A08,143,3,Feet,-0.4510795184377602,-0.40861956338302957,-0.14916897182432573,0.152084156631455,0.31046579915756367,1.4819685971947325,-0.7615453175953238,-1.8905881605777621,-1.1290428429824382,,,,0.0,-0.0021923887083538096
A08,144,2,Right_Hand,-0.02209390587623386,-0.25768968514390106,-0.27866976654177356,-0.4572820620411694,-0.3385944811827018,-0.4788783197516669,0.3165005753064679,0.22118863460776583,-0.09531194069870208,-0.3165005753064679,-0.22118863460776583,0.09531194069870208,0.0,-0.0021923887083538096
A08,145,4,Tongue,-0.696892706686977,-0.8897342804153773,-0.8267368357448308,-0.8480503742545062,-0.48724268056428605,-0.6234299251397496,-0.20965002612269096,-0.2663043552756277,-0.05665432915293672,,,,0.0,-0.0021923887083538096
A08,146,4,Tongue,-0.5300761738624531,-0.7177860284870415,-0.6341845565083263,-0.8092250711313588,-0.33859094796989275,-0.562875335243532,-0.19148522589256034,-0.1549106932435096,0.03657453264905075,,,,0.0,-0.0021923887083538096
A08,147,4,Tongue,1.3050133108951236,1.0181324469169322,1.3239145172849316,0.6063927631227146,-0.012163954533414977,-0.26788215151768613,1.3171772654285385,1.2860145984346183,-0.03116266699392023,,,,0.0,-0.0021923887083538096
A08,148,2,Right_Hand,0.33644879537641187,0.6937574460372037,-0.07171801656712298,-0.2816378402184698,0.23274703220537993,0.27206851945468563,0.10370176317103194,0.42168892658251805,0.31798716341148614,-0.10370176317103194,-0.42168892658251805,-0.31798716341148614,0.0,-0.0021923887083538096
A08,149,1,Left_Hand,-0.18448825951277076,-0.003512414335748781,-0.3621158251985369,0.057243618279152184,-0.3123284027189352,-0.21639313435371577,0.12784014320616444,0.21288072001796698,0.08504057681180255,0.12784014320616444,0.21288072001796698,0.08504057681180255,0.0,-0.0021923887083538096
A08,150,3,Feet,-0.5478841851136884,-0.5507799693409414,-0.8132881544413499,-0.8353771544967871,-0.5744424248265686,-0.39494042465371765,0.026558239712880183,-0.15583954468722377,-0.18239778440010396,,,,0.0,-0.0021923887083538096
A08,151,2,Right_Hand,-0.7739964430275219,-0.5423817739216932,-0.5259785387676831,-0.30922195973410355,-0.6302249105437827,-0.4796384952351658,-0.1437715324837392,-0.0627432786865274,0.08102825379721179,0.1437715324837392,0.0627432786865274,-0.08102825379721179,0.0,-0.0021923887083538096
A08,152,4,Tongue,-0.0939233163610682,0.05757256716630505,-0.057570527234187735,0.18172987305548008,0.06962638449450413,0.23492906950104003,-0.16354970085557233,-0.177356502334735,-0.013806801479162661,,,,0.0,-0.0021923887083538096
A08,153,1,Left_Hand,-0.5796861778724328,-0.7806762105708127,-0.42681309469494916,-0.6203190760841891,-0.4489404004734611,-0.625885430616064,-0.1307457773989717,-0.15479077995474866,-0.024045002555776962,-0.1307457773989717,-0.15479077995474866,-0.024045002555776962,0.0,-0.0021923887083538096
A08,154,4,Tongue,-0.7479890896621948,-0.6608544708671901,-0.6570196330106093,-0.09547671972181881,-0.4045772933850809,0.36766522385629985,-0.3434117962771139,-1.02851969472349,-0.6851078984463761,,,,0.0,-0.0021923887083538096
A08,155,3,Feet,-0.7165481708736028,-0.685765974793027,-0.7599683762744954,-0.799474533891388,-0.7153618436193501,-0.6066187971574963,-0.001186327254252717,-0.0791471776355307,-0.07796085038127798,,,,0.0,-0.0021923887083538096
A08,156,2,Right_Hand,1.3372657118006035,0.1526396490157454,1.2850100469527923,-0.35788548922354185,0.7594764082866259,-0.49513890638556957,0.5777893035139776,0.6477785554013149,0.06998925188733729,-0.5777893035139776,-0.6477785554013149,-0.06998925188733729,0.0,-0.0021923887083538096
A08,157,4,Tongue,-0.2707855546776329,0.05696615624760749,-0.4828685219539566,-0.4293789358527294,-0.2585771224257965,0.3227589308948331,-0.012208432251836376,-0.2657927746472256,-0.25358434239538924,,,,0.0,-0.0021923887083538096
A08,158,4,Tongue,0.5576097731620822,0.01826715246835254,0.6405530515173228,0.27425057118500173,0.2959412121744285,-0.05100696559046053,0.2616685609876537,0.06927411805881306,-0.19239444292884061,,,,0.0,-0.0021923887083538096
A08,159,1,Left_Hand,-0.037100698019651004,-0.3584375152005598,0.0673935712547573,-0.12803682403599717,0.336269771833221,0.3331302971965965,-0.373370469852872,-0.6915678123971563,-0.3181973425442843,-0.373370469852872,-0.6915678123971563,-0.3181973425442843,0.0,-0.0021923887083538096
A08,160,2,Right_Hand,-0.16623918567355284,-0.13728546849360676,-0.3047204746950113,-0.25700341659444975,-0.5859524779261354,-0.6096908623816867,0.4197132922525825,0.4724053938880799,0.05269210163549737,-0.4197132922525825,-0.4724053938880799,-0.05269210163549737,0.0,-0.0021923887083538096
A08,161,2,Right_Hand,-0.009352500236756234,-0.2687154071421407,0.09077745585598367,-0.10914336582318186,-0.13310531107563417,-0.3647536377388828,0.12375281083887793,0.0960382305967421,-0.027714580242135828,-0.12375281083887793,-0.0960382305967421,0.027714580242135828,0.0,-0.0021923887083538096
A08,162,3,Feet,-0.08419386089973782,-0.608111693517345,-0.10636246297861361,-0.38084275396621214,0.5085888128310798,0.4446215598041766,-0.5927826737308176,-1.0527332533215215,-0.45995057959070385,,,,0.0,-0.0021923887083538096
A08,163,4,Tongue,-0.1765752757945895,0.28413998315789013,-0.11872595108838799,-0.09568159626820215,-0.24856799066002244,-0.5754467652758368,0.07199271486543293,0.859586748433727,0.787594033568294,,,,0.0,-0.0021923887083538096
A08,164,2,Right_Hand,0.24392174755307622,-0.005113127731010166,-0.08700990529131365,-0.2490570393283448,-0.08161163806958376,0.2013056173967573,0.32553338562266,-0.20641874512776748,-0.5319521307504275,-0.32553338562266,0.20641874512776748,0.5319521307504275,0.0,-0.0021923887083538096
A08,165,1,Left_Hand,0.8758092536609807,-0.0378943507601471,0.3503363761308276,-0.5378567634158213,0.07008944100392792,-0.7435963170372171,0.8057198126570528,0.7057019662770699,-0.1000178463799829,0.8057198126570528,0.7057019662770699,-0.1000178463799829,0.0,-0.0021923887083538096
A08,166,4,Tongue,0.0016649821286590987,0.38111966015715554,-0.10414319964770898,0.44614091335864364,0.03530662295119135,0.24877240242728174,-0.03364164082253225,0.1323472577298738,0.16598889855240606,,,,0.0,-0.0021923887083538096
A08,167,2,Right_Hand,0.27817525847418817,0.010444023727269955,-0.14757187323567617,-0.7271774071567654,0.09176361144725136,-0.4525227236588488,0.1864116470269368,0.46296674738611876,0.27655510035918196,-0.1864116470269368,-0.46296674738611876,-0.27655510035918196,0.0,-0.0021923887083538096
A08,168,1,Left_Hand,-0.4194871923624917,-0.6523789388667391,-0.09221177534585975,-0.13405700615486882,-0.1903764929108013,0.007230966087130525,-0.2291106994516904,-0.6596099049538696,-0.43049920550217924,-0.2291106994516904,-0.6596099049538696,-0.43049920550217924,0.0,-0.0021923887083538096
A08,169,3,Feet,-0.47057075820303434,-0.4263990296867647,-0.46834293901281127,-0.38241876576198125,-0.5455773448953227,-0.46655872146801675,0.07500658669228838,0.04015969178125206,-0.03484689491103632,,,,0.0,-0.0021923887083538096
A08,170,2,Right_Hand,-0.02992798344317883,0.5830421192212644,-0.1191163462280752,0.07979609378142281,-0.5416658604126391,-0.44547120137067353,0.5117378769694603,1.028513320591938,0.5167754436224776,-0.5117378769694603,-1.028513320591938,-0.5167754436224776,0.0,-0.0021923887083538096
A08,171,2,Right_Hand,-0.4263105623256446,-0.6084492811612972,0.10392138557786329,-0.2202946069995049,0.1748056331056726,-0.13946808563760066,-0.6011161954313172,-0.4689811955236965,0.13213499990762073,0.6011161954313172,0.4689811955236965,-0.13213499990762073,0.0,-0.0021923887083538096
A08,172,3,Feet,-0.5662854415755824,-0.8383322991574726,-0.3618671047865211,-0.6587215501820641,-0.17254492458475015,-0.3416401673219084,-0.39374051699083223,-0.49669213183556427,-0.10295161484473203,,,,0.0,-0.0021923887083538096
A08,173,1,Left_Hand,1.0261308668691025,0.2636840011309846,0.7012877667525397,-0.0052017562139444065,1.2006273576939994,0.06425620644794523,-0.17449649082489693,0.1994277946830394,0.3739242855079363,-0.17449649082489693,0.1994277946830394,0.3739242855079363,0.0,-0.0021923887083538096
A08,174,4,Tongue,-0.3895300152779284,-0.4953415452400912,-0.44129343096327367,-0.5444169420309002,-0.24976056753693818,-0.3030632374805011,-0.13976944774099023,-0.1922783077595901,-0.05250886001859986,,,,0.0,-0.0021923887083538096
A08,175,3,Feet,-0.7449346825001677,-0.5342966708589088,-0.7820973156185318,-0.714952905355927,-0.8153445324992455,-0.5414031403136522,0.07040984999907784,0.007106469454743469,-0.06330338054433438,,,,0.0,-0.0021923887083538096
A08,176,3,Feet,0.4770023623930625,-0.04112607398316034,0.20679657892704342,-0.4211774060183317,0.6141243544733169,-0.3051258191084957,-0.13712199208025444,0.26399974512533536,0.4011217372055898,,,,0.0,-0.0021923887083538096
A08,177,3,Feet,-0.2946944412786239,0.1759715497994716,-0.25241659219620854,0.4305891166342749,-0.24448067109440205,-0.3003554375742477,-0.05021377018422182,0.4763269873737193,0.5265407575579412,,,,0.0,-0.0021923887083538096
A08,178,3,Feet,-0.2779652867327124,-0.4890069993443308,0.12304952291555304,-0.03161934017646764,0.0009575407277165311,-0.05400044647462959,-0.27892282746042896,-0.4350065528697012,-0.15608372540927223,,,,0.0,-0.0021923887083538096
A08,179,1,Left_Hand,-0.7016753439664791,-0.7587703315098023,-0.4838635671385104,-0.4707643170051706,-0.21743300359259285,-0.11507994953146158,-0.48424234037388625,-0.6436903819783407,-0.15944804160445447,-0.48424234037388625,-0.6436903819783407,-0.15944804160445447,0.0,-0.0021923887083538096
A08,180,2,Right_Hand,-0.18913274990483672,0.5806813429509409,-0.12503525088955744,0.37480962658440703,-0.010751519470881698,1.588859834557308,-0.178381230433955,-1.0081784916063672,-0.8297972611724121,0.178381230433955,1.0081784916063672,0.8297972611724121,0.0,-0.0021923887083538096
A08,181,1,Left_Hand,0.3353936531567368,-0.16291142229906774,-0.3181278837234282,-0.6442957497285218,-0.3787771850036589,-0.6982746272585679,0.7141708381603957,0.5353632049595002,-0.17880763320089554,0.7141708381603957,0.5353632049595002,-0.17880763320089554,0.0,-0.0021923887083538096
A08,182,2,Right_Hand,-0.44923505629767885,-0.42088649172379583,-0.22633235538007768,0.0788238030511657,0.30164314410692844,1.1620265347480152,-0.7508782004046073,-1.582913026471811,-0.8320348260672037,0.7508782004046073,1.582913026471811,0.8320348260672037,0.0,-0.0021923887083538096
A08,183,1,Left_Hand,0.06340061424403097,-0.3788262320968812,-0.30507831998995194,-0.714601885772706,-0.22655084124609443,-0.5921658362128732,0.2899514554901254,0.213339604115992,-0.0766118513741334,0.2899514554901254,0.213339604115992,-0.0766118513741334,0.0,-0.0021923887083538096
A08,184,1,Left_Hand,0.39194196841389917,0.11285519236515856,0.08196096296137746,-0.6240168344438722,0.10599392215587394,-0.43031323326740445,0.2859480462580252,0.5431684256325631,0.25722037937453784,0.2859480462580252,0.5431684256325631,0.25722037937453784,0.0,-0.0021923887083538096
A08,185,3,Feet,0.25486948790657205,0.2659047463363355,-0.11312511692111468,-0.07933369867670838,-0.2659099186035765,-0.6239615046738329,0.5207794065101485,0.8898662510101685,0.36908684450001994,,,,0.0,-0.0021923887083538096
A08,186,3,Feet,-0.09794307822035295,0.014208859608027367,0.18684571257530824,0.14841804650576107,0.19336284986049357,0.15381038071812206,-0.29130592808084654,-0.1396015211100947,0.15170440697075185,,,,0.0,-0.0021923887083538096
A08,187,2,Right_Hand,0.020507744837973515,-0.20701584450274743,0.32854204817570815,-0.06483387733261615,0.6584763439276586,0.11573534417084483,-0.6379685990896852,-0.32275118867359226,0.3152174104160929,0.6379685990896852,0.32275118867359226,-0.3152174104160929,0.0,-0.0021923887083538096
A08,188,3,Feet,-0.8919698480726259,-0.796437905500453,-0.7439387924230522,-0.39015443459707,-0.6910972413502777,-0.31138045662420416,-0.2008726067223482,-0.48505744887624885,-0.28418484215390066,,,,0.0,-0.0021923887083538096
A08,189,4,Tongue,1.5484019830751754,0.5498523369658368,1.5822892706235758,0.9467486950655507,1.0159224724634754,-0.2136239230149996,0.5324795106117,0.7634762599808365,0.2309967493691365,,,,0.0,-0.0021923887083538096
A08,190,1,Left_Hand,-0.3837062559224066,-0.41594865464864034,-0.1665674472715287,0.9121058566220033,-0.2520097189201489,0.11822316374423344,-0.1316965370022577,-0.5341718183928738,-0.40247528139061606,-0.1316965370022577,-0.5341718183928738,-0.40247528139061606,0.0,-0.0021923887083538096
A08,191,4,Tongue,0.05845316760531797,-0.4767077442880073,0.2557684002077331,-0.46494993955420055,0.21907599672123002,-0.16445757229384209,-0.16062282911591205,-0.31225017199416516,-0.1516273428782531,,,,0.0,-0.0021923887083538096
A08,192,1,Left_Hand,-0.8366740369693642,-0.8970402870750352,-0.8420700383399029,-0.9062029038492869,-0.6761705332209097,-0.8523516170707798,-0.16050350374845446,-0.04468867000425547,0.11581483374419899,-0.16050350374845446,-0.04468867000425547,0.11581483374419899,0.0,-0.0021923887083538096
A08,193,1,Left_Hand,0.7434119512915169,1.332057466776908,0.6808999294841473,0.48739573710242795,0.45758666660344266,0.14364232083489348,0.2858252846880743,1.1884151459420145,0.9025898612539403,0.2858252846880743,1.1884151459420145,0.9025898612539403,0.0,-0.0021923887083538096
A08,194,2,Right_Hand,0.8746669177213181,-0.13783432532302733,1.3234245817671484,-0.11035411417194436,1.4789326925279112,0.2359962033487854,-0.604265774806593,-0.37383052867181277,0.23043524613478028,0.604265774806593,0.37383052867181277,-0.23043524613478028,0.0,-0.0021923887083538096
A08,195,4,Tongue,-0.3877760326551416,-0.5538292639326253,-0.34803748978508287,-0.69720149934964,-0.0030487895025663857,-0.4877614731963922,-0.3847272431525752,-0.06606779073623315,0.3186594524163421,,,,0.0,-0.0021923887083538096
A08,196,3,Feet,-0.09685618402059314,-0.3814744074993493,-0.34746409306306286,-0.6263990099506598,-0.1060429087191164,-0.008936681463189282,0.00918672469852326,-0.37253772603616003,-0.3817244507346833,,,,0.0,-0.0021923887083538096
A08,197,2,Right_Hand,-0.41259560520107097,-0.5034433110585934,-0.08731169237243995,-0.252645410223023,0.0243561368050246,-0.3765042797218789,-0.43695174200609554,-0.12693903133671453,0.310012710669381,0.43695174200609554,0.12693903133671453,-0.310012710669381,0.0,-0.0021923887083538096
A08,198,4,Tongue,0.613205346232089,0.6290567840660558,0.049073166860016615,-0.3137336404076399,-0.19196980410126538,-0.3278794901630978,0.8051751503333544,0.9569362742291536,0.1517611238957992,,,,0.0,-0.0021923887083538096
A08,199,3,Feet,-0.2834955882976058,-0.49401526319333017,-0.21705909610872298,-0.26580503339827993,-0.31213813797118617,-0.3998867550804886,0.028642549673580375,-0.09412850811284157,-0.12277105778642194,,,,0.0,-0.0021923887083538096
A08,200,4,Tongue,-0.05029348418045092,-0.023292005722141358,-0.3733659497095015,-0.4372569101724066,-0.6690763091111769,-0.6502743506831831,0.618782824930726,0.6269823449610417,0.008199520030315655,,,,0.0,-0.0021923887083538096
A08,201,3,Feet,-0.35495697635767315,-0.3489712677270562,-0.22074081580457133,0.06496109969853316,-0.37212507488535845,-0.325667229532226,0.017168098527685305,-0.023304038194830234,-0.04047213672251554,,,,0.0,-0.0021923887083538096
A08,202,4,Tongue,-0.6574156815595233,-0.8909843594003143,-0.6291455299682208,-0.7129350597072649,-0.8380063083374404,-0.9296789177499093,0.18059062677791704,0.03869455834959501,-0.14189606842832203,,,,0.0,-0.0021923887083538096
A08,203,2,Right_Hand,0.12300946009261084,0.17914705908602716,-0.18602068417697812,-0.08285675558146174,-0.055015914898980736,0.0725347947974883,0.17802537499159157,0.10661226428853886,-0.07141311070305272,-0.17802537499159157,-0.10661226428853886,0.07141311070305272,0.0,-0.0021923887083538096
A08,204,4,Tongue,0.5980558308040427,-0.5981998402977596,0.6135578988960583,-0.563351135741036,0.8906397876207733,-0.44627412673911665,-0.29258395681673066,-0.15192571355864298,0.14065824325808768,,,,0.0,-0.0021923887083538096
A08,205,1,Left_Hand,-0.7067149941271954,-0.7379278307418705,-0.6279837672348008,-0.5126484982647064,-0.6220475426356922,-0.4862931027490969,-0.08466745149150323,-0.25163472799277364,-0.1669672765012704,-0.08466745149150323,-0.25163472799277364,-0.1669672765012704,0.0,-0.0021923887083538096
A08,206,2,Right_Hand,-0.4228060800835698,-0.23261571522231478,-0.5822145733175074,-0.23144442175900504,-0.40074839016992425,-0.41463852601451534,-0.02205768991364554,0.18202281079220056,0.2040805007058461,0.02205768991364554,-0.18202281079220056,-0.2040805007058461,0.0,-0.0021923887083538096
A08,207,2,Right_Hand,-0.21862912689479536,-0.09794601107628596,0.3576351413391444,0.03441176452346568,0.4231843616857973,0.46107741262838076,-0.6418134885805926,-0.5590234237046667,0.08279006487592588,0.6418134885805926,0.5590234237046667,-0.08279006487592588,0.0,-0.0021923887083538096
A08,208,2,Right_Hand,-0.4240431887677634,-0.6866035942957879,0.36105984887433656,0.5399774883686609,0.5558351757984997,1.2132618030092581,-0.9798783645662632,-1.8998653973050459,-0.9199870327387827,0.9798783645662632,1.8998653973050459,0.9199870327387827,0.0,-0.0021923887083538096
A08,209,3,Feet,0.5516628394740059,0.2078664536324335,-0.10468378374568307,-0.34079309770285227,-0.045015507545608104,-0.4978898894070658,0.596678347019614,0.7057563430394993,0.10907799601988533,,,,0.0,-0.0021923887083538096
A08,210,4,Tongue,0.09613367595552466,0.9027675476067667,-0.18495148894549707,-0.05648045102530189,-0.25622334191112967,-0.05143664396461964,0.3523570178666543,0.9542041915713864,0.6018471737047321,,,,0.0,-0.0021923887083538096
A08,211,1,Left_Hand,-0.26210350085192224,-0.5468214576685634,0.10999109264638686,-0.18560640805217524,0.38256174244876795,0.09985884112875405,-0.6446652433006902,-0.6466802987973175,-0.0020150554966272827,-0.6446652433006902,-0.6466802987973175,-0.0020150554966272827,0.0,-0.0021923887083538096
A08,212,4,Tongue,-0.02341965834128848,0.12493258508730637,0.033096665153358185,0.4210751090636929,-0.2856219730182387,-0.3040103570992813,0.2622023146769502,0.4289429421865877,0.16674062750963747,,,,0.0,-0.0021923887083538096
A08,213,1,Left_Hand,-0.4622635406592181,-0.309109318075148,-0.34360606916246667,0.0413809830941364,-0.37981286488040616,-0.2619996994838624,-0.08245067577881193,-0.047109618591285596,0.03534105718752634,-0.08245067577881193,-0.047109618591285596,0.03534105718752634,0.0,-0.0021923887083538096
A08,214,3,Feet,0.013885887466618304,0.16965785011128512,0.5709421995883059,1.9426133453481267,-0.34638821461376657,0.2305753845024139,0.36027410208038485,-0.06091753439112879,-0.42119163647151364,,,,0.0,-0.0021923887083538096
A08,215,1,Left_Hand,-0.2968008462667856,-0.3976429606997108,-0.0920863634272016,0.12609113973924257,-0.08739956809052887,0.1164329733864317,-0.20940127817625673,-0.5140759340861425,-0.30467465590988574,-0.20940127817625673,-0.5140759340861425,-0.30467465590988574,0.0,-0.0021923887083538096
A08,216,4,Tongue,-0.2418882670753661,-0.05305690954348379,-0.27466777891350475,0.09381141923185696,-0.3798811667132691,-0.34453742707748,0.137992899637903,0.2914805175339962,0.15348761789609316,,,,0.0,-0.0021923887083538096
A08,217,1,Left_Hand,-0.45845016337796546,-0.31861029530203167,-0.34042094821818897,-0.2006254631739892,-0.3647785078681666,0.12946405136007544,-0.09367165550979883,-0.4480743466621071,-0.35440269115230827,-0.09367165550979883,-0.4480743466621071,-0.35440269115230827,0.0,-0.0021923887083538096
A08,218,3,Feet,-0.36665189016869876,-0.42336672414740767,-0.262634869564015,-0.24265991913611495,-0.2991390097728954,-0.1621187265341652,-0.06751288039580333,-0.26124799761324247,-0.19373511721743913,,,,0.0,-0.0021923887083538096
A08,219,1,Left_Hand,0.2789190241481267,-0.2523256083395228,-0.230096583488567,-0.704551760374613,-0.3656028049649399,-0.6492424235528715,0.6445218291130665,0.39691681521334876,-0.24760501389971779,0.6445218291130665,0.39691681521334876,-0.24760501389971779,0.0,-0.0021923887083538096
A08,220,2,Right_Hand,0.2793989780901704,0.2873729967857539,0.8624541499019669,1.3550449096654047,0.8756733885060364,1.594206958909799,-0.5962744104158659,-1.306833962124045,-0.7105595517081791,0.5962744104158659,1.306833962124045,0.7105595517081791,0.0,-0.0021923887083538096
A08,221,3,Feet,-0.2787778395208006,-0.51130682868012,-0.26820438975983,-0.6638324461694961,0.8721624303886378,0.4086123825681119,-1.1509402699094384,-0.919919211248232,0.23102105866120648,,,,0.0,-0.0021923887083538096
A08,222,3,Feet,-0.3938366947793478,-0.2503181353551352,-0.3563157072108264,-0.41177243880179387,-0.04395198386688081,0.24782303852770146,-0.349884710912467,-0.49814117388283663,-0.14825646297036965,,,,0.0,-0.0021923887083538096
A08,223,4,Tongue,1.434923945052707,1.5636704284414218,0.6246406867215365,0.812352734360221,0.4582118337732944,0.4854224603666276,0.9767121112794126,1.0782479680747943,0.10153585679538168,,,,0.0,-0.0021923887083538096
A08,224,1,Left_Hand,0.16352596022105675,-0.037464294469904035,0.5781261189282462,0.4530095368135076,0.2592128972387542,0.0005576435117517774,-0.09568693701769743,-0.03802193798165581,0.057664999036041616,-0.09568693701769743,-0.03802193798165581,0.057664999036041616,0.0,-0.0021923887083538096
A08,225,2,Right_Hand,-0.15297340006161608,-0.5423927370181253,0.28579938394899584,-0.06218481457746884,-0.3380023953761699,-0.653638564188276,0.1850289953145538,0.11124582717015075,-0.07378316814440306,-0.1850289953145538,-0.11124582717015075,0.07378316814440306,0.0,-0.0021923887083538096
A08,226,4,Tongue,-0.09996861745175202,-0.5770723570720414,-0.08748414806212328,-0.5970314941397028,-0.22661304962983161,-0.6814661397947727,0.12664443217807958,0.10439378272273125,-0.022250649455348326,,,,0.0,-0.0021923887083538096
A08,227,2,Right_Hand,1.4821768042396795,0.07171215109220197,1.1368661062329974,-0.08823018311238043,0.3300449906234413,-0.5385754958756271,1.1521318136162382,0.6102876469678291,-0.5418441666484091,-1.1521318136162382,-0.6102876469678291,0.5418441666484091,0.0,-0.0021923887083538096
A08,228,3,Feet,0.23804739979233208,0.5601174334314921,0.007284920982767071,0.2547485781007084,-0.19032003686899207,-0.1705295336613458,0.42836743666132415,0.7306469670928379,0.3022795304315138,,,,0.0,-0.0021923887083538096
A08,229,3,Feet,-0.09986817842966114,-0.5012975260732815,-0.2805302217264932,-0.4881612677559627,-0.4512132543311074,-0.49378542318812657,0.35134507590144626,-0.007512102885154914,-0.35885717878660117,,,,0.0,-0.0021923887083538096
A08,230,4,Tongue,2.097265292441544,1.1501209088950706,1.5440966665200557,-0.4816632323536647,3.061384521897021,1.2005455331934063,-0.964119229455477,-0.05042462429833572,0.9136946051571413,,,,0.0,-0.0021923887083538096
A08,231,2,Right_Hand,0.3555591183244626,-0.47709486878577223,0.2577919538672313,-0.5149881688571906,0.046857993808189675,-0.5523360884421149,0.3087011245162729,0.07524121965634267,-0.23345990485993023,-0.3087011245162729,-0.07524121965634267,0.23345990485993023,0.0,-0.0021923887083538096
A08,232,4,Tongue,-0.004662860032477509,0.1984782515179964,0.2634382854240075,0.8527867665557923,-0.2539988696526814,-0.35223074109435976,0.2493360096202039,0.5507089926123562,0.30137298299215226,,,,0.0,-0.0021923887083538096
A08,233,1,Left_Hand,0.2386966180135406,-0.1521373956244402,0.08245965161224433,-0.4617499225832871,0.023264073839408206,-0.5475252602733297,0.2154325441741324,0.39538786464888953,0.17995532047475712,0.2154325441741324,0.39538786464888953,0.17995532047475712,0.0,-0.0021923887083538096
A08,234,3,Feet,-0.14117918628454423,0.12169109070624808,-0.3846127034245372,-0.388183040251282,-0.3561573987296453,-0.19086307386053877,0.21497821244510107,0.31255416456678686,0.0975759521216858,,,,0.0,-0.0021923887083538096
A08,235,3,Feet,0.61470305961932,0.71100157093213,0.2546026159817103,-0.09717797455784871,0.0407765422153233,-0.38152347560863975,0.5739265174039967,1.0925250465407697,0.518598529136773,,,,0.0,-0.0021923887083538096
A08,236,2,Right_Hand,-0.30240247277349974,0.43125021139921965,-0.5699279314891226,-0.4660251005280424,-0.35910541435315946,-0.3057887180597298,0.056702941579659716,0.7370389294589494,0.6803359878792897,-0.056702941579659716,-0.7370389294589494,-0.6803359878792897,0.0,-0.0021923887083538096
A08,237,4,Tongue,-0.6384302602455725,-0.5469042899014627,-0.6792334879885059,-0.5805293496839665,-0.37732120579339734,-0.09470156747301935,-0.26110905445217514,-0.45220272242844334,-0.1910936679762682,,,,0.0,-0.0021923887083538096
A08,238,2,Right_Hand,-0.4538361778800078,-0.6208410704141007,-0.13426490078579179,-0.19844657095949783,-0.2734919721621258,-0.42725847523667027,-0.180344205717882,-0.19358259517743048,-0.013238389459548472,0.180344205717882,0.19358259517743048,0.013238389459548472,0.0,-0.0021923887083538096
A08,239,1,Left_Hand,-0.13042445982593448,0.38448777574799853,-0.1598174961746821,-0.12722222434961378,-0.16440457251076962,0.0004911444916029476,0.03398011268483514,0.3839966312563956,0.35001651857156046,0.03398011268483514,0.3839966312563956,0.35001651857156046,0.0,-0.0021923887083538096
A08,240,2,Right_Hand,-0.7320055605557316,-0.6054363225581842,-0.5977045708026537,-0.3571981916988757,-0.5144116531560441,-0.3251394494911656,-0.21759390739968754,-0.28029687306701867,-0.06270296566733113,0.21759390739968754,0.28029687306701867,0.06270296566733113,0.0,-0.0021923887083538096
A08,241,4,Tongue,-0.6575189506644902,-0.028802721485522497,-0.7361530981663071,-0.14436984675469886,-0.7040248269869896,-0.45109438244130373,0.04650587632249947,0.42229166095578125,0.37578578463328177,,,,0.0,-0.0021923887083538096
A08,242,4,Tongue,-0.6917321222362784,-0.5328303422974674,-0.6927723793333644,-0.27472367496000016,-0.6999161544813656,-0.18128669349209922,0.008184032245087125,-0.35154364880536815,-0.3597276810504553,,,,0.0,-0.0021923887083538096
A08,243,2,Right_Hand,-0.26036912595461303,-0.39833875377888284,-0.3689452431729524,-0.5456874139367219,-0.37845987485847415,-0.533958256115366,0.11809074890386112,0.13561950233648312,0.017528753432622002,-0.11809074890386112,-0.13561950233648312,-0.017528753432622002,0.0,-0.0021923887083538096
A08,244,2,Right_Hand,-0.39746283553184986,-0.37770602498654177,-0.28790908567568213,-0.07262254544128709,-0.3549503041006259,-0.1706886895636984,-0.042512531431223965,-0.20701733542284337,-0.1645048039916194,0.042512531431223965,0.20701733542284337,0.1645048039916194,0.0,-0.0021923887083538096
A08,245,2,Right_Hand,-0.4733587583463599,-0.4172577972556989,-0.5869454725557168,-0.5570575619715497,-0.5659447406256894,-0.3107309587569272,0.09258598227932957,-0.1065268384987717,-0.19911282077810127,-0.09258598227932957,0.1065268384987717,0.19911282077810127,0.0,-0.0021923887083538096
A08,246,4,Tongue,0.06480898562530962,0.015444174035391712,0.03247558494682577,-0.23468331931396447,-0.2970505343032709,-0.6259545437902658,0.3618595199285805,0.6413987178256575,0.279539197897077,,,,0.0,-0.0021923887083538096
A08,247,4,Tongue,0.13110509777538581,0.4523957388791233,0.33223671986821707,1.5437610775484776,-0.3624975794599059,-0.24954483572112965,0.4936026772352917,0.7019405746002529,0.20833789736496122,,,,0.0,-0.0021923887083538096
A08,248,3,Feet,-0.36425415640993786,-0.6177287402771308,-0.5044698068365074,-0.7264749179714989,-0.6103010809730476,-0.8328745262708206,0.24604692456310973,0.21514578599368983,-0.030901138569419895,,,,0.0,-0.0021923887083538096
A08,249,4,Tongue,0.2429283183633048,-0.2159835880214668,0.4427743000225134,-0.38112484692501186,0.9080938964142107,0.5116739851970603,-0.6651655780509058,-0.7276575732185271,-0.06249199516762127,,,,0.0,-0.0021923887083538096
A08,250,1,Left_Hand,-0.5356020323880509,-0.6968612590048172,-0.6318695585895565,-0.6985053851255438,-0.7858046934450784,-0.7636371042964276,0.2502026610570275,0.0667758452916104,-0.18342681576541708,0.2502026610570275,0.0667758452916104,-0.18342681576541708,0.0,-0.0021923887083538096
A08,251,2,Right_Hand,0.08825777543273987,-0.5001393963022668,-0.12179458507187482,-0.53942934362316,0.004904780087219568,-0.3605003842933788,0.0833529953455203,-0.139639012008888,-0.22299200735440833,-0.0833529953455203,0.139639012008888,0.22299200735440833,0.0,-0.0021923887083538096
A08,252,3,Feet,-0.21479715524563692,-0.6175295795654372,-0.4564268474894207,-0.4160035140448405,0.04185331932854098,0.4829762109357366,-0.2566504745741779,-1.100505790501174,-0.843855315926996,,,,0.0,-0.0021923887083538096
A08,253,2,Right_Hand,0.29050612352577154,0.7001239085666783,0.18972667667634133,0.42250630575342735,0.5774712960814411,0.8830615774224708,-0.28696517255566956,-0.18293766885579255,0.10402750369987701,0.28696517255566956,0.18293766885579255,-0.10402750369987701,0.0,-0.0021923887083538096
A08,254,1,Left_Hand,0.9476166731172825,0.1731770057367531,0.6154390652331233,0.30230104012637643,0.2832721704544095,-0.5296624480350346,0.6643445026628729,0.7028394537717877,0.038494951108914766,0.6643445026628729,0.7028394537717877,0.038494951108914766,0.0,-0.0021923887083538096
A08,255,4,Tongue,0.20464595794659093,0.183510569129441,0.1427636531197627,0.6289110111135725,0.25421842687593116,-0.246934000480579,-0.049572468929340224,0.43044456961002,0.4800170385393602,,,,0.0,-0.0021923887083538096
A08,256,1,Left_Hand,-0.34370675047570315,-0.5222956170566142,-0.19286965228240716,-0.6073099896484515,-0.1431053943838212,-0.518509631982397,-0.20060135609188195,-0.003785985074217235,0.19681537101766472,-0.20060135609188195,-0.003785985074217235,0.19681537101766472,0.0,-0.0021923887083538096
A08,257,4,Tongue,0.6586939522357441,0.37414361954675845,0.39908705580644865,0.41913557729086726,-0.0036857762855929013,0.2620033210989548,0.662379728521337,0.11214029844780365,-0.5502394300735334,,,,0.0,-0.0021923887083538096
A08,258,1,Left_Hand,-0.7004581098661179,-0.6088469035650124,-0.45703118842740814,-0.1109957560248131,-0.2960072541925395,0.06913878088224251,-0.4044508556735784,-0.6779856844472549,-0.2735348287736765,-0.4044508556735784,-0.6779856844472549,-0.2735348287736765,0.0,-0.0021923887083538096
A08,259,1,Left_Hand,0.7607957531834497,0.9015694945060599,0.7252678256038506,0.5457462611313952,1.0099595780893236,0.8626698826462191,-0.24916382490587385,0.03889961185984081,0.28806343676571466,-0.24916382490587385,0.03889961185984081,0.28806343676571466,0.0,-0.0021923887083538096
A08,260,1,Left_Hand,0.6859180402497151,-0.17602911471105104,0.6676503572231247,-0.27126101581249185,0.7599450810890686,-0.2849532599360423,-0.07402704083935341,0.10892414522499128,0.18295118606434468,-0.07402704083935341,0.10892414522499128,0.18295118606434468,0.0,-0.0021923887083538096
A08,261,3,Feet,-0.18315427626939562,-0.5025286422218852,0.2568408578128984,0.008775757383137099,0.8222529056203838,0.550431084491953,-1.0054071818897794,-1.0529597267138382,-0.047552544824058796,,,,0.0,-0.0021923887083538096
A08,262,3,Feet,2.698384818037682,1.0716226340103385,2.7703416772822274,1.3335355761274477,2.487673876933216,1.46200775936008,0.2107109411044661,-0.39038512534974146,-0.6010960664542075,,,,0.0,-0.0021923887083538096
A08,263,4,Tongue,-0.08860185656358797,-0.207671527977706,-0.2178501639667833,-0.3968887210834054,-0.26965182807275856,-0.5147331285776763,0.18104997150917057,0.3070616005999703,0.12601162909079971,,,,0.0,-0.0021923887083538096
A08,264,2,Right_Hand,0.16501582399642087,0.9718415962029548,-0.022394781624474405,1.0281654801666453,-0.24713055679274246,0.5295602036949335,0.4121463807891633,0.44228139250802134,0.030135011718858018,-0.4121463807891633,-0.44228139250802134,-0.030135011718858018,0.0,-0.0021923887083538096
A08,265,3,Feet,1.0250199135334217,0.675866416876104,0.5525551260993781,0.07780983108039191,0.4205294804888817,-0.10979618498143671,0.60449043304454,0.7856626018575408,0.1811721688130008,,,,0.0,-0.0021923887083538096
A08,266,3,Feet,-0.47121202097464854,-0.2560634793984025,-0.4257426823267469,-0.032357031381813395,-0.3049633676727623,0.31063261681456167,-0.16624865330188626,-0.5666960962129641,-0.40044744291107787,,,,0.0,-0.0021923887083538096
A08,267,3,Feet,0.44205043427069224,-0.4076903842364302,0.5705794920942028,-0.004080494885482833,0.40608187767657544,0.16209586591362254,0.035968556594116796,-0.5697862501500528,-0.6057548067441696,,,,0.0,-0.0021923887083538096
A08,268,4,Tongue,-0.6522987534376619,-0.11626954323423996,-0.6720454985041476,-0.3425985757078225,-0.7355643890893168,-0.5332749670541084,0.0832656356516549,0.4170054238198684,0.3337397881682135,,,,0.0,-0.0021923887083538096
A08,269,1,Left_Hand,0.04995245508981881,-0.3244085401936439,-0.03862561688829122,-0.6229255806431608,0.13054725132999562,-0.3737464666950657,-0.0805947962401768,0.049337926501421825,0.12993272274159862,-0.0805947962401768,0.049337926501421825,0.12993272274159862,0.0,-0.0021923887083538096
A08,270,3,Feet,0.013455044232591428,0.03805999177678354,0.06105576321283612,0.0954922934748257,0.5497419429277017,1.1425932549066111,-0.5362868986951103,-1.1045332631298277,-0.5682463644347174,,,,0.0,-0.0021923887083538096
A09,0,1,Left_Hand,-0.7804418711687924,-0.7368047663647075,-0.6035365177812315,-0.5710427718114374,-0.7177901664026415,-0.8557624394178527,-0.0626517047661509,0.1189576730531452,0.1816093778192961,-0.0626517047661509,0.1189576730531452,0.1816093778192961,-0.018939393939393923,-0.015270997623866744
A09,1,2,Right_Hand,0.13692201537815676,0.017205849322271313,0.03005762034681189,0.20303594326045482,-0.6111352059937694,-0.6999068877179344,0.7480572213719261,0.7171127370402057,-0.030944484331720368,-0.7480572213719261,-0.7171127370402057,0.030944484331720368,-0.018939393939393923,-0.015270997623866744
A09,2,2,Right_Hand,-0.6673383023358201,-0.686926707206129,-0.4794297111538776,-0.5063332878269662,-0.48305236936333185,-0.5179159006745533,-0.1842859329724883,-0.16901080653157574,0.015275126440912556,0.1842859329724883,0.16901080653157574,-0.015275126440912556,-0.018939393939393923,-0.015270997623866744
A09,3,1,Left_Hand,-0.5067404512203877,-0.7201263703304122,-0.11826356744289622,-0.6018426735200788,-0.06726715430828274,-0.6700520132954675,-0.43947329691210496,-0.05007435703494467,0.3893989398771603,-0.43947329691210496,-0.05007435703494467,0.3893989398771603,-0.018939393939393923,-0.015270997623866744
A09,4,2,Right_Hand,-0.1632764190608559,-0.025678904566514688,-0.6152878746866984,-0.49869318494117193,0.11363332395336707,0.2757127604909433,-0.276909743014223,-0.30139166505745796,-0.02448192204323496,0.276909743014223,0.30139166505745796,0.02448192204323496,-0.018939393939393923,-0.015270997623866744
A09,5,1,Left_Hand,-0.7489110849290394,-0.7773602181205719,-0.299233230163078,-0.06993797945941523,-0.6417528856511507,-0.60175650200798,-0.10715819927788861,-0.17560371611259185,-0.06844551683470323,-0.10715819927788861,-0.17560371611259185,-0.06844551683470323,-0.018939393939393923,-0.015270997623866744
A09,6,2,Right_Hand,-0.7565007738817503,-0.8438127633990903,-0.5675735718914543,-0.5580431418659176,-0.2240280137067819,-0.20636635217300256,-0.5324727601749684,-0.6374464112260877,-0.10497365105111933,0.5324727601749684,0.6374464112260877,0.10497365105111933,-0.018939393939393923,-0.015270997623866744
A09,7,3,Feet,-0.7706677486098231,-0.7341644412280873,-0.28819734132604163,-0.2056781622674213,-0.267133434221284,-0.2595234812097858,-0.5035343143885391,-0.4746409600183015,0.0288933543702376,,,,-0.018939393939393923,-0.015270997623866744
A09,8,2,Right_Hand,-0.761118425452755,-0.7816912599582161,-0.5457071655979748,-0.6471999816565002,-0.39429579859210034,-0.7462930995462094,-0.36682262686065464,-0.03539816041200672,0.3314244664486479,0.36682262686065464,0.03539816041200672,-0.3314244664486479,-0.018939393939393923,-0.015270997623866744
A09,9,4,Tongue,-0.31550983243427727,0.085154414571727,-0.8177514330758913,-0.8245117231830887,-0.48581788416457017,-0.6760115213116391,0.1703080517302929,0.7611659358833661,0.5908578841530732,,,,-0.018939393939393923,-0.015270997623866744
A09,10,1,Left_Hand,-0.8323436742166355,-0.7343192795792679,-0.7952873489799589,-0.46733782166112253,-0.7854662460322989,-0.368271315229966,-0.0468774281843366,-0.3660479643493019,-0.3191705361649653,-0.0468774281843366,-0.3660479643493019,-0.3191705361649653,-0.018939393939393923,-0.015270997623866744
A09,11,3,Feet,-0.5704961427389763,-0.6051755198235205,-0.09925114418742197,0.09400622241311979,-0.25807147831238697,-0.2775211498318292,-0.31242466442658934,-0.3276543699916913,-0.015229705565101948,,,,-0.018939393939393923,-0.015270997623866744
A09,12,2,Right_Hand,-0.5858931469003276,-0.5123176727304559,-0.5348635830939454,-0.3716361441047793,-0.3796274732478149,-0.30675100630079294,-0.2062656736525127,-0.20556666642966298,0.0006990072228497124,0.2062656736525127,0.20556666642966298,-0.0006990072228497124,-0.018939393939393923,-0.015270997623866744
A09,13,1,Left_Hand,-0.622308337069824,-0.5981896891231328,0.517007530080642,0.4196930067393953,-0.5524622438825967,-0.3032673731169266,-0.06984609318722734,-0.29492231600620616,-0.22507622281897882,-0.06984609318722734,-0.29492231600620616,-0.22507622281897882,-0.018939393939393923,-0.015270997623866744
A09,14,4,Tongue,0.6117479018747639,0.5569412036867215,0.39679946400095156,0.3909703375953226,-0.09092354074569167,-0.11774447023891733,0.7026714426204556,0.6746856739256388,-0.027985768694816726,,,,-0.018939393939393923,-0.015270997623866744
A09,15,4,Tongue,1.0242776088536225,1.8199465404703272,1.450421834386893,1.4450863401809166,0.2931972999214806,-0.007792704144230161,0.7310803089321419,1.8277392446145573,1.0966589356824152,,,,-0.018939393939393923,-0.015270997623866744
A09,16,4,Tongue,0.07674613804781417,0.05610659618809762,2.1108383080233644,1.357278155182726,1.8075305861207818,0.5017343933074273,-1.7307844480729675,-0.4456277971193297,1.2851566509536378,,,,-0.018939393939393923,-0.015270997623866744
A09,17,4,Tongue,0.5011978263274466,1.7166525771022065,-0.46952056621091587,-0.1332325097713802,-0.07257496449969604,0.1957894353695123,0.5737727908271426,1.5208631417326943,0.9470903509055517,,,,-0.018939393939393923,-0.015270997623866744
A09,18,1,Left_Hand,-0.7284401060374636,-0.7095090385436734,-0.5141070122625143,-0.4888220223989612,-0.4616634873772767,-0.4253272867372706,-0.26677661866018687,-0.2841817518064028,-0.017405133146215945,-0.26677661866018687,-0.2841817518064028,-0.017405133146215945,-0.018939393939393923,-0.015270997623866744
A09,19,3,Feet,1.4149538450467314,1.3614947275355578,-0.23801670224650132,-0.33094899853777776,0.8257035519998107,0.9117135540948266,0.5892502930469207,0.4497811734407312,-0.13946911960618946,,,,-0.018939393939393923,-0.015270997623866744
A09,20,2,Right_Hand,-0.6370783598691127,-0.613930993035253,-0.6474661082393875,-0.7433346615967301,-0.1692582569870324,-0.4071514927349465,-0.46782010288208026,-0.2067795003003065,0.26104060258177375,0.46782010288208026,0.2067795003003065,-0.26104060258177375,-0.018939393939393923,-0.015270997623866744
A09,21,1,Left_Hand,-0.7604908930535985,-0.8343537424764933,-0.6986021902878937,-0.7612829043741641,-0.8035696114022083,-0.8225742902763994,0.04307871834860977,-0.01177945220009391,-0.05485817054870368,0.04307871834860977,-0.01177945220009391,-0.05485817054870368,-0.018939393939393923,-0.015270997623866744
A09,22,1,Left_Hand,-0.5287663097014972,-0.6321778884247394,-0.25412359881753277,0.6126456258705204,-0.6354533221236753,-0.7406563804143531,0.10668701242217815,0.10847849198961368,0.0017914795674355277,0.10668701242217815,0.10847849198961368,0.0017914795674355277,-0.018939393939393923,-0.015270997623866744
A09,23,3,Feet,-0.6456066973133031,-0.6616113982242738,-0.366593215975352,-0.1614593483473106,-0.48627390942982596,-0.40470398456786283,-0.15933278788347716,-0.256907413656411,-0.09757462577293385,,,,-0.018939393939393923,-0.015270997623866744
A09,24,4,Tongue,-0.552798916374456,-0.5208473662155192,-0.23581173827407959,-0.05641362480001081,-0.32693554308007877,-0.0759142098773787,-0.22586337329437722,-0.4449331563381405,-0.2190697830437633,,,,-0.018939393939393923,-0.015270997623866744
A09,25,1,Left_Hand,-0.4973159425360943,-0.42397248262063847,-0.7084218938708364,-0.525406892438913,-0.5218505605376429,-0.3931470153506862,0.024534618001548603,-0.030825467269952278,-0.05536008527150088,0.024534618001548603,-0.030825467269952278,-0.05536008527150088,-0.018939393939393923,-0.015270997623866744
A09,26,3,Feet,-0.41281788341012965,-0.276303038966046,-0.5272050406207712,-0.19665525256515606,-0.41152532884398446,-0.24407595533497595,-0.0012925545661451876,-0.032227083631070075,-0.030934529064924887,,,,-0.018939393939393923,-0.015270997623866744
A09,27,3,Feet,-0.7356107098645904,-0.8128367605805333,-0.5511794935926628,-0.4183578169890465,-0.4351848445633343,-0.43925565591975124,-0.30042586530125615,-0.3735811046607821,-0.07315523935952595,,,,-0.018939393939393923,-0.015270997623866744
A09,28,3,Feet,-0.42121889653358396,-0.2788685823684754,-0.044939869091982027,0.41864338881379304,-0.2737032242746159,-0.47317610148767364,-0.14751567225896806,0.19430751911919825,0.3418231913781663,,,,-0.018939393939393923,-0.015270997623866744
A09,29,1,Left_Hand,-0.6717859674723677,-0.7781701571241707,-0.21116447675599195,-0.3850913397957759,-0.3606246867218362,-0.3309764292849527,-0.31116128075053157,-0.447193727839218,-0.13603244708868645,-0.31116128075053157,-0.447193727839218,-0.13603244708868645,-0.018939393939393923,-0.015270997623866744
A09,30,1,Left_Hand,-0.7864329521035671,-0.7741478367292048,-0.6572318959453736,-0.6417417090844377,0.25858831636001817,-0.2766377107587018,-1.0450212684635853,-0.49751012597050304,0.5475111424930823,-1.0450212684635853,-0.49751012597050304,0.5475111424930823,-0.018939393939393923,-0.015270997623866744
A09,31,2,Right_Hand,-0.4209538387941059,-0.39735668035735117,-0.27187585517860186,-0.31028643873665673,-0.5066602301886303,-0.5768386629498389,0.08570639139452435,0.1794819825924877,0.09377559119796336,-0.08570639139452435,-0.1794819825924877,-0.09377559119796336,-0.018939393939393923,-0.015270997623866744
A09,32,2,Right_Hand,-0.5798346221993377,-0.7170353021958624,-0.16172532750979268,-0.5222800360392152,-0.6247860758373807,-0.545753468574031,0.04495145363804298,-0.17128183362183147,-0.21623328725987445,-0.04495145363804298,0.17128183362183147,0.21623328725987445,-0.018939393939393923,-0.015270997623866744
A09,33,1,Left_Hand,-0.6497680978820155,-0.5556069141249793,-0.767284849363634,-0.6858996465154409,-0.5882600940963899,-0.7307678366623701,-0.0615080037856256,0.1751609225373908,0.2366689263230164,-0.0615080037856256,0.1751609225373908,0.2366689263230164,-0.018939393939393923,-0.015270997623866744
A09,34,2,Right_Hand,-0.28993739888922826,-0.5309832365090327,-0.5113595736988319,-0.7236182915139712,-0.1413070613155025,0.601173773282691,-0.14863033757372576,-1.1321570097917237,-0.9835266722179979,0.14863033757372576,1.1321570097917237,0.9835266722179979,-0.018939393939393923,-0.015270997623866744
A09,35,3,Feet,-0.46129767692814183,-0.4089603886061171,-0.6744522690967898,-0.6537026947041482,-0.045850497552626976,1.1316538555836144,-0.41544717937551484,-1.5406142441897315,-1.1251670648142167,,,,-0.018939393939393923,-0.015270997623866744
A09,36,3,Feet,-0.7683788537930544,-0.7686930450158412,-0.8037921849969146,-0.5759828553901629,-0.5296592534819572,-0.07058573840980317,-0.23871960031109718,-0.698107306606038,-0.45938770629494086,,,,-0.018939393939393923,-0.015270997623866744
A09,37,3,Feet,1.56532208687661,2.6740912164401616,-0.03954509294665116,0.781933642525663,-0.5617346624524474,-0.20328975854866524,2.1270567493290575,2.8773809749888266,0.7503242256597691,,,,-0.018939393939393923,-0.015270997623866744
A09,38,4,Tongue,0.29791305096177184,0.8855103891059873,-0.18660790504322852,0.03391189300308322,0.11176272429748833,-0.029841910580411284,0.1861503266642835,0.9153522996863986,0.7292019730221151,,,,-0.018939393939393923,-0.015270997623866744
A09,39,3,Feet,0.7332717936808549,1.1858956895516377,-0.5046317737538091,-0.6427529785358049,-0.6027429684451331,-0.6414616509718037,1.3360147621259881,1.8273573405234416,0.49134257839745343,,,,-0.018939393939393923,-0.015270997623866744
A09,40,3,Feet,-0.48756117513942593,-0.6495545232438087,-0.6194056740604865,-0.7956976499368054,-0.42798355871589167,-0.655563730857195,-0.05957761642353426,0.006009207613386303,0.06558682403692057,,,,-0.018939393939393923,-0.015270997623866744
A09,41,4,Tongue,0.05681160807581958,0.09817291044705558,-0.04111873465713406,-0.1324273201026557,-0.4433025346758218,-0.49867318901898056,0.5001141427516413,0.5968460994660362,0.09673195671439483,,,,-0.018939393939393923,-0.015270997623866744
A09,42,4,Tongue,2.1305606644114734,2.231917638211994,0.03284921199802609,-0.0684195057132989,-0.6584242707741466,-0.6446989445682588,2.7889849351856197,2.876616582780253,0.08763164759463304,,,,-0.018939393939393923,-0.015270997623866744
A09,43,4,Tongue,0.5661564192649085,1.3625222618535504,0.10716163416506158,0.48589691062569285,0.2570561372604364,1.1894177434432627,0.30910028200447204,0.17310451841028773,-0.1359957635941843,,,,-0.018939393939393923,-0.015270997623866744
A09,44,4,Tongue,-0.25579678919960386,-0.020945127619025894,-0.2625699811218727,0.04031602541514566,-0.44352888619911157,0.061615430607448236,0.1877320969995077,-0.08256055822647412,-0.27029265522598184,,,,-0.018939393939393923,-0.015270997623866744
A09,45,4,Tongue,3.0816652033074208,3.5608745197976415,0.020368435725724488,0.17639944878530792,0.23000566688868102,0.6323723383447543,2.85165953641874,2.9285021814528873,0.0768426450341475,,,,-0.018939393939393923,-0.015270997623866744
A09,46,3,Feet,-0.35034250224177166,-0.3564310071352678,-0.16675897401086498,-0.2652915166913278,0.030133370835607954,-0.16505173064513107,-0.3804758730773796,-0.19137927649013675,0.18909659658724287,,,,-0.018939393939393923,-0.015270997623866744
A09,47,2,Right_Hand,-0.6540764639198229,-0.7448279368840748,-0.13106569281148386,-0.24991713644438837,-0.17077053879972717,-0.6583888737912784,-0.48330592512009574,-0.08643906309279636,0.39686686202729937,0.48330592512009574,0.08643906309279636,-0.39686686202729937,-0.018939393939393923,-0.015270997623866744
A09,48,1,Left_Hand,-0.4458347139666361,-0.5341342102292189,-0.2929853852164267,-0.5827603928196133,0.10395303078125348,-0.4125184371914813,-0.5497877447478896,-0.12161577303773763,0.428171971710152,-0.5497877447478896,-0.12161577303773763,0.428171971710152,-0.018939393939393923,-0.015270997623866744
A09,49,1,Left_Hand,-0.024405657907308097,-0.33548924595217766,-0.03629440974814684,-0.4321166782997513,-0.3879136627606227,-0.6711424703402531,0.36350800485331464,0.33565322438807543,-0.027854780465239204,0.36350800485331464,0.33565322438807543,-0.027854780465239204,-0.018939393939393923,-0.015270997623866744
A09,50,2,Right_Hand,-0.8695763688669105,-0.8390945793402641,-0.6829957384961027,-0.5945750628208649,-0.8213204180069527,-0.8918205922286179,-0.04825595085995782,0.05272601288835377,0.10098196374831159,0.04825595085995782,-0.05272601288835377,-0.10098196374831159,-0.018939393939393923,-0.015270997623866744
A09,51,3,Feet,-0.84484218652642,-0.8713330091769759,-0.5604144661621192,-0.8214560841031694,-0.33946564237770105,-0.6658237963107165,-0.5053765441487189,-0.20550921286625934,0.29986733128245957,,,,-0.018939393939393923,-0.015270997623866744
A09,52,4,Tongue,-0.4905054176225678,-0.5595524488722435,0.49511913011560443,0.6324696466076646,-0.110642200546628,-0.06825802336560609,-0.3798632170759398,-0.49129442550663743,-0.11143120843069765,,,,-0.018939393939393923,-0.015270997623866744
A09,53,2,Right_Hand,-0.5455771193085958,-0.4193443188115986,-0.25598015626022297,-0.29142742932245774,-0.1416903341662882,0.04552529521926147,-0.4038867851423076,-0.4648696140308601,-0.0609828288885525,0.4038867851423076,0.4648696140308601,0.0609828288885525,-0.018939393939393923,-0.015270997623866744
A09,54,3,Feet,2.662717401434256,2.9082350974765774,1.2700714301513065,0.7118002637870997,0.7019364056587368,0.9789668774849465,1.9607809957755191,1.929268219991631,-0.031512775783888225,,,,-0.018939393939393923,-0.015270997623866744
A09,55,1,Left_Hand,-0.16869733566797337,-0.17372016041336727,-0.6341887397240414,-0.5615794089492646,-0.5293548361552796,-0.4543757799715857,0.36065750048730616,0.2806556195582184,-0.08000188092908778,0.36065750048730616,0.2806556195582184,-0.08000188092908778,-0.018939393939393923,-0.015270997623866744
A09,56,1,Left_Hand,-0.713212940565407,-0.7403117874014958,-0.15570317493244012,-0.28258914398907203,-0.6337182037667242,-0.8683733650128298,-0.0794947367986828,0.12806157761133397,0.20755631441001676,-0.0794947367986828,0.12806157761133397,0.20755631441001676,-0.018939393939393923,-0.015270997623866744
A09,57,4,Tongue,-0.1158321894164181,-0.07530993218744066,-0.4354180186504651,-0.6586395232311769,-0.2540457451118912,-0.5530763340549465,0.1382135556954731,0.47776640186750585,0.33955284617203274,,,,-0.018939393939393923,-0.015270997623866744
A09,58,2,Right_Hand,-0.5902243437287237,-0.6888670640450765,-0.37470100633738396,-0.647255819817888,-0.6238317151995199,-0.41884889291187466,0.03360737147079618,-0.2700181711332018,-0.303625542603998,-0.03360737147079618,0.2700181711332018,0.303625542603998,-0.018939393939393923,-0.015270997623866744
A09,59,2,Right_Hand,-0.48211811263065507,-0.5129622765478008,-0.5156223269467682,-0.49545850949301673,-0.39395770985348444,0.028228621338708283,-0.08816040277717063,-0.5411908978865091,-0.45303049510933846,0.08816040277717063,0.5411908978865091,0.45303049510933846,-0.018939393939393923,-0.015270997623866744
A09,60,1,Left_Hand,-0.6136097849749588,-0.5440777135484882,-0.6747015120234905,-0.6493751818289758,-0.8754100814477336,-0.8848746185236923,0.2618002964727748,0.3407969049752041,0.07899660850242929,0.2618002964727748,0.3407969049752041,0.07899660850242929,-0.018939393939393923,-0.015270997623866744
A09,61,1,Left_Hand,-0.8061242988662451,-0.7705814608674616,-0.7661887183584941,-0.7451115606703341,-0.8768234748777762,-0.7998664025050113,0.07069917601153108,0.02928494163754969,-0.041414234373981396,0.07069917601153108,0.02928494163754969,-0.041414234373981396,-0.018939393939393923,-0.015270997623866744
A09,62,3,Feet,0.04201835140805087,-0.10774476883425604,-0.6358435415744204,-0.7581402459114374,-0.6479374969958304,-0.5737620990837853,0.6899558484038812,0.46601733024952924,-0.223938518154352,,,,-0.018939393939393923,-0.015270997623866744
A09,63,1,Left_Hand,-0.7518188473626327,-0.7947649897896237,-0.5677388264885376,-0.3569065400804765,-0.7795963774790385,-0.6670777711092519,0.027777530116405824,-0.1276872186803718,-0.15546474879677763,0.027777530116405824,-0.1276872186803718,-0.15546474879677763,-0.018939393939393923,-0.015270997623866744
A09,64,2,Right_Hand,-0.6473241394749103,-0.7092917871259611,0.014514257053099493,-0.1557093224800988,-0.5869704786330344,-0.4780506607097519,-0.06035366084187588,-0.2312411264162092,-0.17088746557433332,0.06035366084187588,0.2312411264162092,0.17088746557433332,-0.018939393939393923,-0.015270997623866744
A09,65,4,Tongue,0.4806352155193999,0.3338553314786053,-0.0072700288764970195,-0.21166530253463012,-0.23315760180761608,-0.31227628600825336,0.713792817327016,0.6461316174868587,-0.0676611998401574,,,,-0.018939393939393923,-0.015270997623866744
A09,66,4,Tongue,-0.06659295254322228,-0.12846071188185945,-0.4106364329737915,-0.2984997844607146,0.15106301104867825,0.3244208030656091,-0.21765596359190054,-0.45288151494746853,-0.235225551355568,,,,-0.018939393939393923,-0.015270997623866744
A09,67,3,Feet,-0.24947361501187926,-0.5403415088342056,0.2642017814976706,-0.3470437905472394,-0.5887621747600729,-0.7083298025865611,0.3392885597481936,0.16798829375235547,-0.17130026599583814,,,,-0.018939393939393923,-0.015270997623866744
A09,68,1,Left_Hand,-0.4064318451649588,-0.668912671926775,-0.16429690739649827,-0.4112980302176728,-0.4642287147848528,-0.34586619225274,0.057796869619894,-0.32304647967403494,-0.38084334929392893,0.057796869619894,-0.32304647967403494,-0.38084334929392893,-0.018939393939393923,-0.015270997623866744
A09,69,4,Tongue,0.5830917770466358,0.36959238492360164,0.7412123835900868,0.26128418402090914,0.8508924139831471,0.4655249820830674,-0.26780063693651124,-0.09593259715946578,0.17186803977704546,,,,-0.018939393939393923,-0.015270997623866744
A09,70,4,Tongue,0.1749611064494026,0.23086686255454983,0.25212523454287744,0.1712452898590413,-0.3327899811086154,-0.5660660665203184,0.507751087558018,0.7969329290748682,0.2891818415168502,,,,-0.018939393939393923,-0.015270997623866744
A09,71,2,Right_Hand,-0.189539016280835,-0.5409462152158254,0.3642762272209657,-0.1264069411389834,0.25592566563997676,0.11371943984813912,-0.4454646819208118,-0.6546656550639646,-0.20920097314315278,0.4454646819208118,0.6546656550639646,0.20920097314315278,-0.018939393939393923,-0.015270997623866744
A09,72,4,Tongue,-0.056120458452772436,-0.20685286848329862,-0.3555611148141728,-0.5195618331502292,-0.6899862073357224,-0.8013844304123969,0.6338657488829499,0.5945315619290983,-0.0393341869538516,,,,-0.018939393939393923,-0.015270997623866744
A09,73,4,Tongue,0.07039636725792796,-0.009602677709695173,0.18321102047407284,-0.04074774220686281,0.6185564158022661,0.3307515880886972,-0.5481600485443381,-0.3403542657983924,0.2078057827459457,,,,-0.018939393939393923,-0.015270997623866744
A09,74,2,Right_Hand,-0.017677981759526736,0.29875996860922915,0.4421058234534059,1.0755027509383737,0.8463456672463789,1.2478093846617597,-0.8640236490059057,-0.9490494160525306,-0.0850257670466249,0.8640236490059057,0.9490494160525306,0.0850257670466249,-0.018939393939393923,-0.015270997623866744
A09,75,1,Left_Hand,-0.4177187881164652,-0.6182308705906985,-0.13398587813732638,-0.059663806496959265,-0.3532951348801389,-0.4414968897215682,-0.06442365323632626,-0.17673398086913028,-0.11231032763280402,-0.06442365323632626,-0.17673398086913028,-0.11231032763280402,-0.018939393939393923,-0.015270997623866744
A09,76,2,Right_Hand,-0.2919699940830305,-0.26845647186230964,-0.009915891060067484,0.24722344533065502,0.022595227392960205,0.10513550460941626,-0.3145652214759907,-0.37359197647172593,-0.05902675499573523,0.3145652214759907,0.37359197647172593,0.05902675499573523,-0.018939393939393923,-0.015270997623866744
A09,77,3,Feet,3.1068655471404636,2.6383736038959182,0.17150766229858438,0.13865007525295495,-0.3791728879575772,-0.028905953295321078,3.486038435098041,2.667279557191239,-0.8187588779068018,,,,-0.018939393939393923,-0.015270997623866744
A09,78,3,Feet,-0.7136231867736278,-0.6648512533432994,-0.5336471652642168,-0.45876725087592674,0.677663900322291,1.3176779383518837,-1.3912870870959186,-1.9825291916951833,-0.5912421045992646,,,,-0.018939393939393923,-0.015270997623866744
A09,79,3,Feet,-0.8773416011394923,-0.8387433182452191,-0.6497218500229357,-0.5921875351925252,0.42604873726260134,0.3121530553614348,-1.3033903384020937,-1.150896373606654,0.15249396479543975,,,,-0.018939393939393923,-0.015270997623866744
A09,80,4,Tongue,0.5594048634375277,0.4876805815459892,-0.609611936937503,-0.7577742879112008,1.045777214648379,1.4299038465789509,-0.4863723512108513,-0.9422232650329616,-0.4558509138221103,,,,-0.018939393939393923,-0.015270997623866744
A09,81,3,Feet,-0.4318009128851167,-0.3782397511599286,1.3173686537083493,1.7907750344327065,0.6089409858084489,0.49282116192441616,-1.0407418986935655,-0.8710609130843447,0.16968098560922074,,,,-0.018939393939393923,-0.015270997623866744
A09,82,1,Left_Hand,-0.6941347607021986,-0.7369564773507744,-0.31804221563852947,-0.22185952614976337,-0.37340476566186487,-0.47900286383366303,-0.3207299950403337,-0.2579536135171114,0.06277638152322235,-0.3207299950403337,-0.2579536135171114,0.06277638152322235,-0.018939393939393923,-0.015270997623866744
A09,83,4,Tongue,0.7455175263552076,0.3460933793622694,0.5467860876340321,-0.17996417531978132,1.473715924785442,0.10296349439251708,-0.7281983984302345,0.24312988496975235,0.9713282833999868,,,,-0.018939393939393923,-0.015270997623866744
A09,84,2,Right_Hand,0.49084611600045713,0.22611244781341985,1.4262447276422656,0.7289491416071529,0.8791062443309936,0.4386360494231822,-0.38826012833053647,-0.21252360160976233,0.17573652672077414,0.38826012833053647,0.21252360160976233,-0.17573652672077414,-0.018939393939393923,-0.015270997623866744
A09,85,3,Feet,-0.4953453382064639,-0.6654427955786062,-0.40061610502298467,-0.5763917235835959,-0.49299562869005226,-0.743169327308065,-0.002349709516411669,0.07772653172945876,0.08007624124587043,,,,-0.018939393939393923,-0.015270997623866744
A09,86,2,Right_Hand,1.3653512520094555,1.7357054729297234,-0.48024146905660586,-0.11887819550741847,-0.46916881899196333,-0.24124421480099845,1.834520071001419,1.976949687730722,0.1424296167293031,-1.834520071001419,-1.976949687730722,-0.1424296167293031,-0.018939393939393923,-0.015270997623866744
A09,87,3,Feet,-0.7277128918848074,-0.5926513861304682,-0.33056104376803624,-0.26870915948035357,-0.2157943808593011,-0.05408346019168146,-0.5119185110255062,-0.5385679259387868,-0.026649414913280545,,,,-0.018939393939393923,-0.015270997623866744
A09,88,4,Tongue,1.5145938247727795,2.1499849081149724,0.09753655334848502,0.2252014002257607,0.7668728639492888,0.6361023512510692,0.7477209608234907,1.5138825568639032,0.7661615960404125,,,,-0.018939393939393923,-0.015270997623866744
A09,89,2,Right_Hand,0.19915693707449247,0.5060726120258858,-0.30906483224520853,-0.4930641947765226,-0.576075310890914,-0.3404832213082107,0.7752322479654065,0.8465558333340966,0.0713235853686901,-0.7752322479654065,-0.8465558333340966,-0.0713235853686901,-0.018939393939393923,-0.015270997623866744
A09,90,3,Feet,-0.3837076749307212,-0.42940624792981646,-0.7729120844738647,-0.7655632602382103,-0.5394751022900345,-0.6055744324884778,0.15576742735931326,0.1761681845586613,0.02040075719934803,,,,-0.018939393939393923,-0.015270997623866744
A09,91,1,Left_Hand,0.5133337612523959,0.5488474288183125,0.22892279029341417,0.43486473291054434,-0.4347877087553952,-0.5463935609855801,0.9481214700077911,1.0952409898038926,0.1471195197961015,0.9481214700077911,1.0952409898038926,0.1471195197961015,-0.018939393939393923,-0.015270997623866744
A09,92,1,Left_Hand,-0.7127669183280517,-0.5104507188412009,-0.7288182764285852,-0.38646311541262207,-0.8869675927971516,-0.7273942337689375,0.17420067446909993,0.21694351492773667,0.042742840458636744,0.17420067446909993,0.21694351492773667,0.042742840458636744,-0.018939393939393923,-0.015270997623866744
A09,93,1,Left_Hand,-0.7977805431544992,-0.830717460779743,-0.8271064463364033,-0.7896975258734893,-0.6649876699097561,-0.6629814021876022,-0.1327928732447431,-0.1677360585921408,-0.03494318534739771,-0.1327928732447431,-0.1677360585921408,-0.03494318534739771,-0.018939393939393923,-0.015270997623866744
A09,94,4,Tongue,1.6085234445543124,1.4152093698479757,1.3554845694742816,0.6647756783030585,5.3369081061706405,3.5961692552185864,-3.728384661616328,-2.1809598853706107,1.5474247762457174,,,,-0.018939393939393923,-0.015270997623866744
A09,95,2,Right_Hand,0.4818164591873146,0.2532319208707557,0.3343451532612287,0.3868101673245836,0.5067293831354798,0.5699941328116134,-0.02491292394816519,-0.3167622119408577,-0.2918492879926925,0.02491292394816519,0.3167622119408577,0.2918492879926925,-0.018939393939393923,-0.015270997623866744
A09,96,1,Left_Hand,-0.21128639538673216,-0.21926992097385675,-0.22589816444098784,-0.2986749844668435,-0.5652871999210436,-0.5803141255993599,0.35400080453431143,0.36104420462550313,0.007043400091191698,0.35400080453431143,0.36104420462550313,0.007043400091191698,-0.018939393939393923,-0.015270997623866744
A09,97,3,Feet,1.9763092369622053,1.5742207906374954,1.496248527678803,1.2373387424364357,-0.4055640436497507,-0.1876715526805077,2.381873280611956,1.7618923433180032,-0.6199809372939529,,,,-0.018939393939393923,-0.015270997623866744
A09,98,1,Left_Hand,0.5439823261182761,0.10758156043557986,0.6349947018788533,0.6011965542170014,-0.2884161347920757,-0.3755826263707956,0.8323984609103519,0.48316418680637546,-0.3492342741039764,0.8323984609103519,0.48316418680637546,-0.3492342741039764,-0.018939393939393923,-0.015270997623866744
A09,99,3,Feet,0.18347761213182415,0.17461675332111679,0.017781886423641223,-0.14082966951086437,0.40384854878913007,0.06992501290865161,-0.22037093665730592,0.10469174041246518,0.3250626770697711,,,,-0.018939393939393923,-0.015270997623866744
A09,100,4,Tongue,0.38479647592167104,1.0170920562188388,-0.024920365522317803,-0.0027049574539987423,0.7416507587097599,1.5997038715176473,-0.3568542827880889,-0.5826118152988085,-0.22575753251071956,,,,-0.018939393939393923,-0.015270997623866744
A09,101,1,Left_Hand,-0.35257950380969055,-0.26431366655312377,-0.7729476172168772,-0.606254371768068,-0.6371224402905425,-0.8626011631731239,0.284542936480852,0.59828749662,0.31374456013914803,0.284542936480852,0.59828749662,0.31374456013914803,-0.018939393939393923,-0.015270997623866744
A09,102,3,Feet,-0.11691652791859865,0.0776652155139294,-0.24720298174627334,0.12569913045725956,0.6947047158762768,2.701834356391702,-0.8116212437948754,-2.6241691408777728,-1.8125478970828972,,,,-0.018939393939393923,-0.015270997623866744
A09,103,1,Left_Hand,-0.2566813930690672,-0.5216144983363799,-0.6141735266597064,-0.7805602434713376,-0.32597020363420953,-0.4473799033574029,0.06928881056514236,-0.07423459497897694,-0.1435234055441193,0.06928881056514236,-0.07423459497897694,-0.1435234055441193,-0.018939393939393923,-0.015270997623866744
A09,104,3,Feet,-0.5054957756016858,-0.5353015389876881,-0.48188244656189827,-0.5832985856826907,-0.6290877150672334,-0.7859038753214462,0.12359193946554758,0.25060233633375817,0.12701039686821058,,,,-0.018939393939393923,-0.015270997623866744
A09,105,2,Right_Hand,0.36107052263157197,0.23791654977230547,1.4421124918745216,1.0167786481756853,1.5405031543898637,0.6879521733867192,-1.1794326317582917,-0.45003562361441374,0.729397008143878,1.1794326317582917,0.45003562361441374,-0.729397008143878,-0.018939393939393923,-0.015270997623866744
A09,106,4,Tongue,-0.484231479931436,-0.493838896950723,-0.5682016792768068,-0.3870227822671092,-0.04093223185341633,-0.10798835496956603,-0.4432992480780197,-0.385850541981157,0.0574487060968627,,,,-0.018939393939393923,-0.015270997623866744
A09,107,4,Tongue,1.5968519681244064,1.5882902454223884,1.5013727019688816,2.055460958974876,2.286384331425248,4.444645756460343,-0.6895323633008417,-2.8563555110379544,-2.1668231477371127,,,,-0.018939393939393923,-0.015270997623866744
A09,108,3,Feet,-0.19009820443872288,0.19012916413433287,-0.5584345359706083,-0.3965803950020758,-0.3660875664211603,0.02728880007905429,0.17598936198243742,0.16284036405527857,-0.013148997927158845,,,,-0.018939393939393923,-0.015270997623866744
A09,109,1,Left_Hand,0.18914766568451294,-0.017544001692830706,-0.04399738494181631,-0.2921050165805887,-0.3803586542768759,-0.6380821745360383,0.5695063199613888,0.6205381728432077,0.051031852881818884,0.5695063199613888,0.6205381728432077,0.051031852881818884,-0.018939393939393923,-0.015270997623866744
A09,110,4,Tongue,0.4363515011782712,0.7158943144845729,-0.5028279813879906,-0.19064719033556857,-0.5961128044180273,-0.39926489970811313,1.0324643055962985,1.115159214192686,0.0826949085963875,,,,-0.018939393939393923,-0.015270997623866744
A09,111,2,Right_Hand,-0.6170701500506296,-0.6701768308152813,-0.6026806563245904,-0.815914187227572,0.7866852261883408,0.8328336512811418,-1.4037553762389705,-1.5030104820964232,-0.09925510585745267,1.4037553762389705,1.5030104820964232,0.09925510585745267,-0.018939393939393923,-0.015270997623866744
A09,112,4,Tongue,-0.04324804209953762,-0.07456838081225575,-0.13757207211760425,-0.3613746899615343,-0.5541793456389117,-0.7691692763851321,0.5109313035393741,0.6946008955728764,0.1836695920335023,,,,-0.018939393939393923,-0.015270997623866744
A09,113,2,Right_Hand,5.244596968835929,4.866704602272469,2.16216570423015,1.74124345927126,0.9476824313499294,-0.16708085395917863,4.296914537486,5.033785456231647,0.7368709187456473,-4.296914537486,-5.033785456231647,-0.7368709187456473,-0.018939393939393923,-0.015270997623866744
A09,114,1,Left_Hand,-0.7046536914437709,-0.6404832084236921,-0.775765822491411,-0.5884940757216057,-0.864429714382188,-0.7935300522468725,0.15977602293841708,0.15304684382318035,-0.006729179115236739,0.15977602293841708,0.15304684382318035,-0.006729179115236739,-0.018939393939393923,-0.015270997623866744
A09,115,3,Feet,-0.16949164883723014,-0.10491806811097322,1.7544372419520402,0.1261843824788378,0.2261178691905464,0.26382118636010254,-0.39560951802777655,-0.36873925447107575,0.026870263556700802,,,,-0.018939393939393923,-0.015270997623866744
A09,116,2,Right_Hand,3.0732244388356325,5.111241814232422,0.4088183035450388,0.8448379469124196,1.3543713185668629,4.073075964508181,1.7188531202687696,1.0381658497242405,-0.680687270544529,-1.7188531202687696,-1.0381658497242405,0.680687270544529,-0.018939393939393923,-0.015270997623866744
A09,117,1,Left_Hand,-0.3695181961281181,-0.3707606168891143,0.04820356606954355,0.24554009849280778,-0.4696070576675295,-0.43866849332291574,0.10008886153941143,0.06790787643380142,-0.032180985105610016,0.10008886153941143,0.06790787643380142,-0.032180985105610016,-0.018939393939393923,-0.015270997623866744
A09,118,3,Feet,-0.0996836988689448,-0.1458813897766888,-0.2773166350246908,-0.1036992246902258,-0.5059780124048723,-0.5395376728476571,0.4062943135359275,0.3936562830709683,-0.012638030464959205,,,,-0.018939393939393923,-0.015270997623866744
A09,119,3,Feet,2.0458296708247308,3.428779782581616,-0.787954614041823,-0.667346292345367,-0.4626254574286352,-0.4461288867381766,2.508455128253366,3.8749086693197925,1.3664535410664267,,,,-0.018939393939393923,-0.015270997623866744
A09,120,1,Left_Hand,-0.7671493247442148,-0.7818687169947054,-0.4763999460103183,-0.48869372968063995,-0.7268577374860038,-0.8162076655354483,-0.040291587258211026,0.03433894854074293,0.07463053579895396,-0.040291587258211026,0.03433894854074293,0.07463053579895396,-0.018939393939393923,-0.015270997623866744
A09,121,3,Feet,-0.22945605403914593,-0.14553646640595044,-0.8526758630702876,-0.7830759336651197,-0.4135586035568239,-0.43628997308307266,0.18410254951767796,0.2907535066771222,0.10665095715944423,,,,-0.018939393939393923,-0.015270997623866744
A09,122,4,Tongue,-0.41765595316458226,-0.3737795120381872,-0.6359243337310331,-0.6033533229626301,-0.31544960193691834,-0.5927394860789068,-0.10220635122766392,0.2189599740407196,0.3211663252683835,,,,-0.018939393939393923,-0.015270997623866744
A09,123,4,Tongue,-0.2963267215347464,-0.21174469634975288,-0.19963461502408367,-0.4466159700754456,0.47811465345096127,0.3209349925793701,-0.7744413749857076,-0.532679688929123,0.24176168605658466,,,,-0.018939393939393923,-0.015270997623866744
A09,124,1,Left_Hand,2.3550110299334355,1.7872636349495197,0.9362310598726116,0.22142603062216765,-0.03468493804575991,-0.4733004920121567,2.3896959679791956,2.2605641269616763,-0.1291318410175193,2.3896959679791956,2.2605641269616763,-0.1291318410175193,-0.018939393939393923,-0.015270997623866744
A09,125,2,Right_Hand,-0.3512601237799741,-0.49382610537506044,-0.23901975550559998,-0.3905619347782478,-0.6494566996239709,-0.7469683004216157,0.2981965758439968,0.2531421950465552,-0.04505438079744156,-0.2981965758439968,-0.2531421950465552,0.04505438079744156,-0.018939393939393923,-0.015270997623866744
A09,126,4,Tongue,-0.42838874132290167,-0.3650212332152308,1.0099362249809862,1.0843964062270024,0.5493211675658569,0.6439589650544653,-0.9777099088887586,-1.008980198269696,-0.031270289380937344,,,,-0.018939393939393923,-0.015270997623866744
A09,127,2,Right_Hand,-0.5413733834481943,-0.4950285949647139,-0.31544332784692686,-0.41271156915955615,-0.5139813111496497,-0.7044314175314683,-0.027392072298544567,0.2094028225667544,0.23679489486529898,0.027392072298544567,-0.2094028225667544,-0.23679489486529898,-0.018939393939393923,-0.015270997623866744
A09,128,4,Tongue,-0.5069872431976644,-0.5202894967828018,-0.49691465285417846,-0.42639438735883267,-0.39833388585421636,-0.24941758385354518,-0.10865335734344805,-0.2708719129292566,-0.16221855558580855,,,,-0.018939393939393923,-0.015270997623866744
A09,129,2,Right_Hand,0.8824521921553466,2.0447817019205017,-0.21611003969128514,0.19494944660832786,-0.17774891384560604,0.3141658164333248,1.0602011060009526,1.730615885487177,0.6704147794862243,-1.0602011060009526,-1.730615885487177,-0.6704147794862243,-0.018939393939393923,-0.015270997623866744
A09,130,2,Right_Hand,0.1872484911171797,-0.2377365268805669,-0.006848750858448512,-0.5182943621068373,0.6657597654559306,-0.44906364889387534,-0.47851127433875096,0.21132712201330844,0.6898383963520593,0.47851127433875096,-0.21132712201330844,-0.6898383963520593,-0.018939393939393923,-0.015270997623866744
A09,131,2,Right_Hand,0.6004355720454807,0.08630669755474356,1.937177668918024,1.1163426716869476,1.3537451442858024,1.1265001632160914,-0.7533095722403217,-1.0401934656613478,-0.28688389342102616,0.7533095722403217,1.0401934656613478,0.28688389342102616,-0.018939393939393923,-0.015270997623866744
A09,132,3,Feet,-0.5465744884874028,-0.6394506962758747,-0.5206594667027109,-0.7487258012053702,-0.13384232203378774,-0.3315585751662246,-0.412732166453615,-0.3078921211096501,0.1048400453439649,,,,-0.018939393939393923,-0.015270997623866744
A09,133,4,Tongue,-0.19611262350634934,0.02810973304313251,-0.3469300561922722,-0.08546775722096475,-0.8327604342569744,-0.8131026064173212,0.636647810750625,0.8412123394604537,0.20456452870982866,,,,-0.018939393939393923,-0.015270997623866744
A09,134,1,Left_Hand,-0.5583531564329164,-0.6101858479833457,-0.3174134216276356,-0.4671721617925662,-0.4242612387709389,-0.6499935124150815,-0.13409191766197748,0.03980766443173578,0.17389958209371326,-0.13409191766197748,0.03980766443173578,0.17389958209371326,-0.018939393939393923,-0.015270997623866744
A09,135,2,Right_Hand,-0.33664790213596424,-0.6059846716482473,-0.5320992122279102,-0.7305599245775225,-0.5749028923077497,-0.7142324142863797,0.23825499017178547,0.10824774263813242,-0.13000724753365306,-0.23825499017178547,-0.10824774263813242,0.13000724753365306,-0.018939393939393923,-0.015270997623866744
A09,136,1,Left_Hand,-0.5215416503860597,-0.32784934025935436,-0.6219610342733862,-0.43695269244600454,-0.5292904066563575,-0.43540907945662144,0.0077487562702978074,0.10755973919726708,0.09981098292696927,0.0077487562702978074,0.10755973919726708,0.09981098292696927,-0.018939393939393923,-0.015270997623866744
A09,137,3,Feet,-0.7107116111009074,-0.7655279185374877,-0.0721085280419055,-0.09011505541796257,0.15357867621917187,0.2404790435564906,-0.8642902873200793,-1.0060069620939782,-0.14171667477389893,,,,-0.018939393939393923,-0.015270997623866744
A09,138,3,Feet,0.14262652172214174,0.16814499095005622,-0.6445661399584666,-0.48657181391459675,-0.7127752558683647,-0.5617827853265802,0.8554017775905064,0.7299277762766364,-0.12547400131387,,,,-0.018939393939393923,-0.015270997623866744
A09,139,4,Tongue,1.5722973610331261,2.104199074163076,0.4767664718147618,0.6949217871876849,0.024862765017489335,-0.09362998253298097,1.5474345960156368,2.197829056696057,0.6503944606804204,,,,-0.018939393939393923,-0.015270997623866744
A09,140,1,Left_Hand,0.1742498638229805,0.27452256222780064,-0.6783727764728276,-0.4695219597308147,-0.5786432459092954,-0.6468255884015586,0.7528931097322759,0.9213481506293593,0.1684550408970834,0.7528931097322759,0.9213481506293593,0.1684550408970834,-0.018939393939393923,-0.015270997623866744
A09,141,1,Left_Hand,-0.7957320561984507,-0.789568000264161,-0.5498601331737436,-0.34353224758334805,-0.710236169740781,-0.5960631012672909,-0.0854958864576697,-0.19350489899687007,-0.10800901253920037,-0.0854958864576697,-0.19350489899687007,-0.10800901253920037,-0.018939393939393923,-0.015270997623866744
A09,142,2,Right_Hand,-0.40720536126364776,-0.3614411145287791,-0.4560987677470247,-0.4660893923329499,-0.7373143323100757,-0.6670899677534613,0.33010897104642795,0.3056488532246822,-0.02446011782174573,-0.33010897104642795,-0.3056488532246822,0.02446011782174573,-0.018939393939393923,-0.015270997623866744
A09,143,4,Tongue,-0.25626765195982115,-0.25109719288704535,-0.5190375558411804,-0.6624893238710632,1.1470087312043888,0.689382177360194,-1.40327638316421,-0.9404793702472394,0.46279701291697073,,,,-0.018939393939393923,-0.015270997623866744
A09,144,4,Tongue,-0.5028486932910571,-0.47432255528861555,-0.6783388880353154,-0.6995656642726057,-0.6364617340564804,-0.7418366064587988,0.13361304076542335,0.26751405117018323,0.13390101040475988,,,,-0.018939393939393923,-0.015270997623866744
A09,145,4,Tongue,-0.5437195596776648,-0.47137331754493583,-0.4554335209440025,-0.09178898705933067,0.043747335187688835,-0.019254728956969478,-0.5874668948653536,-0.45211858858796633,0.1353483062773873,,,,-0.018939393939393923,-0.015270997623866744
A09,146,2,Right_Hand,-0.563420644276695,-0.3357112886534021,-0.18092404839333254,0.31401198976651684,-0.77397378639033,-0.6606574444796944,0.21055314211363496,0.3249461558262923,0.11439301371265737,-0.21055314211363496,-0.3249461558262923,-0.11439301371265737,-0.018939393939393923,-0.015270997623866744
A09,147,3,Feet,-0.6962125533001178,-0.7507650023265279,0.36954567156973306,0.41761664062150455,-0.28014444224834756,-0.1033217683930499,-0.4160681110517702,-0.6474432339334779,-0.2313751228817077,,,,-0.018939393939393923,-0.015270997623866744
A09,148,2,Right_Hand,-0.7637514477925699,-0.8300035788886096,-0.39500190379634126,-0.2998586149802566,-0.5601667898182819,-0.6885625521639837,-0.20358465797428793,-0.141441026724626,0.062143631249661935,0.20358465797428793,0.141441026724626,-0.062143631249661935,-0.018939393939393923,-0.015270997623866744
A09,149,4,Tongue,-0.6769864809220637,-0.6678494504403413,-0.4820974829871732,-0.5706807751475393,0.06029687977961836,-0.06536024701370244,-0.7372833607016821,-0.6024892034266388,0.1347941572750433,,,,-0.018939393939393923,-0.015270997623866744
A09,150,4,Tongue,-0.7345144178778237,-0.7321878291396595,-0.6170761591529145,-0.6666353256684137,-0.3898273837208118,-0.36892921026872383,-0.34468703415701185,-0.3632586188709357,-0.01857158471392384,,,,-0.018939393939393923,-0.015270997623866744
A09,151,3,Feet,0.2467399038115024,0.574466222164706,0.009378169095869705,0.23893511266257597,0.42834824784325026,0.35593074774878397,-0.18160834403174786,0.21853547441592203,0.4001438184476699,,,,-0.018939393939393923,-0.015270997623866744
A09,152,2,Right_Hand,-0.39854731044423836,-0.46738677260230116,-0.22458318712820433,-0.2556900034955364,-0.740725917699345,-0.5861118179078224,0.3421786072551067,0.11872504530552125,-0.22345356194958543,-0.3421786072551067,-0.11872504530552125,0.22345356194958543,-0.018939393939393923,-0.015270997623866744
A09,153,4,Tongue,-0.7114919622024594,-0.5627514226224453,-0.6402962535079556,-0.6404519552292588,-0.6586692334662481,-0.7912075146818496,-0.0528227287362113,0.22845609205940431,0.2812788207956156,,,,-0.018939393939393923,-0.015270997623866744
A09,154,4,Tongue,-0.20086630662454708,-0.18659554729973207,-0.5164406093977293,-0.6007974736974108,0.4181183707134578,0.008193445239367603,-0.6189846773380049,-0.19478899253909968,0.42419568479890524,,,,-0.018939393939393923,-0.015270997623866744
A09,155,1,Left_Hand,-0.7638478943108276,-0.5918511853021474,-0.9144508954586705,-0.8699709729342537,-0.7136891806913674,-0.6333690233568563,-0.050158713619460116,0.04151783805470888,0.091676551674169,-0.050158713619460116,0.04151783805470888,0.091676551674169,-0.018939393939393923,-0.015270997623866744
A09,156,2,Right_Hand,-0.5201953088739358,-0.48121248946356365,-0.5738717683912054,-0.6312625192526563,-0.7428763228588113,-0.7120362709225933,0.2226810139848755,0.2308237814590296,0.0081427674741541,-0.2226810139848755,-0.2308237814590296,-0.0081427674741541,-0.018939393939393923,-0.015270997623866744
A09,157,2,Right_Hand,-0.6767576909759233,-0.5468572957440618,-0.13060592238249513,-0.2934672240259795,-0.26033658771872425,-0.2718988727246261,-0.41642110325719905,-0.27495842301943574,0.14146268023776332,0.41642110325719905,0.27495842301943574,-0.14146268023776332,-0.018939393939393923,-0.015270997623866744
A09,158,3,Feet,-0.21745956851261822,-0.02009545912434937,-0.5059471775568226,-0.10389846856950007,-0.39531050620906555,0.3223998740465001,0.17785093769644733,-0.34249533317084946,-0.5203462708672968,,,,-0.018939393939393923,-0.015270997623866744
A09,159,2,Right_Hand,-0.33645917561668964,-0.08201829354559426,-0.6887801206013018,-0.4852303209782761,-0.3653075201486008,0.3845983410881757,0.028848344531911152,-0.46661663463376996,-0.4954649791656811,-0.028848344531911152,0.46661663463376996,0.4954649791656811,-0.018939393939393923,-0.015270997623866744
A09,160,1,Left_Hand,-0.6711382789993938,-0.652222483771268,-0.3868021836149048,-0.32093055052762803,-0.816768732548067,-0.7691968888145778,0.1456304535486732,0.1169744050433098,-0.028656048505363407,0.1456304535486732,0.1169744050433098,-0.028656048505363407,-0.018939393939393923,-0.015270997623866744
A09,161,1,Left_Hand,-0.7228001369197299,-0.8323583443731537,-0.268965728266958,-0.33106858768831443,-0.36030852708924826,-0.3028842714904833,-0.3624916098304816,-0.5294740728826703,-0.16698246305218872,-0.3624916098304816,-0.5294740728826703,-0.16698246305218872,-0.018939393939393923,-0.015270997623866744
A09,162,4,Tongue,-0.201238991668132,-0.2026313218005559,-0.5691752711180648,-0.46234062410066357,-0.3523501824329173,-0.15065703507575512,0.15111119076478532,-0.05197428672480078,-0.2030854774895861,,,,-0.018939393939393923,-0.015270997623866744
A09,163,2,Right_Hand,-0.31840762350256757,-0.26610681274498565,-0.7641514480764681,-0.7411701701571948,-0.705702292196163,-0.5803199375599607,0.3872946686935954,0.31421312481497504,-0.07308154387862037,-0.3872946686935954,-0.31421312481497504,0.07308154387862037,-0.018939393939393923,-0.015270997623866744
A09,164,1,Left_Hand,-0.4172509281101975,-0.48130939975301007,0.07843615816013828,-0.10149214774797848,0.007060868679665059,-0.5238411025760891,-0.4243117967898625,0.042531702823079,0.4668434996129415,-0.4243117967898625,0.042531702823079,0.4668434996129415,-0.018939393939393923,-0.015270997623866744
A09,165,3,Feet,2.3383340940923376,2.13549359324004,0.4371169358235352,0.1553171858867083,-0.2728282389127158,-0.3946039946074192,2.6111623330050535,2.530097587847459,-0.08106474515759432,,,,-0.018939393939393923,-0.015270997623866744
A09,166,2,Right_Hand,-0.10112131013780798,-0.16591793862213275,-0.5424734217653508,-0.5759162398208895,-0.0524799429029484,0.5763011186322605,-0.04864136723485958,-0.7422190572543933,-0.6935776900195337,0.04864136723485958,0.7422190572543933,0.6935776900195337,-0.018939393939393923,-0.015270997623866744
A09,167,2,Right_Hand,0.31223256030258484,0.47595224957285853,-0.0696938613073111,0.03352813141463579,-0.08324493472849159,0.07848368491152415,0.39547749503107643,0.3974685646613344,0.001991069630257969,-0.39547749503107643,-0.3974685646613344,-0.001991069630257969,-0.018939393939393923,-0.015270997623866744
A09,168,3,Feet,-0.06239172667874521,-0.3546356569831565,0.13657368144565463,-0.01750121554327888,0.5373153793743246,1.2882677791777974,-0.5997071060530699,-1.642903436160954,-1.0431963301078842,,,,-0.018939393939393923,-0.015270997623866744
A09,169,1,Left_Hand,-0.5379756077416608,-0.5588948563513374,-0.5704957090064822,-0.6320179294236069,-0.7056369759642586,-0.8240398813498295,0.1676613682225978,0.26514502499849213,0.09748365677589432,0.1676613682225978,0.26514502499849213,0.09748365677589432,-0.018939393939393923,-0.015270997623866744
A09,170,4,Tongue,0.012752523250500847,-0.019009183965905736,0.36207962860497467,-0.09199938345947307,0.03459111101592713,-0.38432337555561574,-0.02183858776542628,0.36531419158971,0.3871527793551363,,,,-0.018939393939393923,-0.015270997623866744
A09,171,3,Feet,-0.72424300745786,-0.7197235456583918,-0.6383927425567555,-0.43696788946843784,-0.8413136117978457,-0.6310781869830625,0.11707060433998573,-0.0886453586753293,-0.20571596301531503,,,,-0.018939393939393923,-0.015270997623866744
A09,172,3,Feet,-0.3604640848206025,-0.05740021528126228,0.3780421409369619,0.44014833919022306,-0.07717813270057629,-0.06338670553818858,-0.2832859521200262,0.005986490256926297,0.2892724423769525,,,,-0.018939393939393923,-0.015270997623866744
A09,173,3,Feet,0.772453615182768,0.6856787374658031,0.3145125418678664,-0.2002840156864728,0.25623666041125714,-0.3434399257754545,0.5162169547715109,1.0291186632412577,0.5129017084697468,,,,-0.018939393939393923,-0.015270997623866744
A09,174,3,Feet,-0.13040798625092317,-0.09411420229249823,-0.15924504135874434,-0.3364807216210756,-0.15256112394442042,-0.3971092982394483,0.02215313769349725,0.30299509594695007,0.2808419582534528,,,,-0.018939393939393923,-0.015270997623866744
A09,175,1,Left_Hand,0.2456566685531464,0.6989178623779201,-0.5986047144534272,-0.2683795785498715,-0.5263527988603733,0.04297152258637574,0.7720094674135197,0.6559463397915444,-0.11606312762197535,0.7720094674135197,0.6559463397915444,-0.11606312762197535,-0.018939393939393923,-0.015270997623866744
A09,176,2,Right_Hand,0.025331740010993208,-0.2434938524180684,0.5622929065327562,0.3863959400103378,0.31552733591103804,0.45474477763226445,-0.29019559590004484,-0.6982386300503328,-0.408043034150288,0.29019559590004484,0.6982386300503328,0.408043034150288,-0.018939393939393923,-0.015270997623866744
A09,177,1,Left_Hand,-0.24222828031726346,-0.24406053946829806,-0.4702750935103884,-0.5103100845099909,-0.5583401830935174,-0.6852677230561307,0.31611190277625395,0.4412071835878326,0.12509528081157867,0.31611190277625395,0.4412071835878326,0.12509528081157867,-0.018939393939393923,-0.015270997623866744
A09,178,2,Right_Hand,0.6383758061982197,0.5536223616164192,0.3632203289494852,0.07823494032338131,1.285276908937714,0.0746279599217866,-0.6469011027394944,0.4789944016946326,1.125895504434127,0.6469011027394944,-0.4789944016946326,-1.125895504434127,-0.018939393939393923,-0.015270997623866744
A09,179,1,Left_Hand,-0.4854376380218855,-0.37080104060587954,-0.42390061866886053,-0.24344752080283452,-0.648896169056844,-0.6511171978612511,0.1634585310349585,0.28031615725537157,0.11685762622041307,0.1634585310349585,0.28031615725537157,0.11685762622041307,-0.018939393939393923,-0.015270997623866744
A09,180,1,Left_Hand,-0.5016946847166938,-0.6583666574469015,0.524180918549314,-0.14022654147885552,0.7859690321762016,-0.40735638389561063,-1.2876637168928955,-0.25101027355129085,1.0366534433416046,-1.2876637168928955,-0.25101027355129085,1.0366534433416046,-0.018939393939393923,-0.015270997623866744
A09,181,3,Feet,-0.29456340067969616,-0.3877798496450243,-0.434422655676846,-0.47523355611877516,-0.8985673730202169,-0.8611049594072716,0.6040039723405208,0.4733251097622473,-0.13067886257827355,,,,-0.018939393939393923,-0.015270997623866744
A09,182,3,Feet,2.1353628375806686,1.7876054159307697,-0.16741805518861433,-0.3052391792436263,0.2941690140920911,0.17520937779470785,1.8411938234885774,1.6123960381360618,-0.2287977853525156,,,,-0.018939393939393923,-0.015270997623866744
A09,183,3,Feet,0.17649541173116354,0.21259851365741397,0.05030715430146458,0.005011558141053448,-0.5356938976504104,-0.5119176931544226,0.712189309381574,0.7245162068118366,0.012326897430262607,,,,-0.018939393939393923,-0.015270997623866744
A09,184,4,Tongue,0.09603867779436201,0.3004584507152897,-0.597522523296412,-0.3172178315496015,-0.6948639013250357,-0.5319266604216205,0.7909025791193978,0.8323851111369103,0.04148253201751251,,,,-0.018939393939393923,-0.015270997623866744
A09,185,1,Left_Hand,-0.6497967012799427,-0.6825482175539226,0.21764100653866475,0.2636913424709671,-0.3651855429004694,-0.1904983854048259,-0.2846111583794733,-0.4920498321490967,-0.20743867376962338,-0.2846111583794733,-0.4920498321490967,-0.20743867376962338,-0.018939393939393923,-0.015270997623866744
A09,186,4,Tongue,0.13080890901107659,-0.10074552368186794,-0.26692432383313514,-0.591888802879467,-0.497408301111833,-0.7443853863452894,0.6282172101229095,0.6436398626634214,0.015422652540511894,,,,-0.018939393939393923,-0.015270997623866744
A09,187,1,Left_Hand,-0.0912545374921465,-0.03824786377742438,-0.10765501317263182,0.10331829337259377,-0.20746455726313354,-0.1575451343894043,0.11621001977098704,0.11929727061197991,0.0030872508409928723,0.11621001977098704,0.11929727061197991,0.0030872508409928723,-0.018939393939393923,-0.015270997623866744
A09,188,1,Left_Hand,0.3479618978885295,0.8187640041436188,-0.0524455122805361,0.2635261217773115,0.16115840405645954,0.5086957353336203,0.18680349383206996,0.3100682688099985,0.12326477497792854,0.18680349383206996,0.3100682688099985,0.12326477497792854,-0.018939393939393923,-0.015270997623866744
A09,189,2,Right_Hand,-0.730526820767488,-0.6223977034356469,-0.30824230710960254,-0.18763431770151232,-0.7423872575709087,-0.8412225641282234,0.011860436803420749,0.21882486069257645,0.2069644238891557,-0.011860436803420749,-0.21882486069257645,-0.2069644238891557,-0.018939393939393923,-0.015270997623866744
A09,190,4,Tongue,-0.6320160227684011,-0.6238481923030816,-0.5984942882668299,-0.5594473133072619,-0.5651766729410321,-0.5763703636382009,-0.06683934982736894,-0.047477828664880706,0.019361521162488238,,,,-0.018939393939393923,-0.015270997623866744
A09,191,3,Feet,-0.42504248632564506,-0.2133293337350492,-0.7025589026249176,-0.6197261489474887,-0.8221743580366123,-0.8569330502388741,0.39713187171096725,0.6436037165038249,0.2464718447928576,,,,-0.018939393939393923,-0.015270997623866744
A09,192,2,Right_Hand,0.053451296519815124,0.1719413723661449,1.7634553549508314,2.247034360375122,-0.10543121459602323,-0.1539724938320469,0.15888251111583834,0.3259138661981918,0.16703135508235345,-0.15888251111583834,-0.3259138661981918,-0.16703135508235345,-0.018939393939393923,-0.015270997623866744
A09,193,4,Tongue,-0.4372613937912342,-0.3866950895414527,-0.17873123243583453,0.0900490157284236,-0.7299813507260371,-0.7255902151804011,0.2927199569348029,0.3388951256389484,0.04617516870414551,,,,-0.018939393939393923,-0.015270997623866744
A09,194,3,Feet,-0.47265508080147317,-0.5615219371993028,-0.17245370274296654,-0.4816314516507554,0.7566586800634806,2.0031746477831978,-1.2293137608649538,-2.5646965849825003,-1.3353828241175465,,,,-0.018939393939393923,-0.015270997623866744
A09,195,4,Tongue,0.24155441724029217,-0.08253693634069392,-0.6538882186749522,-0.6910104815247069,-0.5479566463877021,-0.43985150801648754,0.7895110636279943,0.3573145716757936,-0.43219649195220067,,,,-0.018939393939393923,-0.015270997623866744
A09,196,3,Feet,0.7448914336256459,1.046583784002093,0.03195945571907697,0.21614888800388224,0.6608543751895973,0.27701288615591035,0.08403705843604858,0.7695708978461827,0.6855338394101341,,,,-0.018939393939393923,-0.015270997623866744
A09,197,4,Tongue,-0.2201901094124574,-0.11871508271724018,-0.3948344517388269,-0.48969854895279513,-0.2166060964566665,-0.3624620444963476,-0.0035840129557908884,0.24374696177910743,0.24733097473489832,,,,-0.018939393939393923,-0.015270997623866744
A09,198,2,Right_Hand,-0.07678067915143395,-0.251403760030132,-0.3189621784952019,-0.46875420645500215,-0.3710785889677948,-0.5356014092921594,0.29429790981636084,0.2841976492620274,-0.01010026055433344,-0.29429790981636084,-0.2841976492620274,0.01010026055433344,-0.018939393939393923,-0.015270997623866744
A09,199,2,Right_Hand,-0.04727880937432449,-0.26652995996823337,0.11315936547206722,-0.40636613100106483,-0.10433191062604764,-0.47603047090722334,0.05705310125172315,0.20950051093898997,0.15244740968726683,-0.05705310125172315,-0.20950051093898997,-0.15244740968726683,-0.018939393939393923,-0.015270997623866744
A09,200,1,Left_Hand,-0.8286053542010117,-0.8970970022324319,-0.5774379448043107,-0.704537869322869,-0.4515601539407562,-0.4121053329861011,-0.37704520026025545,-0.48499166924633086,-0.1079464689860754,-0.37704520026025545,-0.48499166924633086,-0.1079464689860754,-0.018939393939393923,-0.015270997623866744
A09,201,2,Right_Hand,0.7205705329678871,0.6625634110997392,1.0517550617394578,0.5877034634210583,-0.127989626678269,-0.19872514525553744,0.848560159646156,0.8612885563552766,0.012728396709120515,-0.848560159646156,-0.8612885563552766,-0.012728396709120515,-0.018939393939393923,-0.015270997623866744
A09,202,2,Right_Hand,-0.6213464994914244,-0.7242965376696946,-0.6723021655307109,-0.7011274008337371,-0.3292099675195747,-0.23086849625766728,-0.2921365319718497,-0.49342804141202734,-0.20129150944017765,0.2921365319718497,0.49342804141202734,0.20129150944017765,-0.018939393939393923,-0.015270997623866744
A09,203,2,Right_Hand,-0.08706514624088536,-0.1346132938217219,-0.19240378644273712,-0.03664551229129016,0.8204811405239322,1.3710985848164268,-0.9075462867648175,-1.5057118786381487,-0.5981655918733312,0.9075462867648175,1.5057118786381487,0.5981655918733312,-0.018939393939393923,-0.015270997623866744
A09,204,3,Feet,0.8679291950328122,0.8365184655582169,1.3560773293833264,1.350114736834076,-0.530146293369968,-0.5454147704318364,1.3980754884027802,1.3819332359900534,-0.01614225241272682,,,,-0.018939393939393923,-0.015270997623866744
A09,205,4,Tongue,-0.6232354844780043,-0.6997016503167576,-0.6701342277688638,-0.75070205743075,-0.4847006579250244,-0.5542088079797867,-0.13853482655297983,-0.1454928423369709,-0.006958015783991078,,,,-0.018939393939393923,-0.015270997623866744
A09,206,1,Left_Hand,-0.7587436236686957,-0.7899405931438632,-0.6126857438914213,-0.7143810182037368,-0.6266326923298275,-0.7050970892924752,-0.1321109313388682,-0.08484350385138806,0.04726742748748014,-0.1321109313388682,-0.08484350385138806,0.04726742748748014,-0.018939393939393923,-0.015270997623866744
A09,207,4,Tongue,-0.8496929089310034,-0.9055508640554931,-0.5300437137793197,-0.5739333013681271,0.779122877983968,0.6827986189194604,-1.6288157869149713,-1.5883494829749534,0.040466303940017934,,,,-0.018939393939393923,-0.015270997623866744
A09,208,1,Left_Hand,-0.9664758134978575,-0.9666145904619239,-0.7295676781557765,-0.4591421487721632,-0.6711014359470202,-0.4174540364491407,-0.2953743775508373,-0.5491605540127832,-0.2537861764619459,-0.2953743775508373,-0.5491605540127832,-0.2537861764619459,-0.018939393939393923,-0.015270997623866744
A09,209,3,Feet,1.4688995050934894,1.9950603945711,0.5456214740921017,0.7455868197529736,-0.3478040539313956,-0.518048451435595,1.816703559024885,2.513108846006695,0.6964052869818098,,,,-0.018939393939393923,-0.015270997623866744
A09,210,4,Tongue,-0.2911420281651143,-0.2976337758270736,-0.5462647698286418,-0.5010897333551751,0.03262937884307144,0.4997997296188687,-0.32377140700818574,-0.7974335054459423,-0.47366209843775653,,,,-0.018939393939393923,-0.015270997623866744
A09,211,3,Feet,-0.5321950636380467,-0.4622839739585318,-0.11908458633215388,-0.1239609388879,0.06128547916711544,0.25419361525029976,-0.5934805428051622,-0.7164775892088315,-0.12299704640366937,,,,-0.018939393939393923,-0.015270997623866744
A09,212,1,Left_Hand,-0.4467121241847521,-0.4814252087435173,-0.4897988391491913,-0.5048417555672492,-0.29973223098155843,-0.3743433163442495,-0.14697989320319366,-0.1070818923992678,0.03989800080392586,-0.14697989320319366,-0.1070818923992678,0.03989800080392586,-0.018939393939393923,-0.015270997623866744
A09,213,3,Feet,-0.11224941725326881,0.17705363207442287,-0.8199507900732982,-0.7837889306315691,-0.6411527136504426,-0.48559114345324045,0.5289032963971738,0.6626447755276633,0.1337414791304895,,,,-0.018939393939393923,-0.015270997623866744
A09,214,3,Feet,-0.5241812470956999,-0.31931859793545725,0.15652826273315085,0.8177566586242333,-0.44578895750626674,-0.6528367354075933,-0.07839228958943317,0.3335181374721361,0.4119104270615693,,,,-0.018939393939393923,-0.015270997623866744
A09,215,4,Tongue,-0.47302511008840425,-0.39494122634276535,-0.5133123018993732,-0.2802670531601778,-0.007942155482834909,0.12516999454636987,-0.46508295460556937,-0.5201112208891352,-0.05502826628356583,,,,-0.018939393939393923,-0.015270997623866744
A09,216,1,Left_Hand,-0.4856282515128018,-0.4170523117517412,-0.18433721088725163,-0.010178834173278624,-0.19928485691207493,-0.15337200173340512,-0.2863433946007269,-0.26368031001833603,0.022663084582390858,-0.2863433946007269,-0.26368031001833603,0.022663084582390858,-0.018939393939393923,-0.015270997623866744
A09,217,2,Right_Hand,0.23208934549283458,0.19347389856604258,1.296547149071226,1.3499799793019356,-0.08553163124311092,0.019988595858586835,0.31762097673594547,0.17348530270745574,-0.14413567402848973,-0.31762097673594547,-0.17348530270745574,0.14413567402848973,-0.018939393939393923,-0.015270997623866744
A09,218,4,Tongue,3.806228430072966,4.852685310581489,0.6136062114661303,1.5090462016576363,-0.44280343750358375,0.43299677717607976,4.24903186757655,4.419688533405409,0.17065666582885886,,,,-0.018939393939393923,-0.015270997623866744
A09,219,2,Right_Hand,-0.14530722176446337,-0.29422638841181886,-0.2869301498363493,-0.4992923050594115,0.07331633867611205,-0.17369870767849135,-0.2186235604405754,-0.12052768073332751,0.0980958797072479,0.2186235604405754,0.12052768073332751,-0.0980958797072479,-0.018939393939393923,-0.015270997623866744
A09,220,3,Feet,-0.7877124344551331,-0.8325237016759041,0.1319257286411431,0.562728961695091,-0.4279656540375901,-0.22347723560575813,-0.35974678041754293,-0.6090464660701459,-0.24929968565260296,,,,-0.018939393939393923,-0.015270997623866744
A09,221,3,Feet,-0.5789216605338444,-0.6900748729094732,-0.1718013524892346,-0.33290879124087414,-0.24718158375289162,-0.39276822540701617,-0.3317400767809528,-0.29730664750245706,0.03443342927849574,,,,-0.018939393939393923,-0.015270997623866744
A09,222,1,Left_Hand,-0.7816893778376627,-0.7101325231773663,-0.618426524724585,-0.5386482021199038,-0.48394589864707616,-0.453837404198016,-0.2977434791905865,-0.2562951189793503,0.04144836021123621,-0.2977434791905865,-0.2562951189793503,0.04144836021123621,-0.018939393939393923,-0.015270997623866744
A09,223,4,Tongue,1.6317620881689705,3.023036275936791,0.24758117885300052,1.0441965285894763,-0.4020943443996411,-0.25988318470041616,2.0338564325686117,3.282919460637207,1.2490630280685955,,,,-0.018939393939393923,-0.015270997623866744
A09,224,2,Right_Hand,-0.5310547721030222,-0.5058245044512243,-0.7584614439199877,-0.7913689498723774,-0.6598736128773017,-0.7101057388287327,0.12881884077427952,0.20428123437750845,0.07546239360322893,-0.12881884077427952,-0.20428123437750845,-0.07546239360322893,-0.018939393939393923,-0.015270997623866744
A09,225,4,Tongue,0.5356419697058868,0.40229552708173305,0.68440693902937,0.4807192691860587,0.5129966731133372,0.7164184751998411,0.022645296592549657,-0.3141229481181081,-0.33676824471065775,,,,-0.018939393939393923,-0.015270997623866744
A09,226,1,Left_Hand,-0.166852305881463,0.404045238067002,-0.14544517520246258,0.4676881547456886,-0.5493824719027959,-0.5598547138509449,0.3825301660213329,0.9638999519179469,0.581369785896614,0.3825301660213329,0.9638999519179469,0.581369785896614,-0.018939393939393923,-0.015270997623866744
A09,227,1,Left_Hand,-0.0027403265754499377,-0.18818355582589935,0.6391325809202568,-0.025935621270136846,0.10497654613523519,-0.5898695770508509,-0.10771687271068513,0.4016860212249515,0.5094028939356366,-0.10771687271068513,0.4016860212249515,0.5094028939356366,-0.018939393939393923,-0.015270997623866744
A09,228,3,Feet,-0.13435771033467955,-0.25021949672809735,-0.7044006005910618,-0.5383580312172085,-0.750711362794201,-0.7223675765681026,0.6163536524595215,0.47214807984000523,-0.14420557261951622,,,,-0.018939393939393923,-0.015270997623866744
A09,229,3,Feet,0.7087239495556618,0.6182246121361483,0.04514290417998083,-0.07209292454085718,-0.47703210915906796,-0.6232342474743997,1.1857560587147298,1.241458859610548,0.05570280089581825,,,,-0.018939393939393923,-0.015270997623866744
A09,230,2,Right_Hand,-0.4829000133412219,-0.5702591537628099,-0.03651552946800536,-0.30239381746969135,-0.5728457861459612,-0.8374041747800887,0.08994577280473925,0.26714502101727877,0.17719924821253952,-0.08994577280473925,-0.26714502101727877,-0.17719924821253952,-0.018939393939393923,-0.015270997623866744
A09,231,4,Tongue,-0.08058370234950668,-0.21531984307216895,0.4692556979686982,0.6741911217032128,-0.051780012193150884,0.014542899691863962,-0.028803690156355796,-0.2298627427640329,-0.2010590526076771,,,,-0.018939393939393923,-0.015270997623866744
A09,232,2,Right_Hand,-0.32170442845178,-0.17529634483512602,-0.4016110137843397,-0.29344785044114746,-0.30638907348404937,-0.0008805656688681153,-0.015315354967730621,-0.1744157791662579,-0.15910042419852727,0.015315354967730621,0.1744157791662579,0.15910042419852727,-0.018939393939393923,-0.015270997623866744
A09,233,2,Right_Hand,0.2575974289177828,0.4083594429446197,1.1631439291694405,1.4595503821845772,0.10026092266957645,0.5851466801220427,0.15733650624820636,-0.17678723717742306,-0.33412374342562945,-0.15733650624820636,0.17678723717742306,0.33412374342562945,-0.018939393939393923,-0.015270997623866744
A09,234,1,Left_Hand,-0.8234147109321596,-0.8721083407180725,-0.8099476747974781,-0.7637723732548428,-0.5490008139092678,-0.45032021127195504,-0.27441389702289176,-0.4217881294461175,-0.14737423242322573,-0.27441389702289176,-0.4217881294461175,-0.14737423242322573,-0.018939393939393923,-0.015270997623866744
A09,235,2,Right_Hand,-0.7473075523631278,-0.7388551983572457,-0.24284239654751713,-0.20277375374053566,1.6189645391131129,1.4105975244737765,-2.3662720914762407,-2.1494527228310223,0.21681936864521845,2.3662720914762407,2.1494527228310223,-0.21681936864521845,-0.018939393939393923,-0.015270997623866744
A09,236,4,Tongue,0.6100100725434868,0.6622991368732966,-0.27111909948752944,-0.237469518782048,-0.7181683554994402,-0.724100872181523,1.3281784280429272,1.3864000090548196,0.058221581011892454,,,,-0.018939393939393923,-0.015270997623866744
A09,237,4,Tongue,-0.14159286719425,-0.592119046797274,1.3732780086101375,0.5144685866950123,0.4639476248223111,0.004063307432255256,-0.6055404920165611,-0.5961823542295293,0.009358137787031873,,,,-0.018939393939393923,-0.015270997623866744
A09,238,2,Right_Hand,-0.6098060225349612,-0.5055417938926928,-0.3911133191044801,-0.2951116960561708,1.0008594757583706,1.452335318778776,-1.610665498293332,-1.957877112671469,-0.34721161437813697,1.610665498293332,1.957877112671469,0.34721161437813697,-0.018939393939393923,-0.015270997623866744
A09,239,2,Right_Hand,0.02420174972116365,0.06250060565953333,1.272333973581186,1.161401019510397,0.870206510659508,0.34040639159494995,-0.8460047609383444,-0.2779057859354166,0.5680989750029278,0.8460047609383444,0.2779057859354166,-0.5680989750029278,-0.018939393939393923,-0.015270997623866744
A09,240,2,Right_Hand,0.45457661870067584,0.4211094466230771,-0.2828974080474477,-0.17430208155366253,0.34303192027550977,1.7289183965956183,0.11154469842516607,-1.3078089499725412,-1.4193536483977072,-0.11154469842516607,1.3078089499725412,1.4193536483977072,-0.018939393939393923,-0.015270997623866744
A09,241,2,Right_Hand,-0.08653312160805267,-0.26252757674123534,0.13860125360634432,-0.20543993964239862,-0.312685002660747,-0.5173617138013742,0.22615188105269435,0.25483413706013885,0.028682256007444507,-0.22615188105269435,-0.25483413706013885,-0.028682256007444507,-0.018939393939393923,-0.015270997623866744
A09,242,4,Tongue,1.829456622972452,2.0738530000673494,0.35079708401483883,0.6546161503295111,-0.6586750893383719,-0.38829339835237753,2.4881317123108238,2.462146398419727,-0.025985313891096595,,,,-0.018939393939393923,-0.015270997623866744
A09,243,4,Tongue,0.6379712998496475,0.9040656208353932,0.07717601534199059,0.31897031805852744,-0.6144652402688447,-0.707438945915657,1.2524365401184923,1.6115045667510501,0.3590680266325579,,,,-0.018939393939393923,-0.015270997623866744
A09,244,3,Feet,-0.876846739075845,-0.8223235813093486,-0.8219794827208974,-0.7382959021993354,-0.47189130240238164,-0.4704395997050493,-0.40495543667346334,-0.3518839816042993,0.05307145506916405,,,,-0.018939393939393923,-0.015270997623866744
A09,245,4,Tongue,-0.20661808370634063,-0.03848782720357099,1.5341943466885875,2.308906637134322,0.8503407643798716,0.701800712832032,-1.0569588480862122,-0.7402885400356031,0.31667030805060914,,,,-0.018939393939393923,-0.015270997623866744
A09,246,1,Left_Hand,0.2842401860313922,-0.17414347973356503,-0.3814675447675374,-0.6436627867465841,-0.6951648145743389,-0.4091672509360453,0.9794050006057311,0.23502377120248025,-0.7443812294032508,0.9794050006057311,0.23502377120248025,-0.7443812294032508,-0.018939393939393923,-0.015270997623866744
A09,247,2,Right_Hand,0.35051956507488785,0.46852842360496694,-0.512369374263585,-0.5099543154235067,-0.2360869223354605,-0.13838448039765947,0.5866064874103484,0.6069129040026264,0.020306416592278054,-0.5866064874103484,-0.6069129040026264,-0.020306416592278054,-0.018939393939393923,-0.015270997623866744
A09,248,3,Feet,-0.4968746647696599,-0.532927605475773,-0.4011592870199642,-0.3104835928767002,0.394705037215789,0.39703524154503644,-0.8915797019854489,-0.9299628470208094,-0.038383145035360555,,,,-0.018939393939393923,-0.015270997623866744
A09,249,1,Left_Hand,0.08074869300248928,-0.27799886755597764,-0.31959699933696306,-0.5864312530127931,-0.49002656916681936,-0.7516416583508198,0.5707752621693086,0.4736427907948421,-0.09713247137446651,0.5707752621693086,0.4736427907948421,-0.09713247137446651,-0.018939393939393923,-0.015270997623866744
A09,250,1,Left_Hand,-0.24648627213059637,-0.1935615763604238,0.03313134322253019,0.2199645150031388,-0.5512207593071172,-0.4948709709151849,0.30473448717652085,0.30130939455476113,-0.0034250926217597177,0.30473448717652085,0.30130939455476113,-0.0034250926217597177,-0.018939393939393923,-0.015270997623866744
A09,251,4,Tongue,0.08308341237983494,-0.03866727696099394,-0.5496459847890347,-0.3994886224413758,-0.5344560050337798,-0.3431621399034582,0.6175394174136147,0.30449486294246425,-0.3130445544711505,,,,-0.018939393939393923,-0.015270997623866744
A09,252,1,Left_Hand,-0.025998136122330463,-0.15155999118588853,-0.4007754139249705,-0.6563414690141307,-0.4162952203415811,-0.598949532490613,0.39029708421925063,0.44738954130472447,0.057092457085473836,0.39029708421925063,0.44738954130472447,0.057092457085473836,-0.018939393939393923,-0.015270997623866744
A09,253,1,Left_Hand,0.5707745820071044,0.5341764176493561,-0.24606463493782993,-0.3063280387608346,-0.5038237660154166,-0.6800729576295428,1.074598348022521,1.2142493752788988,0.1396510272563778,1.074598348022521,1.2142493752788988,0.1396510272563778,-0.018939393939393923,-0.015270997623866744
A09,254,3,Feet,-0.24174044782381704,-0.5752355184697104,0.3933941511741801,-0.039504936056493384,-0.04098458480871811,-0.3525746295639432,-0.20075586301509893,-0.22266088890576724,-0.02190502589066831,,,,-0.018939393939393923,-0.015270997623866744
A09,255,3,Feet,-0.7405389601795739,-0.7577348839476888,-0.31806688969062846,-0.24072036532769997,-0.40815358149751507,-0.27048193768483253,-0.3323853786820588,-0.4872529462628563,-0.1548675675807975,,,,-0.018939393939393923,-0.015270997623866744
A09,256,4,Tongue,-0.34986567771437327,-0.399313791049829,-0.3473608924298571,-0.3705807571857967,-0.7809628114620165,-0.7225137101044674,0.43109713374764325,0.3231999190546384,-0.10789721469300484,,,,-0.018939393939393923,-0.015270997623866744
A09,257,2,Right_Hand,-0.3634750097706977,-0.332566551561216,-0.6562911390969772,-0.7231055697801876,-0.3532065121183273,-0.09981513152392259,-0.010268497652370367,-0.23275142003729343,-0.22248292238492307,0.010268497652370367,0.23275142003729343,0.22248292238492307,-0.018939393939393923,-0.015270997623866744
A09,258,3,Feet,-0.538586490697248,-0.4749289301534353,-0.6611147179004533,-0.4755220545841311,0.42162575008614966,1.1049262309643768,-0.9602122407833976,-1.5798551611178122,-0.6196429203344146,,,,-0.018939393939393923,-0.015270997623866744
A09,259,3,Feet,-0.3620963299856668,-0.3191266953067018,0.1989272571356093,0.21754201547654403,-0.802775540767726,-0.49506140635877455,0.4406792107820591,0.17593471105207276,-0.26474449972998637,,,,-0.018939393939393923,-0.015270997623866744
A09,260,3,Feet,0.1525641940274749,-0.3659491148421235,0.26527175267741604,-0.567713039917756,0.12128810749568468,-0.7470669630472357,0.03127608653179022,0.38111784820511224,0.34984176167332204,,,,-0.018939393939393923,-0.015270997623866744
A09,261,3,Feet,0.34163454527004794,0.21222657664684236,0.9243576202869472,0.8385610880857802,0.9609290598745157,0.5746281968361802,-0.6192945146044677,-0.3624016201893378,0.2568928944151299,,,,-0.018939393939393923,-0.015270997623866744
A09,262,1,Left_Hand,-0.7618674261464443,-0.7774935094703559,-0.7445575511644881,-0.6389837424643007,-0.7060780065704755,-0.6135784814445873,-0.055789419575968835,-0.16391502802576863,-0.10812560844979979,-0.055789419575968835,-0.16391502802576863,-0.10812560844979979,-0.018939393939393923,-0.015270997623866744
A09,263,3,Feet,-0.827187378278785,-0.8704856494810094,-0.2995964871958441,-0.3034738714713849,0.5852461592201995,0.12272902580795755,-1.4124335374989845,-0.9932146752889669,0.4192188622100176,,,,-0.018939393939393923,-0.015270997623866744
