Subject,Channel,Window_Start_s,Window_End_s,Window_Center_s,Raw_Beta_Power,Clean_Beta_Power,Delta_Beta_Power,Delta_Beta_Percent,Hand_Raw_Beta,Hand_Clean_Beta,Hand_Delta_Beta_Percent,NonHand_Raw_Beta,NonHand_Clean_Beta,NonHand_Delta_Beta_Percent,Delta_Accuracy,Delta_F1
A01,C3,0.0,0.5,0.25,13.17443326344819,10.24171967597439,-2.932713587473801,-22.260643238525248,13.21967594660924,10.532187074448167,-20.32946104741997,13.128867418264566,9.949177510368655,-24.219072419547803,-0.02491103202846978,-0.027914278507571
A01,C3,0.1,0.6,0.35,13.106774906250985,9.44750685852201,-3.6592680477289754,-27.9189050998638,13.53551053174622,9.975578938994614,-26.300682079202954,12.674976883430785,8.915662834617459,-29.659336528870877,-0.02491103202846978,-0.027914278507571
A01,C3,0.2,0.7,0.44999999999999996,12.839937161145839,8.962287681333992,-3.877649479811847,-30.19991010194169,12.814036402226774,8.974647173154686,-29.962371797265174,12.866022925485757,8.949839907428867,-30.438178454505078,-0.02491103202846978,-0.027914278507571
A01,C3,0.30000000000000004,0.8,0.55,11.647779546872547,8.360916835941616,-3.286862710930931,-28.218792240221102,11.234313532859707,8.0248790777064,-28.56814032976648,12.064198889556907,8.699354863878517,-27.891151799487403,-0.02491103202846978,-0.027914278507571
A01,C3,0.4,0.9,0.65,12.206130853419827,8.791138111275941,-3.4149927421438857,-27.977684191277515,11.360626690153422,8.206067089065744,-27.767478741483732,13.057674332138134,9.380388212216214,-28.161876505613392,-0.02491103202846978,-0.027914278507571
A01,C3,0.5,1.0,0.75,13.834171324986983,9.814293157497533,-4.01987816748945,-29.057600004048183,13.021278318837988,9.265700695445668,-28.84185048067896,14.652870709751326,10.366804137135484,-29.250695358715696,-0.02491103202846978,-0.027914278507571
A01,C3,0.6000000000000001,1.1,0.8500000000000001,14.004945556493345,9.825532683396052,-4.179412873097293,-29.84240714280765,13.766622252381614,9.655412120254077,-29.863608202195724,14.244971169920158,9.99686839341761,-29.821771668256435,-0.02491103202846978,-0.027914278507571
A01,C3,0.7000000000000001,1.2000000000000002,0.9500000000000002,13.036873925035136,9.256036922669118,-3.7808370023660185,-29.001101215725907,12.716173975374975,9.017122492202509,-29.089343149407394,13.359864588621441,9.496657884781918,-28.916510928784454,-0.02491103202846978,-0.027914278507571
A01,C3,0.8,1.3,1.05,12.858964973271592,9.316814533782576,-3.5421504394890153,-27.546155128749973,12.544337368340942,9.093256633114061,-27.51106442606227,13.175839918237461,9.541969276598726,-27.579802609842574,-0.02491103202846978,-0.027914278507571
A01,C3,0.9,1.4,1.15,13.411678671994068,9.68751254477827,-3.7241661272157973,-27.768083461412687,12.854819070466176,9.281211600151325,-27.799749266990307,13.9725158421043,10.096715639009695,-27.738742592192327,-0.02491103202846978,-0.027914278507571
A01,C3,1.0,1.5,1.25,13.264880255336251,9.585231100296715,-3.6796491550395363,-27.73978418357204,12.620804911421395,9.21574649619606,-26.979724661965694,13.913556137421924,9.957354880140944,-28.434148812900357,-0.02491103202846978,-0.027914278507571
A01,C3,1.1,1.6,1.35,12.195553999977458,8.757563594771394,-3.4379904052060635,-28.19052258890755,11.721137239762177,8.606611948073692,-26.571869503608674,12.67335945133713,8.909593467516936,-29.698250083351734,-0.02491103202846978,-0.027914278507571
A01,C3,1.2000000000000002,1.7000000000000002,1.4500000000000002,13.305901825533766,9.497615952640649,-3.8082858728931175,-28.62102789293914,13.092743049500923,9.47850839881475,-27.60486963672553,13.520583164252564,9.51685998899387,-29.612059824788073,-0.02491103202846978,-0.027914278507571
A01,C3,1.3,1.8,1.55,13.02991499804629,9.263522969347033,-3.766392028699258,-28.905729847539234,13.416428365431349,9.49562189805178,-29.22392130443512,12.640640820894195,9.029766191151536,-28.565597906825317,-0.02491103202846978,-0.027914278507571
A01,C3,1.4000000000000001,1.9000000000000001,1.6500000000000001,13.066740183420054,9.37337301221142,-3.6933671712086333,-28.26540605663088,13.714717735584763,9.774108264830684,-28.73270559939862,12.414134220168457,8.96977536493059,-27.745461698344105,-0.02491103202846978,-0.027914278507571
A01,C3,1.5,2.0,1.75,11.661217458679394,8.56455925049462,-3.096658208184774,-26.555187905186905,11.988044698253784,8.851611388490868,-26.16300980442439,11.332055738822332,8.275456740084117,-26.973031806282556,-0.02491103202846978,-0.027914278507571
A01,C3,1.6,2.1,1.85,11.460975397805345,8.480972170920397,-2.980003226884948,-26.001305503679788,11.450013606615677,8.603460536411427,-24.860695960741445,11.472015487503512,8.357608888533,-27.147859086862635,-0.02491103202846978,-0.027914278507571
A01,C3,1.7000000000000002,2.2,1.9500000000000002,11.986604800806209,8.64337444139642,-3.343230359409789,-27.891387219047438,11.546075711652875,8.302650177275673,-28.0911507543968,12.43028052631064,8.986532450260887,-27.704508106317626,-0.02491103202846978,-0.027914278507571
A01,C3,1.8,2.3,2.05,13.29226716180534,9.620734894649132,-3.6715322671562074,-27.6215653993637,12.521685256789615,8.84303362423528,-29.37824707388859,14.068353223285463,10.403991174137369,-26.04684422539922,-0.02491103202846978,-0.027914278507571
A01,C3,1.9000000000000001,2.4000000000000004,2.1500000000000004,12.029372683199554,9.12419991755757,-2.905172765641984,-24.15065890924971,12.040554637979211,8.835732703738184,-26.61689623609314,12.018110857314328,9.414727611475671,-21.66216701399634,-0.02491103202846978,-0.027914278507571
A01,C3,2.0,2.5,2.25,12.055828870831792,9.055922923630998,-2.9999059472007943,-24.883448324808676,12.524211952344439,9.21626618991272,-26.41240642539986,11.584100195879763,8.894434348304411,-23.21859965033808,-0.02491103202846978,-0.027914278507571
A01,C3,2.1,2.6,2.35,13.142652280136517,9.192716461961423,-3.949935818175094,-30.054327954372877,13.280504751851758,9.204265013645822,-30.69340973382483,13.00381514790902,9.181085420622132,-29.396986067597037,-0.02491103202846978,-0.027914278507571
A01,C3,2.2,2.7,2.45,13.030442856245724,8.93654996149627,-4.0938928947494535,-31.417910656714,13.064219408898122,8.732753396532202,-33.15518422337374,12.996425042502953,9.141802216210085,-29.659100973435958,-0.02491103202846978,-0.027914278507571
A01,C3,2.3000000000000003,2.8000000000000003,2.5500000000000003,12.137915762562761,8.30959623670882,-3.8283195258539404,-31.540172141099465,12.230914327141495,8.219859287785495,-32.79440058258858,12.044252922522752,8.39997416383874,-30.2574080943552,-0.02491103202846978,-0.027914278507571
A01,C3,2.4000000000000004,2.9000000000000004,2.6500000000000004,14.080383948974905,9.515001164650913,-4.565382784323992,-32.42370947318071,13.435341290813485,8.906292058292456,-33.70996787121292,14.730034054694622,10.128058193197642,-31.242126422852905,-0.02491103202846978,-0.027914278507571
A01,C3,2.5,3.0,2.75,14.72339604617061,9.918893568742416,-4.804502477428194,-32.63175467373094,13.166227087074459,8.657136970141952,-34.24739742913266,16.291687640688874,11.189662714475743,-31.316736723276623,-0.02491103202846978,-0.027914278507571
A01,C3,2.6,3.1,2.85,15.176063983323749,10.457791265734333,-4.718272717589416,-31.09022683861969,13.589895006910432,8.881535261038563,-34.646034744769395,16.77356273814002,12.045306241892217,-28.18874302414364,-0.02491103202846978,-0.027914278507571
A01,C3,2.7,3.2,2.95,13.928140194591661,9.860540941200492,-4.067599253391169,-29.204180863792782,12.703149959372686,8.269964372168463,-34.89831735736783,15.161880360062195,11.46247877143989,-24.399358791716054,-0.02491103202846978,-0.027914278507571
A01,C3,2.8000000000000003,3.3000000000000003,3.0500000000000003,14.896980761970042,10.576932332287221,-4.320048429682821,-28.999489887986662,13.49695072684591,8.971919100416097,-33.526325449417,16.307011011630777,12.193409944385994,-25.22596608483803,-0.02491103202846978,-0.027914278507571
A01,C3,2.9000000000000004,3.4000000000000004,3.1500000000000004,13.320635211300365,9.5118062391023,-3.8088289721980644,-28.59344852388796,12.379866691320524,8.477783112406993,-31.51959286968144,14.268123506422917,10.553215245274005,-26.036417889686852,-0.02491103202846978,-0.027914278507571
A01,C3,3.0,3.5,3.25,14.734027476390906,10.402948954361968,-4.331078522028939,-29.395075643566226,14.256273832893333,9.716884862998807,-31.84134243704584,15.215193645913464,11.093913503520577,-27.08660986053103,-0.02491103202846978,-0.027914278507571
A01,C3,3.1,3.6,3.35,13.896199208348227,9.642563464079206,-4.253635744269021,-30.610065964754043,13.428552373037224,8.921879962005445,-33.56037408827915,14.367186378197163,10.368394705453499,-27.83280990084465,-0.02491103202846978,-0.027914278507571
A01,C3,3.2,3.7,3.45,12.98942700020564,8.871115969201467,-4.118311031004172,-31.705101625645028,12.442574607813246,8.136115096191562,-34.610678636537706,13.540185481115124,9.611366848447158,-29.015988282786815,-0.02491103202846978,-0.027914278507571
A01,C3,3.3000000000000003,3.8000000000000003,3.5500000000000003,11.884773308418977,8.090281111777394,-3.794492196641583,-31.927341802587243,11.637843265116889,7.724685377779046,-33.62442506050144,12.133467137744647,8.458488243875731,-30.287953576243964,-0.02491103202846978,-0.027914278507571
A01,C3,3.4000000000000004,3.9000000000000004,3.6500000000000004,13.199110311110655,8.74162031249594,-4.457489998614715,-33.77113982343583,12.698844552599455,8.283252466209982,-34.771605149585056,13.702949396468355,9.203262214826802,-32.837362610426425,-0.02491103202846978,-0.027914278507571
A01,C3,3.5,4.0,3.75,12.738392470510776,8.412964684169028,-4.3254277863417485,-33.955837020684214,12.007435156021268,7.904768545001403,-34.16771823216997,13.474570908675206,8.924790795759279,-33.765677168886214,-0.02491103202846978,-0.027914278507571
A01,Cz,0.0,0.5,0.25,16.8090494627078,13.286451035735963,-3.522598426971838,-20.956559350884174,16.17064551322918,13.034320061616906,-19.395177818018762,17.452013440396986,13.540382945384447,-22.413634440356926,-0.02491103202846978,-0.027914278507571
A01,Cz,0.1,0.6,0.35,15.481810179083825,10.99485189726816,-4.486958281815664,-28.98212954372491,15.830560748571434,11.507601288910712,-27.30768371582056,15.130568534099874,10.478440009971022,-30.746554656187016,-0.02491103202846978,-0.027914278507571
A01,Cz,0.2,0.7,0.44999999999999996,14.613934363263066,9.851472048004643,-4.762462315258423,-32.58850215743708,15.114358795667977,10.216567298407146,-32.40489102762744,14.109935470626692,9.483768974384981,-32.78658861248668,-0.02491103202846978,-0.027914278507571
A01,Cz,0.30000000000000004,0.8,0.55,13.347330517048787,9.374645863590066,-3.972684653458721,-29.76388910414962,13.43454526498127,9.324655826256485,-30.591950510135224,13.259492806631075,9.424992972618886,-28.91890278106682,-0.02491103202846978,-0.027914278507571
A01,Cz,0.4,0.9,0.65,14.114176679273667,9.876803147208944,-4.237373532064723,-30.02210917684774,13.55326942586276,9.434419186658372,-30.390086035954344,14.679090413066083,10.322346993192017,-29.67992768813565,-0.02491103202846978,-0.027914278507571
A01,Cz,0.5,1.0,0.75,16.14422755566209,11.174351187528229,-4.969876368133862,-30.784231397870943,15.608143327565188,10.805870137535633,-30.767741487537272,16.684140956816826,11.545464245020773,-30.7997680257939,-0.02491103202846978,-0.027914278507571
A01,Cz,0.6000000000000001,1.1,0.8500000000000001,17.135630890629006,11.805993957816474,-5.329636932812532,-31.10265952172885,17.056615556477425,11.75679228678112,-31.071951244651473,17.215210620024532,11.855547069359224,-31.13330222304112,-0.02491103202846978,-0.027914278507571
A01,Cz,0.7000000000000001,1.2000000000000002,0.9500000000000002,16.30025273409085,11.30894314018656,-4.99130959390429,-30.6210564665989,16.197884267264495,11.305807373700759,-30.20194991422736,16.40335240425168,11.312101305004404,-31.037869417032372,-0.02491103202846978,-0.027914278507571
A01,Cz,0.8,1.3,1.05,15.541748211158419,11.022628708891173,-4.519119502267246,-29.077291954985352,15.819919109501885,11.261526565188888,-28.814259496277067,15.261590377826785,10.782024439334185,-29.35189470817444,-0.02491103202846978,-0.027914278507571
A01,Cz,0.9,1.4,1.15,16.110034502249768,11.393872509915719,-4.716161992334049,-29.274685859148452,16.027181655018378,11.332809531014897,-29.290066245262746,16.19347915553281,11.455371652951547,-29.25935468884337,-0.02491103202846978,-0.027914278507571
A01,Cz,1.0,1.5,1.25,15.754745747976097,11.138148182490086,-4.6165975654860105,-29.302901102539675,15.013651426563344,10.633327981525364,-29.175603726139293,16.501133600256082,11.64657424203313,-29.419550655281125,-0.02491103202846978,-0.027914278507571
A01,Cz,1.1,1.6,1.35,14.70476712464252,10.379814587922375,-4.324952536720145,-29.411907717139634,14.010053381208563,9.951669004826236,-28.96765819483433,15.404443109101008,10.811018353754916,-29.81883033884086,-0.02491103202846978,-0.027914278507571
A01,Cz,1.2000000000000002,1.7000000000000002,1.4500000000000002,16.35446608541811,11.30864065241257,-5.04582543300554,-30.85289000968655,16.2167497628125,11.28565302964295,-30.407429388084378,16.493166096042327,11.33179247248769,-31.294013493219786,-0.02491103202846978,-0.027914278507571
A01,Cz,1.3,1.8,1.55,15.756110812849183,10.783661587321186,-4.972449225527997,-31.558861730478192,16.211402335182758,11.07779897605277,-31.666621141027363,15.29756720821323,10.487423217241515,-31.443849374880728,-0.02491103202846978,-0.027914278507571
A01,Cz,1.4000000000000001,1.9000000000000001,1.6500000000000001,15.247028068935263,10.524212250172432,-4.722815818762831,-30.975320550404394,16.118679176095846,11.036887972505012,-31.52734258230773,14.369150882437824,10.00787455839462,-30.35166350277257,-0.02491103202846978,-0.027914278507571
A01,Cz,1.5,2.0,1.75,13.620765777408396,9.767309561086108,-3.8534562163222876,-28.29103942682641,14.006456650480303,10.042071425704245,-28.30398382477493,13.232319969528836,9.490585111720701,-28.277239867419613,-0.02491103202846978,-0.027914278507571
A01,Cz,1.6,2.1,1.85,13.220926249021913,9.593736224695034,-3.627190024326879,-27.435218652666027,13.010142873999456,9.528522228275083,-26.760817920626618,13.433215219580243,9.65941603537513,-28.093044907852182,-0.02491103202846978,-0.027914278507571
A01,Cz,1.7000000000000002,2.2,1.9500000000000002,13.871281070472982,9.756947525320266,-4.114333545152716,-29.660804393263053,13.37734522982197,9.402975602945508,-29.709703671371525,14.368745024271501,10.113447818569128,-29.614953835664696,-0.02491103202846978,-0.027914278507571
A01,Cz,1.8,2.3,2.05,15.5600246425231,10.955344575171885,-4.6046800673512145,-29.593012692070857,14.649903175173254,10.115429670311471,-30.9522421455059,16.47664697749687,11.801258872209877,-28.375846807135257,-0.02491103202846978,-0.027914278507571
A01,Cz,1.9000000000000001,2.4000000000000004,2.1500000000000004,14.35140402225135,10.784669008208624,-3.5667350140427256,-24.852864629221138,13.815469361471115,10.081448832164073,-27.02782244749904,14.891166787751441,11.492912185510635,-22.82060667694624,-0.02491103202846978,-0.027914278507571
A01,Cz,2.0,2.5,2.25,14.51857192686705,10.863978075248069,-3.6545938516189818,-25.171854849277885,14.900522360084624,10.981948787997759,-26.29822953444842,14.133893276269351,10.745164714550164,-23.975903139220843,-0.02491103202846978,-0.027914278507571
A01,Cz,2.1,2.6,2.35,15.280981738187101,10.443999732031452,-4.836982006155649,-31.653607661005534,15.749265162412756,10.79139389738298,-31.48001645729,14.809353432359833,10.094124179784556,-31.839534886594418,-0.02491103202846978,-0.027914278507571
A01,Cz,2.2,2.7,2.45,14.89262495528269,9.868694155003643,-5.023930800279047,-33.734353852085455,15.199915908162167,9.99657610159886,-34.23268811486764,14.583139067025504,9.73989876593275,-33.21123304682728,-0.02491103202846978,-0.027914278507571
A01,Cz,2.3000000000000003,2.8000000000000003,2.5500000000000003,14.114733103630298,9.425286623395932,-4.689446480234366,-33.22377012589947,14.321277297805713,9.48839968369191,-33.746135303547895,13.906713593782207,9.361722755526415,-32.68199066304127,-0.02491103202846978,-0.027914278507571
A01,Cz,2.4000000000000004,2.9000000000000004,2.6500000000000004,16.55379353630748,10.900816879787717,-5.652976656519764,-34.14913109868789,15.851538969761009,10.2684541442419,-35.221090117304136,17.261064206900723,11.537696492016,-33.15767583204171,-0.02491103202846978,-0.027914278507571
A01,Cz,2.5,3.0,2.75,17.324194640779695,11.251279173092431,-6.072915467687263,-35.05453265568912,15.62536650398835,10.09426906848504,-35.3981932781641,19.0351572642624,12.416553635589873,-34.77041737447916,-0.02491103202846978,-0.027914278507571
A01,Cz,2.6,3.1,2.85,17.49035524365519,11.391695149123517,-6.098660094531674,-34.86870340580433,15.768011654369639,9.99898224052327,-36.586917490308,19.225001287149922,12.794356007070906,-33.449388033993465,-0.02491103202846978,-0.027914278507571
A01,Cz,2.7,3.2,2.95,15.744603707785403,10.467970585245418,-5.276633122539986,-33.513915119570726,14.810054673031537,9.29208067508992,-37.258295933164966,16.685828092787514,11.652259709044882,-30.16672805060483,-0.02491103202846978,-0.027914278507571
A01,Cz,2.8000000000000003,3.3000000000000003,3.0500000000000003,16.07695363799427,10.69683102672742,-5.380122611266849,-33.46481387215136,15.022617750232905,9.531075051288026,-36.55516495358967,17.138820496382497,11.870913830562806,-30.73669315185133,-0.02491103202846978,-0.027914278507571
A01,Cz,2.9000000000000004,3.4000000000000004,3.1500000000000004,13.809745868334321,9.265344290441202,-4.544401577893119,-32.907206412200594,12.783370264639053,8.228725779254985,-35.62944975460016,14.8434527263417,10.309367219564466,-30.546029891892275,-0.02491103202846978,-0.027914278507571
A01,Cz,3.0,3.5,3.25,16.2498730133284,10.891292800163791,-5.358580213164609,-32.976135928997216,15.691621868941354,10.130788214793533,-35.43823385876036,16.812111665889642,11.657229561143838,-30.6617170239514,-0.02491103202846978,-0.027914278507571
A01,Cz,3.1,3.6,3.35,15.726300465988297,10.39536939647656,-5.3309310695117365,-33.8981890943842,15.476831439355674,9.853648585069756,-36.332907522575056,15.97755141423973,10.940959642250556,-31.522926394718997,-0.02491103202846978,-0.027914278507571
A01,Cz,3.2,3.7,3.45,14.768284281428748,9.65217212614718,-5.116112155281568,-34.642562790554656,14.327453227238315,9.014767894411959,-37.080458393863495,15.2122641288634,10.29412924525194,-32.330065018263156,-0.02491103202846978,-0.027914278507571
A01,Cz,3.3000000000000003,3.8000000000000003,3.5500000000000003,13.459228479805331,8.90736217396995,-4.5518663058353805,-33.81966739523852,13.284298066348622,8.571313630650392,-35.4778582365373,13.635408396215299,9.245811064027508,-32.19263556056147,-0.02491103202846978,-0.027914278507571
A01,Cz,3.4000000000000004,3.9000000000000004,3.6500000000000004,14.570571585323362,9.28926654025768,-5.281305045065682,-36.2463820594755,14.248652052731874,9.010728906208714,-36.76083272395511,14.894790543147646,9.569793728835569,-35.7507331095827,-0.02491103202846978,-0.027914278507571
A01,Cz,3.5,4.0,3.75,14.238663232618592,8.979817333047015,-5.258845899571577,-36.933564715010384,13.380936176153453,8.508070311685774,-36.41647938768105,15.102516910915625,9.454933975989407,-37.39497838829978,-0.02491103202846978,-0.027914278507571
A01,C4,0.0,0.5,0.25,15.579841789592704,11.648153995299113,-3.931687794293591,-25.235736327694603,15.28134656918484,11.249026748742068,-26.38720221537303,15.880469118717773,12.050132150760133,-24.119797339254614,-0.02491103202846978,-0.027914278507571
A01,C4,0.1,0.6,0.35,14.273121498601824,9.867557084958857,-4.405564413642967,-30.86615926358176,14.891678882734544,10.202615419047472,-31.487809404241084,13.650145847439587,9.530105477055324,-30.183123436421567,-0.02491103202846978,-0.027914278507571
A01,C4,0.2,0.7,0.44999999999999996,13.70831493669973,9.075118895848433,-4.633196040851297,-33.79843592918457,14.21954154629997,9.326199477822787,-34.412797716044984,13.193436708459492,8.822244881145693,-33.13156324546611,-0.02491103202846978,-0.027914278507571
A01,C4,0.30000000000000004,0.8,0.55,12.795580933633797,8.721768599462415,-4.073812334171382,-31.83765047715162,13.303736608189638,8.998712949734347,-32.35950759732543,12.283795575688268,8.442846075259968,-31.26842576271943,-0.02491103202846978,-0.027914278507571
A01,C4,0.4,0.9,0.65,13.502585238988724,9.141352498140018,-4.361232740848706,-32.29924243140968,13.764772074377126,9.386038185311477,-31.81116160445971,13.23852564049041,8.894919056060191,-32.81034990139064,-0.02491103202846978,-0.027914278507571
A01,C4,0.5,1.0,0.75,15.196483975684595,10.340922448956697,-4.855561526727898,-31.951874752719945,15.558682110065083,10.739123198129077,-30.976652635753645,14.83169871177282,9.9398774087188,-32.98220519522207,-0.02491103202846978,-0.027914278507571
A01,C4,0.6000000000000001,1.1,0.8500000000000001,15.95635624286625,10.886194949167791,-5.070161293698458,-31.775182356969626,16.419079516771003,11.293778796711466,-31.21551798823059,15.490327802719317,10.475699788427375,-32.37263974111398,-0.02491103202846978,-0.027914278507571
A01,C4,0.7000000000000001,1.2000000000000002,0.9500000000000002,15.192684701899319,10.424685489912354,-4.7679992119869645,-31.383519802730397,15.34820515341836,10.535493026819134,-31.356839959409434,15.036053390012277,10.313086470599101,-31.410948052036147,-0.02491103202846978,-0.027914278507571
A01,C4,0.8,1.3,1.05,14.736704985599857,10.400176255720025,-4.3365287298798325,-29.42671875509025,15.083710802023973,10.670170148763368,-29.26031074971541,14.387220556201287,10.128253834869232,-29.60242879919098,-0.02491103202846978,-0.027914278507571
A01,C4,0.9,1.4,1.15,15.731085520195784,11.099680972636644,-4.631404547559139,-29.441099545312866,15.936085158367472,11.342914264723564,-28.822454498695983,15.5246215988943,10.85471029989196,-30.080677131189738,-0.02491103202846978,-0.027914278507571
A01,C4,1.0,1.5,1.25,15.103005481322334,10.467602923821346,-4.6354025575009885,-30.69192130820268,14.818115245579133,10.388982305300178,-29.889988482849404,15.389930647320845,10.546785118189092,-31.46957345109851,-0.02491103202846978,-0.027914278507571
A01,C4,1.1,1.6,1.35,13.530299865542231,9.377434246133257,-4.152865619408974,-30.693078946351548,13.118596892496408,9.171867268005371,-30.084998089608895,13.94494357410981,9.584469559819198,-31.269212321420014,-0.02491103202846978,-0.027914278507571
A01,C4,1.2000000000000002,1.7000000000000002,1.4500000000000002,15.355731711585907,10.575297941590545,-4.780433769995362,-31.13126655103333,15.12058945515258,10.503415148243556,-30.53567667188826,15.592553555565184,10.647694183461441,-31.712954228326883,-0.02491103202846978,-0.027914278507571
A01,C4,1.3,1.8,1.55,15.219293982385294,10.405466699593825,-4.813827282791468,-31.629767375299796,15.589962913492926,10.762018728418816,-30.96828524778325,14.845977416055458,10.046367870562943,-32.32936041181019,-0.02491103202846978,-0.027914278507571
A01,C4,1.4000000000000001,1.9000000000000001,1.6500000000000001,14.619625349582677,10.034603403455286,-4.585021946127391,-31.362102902714074,15.296803913867148,10.492596449527205,-31.406609455095,13.937609795553316,9.57333897848285,-31.312907170516795,-0.02491103202846978,-0.027914278507571
A01,C4,1.5,2.0,1.75,12.776521715584813,8.967814062326338,-3.808707653258475,-29.810207645267095,13.328128830838448,9.322244737792188,-30.0558626337517,12.220974549507938,8.61085173917859,-29.540383998874333,-0.02491103202846978,-0.027914278507571
A01,C4,1.6,2.1,1.85,12.323509339329862,8.718020158705565,-3.6054891806242964,-29.25700043182958,12.654554001055592,9.049295145559748,-28.48981366862165,11.990100072877519,8.384378921945284,-30.072485875982295,-0.02491103202846978,-0.027914278507571
A01,C4,1.7000000000000002,2.2,1.9500000000000002,12.99400951883064,8.963799729549924,-4.0302097892807165,-31.015906086879667,12.8329495653486,8.937294255203732,-30.356663449094174,13.156219900551847,8.990494528712874,-31.66354320106977,-0.02491103202846978,-0.027914278507571
A01,C4,1.8,2.3,2.05,14.672134751681416,10.139813025343708,-4.532321726337708,-30.890676803648542,13.866177205166819,9.503688829009475,-31.461363226569706,15.483849137813975,10.78048096593747,-30.375962268904743,-0.02491103202846978,-0.027914278507571
A01,C4,1.9000000000000001,2.4000000000000004,2.1500000000000004,13.171581069505757,9.589167752269402,-3.5824133172363553,-27.19805085154276,12.813854200947434,9.182422261566986,-28.339888080761416,13.531863129982353,9.998818567905408,-26.109076984741513,-0.02491103202846978,-0.027914278507571
A01,C4,2.0,2.5,2.25,13.35157518150326,9.71385894986704,-3.6377162316362206,-27.245595985376823,13.892036235627337,10.036229309794331,-27.755520216283724,12.8072536912783,9.389185944511702,-26.6885300249365,-0.02491103202846978,-0.027914278507571
A01,C4,2.1,2.6,2.35,14.703412182647634,9.928450936726293,-4.774961245921341,-32.475191381471,15.554797262988394,10.516514655704228,-32.39053857212543,13.845945780304442,9.3361867626128,-32.57097123770828,-0.02491103202846978,-0.027914278507571
A01,C4,2.2,2.7,2.45,14.682713440843152,9.540777204452537,-5.141936236390615,-35.02034046436678,15.518922129045874,9.944092235920689,-35.92279055702649,13.840531833438979,9.134581351331038,-34.00122581083393,-0.02491103202846978,-0.027914278507571
A01,C4,2.3000000000000003,2.8000000000000003,2.5500000000000003,13.701232930068937,8.933224957313117,-4.76800797275582,-34.79984609481294,14.076963831120212,9.016081545104182,-35.95151871334528,13.322818236867294,8.849776536752115,-33.57429051863251,-0.02491103202846978,-0.027914278507571
A01,C4,2.4000000000000004,2.9000000000000004,2.6500000000000004,15.889636417225036,10.31346425897079,-5.576172158254247,-35.093138771944716,15.284684095230086,9.665900708725049,-36.76087350904752,16.498909827234236,10.965653263146853,-33.53710409977397,-0.02491103202846978,-0.027914278507571
A01,C4,2.5,3.0,2.75,16.69182679582288,10.816116026517767,-5.875710769305114,-35.20112472515894,15.382818257727653,9.739860790729189,-36.68350865527316,18.01018539490451,11.900058799704835,-33.92595057310386,-0.02491103202846978,-0.027914278507571
A01,C4,2.6,3.1,2.85,17.422731059580713,11.342914310855999,-6.0798167487247134,-34.895888181557154,16.20686608060613,10.178110227452603,-37.19877626660844,18.647280788405112,12.51603842342656,-32.88008817237826,-0.02491103202846978,-0.027914278507571
A01,C4,2.7,3.2,2.95,16.093772710755562,10.717069930290835,-5.376702780464727,-33.40859149123838,15.335144206652481,9.730352872919287,-36.54867054528122,16.85781998988795,11.71083496664361,-30.531735576318436,-0.02491103202846978,-0.027914278507571
A01,C4,2.8000000000000003,3.3000000000000003,3.0500000000000003,15.952359929197886,10.67632158947351,-5.276038339724376,-33.07371676128966,15.464018166295713,9.88629302640189,-36.06905449743094,16.444189847549357,11.471993213709926,-30.236799014944644,-0.02491103202846978,-0.027914278507571
A01,C4,2.9000000000000004,3.4000000000000004,3.1500000000000004,13.27838782217369,8.939351143168151,-4.339036679005538,-32.677435974265975,12.85257764121937,8.277874991063737,-35.59365893643117,13.707239504420539,9.605552124930451,-29.92351142742714,-0.02491103202846978,-0.027914278507571
A01,C4,3.0,3.5,3.25,15.614052145918885,10.455799180380154,-5.158252965538731,-33.03596604733363,15.145604193744237,9.771711985808235,-35.48153074114826,16.08584615489479,11.14477271205616,-30.71690102752289,-0.02491103202846978,-0.027914278507571
A01,C4,3.1,3.6,3.35,14.919639555184792,9.960137140808863,-4.95950241437593,-33.241435867345935,15.149830177737353,9.836670066542947,-35.070756892061304,14.687804713899713,10.084486122748109,-31.341093382017,-0.02491103202846978,-0.027914278507571
A01,C4,3.2,3.7,3.45,14.015611426482524,9.154367836499361,-4.861243589983163,-34.684491757511445,14.269946041136338,9.174281895478032,-35.70906386729778,13.759460136009755,9.13431153424227,-33.614317393623985,-0.02491103202846978,-0.027914278507571
A01,C4,3.3000000000000003,3.8000000000000003,3.5500000000000003,13.108689774948916,8.525868658384894,-4.582821116564022,-34.96017676245513,13.106634667734937,8.470515292875387,-35.37230946302675,13.110759561500137,8.581617405076615,-34.54523084782508,-0.02491103202846978,-0.027914278507571
A01,C4,3.4000000000000004,3.9000000000000004,3.6500000000000004,14.423781046902809,9.115427941488717,-5.308353105414092,-36.80278484644596,14.336378397287143,9.17423403715666,-36.00731103126652,14.511808001158585,9.056201802280292,-37.59425564645516,-0.02491103202846978,-0.027914278507571
A01,C4,3.5,4.0,3.75,13.848764883601866,8.69711803311648,-5.1516468504853865,-37.19932350490968,13.210067908669318,8.460770307240562,-35.952105880636346,14.492023979783935,8.935153957034368,-38.34433361759049,-0.02491103202846978,-0.027914278507571
A02,C3,0.0,0.5,0.25,51.501657274786034,17.72339297746063,-33.77826429732541,-65.58675212547467,53.124207264111135,17.978109111226573,-66.15834844961167,49.86759983872811,17.466870346292094,-64.9735090463949,-0.03886925795052998,-0.02708237236913913
A02,C3,0.1,0.6,0.35,59.00347176918686,20.113553578011928,-38.88991819117493,-65.91123712737908,61.73067376461801,20.324433515159576,-67.07563310801109,56.2569279156321,19.90117803847315,-64.62448488421064,-0.03886925795052998,-0.02708237236913913
A02,C3,0.2,0.7,0.44999999999999996,60.546933745586855,20.251879646199455,-40.2950540993874,-66.55176671489896,63.925455048127574,20.852198317989014,-67.38044601749019,57.14445129905649,19.647303395177346,-65.61817823334015,-0.03886925795052998,-0.02708237236913913
A02,C3,0.30000000000000004,0.8,0.55,52.62279464332606,18.222430147271094,-34.40036449605496,-65.37160317922762,54.710840381714945,18.757782345237445,-65.71468795879338,50.519940069913154,17.68328112520569,-64.99742260039444,-0.03886925795052998,-0.02708237236913913
A02,C3,0.4,0.9,0.65,53.62196772681494,18.617590183992494,-35.00437754282244,-65.27991982904736,56.505424310224186,19.373437817367215,-65.71402116900526,50.71806109671484,17.85638192910448,-64.79285378229672,-0.03886925795052998,-0.02708237236913913
A02,C3,0.5,1.0,0.75,62.67085596944266,21.665893496314993,-41.00496247312767,-65.42907678350693,69.18961260594558,23.14873650752531,-66.54304651282857,56.10586701636878,20.172533868003892,-64.0455892747926,-0.03886925795052998,-0.02708237236913913
A02,C3,0.6000000000000001,1.1,0.8500000000000001,63.019947080749134,22.056440806423797,-40.96350627432534,-65.0008579376268,70.12127392176237,23.733171395838262,-66.15410692293113,55.868256219586854,20.367818510701433,-63.54312826473958,-0.03886925795052998,-0.02708237236913913
A02,C3,0.7000000000000001,1.2000000000000002,0.9500000000000002,54.889998560507884,19.479239359551233,-35.41075920095665,-64.51222468501555,58.93587421424666,20.507546267004695,-65.2036276030205,50.8154287531965,18.443639495307327,-63.70464650630908,-0.03886925795052998,-0.02708237236913913
A02,C3,0.8,1.3,1.05,55.02371664695867,19.27639235627871,-35.747324290679956,-64.96712048740862,58.92255938248068,20.27335850442966,-65.59321469247398,51.09722254451806,18.272355526225976,-64.24002202799511,-0.03886925795052998,-0.02708237236913913
A02,C3,0.9,1.4,1.15,59.779492858657484,20.280826723335096,-39.49866613532239,-66.07393981864811,63.59308772961773,21.425579300017837,-66.30832050314311,55.93885121556278,19.127955334051766,-65.80559858059766,-0.03886925795052998,-0.02708237236913913
A02,C3,1.0,1.5,1.25,56.62924744938552,18.89619913766691,-37.733048311718605,-66.6317318545402,62.295352862451516,20.346237555245622,-67.33907647947636,50.92295689154599,17.435876759679836,-65.76028215169401,-0.03886925795052998,-0.02708237236913913
A02,C3,1.1,1.6,1.35,51.2622069553943,17.265085953077573,-33.997121002316725,-66.32004945065914,57.86389114859913,18.86220693317809,-67.40245676748833,44.613702306918505,15.656637873827407,-64.9062125216193,-0.03886925795052998,-0.02708237236913913
A02,C3,1.2000000000000002,1.7000000000000002,1.4500000000000002,59.59654465060012,20.429981960354535,-39.166562690245584,-65.71951934440075,63.9495098549714,21.505897468348316,-66.37050461040171,55.21270735258081,19.346435845921082,-64.96017534083705,-0.03886925795052998,-0.02708237236913913
A02,C3,1.3,1.8,1.55,56.4207679585059,19.592700724359354,-36.828067234146545,-65.27395596818425,59.71419989595259,20.804189806510653,-65.16039762274241,53.103978347743976,18.372619521058045,-65.40255534011499,-0.03886925795052998,-0.02708237236913913
A02,C3,1.4000000000000001,1.9000000000000001,1.6500000000000001,55.29991490189647,19.10197102250994,-36.19794387938653,-65.45750376578816,60.75662774814204,21.17099915855503,-65.15442027770797,49.80450196454278,17.018268928053185,-65.82985823215546,-0.03886925795052998,-0.02708237236913913
A02,C3,1.5,2.0,1.75,52.2080613938243,17.864386503699357,-34.343674890124944,-65.78232168219803,56.57104399487529,19.11263305196675,-66.21481291082742,47.81413565375878,16.607287143032906,-65.26699287572008,-0.03886925795052998,-0.02708237236913913
A02,C3,1.6,2.1,1.85,51.966548923934674,17.517391904424706,-34.44915701950997,-66.29102323099126,54.055514009023284,17.560646401811976,-67.51368158504488,49.86276848363268,17.473830637552425,-64.9561563287683,-0.03886925795052998,-0.02708237236913913
A02,C3,1.7000000000000002,2.2,1.9500000000000002,49.37981251331188,16.523146355914808,-32.85666615739707,-66.53866121613873,51.67726267249263,16.704162495077746,-67.6759920490734,47.066068381371004,16.34084641434646,-65.28104646018352,-0.03886925795052998,-0.02708237236913913
A02,C3,1.8,2.3,2.05,55.23923268263105,18.8275625805422,-36.41167010208885,-65.91632130606662,60.57885415206236,20.302949524824218,-66.48508822259885,49.861741557388164,17.341711899066695,-65.22040474838344,-0.03886925795052998,-0.02708237236913913
A02,C3,1.9000000000000001,2.4000000000000004,2.1500000000000004,49.84432845303302,17.367913212102604,-32.47641524093042,-65.15568821743095,53.52176049832893,18.506972378957265,-65.42159262579733,46.14081532940167,16.220775611440462,-64.84506072196707,-0.03886925795052998,-0.02708237236913913
A02,C3,2.0,2.5,2.25,50.4095414775956,17.302323129999312,-33.10721834759629,-65.6764917457357,53.945403565343916,18.049670465524237,-66.5408556195882,46.84860235376397,16.54967545876145,-64.67413193292032,-0.03886925795052998,-0.02708237236913913
A02,C3,2.1,2.6,2.35,61.746590553295725,20.527654183867174,-41.21893636942855,-66.75499974990682,69.67479533143374,22.47539428443631,-67.7424322848401,53.762157372475855,18.566100323719546,-65.4662289775881,-0.03886925795052998,-0.02708237236913913
A02,C3,2.2,2.7,2.45,60.030976696263,19.449298118848173,-40.58167857741482,-67.60122991625602,67.92034629800331,21.686975126088928,-68.0699874071071,52.08565411862383,17.195751061910673,-66.9856290510478,-0.03886925795052998,-0.02708237236913913
A02,C3,2.3000000000000003,2.8000000000000003,2.5500000000000003,46.79535080159943,15.585560614123478,-31.209790187475953,-66.69421139676385,51.5069651057556,16.901907169655733,-67.18520080740102,42.05032079315848,14.259878267417239,-66.08853868782543,-0.03886925795052998,-0.02708237236913913
A02,C3,2.4000000000000004,2.9000000000000004,2.6500000000000004,52.953600779634705,17.66486978186036,-35.288730997774344,-66.6408525165789,58.57300495671597,19.09825781837774,-67.39409591075123,47.29434267221953,16.221315872743563,-65.70136097425477,-0.03886925795052998,-0.02708237236913913
A02,C3,2.5,3.0,2.75,57.080616076031994,19.011170933628367,-38.06944514240362,-66.694173538167,63.80804827530569,20.697065267374775,-67.56355063850977,50.30547159165706,17.31331990247951,-65.58362469391729,-0.03886925795052998,-0.02708237236913913
A02,C3,2.6,3.1,2.85,60.38954596169461,20.512735294259482,-39.87681066743512,-66.03263865028755,66.2384455940974,21.67896005280233,-67.27133334974549,54.49916477161523,19.338239438138316,-64.5164480608513,-0.03886925795052998,-0.02708237236913913
A02,C3,2.7,3.2,2.95,54.55686684720354,19.092774013580215,-35.464092833623326,-65.00390305210706,58.87842816109985,20.051981408713793,-65.94341589104809,50.20465616228668,18.126763729119453,-63.89425779448694,-0.03886925795052998,-0.02708237236913913
A02,C3,2.8000000000000003,3.3000000000000003,3.0500000000000003,61.35589697919525,21.122179990220822,-40.23371698897443,-65.57432776611024,63.60970678881131,21.866608785111765,-65.62378622855401,59.086102702844315,20.372471558486684,-65.52070516320248,-0.03886925795052998,-0.02708237236913913
A02,C3,2.9000000000000004,3.4000000000000004,3.1500000000000004,55.34521800093107,19.165869113378804,-36.179348887552266,-65.37032501515057,56.809189262388074,19.727362875836693,-65.27434534451686,53.87086396457013,18.600393125655255,-65.47225762354881,-0.03886925795052998,-0.02708237236913913
A02,C3,3.0,3.5,3.25,64.56385359869469,21.758289257715397,-42.805564340979295,-66.29958088784946,71.39856413117946,23.610077903574084,-66.9319989962324,57.68066994186606,19.893367359049208,-65.51120613006246,-0.03886925795052998,-0.02708237236913913
A02,C3,3.1,3.6,3.35,55.95581932792673,18.65546460099753,-37.3003547269292,-66.66036736649683,61.94695659072328,20.241950418018437,-67.3237370614431,49.922191729933054,17.05772711151548,-65.83137374297657,-0.03886925795052998,-0.02708237236913913
A02,C3,3.2,3.7,3.45,54.14867221611539,18.494837591552177,-35.65383462456322,-65.84433775635988,56.90143069176996,19.156654468113672,-66.33361545532381,51.37639063070441,17.828326978277484,-65.298599688662,-0.03886925795052998,-0.02708237236913913
A02,C3,3.3000000000000003,3.8000000000000003,3.5500000000000003,52.67244824404305,18.50199860482191,-34.17044963922115,-64.87347897880488,56.759706133887825,19.570695907198353,-65.52008944332103,48.556202709589456,17.42572188895344,-64.11226389926904,-0.03886925795052998,-0.02708237236913913
A02,C3,3.4000000000000004,3.9000000000000004,3.6500000000000004,58.52280269872043,20.065984024905397,-38.456818673815036,-65.71253750746267,65.80134047319176,22.35736307068749,-66.02293675187948,51.19264408896917,17.758354063904985,-65.3107309068814,-0.03886925795052998,-0.02708237236913913
A02,C3,3.5,4.0,3.75,52.849435788230956,17.675415429876836,-35.17402035835412,-66.55514828823779,59.36910424750019,19.827877632871036,-66.60236349497237,46.28352854556264,15.507687537499695,-66.49415456249507,-0.03886925795052998,-0.02708237236913913
A02,Cz,0.0,0.5,0.25,53.96252903566463,16.32252191536456,-37.64000712030007,-69.75211835498524,55.465484366123924,16.414355011718385,-70.40618107043231,52.4489144475425,16.230037520455042,-69.05553205169244,-0.03886925795052998,-0.02708237236913913
A02,Cz,0.1,0.6,0.35,60.88106205033325,17.82095412712956,-43.06010792320369,-70.72824696718311,63.210859046528334,17.577806306574466,-72.19179335367714,58.53474167118641,18.06582640031271,-69.13657447777621,-0.03886925795052998,-0.02708237236913913
A02,Cz,0.2,0.7,0.44999999999999996,62.071267085755,17.32694033688988,-44.74432674886512,-72.0854089977707,65.30669500737578,17.69452329360453,-72.90549875230082,58.81289286681776,16.956750408851015,-71.1683109224882,-0.03886925795052998,-0.02708237236913913
A02,Cz,0.30000000000000004,0.8,0.55,54.30793588134823,15.951193569963792,-38.35674231138444,-70.62824555730879,56.42034842940088,16.457707994284824,-70.83019078678954,52.1805416840186,15.441086844761049,-70.40834313628788,-0.03886925795052998,-0.02708237236913913
A02,Cz,0.4,0.9,0.65,56.00641634687502,16.84164737952116,-39.164768967353865,-69.92907513451205,58.91615514137412,17.39091235836327,-70.4819292490619,53.076041107024864,16.288486904375198,-69.31103645893563,-0.03886925795052998,-0.02708237236913913
A02,Cz,0.5,1.0,0.75,65.52947765609265,19.757552355248894,-45.77192530084376,-69.84936693843474,72.66463621078519,21.182057708352794,-70.84956477741387,58.34371514001932,18.322944127300286,-68.59482793763308,-0.03886925795052998,-0.02708237236913913
A02,Cz,0.6000000000000001,1.1,0.8500000000000001,65.1041310156406,19.950651927535567,-45.15347908810504,-69.35578185853886,73.00063616688907,21.812988406184417,-70.11945436157974,57.1516222817592,18.07510738875446,-68.37341326962927,-0.03886925795052998,-0.02708237236913913
A02,Cz,0.7000000000000001,1.2000000000000002,0.9500000000000002,56.85450127112231,17.828584403498574,-39.025916867623735,-68.64173635350467,62.15553962377126,19.524444913745825,-68.58776380685022,51.5158669017879,16.12069651374602,-68.70731779690476,-0.03886925795052998,-0.02708237236913913
A02,Cz,0.8,1.3,1.05,58.000231246958,17.808193707561685,-40.19203753939632,-69.29634016158221,63.16506508275128,19.304605666622514,-69.4378440973156,52.79876738396048,16.301168897727383,-69.1258533003567,-0.03886925795052998,-0.02708237236913913
A02,Cz,0.9,1.4,1.15,63.26264825050758,18.743786733270515,-44.51886151723707,-70.37147945648937,67.04909334831173,19.686598009503495,-70.63853211670728,59.44934893215164,17.794288852241554,-70.06815184376565,-0.03886925795052998,-0.02708237236913913
A02,Cz,1.0,1.5,1.25,59.901884909634205,17.578041661857338,-42.323843247776864,-70.65527789588769,65.09993012611612,18.522991044792654,-71.54683421486226,54.66697412424105,16.626390510248726,-69.58604207274742,-0.03886925795052998,-0.02708237236913913
A02,Cz,1.1,1.6,1.35,54.04971647412409,16.126539248464145,-37.92317722565994,-70.16350815422942,60.62152009877887,17.368578770768163,-71.349153332897,47.43130431312423,14.8756909352218,-68.63739854797605,-0.03886925795052998,-0.02708237236913913
A02,Cz,1.2000000000000002,1.7000000000000002,1.4500000000000002,62.35189725078881,18.864070441498907,-43.4878268092899,-69.74579560005247,66.51827388154905,19.684313131828315,-70.407660958129,58.155971849597634,18.03801042712461,-68.98339095119186,-0.03886925795052998,-0.02708237236913913
A02,Cz,1.3,1.8,1.55,58.84546264479961,17.88170503032192,-40.963757614477686,-69.61243190786232,61.46898600686229,18.587213548970187,-69.76163955771916,56.203332734069804,17.171192905158424,-69.44808773813259,-0.03886925795052998,-0.02708237236913913
A02,Cz,1.4000000000000001,1.9000000000000001,1.6500000000000001,57.75224596142042,17.438497996478695,-40.313747964941726,-69.80464100369717,62.99202100413872,19.0674053433449,-69.73044357142926,52.47530939357647,15.798038115237555,-69.89434021865644,-0.03886925795052998,-0.02708237236913913
A02,Cz,1.5,2.0,1.75,54.62958522436329,16.303488352546186,-38.3260968718171,-70.15630214729273,59.426534370236254,17.319337496908627,-70.85588503444177,49.798615162562164,15.28043460432302,-69.31554310407688,-0.03886925795052998,-0.02708237236913913
A02,Cz,1.6,2.1,1.85,54.402434420447754,16.07794734446168,-38.32448707598607,-70.44627227486973,56.65503032031575,15.916494338419247,-71.90629984940313,52.133862663133876,16.24054540728456,-68.848374976119,-0.03886925795052998,-0.02708237236913913
A02,Cz,1.7000000000000002,2.2,1.9500000000000002,51.75410963377866,15.232040896552128,-36.52206873722653,-70.56844180232879,53.96487187489556,15.23516344501242,-71.76836909697212,49.52766822783116,15.228896202358074,-69.2517399924746,-0.03886925795052998,-0.02708237236913913
A02,Cz,1.8,2.3,2.05,58.35961268812392,17.439893074293703,-40.91971961383021,-70.116503055815,63.78620110412511,18.659182040645955,-70.74730628621924,52.894537829456034,16.211956668463785,-69.35041436464611,-0.03886925795052998,-0.02708237236913913
A02,Cz,1.9000000000000001,2.4000000000000004,2.1500000000000004,52.574229097143515,16.032120332732298,-36.54210876441122,-69.50574338786954,56.79302749790969,17.32083013764553,-69.50183693186098,48.32551014034354,14.734270741968613,-69.51036688660216,-0.03886925795052998,-0.02708237236913913
A02,Cz,2.0,2.5,2.25,52.76187378365456,15.921765373273846,-36.84010841038071,-69.82335115966568,56.90216806922408,16.92649346006713,-70.253341771661,48.59221570882566,14.909911555368554,-69.31625500530426,-0.03886925795052998,-0.02708237236913913
A02,Cz,2.1,2.6,2.35,64.1112586225965,18.17370187975133,-45.93755674284516,-71.6528699167577,72.43990046440453,19.95801795070708,-72.44886061030131,55.723548398931634,16.376731084888096,-70.61075334319146,-0.03886925795052998,-0.02708237236913913
A02,Cz,2.2,2.7,2.45,62.08539689438393,16.765853334355292,-45.31954356002864,-72.99549624708628,70.52437125826386,18.9984473329441,-73.06116028546953,53.58657164849066,14.517425335776494,-72.90846402526779,-0.03886925795052998,-0.02708237236913913
A02,Cz,2.3000000000000003,2.8000000000000003,2.5500000000000003,48.53416566789463,13.794315476594067,-34.73985019130056,-71.57813411075281,53.62134169187335,15.16660795745582,-71.71535161389964,43.41091038133449,12.412290424946056,-71.40744039709656,-0.03886925795052998,-0.02708237236913913
A02,Cz,2.4000000000000004,2.9000000000000004,2.6500000000000004,55.92864512529826,16.33812117752953,-39.59052394776873,-70.78756129184454,61.8751945776377,17.733316581163578,-71.3401845404902,49.939921563367776,14.933030771032834,-70.098009160698,-0.03886925795052998,-0.02708237236913913
A02,Cz,2.5,3.0,2.75,60.87436892013554,18.08244465319708,-42.79192426693846,-70.29547086242415,67.99484550563099,19.774320793502827,-70.91791201751431,53.70339250070038,16.37856939132888,-69.50179750540848,-0.03886925795052998,-0.02708237236913913
A02,Cz,2.6,3.1,2.85,64.50243164728353,19.653145604334423,-44.8492860429491,-69.53115548914023,70.76845097458374,20.82737815583793,-70.56968483976283,58.19197246659824,18.47058516239472,-68.25922136769518,-0.03886925795052998,-0.02708237236913913
A02,Cz,2.7,3.2,2.95,58.25081859461406,18.20909847165022,-40.04172012296384,-68.74018441118722,62.97381039751995,19.117822962650934,-69.64162904869444,53.49433039594289,17.293929126103404,-67.67147284936385,-0.03886925795052998,-0.02708237236913913
A02,Cz,2.8000000000000003,3.3000000000000003,3.0500000000000003,64.82721560764503,19.697259718296888,-45.12995588934814,-69.61575546062168,66.61191300652348,19.99613246173796,-69.9811466760012,63.02986078040574,19.396267310008714,-69.22685998373889,-0.03886925795052998,-0.02708237236913913
A02,Cz,2.9000000000000004,3.4000000000000004,3.1500000000000004,58.319377240578376,17.81909896754401,-40.50027827303437,-69.44566315576917,58.87261279222218,17.910767374665628,-69.57708087820443,57.76221803253993,17.726780429875436,-69.31076916075281,-0.03886925795052998,-0.02708237236913913
A02,Cz,3.0,3.5,3.25,68.19271249966718,20.335154751586842,-47.85755774808034,-70.17987112378601,74.22705259882056,21.20099153169454,-71.43764868816653,62.115575662221914,19.46317728509541,-68.6661886691123,-0.03886925795052998,-0.02708237236913913
A02,Cz,3.1,3.6,3.35,59.542403201206206,17.60127217017132,-41.941131031034885,-70.43909680519117,64.83643222331428,17.985480421683782,-72.26022499242879,54.2108278739768,17.214339037442457,-68.24557064972258,-0.03886925795052998,-0.02708237236913913
A02,Cz,3.2,3.7,3.45,57.357889955204676,17.456944396785026,-39.90094555841965,-69.56487693250477,59.625314997438565,17.16047312568465,-71.21948433073797,55.07438388430246,17.755518301013772,-67.76084079612458,-0.03886925795052998,-0.02708237236913913
A02,Cz,3.3000000000000003,3.8000000000000003,3.5500000000000003,56.21264632604555,17.846738326684335,-38.36590799936121,-68.25138204102795,58.98014542014018,17.45229060209751,-70.40988882313266,53.42551957880132,18.243983552863984,-65.85155615388155,-0.03886925795052998,-0.02708237236913913
A02,Cz,3.4000000000000004,3.9000000000000004,3.6500000000000004,61.50841316765307,18.692392626864752,-42.816020540788315,-69.61002298024658,66.66573396230065,18.82580868451712,-71.76089189213295,56.314515629781006,18.558030356037545,-67.04574273879854,-0.03886925795052998,-0.02708237236913913
A02,Cz,3.5,4.0,3.75,55.10519216959801,16.1261590077493,-38.97903316184871,-70.73568138893773,60.08421944444669,16.623814078533357,-72.33247892334929,50.0908526445731,15.624974468378118,-68.8067308830868,-0.03886925795052998,-0.02708237236913913
A02,C4,0.0,0.5,0.25,53.99419698625233,16.12037820728499,-37.87381877896733,-70.14423936818717,55.880865465073924,16.68728952678334,-70.13773965757017,52.09414787992136,15.549446240130631,-70.15126099005865,-0.03886925795052998,-0.02708237236913913
A02,C4,0.1,0.6,0.35,60.742386615841355,17.426021576494495,-43.31636503934686,-71.3115954980441,63.401014595339184,17.56371266061913,-72.29742651167243,58.0649031187584,17.28735395985833,-70.22753327513348,-0.03886925795052998,-0.02708237236913913
A02,C4,0.2,0.7,0.44999999999999996,62.99051364327166,17.23699976054109,-45.75351388273057,-72.63556246237681,66.56190160405336,17.7606562587651,-73.31708405145153,59.39379668986031,16.70962938644315,-71.86637272290119,-0.03886925795052998,-0.02708237236913913
A02,C4,0.30000000000000004,0.8,0.55,55.331911185573915,15.957184100203492,-39.374727085370424,-71.16097427633436,57.33145265857585,16.293874488354017,-71.57951921192648,53.318188567373376,15.618105836959698,-70.70773359596696,-0.03886925795052998,-0.02708237236913913
A02,C4,0.4,0.9,0.65,56.75923502572674,16.65742425765222,-40.101810768074515,-70.65248633089917,59.550040402588245,16.9503454393013,-71.53596315853284,53.94863670293004,16.362425620814136,-69.67036310682997,-0.03886925795052998,-0.02708237236913913
A02,C4,0.5,1.0,0.75,65.15218722613253,18.733751431826413,-46.41843579430611,-71.2461665073428,71.98556539334737,19.781712081724745,-72.51989065636637,58.2703453839729,17.678358436893344,-69.66148334903173,-0.03886925795052998,-0.02708237236913913
A02,C4,0.6000000000000001,1.1,0.8500000000000001,64.31870627844377,18.683240641614415,-45.63546563682935,-70.9520888670672,71.91314035487494,20.09341990389581,-72.05876449736535,56.67041096742799,17.26306010796932,-69.53778909792719,-0.03886925795052998,-0.02708237236913913
A02,C4,0.7000000000000001,1.2000000000000002,0.9500000000000002,56.59034079470486,16.916237084448767,-39.67410371025609,-70.10755396258081,62.07520825748671,18.371278671302424,-70.40480541748852,51.0665735626834,15.450876053716714,-69.74366013660382,-0.03886925795052998,-0.02708237236913913
A02,C4,0.8,1.3,1.05,58.07524110142414,17.20800060807316,-40.86724049335098,-70.36947194412735,63.80355037714313,18.77829584624253,-70.56857222639819,52.30630551878515,15.626568524243014,-70.12488576806304,-0.03886925795052998,-0.02708237236913913
A02,C4,0.9,1.4,1.15,63.63905460771396,18.246867646175723,-45.392186961538236,-71.32756330424188,67.3978886322964,19.041961604539082,-71.74694639408278,59.853562185794075,17.446134723568647,-70.85196922880992,-0.03886925795052998,-0.02708237236913913
A02,C4,1.0,1.5,1.25,60.642164743471405,17.16466220290988,-43.477502540561524,-71.69516907003589,65.5387464477626,17.981130575620277,-72.5641219122919,55.71085550936253,16.34240327436466,-70.66567525315021,-0.03886925795052998,-0.02708237236913913
A02,C4,1.1,1.6,1.35,54.25813745281668,15.406724931190855,-38.85141252162583,-71.60476629963816,60.23617800034998,16.460571163335675,-72.6732808923567,48.23769945459167,14.345404612293235,-70.26101000982185,-0.03886925795052998,-0.02708237236913913
A02,C4,1.2000000000000002,1.7000000000000002,1.4500000000000002,62.182644730367095,17.938903195799217,-44.243741534567874,-71.15127014364717,66.48938825601358,18.857711501436466,-71.6380132287788,57.84535692439685,17.013578519200003,-70.58782342472789,-0.03886925795052998,-0.02708237236913913
A02,C4,1.3,1.8,1.55,58.41536730874609,16.954321518333145,-41.461045790412946,-70.97626480935489,61.199853646273354,17.695966472232367,-71.08495295672994,55.61113284116546,16.20741667114386,-70.85580558584392,-0.03886925795052998,-0.02708237236913913
A02,C4,1.4000000000000001,1.9000000000000001,1.6500000000000001,56.72354274801356,15.978221404066371,-40.74532134394718,-71.8314113858378,60.764461660033085,16.838501137851452,-72.2888993371487,52.65396483661801,15.11184039557359,-71.29971039699538,-0.03886925795052998,-0.02708237236913913
A02,C4,1.5,2.0,1.75,53.96222462482802,15.10290170618788,-38.85932291864014,-72.0120847292885,57.332821520713594,15.232524540225425,-73.43140606690338,50.56772278641843,14.972359561270641,-70.39146962478614,-0.03886925795052998,-0.02708237236913913
A02,C4,1.6,2.1,1.85,53.32193851929347,14.856331723356327,-38.46560679593714,-72.1384253162873,55.10999031917706,14.356725336867354,-73.94896051746986,51.52120550097098,15.35948141755089,-70.1880395301282,-0.03886925795052998,-0.02708237236913913
A02,C4,1.7000000000000002,2.2,1.9500000000000002,50.885503508954045,14.221463528933235,-36.66403998002081,-72.05203339212166,53.65843074015332,14.4711432697227,-73.03099798091233,48.09291012717888,13.9700130098403,-70.9520322789837,-0.03886925795052998,-0.02708237236913913
A02,C4,1.8,2.3,2.05,56.87225855509728,15.903371609767088,-40.9688869453302,-72.03668007248199,62.302703293459224,17.026783683084776,-72.67087496527247,51.403300024264695,14.771992074936517,-71.26256083176864,-0.03886925795052998,-0.02708237236913913
A02,C4,1.9000000000000001,2.4000000000000004,2.1500000000000004,50.51614757355291,14.370378173867286,-36.14576939968562,-71.55290166784073,53.84380645762074,15.102452888024908,-71.95136473140748,47.16488827186758,13.63311144046032,-71.09478694855288,-0.03886925795052998,-0.02708237236913913
A02,C4,2.0,2.5,2.25,51.094625432376695,14.489039956219044,-36.60558547615765,-71.64273182627561,54.34081347907282,14.949566625504243,-72.48924764208495,47.82541477542031,14.02524714034317,-70.67407108500105,-0.03886925795052998,-0.02708237236913913
A02,C4,2.1,2.6,2.35,63.08131811754056,16.92760827991351,-46.15370983762705,-73.16541761481268,70.69822847653778,18.156633791280186,-74.3181205773696,55.4103871176994,15.689866275558423,-71.68425074845452,-0.03886925795052998,-0.02708237236913913
A02,C4,2.2,2.7,2.45,61.92933666299273,16.16794655532308,-45.761390107669655,-73.89291178217222,70.1383598538552,17.939763325126812,-74.42232273108858,53.66209344950004,14.383563709137766,-73.19604438713567,-0.03886925795052998,-0.02708237236913913
A02,C4,2.3000000000000003,2.8000000000000003,2.5500000000000003,48.55631033090112,13.466532684071918,-35.089777646829205,-72.26615327173687,54.10015743852141,14.660297910757135,-72.90156146510873,42.973145158687764,12.264301037339283,-71.46054590128169,-0.03886925795052998,-0.02708237236913913
A02,C4,2.4000000000000004,2.9000000000000004,2.6500000000000004,55.579981642610385,15.531868115984853,-40.04811352662553,-72.05492399069568,61.826649129307455,16.7003815297781,-72.98837675182742,49.28901154962467,14.35506737301577,-70.87572478794193,-0.03886925795052998,-0.02708237236913913
A02,C4,2.5,3.0,2.75,60.82369937761865,17.217713074985152,-43.6059863026335,-71.69242704543424,68.40509700957202,18.735548887165567,-72.61088762940592,53.18853296813368,15.689112469810548,-70.50282909812495,-0.03886925795052998,-0.02708237236913913
A02,C4,2.6,3.1,2.85,64.82525010947623,18.86892159621855,-45.95632851325768,-70.89263587205154,71.75031914388889,20.119219769005948,-71.95940030781097,57.851067110280525,17.609756060503575,-69.56018801358601,-0.03886925795052998,-0.02708237236913913
A02,C4,2.7,3.2,2.95,57.86461465404778,17.24712464258153,-40.617490011466245,-70.19400414969314,62.71680233917265,18.21289973593454,-70.96009513138263,52.97801429030499,16.27450008048133,-69.28065293028625,-0.03886925795052998,-0.02708237236913913
A02,C4,2.8000000000000003,3.3000000000000003,3.0500000000000003,64.08870041365851,18.484402810971293,-45.604297602687225,-71.15809387354668,66.94800343240445,19.343601484630224,-71.1065297053094,61.209118650098766,17.619110529697757,-71.2148926201385,-0.03886925795052998,-0.02708237236913913
A02,C4,2.9000000000000004,3.4000000000000004,3.1500000000000004,57.65460373175147,16.72800762359815,-40.92659610815332,-70.98582499772567,59.57398266833851,17.394305810640766,-70.80217734060403,55.72161217859287,16.056983917498492,-71.18356183587369,-0.03886925795052998,-0.02708237236913913
A02,C4,3.0,3.5,3.25,67.39173496377511,18.97366357725485,-48.41807138652025,-71.84571136586153,74.34621963310012,20.545077800175644,-72.3656725230066,60.387927708142826,17.39110457261122,-71.20102438907475,-0.03886925795052998,-0.02708237236913913
A02,C4,3.1,3.6,3.35,59.0560008901442,16.471010331955966,-42.58499055818823,-72.10950608966006,64.97930283784515,17.740855457673916,-72.69768267297981,53.09068970877159,15.192159212438595,-71.38451337555601,-0.03886925795052998,-0.02708237236913913
A02,C4,3.2,3.7,3.45,56.55228868303243,15.97859178470663,-40.5736968983258,-71.74545512337374,59.67996721832306,16.80152170863207,-71.8473007078435,53.40242803047021,15.149825478341997,-71.63083021300483,-0.03886925795052998,-0.02708237236913913
A02,C4,3.3000000000000003,3.8000000000000003,3.5500000000000003,55.14148572272489,16.26552940368671,-38.87595631903818,-70.50219233214574,59.99673340024275,17.644567405907317,-70.59078652132763,50.251803664515386,14.876710990102836,-70.39566760743392,-0.03886925795052998,-0.02708237236913913
A02,C4,3.4000000000000004,3.9000000000000004,3.6500000000000004,61.193234166393346,17.409704970783938,-43.783529195609404,-71.54962438585218,68.66903007105986,19.43985106762603,-71.69051165058055,53.664418432615726,15.365160674673469,-71.3680663585931,-0.03886925795052998,-0.02708237236913913
A02,C4,3.5,4.0,3.75,55.60651275274146,15.37107060199463,-40.23544215074683,-72.35742750072595,61.47761334617371,16.93460123136032,-72.45403601469785,49.693773148008276,13.796451102917132,-72.23706265606822,-0.03886925795052998,-0.02708237236913913
A03,C3,0.0,0.5,0.25,22.31845572896761,9.99817410354933,-12.32028162541828,-55.20221369719375,22.27155696520792,10.120294929854118,-54.55955348939548,22.365699336578473,9.875155329992296,-55.84687435263087,-0.00366300366300365,-0.001569319265132707
A03,C3,0.1,0.6,0.35,24.90291059888935,10.630977191340243,-14.271933407549106,-57.31030254827169,25.097024478644634,10.403905649184443,-58.545262375477,24.707369411194687,10.859718377188365,-56.04664261721069,-0.00366300366300365,-0.001569319265132707
A03,C3,0.2,0.7,0.44999999999999996,24.92168801173969,10.52269769869447,-14.39899031304522,-57.77694635396441,24.713522166240686,10.10782064203651,-59.1000401559756,25.131384488455595,10.940625321945504,-56.46628490773673,-0.00366300366300365,-0.001569319265132707
A03,C3,0.30000000000000004,0.8,0.55,21.976835437033113,9.894662788429013,-12.0821726486041,-54.976853620355456,21.658521818710685,9.4679338234929,-56.28541087548459,22.297489596666743,10.324529466342602,-53.69644900345186,-0.00366300366300365,-0.001569319265132707
A03,C3,0.4,0.9,0.65,22.52123154491778,10.554911976033756,-11.966319568884023,-53.13350446674123,22.419462075286535,10.390203784205868,-53.65542781840775,22.623749319472786,10.720831257507438,-52.61249094428495,-0.00366300366300365,-0.001569319265132707
A03,C3,0.5,1.0,0.75,26.088762263497774,11.935362413485034,-14.15339985001274,-54.250944169227765,24.58838787566502,11.426036215072093,-53.5307630868294,27.600168815946944,12.448433657474542,-54.897255373735135,-0.00366300366300365,-0.001569319265132707
A03,C3,0.6000000000000001,1.1,0.8500000000000001,26.299307395134406,11.63253720448771,-14.666770190646696,-55.76865569227946,24.59781733579572,11.310292007664705,-54.01912351302195,28.013308410791762,11.957151851287355,-57.316173884406254,-0.00366300366300365,-0.001569319265132707
A03,C3,0.7000000000000001,1.2000000000000002,0.9500000000000002,23.77808337936653,10.4819171719832,-13.296166207383331,-55.917737335049885,23.263711296265626,10.389975420745618,-55.338272176660595,24.2962376101373,10.574534965509296,-56.476656447016296,-0.00366300366300365,-0.001569319265132707
A03,C3,0.8,1.3,1.05,23.138008176760053,10.303150645740144,-12.834857531019908,-55.47088337496273,23.684275948316152,10.285112487157955,-56.57408945241925,22.587723730413103,10.32132143784132,-54.30561502775847,-0.00366300366300365,-0.001569319265132707
A03,C3,0.9,1.4,1.15,24.702353496948533,11.288018997074886,-13.414334499873647,-54.30387230727109,26.331864328613165,11.833400614891834,-55.06052869172188,23.060860967992255,10.738627220303398,-53.4335373028428,-0.00366300366300365,-0.001569319265132707
A03,C3,1.0,1.5,1.25,23.718279510375638,11.081078851576002,-12.637200658799635,-53.28042724714266,24.82632577745035,11.853117873454229,-52.25585139054137,22.602085844278317,10.303363072183963,-54.414105215018274,-0.00366300366300365,-0.001569319265132707
A03,C3,1.1,1.6,1.35,21.124416278655563,9.617699824970105,-11.506716453685458,-54.471168821417436,22.038984921392373,10.050046162103305,-54.39877926343095,20.20312286648687,9.1821744706521,-54.550717078083125,-0.00366300366300365,-0.001569319265132707
A03,C3,1.2000000000000002,1.7000000000000002,1.4500000000000002,23.773026942811867,10.577061503131501,-13.195965439680366,-55.50814152284619,24.584502914665066,10.569665588156418,-57.00679560272322,22.955584235871516,10.58451179983434,-53.89134211929808,-0.00366300366300365,-0.001569319265132707
A03,C3,1.3,1.8,1.55,23.159969852714568,10.427055357925646,-12.732914494788922,-54.97811342486054,24.926787881135475,10.64264547551681,-57.304384639261386,21.380160515261164,10.209880018881604,-52.24600857606383,-0.00366300366300365,-0.001569319265132707
A03,C3,1.4000000000000001,1.9000000000000001,1.6500000000000001,23.109848117924194,10.392890401139217,-12.716957716784977,-55.02830504074839,24.863262297808326,10.813721658804852,-56.50722930370215,21.34354118671738,9.968964795990749,-53.292826580273925,-0.00366300366300365,-0.001569319265132707
A03,C3,1.5,2.0,1.75,20.758278404822622,9.223168618605197,-11.535109786217426,-55.568720879750586,21.073103732169535,9.236264114569114,-56.17036658691465,20.441138185362867,9.20997683222978,-54.94391384318952,-0.00366300366300365,-0.001569319265132707
A03,C3,1.6,2.1,1.85,20.516603891285357,8.930142177147566,-11.58646171413779,-56.47358488535845,20.72454864373617,9.149593879609872,-55.85142027990432,20.307130133301825,8.709076859225982,-57.11320702601941,-0.00366300366300365,-0.001569319265132707
A03,C3,1.7000000000000002,2.2,1.9500000000000002,19.993748233002567,8.90241107106982,-11.091337161932747,-55.47402634401936,19.68080482996304,9.334754710309715,-52.569243021514964,20.30899269047621,8.466888434482568,-58.30965836895954,-0.00366300366300365,-0.001569319265132707
A03,C3,1.8,2.3,2.05,22.318446789935013,9.906727085681176,-12.411719704253837,-55.61193312901671,21.64797999205105,10.273902639772913,-52.54105628541138,22.993843490744585,9.536851711338764,-58.52432536919062,-0.00366300366300365,-0.001569319265132707
A03,C3,1.9000000000000001,2.4000000000000004,2.1500000000000004,20.936882268599486,9.164322454623402,-11.772559813976084,-56.2288103020583,21.665702509815453,9.480603243003486,-56.24142241079705,20.202703055021633,8.845716072211113,-56.21518542286152,-0.00366300366300365,-0.001569319265132707
A03,C3,2.0,2.5,2.25,20.92804363161817,9.029930482409608,-11.898113149208562,-56.852486351055035,22.073324940114883,8.949571459254043,-59.45526338449552,19.774341137029566,9.110880380735432,-53.925744895366776,-0.00366300366300365,-0.001569319265132707
A03,C3,2.1,2.6,2.35,23.319069140309256,9.379892189294928,-13.939176951014328,-59.775872129128516,24.332338905981143,9.382302920552831,-61.44101495213613,22.298348861654485,9.377463732071895,-57.94547932561088,-0.00366300366300365,-0.001569319265132707
A03,C3,2.2,2.7,2.45,23.685828051615285,9.068972688864852,-14.616855362750433,-61.711396920124216,23.25781908597367,8.55755589261254,-63.20568209349675,24.11698414200426,9.584149902736668,-60.25974953458601,-0.00366300366300365,-0.001569319265132707
A03,C3,2.3000000000000003,2.8000000000000003,2.5500000000000003,21.071808824071397,8.041447451955053,-13.030361372116344,-61.83788720231317,19.361704334367403,6.933614522331738,-64.1890279771268,22.794487611493796,9.157426211943246,-59.82613705549694,-0.00366300366300365,-0.001569319265132707
A03,C3,2.4000000000000004,2.9000000000000004,2.6500000000000004,23.996322000431554,9.431973484225434,-14.56434851620612,-60.69408685191085,22.719032474362002,8.288075257519745,-63.51924199733118,25.283003361251616,10.584282727303956,-58.13676652226657,-0.00366300366300365,-0.001569319265132707
A03,C3,2.5,3.0,2.75,24.24074030756396,9.857063542631241,-14.38367676493272,-59.33678832590979,22.987866584861877,8.738912810999642,-61.98467231076393,25.502826337050617,10.983435970818963,-56.932475539535865,-0.00366300366300365,-0.001569319265132707
A03,C3,2.6,3.1,2.85,25.41236893010259,10.444298427765593,-14.968070502336998,-58.90072878883146,23.32357490036095,8.93687294116182,-61.68309112415046,27.51652173947469,11.962807925300277,-56.52499963998482,-0.00366300366300365,-0.001569319265132707
A03,C3,2.7,3.2,2.95,22.73102708830173,9.707371326090469,-13.023655762211261,-57.294620747312116,19.898591205612092,7.779900535068636,-60.90225456325554,25.584289705422915,11.649014696458051,-54.46809416800461,-0.00366300366300365,-0.001569319265132707
A03,C3,2.8000000000000003,3.3000000000000003,3.0500000000000003,23.71491920486489,9.901602856103574,-13.813316348761317,-58.24736837360865,21.554007475956745,7.994017026605331,-62.91169038740212,25.891719990603242,11.823215051995195,-54.33592261817238,-0.00366300366300365,-0.001569319265132707
A03,C3,2.9000000000000004,3.4000000000000004,3.1500000000000004,20.98584326720467,8.569552007786179,-12.416291259418493,-59.16508143764647,19.849940988164793,7.153932760000307,-63.95992933044121,22.130097768884557,9.995580220629295,-54.832643194720454,-0.00366300366300365,-0.001569319265132707
A03,C3,3.0,3.5,3.25,23.641978950360333,9.338466451030941,-14.303512499329392,-60.500487414195035,22.3784588886033,8.013199851677195,-64.19235170944643,24.914789600806756,10.673477657732876,-57.160073078091486,-0.00366300366300365,-0.001569319265132707
A03,C3,3.1,3.6,3.35,22.58563569126904,9.080502189991291,-13.505133501277749,-59.79523306708806,21.163046019489542,7.579814793370037,-64.18372484570695,24.018685581223384,10.592224052764166,-55.90006781618124,-0.00366300366300365,-0.001569319265132707
A03,C3,3.2,3.7,3.45,22.232848746344782,8.920100709217431,-13.312748037127351,-59.87873254126307,20.608722251859387,7.4379262814193705,-63.90884310768807,23.868917347407283,10.41317347839636,-56.37349894494703,-0.00366300366300365,-0.001569319265132707
A03,C3,3.3000000000000003,3.8000000000000003,3.5500000000000003,20.953634276669863,8.401787527402897,-12.551846749266966,-59.902958043141986,19.740398068540156,7.303656500603925,-63.001473044033474,22.175791339271118,9.50799304704598,-57.12444754921431,-0.00366300366300365,-0.001569319265132707
A03,C3,3.4000000000000004,3.9000000000000004,3.6500000000000004,23.988079487583178,9.463852760947155,-14.524226726636023,-60.547684670438585,22.739269485496227,8.21831799481454,-63.85847839106518,25.246071916156062,10.71854587094839,-57.54370855574912,-0.00366300366300365,-0.001569319265132707
A03,C3,3.5,4.0,3.75,21.683336442154495,8.377974423689105,-13.30536201846539,-61.36215270173313,20.756559837592715,7.580374615224473,-63.47961957792509,22.61692758057335,9.181438936627742,-59.40457029842518,-0.00366300366300365,-0.001569319265132707
A03,Cz,0.0,0.5,0.25,22.477381527355437,9.120530162198527,-13.35685136515691,-59.42352025702525,22.152199626219502,8.913973020911607,-59.76032551475853,22.804954471882073,9.32860610599491,-59.09394988051021,-0.00366300366300365,-0.001569319265132707
A03,Cz,0.1,0.6,0.35,25.193192013781818,9.708882975751038,-15.48430903803078,-61.46227532247664,25.471603483668936,9.614632389191103,-62.25352520364294,24.912733400733764,9.803826581329794,-60.647326715899275,-0.00366300366300365,-0.001569319265132707
A03,Cz,0.2,0.7,0.44999999999999996,25.155779369825733,9.282798593332817,-15.872980776492916,-63.09874380410769,25.788240566466044,9.538339629596264,-63.012832903383384,24.51866772321012,9.025378578861549,-63.189767565071044,-0.00366300366300365,-0.001569319265132707
A03,Cz,0.30000000000000004,0.8,0.55,21.72632774032432,8.269159001255906,-13.457168739068413,-61.939453827218806,22.402146223912702,8.510053957709205,-62.01232742322998,21.045540003180136,8.0264927583581,-61.861312386637564,-0.00366300366300365,-0.001569319265132707
A03,Cz,0.4,0.9,0.65,22.06925042947164,8.745017393131942,-13.324233036339699,-60.374651504005314,22.2969499202761,8.827696966147073,-60.40849982750572,21.83987667770538,8.661729882079937,-60.33984069643571,-0.00366300366300365,-0.001569319265132707
A03,Cz,0.5,1.0,0.75,25.790897989886165,9.887374563031447,-15.903523426854719,-61.663317939108765,24.502466423901364,9.441456922925578,-61.4673202297882,27.08880331738557,10.336571009314563,-61.84190608862903,-0.00366300366300365,-0.001569319265132707
A03,Cz,0.6000000000000001,1.1,0.8500000000000001,26.2431233485532,9.75112583333682,-16.491997515216383,-62.84312006682542,24.722888365514013,9.438625653659585,-61.822318193105886,27.774536529997096,10.065923808452858,-63.7584454466722,-0.00366300366300365,-0.001569319265132707
A03,Cz,0.7000000000000001,1.2000000000000002,0.9500000000000002,23.055160312455286,8.55911991455804,-14.496040397897245,-62.87546996611394,22.291524581860145,8.307350883552914,-62.733141678819635,23.824411011657748,8.8127401884382,-63.0096199057095,-0.00366300366300365,-0.001569319265132707
A03,Cz,0.8,1.3,1.05,22.155470919302196,8.302502240552405,-13.852968678749791,-62.52617572069238,22.734394481907156,8.249982099996743,-63.71145003856438,21.572290565795726,8.355408558612153,-61.267865676442355,-0.00366300366300365,-0.001569319265132707
A03,Cz,0.9,1.4,1.15,24.109726740545426,9.170933983661854,-14.938792756883572,-61.96168425153049,25.99825203302649,9.676524114574763,-62.78009728391611,22.20731523267847,8.66162627825694,-60.99651764518028,-0.00366300366300365,-0.001569319265132707
A03,Cz,1.0,1.5,1.25,23.191286162714064,9.004467845741958,-14.186818316972106,-61.173055333951474,24.253796649359604,9.485672950083694,-60.88994606815855,22.120963098960836,8.519724468574179,-61.48574349832714,-0.00366300366300365,-0.001569319265132707
A03,Cz,1.1,1.6,1.35,20.496723800359327,7.8893266675582945,-12.607397132801033,-61.50932829850599,21.103831312211106,8.023666125459776,-61.98004994089808,19.88515226268511,7.75399941952518,-61.00608475563089,-0.00366300366300365,-0.001569319265132707
A03,Cz,1.2000000000000002,1.7000000000000002,1.4500000000000002,23.02015206658935,8.558838780648518,-14.461313285940832,-62.82023352456251,23.885322693591117,8.616558764705559,-63.92529891581685,22.14861989085963,8.500694384943998,-61.61975587268038,-0.00366300366300365,-0.001569319265132707
A03,Cz,1.3,1.8,1.55,22.345966933020634,8.231442487632394,-14.11452444538824,-63.16363255926601,24.25590880992047,8.719031223759853,-64.05399075299195,20.421981365849472,7.7402685402098825,-62.09834686680551,-0.00366300366300365,-0.001569319265132707
A03,Cz,1.4000000000000001,1.9000000000000001,1.6500000000000001,22.36260629017338,8.274836213492952,-14.08777007668043,-62.99699549274319,24.345442211906224,9.119120803112068,-62.542800727389,20.36519069254545,7.424343648950168,-63.543952222024615,-0.00366300366300365,-0.001569319265132707
A03,Cz,1.5,2.0,1.75,20.313460628708942,7.597985308262772,-12.71547532044617,-62.596302781001455,21.297509578174406,8.166071626060456,-61.657152466178445,19.322176025203294,7.0257218851871635,-63.63907524689242,-0.00366300366300365,-0.001569319265132707
A03,Cz,1.6,2.1,1.85,20.044182596383642,7.339235439828635,-12.704947156555008,-63.38471072822508,20.9343929483316,8.02729087881239,-61.655010018085385,19.14742658008313,6.646120769675881,-65.2897440714614,-0.00366300366300365,-0.001569319265132707
A03,Cz,1.7000000000000002,2.2,1.9500000000000002,19.40529317714427,7.278230381624784,-12.127062795519485,-62.493581956302776,19.04560981826389,7.608856126229758,-60.04929115510282,19.767621266604653,6.9451735653683,-64.86591142303271,-0.00366300366300365,-0.001569319265132707
A03,Cz,1.8,2.3,2.05,21.659039065491015,8.200405383246682,-13.458633682244333,-62.138646324747384,20.839229061355812,8.307866827448,-60.133521240216716,22.484877084362502,8.092153781367411,-64.01068259788157,-0.00366300366300365,-0.001569319265132707
A03,Cz,1.9000000000000001,2.4000000000000004,2.1500000000000004,20.822022545892555,8.027496287889273,-12.794526258003282,-61.447086755398736,21.543482433746785,7.969472284901147,-63.007502109234814,20.09525780592174,8.085946937958198,-59.76191489528737,-0.00366300366300365,-0.001569319265132707
A03,Cz,2.0,2.5,2.25,21.31790485826061,8.293171104183374,-13.024733754077237,-61.097625872132554,22.656628228313977,7.844860989629127,-65.37498470392251,19.969337934015673,8.744777616638755,-56.208975753057175,-0.00366300366300365,-0.001569319265132707
A03,Cz,2.1,2.6,2.35,23.394117487456672,8.377801964196507,-15.016315523260165,-64.18842485215153,24.324366389279643,8.081800642486943,-66.77487703832321,22.457028520179126,8.67597976621276,-61.36630561600428,-0.00366300366300365,-0.001569319265132707
A03,Cz,2.2,2.7,2.45,23.55390031477641,7.902405664134173,-15.651494650642237,-66.4496938573836,22.972345634373788,7.404031330045935,-67.76980701976207,24.13973113253493,8.404444515384824,-65.18418341429857,-0.00366300366300365,-0.001569319265132707
A03,Cz,2.3000000000000003,2.8000000000000003,2.5500000000000003,21.321090658562866,7.185119699310081,-14.135970959252784,-66.30041204564537,19.700198713735496,6.4118069824427595,-67.45308473476321,22.953900926513967,7.964118539095544,-65.30385591280383,-0.00366300366300365,-0.001569319265132707
A03,Cz,2.4000000000000004,2.9000000000000004,2.6500000000000004,23.86711787697408,8.269312647072956,-15.597805229901125,-65.35269700473212,23.1660573443436,7.715566289095615,-66.69452132311368,24.57333326646214,8.827130669447191,-64.0784155176273,-0.00366300366300365,-0.001569319265132707
A03,Cz,2.5,3.0,2.75,23.76386406130278,8.41034495826241,-15.35351910304037,-64.60868090910405,23.46911150216547,7.9431453957788545,-66.15489514783741,24.06078391866904,8.880979811646583,-63.08939957373655,-0.00366300366300365,-0.001569319265132707
A03,Cz,2.6,3.1,2.85,24.67783520719152,8.721614561009766,-15.956220646181755,-64.65810518716752,23.664244810333567,7.978251010123718,-66.28563018144649,25.698878474614613,9.470444020358206,-63.14841509635091,-0.00366300366300365,-0.001569319265132707
A03,Cz,2.7,3.2,2.95,22.095009124436803,8.237676826813475,-13.857332297623328,-62.71702455328381,19.878755578785718,6.963527741078818,-64.97000170116192,24.327558652041198,9.521194655825594,-60.8625148457849,-0.00366300366300365,-0.001569319265132707
A03,Cz,2.8000000000000003,3.3000000000000003,3.0500000000000003,23.52755741712456,8.502807089524596,-15.024750327599962,-63.8602217018252,21.906464558727542,7.218345481322151,-67.04924492963717,25.16057007595096,9.796713268375587,-61.06323013030811,-0.00366300366300365,-0.001569319265132707
A03,Cz,2.9000000000000004,3.4000000000000004,3.1500000000000004,20.73292438436175,7.23011097266613,-13.50281341169562,-65.12739429021602,20.41928102073055,6.409993278373749,-68.6081342831511,21.048873949196118,8.056258944122424,-61.72593857720307,-0.00366300366300365,-0.001569319265132707
A03,Cz,3.0,3.5,3.25,23.306260318068432,7.814379700832121,-15.491880617236312,-66.4708984016027,22.963294594054236,7.067023536308614,-69.2246967987841,23.651747848876852,8.567231131271244,-63.777598230745234,-0.00366300366300365,-0.001569319265132707
A03,Cz,3.1,3.6,3.35,22.084836081837068,7.59057774707521,-14.494258334761858,-65.6299113158561,21.29532386941906,6.70354091406708,-68.52106614967414,22.88015353111109,8.48413690973781,-62.9192308600483,-0.00366300366300365,-0.001569319265132707
A03,Cz,3.2,3.7,3.45,22.001817669649103,7.769576253483581,-14.232241416165522,-64.68666193792936,20.802114873054624,6.881359431212473,-66.91990466735655,23.210341810336196,8.664324081800798,-62.670415831867075,-0.00366300366300365,-0.001569319265132707
A03,Cz,3.3000000000000003,3.8000000000000003,3.5500000000000003,20.697503578042618,7.450755256882911,-13.246748321159707,-64.0016718499945,19.999479567753543,6.899307584618558,-65.50256439801184,21.400660117819115,8.006257691443329,-62.588734892448606,-0.00366300366300365,-0.001569319265132707
A03,Cz,3.4000000000000004,3.9000000000000004,3.6500000000000004,23.613278358092536,8.112973689145498,-15.500304668947038,-65.64232392422083,22.962518714950594,7.46830343731012,-67.47611387923396,24.26882299861052,8.762384163420844,-63.89448238209772,-0.00366300366300365,-0.001569319265132707
A03,Cz,3.5,4.0,3.75,21.81075979678531,7.2746802622947655,-14.536079534490543,-66.6463693604705,21.243906618587904,6.793485474008569,-68.02148683865691,22.381781013057694,7.759413247553656,-65.33156479805268,-0.00366300366300365,-0.001569319265132707
A03,C4,0.0,0.5,0.25,23.094312572944432,9.897043201470382,-13.19726937147405,-57.14510587743141,22.838070595278634,9.936296139332658,-56.49240115149302,23.352438682798955,9.857501639065003,-57.78812751438296,-0.00366300366300365,-0.001569319265132707
A03,C4,0.1,0.6,0.35,25.937591694622846,10.453622722226863,-15.483968972395983,-59.6970187313342,26.863075977559078,10.947121131416756,-59.248445187134266,25.005302380194433,9.956495648263516,-60.18246251583182,-0.00366300366300365,-0.001569319265132707
A03,C4,0.2,0.7,0.44999999999999996,26.43265397040996,10.488613027843373,-15.944040942566586,-60.31948574068705,27.792768855129264,11.210019355917447,-59.66569788584199,25.062538240950076,9.761902241474635,-61.04982604864615,-0.00366300366300365,-0.001569319265132707
A03,C4,0.30000000000000004,0.8,0.55,23.164359230212483,9.511179320786537,-13.653179909425946,-58.94046009966281,24.06736495337389,9.897378506902392,-58.87635174820032,22.25471375908666,9.122140434772772,-59.01029986940103,-0.00366300366300365,-0.001569319265132707
A03,C4,0.4,0.9,0.65,23.293587889679124,9.793788603498488,-13.499799286180636,-57.95500182332195,23.68969346308117,9.911590972746543,-58.160746198792715,22.894569775296183,9.6751200403589,-57.74054662167708,-0.00366300366300365,-0.001569319265132707
A03,C4,0.5,1.0,0.75,26.994920845475416,10.808770736075013,-16.1861501094004,-59.959983591184866,26.5435941057251,10.717359750155515,-59.623554717317184,27.449566164194486,10.900853861596866,-60.28770073672036,-0.00366300366300365,-0.001569319265132707
A03,C4,0.6000000000000001,1.1,0.8500000000000001,27.507417526869315,10.655058857720089,-16.852358669149226,-61.26477940972757,26.686528771349874,10.685078835180901,-59.96077673971526,28.334342229120512,10.62481814513089,-62.50197707356243,-0.00366300366300365,-0.001569319265132707
A03,C4,0.7000000000000001,1.2000000000000002,0.9500000000000002,24.251286332351732,9.459645952904093,-14.791640379447639,-60.99321981001592,23.75772239315895,9.423471721597814,-60.335121500067245,24.748479418156226,9.496086171205274,-61.62961767970819,-0.00366300366300365,-0.001569319265132707
A03,C4,0.8,1.3,1.05,23.539764620761233,9.416629014429503,-14.12313560633173,-59.99692789568349,24.4787775486142,9.548654186812568,-60.99211176763547,22.593847186085814,9.283633068720091,-58.910791100519965,-0.00366300366300365,-0.001569319265132707
A03,C4,0.9,1.4,1.15,25.552545631117304,10.338102400750348,-15.214443230366957,-59.54179066933807,27.33905089072749,10.669952207151645,-60.9717533728629,23.752904303421747,10.003812522243159,-57.88383435367081,-0.00366300366300365,-0.001569319265132707
A03,C4,1.0,1.5,1.25,24.29468053653007,9.804025378177803,-14.490655158352267,-59.64538260366818,25.007242554581527,9.945125541142657,-60.231018996052285,23.5768790918753,9.661887714014682,-59.01964939310304,-0.00366300366300365,-0.001569319265132707
A03,C4,1.1,1.6,1.35,21.505728682742063,8.540075671442127,-12.965653011299937,-60.28929873789687,22.004425176781222,8.605348515321984,-60.89264570109183,21.00336530271733,8.474322880180802,-59.65254730352936,-0.00366300366300365,-0.001569319265132707
A03,C4,1.2000000000000002,1.7000000000000002,1.4500000000000002,24.294174394743532,9.486560529754387,-14.807613864989145,-60.95129484290287,25.214034591734055,9.613763739047702,-61.87137879869732,23.367550519833955,9.35842200274568,-59.951206718040815,-0.00366300366300365,-0.001569319265132707
A03,C4,1.3,1.8,1.55,23.376141533319956,9.167634714286136,-14.20850681903382,-60.782087577546775,25.425309810236325,9.6678809301271,-61.97536626973657,21.31190584260273,8.663710217446342,-59.34802695999393,-0.00366300366300365,-0.001569319265132707
A03,C4,1.4000000000000001,1.9000000000000001,1.6500000000000001,23.04645500900999,9.051063530816299,-13.99539147819369,-60.72687306018304,24.83694066066162,9.749148913008334,-60.74738412348154,21.242804021684453,8.347845167872853,-60.702715331971,-0.00366300366300365,-0.001569319265132707
A03,C4,1.5,2.0,1.75,20.629544637727687,8.227483716528939,-12.402060921198748,-60.1179577106013,21.302329217384283,8.710357078260497,-59.1107761532847,19.95181311263244,7.741059815372885,-61.20122130418486,-0.00366300366300365,-0.001569319265132707
A03,C4,1.6,2.1,1.85,20.58640583709574,8.064676752307754,-12.521729084787985,-60.82523187328026,21.398254309726134,8.829664593500071,-58.73651903703785,19.768587890401886,7.294064000518436,-63.102756550153615,-0.00366300366300365,-0.001569319265132707
A03,C4,1.7000000000000002,2.2,1.9500000000000002,20.53347632245802,8.193678770533888,-12.339797551924134,-60.095998155109086,20.327425587932666,8.546033472376854,-57.95811213078459,20.74104213591371,7.838733225295018,-62.20665685972438,-0.00366300366300365,-0.001569319265132707
A03,C4,1.8,2.3,2.05,23.281176456379725,9.409951663183278,-13.871224793196447,-59.58128799541539,22.49035482269361,9.329752900668868,-58.516648695756466,24.077812955019414,9.490740122480885,-60.583047388021235,-0.00366300366300365,-0.001569319265132707
A03,C4,1.9000000000000001,2.4000000000000004,2.1500000000000004,22.06873632845208,8.860995742056886,-13.207740586395193,-59.84819606262247,22.70644784351737,8.704124479626726,-61.66672770830718,21.426335758128953,9.019020469651977,-57.906846175365075,-0.00366300366300365,-0.001569319265132707
A03,C4,2.0,2.5,2.25,22.002552414878114,8.714965161478936,-13.287587253399177,-60.39111737061068,23.38305982548429,8.50071685088512,-63.64583200689364,20.611894214488068,8.930788827297707,-56.67167347957632,-0.00366300366300365,-0.001569319265132707
A03,C4,2.1,2.6,2.35,24.127582458902523,8.87278676486555,-15.254795694036973,-63.22554578363197,25.16330682243824,8.822314402388255,-64.93976541063611,23.084242475046693,8.92363024765518,-61.34319652333695,-0.00366300366300365,-0.001569319265132707
A03,C4,2.2,2.7,2.45,24.191985853692728,8.522606290704315,-15.669379562988413,-64.7709520737695,24.02470655662398,8.263344483724424,-65.60480576839306,24.360495145592857,8.783774434500238,-63.942545576339235,-0.00366300366300365,-0.001569319265132707
A03,C4,2.3000000000000003,2.8000000000000003,2.5500000000000003,21.94472813387573,7.876868264088746,-14.067859869786986,-64.10587446772992,20.771115078578013,7.367078490712708,-64.5320992019796,23.126970696932997,8.390406491680782,-63.72025285268562,-0.00366300366300365,-0.001569319265132707
A03,C4,2.4000000000000004,2.9000000000000004,2.6500000000000004,25.062054900527805,9.244122321557846,-15.817932578969959,-63.11506634931533,24.73269976934823,8.858939297008297,-64.18126860542992,25.393831760613118,9.632137574229084,-62.06898720511755,-0.00366300366300365,-0.001569319265132707
A03,C4,2.5,3.0,2.75,25.35923051869119,9.719046483942387,-15.640184034748804,-61.67452132753437,25.497526897372218,9.46126776570009,-62.893390391225864,25.219917254872808,9.97872063393647,-60.433174569561864,-0.00366300366300365,-0.001569319265132707
A03,C4,2.6,3.1,2.85,25.713688638459626,9.785695942976217,-15.92799269548341,-61.94363212308684,25.103785158726648,9.468817757562288,-62.281314559965026,26.328076702602406,10.104904115047603,-61.61928488286127,-0.00366300366300365,-0.001569319265132707
A03,C4,2.7,3.2,2.95,22.61431416022904,8.741185804912854,-13.873128355316185,-61.34666856142975,20.713123661853693,7.881745493242575,-61.94805949158704,24.5294840005042,9.606945530639534,-60.835109574901516,-0.00366300366300365,-0.001569319265132707
A03,C4,2.8000000000000003,3.3000000000000003,3.0500000000000003,24.42673741806741,9.311606121392732,-15.11513129667468,-61.87945216742152,23.129776268306852,8.385415305894862,-63.746232524588564,25.73323504687033,10.244607163475147,-60.189198346746174,-0.00366300366300365,-0.001569319265132707
A03,C4,2.9000000000000004,3.4000000000000004,3.1500000000000004,21.50250676130499,8.058667730734143,-13.443839030570846,-62.522194178605325,21.497054780652306,7.508004734603192,-65.07426337602062,21.50799883005071,8.613379719483707,-59.952667900236264,-0.00366300366300365,-0.001569319265132707
A03,C4,3.0,3.5,3.25,24.081147051219087,8.72962407549626,-15.351522975722828,-63.74913513492984,23.802295529878368,8.047022830776193,-66.19224048926296,24.362048951393188,9.417244447015735,-61.34461241004446,-0.00366300366300365,-0.001569319265132707
A03,C4,3.1,3.6,3.35,22.13845524365327,8.187698448328227,-13.950756795325042,-63.015945068364665,21.510477270474723,7.493826182781172,-65.16197158922552,22.77105070192872,8.886672715827832,-60.97381349611977,-0.00366300366300365,-0.001569319265132707
A03,C4,3.2,3.7,3.45,22.139409352679117,8.251075370012337,-13.88833398266678,-62.731275985852506,21.30674535461512,7.65522996763487,-64.07133121353648,22.978195880140635,8.851301988583756,-61.479560733339945,-0.00366300366300365,-0.001569319265132707
A03,C4,3.3000000000000003,3.8000000000000003,3.5500000000000003,21.098280766169335,8.055082635380723,-13.043198130788612,-61.82114208899483,20.522939122246896,7.485598467231076,-63.52569959574321,21.677852863355913,8.628754187119705,-60.195531164870616,-0.00366300366300365,-0.001569319265132707
A03,C4,3.4000000000000004,3.9000000000000004,3.6500000000000004,23.9317873491899,8.813144769013407,-15.118642580176493,-63.173896540110555,23.331906229614557,7.960845944080601,-65.88000197782333,24.53607935935036,9.67171049707072,-60.58167910438811,-0.00366300366300365,-0.001569319265132707
A03,C4,3.5,4.0,3.75,22.326516671259288,8.097553005737284,-14.228963665522004,-63.7312298870106,21.896015379790924,7.450913193153085,-65.97137395130825,22.760183413400206,8.748947522825778,-61.5602942915004,-0.00366300366300365,-0.001569319265132707
A04,C3,0.0,0.5,0.25,10.019109266425096,9.111920505334433,-0.9071887610906622,-9.054584963263455,10.24451104401063,9.324610602469933,-8.979447018884418,9.785657425354364,8.89163433330124,-9.136055486029322,-0.02631578947368418,-0.027482121801537418
A04,C3,0.1,0.6,0.35,10.176367582719974,8.790701705149095,-1.3856658775708794,-13.616507720532967,10.717708634679614,9.411005717626253,-12.191998883280169,9.615692921761775,8.148243977940611,-15.260979689774661,-0.02631578947368418,-0.027482121801537418
A04,C3,0.2,0.7,0.44999999999999996,10.733917039570985,8.924288372333839,-1.8096286672371455,-16.858977580745986,10.919242092332965,9.3153311312509,-14.68884880030514,10.541973234924646,8.51927980059831,-19.187047711573832,-0.02631578947368418,-0.027482121801537418
A04,C3,0.30000000000000004,0.8,0.55,10.767956491999202,9.10916002903365,-1.6587964629655527,-15.404932813371508,10.901888305619934,9.290312231021572,-14.782540688548362,10.629241399320582,8.92153810554616,-16.066088158309945,-0.02631578947368418,-0.027482121801537418
A04,C3,0.4,0.9,0.65,11.557857266027447,9.867848354938321,-1.6900089110891265,-14.62216457765618,11.648093396590978,9.903560118741204,-14.976985661536185,11.464398416515223,9.83086117099962,-14.24878293798988,-0.02631578947368418,-0.027482121801537418
A04,C3,0.5,1.0,0.75,12.754641317795762,10.893266643580697,-1.8613746742150656,-14.593704580449508,12.443938757198978,10.697527896161514,-14.034228993831583,13.076440398413862,11.09599606055057,-15.145133365984783,-0.02631578947368418,-0.027482121801537418
A04,C3,0.6000000000000001,1.1,0.8500000000000001,12.593635883401165,10.68136976641564,-1.9122661169855242,-15.18438467405553,12.326074629516835,10.602163357679546,-13.985890266387788,12.870752896352789,10.763404975463741,-16.373151888311142,-0.02631578947368418,-0.027482121801537418
A04,C3,0.7000000000000001,1.2000000000000002,0.9500000000000002,11.578963097239562,9.882601182733524,-1.6963619145060385,-14.650378451507917,11.866613400897199,10.248270253563376,-13.63778436745453,11.281039568451297,9.503872502231179,-15.753575328200839,-0.02631578947368418,-0.027482121801537418
A04,C3,0.8,1.3,1.05,11.560998942270944,9.859895167500522,-1.7011037747704219,-14.714159072799566,11.791341389045758,10.156653860779489,-13.863456873404632,11.32242997953988,9.552537949461595,-15.631733057979218,-0.02631578947368418,-0.027482121801537418
A04,C3,0.9,1.4,1.15,12.056851022543226,10.204754696349177,-1.852096326194049,-15.361360298232954,12.07992910075978,10.277887627088516,-14.917649421948372,12.032948727247502,10.129009875226288,-15.822712247663123,-0.02631578947368418,-0.027482121801537418
A04,C3,1.0,1.5,1.25,12.078771553507016,10.373749456350543,-1.7050220971564727,-14.115856812122813,12.411329688617366,10.607485793125708,-14.533848836083962,11.734336342142724,10.131665393261983,-13.657959872216246,-0.02631578947368418,-0.027482121801537418
A04,C3,1.1,1.6,1.35,11.223313922473919,9.70825634173894,-1.5150575807349789,-13.499199890517003,11.91110348798568,10.352300577664046,-13.086973107856414,10.510960443908166,9.041210525959366,-13.983022063417833,-0.02631578947368418,-0.027482121801537418
A04,C3,1.2000000000000002,1.7000000000000002,1.4500000000000002,11.297810311197596,9.565728260978744,-1.7320820502188514,-15.331130568745108,11.88574164033471,10.194064437382965,-14.232828326092624,10.688881434591298,8.9149515068458,-16.59602960890479,-0.02631578947368418,-0.027482121801537418
A04,C3,1.3,1.8,1.55,10.61261826825141,8.917422716456672,-1.695195551794738,-15.973396092706604,10.920358573860742,9.217261467417089,-15.59561524399237,10.293887237441746,8.606875438676237,-16.388481434198884,-0.02631578947368418,-0.027482121801537418
A04,C3,1.4000000000000001,1.9000000000000001,1.6500000000000001,10.52333480893112,8.806275862084652,-1.7170589468464676,-16.316680767290663,10.614931583881152,8.971007596316745,-15.48690139520745,10.428466720590015,8.63566085162998,-17.19146176513475,-0.02631578947368418,-0.027482121801537418
A04,C3,1.5,2.0,1.75,10.075674004862607,8.408756711569485,-1.6669172932931229,-16.5439780255758,10.03882569115312,8.479521433669417,-15.532735655106208,10.113838329776003,8.335464677965984,-17.583568115522823,-0.02631578947368418,-0.027482121801537418
A04,C3,1.6,2.1,1.85,10.430880934450064,8.653255873654821,-1.777625060795243,-17.041945660833708,10.468512607774514,8.697881277012726,-16.91387685244622,10.391905272792597,8.607036705891277,-17.175566174321716,-0.02631578947368418,-0.027482121801537418
A04,C3,1.7000000000000002,2.2,1.9500000000000002,10.39060922705116,8.691282099903363,-1.6993271271477965,-16.35445131286169,10.685277786014916,8.899879687456124,-16.708953518228167,10.085416790981556,8.475234598509433,-15.965450172688536,-0.02631578947368418,-0.027482121801537418
A04,C3,1.8,2.3,2.05,10.600527893733027,8.88151105362182,-1.7190168401112071,-16.2163324066859,10.726240667714993,8.893941808698832,-17.082395554774504,10.470325377823132,8.868636343006338,-15.297414139672114,-0.02631578947368418,-0.027482121801537418
A04,C3,1.9000000000000001,2.4000000000000004,2.1500000000000004,9.406552018158939,8.105885519761744,-1.3006664983971952,-13.827239735519617,9.128102124410072,7.713203217683258,-15.500471921136128,9.694946550970261,8.512592189771604,-12.195573796952267,-0.02631578947368418,-0.027482121801537418
A04,C3,2.0,2.5,2.25,8.739786444573777,7.726386230094282,-1.0134002144794954,-11.595251450436521,8.239593318008351,7.106511399435464,-13.751672865897863,9.257843611373684,8.368399447562343,-9.607465854344504,-0.02631578947368418,-0.027482121801537418
A04,C3,2.1,2.6,2.35,9.288114130767802,7.866604479723527,-1.4215096510442748,-15.304610075099989,8.497739521034346,7.123027555932796,-16.1773841349072,10.106716405134597,8.636737722221067,-14.54457238126049,-0.02631578947368418,-0.027482121801537418
A04,C3,2.2,2.7,2.45,9.61381579441117,7.937208740503545,-1.6766070539076257,-17.439558753375458,8.443013431504166,7.007780429762546,-16.999060979652217,10.826432527421995,8.899830919485295,-17.79535043567546,-0.02631578947368418,-0.027482121801537418
A04,C3,2.3000000000000003,2.8000000000000003,2.5500000000000003,9.23278648464121,7.7083846008495165,-1.5244018837916933,-16.510745551492434,8.393859059982866,7.001159909701128,-16.59188152111504,10.101675603037352,8.440867316681777,-16.44091882990389,-0.02631578947368418,-0.027482121801537418
A04,C3,2.4000000000000004,2.9000000000000004,2.6500000000000004,10.878661651146542,8.946018104863564,-1.9326435462829785,-17.765453217117845,9.774965272101396,7.982423301871326,-18.33809042111015,12.021775758014732,9.944027007962669,-17.283210000543058,-0.02631578947368418,-0.027482121801537418
A04,C3,2.5,3.0,2.75,11.871545137558774,9.615596087099279,-2.2559490504594955,-19.00299433914633,9.982939876356413,7.942369599156515,-20.440574645078083,13.827600586661221,11.348580663897136,-17.928055610425055,-0.02631578947368418,-0.027482121801537418
A04,C3,2.6,3.1,2.85,11.897008922127212,9.827568253305564,-2.069440668821647,-17.394629880227296,9.80712414316339,7.972105173194996,-18.711081283166973,14.061532443196885,11.749297871991512,-16.443688342973285,-0.02631578947368418,-0.027482121801537418
A04,C3,2.7,3.2,2.95,11.204059535989387,9.454666170149947,-1.74939336583944,-15.613924222912996,9.281468073209975,7.7921001419231,-16.046684851352186,13.195314979582346,11.176609556527755,-15.29865278834357,-0.02631578947368418,-0.027482121801537418
A04,C3,2.8000000000000003,3.3000000000000003,3.0500000000000003,12.404550560465402,10.381095020532225,-2.0234555399331775,-16.31220357456675,10.415361354668692,8.561409441740464,-17.800168902418278,14.464782237897717,12.265769369995127,-15.202530060502252,-0.02631578947368418,-0.027482121801537418
A04,C3,2.9000000000000004,3.4000000000000004,3.1500000000000004,11.291538750536949,9.457718507802293,-1.8338202427346566,-16.240658454521554,9.674169458831,7.916661938392696,-18.167011937484467,12.966671231232398,11.053812811833662,-14.752116293280393,-0.02631578947368418,-0.027482121801537418
A04,C3,3.0,3.5,3.25,11.178213151476584,9.309499799378788,-1.8687133520977959,-16.71746035591519,9.881280090975775,8.126623245563374,-17.75738395488725,12.52146524985242,10.534621944401895,-15.867498458089344,-0.02631578947368418,-0.027482121801537418
A04,C3,3.1,3.6,3.35,10.263066044719464,8.56839503920643,-1.6946710055130332,-16.51232680496071,9.343268576353106,7.698282934372098,-17.606104636061783,11.215713422670335,9.469582576356276,-15.568611469553096,-0.02631578947368418,-0.027482121801537418
A04,C3,3.2,3.7,3.45,10.041449457793078,8.520491073791193,-1.5209583840018848,-15.14680117043743,8.996347250449032,7.630391804994518,-15.183445096412171,11.12387674397084,9.442379602187751,-15.11610727523085,-0.02631578947368418,-0.027482121801537418
A04,C3,3.3000000000000003,3.8000000000000003,3.5500000000000003,9.529411269510195,8.250597768405516,-1.278813501104679,-13.419648548450247,8.806563229477696,7.673947333626878,-12.861043137232908,10.278075310972428,8.847842861569102,-13.915372344824824,-0.02631578947368418,-0.027482121801537418
A04,C3,3.4000000000000004,3.9000000000000004,3.6500000000000004,10.18082791306297,8.487878211625995,-1.6929497014369748,-16.62880186064985,10.099679816669461,8.461125348752455,-16.223825880228215,10.26487415575625,8.515586533887875,-17.041491160292733,-0.02631578947368418,-0.027482121801537418
A04,C3,3.5,4.0,3.75,9.650222417273318,7.848169970500742,-1.8020524467725751,-18.673688220356553,9.19912237458012,7.589249350128792,-17.500289254765004,10.11743317577699,8.116337755885978,-19.77868679856473,-0.02631578947368418,-0.027482121801537418
A04,Cz,0.0,0.5,0.25,11.087292965484725,10.304510604091886,-0.7827823613928384,-7.060175678857567,11.287519367456454,10.496575324351765,-7.007244172577856,10.87991562058543,10.105586429537011,-7.117051437267986,-0.02631578947368418,-0.027482121801537418
A04,Cz,0.1,0.6,0.35,10.46519756972977,8.86163111013191,-1.603566459597861,-15.322849367279243,10.83781660224539,9.369873550609169,-13.544638237669485,10.079270714624313,8.335237153923325,-17.303172125047876,-0.02631578947368418,-0.027482121801537418
A04,Cz,0.2,0.7,0.44999999999999996,10.546195348476475,8.267720713623152,-2.278474634853323,-21.604707286049617,10.407542608551442,8.412064903286117,-19.173380117855334,10.689799971970258,8.118221374329371,-24.05637714815831,-0.02631578947368418,-0.027482121801537418
A04,Cz,0.30000000000000004,0.8,0.55,10.872146788599665,8.711330767922881,-2.1608160206767835,-19.8747870378514,11.29911598638819,9.109861039801526,-19.375453347182322,10.429928690890119,8.298567272048574,-20.43505264521275,-0.02631578947368418,-0.027482121801537418
A04,Cz,0.4,0.9,0.65,12.713831163185995,10.331036688310709,-2.3827944748752863,-18.74175017971668,13.21262213998364,10.703663579642939,-18.989104007963466,12.197226222931294,9.945101693716614,-18.46423513061184,-0.02631578947368418,-0.027482121801537418
A04,Cz,0.5,1.0,0.75,14.597068703296811,11.937936727872355,-2.6591319754244562,-18.216890181683393,14.588329413635334,12.073106011551385,-17.241339503432346,14.606120110446199,11.79793996977622,-19.22605126779416,-0.02631578947368418,-0.027482121801537418
A04,Cz,0.6000000000000001,1.1,0.8500000000000001,14.611530488482567,11.89531122863007,-2.7162192598524957,-18.589560224327876,14.720849331701757,12.187972280928564,-17.206052407034502,14.498307400862688,11.592197995892349,-20.04447363833255,-0.02631578947368418,-0.027482121801537418
A04,Cz,0.7000000000000001,1.2000000000000002,0.9500000000000002,13.652065335681126,11.174234807483009,-2.477830528198117,-18.149858408031815,14.05552266466705,11.61894471773095,-17.335377737757142,13.23419881637428,10.713642400440497,-19.045780185916303,-0.02631578947368418,-0.027482121801537418
A04,Cz,0.8,1.3,1.05,13.457255323078861,11.114031717725577,-2.343223605353284,-17.41234411548032,14.042382954131018,11.70588383325075,-16.63890757368151,12.851230276631982,10.501042026645937,-18.287651838746577,-0.02631578947368418,-0.027482121801537418
A04,Cz,0.9,1.4,1.15,13.614913777171592,11.223974626412609,-2.3909391507589834,-17.561177322826097,14.043213048973403,11.722582154945902,-16.52492834748487,13.171318102805435,10.707559686145986,-18.7054810872321,-0.02631578947368418,-0.027482121801537418
A04,Cz,1.0,1.5,1.25,12.978237078838545,10.699097516423883,-2.2791395624146613,-17.561241550525192,13.615955085842733,11.198167838787715,-17.757015441163777,12.317743428727065,10.182203253975631,-17.337105510502777,-0.02631578947368418,-0.027482121801537418
A04,Cz,1.1,1.6,1.35,11.843769679331876,9.688507862270798,-2.155261817061078,-18.19743101575291,12.904944954143032,10.547047442625983,-18.271271360673754,10.74469528756318,8.799306154045784,-18.105577510133347,-0.02631578947368418,-0.027482121801537418
A04,Cz,1.2000000000000002,1.7000000000000002,1.4500000000000002,12.101701469834394,9.650207480314153,-2.451493989520241,-20.257432358838287,12.927240991124956,10.444951642362696,-19.202004128076876,11.246678394212026,8.827079598192446,-21.51389691435294,-0.02631578947368418,-0.027482121801537418
A04,Cz,1.3,1.8,1.55,11.779591469212631,9.355510298784527,-2.4240811704281047,-20.578652296760293,12.04776432326178,9.672086714988401,-19.718825373155997,11.501841013233152,9.027627582001942,-21.51145567378793,-0.02631578947368418,-0.027482121801537418
A04,Cz,1.4000000000000001,1.9000000000000001,1.6500000000000001,11.84457680461787,9.461145973650103,-2.3834308309677663,-20.122549503318123,11.874567758662161,9.673537623009862,-18.53566530071556,11.813514745071993,9.24116890824178,-21.774602159812485,-0.02631578947368418,-0.027482121801537418
A04,Cz,1.5,2.0,1.75,11.094601042449632,8.778879663586212,-2.3157213788634206,-20.872506996899826,10.953000759430218,8.884987139856355,-18.88079499851548,11.241258478434023,8.668982634592131,-22.882454386906204,-0.02631578947368418,-0.027482121801537418
A04,Cz,1.6,2.1,1.85,11.026415865426392,8.540954307485626,-2.4854615579407664,-22.54097422294759,10.858660724448985,8.432866497194007,-22.339718394489875,11.200162261438708,8.652902396716227,-22.743062156273393,-0.02631578947368418,-0.027482121801537418
A04,Cz,1.7000000000000002,2.2,1.9500000000000002,10.762672903177497,8.315909036802383,-2.4467638663751146,-22.73379381113356,10.94638254447541,8.36625274063073,-23.570616076695224,10.572402203261804,8.263767343551596,-21.83642672048503,-0.02631578947368418,-0.027482121801537418
A04,Cz,1.8,2.3,2.05,11.460832943347931,8.913801724471321,-2.5470312188766098,-22.223788021925156,11.802886066153023,9.043654349485903,-23.377601895012198,11.106563637585518,8.779311505706215,-20.953845021908418,-0.02631578947368418,-0.027482121801537418
A04,Cz,1.9000000000000001,2.4000000000000004,2.1500000000000004,10.210536663015597,8.403327034388177,-1.8072096286274206,-17.6994578078688,10.24747830127022,8.149904320459084,-20.469172211383285,10.17227568053759,8.665800559529021,-14.809617516470547,-0.02631578947368418,-0.027482121801537418
A04,Cz,2.0,2.5,2.25,9.327423496608157,8.038734306595153,-1.2886891900130042,-13.816132509493384,9.159334962951897,7.4352825251733865,-18.822899749294443,9.501515192180715,8.663737937353407,-8.817301639603318,-0.02631578947368418,-0.027482121801537418
A04,Cz,2.1,2.6,2.35,9.67622084870594,7.876785367019946,-1.799435481685994,-18.596469735667963,9.342927073228365,7.340200408689255,-21.435751867076124,10.02141797330771,8.432534073862449,-15.854881052534594,-0.02631578947368418,-0.027482121801537418
A04,Cz,2.2,2.7,2.45,9.956274744798963,7.686963808964007,-2.2693109358349552,-22.792771332675564,9.314670102684286,7.344686502401695,-21.149257875648054,10.620793838417736,8.041465305046403,-24.2856473123632,-0.02631578947368418,-0.027482121801537418
A04,Cz,2.3000000000000003,2.8000000000000003,2.5500000000000003,9.681877228233057,7.530339283054154,-2.1515379451789034,-22.22232212266504,9.230205771311153,7.396165498014185,-19.869982519755265,10.149679808616458,7.669304988988408,-24.43796125984549,-0.02631578947368418,-0.027482121801537418
A04,Cz,2.4000000000000004,2.9000000000000004,2.6500000000000004,11.848349523739344,9.144109046841722,-2.7042404768976223,-22.82377365285695,11.054129382699498,8.626114708356432,-21.964775246281107,12.670934669816324,9.680603183130058,-23.599928218473035,-0.02631578947368418,-0.027482121801537418
A04,Cz,2.5,3.0,2.75,13.706174380294199,10.465633996956852,-3.240540383337347,-23.642923936502473,12.204083729217603,9.16309437715682,-24.91780144690746,15.2619111260521,11.814692888892603,-22.587067954255684,-0.02631578947368418,-0.027482121801537418
A04,Cz,2.6,3.1,2.85,14.277846308801449,11.268745573481418,-3.0091007353200308,-21.07531255232169,11.829546595647662,9.156452597843893,-22.596757840129357,16.813585297425014,13.456477583963135,-19.966638013702035,-0.02631578947368418,-0.027482121801537418
A04,Cz,2.7,3.2,2.95,13.683073688794371,10.985009985990496,-2.698063702803875,-19.718257492199502,10.63364188010547,8.3852919153862,-21.14374350828684,16.84141377636502,13.67757513054495,-18.78606325948806,-0.02631578947368418,-0.027482121801537418
A04,Cz,2.8000000000000003,3.3000000000000003,3.0500000000000003,15.114877261030998,12.038659521393923,-3.076217739637075,-20.352250875156916,11.437613446085447,8.684911174044045,-24.067103552826588,18.923471926510324,15.51218459543487,-18.026751878953583,-0.02631578947368418,-0.027482121801537418
A04,Cz,2.9000000000000004,3.4000000000000004,3.1500000000000004,13.97451541034326,11.249935078680144,-2.724580331663116,-19.49677861206202,10.479646727091453,8.053779899871854,-23.148364543132647,17.594200832282628,14.560238656731586,-17.244103352419344,-0.02631578947368418,-0.027482121801537418
A04,Cz,3.0,3.5,3.25,14.067522076945412,11.351933719233896,-2.715588357711516,-19.303956609117133,11.470823259297223,9.044581532914632,-21.15141757080161,16.756960138081038,13.741691340778845,-17.994127648784236,-0.02631578947368418,-0.027482121801537418
A04,Cz,3.1,3.6,3.35,12.420929589154523,10.031979666721535,-2.388949922432989,-19.233261933301094,10.739038204466738,8.497284051627718,-20.874813089933852,14.162888523295445,11.621485839497268,-17.94409861814572,-0.02631578947368418,-0.027482121801537418
A04,Cz,3.2,3.7,3.45,11.261434749914693,9.145186194414832,-2.116248555499862,-18.791997667223466,9.47658793722625,7.737662875299407,-18.349695834045285,13.11002609162772,10.602978203498667,-19.123134237925697,-0.02631578947368418,-0.027482121801537418
A04,Cz,3.3000000000000003,3.8000000000000003,3.5500000000000003,10.575298089408697,8.7666172771598,-1.8086808122488982,-17.10288255666586,9.372036440506253,7.927148281611457,-15.4170138802485,11.82153336862909,9.636067308263438,-18.48716230134107,-0.02631578947368418,-0.027482121801537418
A04,Cz,3.4000000000000004,3.9000000000000004,3.6500000000000004,11.349296043537255,8.981323788626066,-2.367972254911189,-20.864485742792898,10.934900861237141,8.634799704290764,-21.034494835704905,11.778491053776662,9.340223733116195,-20.70101602597609,-0.02631578947368418,-0.027482121801537418
A04,Cz,3.5,4.0,3.75,10.757829682012732,8.231160428971807,-2.526669253040925,-23.48679359802059,9.824564368970615,7.481658072142812,-23.847431894563325,11.724425899092072,9.007430727116125,-23.17380139002242,-0.02631578947368418,-0.027482121801537418
A04,C4,0.0,0.5,0.25,10.635394930792238,9.516180151239148,-1.11921477955309,-10.523490541123882,10.700844961313745,9.467650352773111,-11.524273204582851,10.567607399180675,9.566443156793257,-9.473897019159132,-0.02631578947368418,-0.027482121801537418
A04,C4,0.1,0.6,0.35,10.792701236058269,9.040526646150367,-1.7521745899079022,-16.234810466668996,10.946212767929472,9.19246756798511,-16.021479183033378,10.633707149477377,8.883159262821527,-16.462254057296335,-0.02631578947368418,-0.027482121801537418
A04,C4,0.2,0.7,0.44999999999999996,10.901319810094552,8.614459602616863,-2.286860207477689,-20.97782880711445,10.881843809753708,8.709711421949402,-19.96106933511912,10.921491381876141,8.515805932593876,-22.027078218222297,-0.02631578947368418,-0.027482121801537418
A04,C4,0.30000000000000004,0.8,0.55,11.388715117295114,9.033960110939807,-2.3547550063553064,-20.67621309430536,12.707991495771303,10.074532492085764,-20.722857774667585,10.02232172530192,7.956224430467208,-20.614956808049094,-0.02631578947368418,-0.027482121801537418
A04,C4,0.4,0.9,0.65,12.516522209017877,9.848003979205624,-2.6685182298122534,-21.319965604260624,13.969560342466092,10.931465450370833,-21.747963555157487,11.01158985651794,8.7258474554988,-20.757605675498095,-0.02631578947368418,-0.027482121801537418
A04,C4,0.5,1.0,0.75,13.438625965107509,10.5116289602926,-2.9269970048149094,-21.78047824542971,13.821233966369407,10.853035585308971,-21.47563949993771,13.04235339237197,10.158029241525643,-22.115059024035265,-0.02631578947368418,-0.027482121801537418
A04,C4,0.6000000000000001,1.1,0.8500000000000001,13.81280579797803,10.729697023564976,-3.083108774413054,-22.32065533611115,13.712729767716324,10.702270480419546,-21.95375638761771,13.91645597217765,10.75810308610845,-22.695094874611094,-0.02631578947368418,-0.027482121801537418
A04,C4,0.7000000000000001,1.2000000000000002,0.9500000000000002,13.362098179443596,10.41848876437953,-2.9436094150640653,-22.029544877858687,13.356484206256344,10.375701166756311,-22.31712322995745,13.36791265167325,10.462804490489289,-21.731950506276917,-0.02631578947368418,-0.027482121801537418
A04,C4,0.8,1.3,1.05,13.041573163049598,10.259890339828074,-2.7816828232215247,-21.329350289601607,13.744635573393023,10.85988738784205,-20.98817513310641,12.313401380908195,9.638464825813596,-21.723782668548928,-0.02631578947368418,-0.027482121801537418
A04,C4,0.9,1.4,1.15,13.109049381265999,10.27502734284817,-2.834022038417828,-21.618821899228625,13.806357749752946,10.974353386972822,-20.51232058528108,12.386837142475942,9.55072536857621,-22.89617390846584,-0.02631578947368418,-0.027482121801537418
A04,C4,1.0,1.5,1.25,12.535897734758484,9.84430642772296,-2.691591307035523,-21.47106943583709,12.898716346301594,10.173050299442492,-21.131296895606383,12.160121315660266,9.503821703442018,-21.84435124670479,-0.02631578947368418,-0.027482121801537418
A04,C4,1.1,1.6,1.35,11.398869209401552,9.091250259527538,-2.307618949874014,-20.24427956389514,11.4416206238433,9.106128463990759,-20.412249598501692,11.354590958729741,9.0758406906192,-20.06897717754043,-0.02631578947368418,-0.027482121801537418
A04,C4,1.2000000000000002,1.7000000000000002,1.4500000000000002,11.84205074551539,9.327078229518628,-2.514972515996762,-21.2376434626341,11.969386093653537,9.50751111999651,-20.568097264089204,11.710167706372308,9.140201307237968,-21.946452549401535,-0.02631578947368418,-0.027482121801537418
A04,C4,1.3,1.8,1.55,11.877702394249855,9.281109394115969,-2.596593000133886,-21.861071391980065,11.94996985114383,9.376630315671866,-21.5342763833471,11.802853956752525,9.182177011075934,-22.203756441273907,-0.02631578947368418,-0.027482121801537418
A04,C4,1.4000000000000001,1.9000000000000001,1.6500000000000001,12.110993255355934,9.487679547332371,-2.623313708023563,-21.66059919869442,11.802262833839915,9.35757290649032,-20.713739066546484,12.430749763354669,9.622432853918781,-22.59169368620619,-0.02631578947368418,-0.027482121801537418
A04,C4,1.5,2.0,1.75,11.357586923050134,8.85321079919064,-2.504376123859494,-22.05024835668994,10.6514205677828,8.422381268563665,-20.927155068510565,12.088973505291294,9.299427098768577,-23.07513045091665,-0.02631578947368418,-0.027482121801537418
A04,C4,1.6,2.1,1.85,11.709890825120928,8.995132832264483,-2.7147579928564447,-23.183461173118232,11.296871064154113,8.702618834085756,-22.964343094081414,12.13766129183656,9.298093758949594,-23.394684236219184,-0.02631578947368418,-0.027482121801537418
A04,C4,1.7000000000000002,2.2,1.9500000000000002,11.833061153924076,9.16370567087101,-2.6693554830530655,-22.558452528303334,12.256198730120818,9.483097083664141,-22.62611522152873,11.394811521434592,8.832907421906695,-22.4830756937817,-0.02631578947368418,-0.027482121801537418
A04,C4,1.8,2.3,2.05,12.626720394344307,9.927083586786866,-2.6996368075574413,-21.380348366363194,13.734668002702241,10.759024158862157,-21.665204016978336,11.47920322854502,9.06543085142317,-21.027351193849313,-0.02631578947368418,-0.027482121801537418
A04,C4,1.9000000000000001,2.4000000000000004,2.1500000000000004,11.643168955059261,9.569319257230442,-2.0738496978288197,-17.811728970296166,12.436794750622159,9.992124985535462,-19.656750908142158,10.821199381083403,9.1314133243431,-15.615515408525113,-0.02631578947368418,-0.027482121801537418
A04,C4,2.0,2.5,2.25,10.786521222924678,9.084478601148822,-1.7020426217758562,-15.779347081415754,11.277049787443477,9.123006622364555,-19.10112312776485,10.278473781101635,9.044574579175386,-12.004692799770913,-0.02631578947368418,-0.027482121801537418
A04,C4,2.1,2.6,2.35,10.987171857807816,8.908692060397982,-2.078479797409834,-18.917332178915572,11.183530932731154,8.896750229982551,-20.447752293113595,10.783799958780076,8.921060384756823,-17.273498962734624,-0.02631578947368418,-0.027482121801537418
A04,C4,2.2,2.7,2.45,11.270717113095783,8.870456363016059,-2.400260750079724,-21.296433279216895,10.758472958552167,8.5579710904283,-20.453663606363722,11.801255701730245,9.194101823910525,-22.092173440809955,-0.02631578947368418,-0.027482121801537418
A04,C4,2.3000000000000003,2.8000000000000003,2.5500000000000003,11.43183652045977,9.118049776297184,-2.313786744162586,-20.239851576092423,10.64591180524726,8.587028961141428,-19.339657154505364,12.245829975501298,9.668035620565648,-21.050384988953144,-0.02631578947368418,-0.027482121801537418
A04,C4,2.4000000000000004,2.9000000000000004,2.6500000000000004,14.186335172451068,11.326742481696561,-2.859592690754507,-20.15737437465631,12.816956646894827,10.229165713045312,-20.190369719916788,15.604620073920033,12.463518420656783,-20.129305541459267,-0.02631578947368418,-0.027482121801537418
A04,C4,2.5,3.0,2.75,16.12498951831142,12.741869060631954,-3.383120457679466,-20.980605623573393,14.366931011634339,11.098736111900871,-22.748037817449557,17.94583582879839,14.443685328960571,-19.515115000761238,-0.02631578947368418,-0.027482121801537418
A04,C4,2.6,3.1,2.85,16.06808066592059,12.898182094895164,-3.169898571025426,-19.72792293574046,14.349428555800849,11.270873031603989,-21.454202947700896,17.848113208544603,14.58360933901817,-18.29047043450837,-0.02631578947368418,-0.027482121801537418
A04,C4,2.7,3.2,2.95,14.693011349700008,11.904882733484898,-2.7881286162151095,-18.975882818412412,12.987375942226953,10.403249535443457,-19.897217253729497,16.45956230743996,13.46014568859925,-18.22294276613255,-0.02631578947368418,-0.027482121801537418
A04,C4,2.8000000000000003,3.3000000000000003,3.0500000000000003,15.045155670926205,11.962638438246454,-3.0825172326797503,-20.48843694343766,12.858611233514766,9.920885296926606,-22.846370290216512,17.309790981102335,14.077311334613439,-18.674284686729607,-0.02631578947368418,-0.027482121801537418
A04,C4,2.9000000000000004,3.4000000000000004,3.1500000000000004,13.530787868918315,10.837067292808378,-2.6937205761099374,-19.90808371401421,11.756787354101743,9.250142704524597,-21.320830036979615,15.368145544978335,12.48066775924515,-18.78871967526811,-0.02631578947368418,-0.027482121801537418
A04,C4,3.0,3.5,3.25,14.071357297321093,11.242532764480222,-2.828824532840871,-20.10342338034031,13.409449661477288,10.709286629608174,-20.13627031708953,14.756904491587893,11.794823404169128,-20.07250971304508,-0.02631578947368418,-0.027482121801537418
A04,C4,3.1,3.6,3.35,13.310674730957091,10.729475079453508,-2.5811996515035833,-19.39195197596106,12.940075336819952,10.321671885267529,-20.234839314280997,13.694509817741983,11.151842673431844,-18.567054813571897,-0.02631578947368418,-0.027482121801537418
A04,C4,3.2,3.7,3.45,12.920698076666648,10.505030918338797,-2.4156671583278513,-18.69610406492107,11.628166331047845,9.456295760640815,-18.67767030996122,14.259391670343268,11.591220903097426,-18.71167318305109,-0.02631578947368418,-0.027482121801537418
A04,C4,3.3000000000000003,3.8000000000000003,3.5500000000000003,12.350784754626524,10.261222221413338,-2.0895625332131864,-16.91845963415766,11.201505461717296,9.4708271955373,-15.45040773398567,13.54110973656823,11.079845641070659,-18.176236241929587,-0.02631578947368418,-0.027482121801537418
A04,C4,3.4000000000000004,3.9000000000000004,3.6500000000000004,12.80890921763167,10.223716782721423,-2.5851924349102475,-20.182768032672822,12.327002604338212,9.928256948134498,-19.459277597293028,13.308026781399892,10.529728754257885,-20.876859302876706,-0.02631578947368418,-0.027482121801537418
A04,C4,3.5,4.0,3.75,11.91655073744225,9.313105181062012,-2.6034455563802386,-21.847308115763017,11.283118743428833,8.81093965793875,-21.91042336525842,12.57260530267043,9.833205187153961,-21.78864324114763,-0.02631578947368418,-0.027482121801537418
A05,C3,0.0,0.5,0.25,30.2855082080607,14.174851029266446,-16.110657178794256,-53.19592812547319,30.802485705297308,14.137696530676466,-54.10209206510528,29.790529753259705,14.210424485363234,-52.29885267881711,0.021739130434782594,0.06250575637185948
A05,C3,0.1,0.6,0.35,31.22554026265203,13.86061129382652,-17.36492896882551,-55.61130030981466,31.66625577146832,14.081438329625726,-55.531723007450495,30.80357860527472,13.649181153167703,-55.689625130664346,0.021739130434782594,0.06250575637185948
A05,C3,0.2,0.7,0.44999999999999996,30.232324117913844,13.069562865471461,-17.162761252442383,-56.769572810556,31.139301122549348,13.413487187471663,-56.92425101423242,29.363941879433032,12.740273621003183,-56.61252268747109,0.021739130434782594,0.06250575637185948
A05,C3,0.30000000000000004,0.8,0.55,28.93396990848496,12.53369586032063,-16.40027404816433,-56.681727740910205,28.519798439893524,12.341158031962234,-56.72775157239748,29.330517059263997,12.71804058959995,-56.63888037192656,0.021739130434782594,0.06250575637185948
A05,C3,0.4,0.9,0.65,29.38578685951654,12.817516364266874,-16.568270495249664,-56.38191883190651,27.739415809587,12.345969141436639,-55.49304561356423,30.96209956689589,13.268997747827733,-57.144386416176054,0.021739130434782594,0.06250575637185948
A05,C3,0.5,1.0,0.75,31.23405688564207,13.857004355591823,-17.377052530050246,-55.634951916983525,30.317667510730953,13.820258812937505,-54.415164662499784,32.11145096800377,13.892186258133188,-56.73759410007501,0.021739130434782594,0.06250575637185948
A05,C3,0.6000000000000001,1.1,0.8500000000000001,32.96294103636502,14.692285752746901,-18.270655283618115,-55.42786750569909,33.03911652881015,14.976560052814209,-54.67021631842174,32.8900070542367,14.420108231405859,-56.15656692433472,0.021739130434782594,0.06250575637185948
A05,C3,0.7000000000000001,1.2000000000000002,0.9500000000000002,31.516502370899776,13.977879048471411,-17.538623322428364,-55.6490156046705,31.843211244197914,14.07612542434104,-55.79552163758037,31.203696002848357,13.883813369447296,-55.50586902211858,0.021739130434782594,0.06250575637185948
A05,C3,0.8,1.3,1.05,29.553726975367713,13.099928518725342,-16.45379845664237,-55.6741911785143,29.712307117819506,12.963132729331068,-56.371167415819336,29.40189492408408,13.230903210698585,-54.99982825984217,0.021739130434782594,0.06250575637185948
A05,C3,0.9,1.4,1.15,30.458544385180716,13.541505891280885,-16.91703849389983,-55.54119159460108,30.225111727640844,13.322902525745551,-55.921080968042325,30.682043738144422,13.750806985942374,-55.182884480256625,0.021739130434782594,0.06250575637185948
A05,C3,1.0,1.5,1.25,31.371812032548604,13.893565379035346,-17.47824665351326,-55.71321999309248,31.574563283608278,13.844687389019391,-56.152402601220565,31.17768849429997,13.940363454582538,-55.28737334991602,0.021739130434782594,0.06250575637185948
A05,C3,1.1,1.6,1.35,29.819257761504666,12.977017409699698,-16.842240351804968,-56.48108509779056,30.089103756183476,12.915011343314236,-57.07744754391321,29.560894575110044,13.036384920068757,-55.89989711933395,0.021739130434782594,0.06250575637185948
A05,C3,1.2000000000000002,1.7000000000000002,1.4500000000000002,30.50910297005175,13.307835959481107,-17.201267010570643,-56.38076946233292,31.10424746420728,13.543166852610392,-56.458786317865496,29.939283773519865,13.082519146910514,-56.30316594787249,0.021739130434782594,0.06250575637185948
A05,C3,1.3,1.8,1.55,31.167105326352996,13.7718893293218,-17.395215997031194,-55.812741718823865,31.49860013839751,14.0842838091468,-55.28600081507198,30.849716676523144,13.472788231617013,-56.32767596251572,0.021739130434782594,0.06250575637185948
A05,C3,1.4000000000000001,1.9000000000000001,1.6500000000000001,31.366979842890416,13.882124483870847,-17.48485535901957,-55.74287179255689,31.802516254460325,14.31164649918208,-54.99838319499369,30.949976895642635,13.470880001126051,-56.47531483933812,0.021739130434782594,0.06250575637185948
A05,C3,1.5,2.0,1.75,30.06204676642498,13.150022321092434,-16.91202444533255,-56.2570625238361,30.29274087383467,13.390453471238045,-55.7964941930889,29.841169429543363,12.919822283718974,-56.70470517509919,0.021739130434782594,0.06250575637185948
A05,C3,1.6,2.1,1.85,30.69237522736881,13.536856514300593,-17.15551871306822,-55.89505076091474,30.224036351416753,13.523467791422023,-55.25591739573159,31.140784789450567,13.549675504290715,-56.488972272526404,0.021739130434782594,0.06250575637185948
A05,C3,1.7000000000000002,2.2,1.9500000000000002,29.60536645996112,13.18281784720884,-16.42254861275228,-55.47152620104351,29.15944774880426,13.043154078949572,-55.26954354104861,30.032309906813435,13.316538476393248,-55.65929321549747,0.021739130434782594,0.06250575637185948
A05,C3,1.8,2.3,2.05,30.672127923337506,13.988919906300765,-16.68320801703674,-54.39207888913044,31.205167074699204,14.19440806410483,-54.5126355833118,30.161771289055032,13.792175925424537,-54.27265927704524,0.021739130434782594,0.06250575637185948
A05,C3,1.9000000000000001,2.4000000000000004,2.1500000000000004,30.161694859139878,14.291625430860842,-15.870069428279036,-52.616636771888636,30.44309745549639,14.377008271507142,-52.77416073537082,29.89226684135173,14.209875902582466,-52.46303675128075,0.021739130434782594,0.06250575637185948
A05,C3,2.0,2.5,2.25,30.06505561229187,13.91083631348013,-16.15421929881174,-53.73088115029865,29.311297048580435,13.472183196191091,-54.037574066195894,30.78673934350494,14.330823340671763,-53.45131168073787,0.021739130434782594,0.06250575637185948
A05,C3,2.1,2.6,2.35,31.385596806745287,13.516603478836545,-17.86899332790874,-56.933737592870614,31.091792457082704,13.285983138244067,-57.26851979800372,31.666898843656266,13.73741018791445,-56.61902273494511,0.021739130434782594,0.06250575637185948
A05,C3,2.2,2.7,2.45,31.12486374455742,13.2442920515932,-17.880571692964217,-57.44787138575301,31.966001746580957,13.592398771558559,-57.47857714794631,30.319518849002964,12.910998383541264,-57.41687574977519,0.021739130434782594,0.06250575637185948
A05,C3,2.3000000000000003,2.8000000000000003,2.5500000000000003,29.55740624064671,12.687104323361009,-16.8703019172857,-57.07639493104786,30.063593352924862,13.035444509297816,-56.64043098151602,29.072759005486777,12.35358712405981,-57.508033132567945,0.021739130434782594,0.06250575637185948
A05,C3,2.4000000000000004,2.9000000000000004,2.6500000000000004,31.039480512435308,13.510598990194744,-17.528881522240564,-56.47285725422495,30.723859671358365,13.454555100915643,-56.20812214079225,31.341670679423867,13.564258033121543,-56.721330614878106,0.021739130434782594,0.06250575637185948
A05,C3,2.5,3.0,2.75,31.49731844546921,13.947910800253577,-17.549407645215634,-55.71714835216412,30.998514007020358,13.806409486583076,-55.46106021902766,31.974897163133026,14.08339078142746,-55.954851990374586,0.021739130434782594,0.06250575637185948
A05,C3,2.6,3.1,2.85,31.677856855383546,14.314861780784133,-17.36299507459941,-54.811141908574626,31.54364404417763,14.432712815658418,-54.24525842529463,31.80635848313389,14.202025683564075,-55.348470051687784,0.021739130434782594,0.06250575637185948
A05,C3,2.7,3.2,2.95,30.73536167342418,13.676017606898606,-17.059344066525576,-55.50396396108203,30.45530538355207,13.79399550770138,-54.70741358859901,31.00350067436556,13.563060042300208,-56.253133525936086,0.021739130434782594,0.06250575637185948
A05,C3,2.8000000000000003,3.3000000000000003,3.0500000000000003,31.86565998536605,14.231735206273722,-17.63392477909233,-55.33833219581993,30.77161779960546,13.69512879678367,-55.494284096563604,32.91314718449854,14.745507300466329,-55.19873192980105,0.021739130434782594,0.06250575637185948
A05,C3,2.9000000000000004,3.4000000000000004,3.1500000000000004,30.614818583244837,13.537743737669498,-17.07707484557534,-55.78042149471184,29.652777413597704,12.926330337928475,-56.40769106505037,31.535921830779323,14.123139545932181,-55.21570727592342,0.021739130434782594,0.06250575637185948
A05,C3,3.0,3.5,3.25,31.375228859071985,13.577780676018131,-17.797448183053852,-56.72452068156887,30.477992109739493,13.093943752460145,-57.03803680598806,32.23428532119884,14.041028794318331,-56.44070078053115,0.021739130434782594,0.06250575637185948
A05,C3,3.1,3.6,3.35,29.843230597030963,12.81145338399251,-17.031777213038453,-57.0708226700259,29.052632156546522,12.493231847003297,-56.99793471488208,30.600186550686278,13.116133578982181,-57.13707968003213,0.021739130434782594,0.06250575637185948
A05,C3,3.2,3.7,3.45,29.637009377323405,12.84004465803049,-16.796964719292916,-56.675639925211286,28.289851338564954,12.243174323862016,-56.72238013081382,30.926841542092127,13.41151625457478,-56.63470439966719,0.021739130434782594,0.06250575637185948
A05,C3,3.3000000000000003,3.8000000000000003,3.5500000000000003,29.868352327001297,12.845717513034947,-17.02263481396635,-56.9922124514974,28.27900737211423,11.848082806890007,-58.10290421094011,31.3900655816804,13.80089967849287,-56.034180168940985,0.021739130434782594,0.06250575637185948
A05,C3,3.4000000000000004,3.9000000000000004,3.6500000000000004,30.85267860364414,13.34550100811819,-17.507177595525953,-56.74443318337392,29.848855716176256,12.599076197512437,-57.790421457649025,31.813785623560193,14.060163060825824,-55.804809816743884,0.021739130434782594,0.06250575637185948
A05,C3,3.5,4.0,3.75,29.292677422093075,12.624522836668252,-16.668154585424823,-56.90212043523681,28.737924349175692,12.415227545081308,-56.79845421599692,29.8238239812693,12.824911945634478,-56.99776140816451,0.021739130434782594,0.06250575637185948
A05,Cz,0.0,0.5,0.25,31.48119830721207,14.251331911642588,-17.22986639556948,-54.73065614412228,32.21808819237026,14.203412575345055,-55.91478771012663,30.775665438443575,14.297212127246606,-53.54377582560027,0.021739130434782594,0.06250575637185948
A05,Cz,0.1,0.6,0.35,32.72604484638372,13.833358022898471,-18.89268682348525,-57.729820123903295,33.28752799532577,13.967555652917099,-58.03967283218381,32.188454597396635,13.704870930327445,-57.423022938678514,0.021739130434782594,0.06250575637185948
A05,Cz,0.2,0.7,0.44999999999999996,31.686878430650328,13.013085099467322,-18.673793331183006,-58.93225920644829,32.71001867739296,13.34978859066819,-59.18746264766062,30.7072760667478,12.69070941640266,-58.671979276777556,0.021739130434782594,0.06250575637185948
A05,Cz,0.30000000000000004,0.8,0.55,30.625767386296886,12.683119897283532,-17.942647489013353,-58.58676866017589,30.633310843357403,12.717751345208049,-58.48391507454117,30.618544927409168,12.649962127994103,-58.68529298833505,0.021739130434782594,0.06250575637185948
A05,Cz,0.4,0.9,0.65,31.037508509540867,12.981780651556889,-18.055727857983978,-58.17389579590026,29.592093811375687,12.594353465811158,-57.440140781894655,32.4214161992735,13.352721574079395,-58.815119327271695,0.021739130434782594,0.06250575637185948
A05,Cz,0.5,1.0,0.75,32.4574163196368,13.721124252719125,-18.736292066917674,-57.72576560748054,31.09767518475814,13.367827097491432,-57.01341975543115,33.75929612962701,14.059387486447767,-58.35402659918223,0.021739130434782594,0.06250575637185948
A05,Cz,0.6000000000000001,1.1,0.8500000000000001,34.0495977674705,14.333260683370542,-19.716337084099962,-57.90475769712642,33.74449722797998,14.313819845807878,-57.58176585325069,34.341715305280594,14.351874251249686,-58.208627252108016,0.021739130434782594,0.06250575637185948
A05,Cz,0.7000000000000001,1.2000000000000002,0.9500000000000002,32.823222022695774,13.914213780295716,-18.909008242400056,-57.60862912643168,32.89635759161996,13.850258181775246,-57.897289561007604,32.753198605640705,13.975447863985531,-57.33104411494424,0.021739130434782594,0.06250575637185948
A05,Cz,0.8,1.3,1.05,31.06996382885259,13.20344475920359,-17.866519069649,-57.50415149520568,30.972123366427198,12.91617678219722,-58.297412710818705,31.16364086734498,13.47848856697564,-56.749313649358726,0.021739130434782594,0.06250575637185948
A05,Cz,0.9,1.4,1.15,31.79448757924349,13.40257981546414,-18.39190776377935,-57.846215379128196,31.409392094994512,13.16965889346825,-58.070952619401375,32.16319602160954,13.625589208864461,-57.636084424850644,0.021739130434782594,0.06250575637185948
A05,Cz,1.0,1.5,1.25,32.48267118420041,13.550568011334018,-18.932103172866395,-58.28370168668573,32.86602870683208,13.650123170213114,-58.46737890977509,32.115626747638174,13.455249242194457,-58.10373140800071,0.021739130434782594,0.06250575637185948
A05,Cz,1.1,1.6,1.35,30.81490854048299,12.637033695734432,-18.17787484474856,-58.990520192092845,31.166210917139,12.630777317738731,-59.4728491335699,30.478555201131485,12.643023844879252,-58.518296679594926,0.021739130434782594,0.06250575637185948
A05,Cz,1.2000000000000002,1.7000000000000002,1.4500000000000002,31.273143201175326,12.870965981016614,-18.402177220158713,-58.84338872424921,31.756946831169888,12.984447587069967,-59.1130480644142,30.80992695969117,12.762313379476169,-58.57726830650009,0.021739130434782594,0.06250575637185948
A05,Cz,1.3,1.8,1.55,31.95444361823714,13.30215758078267,-18.65228603745447,-58.37149368111413,32.25355628213547,13.558779434625968,-57.96190870854178,31.66805915280257,13.056455805826321,-58.77089990634665,0.021739130434782594,0.06250575637185948
A05,Cz,1.4000000000000001,1.9000000000000001,1.6500000000000001,32.44657576578552,13.571637249151683,-18.874938516633833,-58.1723589351367,33.012467316577265,14.126970917994456,-57.20716424336882,31.904764706516843,13.039934800259669,-59.12856615552429,0.021739130434782594,0.06250575637185948
A05,Cz,1.5,2.0,1.75,31.247695358828423,12.917824462248255,-18.329870896580168,-58.65991295067276,31.595232465884212,13.248412422977358,-58.068317942326644,30.91494706483883,12.601304074316138,-59.238797828483904,0.021739130434782594,0.06250575637185948
A05,Cz,1.6,2.1,1.85,31.621346695598383,13.098181437176912,-18.52316525842147,-58.57804045075618,31.005777411796934,13.074166974290886,-57.833126385934484,32.21072154179125,13.121174008025235,-59.26457595493043,0.021739130434782594,0.06250575637185948
A05,Cz,1.7000000000000002,2.2,1.9500000000000002,30.566435864597217,12.743184278329437,-17.82325158626778,-58.30987840787516,29.712836591208177,12.43207146244622,-58.15925744994409,31.38371176465056,13.041058250983582,-58.44641211090734,0.021739130434782594,0.06250575637185948
A05,Cz,1.8,2.3,2.05,32.04489374306492,13.828940171048355,-18.215953572016563,-56.84510523914225,31.942802252538684,13.613565345280177,-57.38143060320192,32.14264091484536,14.035150110613635,-56.3347948048308,0.021739130434782594,0.06250575637185948
A05,Cz,1.9000000000000001,2.4000000000000004,2.1500000000000004,31.70845298933334,14.627739104594207,-17.080713884739133,-53.86801396613404,31.50080398985941,14.405714811593572,-54.268739247953825,31.907265861170075,14.840315555339492,-53.48922837854436,0.021739130434782594,0.06250575637185948
A05,Cz,2.0,2.5,2.25,31.49801414509046,14.19339363126476,-17.304620513825697,-54.93876672387913,30.746657677518844,13.785147375837935,-55.1653792082992,32.217397997020726,14.584267705609593,-54.73170208544384,0.021739130434782594,0.06250575637185948
A05,Cz,2.1,2.6,2.35,32.894263261554165,13.482229375085037,-19.41203388646913,-59.01343262233003,32.84747021833092,13.365870814672794,-59.309284015382666,32.93906511144877,13.593636507394631,-58.73095832744253,0.021739130434782594,0.06250575637185948
A05,Cz,2.2,2.7,2.45,32.53286460063061,13.076007692277942,-19.45685690835267,-59.806774310232505,33.51603753594143,13.396196753538911,-60.03048767571853,31.591528811503238,12.769443697453616,-59.57953230549591,0.021739130434782594,0.06250575637185948
A05,Cz,2.3000000000000003,2.8000000000000003,2.5500000000000003,30.717825647872814,12.436323987827008,-18.281501660045805,-59.51430895406422,31.095562373852616,12.61625616813052,-59.42747065819535,30.356162825126187,12.26404849604705,-59.59947715823971,0.021739130434782594,0.06250575637185948
A05,Cz,2.4000000000000004,2.9000000000000004,2.6500000000000004,32.5146294913818,13.481752708905066,-19.03287678247673,-58.53634834596997,32.0814239276579,13.388637497851926,-58.26669811152188,32.92940077579829,13.57090557055169,-58.78787572555609,0.021739130434782594,0.06250575637185948
A05,Cz,2.5,3.0,2.75,33.07943099927554,13.99979406312459,-19.079636936150948,-57.678250078028256,32.43026267839423,13.902738404687325,-57.13035524084841,33.70097513628956,14.092719693543248,-58.183050678649174,0.021739130434782594,0.06250575637185948
A05,Cz,2.6,3.1,2.85,33.09765166792866,14.269907041611134,-18.827744626317525,-56.885439532743185,32.59370467032576,14.396217154838782,-55.831295336165,33.580154112442074,14.148971826818705,-57.86507774966927,0.021739130434782594,0.06250575637185948
A05,Cz,2.7,3.2,2.95,32.07247261435781,13.584051099935103,-18.488421514422704,-57.64576288435597,31.59551610629503,13.864858426126288,-56.11763903624324,32.529133100800884,13.315193021666943,-59.066867904515064,0.021739130434782594,0.06250575637185948
A05,Cz,2.8000000000000003,3.3000000000000003,3.0500000000000003,32.97310093664896,13.905524522600285,-19.067576414048677,-57.82767126053175,32.15572299504894,13.82594670571585,-57.00315397092876,33.75569683818089,13.98171604940453,-58.57968473757032,0.021739130434782594,0.06250575637185948
A05,Cz,2.9000000000000004,3.4000000000000004,3.1500000000000004,31.88878335835151,13.322445152425026,-18.566338205926485,-58.2221591751761,31.32248812077219,13.196723074796594,-57.868215884022,32.430980926246605,13.442817354409694,-58.5494580475969,0.021739130434782594,0.06250575637185948
A05,Cz,3.0,3.5,3.25,32.94420326062543,13.540332816366078,-19.40387044425935,-58.899194771089384,32.04494289753269,13.194319323919407,-58.825580166862125,33.80519722528869,13.87162233041076,-58.96600680077145,0.021739130434782594,0.06250575637185948
A05,Cz,3.1,3.6,3.35,31.164499403868223,12.733362921043291,-18.431136482824932,-59.14144887736336,30.017621076956214,12.266107884069271,-59.13697540313859,32.26257439772015,13.18073476495459,-59.145433955555596,0.021739130434782594,0.06250575637185948
A05,Cz,3.2,3.7,3.45,30.83159382732777,12.674714670433852,-18.156879156893915,-58.89049803452087,29.435672050385325,12.119413315811613,-58.82746181209419,32.16811467759183,13.20638618017855,-58.94572525452336,0.021739130434782594,0.06250575637185948
A05,Cz,3.3000000000000003,3.8000000000000003,3.5500000000000003,31.24813098586508,12.705191573734902,-18.54293941213018,-59.340955209506696,29.875895356154622,11.817807073955532,-60.4436722880642,32.56197361005595,13.554815030970467,-58.372255953231274,0.021739130434782594,0.06250575637185948
A05,Cz,3.4000000000000004,3.9000000000000004,3.6500000000000004,32.22378053343554,13.176904718512262,-19.046875814923276,-59.108135357240755,31.449639972943928,12.567986345109471,-60.037741748644216,32.96497894241686,13.759911671770249,-58.2590005720737,0.021739130434782594,0.06250575637185948
A05,Cz,3.5,4.0,3.75,30.575872868106025,12.531453145119917,-18.044419722986106,-59.01522354185481,30.07913593997316,12.418496201651728,-58.713919753431554,31.051472054616216,12.63960341014265,-59.29467244608906,0.021739130434782594,0.06250575637185948
A05,C4,0.0,0.5,0.25,29.834223940822355,12.224097253827448,-17.610126686994906,-59.026595502954784,30.578460354531053,12.261453724864532,-59.901664169145604,29.12165716173956,12.188330419855772,-58.14685149212947,0.021739130434782594,0.06250575637185948
A05,C4,0.1,0.6,0.35,31.243429334492394,11.866009348054881,-19.377419986437513,-62.020784527148756,31.730331960581843,11.980384316586454,-62.24311699143419,30.777245969087616,11.75650139946082,-61.801320978267704,0.021739130434782594,0.06250575637185948
A05,C4,0.2,0.7,0.44999999999999996,30.459455578799044,11.244920664857588,-19.214534913941456,-63.08233206674749,31.592622797808602,11.619278198436389,-63.2215461413278,29.37450824144947,10.886493239090653,-62.938977055864186,0.021739130434782594,0.06250575637185948
A05,C4,0.30000000000000004,0.8,0.55,29.12620436794327,10.777789025345704,-18.348415342597566,-62.99624596053478,29.55950578322603,11.033766219657574,-62.67269723461059,28.71134131075764,10.5327044776003,-63.31517791663088,0.021739130434782594,0.06250575637185948
A05,C4,0.4,0.9,0.65,29.385569111496583,10.990105593696976,-18.395463517799605,-62.600330958377484,28.2823615632265,10.758347995877147,-61.960927584401425,30.441831657712623,11.212001166077663,-63.16909806168961,0.021739130434782594,0.06250575637185948
A05,C4,0.5,1.0,0.75,30.91212854436623,11.761932984714292,-19.150195559651937,-61.950426778818766,29.43998656134624,11.33173144775068,-61.5090468056501,32.321626187683236,12.173828073296473,-62.33534784850788,0.021739130434782594,0.06250575637185948
A05,C4,0.6000000000000001,1.1,0.8500000000000001,32.47772910523502,12.359669149945233,-20.118059955289787,-61.94417069648813,32.27974971842467,12.482587322717126,-61.329974886415236,32.667283837287485,12.241981537716828,-62.525254322664445,0.021739130434782594,0.06250575637185948
A05,C4,0.7000000000000001,1.2000000000000002,0.9500000000000002,31.177439675575588,12.058548478552199,-19.118891197023387,-61.32283919388394,31.53800505783059,12.22438531297365,-61.23919287044932,30.83221750107611,11.899768530701872,-61.40475938752527,0.021739130434782594,0.06250575637185948
A05,C4,0.8,1.3,1.05,29.536339204313855,11.551333757908731,-17.985005446405125,-60.89111220587002,29.630451203717456,11.46215806283353,-61.31628916472429,29.446231970842312,11.636714742555199,-60.48148111419523,0.021739130434782594,0.06250575637185948
A05,C4,0.9,1.4,1.15,30.423340090064094,11.741251670275116,-18.68208841978898,-61.407091938239645,30.08991647860333,11.679094407736367,-61.18601919004571,30.74257546273929,11.8007639429186,-61.614263719637286,0.021739130434782594,0.06250575637185948
A05,C4,1.0,1.5,1.25,31.158686177771084,11.764736163046122,-19.393950014724965,-62.242515310420245,31.648091290299984,11.991759349330838,-62.10905978710234,30.690106814711488,11.547373537879903,-62.37428039075902,0.021739130434782594,0.06250575637185948
A05,C4,1.1,1.6,1.35,29.391659533189408,10.874654118269142,-18.517005414920266,-63.000884295119995,29.880188883928188,10.924213233048677,-63.439945860166425,28.923918665460782,10.827203901990861,-62.566607840312926,0.021739130434782594,0.06250575637185948
A05,C4,1.2000000000000002,1.7000000000000002,1.4500000000000002,29.7374320183335,11.092280410141257,-18.645151608192243,-62.69926601832086,30.003305406944275,11.069201052210401,-63.10672806853997,29.482872390940198,11.11437766773463,-62.30225630542711,0.021739130434782594,0.06250575637185948
A05,C4,1.3,1.8,1.55,30.270763908458346,11.44964095263148,-18.821122955826866,-62.17591010502319,30.31304162494817,11.557537930995295,-61.87272107500015,30.23028524373404,11.346335335049103,-62.46699214523321,0.021739130434782594,0.06250575637185948
A05,C4,1.4000000000000001,1.9000000000000001,1.6500000000000001,30.989510938892387,11.723009876936466,-19.26650106195592,-62.17103942023209,31.47676449138915,12.140076219917727,-61.431626102362614,30.522991580118873,11.323691037911853,-62.901110108461545,0.021739130434782594,0.06250575637185948
A05,C4,1.5,2.0,1.75,29.840483385314933,11.124808097301464,-18.71567528801347,-62.71907544642459,30.020683469639494,11.263165595145992,-62.4819814427721,29.667951389685044,10.992338152556705,-62.948779279790365,0.021739130434782594,0.06250575637185948
A05,C4,1.6,2.1,1.85,30.050528099012755,11.21535031053264,-18.835177788480117,-62.67835868448151,28.96977202395346,10.882356093654753,-62.43547900668065,31.085294553856762,11.534174560734872,-62.895077153760404,0.021739130434782594,0.06250575637185948
A05,C4,1.7000000000000002,2.2,1.9500000000000002,29.245111066558174,11.03281347055562,-18.212297596002553,-62.27467406279863,28.104096022387456,10.583159194253703,-62.34300087139163,30.337572279062062,11.463333522334052,-62.21407099787729,0.021739130434782594,0.06250575637185948
A05,C4,1.8,2.3,2.05,30.704413577380674,12.045522116306449,-18.658891461074226,-60.76941158329061,30.620776831184177,11.88672599476434,-61.18084769600324,30.784491313100734,12.197560956080803,-60.37757833312004,0.021739130434782594,0.06250575637185948
A05,C4,1.9000000000000001,2.4000000000000004,2.1500000000000004,30.01249816885942,12.591649281321324,-17.420848887538096,-58.045314287145025,29.85528120057831,12.404114114168692,-58.45252961834967,30.163025053383898,12.771204228595117,-57.659405162472744,0.021739130434782594,0.06250575637185948
A05,C4,2.0,2.5,2.25,29.7840860944425,12.133251855007556,-17.650834239434943,-59.26263503088806,29.143794545658846,11.7965765973473,-59.52285287056254,30.397131194341753,12.455600505958865,-59.02376304420004,0.021739130434782594,0.06250575637185948
A05,C4,2.1,2.6,2.35,31.239318191652202,11.447383230047397,-19.791934961604806,-63.3558480379819,31.452555344209692,11.430135789165396,-63.659118745435585,31.035154960480128,11.463896737274847,-63.06157726013334,0.021739130434782594,0.06250575637185948
A05,C4,2.2,2.7,2.45,30.940030769389274,11.095407233378348,-19.84462353601093,-64.13899095292543,32.03396928784715,11.39917004393824,-64.41536813153283,29.892642826184918,10.804570499863559,-63.855418998285664,0.021739130434782594,0.06250575637185948
A05,C4,2.3000000000000003,2.8000000000000003,2.5500000000000003,29.578416527369388,10.788482999361438,-18.78993352800795,-63.52582637620685,29.604288291070887,10.684571561590467,-63.90870316982726,29.553645689782833,10.887972673823006,-63.15861404000267,0.021739130434782594,0.06250575637185948
A05,C4,2.4000000000000004,2.9000000000000004,2.6500000000000004,31.552719273782497,11.913449881909731,-19.639269391872766,-62.24271582256699,30.51352111423548,11.403283703518385,-62.62875182176728,32.547696235050914,12.40190686122059,-61.89620681089908,0.021739130434782594,0.06250575637185948
A05,C4,2.5,3.0,2.75,31.621516010963365,12.105609191206513,-19.51590681975685,-61.71717640922266,30.26630855621146,11.560317604786226,-61.80466612465783,32.9190550633854,12.62769688033232,-61.64015991340644,0.021739130434782594,0.06250575637185948
A05,C4,2.6,3.1,2.85,31.17824575899098,12.12318577530181,-19.05505998368917,-61.11652378066908,30.12451130156161,11.872160505682402,-60.589699242467155,32.18714045227441,12.363529118554435,-61.58860667698487,0.021739130434782594,0.06250575637185948
A05,C4,2.7,3.2,2.95,30.3525530448396,11.65751903507036,-18.695034009769238,-61.592953917751835,29.567579955992546,11.702127740297495,-60.42243647361545,31.10412302352294,11.61480857261885,-62.658299146274,0.021739130434782594,0.06250575637185948
A05,C4,2.8000000000000003,3.3000000000000003,3.0500000000000003,31.58793742940724,12.0974091019589,-19.490528327448338,-61.70244059462823,30.813996110941257,12.02801091369929,-60.96575442407987,32.32894507474701,12.163854175824486,-62.37472596863053,0.021739130434782594,0.06250575637185948
A05,C4,2.9000000000000004,3.4000000000000004,3.1500000000000004,30.593386268300833,11.45863222354618,-19.13475404475465,-62.5453942134579,30.40731834259522,11.547282484683995,-62.024660134174624,30.771536409933866,11.373754313946144,-63.03806816004678,0.021739130434782594,0.06250575637185948
A05,C4,3.0,3.5,3.25,31.592385915179676,11.664393942804942,-19.927991972374734,-63.07846462080481,30.912951392749576,11.47554506247245,-62.87787304202872,32.24290833027234,11.845206700570092,-63.26259846277943,0.021739130434782594,0.06250575637185948
A05,C4,3.1,3.6,3.35,29.635877078115044,10.860494891069726,-18.775382187045317,-63.35355669601631,28.555176881861293,10.456985365146158,-63.37972127292756,30.670590031975017,11.246833798868888,-63.33023333707071,0.021739130434782594,0.06250575637185948
A05,C4,3.2,3.7,3.45,29.364061875789567,10.8569673367418,-18.507094539047767,-63.02634362144127,28.304853528981113,10.464499791017971,-63.02930951293052,30.378197526989148,11.232734135839081,-63.02369774948138,0.021739130434782594,0.06250575637185948
A05,C4,3.3000000000000003,3.8000000000000003,3.5500000000000003,30.081069126839502,11.034270915141752,-19.046798211697748,-63.31822227257027,29.265160721519518,10.39696508589711,-64.47323428416396,30.862258025550126,11.644457347397264,-62.26958721634336,0.021739130434782594,0.06250575637185948
A05,C4,3.4000000000000004,3.9000000000000004,3.6500000000000004,31.035496353636756,11.437850341422806,-19.59764601221395,-63.145908120517255,30.69725787596232,11.039783950369921,-64.03657943983755,31.359341704601643,11.818977737111735,-62.311142088236416,0.021739130434782594,0.06250575637185948
A05,C4,3.5,4.0,3.75,29.234941258870215,10.746576334013936,-18.488364924856278,-63.240643314946624,29.011842306691992,10.750496175283628,-62.94445536537378,29.448546638615326,10.7428232945004,-63.52002213782075,0.021739130434782594,0.06250575637185948
A06,C3,0.0,0.5,0.25,14.718484425207476,13.68688088740003,-1.031603537807447,-7.0088978457638,15.071606889005738,13.903304237166823,-7.751679435662259,14.362061751467182,13.468434889504572,-6.222134937355501,0.0,0.002460527644751187
A06,C3,0.1,0.6,0.35,15.064567879384603,12.234661377675629,-2.829906501708974,-18.7851820534568,15.171386249106755,12.543618454118366,-17.32055167432774,14.95675120714168,11.922816851920333,-20.284714997282823,0.0,0.002460527644751187
A06,C3,0.2,0.7,0.44999999999999996,14.594486280612005,11.025678237377374,-3.5688080432346307,-24.45312547914483,14.197693571831145,10.970114954185808,-22.733119300792602,14.994987332465579,11.081760803589422,-26.096897864019187,0.0,0.002460527644751187
A06,C3,0.30000000000000004,0.8,0.55,13.949607337395307,10.893302629423149,-3.056304707972158,-21.90961103097857,13.33091923991915,10.730290322324867,-19.508248987112268,14.57407756662358,11.057838416027025,-24.126666916122172,0.0,0.002460527644751187
A06,C3,0.4,0.9,0.65,14.419297828436516,11.155478483775092,-3.2638193446614245,-22.635078236783464,14.234645609660058,10.93684039971769,-23.167455659762812,14.60567576888378,11.376159914412469,-22.11137578003433,0.0,0.002460527644751187
A06,C3,0.5,1.0,0.75,15.641124458887697,11.800909653803714,-3.840214805083983,-24.552037899691236,15.945974500546939,11.896197294006152,-25.396862426952215,15.333425351418557,11.7047314749078,-23.66525282737983,0.0,0.002460527644751187
A06,C3,0.6000000000000001,1.1,0.8500000000000001,14.805410360245514,11.445272496794566,-3.360137863450948,-22.695337594109265,15.31946090920596,11.721970019319444,-23.48314285475063,14.286555600547118,11.165989016115248,-21.84267973109183,0.0,0.002460527644751187
A06,C3,0.7000000000000001,1.2000000000000002,0.9500000000000002,13.315319278521423,10.465931939050542,-2.8493873394708817,-21.39931668080352,13.712803453966304,10.886417764929464,-20.611290014656586,12.914120297698553,10.041516339097983,-22.24389964148391,0.0,0.002460527644751187
A06,C3,0.8,1.3,1.05,13.402042930715421,10.64268619994088,-2.7593567307745417,-20.589075449463905,13.79944643113203,11.12345837472933,-19.391995684447007,13.000925378893047,10.157420827257207,-21.871555052936916,0.0,0.002460527644751187
A06,C3,0.9,1.4,1.15,15.177323105369647,11.935263807122782,-3.242059298246865,-21.361206292694945,15.832579869667525,12.46511847802681,-21.26918935108097,14.515942446078327,11.400457223406569,-21.4625074069059,0.0,0.002460527644751187
A06,C3,1.0,1.5,1.25,15.12418547166234,11.8916793808478,-3.2325060908145407,-21.373092103843707,15.28945082932455,11.888080389158185,-22.24651806095399,14.95737557794722,11.89531200797377,-20.471930747584356,0.0,0.002460527644751187
A06,C3,1.1,1.6,1.35,13.240066049644255,10.665109544581187,-2.574956505063069,-19.448214951558,13.155689648942431,10.215481206697213,-22.34932961102178,13.32523101483862,11.118940016464075,-16.557243892565,0.0,0.002460527644751187
A06,C3,1.2000000000000002,1.7000000000000002,1.4500000000000002,13.946524645947548,11.390106828578064,-2.556417817369484,-18.3301423276967,13.842311117540078,11.109223955337589,-19.744442521157456,14.051712132564433,11.673614775400234,-16.923897491843913,0.0,0.002460527644751187
A06,C3,1.3,1.8,1.55,13.767746364943854,10.960724977705143,-2.807021387238711,-20.38838683421779,13.66021595768589,10.894525896195958,-20.24631286984759,13.876281729278992,11.02754274221908,-20.529555702584684,0.0,0.002460527644751187
A06,C3,1.4000000000000001,1.9000000000000001,1.6500000000000001,14.124518315708215,10.92368319544135,-3.2008351202668646,-22.66155240640765,14.650418629257306,11.370437097154776,-22.38831268310868,13.593703045957728,10.472754023618451,-22.958784753410757,0.0,0.002460527644751187
A06,C3,1.5,2.0,1.75,13.432143778329715,10.43946104866342,-2.9926827296662957,-22.280008158447774,14.325514476946067,11.05012604585955,-22.86401955306787,12.530423820847794,9.823088901960787,-21.60609216092606,0.0,0.002460527644751187
A06,C3,1.6,2.1,1.85,12.983348341194226,10.07083796481386,-2.912510376380366,-22.432659895132023,13.706382198822814,10.568594304119355,-22.892896529420806,12.253557157793411,9.568429697103639,-21.91304472744062,0.0,0.002460527644751187
A06,C3,1.7000000000000002,2.2,1.9500000000000002,12.357026283679545,9.66217839441674,-2.694847889262805,-21.80822333300372,12.65591016678146,9.99671416481433,-21.01149555364925,12.055349093258915,9.32451612149207,-22.65245867740044,0.0,0.002460527644751187
A06,C3,1.8,2.3,2.05,14.301208744914973,11.455534859315268,-2.8456738855997052,-19.898135439855956,14.575185809251316,11.651311122146872,-20.06063404864843,14.024671147267076,11.257928911784306,-19.72767993224506,0.0,0.002460527644751187
A06,C3,1.9000000000000001,2.4000000000000004,2.1500000000000004,13.821500568456475,11.27081929530048,-2.5506812731559947,-18.454445380389284,13.911017858621543,11.01507795501403,-20.81759892079151,13.731146668102946,11.528950741570913,-16.03796084741903,0.0,0.002460527644751187
A06,C3,2.0,2.5,2.25,13.36213275538079,11.19091908070832,-2.1712136746724706,-16.24900541268867,12.959121723866518,10.303901708064224,-20.48919728033912,13.768910245133512,12.086226335339747,-12.220893882204606,0.0,0.002460527644751187
A06,C3,2.1,2.6,2.35,14.41007601942234,11.788861863714471,-2.621214155707868,-18.19014800598495,14.185690598906794,11.222805818999051,-20.88643312251625,14.6365584999427,12.360208151838444,-15.552497181035877,0.0,0.002460527644751187
A06,C3,2.2,2.7,2.45,14.752159985319075,11.517043891462459,-3.2351160938566164,-21.929779076935926,14.41373249711513,11.216533916635719,-22.18161452017597,15.093750347244553,11.820362370726833,-21.687041995598495,0.0,0.002460527644751187
A06,C3,2.3000000000000003,2.8000000000000003,2.5500000000000003,13.663430563232641,10.53548107725552,-3.127949485977121,-22.89285601812344,12.621176338184224,9.97025564652801,-21.003752904046625,14.715425481973098,11.105988988644036,-24.528250968690955,0.0,0.002460527644751187
A06,C3,2.4000000000000004,2.9000000000000004,2.6500000000000004,14.946757889921983,11.331269735707856,-3.615488154214127,-24.18911298919152,14.326522709308481,10.970505591182004,-23.425203632601974,15.572789661008509,11.695405507752639,-24.898455817226818,0.0,0.002460527644751187
A06,C3,2.5,3.0,2.75,14.78997391865098,11.460487622587772,-3.329486296063209,-22.511779360642016,14.234720925271063,10.93613997514598,-23.172782715178304,15.350416192342859,11.989735715332756,-21.89309029084493,0.0,0.002460527644751187
A06,C3,2.6,3.1,2.85,15.142993382063596,12.114483316511098,-3.0285100655524975,-19.999414839206583,13.756177483322153,10.675816176207242,-22.39256734546722,16.54277017705496,13.566595944107513,-17.99078510487583,0.0,0.002460527644751187
A06,C3,2.7,3.2,2.95,14.305499301296829,11.234937800094464,-3.0705615012023646,-21.46420363617795,13.220616056172926,9.979530781664023,-24.515387639561517,15.40052164216955,12.502077594398092,-18.820427743401687,0.0,0.002460527644751187
A06,C3,2.8000000000000003,3.3000000000000003,3.0500000000000003,15.683918361960345,12.046048042913387,-3.6378703190469572,-23.194907261633166,15.07897229667083,11.107529699299672,-26.337621153717368,16.294518128794618,12.993337586000129,-20.259454846724534,0.0,0.002460527644751187
A06,C3,2.9000000000000004,3.4000000000000004,3.1500000000000004,14.389194526766357,10.887379541657264,-3.5018149851090925,-24.336421184626555,13.072246127273486,9.692325605708822,-25.855698314254603,15.71845085522645,12.09360220597906,-23.061106228812065,0.0,0.002460527644751187
A06,C3,3.0,3.5,3.25,15.48107052981,11.83149640225188,-3.64957412755812,-23.57442994998687,13.718995564094703,10.46258159597857,-23.736533428429745,17.259613485859088,13.213204804845502,-23.44437599560868,0.0,0.002460527644751187
A06,C3,3.1,3.6,3.35,14.534814470127568,11.068127772332543,-3.4666866977950246,-23.850918117461177,13.434792892898917,10.070753991644088,-25.03975258921128,15.645116622844332,12.074822803307807,-22.820499876129617,0.0,0.002460527644751187
A06,C3,3.2,3.7,3.45,14.682375760102044,11.241271484214309,-3.441104275887735,-23.436971864176147,13.602437426667477,9.982445491731072,-26.61281813978014,15.772406975157491,12.51186220559926,-20.672461563373236,0.0,0.002460527644751187
A06,C3,3.3000000000000003,3.8000000000000003,3.5500000000000003,13.36526817917582,10.64625383080333,-2.7190143483724896,-20.343881708329175,12.091008164893204,9.541955123489744,-21.08222082592543,14.651437165554539,11.760873086783391,-19.72887742075467,0.0,0.002460527644751187
A06,C3,3.4000000000000004,3.9000000000000004,3.6500000000000004,14.466662243433378,11.433087196598413,-3.033575046834965,-20.969419177612636,13.807481627870347,10.84102178040604,-21.484438128648453,15.132003425496999,12.030685934437441,-20.495088481370054,0.0,0.002460527644751187
A06,C3,3.5,4.0,3.75,13.737428003914758,10.541268608060188,-3.19615939585457,-23.266068400458657,12.82290649721775,9.578725103387065,-25.299891210581553,14.66049644058089,11.512807846421843,-21.47054574118041,0.0,0.002460527644751187
A06,Cz,0.0,0.5,0.25,13.650635258140525,13.272669589124233,-0.3779656690162927,-2.768850400503476,13.86525631698676,13.354224341807273,-3.68570160908895,13.434008395006005,13.190352642490884,-1.8137233903002332,0.0,0.002460527644751187
A06,Cz,0.1,0.6,0.35,13.022967863113958,9.984397970021773,-3.038569893092186,-23.332391855919276,12.687251421780342,9.991176907684041,-21.250264730057456,13.361821841282469,9.977555677801918,-25.327879713412855,0.0,0.002460527644751187
A06,Cz,0.2,0.7,0.44999999999999996,11.926831866940576,7.867459590595802,-4.059372276344774,-34.03562925705994,11.187562650375126,7.616256991339348,-31.922106455565007,12.673010141604765,8.121009877695775,-35.918856002213985,0.0,0.002460527644751187
A06,Cz,0.30000000000000004,0.8,0.55,11.193604638918638,7.715809614676519,-3.477795024242119,-31.06948240918122,10.657920641192193,7.728229242391057,-27.488395695855182,11.734295029147203,7.703273915674928,-34.352477958492514,0.0,0.002460527644751187
A06,Cz,0.4,0.9,0.65,11.830149600488147,8.112528019821733,-3.717621580666414,-31.424975221894186,11.431722677014047,7.94043302883105,-30.54036339774924,12.232300140069478,8.286231375214198,-32.25941744127991,0.0,0.002460527644751187
A06,Cz,0.5,1.0,0.75,13.452262224847864,9.075835856790365,-4.3764263680574995,-32.533014112479464,13.148712942125293,8.856290476002412,-32.64519109220948,13.758648416754754,9.297433063566986,-32.424808150160096,0.0,0.002460527644751187
A06,Cz,0.6000000000000001,1.1,0.8500000000000001,12.911553173627611,8.957208963094583,-3.954344210533028,-30.626402241133484,13.199186690003925,8.948875895125171,-32.20130826771032,12.62123149354685,8.965619910203895,-28.96398489491334,0.0,0.002460527644751187
A06,Cz,0.7000000000000001,1.2000000000000002,0.9500000000000002,11.305749859670144,7.853439289770472,-3.4523105698996712,-30.53588318113024,11.69159338528281,7.9806226538901175,-31.740504558292304,10.916300319799415,7.725067296079616,-29.233649956768843,0.0,0.002460527644751187
A06,Cz,0.8,1.3,1.05,11.018150697925712,7.798845474347221,-3.219305223578491,-29.218199240863175,11.194034292595678,7.804502328957335,-30.279806859983953,10.840623331342945,7.793135751937013,-28.11173754736857,0.0,0.002460527644751187
A06,Cz,0.9,1.4,1.15,11.954654430028668,8.410315398776554,-3.5443390312521146,-29.648193111706828,12.08172072875119,8.405027842763687,-30.431864537623188,11.826400595804069,8.415652371200755,-28.840120854805352,0.0,0.002460527644751187
A06,Cz,1.0,1.5,1.25,11.750504320527154,8.312604591779442,-3.4378997287477127,-29.257465339100275,11.992400978740978,8.340319660099162,-30.45329559206608,11.506346945881429,8.28463050412963,-27.99947243816576,0.0,0.002460527644751187
A06,Cz,1.1,1.6,1.35,10.421846898692365,7.523915059999787,-2.8979318386925783,-27.80631750650821,10.570641545724802,7.37918009036426,-30.191747980058025,10.271661647482055,7.670002692902936,-25.328511041997544,0.0,0.002460527644751187
A06,Cz,1.2000000000000002,1.7000000000000002,1.4500000000000002,11.17835885901807,8.100412309295361,-3.077946549722709,-27.534869729464763,10.794769242148083,7.689305161086164,-28.768230347497024,11.565533425578428,8.515361580385019,-26.372945656338032,0.0,0.002460527644751187
A06,Cz,1.3,1.8,1.55,11.402077617237333,7.989935671153077,-3.4121419460842564,-29.925615845009496,11.269196334489923,7.891221906184103,-29.975291298877853,11.536200781131916,8.089571994673165,-29.876636614160706,0.0,0.002460527644751187
A06,Cz,1.4000000000000001,1.9000000000000001,1.6500000000000001,12.140260480510188,8.26253073972057,-3.8777297407896185,-31.941075292534904,12.504319175297224,8.610975085071429,-31.135994176454247,11.772799368014862,7.910829905160822,-32.80417292548533,0.0,0.002460527644751187
A06,Cz,1.5,2.0,1.75,11.30660904722031,7.558275913170435,-3.748333134049874,-33.151700199374886,11.67056662221857,7.872805743513428,-32.54135811602256,10.939249999558516,7.240806551702743,-33.80893066713928,0.0,0.002460527644751187
A06,Cz,1.6,2.1,1.85,10.798436159323897,7.205832393815547,-3.5926037655083496,-33.26966713051612,11.2543041223107,7.565749247983091,-32.77461524267291,10.33830774808488,6.842551830730549,-33.81361826844342,0.0,0.002460527644751187
A06,Cz,1.7000000000000002,2.2,1.9500000000000002,10.388793955802033,7.202091178936992,-3.186702776865041,-30.67442467742178,10.659864993584362,7.389308059050829,-30.681035233578633,10.115189543834822,7.0131246083548024,-30.66739305316052,0.0,0.002460527644751187
A06,Cz,1.8,2.3,2.05,11.316720225977571,8.169728352248294,-3.1469918737292772,-27.808338554710808,11.312551245662517,8.066347021012659,-28.695597961552,11.320928168725477,8.274075864149681,-26.91344966742964,0.0,0.002460527644751187
A06,Cz,1.9000000000000001,2.4000000000000004,2.1500000000000004,10.647465305859553,8.041413062047125,-2.606052243812428,-24.475799347082685,10.626724062034814,7.723735310234933,-27.31781435984717,10.668400393084529,8.362059764810834,-21.61842959858079,0.0,0.002460527644751187
A06,Cz,2.0,2.5,2.25,10.983346539977825,8.6274254454594,-2.3559210945184255,-21.449938649784077,10.686249014300419,7.847063939969602,-26.56858426685919,11.283220678044744,9.415080049131346,-16.556803081486184,0.0,0.002460527644751187
A06,Cz,2.1,2.6,2.35,11.85349052598127,8.85874099432403,-2.9947495316572397,-25.264705996036763,11.615086540895673,8.42856410465919,-27.434340889471855,12.094122585693837,9.292938228752094,-23.16153434938116,0.0,0.002460527644751187
A06,Cz,2.2,2.7,2.45,11.076391987551442,7.500434942867824,-3.5759570446836184,-32.28449344066707,11.114807921008996,7.612591486016016,-31.509464309978384,11.0376170266784,7.387230207727592,-33.07223660802567,0.0,0.002460527644751187
A06,Cz,2.3000000000000003,2.8000000000000003,2.5500000000000003,10.02635651721391,6.719237341550725,-3.3071191756631855,-32.98425674356687,9.92278819900702,6.917179681207537,-30.28995940979831,10.130892763628339,6.519445073485906,-35.647872052383725,0.0,0.002460527644751187
A06,Cz,2.4000000000000004,2.9000000000000004,2.6500000000000004,11.674341718538246,7.953533942969388,-3.720807775568858,-31.871670928223807,11.971415266072162,8.482144756289628,-29.146683430750027,11.374491782709619,7.419982841674191,-34.76646707896596,0.0,0.002460527644751187
A06,Cz,2.5,3.0,2.75,11.37017299832037,7.738418362371001,-3.6317546359493695,-31.941067532445295,11.669091442370409,8.169001159887932,-29.99453984715269,11.068460923952106,7.303811426559518,-34.01240265704784,0.0,0.002460527644751187
A06,Cz,2.6,3.1,2.85,11.40860660904013,7.728588159791375,-3.680018449248754,-32.25651103030167,11.330554046763146,7.693226787847192,-32.10193644462643,11.487388634515963,7.764280011847187,-32.41040014509489,0.0,0.002460527644751187
A06,Cz,2.7,3.2,2.95,11.39396276582835,7.554518693194912,-3.8394440726334382,-33.69717938826622,11.471806971879309,7.390380530499976,-35.57788630321343,11.315391043832996,7.720190857410364,-31.772655248905895,0.0,0.002460527644751187
A06,Cz,2.8000000000000003,3.3000000000000003,3.0500000000000003,12.579836236457007,8.268005425314534,-4.311830811142473,-34.27573086084036,12.712744158448528,8.056945141312752,-36.62308435619436,12.445686184353413,8.481038235335026,-31.85559952493982,0.0,0.002460527644751187
A06,Cz,2.9000000000000004,3.4000000000000004,3.1500000000000004,11.619778395217322,7.825300294571167,-3.794478100646155,-32.65533964234598,11.334996485884052,7.489918325471264,-33.922182200949294,11.907221817721933,8.163816674597237,-31.438107061659466,0.0,0.002460527644751187
A06,Cz,3.0,3.5,3.25,12.74061511212133,8.540674917567655,-4.199940194553674,-32.96497192319923,12.206755954456888,8.189660134594764,-32.90879112230811,13.279463607707871,8.894970212530948,-33.01709711100084,0.0,0.002460527644751187
A06,Cz,3.1,3.6,3.35,12.286097473066146,7.990263034698367,-4.295834438367779,-34.96500371892052,12.052415608941486,7.846833820034437,-34.89409862191442,12.521963279846174,8.135032709312426,-35.03388783765575,0.0,0.002460527644751187
A06,Cz,3.2,3.7,3.45,12.386371009634162,8.139540656527577,-4.246830353106585,-34.28631638599704,11.949018021206529,7.433632556214622,-37.78875767848222,12.827811409168596,8.852046028806072,-30.993325779024715,0.0,0.002460527644751187
A06,Cz,3.3000000000000003,3.8000000000000003,3.5500000000000003,11.298283396453707,7.806101265333555,-3.4921821311201517,-30.908962083711533,10.615060105744751,6.9420826240329925,-34.60157027018608,11.987891951561812,8.678194847207022,-27.60866645885638,0.0,0.002460527644751187
A06,Cz,3.4000000000000004,3.9000000000000004,3.6500000000000004,11.943158836346948,7.913234795892966,-4.029924040453982,-33.74253072972287,11.758823897448442,7.647015311805179,-34.967855811970175,12.129216531683756,8.18194231254232,-32.54352174215396,0.0,0.002460527644751187
A06,Cz,3.5,4.0,3.75,10.60058226384012,6.7842839133098565,-3.816298350530264,-36.000837081828266,10.864203025832394,6.750088162279694,-37.86853811338346,10.334497756408664,6.818799250798246,-34.01905528916731,0.0,0.002460527644751187
A06,C4,0.0,0.5,0.25,17.697918161416872,15.780752745293174,-1.917165416123698,-10.83271715146304,16.87442964336044,15.113564087388946,-10.435111545618012,18.529102833847666,16.4541768112152,-11.19820015700997,0.0,0.002460527644751187
A06,C4,0.1,0.6,0.35,17.52261659157209,13.469563244542456,-4.053053347029632,-23.130411636005565,16.320377974935937,12.923270318771516,-20.815128555120094,18.736091083130074,14.020961711675739,-25.16602502909385,0.0,0.002460527644751187
A06,C4,0.2,0.7,0.44999999999999996,17.413112372282942,12.304070206945191,-5.109042165337751,-29.340200971022224,16.41965321734509,11.919374799865365,-27.407877364461047,18.415856192220208,12.692360898203336,-31.079170223075298,0.0,0.002460527644751187
A06,C4,0.30000000000000004,0.8,0.55,16.932179668079645,12.27855098271125,-4.653628685368394,-27.483931641366667,16.415913501473536,12.40741771842872,-24.418353463454856,17.453270752130667,12.148479884977734,-30.39425069656547,0.0,0.002460527644751187
A06,C4,0.4,0.9,0.65,17.412914589337184,12.567472228119481,-4.845442361217703,-27.826716408434088,17.286234993166364,12.735596366816598,-26.325215572672334,17.540778106967544,12.397776835789676,-29.3202572874174,0.0,0.002460527644751187
A06,C4,0.5,1.0,0.75,18.564179837796104,13.299917862740118,-5.264261975055986,-28.357094259225548,18.61660506456148,13.182123937869822,-29.191579817292908,18.511264655640396,13.418812665412936,-27.510016657213022,0.0,0.002460527644751187
A06,C4,0.6000000000000001,1.1,0.8500000000000001,18.085266877732145,13.251144427128802,-4.834122450603344,-26.72961634066598,18.908951058707256,13.443096134570599,-28.906177329279842,17.253884713757255,13.057398778495962,-24.32197736846623,0.0,0.002460527644751187
A06,C4,0.7000000000000001,1.2000000000000002,0.9500000000000002,17.3721380033056,12.818254596393743,-4.553883406911858,-26.213718806777482,18.18185543927181,13.151425756354685,-27.66730656130767,16.554853114666813,12.481969687274288,-24.602353153977205,0.0,0.002460527644751187
A06,C4,0.8,1.3,1.05,16.989457886195407,12.601402591403907,-4.388055294791499,-25.828106606962216,17.314122983005937,12.424350090654414,-28.241528012426077,16.661758536143648,12.780109788422084,-23.296753096627025,0.0,0.002460527644751187
A06,C4,0.9,1.4,1.15,18.08310999134691,13.200951359061325,-4.882158632285584,-26.998445702214852,17.7243296252159,12.57091175725654,-29.075389461431243,18.44524344501185,13.836879181443717,-24.984025162402368,0.0,0.002460527644751187
A06,C4,1.0,1.5,1.25,18.014713442625713,13.180286639157023,-4.8344268034686895,-26.83599058550472,17.76472669524303,12.878256200761529,-27.506589762453153,18.26703651475029,13.485139791930045,-26.1777367060002,0.0,0.002460527644751187
A06,C4,1.1,1.6,1.35,15.763599597921454,11.827072252599535,-3.9365273453219185,-24.972261702466604,15.90127492135114,11.778334472236262,-25.928364043180448,15.62463758922607,11.876265526237226,-23.990137637326864,0.0,0.002460527644751187
A06,C4,1.2000000000000002,1.7000000000000002,1.4500000000000002,17.069878341543646,12.842506039701686,-4.22737230184196,-24.765099183827427,16.70443621643854,12.37589321437857,-25.91253572389548,17.43873581361234,13.313479732551187,-23.65570603943124,0.0,0.002460527644751187
A06,C4,1.3,1.8,1.55,17.391219079215233,12.83721642642778,-4.554002652787453,-26.185643640301663,17.047363798740903,12.306778125342516,-27.808321153728887,17.73828796044166,13.372612094812904,-24.61159653831697,0.0,0.002460527644751187
A06,C4,1.4000000000000001,1.9000000000000001,1.6500000000000001,18.075425166770316,13.02255930682374,-5.052865859946575,-27.95434028979697,18.545569874219698,13.32893598405793,-28.128733306887703,17.600886583550388,12.713319296157456,-27.768869847504174,0.0,0.002460527644751187
A06,C4,1.5,2.0,1.75,17.09097514388615,12.024507463800148,-5.066467680086003,-29.64411121912139,17.858278226821113,12.630014537460477,-29.276415245386733,16.316501004101326,11.41334144552617,-30.050312608951486,0.0,0.002460527644751187
A06,C4,1.6,2.1,1.85,16.388724553984666,12.017197688684131,-4.371526865300535,-26.673990711727868,16.555864226817626,12.178905256724109,-26.437514285745365,16.220022828134578,11.853978834961536,-26.917619287192885,0.0,0.002460527644751187
A06,C4,1.7000000000000002,2.2,1.9500000000000002,15.847952313429785,12.285120120616149,-3.5628321928136355,-22.481340947716255,15.907751668404645,12.294811146940708,-22.711823749674306,15.787594085978522,12.275338523952106,-22.24693352830603,0.0,0.002460527644751187
A06,C4,1.8,2.3,2.05,18.205806606164845,14.0502850283298,-4.155521577835046,-22.82525387492529,18.21436406425016,13.900944962573638,-23.681414769470813,18.197169171835746,14.201020795635083,-21.96027491125164,0.0,0.002460527644751187
A06,C4,1.9000000000000001,2.4000000000000004,2.1500000000000004,17.266645119981238,13.492062284551833,-3.7745828354294044,-21.860545631191535,16.590143457569145,12.471893193731987,-24.823475905256462,17.94946922783644,14.521765665940087,-19.096406241253035,0.0,0.002460527644751187
A06,C4,2.0,2.5,2.25,16.174656470518684,12.771227616453434,-3.4034288540652504,-21.041738105959972,15.30988846323385,11.517250218857116,-24.772474688399065,17.047506421796836,14.03692442898055,-17.659955176593893,0.0,0.002460527644751187
A06,C4,2.1,2.6,2.35,16.653643359353424,12.663285052011531,-3.990358307341893,-23.960872832674966,16.12945632807043,12.344620628436655,-23.465364378382336,17.18272933485401,12.984927647769354,-24.430354487221642,0.0,0.002460527644751187
A06,C4,2.2,2.7,2.45,16.38467819197766,11.720647160369756,-4.664031031607903,-28.465807975963347,15.001551949926316,11.106031493033354,-25.967449700509793,17.780730847506113,12.34100689936351,-30.593365339116907,0.0,0.002460527644751187
A06,C4,2.3000000000000003,2.8000000000000003,2.5500000000000003,15.04799692577012,10.850848216630634,-4.197148709139485,-27.891743531338374,13.767557107038693,9.915790963821493,-27.97712123705647,16.340403471779414,11.794644322269765,-27.819136518632316,0.0,0.002460527644751187
A06,C4,2.4000000000000004,2.9000000000000004,2.6500000000000004,16.898766304348005,12.644267325658232,-4.254498978689773,-25.17638803961152,15.975308404384238,11.627683849315565,-27.214651792734834,17.830854651974985,13.670351582153629,-23.33316686735781,0.0,0.002460527644751187
A06,C4,2.5,3.0,2.75,17.10277432144924,12.807676428552377,-4.295097892896862,-25.113457104501556,15.6621501217856,11.508167175563472,-26.522430917349325,18.55686229867983,14.119330627830898,-23.9131572968811,0.0,0.002460527644751187
A06,C4,2.6,3.1,2.85,18.078368783908115,13.359273938741316,-4.719094845166799,-26.103543420174898,16.398123613584307,11.749441591128713,-28.348865589747092,19.7743171801228,14.98415144848114,-24.22417769477648,0.0,0.002460527644751187
A06,C4,2.7,3.2,2.95,17.507916974162214,12.761882763679083,-4.746034210483131,-27.107931900106795,15.677103807533165,10.848570720948507,-30.799905045372284,19.355840544217706,14.693076227369753,-24.08970205244272,0.0,0.002460527644751187
A06,C4,2.8000000000000003,3.3000000000000003,3.0500000000000003,18.92641651448087,13.558281897916189,-5.3681346165646815,-28.363185458047198,16.638981255888762,11.318985884116909,-31.97308350767589,21.23522967268599,15.818505911844431,-25.508194845704303,0.0,0.002460527644751187
A06,C4,2.9000000000000004,3.4000000000000004,3.1500000000000004,17.521168636749078,12.509019198761477,-5.012149437987601,-28.606250769569485,14.898973754200075,10.424184709203484,-30.034209864522595,20.16787001352752,14.613338122801322,-27.541489939197927,0.0,0.002460527644751187
A06,C4,3.0,3.5,3.25,19.584184757013805,14.225365053527343,-5.358819703486462,-27.362996060212698,16.503886402313988,11.906056339876887,-27.859074828535206,22.693270946804276,16.566349549548367,-26.998846537452188,0.0,0.002460527644751187
A06,C4,3.1,3.6,3.35,18.115109990944195,12.9674503008681,-5.147659690076095,-28.41638661122912,15.982398134207768,11.1137775345729,-30.46239093002172,20.26775373419218,14.838447111708117,-26.787905032241905,0.0,0.002460527644751187
A06,C4,3.2,3.7,3.45,17.622805917567522,12.59609301675426,-5.026712900813262,-28.523907738224132,16.07991182537338,10.747665391051662,-33.16091836963728,19.180119580716756,14.461795666996135,-24.60007558276286,0.0,0.002460527644751187
A06,C4,3.3000000000000003,3.8000000000000003,3.5500000000000003,16.37966787045026,12.329753159417114,-4.049914711033145,-24.725255377976215,15.129394489438134,10.537595890705687,-30.350180913968455,17.641626049415766,14.138659561480987,-19.856256323100027,0.0,0.002460527644751187
A06,C4,3.4000000000000004,3.9000000000000004,3.6500000000000004,17.85569887280862,12.959853944896611,-4.895844927912009,-27.418948778127074,16.712239241370757,11.639604351736658,-30.352813984836395,19.00984504285805,14.292442319301049,-24.815576944059924,0.0,0.002460527644751187
A06,C4,3.5,4.0,3.75,16.3352951307688,11.592881643743652,-4.742413487025146,-29.031697615872528,16.271008803883145,10.946367585030462,-32.72471475512898,16.40018226444777,12.245437889921451,-25.33352561290098,0.0,0.002460527644751187
A07,C3,0.0,0.5,0.25,11.519161766090424,10.830249314230345,-0.6889124518600784,-5.980577978235075,11.398118121046338,10.91049893320746,-4.278067507815178,11.642856001901897,10.748242404326723,-7.6837985235670425,0.06137184115523464,0.06590353977961971
A07,C3,0.1,0.6,0.35,11.395601906384577,10.64296186630462,-0.7526400400799567,-6.604653674838162,10.980308718043807,10.296655194491704,-6.2261776158320865,11.81998910614887,10.996851895894464,-6.963942207241147,0.06137184115523464,0.06590353977961971
A07,C3,0.2,0.7,0.44999999999999996,11.469677830065223,10.71344549289072,-0.7562323371745023,-6.593318037165845,10.581928627108732,9.887627780667765,-6.5611938135956684,12.376866796590104,11.5573468046514,-6.621384922430333,0.06137184115523464,0.06590353977961971
A07,C3,0.30000000000000004,0.8,0.55,12.098866588669436,11.547922846352254,-0.5509437423171821,-4.553680613629874,11.710758325607545,11.22200209641886,-4.173566011689752,12.495473572820273,11.880980547014115,-4.9177249843718025,0.06137184115523464,0.06590353977961971
A07,C3,0.4,0.9,0.65,12.868187170148236,12.335742732753971,-0.5324444373942647,-4.137680236960146,12.627945510914651,12.237291372095365,-3.0935684548340356,13.113689595642414,12.43634996262408,-5.165133947073215,0.06137184115523464,0.06590353977961971
A07,C3,0.5,1.0,0.75,13.522293777531617,13.01628262368462,-0.5060111538469965,-3.7420511798654665,12.761345899390701,12.434902866765535,-2.558061157489291,14.299904747894601,13.610393324185871,-4.821790325633097,0.06137184115523464,0.06590353977961971
A07,C3,0.6000000000000001,1.1,0.8500000000000001,13.037124112169206,12.406360817771747,-0.6307632943974593,-4.83820886393716,12.584909935196047,12.142981814825415,-3.511571577756764,13.499240789368057,12.675507244140261,-6.102073131968762,0.06137184115523464,0.06590353977961971
A07,C3,0.7000000000000001,1.2000000000000002,0.9500000000000002,12.38427290555643,11.719559614781815,-0.664713290774614,-5.367398601789358,12.293858151650578,11.815877375561556,-3.887963975124026,12.47666754458431,11.621132705955802,-6.857078106564327,0.06137184115523464,0.06590353977961971
A07,C3,0.8,1.3,1.05,12.757838618518223,12.161238979557853,-0.5965996389603703,-4.676337871952665,12.365001014893178,11.805422821908154,-4.525500582741827,13.159278505434326,12.524846731900613,-4.821174453232482,0.06137184115523464,0.06590353977961971
A07,C3,0.9,1.4,1.15,13.517386015319282,12.90983968893513,-0.6075463263841527,-4.494554832536552,12.901365784892826,12.16260166113119,-5.726247407283895,14.146895739842666,13.673440593260327,-3.346706975784952,0.06137184115523464,0.06590353977961971
A07,C3,1.0,1.5,1.25,13.800910759691185,12.938364014266366,-0.8625467454248188,-6.249926258085011,13.14103858258351,12.14082322517116,-7.611387419088683,14.475232692501944,13.753369200203075,-4.986886965021217,0.06137184115523464,0.06590353977961971
A07,C3,1.1,1.6,1.35,12.761101827732919,11.952180858791367,-0.8089209689415515,-6.338958656246856,11.99707675053904,11.158477696357494,-6.990028251206009,13.54185738106973,12.763264382446422,-5.749528862353177,0.06137184115523464,0.06590353977961971
A07,C3,1.2000000000000002,1.7000000000000002,1.4500000000000002,12.91647634321987,12.203009005324061,-0.7134673378958087,-5.523699489995371,11.914857862403528,11.203088182993149,-5.973799164288117,13.94002807544095,13.224825904056377,-5.1305647844755065,0.06137184115523464,0.06590353977961971
A07,C3,1.3,1.8,1.55,12.834958487539822,12.115921404698602,-0.7190370828412203,-5.602176925926652,11.442496861399464,10.680219421555902,-6.66181034678765,14.257911974106612,13.583062117399171,-4.733160493156477,0.06137184115523464,0.06590353977961971
A07,C3,1.4000000000000001,1.9000000000000001,1.6500000000000001,13.223233290820797,12.480100556280265,-0.7431327345405325,-5.619901866636465,12.20954549387211,11.416320962848724,-6.496757241467341,14.259118630768358,13.567174593363593,-4.852642406043853,0.06137184115523464,0.06590353977961971
A07,C3,1.5,2.0,1.75,11.981700123411292,11.438008963432212,-0.5436911599790797,-4.537679581186899,11.58710616433396,11.138207769642808,-3.8741199771941126,12.384934826118055,11.744375146866641,-5.172087606796002,0.06137184115523464,0.06590353977961971
A07,C3,1.6,2.1,1.85,10.901434525569162,10.400013489536786,-0.5014210360323759,-4.59958764927955,10.755488615489634,10.238957898225319,-4.802484905431703,11.050576331489845,10.5645958456215,-4.397784072885764,0.06137184115523464,0.06590353977961971
A07,C3,1.7000000000000002,2.2,1.9500000000000002,10.192390594792144,9.537703743888956,-0.6546868509031878,-6.423290442162838,9.828229798651087,9.051052954479161,-7.9075974015035,10.564525714936291,10.03501111992816,-5.012194672019158,0.06137184115523464,0.06590353977961971
A07,C3,1.8,2.3,2.05,11.027200097594331,10.278129217057634,-0.7490708805366975,-6.792938133952181,10.890685946626487,10.145076515516935,-6.84630366501857,11.166703609532272,10.414095481405795,-6.739751984498142,0.06137184115523464,0.06590353977961971
A07,C3,1.9000000000000001,2.4000000000000004,2.1500000000000004,10.244905547251136,9.719351485124168,-0.5255540621269681,-5.12990636861442,10.374442080035877,9.804142870388615,-5.497155463855936,10.112532448055054,9.632703354196993,-4.744895468299308,0.06137184115523464,0.06590353977961971
A07,C3,2.0,2.5,2.25,9.292604568212743,8.962051969694736,-0.33055259851800756,-3.5571576955801003,8.91122909385346,8.51926919135301,-4.398494285943186,9.682331330331719,9.414530721284821,-2.7658690857641073,0.06137184115523464,0.06590353977961971
A07,C3,2.1,2.6,2.35,9.03536483163302,8.512358485926475,-0.5230063457065448,-5.788436388041439,8.701722235037336,8.143372715747917,-6.41654036072576,9.37631347048992,8.889424236473904,-5.192757639219335,0.06137184115523464,0.06590353977961971
A07,C3,2.2,2.7,2.45,8.300103430249495,7.8156908269918475,-0.48441260325764723,-5.83622369683032,8.091110599335359,7.425384454765053,-8.227871024590755,8.513672746512116,8.214544054084918,-3.5135094022699542,0.06137184115523464,0.06590353977961971
A07,C3,2.3000000000000003,2.8000000000000003,2.5500000000000003,8.185298081390126,7.397156549016238,-0.7881415323738885,-9.628745642944708,7.770043292514658,6.70717841573461,-13.67900842719845,8.60964604082491,8.10224369251571,-5.893417056905905,0.06137184115523464,0.06590353977961971
A07,C3,2.4000000000000004,2.9000000000000004,2.6500000000000004,9.58942499919854,8.456581354890302,-1.1328436443082381,-11.81346790243334,9.126332302065265,7.71406260050281,-15.474668846354211,10.062658412327432,9.215359644045405,-8.42022787183185,0.06137184115523464,0.06590353977961971
A07,C3,2.5,3.0,2.75,9.855435854086434,8.665035936793535,-1.1903999172928987,-12.078612604426969,8.851978629831184,7.59612588763906,-14.187254564306084,10.880866594201292,9.757352775345554,-10.325591340808174,0.06137184115523464,0.06590353977961971
A07,C3,2.6,3.1,2.85,10.438144303604895,9.175771824179094,-1.2623724794258013,-12.093840080270121,8.763862095947248,7.628896981790318,-12.950513161107164,12.149089625298842,10.756519838299011,-11.462338578028033,0.06137184115523464,0.06590353977961971
A07,C3,2.7,3.2,2.95,9.807917867486973,8.532076522921221,-1.2758413445657517,-13.008279247475524,8.17005026212388,6.95717683633285,-14.845360638891988,11.481651186836121,10.141463063960432,-11.672433703718804,0.06137184115523464,0.06590353977961971
A07,C3,2.8000000000000003,3.3000000000000003,3.0500000000000003,9.863085059387386,8.622549725307913,-1.240535334079473,-12.57755891397052,8.473263904132155,7.278558230019906,-14.099710425986231,11.283340254538714,9.995971691295656,-11.409463281276263,0.06137184115523464,0.06590353977961971
A07,C3,2.9000000000000004,3.4000000000000004,3.1500000000000004,8.778392520732375,7.890837930016466,-0.8875545907159088,-10.11067332224808,7.264643653420501,6.460730635399418,-11.06610394637274,10.325289173459838,9.352261442763814,-9.42373346014462,0.06137184115523464,0.06590353977961971
A07,C3,3.0,3.5,3.25,8.755840815203292,8.056522084840367,-0.6993187303629256,-7.98688264351102,6.966557708060609,6.255409902804582,-10.208022886729236,10.58430530425421,9.897074679621461,-6.492921404643592,0.06137184115523464,0.06590353977961971
A07,C3,3.1,3.6,3.35,7.8282266679910455,7.157030978498456,-0.6711956894925892,-8.574045156830364,6.160199093001646,5.552377776202003,-9.866910267399705,9.532780394257584,8.79682257208607,-7.720285076690163,0.06137184115523464,0.06590353977961971
A07,C3,3.2,3.7,3.45,7.797898937159487,7.14595594609905,-0.6519429910604373,-8.360495516987532,6.117212898722853,5.593475193159745,-8.561704721319305,9.51538831950349,8.732432627934834,-8.22831045122823,0.06137184115523464,0.06590353977961971
A07,C3,3.3000000000000003,3.8000000000000003,3.5500000000000003,7.935186114868636,7.209549216709911,-0.7256368981587249,-9.14454793692936,6.359675140809029,5.619076546184997,-11.645226811535188,9.545197329236116,8.834849755932451,-7.441937016094275,0.06137184115523464,0.06590353977961971
A07,C3,3.4000000000000004,3.9000000000000004,3.6500000000000004,8.780043273922157,7.787175874664595,-0.9928673992575616,-11.308228994798965,7.0490723909911,6.090814036963656,-13.594105733005707,10.548918628742216,9.520684321950224,-9.747295841209764,0.06137184115523464,0.06590353977961971
A07,C3,3.5,4.0,3.75,7.918307538279306,7.00870200336217,-0.9096055349171364,-11.487373160487259,6.591354317578972,5.689173586323071,-13.687334768968618,9.274318128775997,8.357125203256139,-9.889599567153375,0.06137184115523464,0.06590353977961971
A07,Cz,0.0,0.5,0.25,18.480853971684045,17.58142671700424,-0.8994272546798037,-4.866805700958874,18.09808739416207,17.609068260400125,-2.7020486922816493,18.872002299078762,17.55317988433692,-6.988248484932731,0.06137184115523464,0.06590353977961971
A07,Cz,0.1,0.6,0.35,17.443382793700746,16.347929643543328,-1.095453150157418,-6.280049937062748,16.081546875109904,15.196686197254225,-5.502335594501892,18.835039936786274,17.52438280033511,-6.958610870218272,0.06137184115523464,0.06590353977961971
A07,Cz,0.2,0.7,0.44999999999999996,17.110063624839377,16.035728803029198,-1.0743348218101794,-6.278964505137923,15.304404270685628,14.493339512439947,-5.299551318042555,18.955262964850515,17.61189304158756,-7.087055060929613,0.06137184115523464,0.06590353977961971
A07,Cz,0.30000000000000004,0.8,0.55,18.3870833870401,17.67274147244907,-0.7143419145910315,-3.8850202588112817,16.972232294887714,16.598612508087115,-2.2013591394995182,19.83291661989655,18.770391509023323,-5.357382029263884,0.06137184115523464,0.06590353977961971
A07,Cz,0.4,0.9,0.65,19.80660309444182,19.0655116531091,-0.7410914413327205,-3.7416382698186528,18.39252528946222,18.00127740536092,-2.12721134234602,21.251646106829728,20.153050300443006,-5.169462171844006,0.06137184115523464,0.06590353977961971
A07,Cz,0.5,1.0,0.75,21.479162374407053,20.605437105666272,-0.873725268740781,-4.067780919528994,20.435775621694127,19.773879630925475,-3.2389080944204514,22.545397012215894,21.45520386817512,-4.835546446354747,0.06137184115523464,0.06590353977961971
A07,Cz,0.6000000000000001,1.1,0.8500000000000001,21.37089584652976,20.059034166684988,-1.311861679844771,-6.138543228443058,21.040145532547864,19.91723570754649,-5.336986967434709,21.708888868117096,20.203937701571032,-6.932419138025625,0.06137184115523464,0.06590353977961971
A07,Cz,0.7000000000000001,1.2000000000000002,0.9500000000000002,19.19681341965789,17.58429296465524,-1.6125204550026488,-8.399938155107547,18.396934146318927,17.107807171590586,-7.0072924351163355,20.01420829752252,18.071212753188462,-9.708080956540122,0.06137184115523464,0.06590353977961971
A07,Cz,0.8,1.3,1.05,18.781980737516733,17.192007034378,-1.5899737031387318,-8.465420795383857,18.030417093780184,16.670028139237832,-7.544966638689875,19.550001979291306,17.725416124302257,-9.332919029480276,0.06137184115523464,0.06590353977961971
A07,Cz,0.9,1.4,1.15,19.789872918118046,18.483562468851456,-1.30631044926659,-6.600903677712024,19.733662947416892,18.4543564055995,-6.482864054313091,19.84731376409003,18.51340808093374,-6.720837383896955,0.06137184115523464,0.06590353977961971
A07,Cz,1.0,1.5,1.25,20.324985073223846,18.842173188578432,-1.4828118846454146,-7.2955127853888175,20.38252964723698,18.998439361732515,-6.7905716780943735,20.26618039904984,18.68248512842098,-7.8144733711297265,0.06137184115523464,0.06590353977961971
A07,Cz,1.1,1.6,1.35,18.874335964441755,17.38289730965467,-1.4914386547870855,-7.9019397429232825,18.50966261103427,17.423093943355052,-5.870278084007184,19.24699486573408,17.341820457698077,-9.898555183946325,0.06137184115523464,0.06590353977961971
A07,Cz,1.2000000000000002,1.7000000000000002,1.4500000000000002,18.71888626739781,17.29140281423549,-1.4274834531623206,-7.625899494076904,18.912904978874998,17.69682132059431,-6.4299147044782785,18.520618970997763,16.877106530365165,-8.87396065545242,0.06137184115523464,0.06590353977961971
A07,Cz,1.3,1.8,1.55,18.10902732121132,16.741058465138575,-1.3679688560727463,-7.554071413158828,17.883882896350617,16.4178418515759,-8.197554486748938,18.33910191595949,17.071352814764662,-6.912819978886622,0.06137184115523464,0.06590353977961971
A07,Cz,1.4000000000000001,1.9000000000000001,1.6500000000000001,17.72775124954845,16.388810763050554,-1.338940486497897,-7.552793739318751,17.080662915891068,15.593680779205854,-8.705646519736616,18.389009400731176,17.201352352380905,-6.4585156408862785,0.06137184115523464,0.06590353977961971
A07,Cz,1.5,2.0,1.75,15.631131632874801,14.272609746901006,-1.3585218859737953,-8.69112945806562,15.77945142854569,14.34958386032822,-9.061579705050955,15.479563958466601,14.193950068946188,-8.305233228596478,0.06137184115523464,0.06590353977961971
A07,Cz,1.6,2.1,1.85,14.486213170783696,13.011128286477586,-1.47508488430611,-10.1826810562274,15.214803825837599,13.511147476235115,-11.19735994695742,13.7416679758381,12.500159771396902,-9.034625247998532,0.06137184115523464,0.06590353977961971
A07,Cz,1.7000000000000002,2.2,1.9500000000000002,13.211908853198567,11.737860146773553,-1.4740487064250143,-11.156969994295345,13.439460741869206,11.855972934244097,-11.782376079212185,12.979374076454848,11.617160947898546,-10.495214334159737,0.06137184115523464,0.06590353977961971
A07,Cz,1.8,2.3,2.05,14.363009646585343,12.843889277499189,-1.5191203690861546,-10.576615949341159,14.099998200028137,12.796959028187898,-9.24141374597934,14.631780467884676,12.891847196503427,-11.891466491041413,0.06137184115523464,0.06590353977961971
A07,Cz,1.9000000000000001,2.4000000000000004,2.1500000000000004,12.814349471986953,11.620351206365697,-1.1939982656212553,-9.31766585757176,12.005180084548133,10.918392610427652,-9.05265449136648,13.641237897106913,12.337681158419175,-9.556000331642938,0.06137184115523464,0.06590353977961971
A07,Cz,2.0,2.5,2.25,11.677835719175302,10.947243890389679,-0.7305918287856237,-6.2562262935928565,10.140508584485715,9.414735686319553,-7.15716467393505,13.248826951704803,12.51331066827156,-5.5515577802803175,0.06137184115523464,0.06590353977961971
A07,Cz,2.1,2.6,2.35,11.607030103361756,10.7626433075094,-0.8443867958523565,-7.274787678958426,10.828669188866959,10.009856325379713,-7.561528099215309,12.402435417444028,11.53191467610908,-7.018950004855985,0.06137184115523464,0.06590353977961971
A07,Cz,2.2,2.7,2.45,10.716272276316484,9.886046120336621,-0.8302261559798634,-7.747341002287765,10.795550391598253,9.806226403786964,-9.164182945051518,10.63525814391176,9.967613713891017,-6.2776513836003165,0.06137184115523464,0.06590353977961971
A07,Cz,2.3000000000000003,2.8000000000000003,2.5500000000000003,10.44992625843193,9.185684580977432,-1.264241677454498,-12.098091854326679,10.804707239847037,9.3668917826381,-13.30730602219715,10.087376350416495,9.000509338404486,-10.774526242070205,0.06137184115523464,0.06590353977961971
A07,Cz,2.4000000000000004,2.9000000000000004,2.6500000000000004,12.29227397008193,10.599227087127986,-1.6930468829539436,-13.773260237077675,13.021484550765484,11.241561807359679,-13.66912302868854,11.547095274492895,9.942826643095598,-13.893265737064336,0.06137184115523464,0.06590353977961971
A07,Cz,2.5,3.0,2.75,12.860175160565023,11.109614394119175,-1.7505607664458473,-13.612262232740344,13.775679229263488,12.0880926167247,-12.250478429795837,11.924623557515496,10.10970964109163,-15.219884365070927,0.06137184115523464,0.06590353977961971
A07,Cz,2.6,3.1,2.85,14.182950609551582,12.295774088597216,-1.887176520954366,-13.305951440622216,15.067130447315783,13.342715953930236,-11.444876643334247,13.279409169500575,11.22590648898683,-15.46381058300484,0.06137184115523464,0.06590353977961971
A07,Cz,2.7,3.2,2.95,13.813730586821835,11.990200709437005,-1.8235298773848303,-13.200850168052794,14.125086098753343,12.431888375102254,-11.987167453800708,13.495557070979416,11.538841051092957,-14.49896443396281,0.06137184115523464,0.06590353977961971
A07,Cz,2.8000000000000003,3.3000000000000003,3.0500000000000003,14.698999218870295,12.90141364714123,-1.7975855717290656,-12.229305852478443,14.65209249783196,13.028591301655071,-11.08033679433238,14.746933094383927,12.771451080484749,-13.395883749221735,0.06137184115523464,0.06590353977961971
A07,Cz,2.9000000000000004,3.4000000000000004,3.1500000000000004,13.331668237400988,11.830720189991798,-1.5009480474091905,-11.258516343801551,12.786452059202702,11.618548318862505,-9.133915607962804,13.888823455997775,12.047538160488884,-13.257316585111804,0.06137184115523464,0.06590353977961971
A07,Cz,3.0,3.5,3.25,13.470281217237693,12.30669645024631,-1.1635847669913826,-8.63816239784484,12.415150797334666,11.501044597290136,-7.3628280072182,14.548516682832027,13.12999031458109,-9.750316126212846,0.06137184115523464,0.06590353977961971
A07,Cz,3.1,3.6,3.35,12.166748024522976,11.091747402070018,-1.0750006224529578,-8.835562471469082,11.463905495908778,10.623891115865302,-7.327471256137439,12.884981265442592,11.5698487164398,-10.206709050714462,0.06137184115523464,0.06590353977961971
A07,Cz,3.2,3.7,3.45,11.745613041832554,10.608922725264938,-1.1366903165676163,-9.677573341802086,11.308104392488586,10.52996049107075,-6.881293932294424,12.192702172549016,10.689614059477979,-12.327768625851707,0.06137184115523464,0.06590353977961971
A07,Cz,3.3000000000000003,3.8000000000000003,3.5500000000000003,11.146691165104993,9.8362636948973,-1.310427470207694,-11.756201466404857,10.613587870026006,9.497375998543882,-10.516819431386011,11.691468254966733,10.182572289711011,-12.905957851912373,0.06137184115523464,0.06590353977961971
A07,Cz,3.4000000000000004,3.9000000000000004,3.6500000000000004,12.312331058057024,10.604956570400526,-1.707374487656498,-13.867191189106428,11.599074778755531,10.050710100111239,-13.349036092777192,13.041206088000155,11.171339824710747,-14.338139054561545,0.06137184115523464,0.06590353977961971
A07,Cz,3.5,4.0,3.75,11.436531034245366,9.896341059468025,-1.5401899747773413,-13.467282781513216,11.191432670503508,9.747600240632616,-12.901229649321857,11.686996515441425,10.048338976526106,-14.02120328135844,0.06137184115523464,0.06590353977961971
A07,C4,0.0,0.5,0.25,14.14469190612251,12.057433238106558,-2.087258668015952,-14.756480253291945,14.243781252593969,12.23202801935508,-14.123730191886533,14.043432719947294,11.879015213473032,-15.412310861858746,0.06137184115523464,0.06590353977961971
A07,C4,0.1,0.6,0.35,13.399807620880923,11.42676991835668,-1.973037702524243,-14.724373351820796,12.746063286399462,10.901800568858514,-14.469273187344417,14.067867524730591,11.963234947040942,-14.960565799967998,0.06137184115523464,0.06590353977961971
A07,C4,0.2,0.7,0.44999999999999996,12.964422746808395,11.370103111674549,-1.5943196351338464,-12.297652323365796,12.103980035053132,10.67686296597071,-11.790477718481778,13.843707269769979,12.078523698525185,-12.750801045174972,0.06137184115523464,0.06590353977961971
A07,C4,0.30000000000000004,0.8,0.55,13.566634215838159,12.140411664905134,-1.4262225509330246,-10.512722081560973,12.939516757139469,11.6617614176524,-9.874830439723015,14.207484173632439,12.629543304433474,-11.106405961214818,0.06137184115523464,0.06590353977961971
A07,C4,0.4,0.9,0.65,14.6724298339147,12.961959576397874,-1.7104702575168265,-11.657716389708996,14.229896657339776,12.734742983976997,-10.507129527125409,15.124653518005857,13.194151714638185,-12.763940681810762,0.06137184115523464,0.06590353977961971
A07,C4,0.5,1.0,0.75,15.547594243196668,13.708852717182669,-1.8387415260139992,-11.826534042838155,15.084738574559694,13.396981455805202,-11.188507579447764,16.020585437424238,14.027553276254535,-12.440445256850358,0.06137184115523464,0.06590353977961971
A07,C4,0.6000000000000001,1.1,0.8500000000000001,15.497540691603431,13.290279867679859,-2.2072608239235727,-14.242652223649053,15.231305556982807,13.078521398947178,-14.13394373832047,15.769605792675604,13.506675383173112,-14.349949131598066,0.06137184115523464,0.06590353977961971
A07,C4,0.7000000000000001,1.2000000000000002,0.9500000000000002,14.89928998203029,12.47340134271039,-2.425888639319899,-16.281907676444384,14.025798522337308,11.771389493070622,-16.073302533729848,15.791908991935527,13.190785714605047,-16.47124029563999,0.06137184115523464,0.06590353977961971
A07,C4,0.8,1.3,1.05,14.876463250163138,12.61065871209596,-2.2658045380671776,-15.230801165339688,13.810858265828381,11.668625773435297,-15.511219152060368,15.96540265021325,13.57332010926744,-14.982913950584631,0.06137184115523464,0.06590353977961971
A07,C4,0.9,1.4,1.15,15.536803350684497,13.279225196851296,-2.257578153833201,-14.530518941875775,14.55851929723704,12.574241422465697,-13.629668198110819,16.5365096826746,13.999646572135852,-15.34098282660357,0.06137184115523464,0.06590353977961971
A07,C4,1.0,1.5,1.25,15.937578125213994,13.67814755910164,-2.2594305661123535,-14.176749744290372,15.195943968197291,13.259273640594255,-12.744652991983784,16.69545244625297,14.10619389918218,-15.50876536833182,0.06137184115523464,0.06590353977961971
A07,C4,1.1,1.6,1.35,15.365598386945427,13.20569501180458,-2.1599033751408463,-14.056747552219603,14.007910494510986,12.3545247933651,-11.803228624238905,16.753016671184998,14.075503994151497,-15.98227190711744,0.06137184115523464,0.06590353977961971
A07,C4,1.2000000000000002,1.7000000000000002,1.4500000000000002,15.88212999206193,13.464124526294109,-2.4180054657678216,-15.224692575721066,14.704632696264042,12.636542921741752,-14.064205595884916,17.085411900176563,14.309828355763672,-16.24534170220507,0.06137184115523464,0.06590353977961971
A07,C4,1.3,1.8,1.55,15.71916009891977,13.410940622469454,-2.3082194764503168,-14.684114557806044,14.602149935745473,12.376388074680952,-15.242699676819138,16.860630338659927,14.468147605610985,-14.189758538049386,0.06137184115523464,0.06590353977961971
A07,C4,1.4000000000000001,1.9000000000000001,1.6500000000000001,15.329270991646867,13.220904847719659,-2.108366143927208,-13.753857864970135,14.830608633360713,12.611391665106677,-14.963761927221372,15.838852963618125,13.843765034331467,-12.596164216369573,0.06137184115523464,0.06590353977961971
A07,C4,1.5,2.0,1.75,13.69210270581744,11.637498953195356,-2.054603752622084,-15.005757674817419,14.374825974022588,12.082903009595222,-15.94400494704566,12.994429293053056,11.182341523297676,-13.945112393078615,0.06137184115523464,0.06590353977961971
A07,C4,1.6,2.1,1.85,12.977223745494374,10.861903881343618,-2.115319864150756,-16.300249619146655,13.901571817262033,11.421340091755384,-17.841376199106236,12.03263447507487,10.290217242966632,-14.480762593741103,0.06137184115523464,0.06590353977961971
A07,C4,1.7000000000000002,2.2,1.9500000000000002,12.319125643471578,10.33240352131742,-1.9867221221541573,-16.12713580210138,12.450166878103369,10.362078002321791,-16.771573395164584,12.18521489275296,10.30207923415967,-15.454267119353524,0.06137184115523464,0.06590353977961971
A07,C4,1.8,2.3,2.05,13.190926492065197,10.990062923576982,-2.2008635684882147,-16.684677682133326,12.988701879326284,10.878109445131427,-16.24944858850153,13.397579380995474,11.10446793804689,-17.115863826874374,0.06137184115523464,0.06590353977961971
A07,C4,1.9000000000000001,2.4000000000000004,2.1500000000000004,12.094266773751748,10.093910811520264,-2.0003559622314846,-16.539704304959336,11.864885048887256,9.93158365825775,-16.29431201957426,12.328671456095027,10.259792573978306,-16.781036703625613,0.06137184115523464,0.06590353977961971
A07,C4,2.0,2.5,2.25,10.848987123449385,9.25156525700596,-1.5974218664434243,-14.724156718655331,10.0110496902358,8.475762740615538,-15.335923775482732,11.705273551550857,10.044356149667708,-14.189479592837795,0.06137184115523464,0.06590353977961971
A07,C4,2.1,2.6,2.35,10.717262502518086,9.026077803799543,-1.6911846987185424,-15.78000630591243,9.973566286802683,8.292796265042314,-16.852246963901095,11.477244036825796,9.775416602529559,-14.827840453995467,0.06137184115523464,0.06590353977961971
A07,C4,2.2,2.7,2.45,10.185779960990677,8.552031029444484,-1.6337489315461937,-16.039507409379517,9.823157826879237,7.9224406810577435,-19.34934956069357,10.556342725776089,9.195408027795894,-12.892104143768604,0.06137184115523464,0.06590353977961971
A07,C4,2.3000000000000003,2.8000000000000003,2.5500000000000003,9.919099391956154,7.8980433361806135,-2.0210560557755404,-20.375398772740457,9.55830380217885,7.227010505927313,-24.390240616960824,10.287795615086246,8.583770316001505,-16.56356096913435,0.06137184115523464,0.06590353977961971
A07,C4,2.4000000000000004,2.9000000000000004,2.6500000000000004,11.600132703642721,9.032151631354148,-2.567981072288573,-22.137514612071335,10.919061599815743,8.184730326047008,-25.04181562465841,12.29611777324693,9.898129607580424,-19.501994124388496,0.06137184115523464,0.06590353977961971
A07,C4,2.5,3.0,2.75,12.004515065781627,9.39630186652605,-2.6082131992555766,-21.726935115356557,11.220153317972358,8.733535225287977,-22.162068754455742,12.806052618287447,10.073581645893423,-21.337339880143624,0.06137184115523464,0.06590353977961971
A07,C4,2.6,3.1,2.85,12.845963817780879,10.157689096539398,-2.6882747212414806,-20.926999012098076,12.05802034583524,9.573176330984827,-20.607396103031636,13.651161526338466,10.755001411704653,-21.215484917133097,0.06137184115523464,0.06590353977961971
A07,C4,2.7,3.2,2.95,12.39972371120306,9.841224897713154,-2.5584988134899067,-20.633514690156534,11.282941602040598,8.889007045488851,-21.217291030902675,13.540960903047914,10.814294235752591,-20.136434089264537,0.06137184115523464,0.06590353977961971
A07,C4,2.8000000000000003,3.3000000000000003,3.0500000000000003,13.279526453064706,10.547240869100676,-2.73228558396403,-20.575173321285575,11.916860029575119,9.574229479968807,-19.65811920079954,14.672032287287642,11.541559076972659,-21.336329889536394,0.06137184115523464,0.06590353977961971
A07,C4,2.9000000000000004,3.4000000000000004,3.1500000000000004,12.236616782952328,9.791397912140093,-2.4452188708122353,-19.982801735025628,10.851051620636515,8.87285685169537,-18.230442892548922,13.65252278823856,10.730053010404772,-21.406078738439838,0.06137184115523464,0.06590353977961971
A07,C4,3.0,3.5,3.25,11.948216912220186,9.89513693471485,-2.0530799775053357,-17.18314952422334,10.28023301321486,8.6310569408085,-16.042205174594816,13.652726006094243,11.186897512429365,-18.06107067968838,0.06137184115523464,0.06590353977961971
A07,C4,3.1,3.6,3.35,10.624925059871652,8.869918901984105,-1.7550061578875464,-16.517821518721814,9.140635031371618,7.558488229937762,-17.308937464451454,12.141717789725702,10.210067034002266,-15.909204852034978,0.06137184115523464,0.06590353977961971
A07,C4,3.2,3.7,3.45,10.446320364572145,8.641380017609066,-1.804940346963079,-17.278240413575567,9.27896999247965,7.638406736288349,-17.680445755519553,11.639233153571771,9.666316217498851,-16.95057492226182,0.06137184115523464,0.06590353977961971
A07,C4,3.3000000000000003,3.8000000000000003,3.5500000000000003,10.33623047239608,8.358771006743812,-1.9774594656522684,-19.131340684916694,9.227622353485586,7.45488347438162,-19.211220520249643,11.469114681501695,9.282451696748968,-19.065665009693834,0.06137184115523464,0.06590353977961971
A07,C4,3.4000000000000004,3.9000000000000004,3.6500000000000004,11.68039314636695,9.193574622916849,-2.4868185234501006,-21.290537846524426,10.49467496723129,8.289072857118848,-21.016392761083534,12.892075957162513,10.117882996725028,-21.518589943586345,0.06137184115523464,0.06590353977961971
A07,C4,3.5,4.0,3.75,11.31901426205072,8.94826217218566,-2.3707520898650607,-20.944863527679132,10.509894959274735,8.317274743316744,-20.862437012494166,12.145851505763403,9.593066844022509,-21.017749645050053,0.06137184115523464,0.06590353977961971
A08,C3,0.0,0.5,0.25,30.0105865641052,13.65185588371793,-16.358730680387268,-54.50986652807871,30.976570026754075,13.84689493287677,-55.29881158269821,29.06575602399608,13.461087762642858,-53.68746730162578,0.0,-0.0021923887083538096
A08,C3,0.1,0.6,0.35,32.00091693409395,13.714469380729135,-18.286447553364816,-57.143511203212846,33.465486308630936,14.163674475834739,-57.67677079241532,30.5684184217731,13.275100893545552,-56.572496782856,0.0,-0.0021923887083538096
A08,C3,0.2,0.7,0.44999999999999996,30.91897005272564,12.92438391529278,-17.99458613743286,-58.19917709660759,32.56893763845098,12.998608945012725,-60.088937842214015,29.305133144059972,12.851784251187137,-56.14493819901944,0.0,-0.0021923887083538096
A08,C3,0.30000000000000004,0.8,0.55,29.879789354444107,12.217107114967238,-17.66268223947687,-59.112472413898885,31.808694844848226,12.406823688078614,-60.99549589005524,27.993122670399202,12.031544919369248,-57.01963992716048,0.0,-0.0021923887083538096
A08,C3,0.4,0.9,0.65,31.624970420463736,12.833487333033244,-18.791483087430493,-59.419764943941225,32.89514929248156,13.299703095073175,-59.56940952959005,30.38260568432951,12.377480675271556,-59.26129311003924,0.0,-0.0021923887083538096
A08,C3,0.5,1.0,0.75,34.05264307365311,13.592402443316992,-20.460240630336116,-60.08414849350247,33.412018660266966,13.875088209678074,-58.472762897806874,34.67923921521328,13.315906876219294,-61.60265571691723,0.0,-0.0021923887083538096
A08,C3,0.6000000000000001,1.1,0.8500000000000001,33.73819981619665,13.377171977679666,-20.361027838516982,-60.35007187532956,31.359294574773,13.06098736423167,-58.35050647236629,36.06501224211466,13.686432840468221,-62.05066353897979,0.0,-0.0021923887083538096
A08,C3,0.7000000000000001,1.2000000000000002,0.9500000000000002,31.327101467698558,12.672163695642706,-18.654937772055852,-59.54887907932051,29.05024131543713,11.990976964639712,-58.72331374311932,33.5541033684506,13.33843392888651,-60.24797985981043,0.0,-0.0021923887083538096
A08,C3,0.8,1.3,1.05,30.590594135773618,12.260714188934752,-18.329879946838865,-59.9199867301803,29.799915897061812,11.73878315497044,-60.607999044293116,31.36395825246984,12.77121607616992,-59.28059853489884,0.0,-0.0021923887083538096
A08,C3,0.9,1.4,1.15,33.04387872763306,12.844854301781849,-20.199024425851206,-61.12788571929876,33.034651308343214,12.314748426239591,-62.721724194105896,33.05290408664648,13.363352019465514,-59.56980970738856,0.0,-0.0021923887083538096
A08,C3,1.0,1.5,1.25,32.648330757117826,12.838895342931032,-19.809435414186794,-60.675186004319805,32.64168462560658,12.55274855746483,-61.54380908509386,32.65483135290255,13.118776140394322,-59.825925913936004,0.0,-0.0021923887083538096
A08,C3,1.1,1.6,1.35,29.128462666609995,11.946970382002393,-17.1814922846076,-58.98523544224932,29.45608614790757,12.230665506251187,-58.47830752246765,28.808013422129154,11.66948755974445,-59.49221701354658,0.0,-0.0021923887083538096
A08,C3,1.2000000000000002,1.7000000000000002,1.4500000000000002,31.35976062454456,12.585885214067359,-18.773875410477203,-59.86613110746555,33.190167110412716,13.297149035351413,-59.93648061151306,29.569436032527527,11.89019651295741,-59.78889654886304,0.0,-0.0021923887083538096
A08,C3,1.3,1.8,1.55,31.360717282223977,12.12650133097214,-19.234215951251837,-61.33219396150184,32.82380488626935,12.473340434111156,-61.99910254972016,29.929668092865718,11.787257244690183,-60.616812695293845,0.0,-0.0021923887083538096
A08,C3,1.4000000000000001,1.9000000000000001,1.6500000000000001,31.881219821871678,12.025337047211169,-19.855882774660508,-62.28081260880316,33.7496676013565,12.551994702016776,-62.80853829353781,30.053686957266084,11.51021204178087,-61.70116479170272,0.0,-0.0021923887083538096
A08,C3,1.5,2.0,1.75,29.65700322845575,11.293676843712102,-18.363326384743647,-61.919022105119936,30.11311466406807,11.401928402727242,-62.1363365101107,29.21087963449918,11.18779575679218,-61.69990121222176,0.0,-0.0021923887083538096
A08,C3,1.6,2.1,1.85,29.66618048959023,11.36357708872688,-18.302603400863347,-61.69517982702787,28.95114260311685,11.228941225103636,-61.21416906048213,30.365560612126227,11.495264721759828,-62.143742812476546,0.0,-0.0021923887083538096
A08,C3,1.7000000000000002,2.2,1.9500000000000002,28.750728337571278,11.024157573619696,-17.72657076395158,-61.656075476830985,28.800658810439526,11.260900665116786,-60.900544882553206,28.701891232722044,10.792598637410864,-62.39760456932332,0.0,-0.0021923887083538096
A08,C3,1.8,2.3,2.05,31.223652660731652,12.179509315442713,-19.044143345288937,-60.99268254171862,31.96358932699283,12.510019968194529,-60.861654677718,30.499918987162314,11.856236122240208,-61.12699142830312,0.0,-0.0021923887083538096
A08,C3,1.9000000000000001,2.4000000000000004,2.1500000000000004,28.75066227664715,11.711949951466028,-17.038712325181123,-59.263721166593406,30.514316560718974,12.140725384030057,-60.21301883045026,27.025628159379817,11.292563761950849,-58.21535138663734,0.0,-0.0021923887083538096
A08,C3,2.0,2.5,2.25,27.708153221586738,11.637019493241656,-16.07113372834508,-58.00146115773771,28.073554788606103,11.416773421916808,-59.33264060114537,27.350753148735688,11.852442657895153,-56.66502273834809,0.0,-0.0021923887083538096
A08,C3,2.1,2.6,2.35,29.63453053842793,12.005109174487714,-17.629421363940217,-59.48945720965496,29.011765393842694,11.986974092155169,-58.6823692752623,30.243658490066036,12.022847138229038,-60.24671703597595,0.0,-0.0021923887083538096
A08,C3,2.2,2.7,2.45,29.8834518266235,11.461234510738082,-18.42221731588542,-61.64688544940067,30.57419361876853,12.008540546889025,-60.72327958465807,29.207835767153174,10.925913278298475,-62.592527000628905,0.0,-0.0021923887083538096
A08,C3,2.3000000000000003,2.8000000000000003,2.5500000000000003,29.145844433864784,11.288009853994788,-17.857834579869994,-61.2706028140356,29.909941725678074,11.255377501504233,-62.36910922550762,28.398479199536453,11.319927629423507,-60.138965365411956,0.0,-0.0021923887083538096
A08,C3,2.4000000000000004,2.9000000000000004,2.6500000000000004,34.1944760367807,13.177495064349051,-21.016980972431647,-61.46308821876695,34.157464594549815,12.654069435814874,-62.95372157735043,34.23067700947369,13.689458817805836,-60.008214812645576,0.0,-0.0021923887083538096
A08,C3,2.5,3.0,2.75,34.5454277143077,13.398862788057777,-21.146564926249923,-61.213788120190614,34.539297263673205,12.809195974909564,-62.914138417107665,34.551423921497644,13.975617189239243,-59.551255482285,0.0,-0.0021923887083538096
A08,C3,2.6,3.1,2.85,33.06226205861889,12.769463124744153,-20.29279893387474,-61.377527338861185,33.48009947436713,12.3086642379611,-63.23587913057188,32.6535743673031,13.220171524955317,-59.51386094444524,0.0,-0.0021923887083538096
A08,C3,2.7,3.2,2.95,28.655256223745372,11.369612669678789,-17.28564355406658,-60.32276738025716,28.919579545941737,10.90003870914716,-62.30913837515748,28.396721003494907,11.82890398873892,-58.34412012822507,0.0,-0.0021923887083538096
A08,C3,2.8000000000000003,3.3000000000000003,3.0500000000000003,33.9868436497364,13.218058385149853,-20.768785264586548,-61.10830849321198,34.03255118872582,12.59326248956092,-62.99641945816635,33.94213700576137,13.829172618791581,-59.25662365794998,0.0,-0.0021923887083538096
A08,C3,2.9000000000000004,3.4000000000000004,3.1500000000000004,32.147130302767835,12.200371413089252,-19.946758889678584,-62.04833433596152,32.71981307036261,11.76535692765226,-64.04210225054972,31.58698803373353,12.625860033881638,-60.02828753283544,0.0,-0.0021923887083538096
A08,C3,3.0,3.5,3.25,33.84949828607568,12.538965369041625,-21.310532917034053,-62.95671722201078,33.94123570920295,12.251964500657985,-63.902420625964595,33.759769711630035,12.819681546876717,-62.02675060766065,0.0,-0.0021923887083538096
A08,C3,3.1,3.6,3.35,29.191226269465673,11.186478977059146,-18.004747292406527,-61.67862605771954,27.946584184986808,10.578502395780072,-62.14742264830006,30.40861341778808,11.781142202543787,-61.257219983426836,0.0,-0.0021923887083538096
A08,C3,3.2,3.7,3.45,27.468110747381488,10.355529608259706,-17.11258113912178,-62.29981121200011,27.195017066619812,9.840635351936712,-63.81456452911928,27.735224274549847,10.8591488078749,-60.84708491851145,0.0,-0.0021923887083538096
A08,C3,3.3000000000000003,3.8000000000000003,3.5500000000000003,27.892949068341323,10.385055751337026,-17.507893317004296,-62.768168665520804,28.341016708361792,9.787915945250855,-65.46377977201146,27.454693128467294,10.969119503275323,-60.04646836900306,0.0,-0.0021923887083538096
A08,C3,3.4000000000000004,3.9000000000000004,3.6500000000000004,33.13867351371829,12.277535984620334,-20.861137529097952,-62.951033693192784,31.356054257786695,11.103135665285624,-64.59013760467529,34.882257311490804,13.426219508641147,-61.5098891429302,0.0,-0.0021923887083538096
A08,C3,3.5,4.0,3.75,31.138938414146647,11.542507045599733,-19.596431368546916,-62.932239718371754,28.334532186026237,10.067642106860545,-64.46864892364232,33.88193428690676,12.985075671811783,-61.67551839910834,0.0,-0.0021923887083538096
A08,Cz,0.0,0.5,0.25,35.191293884489056,15.439651265960462,-19.751642618528592,-56.1265030020233,35.40593019505745,15.11633979975004,-57.30562728765638,34.981357639115586,15.755882919042184,-54.95920117913259,0.0,-0.0021923887083538096
A08,Cz,0.1,0.6,0.35,37.147245753894474,15.009091561163899,-22.138154192730575,-59.595681304069856,37.94474829582089,14.883196615226913,-60.77666269072049,36.3672067712803,15.132229683467228,-58.39045385410967,0.0,-0.0021923887083538096
A08,Cz,0.2,0.7,0.44999999999999996,35.84372571515394,14.225081378539603,-21.618644336614334,-60.313608324132574,37.38719690683111,13.98469730636445,-62.59495639318904,34.33405316271056,14.460201565922596,-57.883791064821054,0.0,-0.0021923887083538096
A08,Cz,0.30000000000000004,0.8,0.55,34.203735846932496,13.217622062888728,-20.986113784043766,-61.35620353858472,36.408451323467695,13.11303350771032,-63.983544943428875,32.04729881148931,13.31992035773476,-58.436683116146384,0.0,-0.0021923887083538096
A08,Cz,0.4,0.9,0.65,37.020856752392824,14.37484655946416,-22.646010192928664,-61.17095113274209,37.90957611629183,14.258715074841085,-62.3875639466374,36.15159839646242,14.488435018876512,-59.92311360624579,0.0,-0.0021923887083538096
A08,Cz,0.5,1.0,0.75,41.22675952803048,15.98996350870068,-25.236796019329798,-61.214600197163335,39.66005069381779,15.761016106284975,-60.25971769939819,42.759160869523186,16.213897464348154,-62.080880132742045,0.0,-0.0021923887083538096
A08,Cz,0.6000000000000001,1.1,0.8500000000000001,40.37999444419655,15.485919918116267,-24.89407452608028,-61.64952439625232,37.28625484813449,15.030864142960414,-59.6879219857812,43.40598791771709,15.931010968268701,-63.29766529339581,0.0,-0.0021923887083538096
A08,Cz,0.7000000000000001,1.2000000000000002,0.9500000000000002,36.76473012458149,14.202006148706722,-22.562723975874768,-61.37056874732495,34.759958345453654,13.742207634568752,-60.46540822058801,38.72560179175765,14.65173608224313,-62.16524623418091,0.0,-0.0021923887083538096
A08,Cz,0.8,1.3,1.05,36.35175789719092,13.918205213382175,-22.43355268380875,-61.71242872835676,36.60356365637205,13.76063240946095,-62.406304100214406,36.10546613273638,14.07232751794746,-61.02438487786686,0.0,-0.0021923887083538096
A08,Cz,0.9,1.4,1.15,39.21928405729073,14.444020918252276,-24.77526313903845,-63.17112546686792,39.531413319343805,14.019718902334814,-64.53524494790935,38.91398974258189,14.859031649149651,-61.81570754517094,0.0,-0.0021923887083538096
A08,Cz,1.0,1.5,1.25,39.283854172173484,14.614004132433537,-24.66985003973995,-62.798955345920994,39.008622053975785,14.39147328620619,-63.10694270027566,39.55305930968072,14.83166204042233,-62.501858770777204,0.0,-0.0021923887083538096
A08,Cz,1.1,1.6,1.35,35.94915381305398,14.100068256433058,-21.849085556620924,-60.77774645334492,35.76107056470243,14.12570017758693,-60.499783830494316,36.13311845012776,14.074997618224156,-61.04682290942871,0.0,-0.0021923887083538096
A08,Cz,1.2000000000000002,1.7000000000000002,1.4500000000000002,38.792735277281,14.839127194115132,-23.953608083165864,-61.74766463862712,40.895571565396835,15.28209284639879,-62.63142374239489,36.735946499123884,14.405861519618707,-60.785380825937686,0.0,-0.0021923887083538096
A08,Cz,1.3,1.8,1.55,38.468455396052164,14.312400481948506,-24.156054914103656,-62.794449804144406,40.90810262251078,14.638156280917324,-64.21697575173707,36.0822311015598,13.993778021643239,-61.21698244696875,0.0,-0.0021923887083538096
A08,Cz,1.4000000000000001,1.9000000000000001,1.6500000000000001,38.189883687373396,13.764575441445794,-24.425308245927603,-63.95753505267487,40.458809060179846,14.10680801586155,-65.13291334186681,35.97064281178167,13.429837010995351,-62.66445089328067,0.0,-0.0021923887083538096
A08,Cz,1.5,2.0,1.75,34.891857790023394,12.775834523325608,-22.116023266697788,-63.38448184613835,35.5071181763549,13.297824826268938,-62.5488479233319,34.29007025886702,12.265274664972276,-64.23082667262656,0.0,-0.0021923887083538096
A08,Cz,1.6,2.1,1.85,34.46491834288987,12.549062850412293,-21.915855492477576,-63.58887978331401,33.26013129415771,12.652435530474298,-61.9591533822455,35.6433231934746,12.44795380568011,-65.0763377530437,0.0,-0.0021923887083538096
A08,Cz,1.7000000000000002,2.2,1.9500000000000002,33.60900945587214,12.283999982237582,-21.32500947363456,-63.450276633810965,32.95948757858059,12.223016916304546,-62.91502746466263,34.24430822636168,12.343647652566249,-63.95416262763353,0.0,-0.0021923887083538096
A08,Cz,1.8,2.3,2.05,36.32151450705204,13.430575742733913,-22.89093876431813,-63.02308445831386,37.16994646775039,13.91158855975461,-62.57301965224872,35.49166134841279,12.96009605309323,-63.48410989875284,0.0,-0.0021923887083538096
A08,Cz,1.9000000000000001,2.4000000000000004,2.1500000000000004,32.68429466542373,12.537743297071428,-20.1465513683523,-61.639853558366866,34.350601619166675,12.819478843870273,-62.680482321691386,31.054476185120407,12.262177141808325,-60.51397850438166,0.0,-0.0021923887083538096
A08,Cz,2.0,2.5,2.25,31.952799425001984,13.427193203004531,-18.525606221997453,-57.9780380917166,32.001247995641684,12.662053082198776,-60.43262724027749,31.905411771967536,14.175578430653955,-55.569987524471365,0.0,-0.0021923887083538096
A08,Cz,2.1,2.6,2.35,33.99937130347647,13.892883499805887,-20.106487803670586,-59.13782235618773,33.50128006827144,13.663275532731575,-59.215661297456336,34.48655543134124,14.117463555192433,-59.06386306600356,0.0,-0.0021923887083538096
A08,Cz,2.2,2.7,2.45,33.4070036350029,12.129576602912492,-21.277427032090408,-63.69151590056562,34.36118458065134,12.630152885076257,-63.24296429469358,32.473717162616836,11.639961845175671,-64.15574543903651,0.0,-0.0021923887083538096
A08,Cz,2.3000000000000003,2.8000000000000003,2.5500000000000003,32.98688704072974,11.804729390689008,-21.182157650040732,-64.21387269397863,33.71622315105874,11.756395574831052,-65.13133893390463,32.27352179413055,11.85200480182015,-63.27638217662498,0.0,-0.0021923887083538096
A08,Cz,2.4000000000000004,2.9000000000000004,2.6500000000000004,39.96575838673964,14.41199880207525,-25.553759584664387,-63.93913343864619,39.52957711103327,13.748149263325182,-65.22060121030772,40.39238824764951,15.06131148961181,-62.71250068881914,0.0,-0.0021923887083538096
A08,Cz,2.5,3.0,2.75,40.98589994936414,15.324936301238546,-25.660963648125595,-62.609247765276166,40.55734576784347,14.324490945640516,-64.680896457978,41.40506973274929,16.303474094305233,-60.624449615622744,0.0,-0.0021923887083538096
A08,Cz,2.6,3.1,2.85,40.39864345126352,15.13525721131177,-25.26338623995175,-62.535234061582344,39.71211854453866,13.588465280928988,-65.78257272855136,41.07013496587032,16.648177785554783,-59.46402952074645,0.0,-0.0021923887083538096
A08,Cz,2.7,3.2,2.95,35.82528157708071,13.722177643603844,-22.103103933476866,-61.6969440586822,33.98191719221682,11.495368901307774,-66.17210018997793,37.628280318480435,15.900224150667151,-57.743952112374245,0.0,-0.0021923887083538096
A08,Cz,2.8000000000000003,3.3000000000000003,3.0500000000000003,40.43346336582961,15.039897349022134,-25.393566016807476,-62.80334134885814,38.13351449156356,12.62070628886812,-66.90389947755733,42.68304839613363,17.406113422457445,-59.220078985656166,0.0,-0.0021923887083538096
A08,Cz,2.9000000000000004,3.4000000000000004,3.1500000000000004,37.66227292471501,13.713435097167645,-23.948837827547365,-63.588402843927895,36.38292015253976,11.813897162446269,-67.52900230955876,38.91361067268205,15.571377310690744,-59.98475329964153,0.0,-0.0021923887083538096
A08,Cz,3.0,3.5,3.25,40.196251890745785,14.439920640514584,-25.7563312502312,-64.07645001389041,38.508851731660215,12.482407721199642,-67.58561432010403,41.84670168138423,16.354568313421172,-60.917903547230814,0.0,-0.0021923887083538096
A08,Cz,3.1,3.6,3.35,35.31431480898968,13.230570527742703,-22.083744281246975,-62.53482306168176,33.0777690673173,11.595267550890137,-64.9454365338474,37.501885096464854,14.830063950357616,-60.455150688530104,0.0,-0.0021923887083538096
A08,Cz,3.2,3.7,3.45,33.18658375745364,12.407147692490177,-20.779436064963463,-62.61396538080375,32.91683580723913,11.52577303404926,-64.98517323613927,33.45042481824739,13.269222175928741,-60.3316781534855,0.0,-0.0021923887083538096
A08,Cz,3.3000000000000003,3.8000000000000003,3.5500000000000003,32.8818854641471,11.812317398732077,-21.069568065415027,-64.07652045497304,33.87852740315871,10.945849900614439,-67.69089231548509,31.90706780117224,12.659811156015024,-60.32286252405208,0.0,-0.0021923887083538096
A08,Cz,3.4000000000000004,3.9000000000000004,3.6500000000000004,39.25792237554841,13.6178492804813,-25.64007309506711,-65.31184419233783,37.69727392899128,12.32925856161718,-67.29403143356926,40.784396038604285,14.878222684333796,-63.51981608296742,0.0,-0.0021923887083538096
A08,Cz,3.5,4.0,3.75,37.64373480975275,13.228915228260766,-24.414819581491983,-64.85759105700262,34.6162494142593,11.60082118694314,-66.48735382012683,40.60492490461497,14.821357575242967,-63.498620893746704,0.0,-0.0021923887083538096
A08,C4,0.0,0.5,0.25,32.98651930604291,13.02559819153947,-19.96092111450344,-60.512359395393176,32.570216266664,12.695260840683085,-61.02187121896138,33.393706220471934,13.348701877778556,-60.02629420751398,0.0,-0.0021923887083538096
A08,C4,0.1,0.6,0.35,35.48858747090133,12.912657604311478,-22.575929866589853,-63.61461944660621,36.20535704297046,12.681250885167215,-64.97410350043937,34.78751358289211,13.138997023036525,-62.23070961444611,0.0,-0.0021923887083538096
A08,C4,0.2,0.7,0.44999999999999996,35.00585635355989,12.597961051992106,-22.407895301567784,-64.01184726134841,36.1862657045972,12.17694478661704,-66.34926387259117,33.85129538247232,13.009757983088887,-61.567916866705374,0.0,-0.0021923887083538096
A08,C4,0.30000000000000004,0.8,0.55,33.32870165157903,11.473340442667851,-21.85536120891118,-65.57519532980585,34.83684819035237,11.24714461678239,-67.71480429191885,31.85358021949415,11.694583075285744,-63.28644066160969,0.0,-0.0021923887083538096
A08,C4,0.4,0.9,0.65,35.23115680323215,11.99463731913004,-23.23651948410211,-65.9544607458656,35.97170577363202,11.873108624193849,-66.99320099271723,34.50682423364397,12.113504801768357,-64.89533571751366,0.0,-0.0021923887083538096
A08,C4,0.5,1.0,0.75,39.587952292641475,13.424132858033495,-26.16381943460798,-66.09035809985872,37.877830947150784,12.90609783492903,-65.9270409307853,41.26062572545719,13.930824048515236,-66.23700246038653,0.0,-0.0021923887083538096
A08,C4,0.6000000000000001,1.1,0.8500000000000001,38.669570429453536,13.200109207279736,-25.4694612221738,-65.86435002850308,35.45468353291719,12.38541031864461,-65.06692745643711,41.814058342854054,13.996967974265917,-66.52568889750455,0.0,-0.0021923887083538096
A08,C4,0.7000000000000001,1.2000000000000002,0.9500000000000002,34.2794076363159,11.801076700998035,-22.478330935317867,-65.57386047565224,31.96317855487908,11.081707283305834,-65.32977074142006,36.54491637290375,12.504693503704273,-65.78267309163721,0.0,-0.0021923887083538096
A08,C4,0.8,1.3,1.05,33.876830341985446,11.445797901315435,-22.43103244067001,-66.21349227253407,33.433824589088836,10.745401207627241,-67.86068797186304,34.31013523897923,12.130857441127246,-64.6435161020713,0.0,-0.0021923887083538096
A08,C4,0.9,1.4,1.15,37.48185316972517,12.417784121424777,-25.064069048300393,-66.86987683027672,37.39159783802381,11.678267472841794,-68.76766934798898,37.57013210730168,13.14110697478332,-65.02246269123613,0.0,-0.0021923887083538096
A08,C4,1.0,1.5,1.25,37.633991990375506,12.731521155741884,-24.902470834633622,-66.17015500508732,37.36015130853458,12.322682752573744,-67.01650737223129,37.901836160935225,13.131406893147219,-65.35416691320741,0.0,-0.0021923887083538096
A08,C4,1.1,1.6,1.35,33.25848835239123,11.680608436598057,-21.577879915793176,-64.87931648355196,33.38388368272394,11.70113439720647,-64.94975087856008,33.13583890520451,11.660531949579603,-64.80990874280195,0.0,-0.0021923887083538096
A08,C4,1.2000000000000002,1.7000000000000002,1.4500000000000002,35.96522285597604,12.175718680978918,-23.78950417499712,-66.14585503963927,37.915801984444684,12.414233340795127,-67.25841815006793,34.05735713907969,11.942426969917806,-64.93436962489886,0.0,-0.0021923887083538096
A08,C4,1.3,1.8,1.55,35.67304130366369,11.843285343732008,-23.82975595993168,-66.80046076554824,38.068239564193156,12.05563886335337,-68.3315041584091,33.33029264008012,11.635581901182649,-65.09006978477379,0.0,-0.0021923887083538096
A08,C4,1.4000000000000001,1.9000000000000001,1.6500000000000001,35.07702428690013,11.36178911273256,-23.715235174167567,-67.60902800704297,37.58716629833606,11.736021476601785,-68.77651966777466,32.62184888885331,10.995751618145139,-66.29329117546638,0.0,-0.0021923887083538096
A08,C4,1.5,2.0,1.75,32.564321597242916,10.70940130833236,-21.854920288910556,-67.11308332847604,33.31328744854813,11.069712222790843,-66.77088011836764,31.831756458010073,10.356980413898517,-67.46337127968222,0.0,-0.0021923887083538096
A08,C4,1.6,2.1,1.85,32.482541797397445,10.710059819438193,-21.772481977959252,-67.02825817560773,31.5311027063984,10.719259907007938,-66.00417052704995,33.41314645574688,10.701061193640045,-67.97350046691123,0.0,-0.0021923887083538096
A08,C4,1.7000000000000002,2.2,1.9500000000000002,31.472710021331082,10.463975472125421,-21.008734549205663,-66.75222608719329,30.920901546293063,10.257485150907197,-66.82669444307678,32.012435099105495,10.665944107477554,-66.6818719836293,0.0,-0.0021923887083538096
A08,C4,1.8,2.3,2.05,34.47936921693408,11.492556625387714,-22.986812591546368,-66.66830952422616,34.96574206717613,11.806449610997312,-66.23423696166728,34.0036468670623,11.185537208806066,-67.10488950630481,0.0,-0.0021923887083538096
A08,C4,1.9000000000000001,2.4000000000000004,2.1500000000000004,30.762775184139414,10.500518919325849,-20.262256264813566,-65.86615200848435,31.740387236855536,10.615932059566136,-66.55386722176033,29.806570694621456,10.387633074127317,-65.14985510895507,0.0,-0.0021923887083538096
A08,C4,2.0,2.5,2.25,29.262349675712287,10.665805178251178,-18.59654449746111,-63.55109792463528,28.941597301891612,10.138748229160127,-64.96824925244377,29.576078274923745,11.181320734296442,-62.194714828785834,0.0,-0.0021923887083538096
A08,C4,2.1,2.6,2.35,31.853638974276222,11.603699099312434,-20.249939874963786,-63.571825785169665,31.29991962240672,11.425897569674657,-63.49544117840104,32.39523308486391,11.777607164797558,-63.64401165460225,0.0,-0.0021923887083538096
A08,C4,2.2,2.7,2.45,32.98047361813139,11.284996164032501,-21.695477454098892,-65.78279531489673,34.18569872644453,11.496858599489304,-66.36939121388838,31.80164030051124,11.077773051979863,-65.16603248354527,0.0,-0.0021923887083538096
A08,C4,2.3000000000000003,2.8000000000000003,2.5500000000000003,32.725599683494146,11.07285850760708,-21.652741175887066,-66.16453597581616,33.83352170251408,10.954909791851717,-67.62113655157073,31.64193873058414,11.188224404769258,-64.64115394435342,0.0,-0.0021923887083538096
A08,C4,2.4000000000000004,2.9000000000000004,2.6500000000000004,38.872859257694685,12.958338259473871,-25.914520998220816,-66.66481831559938,38.965754595492776,12.404661644061159,-68.16522155714644,38.781998124373914,13.49989056943959,-65.1903170998425,0.0,-0.0021923887083538096
A08,C4,2.5,3.0,2.75,38.683888657123426,12.92356653770273,-25.760322119420696,-66.591862952943,38.7318361270751,12.28739511795403,-68.2757226441825,38.636991131769236,13.545807196435034,-64.94083312482114,0.0,-0.0021923887083538096
A08,C4,2.6,3.1,2.85,37.6169962061691,12.16366034566701,-25.453335860502087,-67.66445603736909,37.752350282259464,11.362688434178574,-69.90203696134354,37.48460608794932,12.947092726246941,-65.46024067621397,0.0,-0.0021923887083538096
A08,C4,2.7,3.2,2.95,33.418153688615476,11.018018836566482,-22.400134852048993,-67.02983971158174,33.254746184364464,10.023052088987846,-69.85978472540431,33.57798292635004,11.991197991132445,-64.28851007091777,0.0,-0.0021923887083538096
A08,C4,2.8000000000000003,3.3000000000000003,3.0500000000000003,37.75225455098942,12.113390609799055,-25.638863941190365,-67.91346436425853,37.310631022744765,11.18844941302292,-70.012703869301,38.18420749102435,13.018077619784465,-65.90716823743293,0.0,-0.0021923887083538096
A08,C4,2.9000000000000004,3.4000000000000004,3.1500000000000004,34.82656261086278,11.048319399893428,-23.77824321096935,-68.27617033773141,35.32237780335185,10.66991352191066,-69.79276542108059,34.34160468536254,11.418439017774388,-66.75042088920998,0.0,-0.0021923887083538096
A08,C4,3.0,3.5,3.25,37.84060911883288,12.039113445874642,-25.80149567295824,-68.18467322217893,37.83827817098544,11.305046483990871,-70.12272484253886,37.842889024026725,12.757105948739062,-66.28929165360637,0.0,-0.0021923887083538096
A08,C4,3.1,3.6,3.35,33.32878617998568,11.282113252375025,-22.04667292761065,-66.1490424780304,32.255421332859065,10.330969453580886,-67.97137031021641,34.37864668739417,12.212429084772207,-64.47670207666954,0.0,-0.0021923887083538096
A08,C4,3.2,3.7,3.45,31.592367612163383,10.65160361883203,-20.940763993331352,-66.2842502037389,32.15794080432807,10.416701950951996,-67.60768354437037,31.03917923442567,10.881361454568708,-64.94314049870188,0.0,-0.0021923887083538096
A08,C4,3.3000000000000003,3.8000000000000003,3.5500000000000003,31.311175595300714,10.081467666491267,-21.229707928809447,-67.80233423109055,33.36016957706442,10.075862131912192,-69.79672987382088,29.307050094889505,10.086950452137954,-65.58182956156035,0.0,-0.0021923887083538096
A08,C4,3.4000000000000004,3.9000000000000004,3.6500000000000004,37.075747627153575,11.499294050445268,-25.576453576708307,-68.98432321288269,36.88578946621342,11.081385440919325,-69.95757552899975,37.26154612033591,11.908051376550935,-68.04198264319477,0.0,-0.0021923887083538096
A08,C4,3.5,4.0,3.75,35.39674910051999,11.183632560460538,-24.213116540059453,-68.40491614441439,33.327918680375554,10.310293777767658,-69.06409345076008,37.42027666474886,12.037847136233136,-67.83068376516525,0.0,-0.0021923887083538096
A09,C3,0.0,0.5,0.25,18.29385662384573,15.918106444913835,-2.375750178931895,-12.986601063851925,17.590557120192248,15.155712689772615,-13.8417698415286,18.97616211246478,16.65774217751353,-12.217538621407337,-0.018939393939393923,-0.015270997623866744
A09,C3,0.1,0.6,0.35,17.514890469771682,15.494202387552155,-2.020688082219527,-11.5369724161676,16.242840962721367,14.672878700666018,-9.665564451800881,18.74896834974587,16.291008949456618,-13.109838122493645,-0.018939393939393923,-0.015270997623866744
A09,C3,0.2,0.7,0.44999999999999996,16.174514578596288,14.353820289554582,-1.8206942890417057,-11.256562168802443,15.679754745280283,14.097383844908714,-10.091808998784712,16.654505461664048,14.602601914957289,-12.320411142978134,-0.018939393939393923,-0.015270997623866744
A09,C3,0.30000000000000004,0.8,0.55,15.550588063060387,13.505453807201443,-2.045134255858944,-13.151491426340678,16.114296769007687,13.993494096409027,-13.161000464367511,15.003706482663752,13.031981884835874,-13.141583382120514,-0.018939393939393923,-0.015270997623866744
A09,C3,0.4,0.9,0.65,16.515784740940195,14.293276169130388,-2.222508571809806,-13.45687538721993,16.80765449717847,14.595907309085282,-13.159166191002297,16.23262751473888,13.999678794547282,-13.755929027288575,-0.018939393939393923,-0.015270997623866744
A09,C3,0.5,1.0,0.75,17.809836031856175,15.5032752841931,-2.3065607476630756,-12.951049877929064,17.235027996410704,15.237241029209303,-11.591434418426545,18.367485618482384,15.761368218132608,-14.18875427199113,-0.018939393939393923,-0.015270997623866744
A09,C3,0.6000000000000001,1.1,0.8500000000000001,17.618782449738106,15.258546965479155,-2.3602354842589506,-13.396132740682285,16.343448463118555,14.27499805425741,-12.656144225185493,18.85604676511528,16.212736207709206,-14.018370819361477,-0.018939393939393923,-0.015270997623866744
A09,C3,0.7000000000000001,1.2000000000000002,0.9500000000000002,16.761923274677123,14.676253733017168,-2.0856695416599553,-12.442901136594843,15.003917776490242,13.202396503221305,-12.00700577079778,18.467450996798725,16.106115224610168,-12.786473740192339,-0.018939393939393923,-0.015270997623866744
A09,C3,0.8,1.3,1.05,17.45300211810087,15.286802702134972,-2.166199415965897,-12.411614926232586,16.116747714436713,14.19963543771505,-11.89515596254195,18.749368330610867,16.341517212393107,-12.842305275354898,-0.018939393939393923,-0.015270997623866744
A09,C3,0.9,1.4,1.15,18.99558415771793,16.290764049433285,-2.7048201082846433,-14.239204679502693,17.87078599333197,15.243464966789183,-14.701765370158345,20.086806257495347,17.306800472893986,-13.839959170034847,-0.018939393939393923,-0.015270997623866744
A09,C3,1.0,1.5,1.25,18.380561631054686,15.501576934280731,-2.878984696773955,-15.663203086840374,17.37877405861034,14.398959914890288,-17.14628508127533,19.352445096858908,16.571280012793846,-14.371130211946564,-0.018939393939393923,-0.015270997623866744
A09,C3,1.1,1.6,1.35,16.89237010210565,14.344483170931158,-2.547886931174494,-15.0830636303481,16.00742313647301,13.281670242541933,-17.028055488334246,17.75090074040597,15.375570340263986,-13.38146404444184,-0.018939393939393923,-0.015270997623866744
A09,C3,1.2000000000000002,1.7000000000000002,1.4500000000000002,18.6398832040767,16.04464899281942,-2.5952342112572815,-13.923017557801446,17.855393664539694,15.179825732923245,-14.984648235059925,19.40095514541858,16.883656633017196,-12.975126706562317,-0.018939393939393923,-0.015270997623866744
A09,C3,1.3,1.8,1.55,19.422454750992724,16.64307284898231,-2.779381902010414,-14.310147391994072,18.787521666801776,16.12127503954798,-14.191582447860315,20.038434608789913,17.149294604403682,-14.417992526815954,-0.018939393939393923,-0.015270997623866744
A09,C3,1.4000000000000001,1.9000000000000001,1.6500000000000001,17.98383209836162,15.457411701052862,-2.5264203973087582,-14.048287280990143,16.578331155308202,14.14819503158453,-14.658508754336042,19.347377789383597,16.7275472759102,-13.541010787058513,-0.018939393939393923,-0.015270997623866744
A09,C3,1.5,2.0,1.75,15.971994989928211,13.774009366619657,-2.197985623308554,-13.761497074689688,14.52774409891477,12.337417428903207,-15.076853330416123,17.37313391404573,15.167717962911736,-12.69440483245785,-0.018939393939393923,-0.015270997623866744
A09,C3,1.6,2.1,1.85,16.665842092805104,14.444925348531598,-2.220916744273506,-13.326159769822308,15.611013423014997,13.575257989357652,-13.040507867708781,17.6891833396164,15.288632488028714,-13.570727407248084,-0.018939393939393923,-0.015270997623866744
A09,C3,1.7000000000000002,2.2,1.9500000000000002,17.416878124991833,15.267953375180403,-2.14892474981143,-12.338174122765974,16.787252151436594,15.106513265980153,-10.011995234804457,18.02770929336632,15.424574376643328,-14.439632203747996,-0.018939393939393923,-0.015270997623866744
A09,C3,1.8,2.3,2.05,18.39727697948944,16.222910928130755,-2.1743660513586853,-11.818955891042023,17.99680720462579,16.24461580971876,-9.736123607840046,18.785792432715372,16.201853953455835,-13.7547483744131,-0.018939393939393923,-0.015270997623866744
A09,C3,1.9000000000000001,2.4000000000000004,2.1500000000000004,16.973397915306997,15.063580356937608,-1.9098175583693884,-11.251828113020737,16.759918377839544,14.982526593025964,-10.605014563577463,17.18050492926796,15.142214605508608,-11.863972171661908,-0.018939393939393923,-0.015270997623866744
A09,C3,2.0,2.5,2.25,17.054940499750845,15.297022773894824,-1.7579177258560215,-10.307381171348577,16.31210578631025,14.740612715264204,-9.633906815175912,17.775601042640975,15.836823577043937,-10.90695870674755,-0.018939393939393923,-0.015270997623866744
A09,C3,2.1,2.6,2.35,18.01874997994454,16.225259162408452,-1.7934908175360889,-9.953469688698178,15.9303651148892,14.202545809956987,-10.846074728804044,20.04479499828181,18.187593011801656,-9.265258071431248,-0.018939393939393923,-0.015270997623866744
A09,C3,2.2,2.7,2.45,17.05882920108458,15.231688159168371,-1.8271410419162102,-10.710823236333491,14.016608340458744,11.958785582524285,-14.681317391130788,20.010237498706665,18.40689215143502,-8.012625274314086,-0.018939393939393923,-0.015270997623866744
A09,C3,2.3000000000000003,2.8000000000000003,2.5500000000000003,14.77002736381214,13.084817826144608,-1.6852095376675322,-11.40965751895926,11.837527855872422,9.788041733774081,-17.31346398548596,17.614989573007392,16.283182691877208,-7.5606452993364215,-0.018939393939393923,-0.015270997623866744
A09,C3,2.4000000000000004,2.9000000000000004,2.6500000000000004,14.609995791360927,12.903169138457177,-1.7068266529037501,-11.68259510323075,11.165821794461548,9.1582976876321,-17.97918813127769,17.951358624173757,16.53625338179494,-7.882998005918066,-0.018939393939393923,-0.015270997623866744
A09,C3,2.5,3.0,2.75,14.133662479020382,12.421691280474526,-1.7119711985458554,-12.112721674845838,10.418192329644652,8.617117952831668,-17.287781985825713,17.738223071698325,16.11269525505342,-9.163983393795883,-0.018939393939393923,-0.015270997623866744
A09,C3,2.6,3.1,2.85,14.209796681594995,12.31091442202408,-1.8988822595709145,-13.363190917646348,10.285790183035541,8.404318047659395,-18.2919552304234,18.01666865780939,16.10089597924355,-10.633334691069217,-0.018939393939393923,-0.015270997623866744
A09,C3,2.7,3.2,2.95,14.14457721523504,12.10145403076174,-2.0431231844733,-14.444568779847758,9.928839492848308,8.034786255610186,-19.07628014938099,18.234472020535602,16.04672873799832,-11.997842767662558,-0.018939393939393923,-0.015270997623866744
A09,C3,2.8000000000000003,3.3000000000000003,3.0500000000000003,15.815174967749686,13.395673298223452,-2.419501669526234,-15.298608295261248,11.534407673649646,9.344458305234946,-18.986231719706243,19.96815816351838,17.32595650037648,-13.232074994123256,-0.018939393939393923,-0.015270997623866744
A09,C3,2.9000000000000004,3.4000000000000004,3.1500000000000004,15.157079128735063,12.608059342016944,-2.5490197867181195,-16.817354881295316,11.610001267427599,9.134602668422716,-21.32126036841813,18.598274068809474,15.977830741772536,-14.089712396655093,-0.018939393939393923,-0.015270997623866744
A09,C3,3.0,3.5,3.25,15.388514191789591,12.75851793469901,-2.629996257090582,-17.090644517804023,11.688255051969124,9.264535868365416,-20.736364605556616,18.978317834898995,16.14820202890324,-14.912363838651132,-0.018939393939393923,-0.015270997623866744
A09,C3,3.1,3.6,3.35,13.461249593934852,11.361868661360852,-2.0993809325740003,-15.595735878189975,10.257864705989718,8.317831844583896,-18.912638419504678,16.569011052389083,14.315038707487753,-13.603541803276967,-0.018939393939393923,-0.015270997623866744
A09,C3,3.2,3.7,3.45,13.19493819181986,11.280353827781145,-1.9145843640387152,-14.509991151195031,10.46216346156565,8.454344658627011,-19.191239080852316,15.846137556991852,14.022004514273961,-11.511531034974652,-0.018939393939393923,-0.015270997623866744
A09,C3,3.3000000000000003,3.8000000000000003,3.5500000000000003,13.822873515286062,11.908603698283375,-1.9142698170026868,-13.848566398916883,10.805530788460173,8.736701245818205,-19.146024227253935,16.750146309967892,14.98582249545108,-10.533184498017643,-0.018939393939393923,-0.015270997623866744
A09,C3,3.4000000000000004,3.9000000000000004,3.6500000000000004,15.355224548900607,13.052793242075406,-2.3024313068252003,-14.994448954444293,12.457115121372428,9.867005243709182,-20.792212742896197,18.166823247248846,16.143483091236664,-11.137556239055682,-0.018939393939393923,-0.015270997623866744
A09,C3,3.5,4.0,3.75,14.403282843577163,12.09410330776885,-2.3091795358083136,-16.032314027895683,11.828517946033564,9.473721390153731,-19.90779036412979,16.90118908746274,14.636264869634264,-13.400975553303471,-0.018939393939393923,-0.015270997623866744
A09,Cz,0.0,0.5,0.25,17.32011388853698,13.08596826307589,-4.234145625461091,-24.446407527743723,17.233135247385437,12.830155230156805,-25.54950073810069,17.404496152340716,13.334145086057092,-23.38677908659945,-0.018939393939393923,-0.015270997623866744
A09,Cz,0.1,0.6,0.35,16.86569182242045,12.799252619958196,-4.066439202462256,-24.110716864021693,16.622469388123854,13.01937105114256,-21.676071423873854,17.101653885544014,12.585704888212176,-26.40650446767116,-0.018939393939393923,-0.015270997623866744
A09,Cz,0.2,0.7,0.44999999999999996,16.04727158254942,12.26367436060253,-3.7835972219468914,-23.57782257552965,15.670912587871307,12.11380043285011,-22.698819453400983,16.41239598037147,12.409074439765321,-24.39206039991938,-0.018939393939393923,-0.015270997623866744
A09,Cz,0.30000000000000004,0.8,0.55,15.551954626839034,11.786403976466863,-3.7655506503721714,-24.212716283737816,15.747429213118602,11.895611307907537,-24.45997916918565,15.362315102836467,11.680456565367704,-23.966820839320967,-0.018939393939393923,-0.015270997623866744
A09,Cz,0.4,0.9,0.65,16.27969813459607,12.196363021615312,-4.083335112980759,-25.082376093345626,16.19314175330309,12.270075578489031,-24.226714213835805,16.36367074331314,12.124850839573641,-25.903844988274727,-0.018939393939393923,-0.015270997623866744
A09,Cz,0.5,1.0,0.75,17.667472111200208,13.232365290100553,-4.435106821099655,-25.1032337460889,16.914064373196894,13.098565478358552,-22.5581433926941,18.398390065979545,13.362171077611452,-27.373150424071962,-0.018939393939393923,-0.015270997623866744
A09,Cz,0.6000000000000001,1.1,0.8500000000000001,18.037662673941263,13.310021501856413,-4.72764117208485,-26.209832490740613,17.409030805227243,12.9722068241026,-25.48576098671984,18.6475294122459,13.637752159378769,-26.865635345651697,-0.018939393939393923,-0.015270997623866744
A09,Cz,0.7000000000000001,1.2000000000000002,0.9500000000000002,16.935100593226522,12.639427607297662,-4.29567298592886,-25.365500265448592,15.731858417883943,11.483498636556554,-27.004818302317435,18.1024250916932,13.760851235628586,-23.98338252512292,-0.018939393939393923,-0.015270997623866744
A09,Cz,0.8,1.3,1.05,16.967021627988025,12.882088117159002,-4.084933510829023,-24.07572525333912,15.870391103003442,11.867874798361019,-25.22002311515155,18.030916913420832,13.866026411515255,-23.098606254491425,-0.018939393939393923,-0.015270997623866744
A09,Cz,0.9,1.4,1.15,18.38702368775474,13.764850972125789,-4.6221727156289525,-25.138232234438213,17.489075488033425,12.80955505699238,-26.75681990304702,19.25816746360378,14.691630591285065,-23.712208759992674,-0.018939393939393923,-0.015270997623866744
A09,Cz,1.0,1.5,1.25,18.729542533491244,13.62080504763069,-5.108737485860555,-27.276360203274386,17.99257895429804,12.722405279781823,-29.2908186641987,19.444507199872714,14.492386911961681,-25.467964999099845,-0.018939393939393923,-0.015270997623866744
A09,Cz,1.1,1.6,1.35,17.297087740129175,12.72755437141744,-4.569533368711735,-26.4179348417736,16.377480628009202,11.804828859521093,-27.920361332425202,18.1892438936784,13.62273583818256,-25.105540847043745,-0.018939393939393923,-0.015270997623866744
A09,Cz,1.2000000000000002,1.7000000000000002,1.4500000000000002,18.019909850856177,13.686266982108013,-4.333642868748164,-24.049192835125424,16.845654899110603,12.68811767294465,-24.68017569554662,19.159112415982488,14.654620789505307,-23.51096193119857,-0.018939393939393923,-0.015270997623866744
A09,Cz,1.3,1.8,1.55,18.13660624968418,13.545785719079706,-4.590820530604475,-25.312456296416624,17.61601383347388,13.321765252312817,-24.376959633178465,18.641658593768803,13.76311900773415,-26.170094047668925,-0.018939393939393923,-0.015270997623866744
A09,Cz,1.4000000000000001,1.9000000000000001,1.6500000000000001,17.414416332378888,12.59952366353971,-4.814892668839178,-27.64888915562892,17.495944121988753,12.791318254848557,-26.88980848554187,17.335322208130513,12.413454283911724,-28.39213407819073,-0.018939393939393923,-0.015270997623866744
A09,Cz,1.5,2.0,1.75,15.61794036523733,11.273278346759877,-4.344662018477452,-27.818405736443154,15.728736846846209,11.402949805849389,-27.50244398592116,15.51045124128842,11.147477677493935,-28.129249729242968,-0.018939393939393923,-0.015270997623866744
A09,Cz,1.6,2.1,1.85,15.421212737440575,11.277380257814846,-4.143832479625729,-26.870989656767243,14.859239104588655,10.966584814717905,-26.196861511358723,15.966411037968559,11.578898224998444,-27.479643374685086,-0.018939393939393923,-0.015270997623866744
A09,Cz,1.7000000000000002,2.2,1.9500000000000002,15.487987952424492,11.308866619152447,-4.179121333272045,-26.98298414299738,14.690613831726807,10.986438622935905,-25.21457068588328,16.261559860564034,11.621669899064019,-28.53287139293586,-0.018939393939393923,-0.015270997623866744
A09,Cz,1.8,2.3,2.05,16.394032921080306,12.023772741431324,-4.370260179648982,-26.657627203062845,15.930727222070919,12.054693075156733,-24.33055373356848,16.84350859922375,11.993775402742497,-28.79289174171679,-0.018939393939393923,-0.015270997623866744
A09,Cz,1.9000000000000001,2.4000000000000004,2.1500000000000004,14.92901758437994,11.088661030582,-3.8403565537979407,-25.72410764534206,14.70196488229498,11.10735736058924,-24.449844292816874,15.149292593865349,11.070522799977955,-26.923830064111886,-0.018939393939393923,-0.015270997623866744
A09,Cz,2.0,2.5,2.25,14.158629899907409,10.761324158989813,-3.397305740917595,-23.994593862078506,13.669590359985932,10.560283643523562,-22.746158696635373,14.633071244607347,10.956363465039162,-25.126015708583004,-0.018939393939393923,-0.015270997623866744
A09,Cz,2.1,2.6,2.35,14.760542903252603,11.27370363706834,-3.486839266184262,-23.622703372352987,13.969362848250528,10.613341200294935,-24.024156895429837,15.528105643179984,11.914353762296269,-23.27232930998825,-0.018939393939393923,-0.015270997623866744
A09,Cz,2.2,2.7,2.45,14.532707548863971,10.858294391039903,-3.674413157824068,-25.283748024718893,13.584550190488125,9.929188261379464,-26.90822940658085,15.452561702512181,11.759666009367198,-23.898275018986755,-0.018939393939393923,-0.015270997623866744
A09,Cz,2.3000000000000003,2.8000000000000003,2.5500000000000003,13.67636233458449,10.110059373981306,-3.566302960603183,-26.076400093501423,13.1257450251035,9.474903601663618,-27.814355805765732,14.210543306469036,10.726255272498465,-24.51903462680717,-0.018939393939393923,-0.015270997623866744
A09,Cz,2.4000000000000004,2.9000000000000004,2.6500000000000004,14.55986115790857,11.053548542970951,-3.5063126149376185,-24.082047053265153,13.236346775116825,9.919390950628506,-25.059450925869562,15.843867648676678,12.153850684795707,-23.28987495795682,-0.018939393939393923,-0.015270997623866744
A09,Cz,2.5,3.0,2.75,14.60884270087534,11.29680627662926,-3.312036424246079,-22.671449697022386,12.18879303158948,9.43531296600688,-22.59026023697715,16.9566520815258,13.102732622755449,-22.72806825451812,-0.018939393939393923,-0.015270997623866744
A09,Cz,2.6,3.1,2.85,14.917121733161443,11.521323614018348,-3.3957981191430946,-22.76443257544839,11.92746590537293,9.047967854251716,-24.141742042826504,17.81753410340402,13.920847858568065,-21.86995249859799,-0.018939393939393923,-0.015270997623866744
A09,Cz,2.7,3.2,2.95,15.097561367799559,11.500345217344725,-3.597216150454834,-23.826471460000572,12.02854227612926,9.025745518376125,-24.963929034960533,18.074967949270746,13.90107626858292,-23.092111103058567,-0.018939393939393923,-0.015270997623866744
A09,Cz,2.8000000000000003,3.3000000000000003,3.0500000000000003,16.726831973121477,12.574405189161446,-4.152426783960031,-24.82494467949824,13.821006134557424,10.242955164306636,-25.888498531987402,19.54591674187765,14.83625969088626,-24.095350006791055,-0.018939393939393923,-0.015270997623866744
A09,Cz,2.9000000000000004,3.4000000000000004,3.1500000000000004,15.314959942612772,11.12538547987036,-4.189574462742412,-27.35609154997019,12.776511011571928,9.063572982110177,-29.06065690468136,17.777634278697168,13.125651335906356,-26.16761527356457,-0.018939393939393923,-0.015270997623866744
A09,Cz,3.0,3.5,3.25,15.202797872499639,10.814594071587482,-4.388203800912157,-28.86444875288373,12.490191310140698,8.798011114092493,-29.560637658532507,17.834431104638913,12.77098052288859,-28.391433133144734,-0.018939393939393923,-0.015270997623866744
A09,Cz,3.1,3.6,3.35,13.491090307610438,9.735207008163696,-3.755883299446742,-27.839731362023546,11.486628953905694,8.185830687823321,-28.73600496131663,15.435716994040417,11.238333289090923,-27.19267078147432,-0.018939393939393923,-0.015270997623866744
A09,Cz,3.2,3.7,3.45,13.216614411635078,9.560221819243027,-3.6563925923920504,-27.665122689614,11.865345315703738,8.304180137930482,-30.013160873287593,14.527547116643095,10.778769719023856,-25.80461359044262,-0.018939393939393923,-0.015270997623866744
A09,Cz,3.3000000000000003,3.8000000000000003,3.5500000000000003,13.58573389747996,9.902551468137768,-3.6831824293421924,-27.11066223684384,12.217774806801522,8.586991287262215,-29.71722410138124,14.912858388436652,11.178841195852858,-25.03891001525992,-0.018939393939393923,-0.015270997623866744
A09,Cz,3.4000000000000004,3.9000000000000004,3.6500000000000004,15.112639052538535,10.887734175694085,-4.22490487684445,-27.956102585105906,13.739406877166958,9.415525440052752,-31.470655726048218,16.444879222675144,12.315996381913289,-25.10740750876853,-0.018939393939393923,-0.015270997623866744
A09,Cz,3.5,4.0,3.75,15.031622809677009,10.613516752580981,-4.418106057096027,-29.39207637815229,13.020614431448072,8.929367523003958,-31.421304501289278,16.98260108706329,12.247392870827348,-27.882702961462407,-0.018939393939393923,-0.015270997623866744
A09,C4,0.0,0.5,0.25,22.50477295911355,18.073379179552116,-4.431393779561432,-19.690906402887713,21.690633638473276,17.285412819044225,-20.30932287572913,23.294609613466058,18.837824156164245,-19.132260773004976,-0.018939393939393923,-0.015270997623866744
A09,C4,0.1,0.6,0.35,23.467318045290824,19.032708065436392,-4.434609979854432,-18.89696117509399,21.335807752754242,17.68220692692317,-17.124267654499416,25.535201164915865,20.342895737128327,-20.333912367690743,-0.018939393939393923,-0.015270997623866744
A09,C4,0.2,0.7,0.44999999999999996,22.58737190649607,18.429851374406994,-4.157520532089077,-18.406393401143692,21.231382067934177,16.940242050668434,-20.21130797578489,23.902884436444175,19.874994748183205,-16.85106121384974,-0.018939393939393923,-0.015270997623866744
A09,C4,0.30000000000000004,0.8,0.55,21.373571221227746,17.025443912714852,-4.348127308512893,-20.343475891358914,20.339509831011213,15.662657051047075,-22.993930624785467,22.376765107258695,18.34755056955673,-18.006242271341293,-0.018939393939393923,-0.015270997623866744
A09,C4,0.4,0.9,0.65,22.40071004819971,17.258931792029884,-5.141778256169825,-22.953639617254264,21.00021119731874,16.08626160222489,-23.399524647262844,23.759402963233484,18.396596901542186,-22.571299750208283,-0.018939393939393923,-0.015270997623866744
A09,C4,0.5,1.0,0.75,23.568957590516227,18.11672095846588,-5.452236632050347,-23.133125897109004,22.122715421223752,17.29363769203887,-21.828593991459268,24.972028351770113,18.915234575148798,-24.25431243029959,-0.018939393939393923,-0.015270997623866744
A09,C4,0.6000000000000001,1.1,0.8500000000000001,24.052807883965578,18.43633275478084,-5.616475129184739,-23.350600712729563,23.694870914509753,18.470049736135138,-22.05043107103467,24.400060167766004,18.40362225048189,-24.575504634229464,-0.018939393939393923,-0.015270997623866744
A09,C4,0.7000000000000001,1.2000000000000002,0.9500000000000002,22.821342147179013,18.007555699609807,-4.813786447569207,-21.093353828728464,22.697502219488012,18.10984880740311,-20.212150957059734,22.94148536061059,17.908316117422274,-21.939160276997676,-0.018939393939393923,-0.015270997623866744
A09,C4,0.8,1.3,1.05,21.709929157293093,17.439505948812997,-4.270423208480096,-19.670369154776896,20.344947389236285,16.65333190807974,-18.145121786403024,23.034165200930296,18.20221210773332,-20.977331069075706,-0.018939393939393923,-0.015270997623866744
A09,C4,0.9,1.4,1.15,23.223990221400445,18.261513004300504,-4.962477217099941,-21.36789229495592,21.184191403757318,16.61150062038537,-21.585392126701212,25.202899522099,19.862271287203242,-21.19053099510579,-0.018939393939393923,-0.015270997623866744
A09,C4,1.0,1.5,1.25,23.900629694747376,18.804222561538822,-5.0964071332085545,-21.323317411710654,22.30776912440203,16.97474443186094,-23.906580092347276,25.445942188365994,20.579089403763632,-19.12624318869792,-0.018939393939393923,-0.015270997623866744
A09,C4,1.1,1.6,1.35,22.194913308026138,18.08886379949568,-4.106049508530457,-18.499957407112852,20.727801989807435,16.582491265429695,-19.99879546522169,23.618230258536823,19.550269989261196,-17.223814929170064,-0.018939393939393923,-0.015270997623866744
A09,C4,1.2000000000000002,1.7000000000000002,1.4500000000000002,22.88209091387994,18.97559973338315,-3.90649118049679,-17.072264921940196,21.517827658363274,17.787258678806843,-17.337107810260207,24.205629893112516,20.128467920658668,-16.843858186949994,-0.018939393939393923,-0.015270997623866744
A09,C4,1.3,1.8,1.55,22.672620924934165,18.172698773321564,-4.499922151612601,-19.847384060763005,21.994481634437385,17.296604492517883,-21.35934467563856,23.330517251535525,19.02264098604155,-18.464555324895105,-0.018939393939393923,-0.015270997623866744
A09,C4,1.4000000000000001,1.9000000000000001,1.6500000000000001,23.987478318797617,18.881396134636187,-5.10608218416143,-21.286448355682662,23.634096826200633,18.274613394681566,-22.67691239031217,24.33031111012305,19.470065956980218,-19.97609126798482,-0.018939393939393923,-0.015270997623866744
A09,C4,1.5,2.0,1.75,22.516057632843815,17.72068252154475,-4.795375111299066,-21.297578774643604,22.27828780340763,17.4568481624345,-21.641876985877044,22.746729855431166,17.976641228144246,-20.970436883031702,-0.018939393939393923,-0.015270997623866744
A09,C4,1.6,2.1,1.85,22.199135632370904,17.3478407922363,-4.851294840134603,-21.85353033773269,21.984718190176988,17.033487540596774,-22.521237737732193,22.407152553902318,17.65281036472242,-21.21796679762376,-0.018939393939393923,-0.015270997623866744
A09,C4,1.7000000000000002,2.2,1.9500000000000002,22.685633506098316,17.518295890562317,-5.167337615535999,-22.778017700704385,22.390281142679445,17.36111525065942,-22.461378934780917,22.972169381056922,17.670784571065127,-23.077423477311505,-0.018939393939393923,-0.015270997623866744
A09,C4,1.8,2.3,2.05,24.726308747667144,19.190559539951153,-5.535749207715991,-22.38809384857444,25.0886588036231,20.058535056667438,-20.049392780730287,24.374775111291964,18.34849374015178,-24.723433728618982,-0.018939393939393923,-0.015270997623866744
A09,C4,1.9000000000000001,2.4000000000000004,2.1500000000000004,22.742266405065113,18.183563727070215,-4.558702677994898,-20.045067614631375,23.855205792289325,19.444656759736684,-18.488832462632768,21.662549089101315,16.960115262543038,-21.707666107143996,-0.018939393939393923,-0.015270997623866744
A09,C4,2.0,2.5,2.25,21.63876937146796,18.30689592516068,-3.331873446307277,-15.397703026035096,21.667936889938595,18.492858840986887,-14.653347317187546,21.610472525190477,18.126484141150183,-16.121759392253672,-0.018939393939393923,-0.015270997623866744
A09,C4,2.1,2.6,2.35,22.422011984165728,18.905504703124404,-3.5165072810413243,-15.683281605257626,20.564082593632367,17.36944899098077,-15.535016396213116,24.224480795877202,20.39570800595032,-15.80538638656193,-0.018939393939393923,-0.015270997623866744
A09,C4,2.2,2.7,2.45,21.48410000823372,17.29515006078369,-4.1889499474500305,-19.497907502965575,18.85617103314765,14.820132871741027,-21.404335770563325,24.033583342272443,19.696286139705677,-18.04681865703287,-0.018939393939393923,-0.015270997623866744
A09,C4,2.3000000000000003,2.8000000000000003,2.5500000000000003,20.386396326087414,15.775564919981885,-4.610831406105529,-22.61719694032087,17.0299429433864,12.536697247288076,-26.38438490977611,23.642657070498853,18.917749975580357,-19.984670423588742,-0.018939393939393923,-0.015270997623866744
A09,C4,2.4000000000000004,2.9000000000000004,2.6500000000000004,21.675661235923194,17.19675998877961,-4.4789012471435825,-20.66327388306233,16.67405154544494,12.795262647685835,-23.26242597479988,26.527969144596128,21.466869349542236,-19.078353746068274,-0.018939393939393923,-0.015270997623866744
A09,C4,2.5,3.0,2.75,20.324633515604596,16.404829779229974,-3.9198037363746216,-19.285974988750095,15.500544526397814,12.154457467029342,-21.58690008386481,25.004719848417142,20.52832530599179,-17.902198343200872,-0.018939393939393923,-0.015270997623866744
A09,C4,2.6,3.1,2.85,19.301274479269516,15.021067942899034,-4.280206536370482,-22.175771558337388,14.826934910584932,11.100867122113517,-25.130398230934293,23.64205167276949,18.8242478436611,-20.378112254349958,-0.018939393939393923,-0.015270997623866744
A09,C4,2.7,3.2,2.95,18.325552965000654,13.706748514343131,-4.618804450657523,-25.2041750635237,13.40140410897982,9.8672264397074,-26.37169687991342,23.10271230293131,17.431657989736006,-24.547136452353907,-0.018939393939393923,-0.015270997623866744
A09,C4,2.8000000000000003,3.3000000000000003,3.0500000000000003,20.283317369955196,15.197614553475887,-5.0857028164793086,-25.073328606554966,15.289802357987726,11.27581242344875,-26.25272610173395,25.127772232311695,19.002347963203707,-24.37710837426062,-0.018939393939393923,-0.015270997623866744
A09,C4,2.9000000000000004,3.4000000000000004,3.1500000000000004,19.802970546598868,14.682942401849301,-5.120028144749567,-25.85484906267724,15.033672344947968,10.957023450350164,-27.116786910470037,24.42990163775272,18.29763989210966,-25.101459009423827,-0.018939393939393923,-0.015270997623866744
A09,C4,3.0,3.5,3.25,20.09303694932006,14.879742121290692,-5.213294828029367,-25.94577833693668,15.564735198457996,11.483116394290953,-26.223503015787962,24.486165513589224,18.174976035544166,-25.774511221622276,-0.018939393939393923,-0.015270997623866744
A09,C4,3.1,3.6,3.35,16.99082644592502,12.669806583837355,-4.321019862087665,-25.431487254841528,14.041488537745083,10.434582987125745,-25.68748705611641,19.852124416547348,14.838307088109806,-25.255822617444274,-0.018939393939393923,-0.015270997623866744
A09,C4,3.2,3.7,3.45,16.340991718544778,12.491145101714293,-3.849846616830485,-23.55944292206842,13.92765887008051,10.450395876399307,-24.966600820121194,18.682284780487716,14.470976439706439,-22.54172008543453,-0.018939393939393923,-0.015270997623866744
A09,C4,3.3000000000000003,3.8000000000000003,3.5500000000000003,16.9099954242568,13.253867970177737,-3.656127454079062,-21.621102563011192,14.00814916591708,10.734194767489347,-23.371784235375788,19.72521940622817,15.698327047412741,-20.41494330625266,-0.018939393939393923,-0.015270997623866744
A09,C4,3.4000000000000004,3.9000000000000004,3.6500000000000004,19.384341599737514,14.549186103011893,-4.835155496725621,-24.943614782310142,16.407252190671244,11.790274656085705,-28.139858404874385,22.27256266823464,17.225741984358198,-22.659362369083247,-0.018939393939393923,-0.015270997623866744
A09,C4,3.5,4.0,3.75,19.150441246731177,14.045663973449079,-5.104777273282098,-26.65618618136771,16.5137464333408,11.708187727514874,-29.100354212316322,21.708428752259145,16.313364809056893,-24.852392611053443,-0.018939393939393923,-0.015270997623866744
