Subject,Run,Trial,Onset,True_Class,Artifact,Theta_Baseline_R2,Theta_MI_R2,Theta_Change_R2,Alpha_Mu_Baseline_R2,Alpha_Mu_MI_R2,Alpha_Mu_Change_R2,Beta_Baseline_R2,Beta_MI_R2,Beta_Change_R2,Gamma_Baseline_R2,Gamma_MI_R2,Gamma_Change_R2
A01,3,1,251,1,0,0.5403795352206349,0.2507531880253495,-0.2896263471952853,0.237693579135568,0.4933076593249237,0.2556140801893556,0.2378675336097629,0.1455839584281324,-0.0922835751816304,0.3440859041259152,0.1889476668703642,-0.155138237255551
A01,3,2,2254,2,0,0.3673205448129577,0.2043968703861664,-0.1629236744267913,0.3570467242697478,0.3350332784840819,-0.0220134457856659,0.2265380143845752,0.3151760200153474,0.0886380056307722,0.2687937980708304,0.2463151398046053,-0.022478658266225
A01,3,3,4172,2,0,0.3616035121733133,0.3415846647310025,-0.0200188474423108,0.4476874627887198,0.257798362364407,-0.1898891004243128,0.0582216891302055,0.0932462289817853,0.0350245398515797,0.1261786276350479,0.268322365458915,0.142143737823867
A01,3,4,6124,1,0,0.2284175349554421,0.181136731084973,-0.047280803870469,0.2969341336061545,0.4253532118591919,0.1284190782530374,0.2868090802491925,0.2673244862035593,-0.0194845940456331,0.195479150041389,0.2363633076769911,0.0408841576356021
A01,3,5,8132,2,0,0.534642539329378,0.1320413217042477,-0.4026012176251303,0.3596453338257375,0.4820832482722795,0.1224379144465419,0.1326448514394779,0.2403729776912988,0.1077281262518209,0.1332666011410215,0.4581748543826763,0.3249082532416547
A01,3,6,10243,1,0,0.4739462249068852,0.36274603326533,-0.1112001916415552,0.5031748569334521,0.4163297630958607,-0.0868450938375913,0.1005255326877802,0.3157144996576532,0.2151889669698729,0.114860740546466,0.1898232775895924,0.0749625370431263
A01,3,7,12160,2,0,0.3597225663204705,0.3070950140327427,-0.0526275522877278,0.3573246609761993,0.482823714885856,0.1254990539096567,0.2923743055511113,0.1984875453856303,-0.0938867601654809,0.1462515747040888,0.2116946159394119,0.065443041235323
A01,3,8,14210,3,0,0.2910032798348551,0.1765880073221844,-0.1144152725126707,0.3935274332941737,0.243397839161667,-0.1501295941325066,0.2612892048085033,0.4544833093358367,0.1931941045273333,0.2489276230689458,0.3774683130193169,0.1285406899503711
A01,3,9,16141,2,0,0.7923544925344551,0.4478912893734837,-0.3444632031609713,0.1815135178841848,0.3732629500411807,0.1917494321569958,0.1242564291141482,0.1816546346335665,0.0573982055194182,0.0601407596705668,0.2133464465660445,0.1532056868954777
A01,3,10,18139,4,0,0.4633358850238003,0.2712179602428805,-0.1921179247809198,0.2689296799815819,0.4203480180182363,0.1514183380366543,0.2847265435632181,0.140436824215662,-0.144289719347556,0.284730980343605,0.2011553529923392,-0.0835756273512657
A01,3,11,20045,1,0,0.2514146801867928,0.3202622437490086,0.0688475635622157,0.3879547420421583,0.347468948658957,-0.0404857933832013,0.2592281767682838,0.3072537143847084,0.0480255376164245,0.2730101518851869,0.2433901290627818,-0.0296200228224051
A01,3,12,21940,3,0,0.4245766647523244,0.2955635773682643,-0.1290130873840601,0.3352202751218647,0.396316169901143,0.0610958947792782,0.2347524225174174,0.3876044801092262,0.1528520575918087,0.3683983507687162,0.2706219752424707,-0.0977763755262454
A01,3,13,23912,2,0,0.6131275763568522,0.3580567550865954,-0.2550708212702568,0.3469221916015462,0.3883167001404031,0.0413945085388569,0.2225057382912621,0.3125357644363534,0.0900300261450912,0.1913405797192083,0.2301308418894548,0.0387902621702465
A01,3,14,25856,1,0,0.4099758809314773,0.5684665073844488,0.1584906264529715,0.4553916166780852,0.5033416105244426,0.0479499938463573,0.3147639342933539,0.4544515867313879,0.139687652438034,0.3645521279598461,0.3860244451087515,0.0214723171489054
A01,3,15,27823,4,0,0.3401990211112872,0.2613222314435384,-0.0788767896677488,0.3604687298749165,0.3006752782930974,-0.0597934515818191,0.2017702507909651,0.2519035244311657,0.0501332736402005,0.3049960953272363,0.2078433135588156,-0.0971527817684207
A01,3,16,29943,4,0,0.2139687575059061,0.3805015228567111,0.166532765350805,0.3604823573128746,0.5267455482255627,0.1662631909126881,0.3388258526204343,0.2610336153074045,-0.0777922373130298,0.1635223726848454,0.2045491992754981,0.0410268265906527
A01,3,17,31951,4,0,0.2130195313551973,0.5162920957736621,0.3032725644184647,0.1704916669224934,0.5257966738908951,0.3553050069684016,0.2129161714585001,0.3459135088258516,0.1329973373673515,0.5497971850120565,0.4046581209320515,-0.145139064080005
A01,3,18,34017,4,0,0.5016800544044866,0.2557877052064487,-0.2458923491980378,0.1574476945077573,0.3337927848230365,0.1763450903152791,0.3156129337862913,0.1075141669391915,-0.2080987668470997,0.2193782989607061,0.1378044909294402,-0.0815738080312658
A01,3,21,40189,3,0,0.1669503506198046,0.2573780630471463,0.0904277124273416,0.4302194518671254,0.3935889202518489,-0.0366305316152765,0.0951095710438284,0.2218194834495392,0.1267099124057108,0.5553676859357609,0.359994195431858,-0.1953734905039028
A01,3,22,42269,2,0,0.3532969736723549,0.4977204594001777,0.1444234857278228,0.4928405345133106,0.565364804717096,0.0725242702037854,0.2334002517616845,0.4315268090532291,0.1981265572915446,0.4752997009400768,0.3587043493877719,-0.1165953515523048
A01,3,23,44181,1,0,0.3420768478595942,0.2733329715528397,-0.0687438763067544,0.3072734461505361,0.4892915110335593,0.1820180648830231,0.1401969210118593,0.1355167809952959,-0.0046801400165634,0.2172397177739164,0.1641465824022984,-0.0530931353716179
A01,3,24,46212,1,0,0.2731938308077048,0.3912066440737469,0.118012813266042,0.3564985502699799,0.4833098103790743,0.1268112601090943,0.137476796554249,0.1406614026827403,0.0031846061284912,0.1769379449682657,0.2662103904996215,0.0892724455313558
A01,3,25,48165,3,0,0.123586521374955,0.2046533572082024,0.0810668358332473,0.2534189363126246,0.4766563111469929,0.2232373748343682,0.249543370010584,0.3781291623221942,0.1285857923116101,0.1144377620868631,0.2039359055214942,0.089498143434631
A01,3,26,50126,4,0,0.1104779671271038,0.4857181293506534,0.3752401622235496,0.278763485779072,0.4178708825736133,0.1391073967945413,0.1933237918763603,0.2440866682102556,0.0507628763338953,0.2944859560012006,0.2812361343620041,-0.0132498216391965
A01,3,27,52230,1,0,0.3299035305132629,0.1594042822604144,-0.1704992482528484,0.2707419526279808,0.6255948303908573,0.3548528777628764,0.1135544407564355,0.2693881002007737,0.1558336594443381,0.229565901334842,0.3126440673501234,0.0830781660152813
A01,3,28,54234,3,0,0.3391164617271353,0.1847714714648914,-0.1543449902622439,0.395512507927488,0.3732976510440858,-0.0222148568834021,0.2423699574715626,0.229992403347435,-0.0123775541241276,0.1384215147633458,0.4175702632145648,0.279148748451219
A01,3,29,56209,3,0,0.1914856717165957,0.2745417248487038,0.0830560531321081,0.3015118736292292,0.2611391692678718,-0.0403727043613574,0.2313628257397653,0.1971417190282363,-0.034221106711529,0.1789877439603387,0.2947485804083518,0.115760836448013
A01,3,30,58235,3,0,0.2786403253795905,0.337567686154521,0.0589273607749304,0.2897809938792491,0.1873547332327245,-0.1024262606465246,0.2095311014043106,0.3596178612434447,0.150086759839134,0.3331004394637461,0.2362781882065508,-0.0968222512571952
A01,3,31,60306,1,0,0.1052412102603471,0.5103640874759156,0.4051228772155684,0.2241812618257784,0.4911743302090018,0.2669930683832234,0.2231377759745534,0.3181653885528052,0.0950276125782517,0.1744267605489202,0.3442005389973569,0.1697737784484367
A01,3,32,62413,2,0,0.3119427270899476,0.1155634930050948,-0.1963792340848528,0.6921257777131943,0.5678100042918105,-0.1243157734213837,0.1990285444276577,0.3394167785837564,0.1403882341560986,0.2552338749420245,0.19049761507998,-0.0647362598620444
A01,3,33,64505,1,0,0.3169907096828642,0.4262790016963684,0.1092882920135041,0.5650449908842748,0.3641016126248204,-0.2009433782594544,0.2573905671132884,0.2470659231126909,-0.0103246440005975,0.3480113708838516,0.2257825785143273,-0.1222287923695243
A01,3,35,68639,2,0,0.2931158840093212,0.1637644388939179,-0.1293514451154032,0.4152605715910382,0.3734742367177191,-0.041786334873319,0.2156259396064319,0.2886301130052695,0.0730041733988375,0.2840344919313516,0.1593981630221636,-0.124636328909188
A01,3,36,70703,1,0,0.3494818192630631,0.4875449107359551,0.1380630914728919,0.2486018574385564,0.5009310161913457,0.2523291587527893,0.2007139462114991,0.304333616827829,0.1036196706163299,0.1531803738190625,0.2523659237908383,0.0991855499717757
A01,3,37,72723,2,0,0.3255041697479358,0.1649474684502801,-0.1605567012976556,0.3981034496341137,0.5763735938284843,0.1782701441943706,0.2655904326563652,0.2939750981634654,0.0283846655071001,0.1754016155724375,0.359986567256735,0.1845849516842974
A01,3,38,74695,3,0,0.2464405133500839,0.3863829474479424,0.1399424340978585,0.4151714005678676,0.2952231440992444,-0.1199482564686231,0.2217860740430022,0.215504149409891,-0.0062819246331112,0.226077489397136,0.4250221932830741,0.198944703885938
A01,3,39,76658,2,0,0.6917785239687845,0.3168367082721831,-0.3749418156966014,0.2401512368889472,0.3910054960940518,0.1508542592051045,0.1605441450761034,0.2855263013241445,0.1249821562480411,0.2739854182008475,0.2511246243219545,-0.022860793878893
A01,3,40,78583,3,0,0.1280338733312758,0.4992343664050495,0.3712004930737737,0.3312693002539139,0.3374793221340812,0.0062100218801672,0.3853625540985306,0.089116591299457,-0.2962459627990736,0.3675247192632644,0.0742670878089898,-0.2932576314542746
A01,3,41,80664,3,0,0.4356436477081498,0.3325568245352309,-0.1030868231729189,0.1929579766630737,0.4335894493280388,0.240631472664965,0.1527588667435666,0.2400421355287348,0.0872832687851681,0.3217590817869579,0.2014353988890733,-0.1203236828978845
A01,3,42,82642,4,0,0.1962435763182815,0.3037952263885888,0.1075516500703072,0.3676758292329885,0.1677434010385871,-0.1999324281944013,0.1217739212122182,0.2519107373063168,0.1301368160940985,0.2441972219304377,0.1864787172641511,-0.0577185046662866
A01,3,43,84632,3,0,0.1673944701826223,0.5159619678268892,0.3485674976442668,0.3100558785917623,0.3907286908638146,0.0806728122720523,0.1699193449683165,0.2785777419031384,0.1086583969348219,0.3258856148797532,0.245439801747084,-0.0804458131326691
A01,3,44,86751,3,0,0.6487804383565109,0.3852263269715131,-0.2635541113849977,0.300306958321836,0.2481733287717962,-0.0521336295500398,0.2915835198814631,0.2355230310353684,-0.0560604888460946,0.1270477904555607,0.2079982291636666,0.0809504387081059
A01,3,45,88657,4,0,0.2079165446756183,0.218689400974579,0.0107728562989607,0.5431807039209644,0.3287254461539823,-0.2144552577669821,0.2758033819168331,0.1754802396135316,-0.1003231423033015,0.2498124301848332,0.1020938075353586,-0.1477186226494745
A01,3,46,90585,4,0,0.3391242053566681,0.2635536516963538,-0.0755705536603143,0.6220093235792018,0.3584430676637967,-0.263566255915405,0.1778446054924885,0.2196276799372545,0.041783074444766,0.2794289225860324,0.2246022330471784,-0.054826689538854
A01,3,47,92699,4,0,0.5472740425853911,0.2422072791211289,-0.3050667634642622,0.2148574541162422,0.5530620822878474,0.3382046281716051,0.1169833423261309,0.3633150483220984,0.2463317059959674,0.2599353158272701,0.1763250893738382,-0.0836102264534319
A01,3,48,94758,4,0,0.0987873139034734,0.2603098573254585,0.161522543421985,0.2939535245486732,0.3649254155727408,0.0709718910240675,0.3576713695984978,0.2744646695591409,-0.0832067000393569,0.343368545463997,0.2900952061062118,-0.0532733393577852
A01,4,1,251,4,0,0.8083289259533325,0.1240867155969524,-0.6842422103563801,0.7456047272161553,0.4547834782473935,-0.2908212489687618,0.4153162390469196,0.2069479387432381,-0.2083683003036815,0.6867790767506181,0.5697588898764562,-0.1170201868741619
A01,4,2,2254,3,0,0.5500909810784936,0.2914273838040556,-0.258663597274438,0.4082791405922761,0.2217493369037415,-0.1865298036885346,0.2563131176165429,0.3960080180703027,0.1396949004537598,0.260277765493276,0.5125964781308072,0.2523187126375312
A01,4,3,4172,2,0,0.1361980646344766,0.1756624653487347,0.039464400714258,0.1951129466166524,0.477789793829422,0.2826768472127696,0.3834585722906093,0.3276017426786159,-0.0558568296119933,0.6985741505252518,0.4530749867138091,-0.2454991638114427
A01,4,4,6124,1,0,0.5143657630109285,0.3421299483866809,-0.1722358146242475,0.254193152648363,0.3730744194390493,0.1188812667906863,0.3781696403146538,0.2842522098253191,-0.0939174304893346,0.4004934296087437,0.2657862278895337,-0.1347072017192099
A01,4,5,8132,1,0,0.2948110677722723,0.1706080963140074,-0.1242029714582648,0.2698245054616736,0.2163228055769028,-0.0535016998847707,0.1837101374258885,0.2817773753432227,0.0980672379173341,0.1824785018684118,0.2653770689951411,0.0828985671267292
A01,4,6,10243,2,0,0.448240967257622,0.2986011327626677,-0.1496398344949543,0.1292479119263068,0.6266279413359614,0.4973800294096546,0.3025059251060133,0.1843068856875105,-0.1181990394185027,0.3848945370375508,0.2621578219789649,-0.1227367150585859
A01,4,8,14210,4,0,0.418401074443695,0.084327982270625,-0.3340730921730699,0.3012803735604869,0.5537947728649376,0.2525143993044507,0.299534323596442,0.5372187837840349,0.2376844601875928,0.5771522095607707,0.5862217523084892,0.0090695427477184
A01,4,9,16141,2,0,0.39637884082509,0.3601210223097685,-0.0362578185153214,0.2415992310716566,0.3503657624361599,0.1087665313645032,0.3769567554197849,0.4013764181585245,0.0244196627387396,0.5922572467792689,0.5765298434598484,-0.0157274033194205
A01,4,10,18139,3,0,0.160086372076355,0.4131257869480287,0.2530394148716737,0.6608449230821327,0.376512817721587,-0.2843321053605457,0.3949184391766281,0.3104593267880249,-0.0844591123886032,0.3076779175984528,0.4638441224890973,0.1561662048906445
A01,4,11,20045,1,0,0.1077824141834447,0.1409863509621405,0.0332039367786957,0.38543725850445,0.544686003481577,0.159248744977127,0.2449171045662276,0.3654016296215528,0.1204845250553252,0.4830213898497343,0.4302229315114527,-0.0527984583382816
A01,4,12,21940,1,0,0.0983716778548306,0.3567725795631456,0.2584009017083149,0.3743797382320356,0.3053134093775103,-0.0690663288545252,0.1897888371461718,0.4574496769940456,0.2676608398478738,0.2857352810516939,0.4312038673711006,0.1454685863194067
A01,4,13,23912,1,0,0.546741081023269,0.3294993381096168,-0.2172417429136521,0.2305107256281837,0.4623769898253482,0.2318662641971645,0.2723194724069797,0.2960038547398858,0.023684382332906,0.62823295256601,0.5092102826174689,-0.119022669948541
A01,4,14,25856,4,0,0.3088819558585213,0.3877510365815181,0.0788690807229968,0.579727252726583,0.4194169521519377,-0.1603103005746453,0.1828508279030449,0.390422474835065,0.2075716469320201,0.2071079231530487,0.539730350080314,0.3326224269272652
A01,4,15,27823,2,0,0.2746095251767103,0.2581557187857579,-0.0164538063909524,0.4801026122826552,0.1417695988761994,-0.3383330134064558,0.3478016364300117,0.2587076122358098,-0.0890940241942019,0.2643763537910475,0.5905234295218529,0.3261470757308053
A01,4,16,29943,2,0,0.317337702799047,0.1799841700773543,-0.1373535327216927,0.4993423979709223,0.2315130210730494,-0.2678293768978729,0.2989045469539335,0.3474715000078175,0.048566953053884,0.5658989402793192,0.4826678708018663,-0.0832310694774528
A01,4,17,31951,1,0,0.4220974574791026,0.2043833231722867,-0.2177141343068159,0.2663002090521651,0.4002245542494931,0.133924345197328,0.3608294505974845,0.434105563420108,0.0732761128226235,0.2509083493293608,0.6224700296550043,0.3715616803256435
A01,4,18,34017,1,0,0.2656859507564645,0.3672304973858654,0.1015445466294008,0.2565081961795764,0.6260472987839713,0.3695391026043949,0.3892426163439709,0.5316526652429093,0.1424100488989384,0.2490493497586368,0.6290176902086039,0.3799683404499671
A01,4,19,36053,3,0,0.2077508282026037,0.4781079198367868,0.2703570916341831,0.2568316884632758,0.1679422057299181,-0.0888894827333576,0.1909139052718485,0.2403753500173693,0.0494614447455207,0.1017211128779505,0.4156522874017256,0.3139311745237751
A01,4,20,38119,1,0,0.3150890075613178,0.0710362274534411,-0.2440527801078766,0.2644630049963584,0.6847532817385773,0.4202902767422189,0.4183043031185176,0.3393366202040728,-0.0789676829144447,0.5943197180661505,0.4575457226526743,-0.1367739954134761
A01,4,22,42269,4,0,0.2850571799798352,0.4771222081035812,0.1920650281237459,0.3325306409784013,0.3999950345032431,0.0674643935248418,0.2104379727373785,0.2740570991650241,0.0636191264276456,0.2661824949567646,0.288374777591309,0.0221922826345443
A01,4,23,44181,4,0,0.4181213421610136,0.3624194558690793,-0.0557018862919343,0.3641751628828785,0.5066736140538226,0.1424984511709441,0.269700083635931,0.31317741453678,0.0434773309008489,0.1446343259908094,0.2419762378421491,0.0973419118513397
A01,4,24,46212,3,0,0.3543086157436473,0.1541048721264294,-0.2002037436172179,0.4660138295948939,0.2400233872928637,-0.2259904423020301,0.3332928980204553,0.279928415546168,-0.0533644824742873,0.3725363272685653,0.431112313737951,0.0585759864693856
A01,4,25,48165,1,0,0.4684698289467711,0.2675944235014834,-0.2008754054452877,0.226731438474481,0.4326919756811627,0.2059605372066817,0.3090194640336893,0.3606081527564798,0.0515886887227904,0.3657261149159428,0.3641236890548556,-0.0016024258610871
A01,4,26,50126,4,0,0.0916636052350176,0.3947817892003459,0.3031181839653283,0.4126201129398798,0.5736617730319871,0.1610416600921072,0.1972297728232048,0.3848477213750521,0.1876179485518472,0.2079068586843913,0.5070886489383365,0.2991817902539452
A01,4,27,52230,4,0,0.4205267085175173,0.3933373947900206,-0.0271893137274967,0.4906378645676592,0.5567154802715464,0.0660776157038871,0.4057632811381694,0.3437108031375314,-0.062052478000638,0.3253058068088538,0.3981494793841615,0.0728436725753076
A01,4,28,54234,2,0,0.1199612166176503,0.3773265302941975,0.2573653136765472,0.418651702822795,0.4874725575233206,0.0688208547005255,0.2308051676202108,0.2484283882127,0.0176232205924892,0.2321784119069514,0.1932176028130136,-0.0389608090939377
A01,4,29,56209,4,0,0.2976419599363685,0.5596834071181158,0.2620414471817473,0.4496669570613549,0.3152265664596799,-0.1344403906016749,0.0570890919605625,0.3609060717471085,0.303816979786546,0.2667404192278143,0.3251657978320617,0.0584253786042474
A01,4,30,58235,4,0,0.0738027557589285,0.2091661624127573,0.1353634066538288,0.4471710477425862,0.4395365014775317,-0.0076345462650544,0.2974694919935612,0.2679068637120027,-0.0295626282815585,0.3113514414331771,0.469604429592613,0.1582529881594358
A01,4,31,60306,2,0,0.3926441287344257,0.2313339304887013,-0.1613101982457243,0.1508157583908094,0.4998157102859945,0.348999951895185,0.3874402464060388,0.2633340002109511,-0.1241062461950877,0.2806145567236057,0.5114282181986336,0.2308136614750278
A01,4,32,62413,1,0,0.3938270717697197,0.3501229138752683,-0.0437041578944514,0.4866560127946196,0.473595549865109,-0.0130604629295105,0.1711202116881252,0.2157158084529641,0.0445955967648389,0.2365132246070617,0.3545332848374529,0.1180200602303911
A01,4,33,64505,2,0,0.5194185939921192,0.3493013819902257,-0.1701172120018934,0.1868839313430673,0.3851050848614935,0.1982211535184261,0.1827761715948372,0.2100156648129279,0.0272394932180907,0.5085801068228712,0.2556230644673186,-0.2529570423555526
A01,4,34,66596,3,0,0.2370131224557711,0.2542681130426764,0.0172549905869053,0.2828816210353275,0.2451271121602231,-0.0377545088751043,0.2593597458991979,0.2029221744302179,-0.0564375714689799,0.2119280077616853,0.3288738661114066,0.1169458583497212
A01,4,35,68639,3,0,0.3927829902329702,0.2478753238390298,-0.1449076663939403,0.4057242668376082,0.3710016917380646,-0.0347225750995435,0.2837775703148448,0.3427255783396555,0.0589480080248106,0.4173464958229499,0.2868417372334663,-0.1305047585894835
A01,4,36,70703,3,0,0.3854743916947921,0.3259826063706734,-0.0594917853241186,0.2256175907475949,0.3400238921753565,0.1144063014277615,0.2501166748636073,0.065099104454585,-0.1850175704090222,0.4023082530514422,0.3326975384051299,-0.0696107146463123
A01,4,37,72723,4,0,0.3251389516279017,0.253723399685085,-0.0714155519428167,0.4792982636448224,0.4618073233115361,-0.0174909403332862,0.2817094445870445,0.1672259629941642,-0.1144834815928802,0.2451488864359362,0.3030896812280751,0.0579407947921389
A01,4,38,74695,3,0,0.2111856584435952,0.2241577780764641,0.0129721196328689,0.6710331975324676,0.3825614703481439,-0.2884717271843237,0.2420765941820739,0.2434723966931566,0.0013958025110826,0.1647812023158653,0.2348295579535111,0.0700483556376458
A01,4,39,76658,1,0,0.4799059569758913,0.3887605872142571,-0.0911453697616341,0.4672120845109279,0.4757605249031691,0.0085484403922412,0.2342794697318453,0.2729136318473933,0.038634162115548,0.5584154894044027,0.2002132161669448,-0.3582022732374578
A01,4,40,78583,4,0,0.2169025544157885,0.2143386071108374,-0.0025639473049511,0.5119428584042567,0.4142354239933813,-0.0977074344108753,0.1845186596391769,0.1320000505448742,-0.0525186090943027,0.3360156197769014,0.259704750817251,-0.0763108689596503
A01,4,41,80664,2,0,0.1032694384140982,0.3546486716746831,0.251379233260585,0.3546141743953291,0.2336708669369504,-0.1209433074583787,0.3488347931956699,0.2142157627505682,-0.1346190304451017,0.286395553581193,0.4070377078329567,0.1206421542517636
A01,4,42,82642,3,0,0.5012659712780663,0.6236149816222506,0.1223490103441843,0.3544105100603153,0.3615614500952518,0.0071509400349365,0.2285363160734065,0.2948655314959582,0.0663292154225516,0.3135727268956528,0.2796221393726671,-0.0339505875229856
A01,4,43,84632,2,0,0.1513122935556043,0.1648747594999312,0.0135624659443269,0.2547444737837376,0.3533720399829017,0.098627566199164,0.2914918260978297,0.2709850146382418,-0.0205068114595879,0.1576422451522871,0.4209081625637787,0.2632659174114916
A01,4,44,86751,3,0,0.6279271746264501,0.2579889939354216,-0.3699381806910285,0.4473656527395536,0.3357994314504706,-0.111566221289083,0.1856493865407671,0.1875670975922416,0.0019177110514745,0.4158812681017896,0.2689949380895056,-0.146886330012284
A01,4,45,88657,4,0,0.1233176703449443,0.1848017298364221,0.0614840594914778,0.289263160783665,0.381654074554982,0.0923909137713169,0.2238411411832427,0.2128513736102368,-0.0109897675730059,0.363435404958585,0.3192740134415145,-0.0441613915170704
A01,4,46,90585,2,0,0.1407923331606013,0.3726704793325154,0.231878146171914,0.3494272396517552,0.4897377763618878,0.1403105367101325,0.290128841063123,0.3865097014660773,0.0963808604029543,0.1239804260252589,0.3027362294289493,0.1787558034036904
A01,4,47,92699,3,0,0.57744349710301,0.1462371086249749,-0.431206388478035,0.4613011819586919,0.4095546850267135,-0.0517464969319783,0.206406718869284,0.2036006206139929,-0.0028060982552911,0.4141081033758254,0.2146112280721898,-0.1994968753036356
A01,4,48,94758,1,0,0.1037329167969478,0.3550990074148861,0.2513660906179383,0.2987209967245032,0.1380027732362726,-0.1607182234882306,0.1083586230725011,0.2175244997216081,0.109165876649107,0.1978475871038643,0.2342418219773253,0.0363942348734609
A01,5,1,251,1,0,0.2249663093135776,0.3408682906219599,0.1159019813083823,0.4156315106708314,0.3722261961473875,-0.0434053145234438,0.4212361214513284,0.3939969265974317,-0.0272391948538966,0.3086247139686465,0.4273218416462195,0.118697127677573
A01,5,2,2254,1,0,0.3479213273211788,0.33109317513132,-0.0168281521898587,0.4505494021199503,0.3130069382224776,-0.1375424638974727,0.2377855565505651,0.2530184539879416,0.0152328974373764,0.2723593581173731,0.367413126221617,0.0950537681042439
A01,5,3,4172,4,0,0.5667331161821264,0.2114373807419127,-0.3552957354402136,0.2759733554921629,0.3824778492995846,0.1065044938074217,0.2448442725112351,0.243813999794356,-0.001030272716879,0.4429519095331401,0.4126318988259237,-0.0303200107072164
A01,5,4,6124,2,0,0.2017953705185333,0.141214380565159,-0.0605809899533742,0.3090824811845168,0.4692161888612463,0.1601337076767294,0.1219105781795704,0.1738434399732785,0.051932861793708,0.0740807988093804,0.3013442334099626,0.2272634346005821
A01,5,5,8132,1,0,0.505383907168667,0.3718541873828232,-0.1335297197858437,0.2504134535295048,0.4519815168136718,0.201568063284167,0.1655648646355221,0.2738602017028836,0.1082953370673615,0.3648966279507873,0.2578468753051898,-0.1070497526455975
A01,5,6,10243,3,0,0.664066096190694,0.5615633947822803,-0.1025027014084136,0.5095056405693978,0.3640709344884368,-0.145434706080961,0.1660434736098162,0.219418513815897,0.0533750402060808,0.1731776177796376,0.2885239606394286,0.1153463428597909
A01,5,7,12160,1,0,0.3400186404846855,0.4376139420963248,0.0975953016116393,0.192325983295497,0.4087645502738119,0.2164385669783149,0.2467429258943902,0.2300636437301374,-0.0166792821642528,0.1233788441199181,0.1192908132786872,-0.0040880308412309
A01,5,8,14210,3,0,0.369393920976844,0.4560922317243739,0.0866983107475298,0.4679322475765168,0.0733501555587614,-0.3945820920177553,0.3393053564933636,0.2661874583816683,-0.0731178981116953,0.1910383073284178,0.2228438673398252,0.0318055600114074
A01,5,9,16141,2,0,0.3525309783999084,0.3802746052784084,0.0277436268785,0.3614912941059723,0.4631703460379654,0.101679051931993,0.3153517668860632,0.3848150505560314,0.0694632836699682,0.087223371606079,0.2826257586575355,0.1954023870514565
A01,5,10,18139,4,0,0.3283306267908338,0.1688435357175531,-0.1594870910732806,0.4638922465765619,0.2838108476732198,-0.1800813989033421,0.2570600258077193,0.1631020943782597,-0.0939579314294596,0.1528173701591455,0.2060512237151296,0.0532338535559841
A01,5,11,20045,1,0,0.4291386546075482,0.4256143080762101,-0.003524346531338,0.1709194879233024,0.3392105563299822,0.1682910684066798,0.1844468031976713,0.3591086702498978,0.1746618670522264,0.2902967670517714,0.4800242315892264,0.189727464537455
A01,5,12,21940,3,0,0.2544391048555399,0.282440367224506,0.0280012623689661,0.2959275834005362,0.2705067527340174,-0.0254208306665187,0.2073614570911601,0.255390728473805,0.0480292713826449,0.115283771071942,0.3788668521578224,0.2635830810858804
A01,5,13,23912,3,0,0.5311784237379775,0.2008413739788994,-0.330337049759078,0.394364161897815,0.4791533195142402,0.0847891576164251,0.2921553028692735,0.27481008912623,-0.0173452137430435,0.0538534790110468,0.4283571905305932,0.3745037115195463
A01,5,14,25856,1,0,0.4095530997563257,0.3474608727202452,-0.0620922270360804,0.3132291258676735,0.4112337834891644,0.0980046576214908,0.2503380404302818,0.2336201337880135,-0.0167179066422682,0.1466519571163969,0.2148004307598677,0.0681484736434707
A01,5,15,27823,3,0,0.4235439870488581,0.2852396367920065,-0.1383043502568516,0.5613384108803988,0.275366555064177,-0.2859718558162218,0.224214012448012,0.1561668517991034,-0.0680471606489086,0.2715732285389661,0.3024079485777299,0.0308347200387638
A01,5,16,29943,2,0,0.3261881998803359,0.4456224405316264,0.1194342406512904,0.1680708745382005,0.3946970435195379,0.2266261689813374,0.1257322860114318,0.2837982542193482,0.1580659682079163,0.3303102297406931,0.2475589748020816,-0.0827512549386114
A01,5,17,31951,4,0,0.2187707568631347,0.0797615738339663,-0.1390091830291684,0.5220003218072709,0.3450845261309559,-0.1769157956763148,0.1796983155138695,0.2652745246259427,0.0855762091120731,0.2644969063806205,0.30823701805241,0.0437401116717894
A01,5,18,34017,4,0,0.3926134698291997,0.265153537424814,-0.1274599324043857,0.500606479315803,0.382216503391679,-0.118389975924124,0.2888946483540557,0.1359587158964195,-0.1529359324576362,0.2496493159873473,0.4138473491208977,0.1641980331335504
A01,5,19,36053,4,0,0.410273075631033,0.1621580620764944,-0.2481150135545385,0.5952191358611193,0.3644070967816032,-0.230812039079516,0.1921489999714881,0.2497528636862902,0.057603863714802,0.2253089389779707,0.154850896097485,-0.0704580428804856
A01,5,20,38119,3,0,0.1608723383726867,0.1314605890951757,-0.0294117492775109,0.4805853725773684,0.2858720650271354,-0.1947133075502329,0.2232949628300566,0.2380911324538432,0.0147961696237866,0.209006390228003,0.3641298840395591,0.155123493811556
A01,5,21,40189,1,0,0.1951178057464453,0.3018278358987448,0.1067100301522994,0.2930345086168811,0.3618936984564094,0.0688591898395282,0.2313023399088441,0.2562355111118065,0.0249331712029623,0.2582763466294531,0.2294817405360426,-0.0287946060934104
A01,5,22,42269,4,0,0.1145549879591378,0.5075570614237227,0.3930020734645848,0.3002701710194239,0.3462872975517118,0.0460171265322879,0.2013264216289922,0.2261952824777862,0.0248688608487939,0.312312294509145,0.1778291368412735,-0.1344831576678715
A01,5,23,44181,2,0,0.1534700356368303,0.3860779397705932,0.2326079041337629,0.210651306646707,0.4541994363710952,0.2435481297243882,0.2568886493154619,0.290577671045015,0.033689021729553,0.1548141059149008,0.3472941564838902,0.1924800505689893
A01,5,24,46212,4,0,0.1551899073930532,0.4186265261322049,0.2634366187391517,0.2592707072459489,0.4561089953922527,0.1968382881463037,0.274251322340176,0.3738388163309906,0.0995874939908145,0.1790219240581827,0.3093991440726479,0.1303772200144652
A01,5,25,48165,2,0,0.3435504921942364,0.4180718494336669,0.0745213572394304,0.3902072742138878,0.4999477707283908,0.109740496514503,0.2914640160890248,0.1872553508419381,-0.1042086652470867,0.16600367481441,0.3862484981345248,0.2202448233201147
A01,5,26,50126,1,0,0.2723013400189185,0.1733134058774589,-0.0989879341414595,0.3905954124390787,0.4130915892410511,0.0224961768019724,0.1265520603542384,0.2594361912442372,0.1328841308899987,0.2331012568560217,0.4347836559943043,0.2016823991382825
A01,5,28,54234,2,0,0.6340452533997156,0.4238918390034251,-0.2101534143962905,0.5621941031368639,0.5046598980180057,-0.0575342051188582,0.2004996709440087,0.2709538765158205,0.0704542055718118,0.1474646381943055,0.3421997057288553,0.1947350675345498
A01,5,29,56209,1,0,0.6833662458858718,0.3384684275688389,-0.3448978183170329,0.2892923014709523,0.421704069815322,0.1324117683443696,0.1446396829610389,0.2482526408542216,0.1036129578931827,0.1676533150297289,0.3461763110931376,0.1785229960634086
A01,5,30,58235,3,0,0.1894883163343278,0.1342276803172562,-0.0552606360170715,0.3085293499547341,0.3117825640393654,0.0032532140846313,0.3843865053466578,0.1626816557601,-0.2217048495865578,0.1102458543121347,0.2051694428222867,0.094923588510152
A01,5,31,60306,3,0,0.2814794928010082,0.2313336897411,-0.0501458030599081,0.4403998158123698,0.2366120927030743,-0.2037877231092955,0.3072977425254721,0.1901987519147328,-0.1170989906107393,0.3272055715101593,0.076330825263419,-0.2508747462467402
A01,5,32,62413,1,0,0.2783797347796399,0.1607913526670807,-0.1175883821125592,0.3749780818843787,0.3291227722251523,-0.0458553096592264,0.2779682352481022,0.2255520283790809,-0.0524162068690213,0.3004513226261394,0.2479761533284183,-0.0524751692977211
A01,5,33,64505,3,0,0.2741375769818643,0.5021250062952612,0.2279874293133969,0.4121098162656533,0.3872555137109517,-0.0248543025547016,0.4780951729321435,0.160943680914125,-0.3171514920180185,0.3138871002369964,0.0792738549930319,-0.2346132452439644
A01,5,34,66596,4,0,0.3553265190149096,0.3050040327522978,-0.0503224862626117,0.1690241299067511,0.3310034975279809,0.1619793676212297,0.0633798053233831,0.2510593955736134,0.1876795902502303,0.2180083449245375,0.2050976414690267,-0.0129107034555108
A01,5,35,68639,4,0,0.1531560729932611,0.4729409524080564,0.3197848794147953,0.4094905014719686,0.3947041368501341,-0.0147863646218344,0.2619834475472591,0.3007259404882181,0.038742492940959,0.2687754728079102,0.351147895434574,0.0823724226266637
A01,5,36,70703,2,0,0.5624663757181944,0.2392613903156521,-0.3232049854025422,0.3357929244581724,0.1758427870665047,-0.1599501373916677,0.2018881078512543,0.2227320055577466,0.0208438977064923,0.3420361824473671,0.3285468984385723,-0.0134892840087948
A01,5,37,72723,1,0,0.2564416294155548,0.2369336419729676,-0.0195079874425871,0.4064648699104127,0.4141483612938956,0.0076834913834828,0.1785526200088158,0.3272354861396907,0.1486828661308749,0.0506323139683252,0.2466042161996827,0.1959719022313574
A01,5,38,74695,2,0,0.2321415692958485,0.1799955353101719,-0.0521460339856765,0.4789904939368173,0.2316703382998784,-0.2473201556369389,0.3254111889884729,0.1995266777421838,-0.125884511246289,0.2712753643620749,0.1940681559813804,-0.0772072083806944
A01,5,39,76658,4,0,0.2342257126725198,0.2683317925752598,0.0341060799027399,0.4986235693732265,0.320214861518704,-0.1784087078545225,0.0996057308185333,0.2684374970099582,0.1688317661914249,0.3097872764836332,0.2131206004014887,-0.0966666760821444
A01,5,40,78583,2,0,0.4326765774967477,0.163204265779483,-0.2694723117172647,0.4054310377017528,0.2075675252188361,-0.1978635124829167,0.3656745525274226,0.2669061831931801,-0.0987683693342424,0.1367387409364626,0.223223576085184,0.0864848351487213
A01,5,41,80664,4,0,0.3398428367337659,0.3631055263950948,0.0232626896613288,0.3219683057386859,0.2905371688707507,-0.0314311368679352,0.2803544100807474,0.1751781651826736,-0.1051762448980738,0.2564342898362587,0.0946752635230655,-0.1617590263131931
A01,5,42,82642,3,0,0.1060111711478877,0.4285705999584474,0.3225594288105596,0.355586178645738,0.4775354576401175,0.1219492789943795,0.2193043003080662,0.107694848142985,-0.1116094521650811,0.2563883391872322,0.196353454614107,-0.0600348845731252
A01,5,43,84632,2,0,0.7112110451559889,0.2152433409134885,-0.4959677042425003,0.3075472656516697,0.5897435112403386,0.2821962455886689,0.1630240618461851,0.2376810449125298,0.0746569830663446,0.2896658110834196,0.3436348237078849,0.0539690126244652
A01,5,44,86751,2,0,0.5285289860819747,0.3922729722833786,-0.1362560137985961,0.3008113536162436,0.5599824685816116,0.259171114965368,0.2290885440588942,0.3505072552200775,0.1214187111611832,0.2412093423793348,0.2711054360896197,0.0298960937102849
A01,5,45,88657,2,0,0.1701196773121834,0.3351930849755419,0.1650734076633584,0.3726169638210804,0.6531585519160635,0.2805415880949831,0.1763394652251473,0.2282972552201852,0.0519577899950378,0.2437544958986953,0.098350564291578,-0.1454039316071172
A01,5,46,90585,3,0,0.0508484306320321,0.264278970284645,0.2134305396526128,0.334226567159818,0.442560843672735,0.108334276512917,0.2908425730757786,0.1950408293368997,-0.0958017437388789,0.2254417050681322,0.4910404314270141,0.2655987263588819
A01,5,47,92699,4,0,0.061167388556454,0.3369701956010042,0.2758028070445501,0.3903346655437842,0.4929662913005893,0.102631625756805,0.1721729626475221,0.2482722790632872,0.076099316415765,0.295338072702551,0.2040958810714065,-0.0912421916311444
A01,5,48,94758,1,0,0.6142773102950565,0.3760542214920219,-0.2382230888030345,0.2241571153720452,0.4864978312068252,0.26234071583478,0.1653981835566575,0.1820574687846683,0.0166592852280108,0.1768968573961226,0.213669024865056,0.0367721674689333
A01,6,1,251,2,0,0.4410884473375462,0.3493212721901603,-0.0917671751473858,0.4657248091841808,0.4931322010419747,0.0274073918577939,0.3351199305957203,0.5743131288944577,0.2391931982987374,0.5966585934729622,0.5556851605716361,-0.0409734329013261
A01,6,2,2254,4,0,0.312896844725008,0.2966802342427295,-0.0162166104822785,0.6090453609509124,0.262685364309411,-0.3463599966415014,0.2765839834741093,0.5055867303370236,0.2290027468629142,0.2752924896048541,0.6079256940442638,0.3326332044394096
A01,6,3,4172,1,0,0.087555348588283,0.1927609968178873,0.1052056482296043,0.3346886747915251,0.4502575545834136,0.1155688797918885,0.42084509915366,0.2633211724546668,-0.1575239266989932,0.6666981194052121,0.71080332245511,0.0441052030498979
A01,6,4,6124,3,0,0.4620855177872762,0.1861912982550992,-0.2758942195321769,0.3824647811056789,0.3967928874001084,0.0143281062944295,0.3968656841355756,0.4491720208226663,0.0523063366870906,0.5355445596600916,0.7040578309385861,0.1685132712784944
A01,6,5,8132,3,0,0.5422472358274473,0.2017551323408134,-0.3404921034866338,0.1277744210576898,0.4168585633619512,0.2890841423042615,0.2806349672155538,0.4742816524868139,0.19364668527126,0.6246589482116877,0.516009153707587,-0.1086497945041006
A01,6,6,10243,4,0,0.2589294888871403,0.1875037745539818,-0.0714257143331585,0.1901298729669926,0.380507172879278,0.1903772999122853,0.382239392679812,0.4110881610988747,0.0288487684190626,0.6160047796482865,0.6360284427254302,0.0200236630771437
A01,6,7,12160,1,0,0.4834320657043364,0.0805204291776327,-0.4029116365267036,0.3459724388452848,0.4182152358914588,0.072242797046174,0.4202710970248112,0.5589502808228242,0.1386791837980129,0.573872001095429,0.4991181399428358,-0.0747538611525931
A01,6,8,14210,1,0,0.4321371356930677,0.0723548339843932,-0.3597823017086745,0.3885565984261715,0.7285256520704033,0.3399690536442318,0.2003107921295801,0.5266430955107458,0.3263323033811657,0.340571742399781,0.6156005248154486,0.2750287824156675
A01,6,9,16141,3,0,0.3549910111367303,0.296711824311804,-0.0582791868249263,0.6154959075557439,0.4167413449022649,-0.1987545626534789,0.3191895996169644,0.451862355956028,0.1326727563390635,0.2873356834888843,0.580442274388078,0.2931065908991938
A01,6,10,18139,2,0,0.4982386064878336,0.4215901319060872,-0.0766484745817464,0.47898481598659,0.4304156817240391,-0.0485691342625508,0.3578427949922428,0.4756453302451081,0.1178025352528652,0.37235249030874,0.7265939077092474,0.3542414174005073
A01,6,11,20045,4,0,0.5629260955461812,0.251349812624083,-0.3115762829220981,0.2558050289126132,0.3853356287141725,0.1295305998015593,0.4703730661769486,0.4322063471168574,-0.0381667190600911,0.5004411586507357,0.6986914784617628,0.1982503198110271
A01,6,12,21940,4,0,0.5421232983075205,0.1219157614034469,-0.4202075369040735,0.6355041255847401,0.377034849568591,-0.258469276016149,0.2234297138058767,0.5507193193604648,0.3272896055545881,0.5748693171813224,0.5933833449657815,0.018514027784459
A01,6,13,23912,4,0,0.0949182525283019,0.4131647496013295,0.3182464970730275,0.461014673752374,0.2984542555164916,-0.1625604182358824,0.3714886197844463,0.4320120487951034,0.0605234290106571,0.3303020383485369,0.4809338791141886,0.1506318407656517
A01,6,14,25856,2,0,0.620959988838931,0.4023263693363149,-0.218633619502616,0.2954145768430805,0.4975371300045914,0.2021225531615108,0.414659930194979,0.4316599237935099,0.0169999935985308,0.4825909819274768,0.7112377263916297,0.2286467444641529
A01,6,15,27823,1,0,0.4275909611406639,0.0761326672358138,-0.3514582939048501,0.5022324764356153,0.4595193759611107,-0.0427131004745045,0.4564531033466874,0.3582460816000072,-0.0982070217466802,0.676361604235837,0.7168000624436323,0.0404384582077952
A01,6,16,29943,3,0,0.5547699799165003,0.2754122551415144,-0.2793577247749859,0.3947351475164021,0.4621994280160417,0.0674642804996396,0.4131707417495057,0.4995503532968166,0.0863796115473108,0.5653389021329335,0.7610387982034054,0.1956998960704719
A01,6,17,31951,2,0,0.5416809746050129,0.2336959763231363,-0.3079849982818765,0.4148554052566168,0.4158749467708618,0.0010195415142449,0.278406352392373,0.4807356085584415,0.2023292561660684,0.428616117253047,0.5225815249403604,0.0939654076873133
A01,6,18,34017,4,0,0.2867387641382107,0.1733152873806769,-0.1134234767575337,0.3082004721645767,0.4140354875462326,0.1058350153816558,0.3037600016593817,0.5624134770925253,0.2586534754331436,0.5998319959774178,0.7783723454219749,0.1785403494445571
A01,6,19,36053,1,0,0.2617617753139921,0.2904019061587471,0.028640130844755,0.2638321728976829,0.3371748731272572,0.0733427002295742,0.2010236700265089,0.5626714057485026,0.3616477357219936,0.4426251955103856,0.6009745282484761,0.1583493327380905
A01,6,20,38119,4,0,0.3294726088312884,0.2117424724455806,-0.1177301363857077,0.3853163510092238,0.5464017197593523,0.1610853687501284,0.3864068728820767,0.3529396866187961,-0.0334671862632806,0.7045017706743286,0.5400277505041889,-0.1644740201701396
A01,6,21,40189,3,0,0.4134399899093102,0.3585561068242612,-0.0548838830850489,0.4791769226302726,0.5973193165552543,0.1181423939249816,0.4439655378324532,0.4084595381998706,-0.0355059996325826,0.6925249615045077,0.6743692521452376,-0.0181557093592701
A01,6,22,42269,2,0,0.2834591786766713,0.1230734247568192,-0.160385753919852,0.1482824496470518,0.4946527701095026,0.3463703204624507,0.5348097873075657,0.6115033790967893,0.0766935917892236,0.623755238826163,0.5678591156187239,-0.055896123207439
A01,6,23,44181,4,0,0.2526110852651672,0.1799529684234133,-0.0726581168417538,0.1116528278540126,0.3584328603992777,0.246780032545265,0.2965005096627868,0.4828026384658453,0.1863021288030585,0.4461291031433329,0.5064347701233057,0.0603056669799728
A01,6,24,46212,4,0,0.2243885583330875,0.0600470505115608,-0.1643415078215266,0.2233301731524581,0.3302355345117344,0.1069053613592762,0.3890305799802979,0.4608082286451486,0.0717776486648507,0.417524455966086,0.5925845469894231,0.175060091023337
A01,6,25,48165,1,0,0.3583873167671539,0.3777755164833774,0.0193881997162235,0.4632232718143699,0.3835814045871922,-0.0796418672271777,0.2885464514584991,0.5747432273807137,0.2861967759222146,0.5718049480095938,0.6521474146860847,0.0803424666764909
A01,6,26,50126,2,0,0.7272581430016233,0.1047230957557861,-0.6225350472458371,0.317130683146999,0.2807516684031633,-0.0363790147438357,0.4682531865815236,0.36817785557623,-0.1000753310052936,0.7664388608281233,0.727967781499259,-0.0384710793288642
A01,6,27,52230,2,0,0.1364302419499632,0.2606220238801159,0.1241917819301527,0.5224372492075149,0.3259258786224498,-0.196511370585065,0.4670549920388001,0.4391131053260836,-0.0279418867127164,0.5723896398189712,0.6813583249343552,0.108968685115384
A01,6,28,54234,3,0,0.4266205261035037,0.3195144977325291,-0.1071060283709746,0.5319067975656856,0.4787239775053978,-0.0531828200602877,0.4623891258317475,0.5029617321252192,0.0405726062934717,0.4496578216155411,0.6262206232731623,0.1765628016576212
A01,6,29,56209,4,0,0.4606862217739416,0.3886210068222365,-0.072065214951705,0.4552419857700994,0.4859919641101433,0.0307499783400438,0.5031927603540003,0.532235793541551,0.0290430331875507,0.4430765523900106,0.802241588049971,0.3591650356599604
A01,6,30,58235,2,0,0.1962682559656721,0.2419574983797017,0.0456892424140296,0.4571521750920135,0.4713788560770512,0.0142266809850377,0.3974461568321343,0.4647269329958777,0.0672807761637434,0.6850875775718178,0.705050891213637,0.0199633136418191
A01,6,31,60306,1,0,0.2553643327399489,0.4417939202629378,0.1864295875229888,0.4511870315174394,0.5298275017806694,0.07864047026323,0.3782153812977583,0.5045344584991721,0.1263190772014138,0.1477975507012777,0.6764668443348916,0.5286692936336138
A01,6,32,62413,1,0,0.3461685648104344,0.406680713221483,0.0605121484110485,0.4467326588372017,0.4952617742523631,0.0485291154151613,0.4025401672013817,0.4916006483298064,0.0890604811284246,0.3944951568230493,0.6477205837232373,0.2532254269001879
A01,6,33,64505,4,0,0.3712733277675221,0.3155105581447234,-0.0557627696227986,0.2806848705013749,0.314023706968494,0.0333388364671191,0.4309812959898632,0.537225864609696,0.1062445686198328,0.5885639676406882,0.7291523011198928,0.1405883334792046
A01,6,34,66596,2,0,0.2433610041246813,0.2252115256259011,-0.0181494784987802,0.396398002416951,0.4898766611196817,0.0934786587027306,0.2997626996828855,0.300067594554693,0.0003048948718074,0.4580713535341501,0.6425502322325735,0.1844788786984233
A01,6,35,68639,1,0,0.4211723875507446,0.2413141335325108,-0.1798582540182338,0.5054749606237511,0.5313305282450546,0.0258555676213034,0.4622589092639685,0.540938538360146,0.0786796290961774,0.3920457252102699,0.5143238412699133,0.1222781160596433
A01,6,36,70703,3,0,0.2525918372451064,0.1535827188716012,-0.0990091183735052,0.5443048754419454,0.4447622529536967,-0.0995426224882486,0.3893344469450501,0.3145194597375143,-0.0748149872075357,0.5656401636699024,0.5232637092134275,-0.0423764544564749
A01,6,37,72723,2,0,0.2219589247985503,0.3307439624479822,0.1087850376494319,0.5560954289432728,0.4956695017584315,-0.0604259271848413,0.3077571754002637,0.566794931643283,0.2590377562430193,0.5143063077424884,0.4009950504857151,-0.1133112572567733
A01,6,38,74695,2,0,0.1302416585921042,0.5444489510654875,0.4142072924733833,0.1853740343477596,0.7464563024751751,0.5610822681274155,0.345094425177377,0.3526518765739036,0.0075574513965266,0.4367013664136225,0.4667237067527266,0.0300223403391041
A01,6,40,78583,1,0,0.3052006953899829,0.2750290213159538,-0.0301716740740291,0.4516767791468615,0.4533030972152295,0.0016263180683679,0.2531134719050832,0.3991615042807573,0.1460480323756741,0.4715371595362482,0.4181216954826983,-0.0534154640535499
A01,6,41,80664,4,0,0.068301401885998,0.2587718205212538,0.1904704186352558,0.2062390404841784,0.5189884529489388,0.3127494124647603,0.4001933904545137,0.3959261284258977,-0.0042672620286159,0.2587736756199578,0.5159113142212318,0.257137638601274
A01,6,42,82642,3,0,0.3646278681098746,0.39607995706938,0.0314520889595053,0.2637858652197188,0.2808597552622373,0.0170738900425184,0.330735335328917,0.1548489054482148,-0.1758864298807022,0.4090498107446231,0.410936513995657,0.0018867032510339
A01,6,43,84632,3,0,0.5744060448523457,0.4161197437001259,-0.1582863011522198,0.1722486047329346,0.3679761717442406,0.195727567011306,0.3870242248497008,0.2764242656639899,-0.1105999591857108,0.3414375314634911,0.4765591425718918,0.1351216111084007
A01,6,44,86751,3,0,0.3921484072518277,0.3352705875025424,-0.0568778197492853,0.3518567553883452,0.4529304280309404,0.1010736726425952,0.3288042317540984,0.4466681178626513,0.1178638861085528,0.6065597143598868,0.6947324759122989,0.0881727615524121
A01,6,45,88657,3,0,0.2401634680450733,0.2112906182421876,-0.0288728498028856,0.1286136521401215,0.2888167800455089,0.1602031279053873,0.2982164197497991,0.2571173442056262,-0.0410990755441728,0.4110091921556899,0.4173713547157306,0.0063621625600406
A01,6,46,90585,1,0,0.2300178689578298,0.248932810469517,0.0189149415116872,0.4189091200024304,0.2267867593244529,-0.1921223606779774,0.1298234353133795,0.3935294288783666,0.2637059935649871,0.4510178931095078,0.611784198973094,0.1607663058635862
A01,6,47,92699,2,0,0.43190310785315,0.6045473954470275,0.1726442875938775,0.3328005046325916,0.4119904981760336,0.079189993543442,0.1283604916327765,0.3657832672040717,0.2374227755712951,0.2725496018074455,0.6097454710347875,0.3371958692273419
A01,6,48,94758,1,0,0.2212504721033414,0.3490173531765518,0.1277668810732103,0.1353619005066181,0.3340106065711862,0.198648706064568,0.4149465232896456,0.4803290597565274,0.0653825364668818,0.4151623087916661,0.4573920187857593,0.0422297099940931
A01,7,1,251,2,0,0.3672307698776041,0.1549225341282343,-0.2123082357493697,0.3371405608363632,0.2833474621936417,-0.0537930986427214,0.2636615450983732,0.556233292428871,0.2925717473304978,0.5688799598956155,0.6650013207764481,0.0961213608808326
A01,7,2,2254,1,0,0.3908321297178679,0.3230075476963415,-0.0678245820215264,0.3343598065236755,0.5292048788523794,0.1948450723287039,0.6202228587077612,0.530666822989479,-0.0895560357182821,0.4023289452917802,0.7206928318750055,0.3183638865832253
A01,7,3,4172,1,0,0.5060153292658007,0.2496859758780768,-0.2563293533877239,0.2921123588432152,0.3666682257050297,0.0745558668618145,0.4938563368165208,0.4785680085082401,-0.0152883283082807,0.5956955388099126,0.764224136051606,0.1685285972416934
A01,7,4,6124,3,0,0.4240619463548195,0.4796166667029247,0.0555547203481052,0.2694583987611544,0.461073990617967,0.1916155918568126,0.5674959020594936,0.4754906440853018,-0.0920052579741917,0.6777197605809043,0.6110053320638131,-0.0667144285170912
A01,7,5,8132,3,0,0.3913171047102999,0.2731737997907817,-0.1181433049195181,0.2992045206968607,0.2046686524687773,-0.0945358682280833,0.52240477545,0.5401482856257572,0.0177435101757572,0.7273316772584142,0.7588914669697772,0.0315597897113629
A01,7,6,10243,2,0,0.5750912362916571,0.3382217140658655,-0.2368695222257916,0.6379434560068383,0.4382380663826756,-0.1997053896241627,0.5201703830201503,0.5259059944247254,0.0057356114045751,0.3809579699337503,0.7550627113487369,0.3741047414149865
A01,7,7,12160,3,0,0.5251295162084871,0.5511164967775921,0.0259869805691049,0.3606747249333634,0.1788872740666563,-0.1817874508667071,0.5825850115318337,0.4177354944519972,-0.1648495170798365,0.6738796870382674,0.7948009580023371,0.1209212709640696
A01,7,8,14210,4,0,0.4039926989099682,0.1665417362267474,-0.2374509626832207,0.3572836794564909,0.4298722196659627,0.0725885402094717,0.3673072334361246,0.577830566247162,0.2105233328110373,0.7069720620948888,0.7740846620124454,0.0671125999175565
A01,7,9,16141,1,0,0.4575525069821654,0.3487403694005002,-0.1088121375816651,0.4156884117884017,0.420829289490308,0.0051408777019062,0.4846553536055918,0.577745484230918,0.0930901306253261,0.6306081837532819,0.7590581732728705,0.1284499895195886
A01,7,10,18139,4,0,0.3890660416146778,0.293847280807267,-0.0952187608074107,0.4032998739636754,0.4326948198778592,0.0293949459141838,0.4868323195648861,0.5722833577445129,0.0854510381796267,0.5635070062713717,0.7911343815706268,0.227627375299255
A01,7,11,20045,1,0,0.4788557154314489,0.476654623718341,-0.0022010917131079,0.3063400634728767,0.6996810287993308,0.3933409653264541,0.4333815715905739,0.5423616500073895,0.1089800784168155,0.750560225671995,0.7251508635254549,-0.0254093621465401
A01,7,12,21940,1,0,0.2425432729505901,0.4638319986509912,0.221288725700401,0.5299298201318857,0.4795290217834903,-0.0504007983483953,0.5528595685561145,0.4243911457905392,-0.1284684227655753,0.6342685907711373,0.7929925536896898,0.1587239629185525
A01,7,13,23912,2,0,0.2534862492132053,0.4050199264323611,0.1515336772191557,0.4129982567224535,0.4717209786965905,0.0587227219741369,0.5426933441203049,0.5413746978451014,-0.0013186462752035,0.6281635024667077,0.6270596661885098,-0.0011038362781978
A01,7,14,25856,4,0,0.2918523869762237,0.3032493253199363,0.0113969383437126,0.2955063530078064,0.3909871015667462,0.0954807485589397,0.6615514916960332,0.5123486170938395,-0.1492028746021937,0.7104934024597468,0.6510338112017054,-0.0594595912580413
A01,7,15,27823,3,0,0.549519378971345,0.3315508208474036,-0.2179685581239412,0.4785405206379708,0.407120182697872,-0.0714203379400988,0.5026615082569673,0.4597578972380475,-0.0429036110189197,0.7426870843843066,0.7457105975754909,0.0030235131911842
A01,7,16,29943,2,0,0.150042923310088,0.4609799548837263,0.3109370315736383,0.4997139197444869,0.5867800748702197,0.0870661551257327,0.3165786241105935,0.468370337872566,0.1517917137619725,0.6766362309071992,0.8139719175065336,0.1373356865993344
A01,7,17,31951,4,0,0.4155703360619678,0.1988662631417288,-0.216704072920239,0.4835648722585507,0.355743951449638,-0.1278209208089127,0.5096134643378469,0.5141975713766278,0.0045841070387808,0.6856267836378507,0.6736881066023866,-0.011938677035464
A01,7,18,34017,3,0,0.4205192743249869,0.242729974712773,-0.1777892996122138,0.2170098618846717,0.2370161437198212,0.0200062818351494,0.6234412805123533,0.5588964871538956,-0.0645447933584576,0.7010278867572739,0.7152745499359335,0.0142466631786596
A01,7,19,36053,4,0,0.3908305585969588,0.1598749678420635,-0.2309555907548953,0.4877351792292311,0.2825264286990787,-0.2052087505301524,0.513368948277115,0.5517779763113696,0.0384090280342546,0.6701815700542125,0.8008756206960903,0.1306940506418777
A01,7,20,38119,3,0,0.1097189550509551,0.4646233577252193,0.3549044026742641,0.2837587224424655,0.3853159298400825,0.101557207397617,0.5734614871641669,0.5185040236157218,-0.0549574635484451,0.7113296633385489,0.8011366244915747,0.0898069611530258
A01,7,21,40189,4,0,0.4352084085328456,0.3076455792393448,-0.1275628292935008,0.6228064198393005,0.1723656753569371,-0.4504407444823634,0.5432833591326433,0.5834356191809059,0.0401522600482626,0.7135549915103594,0.6579686948472274,-0.0555862966631319
A01,7,22,42269,2,0,0.4248463437277262,0.4148183779424949,-0.0100279657852312,0.3090211797096339,0.4102173897390828,0.1011962100294489,0.4710507946546235,0.6477486257690632,0.1766978311144397,0.6909773657341512,0.7229116545923359,0.0319342888581846
A01,7,23,44181,2,0,0.4454513501993676,0.3479681998297626,-0.097483150369605,0.5438991855485927,0.3159945184233163,-0.2279046671252764,0.6071010993892166,0.5159956129566211,-0.0911054864325955,0.7388774833285078,0.7746050350631332,0.0357275517346253
A01,7,24,46212,4,0,0.5589637718576217,0.2594542530112234,-0.2995095188463982,0.6324869009397883,0.3367469813452994,-0.2957399195944889,0.6052298909267916,0.5461407397736917,-0.0590891511530998,0.7091765811678022,0.7662554347928106,0.0570788536250083
A01,7,25,48165,1,0,0.4322541557619433,0.2454488086422007,-0.1868053471197426,0.4274550880882257,0.4087185378980988,-0.0187365501901268,0.527081913337529,0.708964900590194,0.181882987252665,0.5548949714075336,0.8198916089529311,0.2649966375453975
A01,7,26,50126,2,0,0.3249284272439972,0.0975790007626557,-0.2273494264813415,0.4065506775174529,0.4183334231316108,0.0117827456141578,0.6148456514606788,0.4609473859841075,-0.1538982654765713,0.7652620226208212,0.6873540644600773,-0.0779079581607439
A01,7,27,52230,2,0,0.3510255816474889,0.2608917383394953,-0.0901338433079935,0.6038464238418879,0.4164512685204892,-0.1873951553213986,0.3750979507443605,0.5846723884326579,0.2095744376882974,0.6418022383436026,0.7516166375559236,0.1098143992123209
A01,7,28,54234,2,0,0.2549612479276449,0.1394055479867678,-0.115555699940877,0.3430206925983626,0.5084410091327002,0.1654203165343375,0.4287281166989444,0.7003425211834013,0.2716144044844569,0.6420725229019645,0.7618829021899958,0.1198103792880312
A01,7,29,56209,3,0,0.1188814371603439,0.3623284068857502,0.2434469697254062,0.3479599851592672,0.3351882810668839,-0.0127717040923833,0.4885434111448642,0.5585009273122566,0.0699575161673924,0.7767643408676739,0.7706400829718063,-0.0061242578958675
A01,7,30,58235,4,0,0.1941364158293634,0.2629291037101795,0.0687926878808161,0.5493967182527545,0.3079249300816556,-0.2414717881710988,0.6062848099163514,0.5116414794893324,-0.094643330427019,0.6710939221566596,0.7169076685830539,0.0458137464263942
A01,7,31,60306,1,0,0.5632606849556947,0.13982569035146,-0.4234349946042346,0.4504984011475554,0.4953267704324262,0.0448283692848707,0.4558679304084896,0.6189276198026433,0.1630596893941536,0.5113573181715071,0.7745177299808214,0.2631604118093142
A01,7,32,62413,4,0,0.6019032981712336,0.3085851404223368,-0.2933181577488967,0.6422308950723552,0.4433612270303141,-0.198869668042041,0.4476396267909474,0.5754441077877134,0.1278044809967659,0.6842780569842551,0.599768178430835,-0.0845098785534201
A01,7,33,64505,1,0,0.5095284695679034,0.1915882186036859,-0.3179402509642175,0.6017606674217774,0.3950392789419499,-0.2067213884798274,0.5697581087123283,0.5994785622248562,0.0297204535125278,0.3866823856256686,0.6647174698043793,0.2780350841787107
A01,7,34,66596,3,0,0.5129970493458395,0.3768457647513603,-0.1361512845944791,0.5474233198382968,0.3080497839084623,-0.2393735359298345,0.4723565631640362,0.4134671381198695,-0.0588894250441667,0.5235988372193832,0.6390750322656066,0.1154761950462234
A01,7,35,68639,1,0,0.3824666721309072,0.3303339952030622,-0.052132676927845,0.3420692575218794,0.4303441083224287,0.0882748508005492,0.4206001685074114,0.5953302467383027,0.1747300782308913,0.6673318132651982,0.6607252125367171,-0.006606600728481
A01,7,36,70703,4,0,0.3926319521018775,0.4112845153153555,0.0186525632134779,0.2076778884909147,0.5450322243807885,0.3373543358898737,0.4342972916445004,0.5402504810684436,0.1059531894239432,0.6648145485838975,0.5981392331086708,-0.0666753154752267
A01,7,37,72723,1,0,0.2626519886233713,0.5765985973276303,0.313946608704259,0.1772346895081051,0.4882753311661348,0.3110406416580296,0.4396273402907728,0.557833543615723,0.1182062033249501,0.7395351602312742,0.7335285051766479,-0.0060066550546262
A01,7,38,74695,3,0,0.5819540405043593,0.4637250710152344,-0.1182289694891248,0.5314652932174884,0.2388340505261901,-0.2926312426912982,0.3766410277625379,0.3938646622091166,0.0172236344465787,0.6285704297383142,0.6278441381814306,-0.0007262915568836
A01,7,39,76658,1,0,0.0869331444936613,0.3219558409127647,0.2350226964191033,0.1930888862471352,0.4225117176010681,0.2294228313539329,0.491903961913439,0.4303558437408736,-0.0615481181725654,0.5613046347478076,0.6385184545869267,0.0772138198391191
A01,7,40,78583,2,0,0.2527991091086731,0.2543537662810066,0.0015546571723334,0.2267755497487167,0.3964850300298521,0.1697094802811354,0.5247716806509406,0.4935333762054439,-0.0312383044454966,0.5795466361992061,0.6822894532595131,0.1027428170603069
A01,7,41,80664,3,0,0.4900358120740558,0.409925421824227,-0.0801103902498288,0.3472145371171904,0.2537396164532684,-0.0934749206639219,0.4554322669477929,0.5967631439927571,0.1413308770449641,0.6808790848110661,0.653515871966585,-0.027363212844481
A01,7,42,82642,3,0,0.3586427895658453,0.2584890680699397,-0.1001537214959055,0.4379733527086631,0.2486902125645582,-0.1892831401441048,0.4914445532782109,0.5672689011543931,0.0758243478761822,0.539041191498945,0.6306020838103537,0.0915608923114086
A01,7,43,84632,4,0,0.4514161382829927,0.2995264223529969,-0.1518897159299958,0.2023763511588353,0.4682789104893941,0.2659025593305588,0.366786148074974,0.5361731012549077,0.1693869531799336,0.5457703246257435,0.7048589317744886,0.159088607148745
A01,7,44,86751,1,0,0.2799337179410847,0.185409116304646,-0.0945246016364387,0.5743171515914928,0.5915097218324027,0.0171925702409099,0.4618866021446633,0.6539590026897477,0.1920724005450843,0.4874685172061688,0.7470874019426793,0.2596188847365105
A01,7,45,88657,2,0,0.5283147039436844,0.3363682756736306,-0.1919464282700537,0.4028139328088654,0.5774507239837288,0.1746367911748633,0.5460112113636145,0.5741906263504187,0.0281794149868042,0.6531842781810066,0.6444212611659382,-0.0087630170150683
A01,7,46,90585,4,0,0.3015764125689406,0.5918282646214622,0.2902518520525216,0.3052809267947217,0.350585074903785,0.0453041481090633,0.4966525743945443,0.5506522172256527,0.0539996428311083,0.6676016697366945,0.6875418968553096,0.019940227118615
A01,7,47,92699,2,0,0.1802490121334648,0.3001617593754219,0.1199127472419571,0.2815895799303852,0.4835262213479855,0.2019366414176002,0.5262762638339445,0.4321788444853656,-0.0940974193485789,0.654977210455323,0.7649870305207865,0.1100098200654635
A01,7,48,94758,3,0,0.1878410462583591,0.2834863976990037,0.0956453514406445,0.508535237106387,0.1877068955246363,-0.3208283415817506,0.6128164987440835,0.584430839124788,-0.0283856596192955,0.6413998029862803,0.6944816444899147,0.0530818415036343
A01,8,1,251,3,0,0.4407598631358252,0.1841908979025829,-0.2565689652332423,0.3792142376862449,0.2452500372662351,-0.1339642004200098,0.4838631616617294,0.5268985228765123,0.0430353612147828,0.8312753651128444,0.578492845785062,-0.2527825193277824
A01,8,2,2254,1,0,0.3789963013829383,0.2046038979120919,-0.1743924034708464,0.4111443279575167,0.6104591701785093,0.1993148422209925,0.4896073778506951,0.6050190495925509,0.1154116717418557,0.6943659852053143,0.5595305938878955,-0.1348353913174188
A01,8,3,4172,4,0,0.3036905475076892,0.1768376773424052,-0.126852870165284,0.3967349906244589,0.5467094590881005,0.1499744684636416,0.63998736943665,0.5026473990668677,-0.1373399703697823,0.415299992082224,0.7134071645640064,0.2981071724817824
A01,8,4,6124,2,0,0.3295678850272988,0.4695836318254342,0.1400157467981354,0.4414266591357582,0.5152106086800462,0.073783949544288,0.274219021485452,0.5635772883555215,0.2893582668700694,0.3155805149413045,0.671228080217079,0.3556475652757744
A01,8,5,8132,4,0,0.1683816429262351,0.3034595204184355,0.1350778774922003,0.4202595570035163,0.3926155051381259,-0.0276440518653904,0.3370007793510664,0.5265501951948421,0.1895494158437757,0.5282530697309886,0.636620017542298,0.1083669478113094
A01,8,6,10243,1,0,0.2115970199177003,0.4147828025204518,0.2031857826027514,0.6275340477222844,0.4172377257719396,-0.2102963219503447,0.3788561776467074,0.5399312774896666,0.1610750998429592,0.2694485510014486,0.7805614220258399,0.5111128710243913
A01,8,7,12160,1,0,0.4734947494461886,0.2227821519016779,-0.2507125975445106,0.1944066941111346,0.473622124890087,0.2792154307789524,0.2212202181794856,0.5778814336603271,0.3566612154808415,0.6267220371048007,0.7698359972971234,0.1431139601923227
A01,8,8,14210,3,0,0.2197127540625114,0.321165708533689,0.1014529544711776,0.3494054946823667,0.5249688115595056,0.1755633168771388,0.4736320010599019,0.3133320441736956,-0.1602999568862063,0.688855517700123,0.5494095110084241,-0.1394460066916989
A01,8,9,16141,3,0,0.1794935484327319,0.3738488037793314,0.1943552553465994,0.3115904327274317,0.304675512083914,-0.0069149206435177,0.4293953993765034,0.3596315614467998,-0.0697638379297036,0.5919390130866196,0.5832625755400371,-0.0086764375465824
A01,8,10,18139,2,0,0.2759443800363191,0.102236046477881,-0.1737083335584381,0.2414474632324662,0.3124117832845531,0.0709643200520868,0.323346560467269,0.5349504550356146,0.2116038945683455,0.580676776618415,0.6414421901463447,0.0607654135279297
A01,8,11,20045,4,0,0.2001912250550669,0.4049778733157302,0.2047866482606633,0.4815441554271196,0.4329864105614493,-0.0485577448656702,0.4011700735156273,0.4917956708002787,0.0906255972846513,0.4375457115763057,0.6581910947111332,0.2206453831348275
A01,8,12,21940,2,0,0.2556454388407249,0.3524131631963574,0.0967677243556325,0.2492972677387147,0.4080008400845255,0.1587035723458107,0.5465874786927468,0.4520640145338478,-0.094523464158899,0.5175236765031934,0.4811000624987678,-0.0364236140044255
A01,8,13,23912,2,0,0.3747795573262671,0.3368795703338109,-0.0378999869924562,0.3700975030101035,0.3897741134750325,0.019676610464929,0.4123716120486235,0.4792564570125052,0.0668848449638817,0.7191210922419925,0.6175335510971729,-0.1015875411448196
A01,8,14,25856,1,0,0.1985263709766458,0.2283294271892779,0.029803056212632,0.3184876956730568,0.3866464334853519,0.068158737812295,0.3344758306914649,0.3374483833481503,0.0029725526566853,0.5909439089863237,0.626172450938009,0.0352285419516853
A01,8,15,27823,2,0,0.4682174180710727,0.3768425112296825,-0.0913749068413902,0.5169377450864056,0.4529099863222585,-0.064027758764147,0.3999906901706684,0.4109759149757155,0.0109852248050471,0.6481931822466958,0.5976613212855437,-0.050531860961152
A01,8,16,29943,4,0,0.7700952570047093,0.3179148997969566,-0.4521803572077527,0.4360545686786033,0.3317237158250932,-0.1043308528535101,0.3497420119848029,0.4923971133556047,0.1426551013708017,0.5174017391762646,0.5421005381077189,0.0246987989314542
A01,8,17,31951,4,0,0.5569529623646556,0.073768139802786,-0.4831848225618695,0.2755514977740994,0.3841160019777776,0.1085645042036781,0.2646860220633363,0.4532556930869406,0.1885696710236043,0.4982122343677628,0.6538099941088236,0.1555977597410607
A01,8,18,34017,2,0,0.5582870866908328,0.1137698149525968,-0.4445172717382359,0.380924600332558,0.3444007604425453,-0.0365238398900127,0.3769291569625371,0.4870208750169717,0.1100917180544346,0.5220209079320737,0.6428789878493877,0.120858079917314
A01,8,19,36053,2,0,0.5169374850580738,0.2748158273774652,-0.2421216576806085,0.4644985322336009,0.407042634166946,-0.0574558980666549,0.4689373501875037,0.4085976240095521,-0.0603397261779516,0.2074764132024242,0.5265109672283979,0.3190345540259736
A01,8,20,38119,2,0,0.2179847970200112,0.1238400741624174,-0.0941447228575938,0.6263153150550037,0.4164212940680528,-0.2098940209869509,0.4303249536778483,0.5374998703822597,0.1071749167044113,0.359565644266751,0.6655992330731271,0.306033588806376
A01,8,21,40189,2,0,0.3553341454888499,0.2134490585896787,-0.1418850868991712,0.1914877646470097,0.6212845118839373,0.4297967472369276,0.3171871758578853,0.4455443689919091,0.1283571931340237,0.4506436450309839,0.6331163940423824,0.1824727490113984
A01,8,22,42269,4,0,0.3106102748666449,0.2678199695938858,-0.0427903052727591,0.3671131658827698,0.497554297785526,0.1304411319027562,0.3341803797756011,0.4974240789850154,0.1632436992094142,0.4118037344343749,0.5757433937752473,0.1639396593408723
A01,8,23,44181,4,0,0.3638948201571402,0.2789553951341018,-0.0849394250230384,0.5625747224950357,0.4950690905411227,-0.0675056319539129,0.3527214662355276,0.368731972393202,0.0160105061576744,0.5103221909736216,0.5946338022220382,0.0843116112484165
A01,8,24,46212,3,0,0.541392124197093,0.3829699422846436,-0.1584221819124494,0.5641983247849834,0.3210563611858847,-0.2431419635990987,0.3649394893467384,0.4136076910613941,0.0486682017146557,0.481299252536271,0.5174611902861302,0.0361619377498592
A01,8,25,48165,4,0,0.1341518096908891,0.1691854344712212,0.035033624780332,0.2627683771242144,0.4036276773142312,0.1408593001900167,0.3134112644781309,0.5648400118583404,0.2514287473802095,0.6305381306738982,0.5504714154748215,-0.0800667151990767
A01,8,26,50126,1,0,0.1730326474548283,0.4809954561873584,0.3079628087325301,0.4862078306551517,0.4309855487601872,-0.0552222818949644,0.3073471570862149,0.4930954553596817,0.1857482982734667,0.4152635770612102,0.5917854679678883,0.176521890906678
A01,8,27,52230,2,0,0.0900058905939699,0.4411434483282645,0.3511375577342945,0.3740234450563349,0.3963361995517362,0.0223127544954012,0.2328193556659714,0.4925330064258066,0.2597136507598352,0.3829984016871786,0.5628006032066336,0.1798022015194549
A01,8,28,54234,3,0,0.3093497746655183,0.1158912066131512,-0.1934585680523671,0.3628912954471964,0.5106488484363976,0.1477575529892011,0.5504409350614521,0.4311228195896995,-0.1193181154717525,0.6651245799908325,0.5161203633558646,-0.1490042166349678
A01,8,29,56209,2,0,0.3625574440313248,0.3695767166007866,0.0070192725694618,0.2344017836091339,0.4202780472004597,0.1858762635913257,0.2784134550136202,0.4589382619726382,0.1805248069590179,0.3495219288864973,0.6053827425393321,0.2558608136528348
A01,8,30,58235,1,0,0.1288112893490489,0.2144732118980211,0.0856619225489721,0.437880705049044,0.6587159403770605,0.2208352353280165,0.2776682969932234,0.451752084910325,0.1740837879171016,0.6076472621509107,0.773811781989853,0.1661645198389423
A01,8,31,60306,4,0,0.3869973138836793,0.2649719026276005,-0.1220254112560788,0.2307846721213065,0.5075584864117569,0.2767738142904503,0.4138290551188275,0.3941111594974063,-0.0197178956214212,0.4409022800756619,0.5114078343297106,0.0705055542540486
A01,8,32,62413,1,0,0.2073564504838641,0.3886972512850955,0.1813408008012313,0.3756389176399154,0.5070030963379514,0.1313641786980359,0.1945432064436459,0.5479657897048408,0.3534225832611948,0.4451228385872139,0.7042426824842735,0.2591198438970595
A01,8,33,64505,4,0,0.2144168446756455,0.4749870639000253,0.2605702192243798,0.5500446060795642,0.3746192102635475,-0.1754253958160166,0.4849439000250503,0.5439502303271898,0.0590063303021395,0.4416359505795987,0.4876361739952391,0.0460002234156404
A01,8,34,66596,1,0,0.5153499118416102,0.1478657416571829,-0.3674841701844272,0.4588331420510041,0.3640321608348545,-0.0948009812161495,0.4167766138110675,0.3576004929520802,-0.0591761208589873,0.4169736734137355,0.6841058132300278,0.2671321398162923
A01,8,35,68639,1,0,0.2488257479620339,0.2886406321272212,0.0398148841651872,0.269914544794737,0.5468955146906788,0.2769809698959417,0.2709879259142401,0.4474174455409442,0.1764295196267041,0.4551336366543619,0.5046011091981148,0.0494674725437528
A01,8,36,70703,1,0,0.4270686832765774,0.2311076201678014,-0.1959610631087759,0.2545995684226577,0.3300788196081588,0.075479251185501,0.4229948363991873,0.3437094560437169,-0.0792853803554704,0.5591177709600739,0.3851975761734521,-0.1739201947866217
A01,8,37,72723,1,0,0.1523038502857267,0.1449962923102265,-0.0073075579755002,0.3399494748368514,0.4093150093458185,0.0693655345089671,0.3560032023357268,0.4291359635982554,0.0731327612625286,0.4237037703314176,0.5300417480069336,0.1063379776755159
A01,8,38,74695,3,0,0.1210134379971044,0.2351755326641422,0.1141620946670377,0.2269136350473212,0.3638696230176949,0.1369559879703737,0.3807363817889446,0.3619304066477916,-0.018805975141153,0.3662992133172786,0.589433760724298,0.2231345474070193
A01,8,39,76658,3,0,0.5465334317912752,0.2807734635553188,-0.2657599682359564,0.3194685930934258,0.6031986388640543,0.2837300457706285,0.2354815879458951,0.5064954501330424,0.2710138621871473,0.4658203403630456,0.6966308101666023,0.2308104698035567
A01,8,40,78583,4,0,0.6263519805292977,0.1937597491804313,-0.4325922313488665,0.3526986665870416,0.3134535284280403,-0.0392451381590012,0.3363635554301577,0.3028192321551176,-0.03354432327504,0.189368335398967,0.3419533826189043,0.1525850472199373
A01,8,41,80664,2,0,0.3013203797169809,0.3601635340463436,0.0588431543293627,0.6487112547568055,0.6160055511649317,-0.0327057035918737,0.4152455873822732,0.3968534542959306,-0.0183921330863425,0.2624459517923413,0.7414763890051616,0.4790304372128202
A01,8,42,82642,3,0,0.1070197719229357,0.3805498874535628,0.273530115530627,0.3058761414008847,0.2642960411518544,-0.0415801002490302,0.2394456694616797,0.3072452737212791,0.0677996042595993,0.3331650979458632,0.6109255167587248,0.2777604188128615
A01,8,43,84632,3,0,0.4448236701649856,0.190646895044483,-0.2541767751205026,0.4763161034784202,0.3729149412196823,-0.1034011622587378,0.4294298958457436,0.4028741489572774,-0.0265557468884661,0.3902978306771687,0.5419387660481906,0.1516409353710218
A01,8,44,86751,3,0,0.2693092675112,0.2236517393075509,-0.045657528203649,0.5465674356280233,0.335978625725205,-0.2105888099028183,0.3342409840140473,0.4417317167599127,0.1074907327458654,0.5708172945624594,0.5829968835466678,0.0121795889842083
A01,8,45,88657,4,0,0.1425324287262964,0.1934911744964067,0.0509587457701103,0.4469445074959243,0.1604380251315394,-0.2865064823643849,0.3515977288239093,0.3599217314127112,0.0083240025888018,0.4578873229503303,0.5770761893427022,0.1191888663923718
A01,8,46,90585,3,0,0.1514113725733198,0.247657418094174,0.0962460455208541,0.3560305702706274,0.5335634864860521,0.1775329162154247,0.2639853713369773,0.3811074849102688,0.1171221135732915,0.5707789489088396,0.738651691022147,0.1678727421133073
A01,8,47,92699,1,0,0.5699071442177978,0.0855121279544534,-0.4843950162633442,0.5978857627000466,0.4502521409132058,-0.1476336217868407,0.5223624852989417,0.4607354283700328,-0.0616270569289088,0.631992407344413,0.5626388912520774,-0.0693535160923355
A01,8,48,94758,3,0,0.4754894512904184,0.1215292756661327,-0.3539601756242857,0.3580410825816164,0.274623105997995,-0.0834179765836213,0.3118113772708217,0.3172837924847011,0.0054724152138794,0.656083496964005,0.6250402265249413,-0.0310432704390637
A02,3,1,251,1,0,0.6306806650954396,0.3849806114682599,-0.2457000536271796,0.6124394627126301,0.8179042852392415,0.2054648225266114,0.6172537651867293,0.7916609378559896,0.1744071726692603,0.8107695692821902,0.9236096328434028,0.1128400635612125
A02,3,2,2254,2,0,0.1762060915710128,0.2379110931901505,0.0617050016191376,0.5592140099782347,0.7228826178852623,0.1636686079070276,0.740897037773128,0.7786176693271322,0.0377206315540041,0.7982705154773523,0.91740964799854,0.1191391325211876
A02,3,3,4172,2,0,0.5584253806128749,0.3705884138846049,-0.18783696672827,0.6507051241088105,0.7208468320538961,0.0701417079450855,0.7908450925915378,0.689459930761466,-0.1013851618300717,0.9095617299121076,0.8819943513947734,-0.027567378517334
A02,3,4,6124,1,0,0.2435374489731794,0.4555549645588527,0.2120175155856732,0.5871484705187574,0.3871283753794087,-0.2000200951393487,0.6599147071919698,0.6780387847684956,0.0181240775765257,0.6577474182483891,0.741603414689594,0.0838559964412049
A02,3,5,8132,2,0,0.493307642931019,0.3144409594575776,-0.1788666834734413,0.4339075988720212,0.6846318778435767,0.2507242789715554,0.6524175904338033,0.6621159480409203,0.009698357607117,0.7742293138852319,0.793487515721985,0.019258201836753
A02,3,6,10243,1,0,0.1572163386596087,0.3459473872866925,0.1887310486270838,0.898542493875463,0.7884120121765373,-0.1101304816989257,0.5787281809669939,0.709155480602741,0.1304272996357471,0.8774645792564714,0.8362914749608122,-0.0411731042956591
A02,3,7,12160,2,0,0.1102661161646284,0.1339052390330461,0.0236391228684176,0.3666755718544601,0.6870918767446381,0.3204163048901779,0.5349482318202294,0.5782659874034594,0.0433177555832299,0.6305205856566012,0.8032777365272591,0.1727571508706579
A02,3,8,14210,3,0,0.4086203131624799,0.3086706664376673,-0.0999496467248125,0.3325646155034198,0.672734332535428,0.3401697170320082,0.5319016433862814,0.5217049411345648,-0.0101967022517166,0.4029348869991226,0.7950943109622634,0.3921594239631407
A02,3,9,16141,2,0,0.4546340709790803,0.285766992894604,-0.1688670780844762,0.5103707343821228,0.7283997651473629,0.2180290307652401,0.271354904689863,0.4053641801410482,0.1340092754511851,0.6056050310555394,0.735471288056379,0.1298662570008395
A02,3,10,18139,4,0,0.1819589129522095,0.4863078635822221,0.3043489506300126,0.6449611939034366,0.565437842951319,-0.0795233509521176,0.3465650397602862,0.5098791095966704,0.1633140698363842,0.7732362640649614,0.7588544175921265,-0.0143818464728349
A02,3,11,20045,1,0,0.2651292428607221,0.1684126276744071,-0.096716615186315,0.8580179818788254,0.6622107566289849,-0.1958072252498405,0.4936808017355904,0.549300842400283,0.0556200406646925,0.6520469991152569,0.837907503178364,0.1858605040631071
A02,3,12,21940,3,0,0.1884898487836949,0.4807453147166254,0.2922554659329305,0.6750232242542283,0.6512518834205885,-0.0237713408336398,0.44236269768674,0.5757910634269228,0.1334283657401827,0.65618553255542,0.6853880760368641,0.0292025434814441
A02,3,13,23912,2,0,0.5379797316134389,0.4948682729293309,-0.0431114586841079,0.8065291935752921,0.6081237059840578,-0.1984054875912342,0.4433198406247262,0.5025576844069931,0.0592378437822669,0.6141686626592485,0.8262689502290612,0.2121002875698127
A02,3,14,25856,1,0,0.4389818389304811,0.3736825926745414,-0.0652992462559396,0.4002093257337001,0.7785548037057978,0.3783454779720976,0.5881369756326403,0.5474622144703314,-0.0406747611623089,0.7441755014403009,0.850442293398288,0.1062667919579871
A02,3,15,27823,4,0,0.2735364610285258,0.2043729777524788,-0.069163483276047,0.8806420161447506,0.4567655727855544,-0.4238764433591961,0.6092295977471992,0.6298372008476749,0.0206076031004757,0.6784869221164053,0.7770372970119936,0.0985503748955883
A02,3,16,29943,4,0,0.3485918320926484,0.3385498111636139,-0.0100420209290345,0.6018538481733928,0.6769609770492551,0.0751071288758622,0.3370865696555872,0.6139376575694139,0.2768510879138266,0.322201275751395,0.7117284446920039,0.3895271689406088
A02,3,17,31951,4,0,0.768895196732146,0.5409102495916394,-0.2279849471405066,0.4972200350912409,0.7400509457011305,0.2428309106098895,0.3584181145069859,0.6177210539093126,0.2593029394023267,0.7413142321368179,0.6877576207392203,-0.0535566113975976
A02,3,18,34017,4,0,0.3961455926742375,0.559555866889856,0.1634102742156185,0.6667056398523308,0.7460625426951678,0.079356902842837,0.6373274101526423,0.6013840728421689,-0.0359433373104733,0.7865767796690164,0.8308905315097105,0.044313751840694
A02,3,19,36053,4,0,0.3394857144191289,0.179562335948933,-0.1599233784701958,0.5466071512553803,0.6893949461197605,0.1427877948643802,0.671887601760181,0.6018341552607224,-0.0700534464994586,0.732202987643342,0.8180644181015843,0.0858614304582422
A02,3,20,38119,1,0,0.1987405492314582,0.3295178197408611,0.1307772705094028,0.8708237836012184,0.6827174772482053,-0.188106306353013,0.5868926873247651,0.5112081544555996,-0.0756845328691654,0.7277482926284132,0.8675572393225529,0.1398089466941396
A02,3,21,40189,3,0,0.6631081575859449,0.2267724698582197,-0.4363356877277252,0.4469781946559772,0.732128898551747,0.2851507038957698,0.581849724733675,0.4728074744907304,-0.1090422502429446,0.5364008998267827,0.8015157580831946,0.2651148582564119
A02,3,22,42269,2,0,0.6639188604664661,0.5271217325871002,-0.1367971278793659,0.2263974136425813,0.5555976902864329,0.3292002766438515,0.50400303069873,0.5080906242386667,0.0040875935399367,0.6638229764935167,0.8049548871077651,0.1411319106142483
A02,3,23,44181,1,0,0.1874848460084217,0.3527457552421818,0.16526090923376,0.5403985949237111,0.7568836089882145,0.2164850140645033,0.5113012920097499,0.5450474808088438,0.0337461887990938,0.4815752860341333,0.7808814471006358,0.2993061610665025
A02,3,24,46212,1,0,0.2950936982540974,0.2477760741653075,-0.0473176240887898,0.2644010472309467,0.6075746414366084,0.3431735942056617,0.4101708420859463,0.5287282264887727,0.1185573844028263,0.5647804983287782,0.7919945741431093,0.227214075814331
A02,3,25,48165,3,0,0.6029807660768379,0.3086007859228117,-0.2943799801540261,0.6897320700196826,0.73882452445371,0.0490924544340274,0.4971667125977302,0.5655722545542259,0.0684055419564956,0.6091126114172545,0.7938940583746712,0.1847814469574167
A02,3,26,50126,4,0,0.3006123274395751,0.376102481296149,0.0754901538565738,0.7586345990730096,0.7898908885135116,0.031256289440502,0.5346233552804389,0.6875768958950148,0.1529535406145759,0.5980535091591586,0.8146069588435709,0.2165534496844123
A02,3,27,52230,1,0,0.6154566786178549,0.2292800578384578,-0.3861766207793971,0.5002585741493927,0.6173675545189817,0.117108980369589,0.5763734839732069,0.4885720363620439,-0.0878014476111629,0.6470117130617439,0.8258568233997243,0.1788451103379804
A02,3,28,54234,3,0,0.5737267896913423,0.3448370766599193,-0.2288897130314229,0.7057880184253206,0.5467366155899419,-0.1590514028353786,0.5400218272734775,0.5006963753837822,-0.0393254518896952,0.4481079087928637,0.6999585659054759,0.2518506571126122
A02,3,29,56209,3,0,0.2257799176226824,0.2071410028833063,-0.0186389147393761,0.5834020612944594,0.7585557734144357,0.1751537121199763,0.5288717903897817,0.5842426523031422,0.0553708619133604,0.8058042923334124,0.7558251836610259,-0.0499791086723865
A02,3,30,58235,3,0,0.3742631301935284,0.2248905130548817,-0.1493726171386467,0.8271500422799575,0.7148400809644926,-0.1123099613154648,0.6886080179528076,0.515762451016874,-0.1728455669359335,0.7473954463269968,0.8199910628494882,0.0725956165224913
A02,3,31,60306,1,0,0.4354315202841508,0.3919659050957305,-0.0434656151884202,0.7836516304136344,0.6179077132669722,-0.1657439171466621,0.3997279068258613,0.5534597713164401,0.1537318644905787,0.6316783229513006,0.663206478518564,0.0315281555672634
A02,3,32,62413,2,0,0.5209708794385473,0.0986799999956989,-0.4222908794428483,0.6219317460589437,0.6097335966817269,-0.0121981493772168,0.4981338449322869,0.5285978765424828,0.0304640316101958,0.5474753164004476,0.6765422356494827,0.1290669192490351
A02,3,33,64505,1,0,0.4338943667148325,0.6285451648326765,0.1946507981178439,0.4467949150186211,0.4952715126468187,0.0484765976281976,0.4794982854369187,0.3747501013287243,-0.1047481841081943,0.6458155782609561,0.7604807464015823,0.1146651681406261
A02,3,35,68639,2,0,0.6078367959397912,0.2838143862873617,-0.3240224096524295,0.6344659401961854,0.7236727307033828,0.0892067905071973,0.481390823250865,0.6505282326507127,0.1691374093998476,0.5062042452037456,0.8636728818483509,0.3574686366446052
A02,3,36,70703,1,0,0.2929963070064553,0.2497799698986429,-0.0432163371078123,0.6947262281859022,0.7318539678813991,0.0371277396954968,0.5206042010711353,0.6170504380567534,0.0964462369856181,0.5740621784654102,0.8563464678475181,0.2822842893821079
A02,3,37,72723,2,0,0.731150048325104,0.1775729590049184,-0.5535770893201856,0.662427953137482,0.5314630334967066,-0.1309649196407754,0.6095206298335217,0.5855913691585991,-0.0239292606749226,0.7210775162712851,0.7490544053702118,0.0279768890989267
A02,3,39,76658,2,0,0.2179554263051703,0.5297505305564061,0.3117951042512358,0.7993867587263617,0.8485285111327033,0.0491417524063416,0.5959267094668189,0.6396268066668099,0.043700097199991,0.5044668761884078,0.849058493391866,0.3445916172034582
A02,3,40,78583,3,0,0.5196394027671382,0.384209647112172,-0.1354297556549661,0.8312166121605571,0.6807956459399583,-0.1504209662205987,0.6083206052301943,0.5997175263191225,-0.0086030789110718,0.6019253898343662,0.6531335911691708,0.0512082013348046
A02,3,41,80664,3,0,0.5121051858733632,0.1446001699665617,-0.3675050159068014,0.6906929009808167,0.6169241773071984,-0.0737687236736183,0.5900086128080619,0.5823140418618369,-0.007694570946225,0.5644570766349297,0.7567605686564766,0.1923034920215468
A02,3,42,82642,4,0,0.5380994647475092,0.2745742912004595,-0.2635251735470497,0.7450986647004398,0.5536618618995551,-0.1914368028008847,0.6412273070363371,0.5177651772262715,-0.1234621298100656,0.6296180881767123,0.4942418367006098,-0.1353762514761025
A02,3,43,84632,3,0,0.6047094347232707,0.5027110032790083,-0.1019984314442623,0.6772822293677995,0.6528475753786367,-0.0244346539891627,0.4200726860142176,0.6164084255307412,0.1963357395165235,0.5928135983376702,0.7702933828039554,0.1774797844662852
A02,3,44,86751,3,0,0.5507389196873735,0.2351206929737775,-0.3156182267135959,0.7106193302212133,0.5736270887554913,-0.1369922414657219,0.5303608396469794,0.5709248388492948,0.0405639992023153,0.5758945185430422,0.6777196578938174,0.1018251393507752
A02,3,45,88657,4,0,0.2520352221884103,0.5039409466027293,0.2519057244143189,0.2142098906302911,0.7825269757111,0.5683170850808088,0.4785225668543486,0.4999782932340069,0.0214557263796583,0.4015495286163476,0.6851045936396645,0.2835550650233168
A02,3,46,90585,4,0,0.4070671298400569,0.3305391465982095,-0.0765279832418474,0.5373842629662342,0.7115369575847448,0.1741526946185105,0.6226021506070035,0.4840752498509521,-0.1385269007560514,0.6434331361868709,0.6764051558201187,0.0329720196332478
A02,3,47,92699,4,0,0.5050530062817128,0.5067979387010485,0.0017449324193357,0.6973645409618972,0.425134392605296,-0.2722301483566011,0.61296264825807,0.5134224505251611,-0.0995401977329089,0.5007655787677392,0.7390290162472398,0.2382634374795006
A02,3,48,94758,4,0,0.5321813811569451,0.1714769161088084,-0.3607044650481367,0.6065522346914223,0.6463146960336935,0.0397624613422712,0.3418914557341483,0.5147179122865745,0.1728264565524261,0.4391369917017905,0.671218108315095,0.2320811166133044
A02,4,1,251,4,0,0.3990523651879734,0.4549419630413128,0.0558895978533394,0.7535990841950335,0.6484348354716502,-0.1051642487233833,0.9087056327177018,0.902618526273839,-0.0060871064438627,0.9628292676725876,0.9427989576257196,-0.020030310046868
A02,4,3,4172,2,0,0.5274416761685393,0.363873449603978,-0.1635682265645612,0.8974608926745038,0.8549050489806669,-0.0425558436938369,0.9381677680766982,0.9309942759541974,-0.0071734921225008,0.9668761273219632,0.9782159573445196,0.0113398300225564
A02,4,4,6124,1,0,0.194627979909136,0.1292527535251288,-0.0653752263840071,0.8631247965667709,0.86267372585284,-0.0004510707139309,0.9185620188126016,0.9450926118534364,0.0265305930408347,0.9540203708936624,0.9824826804760566,0.0284623095823942
A02,4,5,8132,1,0,0.0855685794137369,0.1904664429676561,0.1048978635539192,0.8292228447974062,0.8517546826086575,0.0225318378112513,0.9301065638167444,0.9567002269220292,0.0265936631052848,0.9644758111804071,0.9788855226366244,0.0144097114562171
A02,4,6,10243,2,0,0.3711219881734494,0.1754401267785334,-0.1956818613949159,0.7451718132062571,0.8431139580424875,0.0979421448362303,0.917941931975541,0.954510983125292,0.036569051149751,0.9434095673769088,0.9672783138557212,0.0238687464788125
A02,4,7,12160,3,0,0.4394206102679055,0.4717419971367459,0.0323213868688404,0.6599484372201267,0.793575118101604,0.1336266808814772,0.9292334740856768,0.943543294569287,0.0143098204836102,0.9641393789869218,0.9779526115388528,0.0138132325519308
A02,4,8,14210,4,0,0.5526907449007586,0.5557011240982214,0.0030103791974627,0.7645432613403401,0.7644938539089069,-4.940743143322379e-05,0.9131555585990304,0.9497704198773256,0.0366148612782951,0.9789600419313572,0.9787240634908164,-0.0002359784405406
A02,4,9,16141,2,0,0.2147067995515322,0.4953507822362845,0.2806439826847522,0.788969029982392,0.8835577918017721,0.09458876181938,0.9182578154046168,0.9405638595599518,0.0223060441553351,0.9683191856559128,0.9828294215424276,0.0145102358865147
A02,4,10,18139,3,0,0.4803904705691234,0.3467212572865125,-0.1336692132826109,0.8345648195180847,0.8148214438563594,-0.0197433756617253,0.9410212057241674,0.942013440883245,0.0009922351590776,0.9616941320932902,0.9859437764361002,0.0242496443428099
A02,4,11,20045,1,0,0.2437882492266743,0.4123843545147169,0.1685961052880426,0.8594276127091941,0.8423208446602841,-0.0171067680489099,0.9404939053309238,0.9505634262703202,0.0100695209393963,0.9796247067580568,0.9838523156448822,0.0042276088868254
A02,4,12,21940,1,0,0.2946732040507014,0.4559984075161797,0.1613252034654783,0.9102269690582516,0.8455685156871244,-0.064658453371127,0.9309363379058596,0.9596157847245932,0.0286794468187334,0.9836557039828708,0.991307607860694,0.0076519038778231
A02,4,13,23912,1,0,0.2362521410909377,0.3938110489826401,0.1575589078917023,0.7613876302483646,0.8381256391071926,0.0767380088588279,0.9350510837356184,0.9481772674741864,0.0131261837385681,0.9769626181416288,0.9855855538801352,0.0086229357385065
A02,4,14,25856,4,0,0.3503503944825845,0.3604711405689937,0.0101207460864092,0.7354343831573715,0.8782877193983755,0.1428533362410039,0.9119469411436774,0.9624648719309848,0.0505179307873074,0.9831893257514588,0.982734138747498,-0.0004551870039608
A02,4,15,27823,2,0,0.4971961699121864,0.3315875368927864,-0.1656086330193999,0.8162325977012124,0.778286285030456,-0.0379463126707563,0.9708418750020976,0.953638445640272,-0.0172034293618256,0.9845714773982962,0.9763671834330564,-0.0082042939652399
A02,4,16,29943,2,0,0.6748951141712606,0.3957087466662482,-0.2791863675050123,0.8258000529369107,0.7999586377449123,-0.0258414151919984,0.9262613065872244,0.9229427020772356,-0.0033186045099885,0.931561573864786,0.9750252575922136,0.0434636837274275
A02,4,17,31951,1,0,0.203819131500719,0.3222356413131672,0.1184165098124481,0.8717729010558937,0.6573887523302286,-0.214384148725665,0.923554414866026,0.9036545800353794,-0.0198998348306467,0.9395193161061212,0.9687240178635846,0.0292047017574633
A02,4,18,34017,1,0,0.6442410107724672,0.425236434837851,-0.2190045759346161,0.685972565729384,0.7119780259108478,0.0260054601814637,0.842715207101414,0.9180858502030704,0.0753706431016565,0.8812482302612674,0.990833874265542,0.1095856440042746
A02,4,19,36053,3,0,0.5807826228246032,0.5907251141442639,0.0099424913196606,0.6162035802004154,0.649131971534729,0.0329283913343135,0.9476855693683556,0.8760392717362382,-0.0716462976321173,0.9830930365586774,0.9724163657428376,-0.0106766708158397
A02,4,20,38119,1,0,0.6753546203895072,0.3921237481994563,-0.2832308721900509,0.7951074584426421,0.8606196040439678,0.0655121456013256,0.9436201830253568,0.9106607953752276,-0.032959387650129,0.9758585419796038,0.9738948220123465,-0.0019637199672574
A02,4,21,40189,2,0,0.4531953934934208,0.5744416871231455,0.1212462936297246,0.8374124521898276,0.6883058062220985,-0.1491066459677291,0.87934041647682,0.9147016454685166,0.0353612289916965,0.9348727884769392,0.9806029002638482,0.0457301117869091
A02,4,22,42269,4,0,0.5178469920589908,0.3394152445132498,-0.1784317475457409,0.7986303612790095,0.831139639188334,0.0325092779093244,0.8953130471154944,0.8923520803592458,-0.0029609667562485,0.969832487024903,0.9330721211638838,-0.0367603658610191
A02,4,23,44181,4,0,0.6874354836288853,0.3311957021172045,-0.3562397815116808,0.5700657296489154,0.698734699551499,0.1286689699025835,0.9146092940657784,0.8995959600749176,-0.0150133339908606,0.9822255375861292,0.96984948612116,-0.0123760514649692
A02,4,24,46212,3,0,0.4196285371645736,0.293754014346938,-0.1258745228176356,0.8998272378667744,0.6290543912790331,-0.2707728465877413,0.770388664844225,0.7330143366386433,-0.0373743282055816,0.8552484024190895,0.9118825634523996,0.0566341610333099
A02,4,25,48165,1,0,0.0845034372438335,0.4705695222596396,0.3860660850158061,0.5381743272224259,0.7734343935458728,0.2352600663234469,0.8225994808865263,0.875399995083739,0.0528005141972126,0.8098016780009852,0.942901654908306,0.1330999769073207
A02,4,26,50126,4,0,0.3325067979952149,0.5140027028551966,0.1814959048599816,0.5486980081334718,0.7690476356574708,0.220349627523999,0.7088891066683612,0.8626228374086817,0.1537337307403204,0.8525977363901364,0.9304203283664996,0.0778225919763631
A02,4,27,52230,4,0,0.209712127464144,0.4375937256441484,0.2278815981800043,0.7999236064844314,0.6070259610689608,-0.1928976454154706,0.8059316388772891,0.8622783666957553,0.0563467278184661,0.8764529309395666,0.9664386323206928,0.0899857013811263
A02,4,28,54234,2,0,0.3335684923727163,0.3535990214175554,0.020030529044839,0.6769630533759253,0.8320602215442159,0.1550971681682905,0.6860076704430431,0.8846649802119174,0.1986573097688743,0.9286322611924896,0.9572639913897628,0.0286317301972731
A02,4,29,56209,4,0,0.3787471074952201,0.262196243534262,-0.1165508639609581,0.7344868477045657,0.7741757863674525,0.0396889386628868,0.8434786299371896,0.92275355846405,0.0792749285268603,0.8550239863400536,0.9525178803594272,0.0974938940193737
A02,4,30,58235,4,0,0.1901183348424752,0.1030561182728248,-0.0870622165696503,0.6791778180726566,0.7593359829008027,0.080158164828146,0.770302598954982,0.8677992253701738,0.0974966264151918,0.9177438801418892,0.963818233477675,0.0460743533357858
A02,4,31,60306,2,0,0.5295145542882694,0.2233222433623813,-0.3061923109258881,0.8537491903971477,0.6436650978188064,-0.2100840925783412,0.8089497140293762,0.8714679060653704,0.0625181920359941,0.9137481496723908,0.9421739688940898,0.0284258192216989
A02,4,32,62413,1,0,0.5975769574756751,0.3972306490056389,-0.2003463084700361,0.7188285437850042,0.703578619217225,-0.0152499245677791,0.8494019519270467,0.8530797233506531,0.0036777714236063,0.8877512491130147,0.9348113452958502,0.0470600961828354
A02,4,33,64505,2,0,0.6300890505640371,0.3626678229496631,-0.267421227614374,0.5895463408515793,0.6165174341483953,0.026971093296816,0.8844806448436289,0.7618436650272932,-0.1226369798163357,0.9692407426319112,0.8877681038617203,-0.0814726387701907
A02,4,34,66596,3,0,0.2003469124446916,0.4022032598445139,0.2018563473998222,0.5132831405746309,0.7918242269367033,0.2785410863620724,0.8736537375388317,0.8497707649587056,-0.023882972580126,0.91131627088311,0.9599248557832674,0.0486085849001572
A02,4,35,68639,3,0,0.3532401421777486,0.3079247731214756,-0.045315369056273,0.7523813226420707,0.7215494413797593,-0.0308318812623114,0.870284608393629,0.8520390857990928,-0.0182455225945361,0.9227216911027744,0.9609818341926288,0.0382601430898542
A02,4,36,70703,3,0,0.5582273811614911,0.3374598645745149,-0.2207675165869761,0.7971090510106337,0.792321126429739,-0.0047879245808947,0.8594866608106527,0.8660629888556102,0.0065763280449574,0.8901773436459027,0.9330630741198572,0.0428857304739546
A02,4,37,72723,4,0,0.6461932263111823,0.683905849360567,0.0377126230493847,0.7567990963750733,0.7779129364021778,0.0211138400271045,0.8146146837559297,0.8956523255516805,0.0810376417957507,0.8889023508022699,0.9361361275771786,0.0472337767749087
A02,4,38,74695,3,0,0.6702004332225712,0.3842701587340164,-0.2859302744885547,0.812336338654263,0.723551863363567,-0.088784475290696,0.8011014975437055,0.767711167322559,-0.0333903302211465,0.8161218312806394,0.91267664383223,0.0965548125515907
A02,4,39,76658,1,0,0.6641742653441156,0.1629883383881336,-0.501185926955982,0.7682576538268316,0.6208356034041272,-0.1474220504227044,0.7976017697098065,0.7825831720423145,-0.0150185976674919,0.901078985710977,0.8925706647339854,-0.0085083209769916
A02,4,40,78583,4,0,0.228205256150574,0.5521230183946113,0.3239177622440373,0.8088700322903435,0.6100134540972438,-0.1988565781930996,0.7823826880970863,0.8410442681947663,0.0586615800976799,0.8056492124156446,0.9524841555423958,0.1468349431267512
A02,4,41,80664,2,0,0.6463416692391745,0.2983792092778153,-0.3479624599613591,0.6595491715675053,0.7978458684417044,0.1382966968741991,0.808861488558951,0.8581522544427163,0.0492907658837652,0.9098402490966048,0.916407483731505,0.0065672346349002
A02,4,42,82642,3,0,0.5306591787927453,0.3988805420238098,-0.1317786367689354,0.610651073748257,0.7105669324678734,0.0999158587196163,0.759308645633636,0.8284330116673118,0.0691243660336757,0.7738649420229776,0.9381355679060422,0.1642706258830646
A02,4,43,84632,2,0,0.3559899803576654,0.3292302383637092,-0.0267597419939562,0.4802611123726808,0.6221526224528721,0.1418915100801912,0.8277384681914516,0.8678815488154751,0.0401430806240235,0.7713856686585153,0.9119883407011004,0.1406026720425851
A02,4,44,86751,3,0,0.7688843791511221,0.3059125320009666,-0.4629718471501555,0.5917530677410715,0.6215756292097464,0.0298225614686749,0.7322331561049176,0.7732024709517864,0.0409693148468688,0.854992213267678,0.8889626332035244,0.0339704199358463
A02,4,45,88657,4,0,0.2105566299410144,0.4200535518630345,0.20949692192202,0.6958788127991726,0.7878845625414019,0.0920057497422293,0.7778858570586402,0.7894218887521837,0.0115360316935434,0.9074982781412732,0.9209755288430824,0.0134772507018092
A02,4,46,90585,2,0,0.3285417513965174,0.4734985357514668,0.1449567843549493,0.7628950435193023,0.6431235543119069,-0.1197714892073953,0.8300147068755106,0.8346676026161559,0.0046528957406453,0.8702583493918097,0.894915949742316,0.0246576003505063
A02,4,47,92699,3,0,0.525948938303084,0.5265768998716439,0.0006279615685599,0.8326647621774746,0.6983605168734995,-0.1343042453039751,0.7647085772566122,0.810133052122018,0.0454244748654057,0.9003475725814009,0.8833435658251466,-0.0170040067562542
A02,4,48,94758,1,0,0.390902751115433,0.445685115133279,0.0547823640178459,0.6055626912529115,0.6188449650754789,0.0132822738225674,0.8313938734151736,0.8121416960251884,-0.0192521773899851,0.8373301353010735,0.886500729669398,0.0491705943683244
A02,5,2,2254,1,0,0.6232246878200028,0.4709089591151673,-0.1523157287048355,0.8481041627483333,0.8486890421970952,0.0005848794487618,0.9215185552758784,0.9645661870540664,0.0430476317781879,0.891910333169015,0.9754431247365716,0.0835327915675565
A02,5,3,4172,4,0,0.3336049017597146,0.2861144323351565,-0.0474904694245581,0.7588642996139561,0.9335433018345726,0.1746790022206165,0.9547284196755996,0.9644157730139936,0.0096873533383939,0.9828363755936202,0.9804676668610878,-0.0023687087325324
A02,5,4,6124,2,0,0.3542448258635074,0.1547006345219081,-0.1995441913415993,0.8826984980622425,0.9150148221604604,0.0323163240982177,0.9575123382123124,0.9656022396706716,0.0080899014583591,0.971220451584594,0.977549710558628,0.0063292589740339
A02,5,5,8132,1,0,0.2944609950944029,0.4163812593043207,0.1219202642099178,0.8883108535453,0.8167421380579797,-0.0715687154873203,0.914120915625951,0.9596674297392794,0.0455465141133284,0.9726636881787762,0.9838738274238872,0.011210139245111
A02,5,6,10243,3,0,0.2717858564179966,0.4673458774517325,0.1955600210337358,0.8539956911246606,0.846457724985017,-0.0075379661396435,0.9527839215376358,0.966691998670538,0.0139080771329023,0.979210425769206,0.9912726856889612,0.0120622599197552
A02,5,7,12160,1,0,0.5932634211836667,0.3838266212745699,-0.2094367999090967,0.8007789668252296,0.7364351225249368,-0.0643438443002928,0.9378837074940188,0.9576370713632286,0.0197533638692097,0.9737737013173886,0.979886141956951,0.0061124406395624
A02,5,8,14210,3,0,0.6513421708991168,0.315135752661157,-0.3362064182379597,0.8273510777664235,0.753503697545673,-0.0738473802207504,0.9541642158296538,0.9146967489332825,-0.0394674668963714,0.9769440348712236,0.9767929446711554,-0.000151090200068
A02,5,9,16141,2,0,0.2343583176353539,0.1553646175147997,-0.0789937001205541,0.8178002592182312,0.8068974273893093,-0.0109028318289219,0.9386297085386712,0.9385370381493546,-9.267038931648486e-05,0.964931516419986,0.975640524289854,0.010709007869868
A02,5,10,18139,4,0,0.1892446901008912,0.474133536878493,0.2848888467776018,0.8584362158633869,0.8212877824174176,-0.0371484334459693,0.9365379909224456,0.9206998935257976,-0.0158380973966478,0.9801776691719274,0.9828472547594008,0.0026695855874733
A02,5,11,20045,1,0,0.4173746358412386,0.1581854234272254,-0.2591892124140131,0.6541854096918251,0.7522081762271474,0.0980227665353222,0.9201450998816716,0.9385296124384592,0.0183845125567874,0.9524311705070816,0.9680515992901992,0.0156204287831176
A02,5,12,21940,3,0,0.4938814385438771,0.2905699265323075,-0.2033115120115696,0.8486256726485679,0.8344811867027389,-0.014144485945829,0.9377403002340003,0.9257366227240834,-0.0120036775099169,0.9426408173125744,0.9712945180090354,0.0286537006964608
A02,5,13,23912,3,0,0.4579061578508693,0.406676712512757,-0.0512294453381123,0.7734825742634149,0.8965286229182151,0.1230460486548001,0.8648399903596088,0.9338924228883316,0.0690524325287229,0.9729888015201124,0.9715240267370288,-0.0014647747830837
A02,5,14,25856,1,0,0.4575691646226648,0.5039485603126125,0.0463793956899477,0.8675057519060335,0.8035897218574551,-0.0639160300485783,0.945631803579359,0.9463146890822104,0.0006828855028513,0.9809022169737336,0.9774146259733436,-0.00348759100039
A02,5,15,27823,3,0,0.400413612636833,0.2674985385922425,-0.1329150740445905,0.8408951902283198,0.8066465663611027,-0.0342486238672171,0.88845569425668,0.9455698467637876,0.0571141525071077,0.9666310420164482,0.9752625692147904,0.0086315271983421
A02,5,16,29943,2,0,0.6215327777340602,0.4196245964340545,-0.2019081813000057,0.6935993440193667,0.7646666982542435,0.0710673542348767,0.912495881764392,0.9304983538871008,0.0180024721227087,0.9649946018532854,0.9744821750573706,0.0094875732040851
A02,5,17,31951,4,0,0.2436989308932262,0.5492756081843694,0.3055766772911431,0.7407298908151033,0.8012443912722593,0.060514500457156,0.8725488881462243,0.9205326431258964,0.047983754979672,0.9548479703110248,0.9582984647552848,0.00345049444426
A02,5,18,34017,4,0,0.4008824149747836,0.4098851026208575,0.0090026876460739,0.6646618725042749,0.6880133012925523,0.0233514287882774,0.9134304540745356,0.8975319079215079,-0.0158985461530275,0.9221971962926198,0.9636657284801122,0.0414685321874924
A02,5,19,36053,4,0,0.5952723525887806,0.3910187032477923,-0.2042536493409883,0.9059132067913253,0.4926356964523067,-0.4132775103390184,0.9241757124315672,0.898390311199792,-0.0257854012317751,0.9647217716741378,0.9740764755727036,0.0093547038985659
A02,5,20,38119,3,0,0.3249738599121629,0.3674121264338277,0.0424382665216647,0.8647844521222174,0.8639569417130136,-0.0008275104092038,0.906487335509176,0.8702565075849712,-0.0362308279242047,0.9664704902928342,0.9681558578287116,0.0016853675358774
A02,5,21,40189,1,0,0.5040965746249173,0.3400291538261183,-0.164067420798799,0.7855903041298467,0.8214506660739346,0.0358603619440879,0.800252183335559,0.9062919881172888,0.1060398047817298,0.8809298309697794,0.9705235922390872,0.0895937612693077
A02,5,22,42269,4,0,0.4812468768148881,0.3301013978756496,-0.1511454789392385,0.6910544413528028,0.8224791959728884,0.1314247546200856,0.8749105114596312,0.8766122969361311,0.0017017854764999,0.8777284016730055,0.9430499003055246,0.0653214986325191
A02,5,23,44181,2,0,0.4883308664589102,0.4529140522942468,-0.0354168141646634,0.9171419480834536,0.7046567038041179,-0.2124852442793356,0.8694433169043242,0.8951300572852362,0.025686740380912,0.8733800581173105,0.9341433689609528,0.0607633108436422
A02,5,24,46212,4,0,0.3334174123362703,0.4914084797655164,0.157991067429246,0.4362780663025382,0.8264376878270133,0.3901596215244751,0.6543224385571319,0.8779542516850029,0.2236318131278709,0.8584295266571288,0.9294689220994952,0.0710393954423664
A02,5,25,48165,2,0,0.5313185971264097,0.255840018642461,-0.2754785784839487,0.7967081326410843,0.7508079776079668,-0.0459001550331175,0.8673127824587322,0.8100923587758952,-0.0572204236828369,0.9083226762974956,0.9588807646699958,0.0505580883725003
A02,5,26,50126,1,0,0.5618126393011507,0.3811964195000084,-0.1806162198011422,0.784862800005423,0.7332407251139552,-0.0516220748914677,0.7227932809611792,0.8382144470918694,0.1154211661306902,0.8707780228426183,0.9388083485682086,0.0680303257255903
A02,5,27,52230,3,0,0.384302015219406,0.5447881726881222,0.1604861574687162,0.8364497774687804,0.8317719549559186,-0.0046778225128617,0.8023239742929947,0.8468111703960436,0.0444871961030488,0.8914929766531549,0.8794416150690108,-0.0120513615841441
A02,5,28,54234,2,0,0.463770117595227,0.5923396250686866,0.1285695074734596,0.7900251335099574,0.8036109442408461,0.0135858107308887,0.798775320450193,0.7846825527535929,-0.0140927676966,0.909015179208526,0.8926753520388481,-0.016339827169678
A02,5,29,56209,1,0,0.2947078883258062,0.5016031685676996,0.2068952802418933,0.7984533192530108,0.7199795587148043,-0.0784737605382064,0.7707903998268115,0.8286524738252924,0.0578620739984808,0.8639337471850618,0.824276047163011,-0.0396577000220508
A02,5,30,58235,3,0,0.526818691010339,0.3267306514022908,-0.2000880396080481,0.6169630680951789,0.6949186673524614,0.0779555992572825,0.8135855649640004,0.7493976864628884,-0.0641878785011119,0.8537730007310037,0.8955934591126212,0.0418204583816175
A02,5,31,60306,3,0,0.4045198181386923,0.4126619254352804,0.0081421072965881,0.7275051450963783,0.4697462747822007,-0.2577588703141776,0.6293363872273058,0.7805291994117687,0.1511928121844629,0.8817411094565025,0.9198385197056216,0.0380974102491191
A02,5,32,62413,1,0,0.3843996289998971,0.2176516235700595,-0.1667480054298376,0.8919541474920127,0.5092674105858072,-0.3826867369062056,0.739698280048486,0.859686383413183,0.119988103364697,0.8743410721586505,0.9386440501137936,0.0643029779551429
A02,5,33,64505,3,0,0.5369520093170386,0.5084645266394908,-0.0284874826775477,0.8163994227836332,0.7525950738808813,-0.0638043489027518,0.7888278030724413,0.7825057721384063,-0.0063220309340349,0.8321818680937507,0.8462382986596294,0.0140564305658786
A02,5,34,66596,4,0,0.4223808779523793,0.5170799638101242,0.0946990858577448,0.7391247018463256,0.4956571289933511,-0.2434675728529745,0.825231063303854,0.784469589054991,-0.040761474248863,0.845552277631809,0.8581210603147501,0.0125687826829411
A02,5,35,68639,4,0,0.424205467488144,0.5886039842382248,0.1643985167500808,0.6742557638503117,0.6466188636439894,-0.0276369002063223,0.726485812536888,0.747065844311243,0.0205800317743549,0.8325543482004446,0.82338053975617,-0.0091738084442746
A02,5,36,70703,2,0,0.5659031517679972,0.4626916703465883,-0.1032114814214088,0.641206292477696,0.6964794782056009,0.0552731857279048,0.7739976633789976,0.8404235329306704,0.0664258695516728,0.9007979608574552,0.9268491341424944,0.0260511732850393
A02,5,37,72723,1,0,0.5587297622042156,0.4315798911953962,-0.1271498710088193,0.7034863079137409,0.7102513852748334,0.0067650773610925,0.6410990844616414,0.7744984796164088,0.1333993951547674,0.9170380557583816,0.8668133003433339,-0.0502247554150475
A02,5,38,74695,2,0,0.2303162918446635,0.4397831621821498,0.2094668703374863,0.4052735823245585,0.6836311377545099,0.2783575554299514,0.852041763318313,0.8119127213947985,-0.0401290419235145,0.8911556991303071,0.9117968545043312,0.0206411553740241
A02,5,39,76658,4,0,0.1864626644501005,0.4469030768853988,0.2604404124352982,0.8442873469477352,0.8581902064967059,0.0139028595489706,0.664130756910546,0.8119808207039093,0.1478500637933633,0.8366908408733339,0.8737337299651692,0.0370428890918352
A02,5,40,78583,2,0,0.1819809402991241,0.1901331477049136,0.0081522074057895,0.6348607542142253,0.8100796915225896,0.1752189373083643,0.7378205969652338,0.8343099749116217,0.0964893779463879,0.8993232200655009,0.9261237929313724,0.0268005728658714
A02,5,41,80664,4,0,0.2957900722831171,0.3735795810540702,0.077789508770953,0.542860027632528,0.776361592180951,0.2335015645484229,0.7828991587953811,0.7328793866849053,-0.0500197721104758,0.8007063283817398,0.9195085672991729,0.118802238917433
A02,5,42,82642,3,0,0.4209542538961102,0.5858804002510809,0.1649261463549706,0.5501536659361388,0.6564277514407449,0.1062740855046061,0.7644635702794635,0.818717211960499,0.0542536416810354,0.881292311901925,0.8720898738538595,-0.0092024380480655
A02,5,43,84632,2,0,0.0871577366000574,0.2794958737904126,0.1923381371903551,0.7557696470934248,0.6464204133316672,-0.1093492337617575,0.8097191107893558,0.7529475253133942,-0.0567715854759616,0.7910859353247609,0.9301960171773772,0.1391100818526163
A02,5,44,86751,2,0,0.6022678860303368,0.2405113243142375,-0.3617565617160991,0.7918969979812213,0.6648979576190287,-0.1269990403621925,0.7978216929924342,0.8364038319783857,0.0385821389859515,0.7423378776849177,0.8824292100171315,0.1400913323322138
A02,5,45,88657,2,0,0.6605278630792482,0.3492636642754631,-0.311264198803785,0.7956340092667723,0.7371028721430186,-0.0585311371237536,0.8005175510818843,0.7947346371075084,-0.0057829139743759,0.7027076382892984,0.7592913011547698,0.0565836628654714
A02,5,46,90585,3,0,0.1869938313095682,0.2643525031472995,0.0773586718377312,0.6416296451984695,0.6609676993282367,0.0193380541297671,0.6720129497899496,0.5337613537479797,-0.1382515960419699,0.6536422384237116,0.7989230747869189,0.1452808363632073
A02,5,47,92699,4,0,0.043167954516749,0.4537281018638401,0.410560147347091,0.7092240937097796,0.7823288504337752,0.0731047567239956,0.4098128541403954,0.6765850271659998,0.2667721730256043,0.5656563541223146,0.7608480763349963,0.1951917222126816
A02,5,48,94758,1,0,0.41018098268309,0.1797180804610012,-0.2304629022220888,0.726866161598273,0.6571063261658595,-0.0697598354324134,0.5932153996525156,0.7601295424211333,0.1669141427686177,0.8098134104332692,0.9106391395410808,0.1008257291078116
A02,6,1,251,2,0,0.4355088093598665,0.5792317458241286,0.1437229364642621,0.8604392801779511,0.8834804448881542,0.0230411647102031,0.960778623105827,0.9427632013224476,-0.0180154217833792,0.9651640884716548,0.9749668447761024,0.0098027563044476
A02,6,2,2254,4,0,0.4717650841049404,0.3862822080872377,-0.0854828760177027,0.6974079851331084,0.8973838789786416,0.1999758938455331,0.9346043852156288,0.9587722378480442,0.0241678526324155,0.9851541793006228,0.988815372131688,0.0036611928310653
A02,6,3,4172,1,0,0.4193132349824228,0.2300915897776267,-0.189221645204796,0.8940558551066236,0.8892097695636044,-0.0048460855430191,0.952404305155672,0.9543988621791676,0.0019945570234957,0.982338399631874,0.9848933733909704,0.0025549737590961
A02,6,4,6124,3,0,0.1466806354596582,0.4195831912911069,0.2729025558314487,0.8842108103437482,0.8243887509221793,-0.0598220594215688,0.9340796254533767,0.9352644627355736,0.0011848372821969,0.962724473297014,0.9821131904563976,0.0193887171593836
A02,6,5,8132,3,0,0.821544545413507,0.391428098356021,-0.4301164470574859,0.8592665548649886,0.6835571980518431,-0.1757093568131454,0.8875135261347168,0.9069978059980246,0.0194842798633078,0.9585095547072232,0.9536068285309448,-0.0049027261762784
A02,6,6,10243,4,0,0.393464043431941,0.1436931919580304,-0.2497708514739106,0.7616049313004483,0.6672960193073667,-0.0943089119930815,0.8925772218347904,0.875886332228485,-0.0166908896063053,0.9663364975989658,0.949908468902332,-0.0164280286966337
A02,6,7,12160,1,0,0.629191873488889,0.2885946666007102,-0.3405972068881788,0.76517330908358,0.7487670509484561,-0.0164062581351239,0.7888519157074734,0.8167134400274624,0.027861524319989,0.9396543707624344,0.960987566295028,0.0213331955325938
A02,6,8,14210,1,0,0.5922731025264131,0.0922419871744765,-0.5000311153519366,0.794995681091798,0.6954526718509909,-0.099543009240807,0.867961646707388,0.8104713960517269,-0.057490250655661,0.9221493937352496,0.9205882602110288,-0.0015611335242208
A02,6,9,16141,3,0,0.4850922954480465,0.3276846785645251,-0.1574076168835214,0.6432599952669412,0.7379748979954078,0.0947149027284666,0.7652935881021277,0.8644404352040723,0.0991468471019446,0.916393137290914,0.9429588388675952,0.0265657015766811
A02,6,10,18139,2,0,0.4778713181147105,0.391315488992948,-0.0865558291217625,0.629159781045259,0.6832946918317739,0.0541349107865148,0.7306409585067736,0.8629434460979366,0.132302487591163,0.8699815066971921,0.9766521042760044,0.1066705975788123
A02,6,11,20045,4,0,0.32895547204894,0.2730708778394258,-0.0558845942095141,0.6583643595177602,0.8067610157701522,0.148396656252392,0.6295016226437633,0.860805038076929,0.2313034154331656,0.864955114846128,0.9729125394190588,0.1079574245729309
A02,6,12,21940,4,0,0.2632064164104385,0.6414582045098756,0.378251788099437,0.7527350728110164,0.6417356103772222,-0.1109994624337942,0.7408099440301201,0.747030641616106,0.0062206975859858,0.8968659983846862,0.9364039037572232,0.0395379053725371
A02,6,13,23912,4,0,0.5254967853983458,0.5280013252999572,0.0025045399016114,0.5870979794263989,0.7238067604136915,0.1367087809872926,0.7719727614297935,0.7990742078399938,0.0271014464102002,0.8435270418989477,0.8197593915426189,-0.0237676503563287
A02,6,14,25856,2,0,0.4296431752518793,0.4298145385364558,0.0001713632845765,0.6314146404995854,0.7768836558504874,0.1454690153509019,0.5751867811241433,0.6657026169352871,0.0905158358111437,0.7224726964464033,0.8582934947314099,0.1358207982850066
A02,6,15,27823,1,0,0.2717848177253019,0.4157673807441259,0.143982563018824,0.7467256766399623,0.633454194010002,-0.1132714826299602,0.5338640798139522,0.7168535239440136,0.1829894441300613,0.7066647071073177,0.886237384695767,0.1795726775884493
A02,6,16,29943,3,0,0.5251912945877887,0.3058195718043838,-0.2193717227834049,0.7007029250001625,0.6344356149707693,-0.0662673100293932,0.6862795217550612,0.6261328287218111,-0.0601466930332501,0.7209148997397528,0.793583958445098,0.0726690587053452
A02,6,17,31951,2,0,0.3388987376821041,0.4573789930375627,0.1184802553554585,0.6193548881250182,0.6898572665467834,0.0705023784217652,0.6747023891210349,0.7128909317279912,0.0381885426069563,0.881540711599948,0.7578604383315328,-0.1236802732684151
A02,6,18,34017,4,0,0.4153857511632381,0.3523305977928141,-0.063055153370424,0.6784666587780765,0.7371505583877164,0.0586838996096398,0.4454051140714877,0.6444119134104682,0.1990067993389804,0.7425882629164918,0.7890522189054723,0.0464639559889804
A02,6,19,36053,1,0,0.4455674708278137,0.5594254666592435,0.1138579958314298,0.5967033591450017,0.4785922348751662,-0.1181111242698355,0.5521580702112454,0.7613187065991172,0.2091606363878717,0.7702239848524605,0.844395285744846,0.0741713008923855
A02,6,20,38119,4,0,0.6201564570003585,0.2077546140837335,-0.4124018429166249,0.7867884956750043,0.7013037840598242,-0.0854847116151801,0.4526763386878273,0.6500016355271858,0.1973252968393585,0.8522359245518878,0.7326693360251536,-0.1195665885267341
A02,6,21,40189,3,0,0.2934077327223157,0.5057600935308956,0.2123523608085798,0.7382197344729367,0.7119378775728613,-0.0262818569000753,0.5677359235588019,0.6246141308010299,0.056878207242228,0.5585100196027394,0.8422184062940907,0.2837083866913513
A02,6,22,42269,2,0,0.5201997989728905,0.3638233351948935,-0.1563764637779969,0.6268296600144401,0.7908728563373394,0.1640431963228993,0.3695675501512214,0.6928797478245826,0.3233121976733612,0.7241615531674295,0.813387720062183,0.0892261668947534
A02,6,23,44181,4,0,0.6467532482321928,0.2229641655757401,-0.4237890826564527,0.822516623076937,0.688387861392033,-0.1341287616849039,0.6265991142465365,0.6932145961457651,0.0666154818992286,0.7566872674482857,0.8163015669883744,0.0596142995400886
A02,6,24,46212,4,0,0.6500490864759038,0.428783533874657,-0.2212655526012467,0.8230188292642279,0.6990905230457669,-0.1239283062184609,0.4706745428112078,0.5482559878185816,0.0775814450073738,0.7315143830034163,0.6481592416967449,-0.0833551413066714
A02,6,25,48165,1,0,0.3441413182925901,0.2695330459692774,-0.0746082723233126,0.7169720989065408,0.7692227808616484,0.0522506819551076,0.5201793879147548,0.6519193611701101,0.1317399732553552,0.7355401527643309,0.8401960375607628,0.1046558847964318
A02,6,26,50126,2,0,0.3537058169265153,0.5593304095716506,0.2056245926451352,0.6210006397558777,0.7580086518774477,0.13700801212157,0.7077761768046091,0.6021515203924085,-0.1056246564122006,0.6593141000762085,0.7389564349935551,0.0796423349173466
A02,6,27,52230,2,0,0.7397214332945106,0.481890059491377,-0.2578313738031335,0.5643782537738079,0.8140929877875452,0.2497147340137373,0.5702679514457338,0.6664149950747155,0.0961470436289816,0.8153995138703104,0.7478507661436202,-0.0675487477266901
A02,6,28,54234,3,0,0.5140354007620991,0.3792697549999166,-0.1347656457621824,0.5488606216219913,0.5587519497013981,0.0098913280794067,0.7125039947202353,0.6940535476374426,-0.0184504470827926,0.7544648697796885,0.8371781008563755,0.0827132310766869
A02,6,29,56209,4,0,0.4534581605667521,0.3911175893812561,-0.062340571185496,0.7374315033265735,0.3762209701550484,-0.361210533171525,0.5439699611075881,0.6689444348824163,0.1249744737748281,0.7513245297275908,0.7630788886190711,0.0117543588914803
A02,6,30,58235,2,0,0.381057635891165,0.4375693507554158,0.0565117148642508,0.4934112954230004,0.8065530404462476,0.3131417450232472,0.6544118905791195,0.745584830743445,0.0911729401643254,0.7829423982700062,0.8802220447580636,0.0972796464880574
A02,6,31,60306,1,0,0.6324818241568018,0.4982707215634769,-0.1342111025933248,0.8722277191304454,0.6448202125037185,-0.2274075066267269,0.5248112259074104,0.6332167337594071,0.1084055078519967,0.7378175978173392,0.7296835801895627,-0.0081340176277765
A02,6,32,62413,1,0,0.3893173429496255,0.533513457907272,0.1441961149576464,0.6718701049472902,0.8376662616522073,0.1657961567049171,0.4131062616937296,0.6846879905368887,0.271581728843159,0.7869251000902278,0.8580881675990722,0.0711630675088444
A02,6,33,64505,4,0,0.6611042099489438,0.6946605731589892,0.0335563632100454,0.8779084405956732,0.8556394706284195,-0.0222689699672536,0.7976112637083137,0.6765822487231071,-0.1210290149852065,0.8371701468051975,0.7466132980829114,-0.090556848722286
A02,6,34,66596,2,0,0.4916089569829717,0.3940931113402005,-0.0975158456427712,0.5342021868579547,0.7651249564674707,0.2309227696095159,0.65195257315871,0.6216298858840624,-0.0303226872746475,0.7100812294867666,0.6643841472562736,-0.0456970822304929
A02,6,35,68639,1,0,0.5564381621998332,0.4433955882812255,-0.1130425739186076,0.8481968014571368,0.698484724827324,-0.1497120766298127,0.6986514718114823,0.6440797945173921,-0.0545716772940902,0.6693802864708636,0.7864138760622523,0.1170335895913887
A02,6,36,70703,3,0,0.1225390671767266,0.1856522401927975,0.0631131730160709,0.7152538663738136,0.5542527470373543,-0.1610011193364593,0.6791636159689227,0.6734429440980039,-0.0057206718709188,0.7062621080715762,0.8094735974308379,0.1032114893592617
A02,6,37,72723,2,0,0.185857911973936,0.3495171722648585,0.1636592602909225,0.6837446966631203,0.7308999740605504,0.04715527739743,0.4703873254681937,0.5630756704903377,0.092688345022144,0.5666935648574671,0.6721198656529238,0.1054263007954566
A02,6,38,74695,2,0,0.5557724141935307,0.5411897101097657,-0.014582704083765,0.7791953835604041,0.8105132255309339,0.0313178419705297,0.4799572123231633,0.6477363701936227,0.1677791578704594,0.7060778127971942,0.7705276192437999,0.0644498064466057
A02,6,39,76658,3,0,0.7514367163617576,0.3584028940480243,-0.3930338223137332,0.8113651420827485,0.6727129070217958,-0.1386522350609527,0.4413509886268004,0.6095386813409888,0.1681876927141883,0.6836736208276882,0.7050766756020269,0.0214030547743386
A02,6,40,78583,1,0,0.6169565053991091,0.6518246649591234,0.0348681595600143,0.8329642651095316,0.8593172629510966,0.0263529978415649,0.6510845486426659,0.5650188023168592,-0.0860657463258066,0.7810867560222831,0.8470968631294348,0.0660101071071517
A02,6,41,80664,4,0,0.4575117171518417,0.5514598883292788,0.0939481711774371,0.5231461215869992,0.6289738703780297,0.1058277487910304,0.5343002859663473,0.6382804066788148,0.1039801207124675,0.7186687884062916,0.7725159119729798,0.0538471235666881
A02,6,42,82642,3,0,0.3194646486864446,0.5333000744180715,0.2138354257316269,0.6198625400354262,0.7198433774280696,0.0999808373926434,0.6188767417327389,0.5903430786760114,-0.0285336630567274,0.6698892354695793,0.6835696605524019,0.0136804250828225
A02,6,43,84632,3,0,0.5841529634700132,0.4440507847659818,-0.1401021787040314,0.6191963604386501,0.7798610834957653,0.1606647230571152,0.5268079518795087,0.5669013828916729,0.0400934310121642,0.6594014094872882,0.831261950363267,0.1718605408759788
A02,6,44,86751,3,0,0.5736140595932043,0.387425536934787,-0.1861885226584173,0.6911679288544296,0.7154431126450845,0.0242751837906549,0.5119000199595003,0.5398927983115935,0.0279927783520932,0.5145836008053628,0.5094335663122559,-0.0051500344931069
A02,6,45,88657,3,0,0.2635991304163382,0.3027042495951806,0.0391051191788424,0.7355451408931477,0.7605117843052114,0.0249666434120636,0.5703949819622809,0.7046248769935569,0.134229895031276,0.5436720588030253,0.7132230257416643,0.169550966938639
A02,6,46,90585,1,0,0.5960641844839155,0.1093394704661612,-0.4867247140177543,0.6127138434116279,0.781404690088526,0.168690846676898,0.6145351207304813,0.6978934684013751,0.0833583476708937,0.6710085381111534,0.8244470261221164,0.153438488010963
A02,6,47,92699,2,0,0.6388081315151987,0.4670733422443348,-0.1717347892708638,0.6853672193533206,0.6372738314907408,-0.0480933878625797,0.6211638190683322,0.5930680113403747,-0.0280958077279575,0.5781657890682447,0.7244430207783088,0.1462772317100641
A02,6,48,94758,1,0,0.5447945690569178,0.2484198515182984,-0.2963747175386193,0.6775420255206791,0.6240914541960159,-0.0534505713246632,0.6547750220242037,0.6415540535901336,-0.01322096843407,0.6436719169757558,0.7233075289429853,0.0796356119672295
A02,7,1,251,2,0,0.8038520894075066,0.6751276767954303,-0.1287244126120763,0.8963660385374664,0.8969540455407797,0.0005880070033132,0.9486722046870656,0.9553080720456052,0.0066358673585398,0.98025633988436,0.9848752811476864,0.0046189412633264
A02,7,2,2254,1,0,0.3079527274386255,0.3310977948163391,0.0231450673777136,0.892718250992628,0.874061231125682,-0.018657019866946,0.9308495741657052,0.9594064193785689,0.0285568452128637,0.954699938206036,0.9871245188399396,0.0324245806339037
A02,7,3,4172,1,0,0.2868827789558169,0.479553083535901,0.1926703045800841,0.7371638375031386,0.7665395211726482,0.0293756836695096,0.9431433856738042,0.9647925173397486,0.0216491316659444,0.9705352362313634,0.986570719619466,0.0160354833881025
A02,7,4,6124,3,0,0.4251733457590902,0.3760292268007777,-0.0491441189583125,0.8357650139508651,0.7082930264201099,-0.1274719875307551,0.9270753846396848,0.9388398528220484,0.0117644681823637,0.9692270150757673,0.9827883920244308,0.0135613769486635
A02,7,5,8132,3,0,0.6079339969099066,0.3160791508080575,-0.2918548461018491,0.8592954695827567,0.8430773297336343,-0.0162181398491224,0.937673536665103,0.8435437441733675,-0.0941297924917354,0.9553954971606612,0.970357047957365,0.0149615507967036
A02,7,6,10243,2,0,0.4530793505512319,0.5349102301873495,0.0818308796361175,0.7692737529589169,0.8774696117464139,0.108195858787497,0.9112522996550844,0.9277061511458676,0.0164538514907832,0.9720098100122858,0.9758035712680708,0.0037937612557851
A02,7,7,12160,3,0,0.554151379395262,0.4148723061597884,-0.1392790732354736,0.845617172023525,0.837295213229482,-0.008321958794043,0.9042835815507844,0.8185207438912795,-0.0857628376595049,0.9576681631284822,0.9543492181969346,-0.0033189449315476
A02,7,8,14210,4,0,0.3363124058716332,0.5027460642953164,0.1664336584236832,0.6823685151753535,0.7717878670025178,0.0894193518271643,0.8480244643288827,0.9130494341815478,0.0650249698526651,0.960651416221032,0.9673195759363836,0.0066681597153515
A02,7,9,16141,1,0,0.4690326054610255,0.5034745467226205,0.0344419412615949,0.7256336489772769,0.7855514208018866,0.0599177718246096,0.9211622420091208,0.8741560769719833,-0.0470061650371375,0.9609691476264068,0.9539089689250916,-0.007060178701315
A02,7,10,18139,4,0,0.4521945767371474,0.2309717861228209,-0.2212227906143265,0.6426428368607654,0.6764962979566312,0.0338534610958658,0.7965406062724837,0.8437412459309568,0.0472006396584731,0.9705252056477108,0.9340567717296264,-0.0364684339180845
A02,7,11,20045,1,0,0.4117579488750779,0.5347105691890218,0.1229526203139438,0.8293238597075417,0.7442284044128217,-0.08509545529472,0.8176322098892744,0.8677278023632028,0.0500955924739283,0.9131801728300764,0.955388393191524,0.0422082203614477
A02,7,12,21940,1,0,0.3101121322743103,0.4510586079727519,0.1409464756984416,0.6385290240083462,0.835027278369768,0.1964982543614217,0.8657227696074582,0.8220259606091441,-0.043696808998314,0.9630953107379522,0.9329597214173232,-0.0301355893206289
A02,7,13,23912,2,0,0.4601296971543744,0.2758867751414761,-0.1842429220128983,0.7694563432717796,0.8873367747837472,0.1178804315119675,0.8609455983465475,0.9085453737552224,0.0475997754086748,0.8786967045755253,0.9489463053461568,0.0702496007706315
A02,7,14,25856,4,0,0.5673918752338586,0.333366833181572,-0.2340250420522865,0.8284383540520561,0.7764814644391966,-0.0519568896128594,0.6945915651700706,0.8931331111600743,0.1985415459900037,0.8792117741679724,0.9768646734228982,0.0976528992549258
A02,7,15,27823,3,0,0.4838783730229953,0.3220026394265333,-0.1618757335964619,0.8647905086720644,0.7153306985289013,-0.1494598101431631,0.8255819208278031,0.8100364817773862,-0.0155454390504169,0.972993596687268,0.9198792416416912,-0.0531143550455769
A02,7,16,29943,2,0,0.6443782427981223,0.405926023644838,-0.2384522191532843,0.8216989061819077,0.848182343973136,0.0264834377912283,0.7543447663572501,0.8350596396594941,0.080714873302244,0.8786650249386118,0.8799501445602964,0.0012851196216846
A02,7,17,31951,4,0,0.6733334036205179,0.3037600950342715,-0.3695733085862463,0.8011607218848075,0.835875608453655,0.0347148865688475,0.5503116824530965,0.8168187423295391,0.2665070598764426,0.7845308120197899,0.9324057124184436,0.1478749003986535
A02,7,18,34017,3,0,0.7709696635115122,0.5528385669142486,-0.2181310965972636,0.433847282472846,0.8383914377826525,0.4045441553098064,0.7834283075714904,0.8545527947209975,0.0711244871495071,0.908427681096274,0.8963859154166939,-0.0120417656795801
A02,7,19,36053,4,0,0.7153703336386865,0.5804124684528328,-0.1349578651858537,0.796107322419035,0.665481553233933,-0.130625769185102,0.8294833459604093,0.8277373958706041,-0.0017459500898051,0.91969736642763,0.9243607098451796,0.0046633434175495
A02,7,20,38119,3,0,0.3338223820376508,0.2880052712429109,-0.0458171107947399,0.5911962833323621,0.6224282629906358,0.0312319796582737,0.7967236374164341,0.8156038200119514,0.0188801825955172,0.8917167266878346,0.9109933234035952,0.0192765967157604
A02,7,21,40189,4,0,0.3950599558547817,0.4649900267060716,0.0699300708512899,0.8268017776974341,0.8212078900659882,-0.0055938876314459,0.8164238036353272,0.7718529695290935,-0.0445708341062336,0.9014924639094524,0.9265645353578796,0.0250720714484273
A02,7,22,42269,2,0,0.3901808301495608,0.4192105516302308,0.02902972148067,0.6837281079163711,0.6845946610252156,0.0008665531088445,0.771116678625435,0.8380837578861087,0.0669670792606736,0.8891593058097749,0.9106162054192588,0.0214568996094839
A02,7,23,44181,2,0,0.3462804368236051,0.2343564391117141,-0.1119239977118909,0.8253996868164649,0.5732732325345938,-0.2521264542818711,0.7792865029300554,0.7822497291435824,0.0029632262135269,0.8987025461110493,0.9090066775553975,0.0103041314443482
A02,7,24,46212,4,0,0.5476740964256889,0.4659956559265703,-0.0816784404991185,0.7082032915979155,0.6530541973813702,-0.0551490942165453,0.7841240225757523,0.8586471209695892,0.0745230983938368,0.946972666068046,0.9204091813745432,-0.0265634846935026
A02,7,25,48165,1,0,0.5388942441470908,0.4315052808177774,-0.1073889633293133,0.7527947878325906,0.6483607988997591,-0.1044339889328315,0.7263088587896062,0.768234939210968,0.0419260804213618,0.9098535188098704,0.9369391441827016,0.0270856253728313
A02,7,26,50126,2,0,0.087915414381326,0.672229333971907,0.584313919590581,0.816136035568925,0.5150528265451296,-0.3010832090237954,0.7311931775667867,0.8351170167004366,0.1039238391336498,0.8692946509907246,0.9453304744673346,0.07603582347661
A02,7,27,52230,2,0,0.155976721370817,0.6935013515887274,0.5375246302179104,0.6230286730461311,0.6994420407981119,0.0764133677519808,0.7261022467393625,0.8101026332094847,0.0840003864701222,0.8332123065264186,0.9094805216443628,0.0762682151179441
A02,7,28,54234,2,0,0.5048688259196491,0.2167340859859001,-0.2881347399337489,0.8194683954867428,0.8280026148100392,0.0085342193232964,0.6908207687373,0.8884158784436459,0.1975951097063458,0.8924507986302767,0.944253932734221,0.0518031341039443
A02,7,29,56209,3,0,0.6253181055181428,0.5303479965698806,-0.0949701089482621,0.6258330130304889,0.8884416104910887,0.2626085974605998,0.7435916755193512,0.8219202607783377,0.0783285852589864,0.8376254753976735,0.8787988295461134,0.0411733541484399
A02,7,30,58235,4,0,0.3121935430859209,0.5008230766340314,0.1886295335481104,0.6316254301265358,0.7246124257469134,0.0929869956203776,0.6715132278439733,0.8152367101796523,0.143723482335679,0.7458558169664975,0.8900003593082765,0.1441445423417789
A02,7,31,60306,1,0,0.3949589597230178,0.4354321423459837,0.0404731826229659,0.5120390540121299,0.3580878675917431,-0.1539511864203867,0.6658605840390251,0.7850849575001752,0.11922437346115,0.751387827187464,0.9359074664450464,0.1845196392575823
A02,7,32,62413,4,0,0.627563272258134,0.2837608060735918,-0.3438024661845422,0.7772671353198876,0.8225306254407094,0.0452634901208218,0.7593557530997996,0.8370852933518638,0.0777295402520641,0.8973851278406718,0.9218647614518484,0.0244796336111765
A02,7,33,64505,1,0,0.5254584814023003,0.5953468691090961,0.0698883877067957,0.6761850475120521,0.7377834010093516,0.0615983534972994,0.7061449724904916,0.7820153638143863,0.0758703913238947,0.8667932417951165,0.9026802125883572,0.0358869707932406
A02,7,34,66596,3,0,0.638410801175727,0.168982135147391,-0.469428666028336,0.7882758882049028,0.729125996680973,-0.0591498915239298,0.774471771003624,0.6966148869694037,-0.0778568840342203,0.8584507025235799,0.8755316240793961,0.0170809215558161
A02,7,35,68639,1,0,0.3534141369212165,0.3453678203469463,-0.0080463165742701,0.6091268495599084,0.7628083109687909,0.1536814614088825,0.745574444004361,0.7693309825324383,0.0237565385280772,0.8970672227288794,0.913436197469116,0.0163689747402365
A02,7,36,70703,4,0,0.6272211041789699,0.6561224681004877,0.0289013639215177,0.7010492319431805,0.6448528067071749,-0.0561964252360055,0.725276269282217,0.8509747170692761,0.125698447787059,0.8499231795829303,0.9584354562385494,0.1085122766556191
A02,7,37,72723,1,0,0.4273736622039271,0.4794634430818654,0.0520897808779383,0.7954662165651042,0.6509848876988418,-0.1444813288662624,0.7871378411150861,0.8003647234736379,0.0132268823585517,0.8338222036865853,0.963231227951678,0.1294090242650927
A02,7,38,74695,3,0,0.2490099824048058,0.4642097655722989,0.2151997831674931,0.6720503731018445,0.6860444358559832,0.0139940627541387,0.8888522969569418,0.7743845419002311,-0.1144677550567107,0.9078847730895756,0.9292821064366158,0.02139733334704
A02,7,39,76658,1,0,0.3295814413053776,0.3191149483596346,-0.010466492945743,0.7493868806482021,0.6018394975482259,-0.1475473830999762,0.7620202939417132,0.7383859125216173,-0.0236343814200958,0.8472306480582696,0.8808784224987992,0.0336477744405295
A02,7,40,78583,2,0,0.5242528566173383,0.393047548105513,-0.1312053085118252,0.6145241838518741,0.7274230075131504,0.1128988236612762,0.7305250800136189,0.7783874259028478,0.0478623458892288,0.893179885989901,0.9597893909805232,0.0666095049906223
A02,7,41,80664,3,0,0.2854646541309682,0.6409858481241771,0.3555211939932089,0.6303885439427946,0.7688663137982311,0.1384777698554364,0.7755504171514697,0.7696571796385994,-0.0058932375128702,0.8817308702164511,0.92028619447661,0.0385553242601589
A02,7,42,82642,3,0,0.5394096092415539,0.4048348643473677,-0.1345747448941862,0.8721721649920573,0.6777115665527832,-0.1944605984392741,0.7991735394171443,0.815935695753916,0.0167621563367716,0.92751258192467,0.9383332614802632,0.0108206795555931
A02,7,43,84632,4,0,0.2861633870055238,0.4313829698129482,0.1452195828074244,0.6283457603399197,0.7254852605293942,0.0971395001894744,0.7224983820630385,0.8853381745189866,0.162839792455948,0.8739162339428835,0.8958414490952117,0.0219252151523281
A02,7,44,86751,1,0,0.3310519424044558,0.3467818303739162,0.0157298879694604,0.7130322274764264,0.6448988766243119,-0.0681333508521144,0.7054475527986039,0.8389001776663544,0.1334526248677504,0.8489098420023983,0.9417321546341874,0.092822312631789
A02,7,45,88657,2,0,0.2900400183850621,0.3147626641818907,0.0247226457968285,0.6783967944621537,0.5976944078459491,-0.0807023866162046,0.7290440816324454,0.7807349087451806,0.0516908271127352,0.7018723766593314,0.8655721305781742,0.1636997539188427
A02,7,46,90585,4,0,0.4839067493699306,0.4700416464672989,-0.0138651029026317,0.5622712033166614,0.8732626632134552,0.3109914598967939,0.8112542674405478,0.7117021733702026,-0.0995520940703452,0.8628898105209367,0.927590956546448,0.0647011460255112
A02,7,47,92699,2,0,0.486766853281157,0.2593413304257371,-0.2274255228554198,0.818831437113661,0.7139231351875376,-0.1049083019261234,0.7233758370225736,0.8529634986905611,0.1295876616679875,0.8063430025570872,0.921360136315964,0.1150171337588767
A02,7,48,94758,3,0,0.6082765546934492,0.6747079913885974,0.0664314366951481,0.7304518179492876,0.7596830783107666,0.029231260361479,0.704191986875571,0.8002700329342778,0.0960780460587067,0.8960853365889093,0.8624080873090778,-0.0336772492798315
A02,8,1,251,3,0,0.7362739513173863,0.2727862565066594,-0.4634876948107269,0.9191228164133464,0.7896508497436209,-0.1294719666697256,0.9428869426596024,0.965849333909027,0.0229623912494246,0.9761246917384404,0.985637532547959,0.0095128408095186
A02,8,2,2254,1,0,0.6681057725609225,0.6409491170933104,-0.0271566554676121,0.8807338130313379,0.782590770727831,-0.0981430423035069,0.950127563318246,0.9572409168095052,0.0071133534912593,0.972352153781647,0.9811369016950264,0.0087847479133794
A02,8,3,4172,4,0,0.6464599369571367,0.3969970666047694,-0.2494628703523672,0.6768112067959403,0.8594935186782807,0.1826823118823404,0.8915867091867958,0.9380409990845778,0.046454289897782,0.9321091555947189,0.9701226367409902,0.0380134811462714
A02,8,4,6124,2,0,0.4363555662680593,0.4906996198495417,0.0543440535814823,0.7852865904217585,0.9118372835919886,0.12655069317023,0.830931694867087,0.9448411338967492,0.1139094390296622,0.916002452094526,0.9867350055719945,0.0707325534774684
A02,8,5,8132,4,0,0.4050998189625927,0.3847177580139443,-0.0203820609486483,0.6537966743236436,0.698666060039032,0.0448693857153883,0.861706253004623,0.8856222733218038,0.0239160203171807,0.9075716637655814,0.9654888199127984,0.0579171561472169
A02,8,6,10243,1,0,0.3208491599240804,0.2362500615899003,-0.08459909833418,0.7894426658159521,0.7832486297661473,-0.0061940360498048,0.8464099272875991,0.8775802852194552,0.031170357931856,0.92929820943614,0.9249214084550976,-0.0043768009810424
A02,8,7,12160,1,0,0.5377926352950996,0.4849653461162332,-0.0528272891788663,0.7535546385064785,0.8332714488450808,0.0797168103386022,0.7686739982588028,0.8326386662624854,0.0639646680036826,0.8829966992698397,0.909956159921415,0.0269594606515752
A02,8,8,14210,3,0,0.4227417231677254,0.209963683982789,-0.2127780391849364,0.6776535893162838,0.6736674239958435,-0.0039861653204403,0.7847712477308574,0.7768412711888111,-0.0079299765420463,0.8876177040246956,0.9519780302831248,0.064360326258429
A02,8,9,16141,3,0,0.5214341092325883,0.2637179169522404,-0.2577161922803478,0.7907804306013765,0.6255722316740265,-0.1652081989273499,0.7625490168984038,0.6933750913841544,-0.0691739255142493,0.8792313529181749,0.8588687221253419,-0.0203626307928329
A02,8,10,18139,2,0,0.4484936580288251,0.2171700018542549,-0.2313236561745701,0.7580640273334929,0.6628237881074257,-0.0952402392260671,0.6480369579195049,0.6626517709421639,0.0146148130226589,0.7907127801712301,0.8414619637877558,0.0507491836165256
A02,8,11,20045,4,0,0.2584123326673369,0.3385595016166079,0.080147168949271,0.5226377222070565,0.6388566489725446,0.116218926765488,0.4941685027130705,0.5344241959463969,0.0402556932333263,0.693291811782772,0.7995149616352109,0.1062231498524388
A02,8,12,21940,2,0,0.5640761170138646,0.3979356297583832,-0.1661404872554813,0.7450662412491832,0.7085978974951063,-0.0364683437540769,0.599942369647095,0.4816224039059692,-0.1183199657411258,0.7813628434837865,0.6026933294021906,-0.1786695140815959
A02,8,13,23912,2,0,0.5388487135920876,0.5456183456765358,0.0067696320844481,0.846968230594203,0.8249594972233533,-0.0220087333708497,0.4196107450857549,0.3015519660406986,-0.1180587790450563,0.7072767550991218,0.4794419678971919,-0.2278347872019299
A02,8,14,25856,1,0,0.5057492827772637,0.2322181325455403,-0.2735311502317233,0.6444898818793712,0.8118447678777384,0.1673548859983672,0.3696601563165001,0.3897321595949251,0.020072003278425,0.2409103368536134,0.648345219886309,0.4074348830326955
A02,8,15,27823,2,0,0.4630454610408016,0.3467819339274839,-0.1162635271133176,0.5433157773132138,0.7831877931512663,0.2398720158380525,0.0869095560152478,0.2956484572722905,0.2087389012570427,0.3857594752458287,0.4037460649182514,0.0179865896724226
A02,8,16,29943,4,0,0.588790844592795,0.2932764156754392,-0.2955144289173557,0.7150332913707977,0.7550362505465646,0.0400029591757669,0.3006934547520127,0.4200868374716807,0.119393382719668,0.4607813212528254,0.4354103771823267,-0.0253709440704986
A02,8,17,31951,4,0,0.5068198647033458,0.3003942487333648,-0.206425615969981,0.9022462752448837,0.6653215016972089,-0.2369247735476747,0.306884107713948,0.4286338519772255,0.1217497442632775,0.458633499963405,0.4765488890464042,0.0179153890829991
A02,8,18,34017,2,0,0.3281315921086848,0.3224368139008216,-0.0056947782078632,0.675852016747252,0.7028933905386874,0.0270413737914353,0.4260023231468712,0.3096472669830561,-0.116355056163815,0.4966947096274999,0.5272435762383012,0.0305488666108013
A02,8,19,36053,2,0,0.2341219486801286,0.312462210538149,0.0783402618580204,0.7162253098191051,0.7348043763571931,0.0185790665380879,0.28711582375228,0.4104346005795096,0.1233187768272295,0.3277704490073935,0.437271478081981,0.1095010290745874
A02,8,20,38119,2,0,0.2484276251706599,0.3347196174112479,0.086291992240588,0.7249088183893255,0.7349518527451923,0.0100430343558667,0.2530276650299236,0.3103855583134858,0.0573578932835622,0.3293396248705911,0.384484427030821,0.0551448021602298
A02,8,21,40189,2,0,0.4804164282013154,0.41192149939306,-0.0684949288082553,0.7830658434861029,0.7771616446818342,-0.0059041988042686,0.4302774586011829,0.3742440707506472,-0.0560333878505356,0.6412278232380578,0.6262867350375508,-0.0149410882005069
A02,8,22,42269,4,0,0.6183982090134844,0.4418838568710283,-0.1765143521424561,0.8389475992409589,0.7272676606355569,-0.1116799386054019,0.4636253779591139,0.4053251595370001,-0.0583002184221138,0.43544453141207,0.4767507858740006,0.0413062544619306
A02,8,23,44181,4,0,0.8239910599191317,0.3850043082797256,-0.4389867516394061,0.7745736641449642,0.7066995126123075,-0.0678741515326567,0.1786336369574474,0.252604646015459,0.0739710090580116,0.0990333710966677,0.4220576233922745,0.3230242522956068
A02,8,24,46212,3,0,0.8266190044200092,0.3080034174077613,-0.518615587012248,0.5069945430641485,0.8105267711125475,0.3035322280483989,0.2085071434304484,0.2969589928242356,0.0884518493937872,0.4203996215154598,0.3923626165815743,-0.0280370049338855
A02,8,25,48165,4,0,0.3784655419416823,0.5667508636718296,0.1882853217301472,0.7275030378399,0.6973121908891674,-0.0301908469507325,0.3481378835816164,0.242890569951599,-0.1052473136300173,0.2585020068426015,0.2393893527900095,-0.0191126540525919
A02,8,26,50126,1,0,0.170331125551173,0.4783114973262691,0.3079803717750961,0.5731062692652239,0.6826198256191371,0.1095135563539132,0.2284501717323993,0.2815339148847595,0.0530837431523602,0.4416100557601847,0.4118533166020008,-0.0297567391581839
A02,8,27,52230,2,0,0.3354083801692977,0.4615021240076754,0.1260937438383777,0.6619099267997173,0.6086626335859258,-0.0532472932137915,0.2539408644030256,0.1402253942129409,-0.1137154701900846,0.2729558818210514,0.3606663506239619,0.0877104688029105
A02,8,28,54234,3,0,0.6534691023439686,0.3944862033204511,-0.2589828990235174,0.7490897052940966,0.4661561044435842,-0.2829336008505123,0.3203490202343816,0.3166517494426887,-0.0036972707916929,0.2866396256524897,0.5830865837692519,0.2964469581167622
A02,8,29,56209,2,0,0.5169382104834491,0.4230165270348269,-0.0939216834486221,0.868711654809527,0.7525235688455977,-0.1161880859639292,0.3159319772218641,0.3447419482220871,0.028809971000223,0.5645498425428092,0.476944511887524,-0.087605330655285
A02,8,30,58235,1,0,0.4647278519339982,0.565116438238173,0.1003885863041748,0.668821298370552,0.7368851323706022,0.0680638340000501,0.3165039619175993,0.4368119268820288,0.1203079649644295,0.2781322327535087,0.6046383023505648,0.3265060695970561
A02,8,31,60306,4,0,0.3028681664482312,0.3547281669030201,0.0518600004547888,0.5015317067305489,0.6994466209622943,0.1979149142317453,0.2779327577300158,0.3617824388798679,0.083849681149852,0.4499340849776267,0.5152009663605313,0.0652668813829045
A02,8,32,62413,1,0,0.3808442072977365,0.4578971831325198,0.0770529758347832,0.827806594636547,0.7975280597952568,-0.0302785348412902,0.3274508513296623,0.360041290472617,0.0325904391429547,0.2016814767750142,0.3899333485083138,0.1882518717332996
A02,8,33,64505,4,0,0.1347544279036426,0.4986922524007445,0.3639378244971019,0.7091062613038799,0.6916506560995447,-0.0174556052043352,0.2465366130145898,0.4348842073552565,0.1883475943406666,0.309190580669669,0.2962154212266132,-0.0129751594430557
A02,8,34,66596,1,0,0.7051645738012332,0.5025611119682504,-0.2026034618329828,0.7784252899283526,0.401804350903884,-0.3766209390244686,0.3735854845958835,0.3692031808066831,-0.0043823037892004,0.4955198450077112,0.4018184173589839,-0.0937014276487273
A02,8,35,68639,1,0,0.5742516553264092,0.692064505761703,0.1178128504352937,0.5482093306607574,0.7714035757030661,0.2231942450423086,0.3307716408819025,0.3518571221460412,0.0210854812641387,0.18525527516296,0.5381897235936179,0.3529344484306579
A02,8,36,70703,1,0,0.6663689794249914,0.7120297534347928,0.0456607740098014,0.6249366514324123,0.6531450982738229,0.0282084468414106,0.4906558616023723,0.2793467664345427,-0.2113090951678295,0.4191473620807294,0.2570724873420922,-0.1620748747386371
A02,8,37,72723,1,0,0.6580839391293134,0.4486193912582197,-0.2094645478710936,0.765643021603281,0.7810290944872855,0.0153860728840045,0.2968714970013794,0.1869091371202582,-0.1099623598811212,0.3717909875354797,0.3376826041451228,-0.0341083833903569
A02,8,38,74695,3,0,0.7586399971319061,0.5386377971037704,-0.2200022000281357,0.8262953192079018,0.7251744942076658,-0.101120825000236,0.2084527916585797,0.2181456150471377,0.009692823388558,0.211149860570859,0.527361293636388,0.3162114330655289
A02,8,40,78583,4,0,0.4935689736059379,0.4732005893263618,-0.0203683842795761,0.7139558126138509,0.695128575913837,-0.0188272367000138,0.2721670530435857,0.3685860643518875,0.0964190113083018,0.3433895331968908,0.1887188177573134,-0.1546707154395774
A02,8,41,80664,2,0,0.4545990232601748,0.6585751250837276,0.2039761018235528,0.5370785072722938,0.5991715078464714,0.0620930005741776,0.17274666059868,0.2067019985056625,0.0339553379069825,0.3176740002963036,0.3605084280145547,0.042834427718251
A02,8,42,82642,3,0,0.5423918606112671,0.179582838197166,-0.362809022414101,0.5286839630756343,0.5380379845721841,0.0093540214965498,0.2692943706568371,0.2804099734848768,0.0111156028280396,0.560037552007277,0.5071812104436385,-0.0528563415636385
A02,8,43,84632,3,0,0.3193320430985882,0.2701698343520483,-0.0491622087465399,0.6714380465863607,0.7294733780814611,0.0580353314951003,0.388528852776403,0.2901694394041567,-0.0983594133722463,0.4264241965921648,0.7562449450082038,0.329820748416039
A02,8,44,86751,3,0,0.4989102616941374,0.3778664124439465,-0.1210438492501909,0.4707513829647073,0.5653726788163541,0.0946212958516467,0.3032139398514452,0.3497450223031899,0.0465310824517447,0.2409983910674418,0.3800592877375544,0.1390608966701126
A02,8,45,88657,4,0,0.6108557018277507,0.197228304858006,-0.4136273969697447,0.7664427800741651,0.7449770476534752,-0.0214657324206899,0.2861437523491347,0.4610883255532971,0.1749445732041624,0.3589832081274139,0.5403104274827172,0.1813272193553032
A02,8,46,90585,3,0,0.3788012600718767,0.4756745322476096,0.0968732721757329,0.4518648043804483,0.7852492377711628,0.3333844333907145,0.3018530643089257,0.2700981361376739,-0.0317549281712518,0.3980693044912129,0.370268677630183,-0.0278006268610299
A02,8,47,92699,1,0,0.3419168276196153,0.4041173164844648,0.0622004888648494,0.616508420143447,0.585280287187708,-0.031228132955739,0.3046173243088665,0.3951092341277085,0.0904919098188419,0.1974498872801129,0.5758903994824393,0.3784405122023263
A02,8,48,94758,3,0,0.6999931385663849,0.4592705688747633,-0.2407225696916216,0.6608366256050466,0.6948548627206872,0.0340182371156405,0.1294042935804372,0.2831393774664112,0.153735083885974,0.3378605239953124,0.2577754316321196,-0.0800850923631927
A03,3,1,251,1,0,0.3624797017042176,0.2764587964448357,-0.086020905259382,0.2623959939428024,0.5280872125649853,0.2656912186221828,0.5182483839433657,0.8005613642937387,0.282312980350373,0.7537038121671564,0.8449647252635205,0.091260913096364
A03,3,2,2254,2,0,0.5162700059270218,0.348995712288484,-0.1672742936385378,0.4998706008582044,0.490080624349719,-0.0097899765084853,0.7460300572279385,0.8294039755985131,0.0833739183705746,0.7645257975064609,0.8348243439763297,0.0702985464698687
A03,3,4,6124,1,0,0.6661035129262959,0.1189007323039828,-0.5472027806223131,0.2312804513072247,0.4854333157977034,0.2541528644904787,0.6870692418705666,0.8405468300874996,0.153477588216933,0.7839839476323256,0.7538606764551717,-0.0301232711771538
A03,3,5,8132,2,0,0.4602209971572338,0.2169765746102924,-0.2432444225469414,0.1586480846272082,0.1202397835417673,-0.0384083010854408,0.6306366926206112,0.7497421875783353,0.1191054949577241,0.8141927477401741,0.8276836307975984,0.0134908830574242
A03,3,6,10243,1,0,0.5578046175638168,0.3176811491921779,-0.2401234683716389,0.3009314107702353,0.4375374519650133,0.136606041194778,0.62962574891141,0.8255022629497717,0.1958765140383617,0.6398377463212024,0.735151523462101,0.0953137771408986
A03,3,7,12160,2,0,0.2257651709506382,0.2775808613643913,0.051815690413753,0.3143732911498898,0.5391502819677967,0.2247769908179068,0.5920838075344009,0.8202538352166064,0.2281700276822055,0.709408984604641,0.7782698948866175,0.0688609102819765
A03,3,8,14210,3,0,0.3364347350795698,0.2308293489085611,-0.1056053861710087,0.2098258296765562,0.3156321324943124,0.1058063028177562,0.6005590595004308,0.7401581973181587,0.1395991378177279,0.7204827538924502,0.7280727350219406,0.0075899811294903
A03,3,9,16141,2,0,0.2603384822418436,0.3946182748287305,0.1342797925868868,0.2443764911455311,0.5743730827331175,0.3299965915875864,0.7629175493352598,0.8091051476681577,0.0461875983328978,0.7105070018870592,0.81087423852688,0.1003672366398208
A03,3,10,18139,4,0,0.3162432185104896,0.2061172885130744,-0.1101259299974152,0.3653787595426734,0.2268933045376424,-0.1384854550050309,0.6564668223163179,0.8571899446080826,0.2007231222917647,0.7247984491958099,0.8159309611534489,0.0911325119576389
A03,3,12,21940,3,0,0.2440019600234768,0.14453990107236,-0.0994620589511167,0.3337991085510867,0.3179764085265851,-0.0158227000245015,0.6706143142006452,0.85586127627915,0.1852469620785047,0.7671551436963483,0.8009989770056044,0.0338438333092561
A03,3,13,23912,2,0,0.3308098567761774,0.2942060630572317,-0.0366037937189457,0.1498409522249642,0.5648974302223004,0.4150564779973362,0.6652068652971944,0.8441555397268056,0.1789486744296111,0.7070320143750353,0.7754549555876907,0.0684229412126554
A03,3,14,25856,1,0,0.3520089151280348,0.4314260836785816,0.0794171685505468,0.3168437049003215,0.5967014841057582,0.2798577792054366,0.7002777759214416,0.8104450323962544,0.1101672564748128,0.8095553980285295,0.7224148527034053,-0.0871405453251241
A03,3,15,27823,4,0,0.0582618345309412,0.4043101576266433,0.3460483230957021,0.2383330092203185,0.2785787523637757,0.0402457431434572,0.7326362760736151,0.8261797034579635,0.0935434273843484,0.7661749090995876,0.7933194568563442,0.0271445477567565
A03,3,16,29943,4,0,0.3331267410037596,0.2013476279476012,-0.1317791130561584,0.1110981637242089,0.3539609854042798,0.2428628216800708,0.7455481287553223,0.6363263338506643,-0.109221794904658,0.8212170327681544,0.7275711244942631,-0.0936459082738913
A03,3,17,31951,4,0,0.5232091262536593,0.2119845797060991,-0.3112245465475602,0.2296798913426965,0.2343719213185737,0.0046920299758772,0.7248229977496534,0.768400863740716,0.0435778659910626,0.7719484431936809,0.817288280314002,0.045339837120321
A03,3,18,34017,4,0,0.3934518251436055,0.4112833209186322,0.0178314957750267,0.4092392674367101,0.2967731209631062,-0.1124661464736038,0.7086919173013969,0.6652314813315403,-0.0434604359698566,0.7466345533168839,0.7996854038140532,0.0530508504971692
A03,3,19,36053,4,0,0.4350597953190887,0.2139998897935251,-0.2210599055255635,0.2684213558056213,0.1510408952156886,-0.1173804605899327,0.6795627867831745,0.6793169811615687,-0.0002458056216058,0.8540778781614395,0.8756710537682627,0.0215931756068231
A03,3,20,38119,1,0,0.4958935084489627,0.2317966418212847,-0.2640968666276779,0.258691766831934,0.4805966223864381,0.2219048555545041,0.5839758689793355,0.7457150458758977,0.1617391768965621,0.7773804025038474,0.8548256786820795,0.077445276178232
A03,3,21,40189,3,0,0.3838175700145773,0.4023986379025505,0.0185810678879732,0.4936853507196381,0.5018129451953499,0.0081275944757118,0.723584652358844,0.779044186609201,0.0554595342503571,0.8298219188371433,0.8425472908719921,0.0127253720348488
A03,3,22,42269,2,0,0.2585186406459306,0.302233576011398,0.0437149353654674,0.2522133269929062,0.3915979651080538,0.1393846381151475,0.6271724613473175,0.7863299750942021,0.1591575137468845,0.8567022386647044,0.8786556243671375,0.0219533857024331
A03,3,23,44181,1,0,0.3700578341666234,0.373624781127717,0.0035669469610936,0.2567968774656561,0.4010097455644797,0.1442128680988236,0.5838234326543669,0.7810698094559847,0.1972463768016178,0.8376737688431722,0.8712595394607502,0.0335857706175779
A03,3,24,46212,1,0,0.2950300701221283,0.2048608436938663,-0.0901692264282619,0.456352125941971,0.5988279909722183,0.1424758650302472,0.7199458198502479,0.7740145266616939,0.054068706811446,0.7358243701121222,0.8426594873890656,0.1068351172769433
A03,3,25,48165,3,0,0.6426514112398796,0.0627702484100075,-0.579881162829872,0.2025650465247561,0.4415404710262611,0.2389754245015049,0.6829918148563705,0.7976504312074749,0.1146586163511044,0.7130813439962419,0.8091478341706803,0.0960664901744383
A03,3,26,50126,4,0,0.1790180449794231,0.3205570091495511,0.1415389641701279,0.4207104201748385,0.2972033056340531,-0.1235071145407853,0.5869167675926927,0.7765573065550081,0.1896405389623153,0.7775307810324106,0.7779397969008414,0.0004090158684307
A03,3,27,52230,1,0,0.4953187224770845,0.1764715905745793,-0.3188471319025052,0.3506426306099138,0.4871859360897091,0.1365433054797953,0.7393539469163973,0.7727967817864064,0.0334428348700091,0.8444163598646443,0.8471693557739197,0.0027529959092754
A03,3,28,54234,3,0,0.504595073299878,0.2350462770493162,-0.2695487962505617,0.3561295905852804,0.3609541177519081,0.0048245271666277,0.7431773394786249,0.7404235150005698,-0.002753824478055,0.8357506559245349,0.8194228363201344,-0.0163278196044005
A03,3,29,56209,3,0,0.4053102111614107,0.1435643818398404,-0.2617458293215702,0.4786567878305103,0.2128668186818407,-0.2657899691486696,0.7323551397209492,0.8080848587015527,0.0757297189806034,0.8853618965090112,0.7749933174903818,-0.1103685790186294
A03,3,30,58235,3,0,0.3720631651973112,0.4209012592379747,0.0488380940406635,0.198373098319414,0.4845220389822856,0.2861489406628715,0.6986604234102524,0.7638689771172812,0.0652085537070288,0.7934315745736337,0.8462180286047756,0.0527864540311419
A03,3,31,60306,1,0,0.5145396396033985,0.1757434491143516,-0.3387961904890469,0.2501809343578555,0.235946289031993,-0.0142346453258624,0.5967112606899379,0.7073836819103123,0.1106724212203744,0.7348361791022736,0.8086806092830419,0.0738444301807682
A03,3,32,62413,2,0,0.622420736815754,0.228562249150988,-0.393858487664766,0.3194304509083766,0.5574580312387474,0.2380275803303708,0.5649077303295246,0.8263166329007061,0.2614089025711815,0.7968163476705262,0.8881152617796235,0.0912989141090973
A03,3,33,64505,1,0,0.1323498763236735,0.2487750256148834,0.1164251492912099,0.3296569825186444,0.5491280601331121,0.2194710776144676,0.6790930705376101,0.7750406331213558,0.0959475625837457,0.8130536041762849,0.8083147315693279,-0.004738872606957
A03,3,34,66596,2,0,0.3214126350976387,0.1433531408227993,-0.1780594942748393,0.4917918151942949,0.4758418553696938,-0.015949959824601,0.7221006484318961,0.6949038129698205,-0.0271968354620756,0.6650545674671705,0.7512228379938056,0.0861682705266351
A03,3,35,68639,2,0,0.5376642651879934,0.2708079885160213,-0.266856276671972,0.320732144239401,0.357412829985978,0.036680685746577,0.6048098531450288,0.7793251429590435,0.1745152898140147,0.8031225176139306,0.802675117836391,-0.0004473997775396
A03,3,36,70703,1,0,0.3182777665696349,0.5430024830288138,0.2247247164591788,0.4221618708482793,0.4958467446732246,0.0736848738249453,0.6948758956830281,0.7978981966770863,0.1030223009940581,0.7917052048988246,0.8928197472238797,0.1011145423250551
A03,3,37,72723,2,0,0.4085917646632856,0.4475541250527254,0.0389623603894397,0.3646964794779443,0.5256787056464288,0.1609822261684844,0.6456969688142034,0.7371548055098499,0.0914578366956465,0.8713434667398595,0.7484851342432485,-0.122858332496611
A03,3,38,74695,3,0,0.3531405546227869,0.463173755924357,0.1100332013015701,0.2611836908619438,0.3697136093473835,0.1085299184854396,0.6382125136061,0.6597147506932256,0.0215022370871256,0.7498914690393035,0.7091465081331931,-0.0407449609061103
A03,3,39,76658,2,0,0.0778223213965333,0.4285732861415335,0.3507509647450002,0.2282516618028268,0.2879903429813006,0.0597386811784738,0.7214979162715098,0.7767491369793957,0.0552512207078859,0.6999706410256669,0.8159927493057145,0.1160221082800476
A03,3,40,78583,3,0,0.2718257345632198,0.4758963581484887,0.2040706235852689,0.3224230528956122,0.306868766942208,-0.0155542859534041,0.5761928151583385,0.7027155175451304,0.1265227023867918,0.8808503142742105,0.7986705140838638,-0.0821798001903466
A03,3,41,80664,3,0,0.4563331451865477,0.4516978755961026,-0.0046352695904451,0.2942272264143434,0.4336154677381776,0.1393882413238341,0.6107210299934014,0.7389780457758698,0.1282570157824684,0.7695803028494473,0.796096739521798,0.0265164366723507
A03,3,42,82642,4,0,0.4273860265845063,0.2238657753837802,-0.2035202512007261,0.2921206285027377,0.3359448344475814,0.0438242059448437,0.6859778795493748,0.6986409679329457,0.0126630883835708,0.8252677329984088,0.8069966357824242,-0.0182710972159846
A03,3,43,84632,3,0,0.5800995415818578,0.5104165960808656,-0.0696829455009921,0.2644287916820156,0.3796842225706648,0.1152554308886492,0.7156757828595381,0.7099918632634477,-0.0056839195960904,0.736309789359974,0.7190867876239787,-0.0172230017359953
A03,3,44,86751,3,0,0.3444304082159569,0.3981468226722873,0.0537164144563303,0.3126015233929143,0.291876138045524,-0.0207253853473903,0.6288190621699143,0.6951530449043754,0.066333982734461,0.5831693444489009,0.8433314041539496,0.2601620597050487
A03,3,45,88657,4,0,0.2136572996508245,0.4061009664048627,0.1924436667540381,0.2208699191082914,0.2578698676433938,0.0369999485351023,0.7114973022205592,0.7053019973173825,-0.0061953049031766,0.7866968676558598,0.6673600059748243,-0.1193368616810355
A03,3,46,90585,4,0,0.1028103521815918,0.2753913760600433,0.1725810238784515,0.144763295058079,0.2316192543239753,0.0868559592658962,0.6612178968812866,0.5419318263124759,-0.1192860705688106,0.7842533054425056,0.768919274898385,-0.0153340305441206
A03,3,47,92699,4,0,0.3281612771031376,0.2122113714959879,-0.1159499056071496,0.341783101636516,0.2923501537547785,-0.0494329478817375,0.6031025167213769,0.7550737753484722,0.1519712586270952,0.6857988634417153,0.744585973910769,0.0587871104690537
A03,3,48,94758,4,0,0.386009829510813,0.3236976056731236,-0.0623122238376894,0.1895366301699812,0.2766626672299232,0.087126037059942,0.6185472725099245,0.7173518237768767,0.0988045512669522,0.8523802773625407,0.8248155130694597,-0.027564764293081
A03,4,1,251,4,0,0.3404523860962911,0.4058115510511283,0.0653591649548372,0.1583891125329468,0.363004965065672,0.2046158525327251,0.4376258854071467,0.6677160077654746,0.2300901223583278,0.4845306661401484,0.6800999030204843,0.1955692368803359
A03,4,2,2254,3,0,0.1577190807193697,0.3672064740782001,0.2094873933588303,0.1700310515689519,0.2375102018726381,0.0674791503036862,0.4056411309140051,0.4483451532809916,0.0427040223669864,0.5353730424756757,0.569217088044207,0.0338440455685312
A03,4,3,4172,2,0,0.2102169745173616,0.3567134878086234,0.1464965132912617,0.2202954645083649,0.6147621761505994,0.3944667116422344,0.4034552727752638,0.4866859340655501,0.0832306612902863,0.6296592822662073,0.4223895390444168,-0.2072697432217904
A03,4,4,6124,1,0,0.1578680552149225,0.457728340871932,0.2998602856570095,0.2882399830181425,0.3429798433449215,0.054739860326779,0.480872061906105,0.5548336388355086,0.0739615769294036,0.4033810893894533,0.5793587686429494,0.1759776792534961
A03,4,6,10243,2,0,0.3007926675897606,0.2078564352704006,-0.09293623231936,0.3960191213268805,0.4698200257962495,0.0738009044693689,0.3727578685830041,0.461141065913925,0.0883831973309209,0.6837568502987059,0.5611826384990511,-0.1225742117996547
A03,4,7,12160,3,0,0.2686498522527267,0.3009204819795341,0.0322706297268073,0.2576712622707243,0.3048574596858793,0.047186197415155,0.324907119236444,0.5633820208334626,0.2384749015970185,0.4312193953253312,0.6032716131295862,0.1720522178042549
A03,4,9,16141,2,0,0.2317898122451513,0.3203073510254471,0.0885175387802957,0.2891994290376935,0.1970722394231187,-0.0921271896145747,0.5368516843512873,0.5084732864645298,-0.0283783978867574,0.4994646591431321,0.6235426648167278,0.1240780056735956
A03,4,10,18139,3,0,0.500853023351328,0.3047370156905333,-0.1961160076607946,0.1307622285229847,0.4030189188983098,0.272256690375325,0.3893826332352891,0.4667916174551381,0.0774089842198489,0.4156570034483239,0.6431149139915358,0.2274579105432118
A03,4,11,20045,1,0,0.1284998156431632,0.2261469518260053,0.097647136182842,0.396638291538899,0.2719890200671312,-0.1246492714717678,0.4264144319447237,0.497826299714071,0.0714118677693473,0.3561695554465537,0.662039007197639,0.3058694517510852
A03,4,12,21940,1,0,0.1483941573787413,0.1356468086836447,-0.0127473486950966,0.2700322775523971,0.264983960602624,-0.0050483169497731,0.4282029806147896,0.535064749887956,0.1068617692731664,0.3979127813486907,0.485946295884836,0.0880335145361453
A03,4,13,23912,1,0,0.4590500086065717,0.3727961761717945,-0.0862538324347771,0.1027394135798234,0.4397049419415345,0.336965528361711,0.4129705043555916,0.5973131831173176,0.184342678761726,0.4608963626916495,0.6438324297646328,0.1829360670729833
A03,4,14,25856,4,0,0.10853982628782,0.5104786124760097,0.4019387861881896,0.2778457001898236,0.1564514331337152,-0.1213942670561083,0.499880792745555,0.5468558166704313,0.0469750239248762,0.5216050525101616,0.6879749263457571,0.1663698738355954
A03,4,15,27823,2,0,0.2277522953866613,0.307517663775924,0.0797653683892626,0.2222922140082248,0.5113220506595775,0.2890298366513526,0.6256875074156986,0.6384816722772959,0.0127941648615973,0.6605233215490129,0.679685000005918,0.019161678456905
A03,4,16,29943,2,0,0.2449782024191427,0.2360247354622473,-0.0089534669568953,0.2040156692686655,0.56858994500927,0.3645742757406044,0.4828735512479256,0.6089181320625,0.1260445808145743,0.658434690473082,0.5501155084658762,-0.1083191820072058
A03,4,17,31951,1,0,0.5493589276033347,0.2014110997324027,-0.347947827870932,0.2141314602206575,0.3876983137635948,0.1735668535429373,0.4638636143772406,0.6749641282837372,0.2111005139064965,0.6420322853435941,0.70588149585728,0.0638492105136858
A03,4,18,34017,1,0,0.3748810039171807,0.1434734792120826,-0.2314075247050981,0.2086466692416519,0.2017819631087307,-0.0068647061329211,0.2992728429218178,0.5198821901156666,0.2206093471938487,0.5851652413425592,0.6707286812652525,0.0855634399226933
A03,4,19,36053,3,0,0.5374209466368446,0.5140567364395542,-0.0233642101972904,0.1816916078517943,0.2008072353637848,0.0191156275119905,0.3956731685311113,0.569592639319251,0.1739194707881396,0.5589171470214923,0.7363276813803409,0.1774105343588485
A03,4,20,38119,1,0,0.4288474414667692,0.1664483857113919,-0.2623990557553772,0.2642888327588585,0.5492658324027496,0.2849769996438911,0.357907852449551,0.6672150948459208,0.3093072423963698,0.730294515009391,0.8082074920097623,0.0779129770003712
A03,4,21,40189,2,0,0.5010199381830984,0.6287055140389326,0.1276855758558341,0.4494484734103856,0.3709094396899343,-0.0785390337204512,0.4606158971752582,0.6819530148878835,0.2213371177126252,0.8294810948777526,0.7135683637415251,-0.1159127311362274
A03,4,22,42269,4,0,0.295895447987749,0.3125472945808553,0.0166518465931062,0.1002793459280772,0.35801342011966,0.2577340741915827,0.4196236633333673,0.6942347822661177,0.2746111189327503,0.6637349498457056,0.8561272486137319,0.1923922987680263
A03,4,23,44181,4,0,0.1664486628176921,0.1533096659869223,-0.0131389968307698,0.2128253862894185,0.3829679508617669,0.1701425645723484,0.562534903077679,0.6141073029796943,0.0515723999020153,0.6524185705665054,0.7525067380703063,0.1000881675038009
A03,4,24,46212,3,0,0.2232074723521063,0.2730635307847656,0.0498560584326592,0.2946345160075806,0.4617289840728349,0.1670944680652543,0.6409257663785091,0.6256862714293013,-0.0152394949492077,0.8041596451637548,0.7787104866517595,-0.0254491585119953
A03,4,25,48165,1,0,0.268601679581611,0.3407351233613583,0.0721334437797472,0.187087989793784,0.4884716171186555,0.3013836273248714,0.7010344448092345,0.7233968182476529,0.0223623734384184,0.7787556867579298,0.7847817596081624,0.0060260728502326
A03,4,26,50126,4,0,0.3422731479501521,0.2824259754495518,-0.0598471725006003,0.2929766703238617,0.2636281854410695,-0.0293484848827922,0.3921580340821066,0.662115523503983,0.2699574894218763,0.6863009474497452,0.8403579201683432,0.1540569727185979
A03,4,27,52230,4,0,0.3002138380491417,0.4086535555128407,0.1084397174636989,0.2802094212358922,0.3863382422297268,0.1061288209938345,0.5166075500724453,0.7288589007229209,0.2122513506504756,0.7295442144259642,0.811675134777101,0.0821309203511367
A03,4,28,54234,2,0,0.4602868245222387,0.3291283736242193,-0.1311584508980194,0.409450727702957,0.551088933485091,0.141638205782134,0.5849773002719826,0.6399736419954551,0.0549963417234725,0.6417689013027797,0.8233630319634375,0.1815941306606577
A03,4,29,56209,4,0,0.6329351669936486,0.3276522191618238,-0.3052829478318248,0.2674612107214292,0.1874545472881915,-0.0800066634332377,0.5138350444624394,0.5865994712848651,0.0727644268224256,0.5893499981480241,0.7636468657502833,0.1742968676022591
A03,4,30,58235,4,0,0.3302084113724589,0.238019910705945,-0.0921885006665138,0.202525197447256,0.1971289321219114,-0.0053962653253445,0.4543890068649988,0.6969218199269288,0.24253281306193,0.7497133595335346,0.8876328516428312,0.1379194921092966
A03,4,31,60306,2,0,0.4908537156143689,0.1751211023768631,-0.3157326132375059,0.3235338229345385,0.552336924768939,0.2288031018344005,0.566519219047458,0.7859893242117568,0.2194701051642988,0.7257696191404908,0.7277998804794444,0.0020302613389536
A03,4,32,62413,1,0,0.3751734464247364,0.3938949146232908,0.0187214681985544,0.4085465466073749,0.2999675306167602,-0.1085790159906146,0.5493808973355208,0.6181594048007183,0.0687785074651975,0.7025436307703055,0.7881988143073222,0.0856551835370167
A03,4,33,64505,2,0,0.1352571371455125,0.1308501078288572,-0.0044070293166553,0.217417602670346,0.441788424372535,0.224370821702189,0.533239382552962,0.6795137478703247,0.1462743653173627,0.7191408403118341,0.6932680066560462,-0.0258728336557879
A03,4,34,66596,3,0,0.2308469997682102,0.3814632994912613,0.150616299723051,0.3120156496495974,0.2483819624184294,-0.0636336872311679,0.5377180706061341,0.6182376713267683,0.0805196007206342,0.6424652998207133,0.7443318698131366,0.1018665699924232
A03,4,35,68639,3,0,0.3830655167880308,0.2581516214513819,-0.1249138953366489,0.1731960139754556,0.3405347048619269,0.1673386908864712,0.557351107789368,0.5542998232429256,-0.0030512845464424,0.6599396253058177,0.7615458810527908,0.101606255746973
A03,4,36,70703,3,0,0.4799872196657728,0.390818319139487,-0.0891689005262857,0.2503047151590913,0.3686607050081895,0.1183559898490981,0.6161024602217829,0.6825323767469855,0.0664299165252025,0.7318188912500906,0.8044472861576512,0.0726283949075605
A03,4,37,72723,4,0,0.4931602243665583,0.4592837845875782,-0.0338764397789801,0.2283703389285728,0.1934861245292184,-0.0348842143993543,0.5904007486998125,0.6770352555917897,0.0866345068919771,0.7887609150496528,0.8540312630321766,0.0652703479825237
A03,4,38,74695,3,0,0.2836670105058692,0.1688763553194568,-0.1147906551864123,0.5172894561971952,0.5668690899793039,0.0495796337821086,0.5129032954617955,0.7236313740323858,0.2107280785705902,0.8405760913289403,0.8078416475089993,-0.0327344438199409
A03,4,39,76658,1,0,0.4373786263980704,0.3410949453904983,-0.096283681007572,0.0772244515327442,0.3672080377742706,0.2899835862415263,0.6314694476294137,0.6500364421795342,0.0185669945501204,0.7670658018533985,0.7802305352727502,0.0131647334193517
A03,4,40,78583,4,0,0.3326886995957434,0.5022297084881814,0.169541008892438,0.3228714854263431,0.2441661130010627,-0.0787053724252803,0.650031307136018,0.6905831662063254,0.0405518590703074,0.8064867975677492,0.7785951206531424,-0.0278916769146068
A03,4,41,80664,2,0,0.3536339808895863,0.2083736256986235,-0.1452603551909628,0.1520983509570303,0.2017155438417405,0.0496171928847102,0.6365809494234531,0.6470182270367241,0.0104372776132709,0.6377969378226377,0.7695108853981817,0.131713947575544
A03,4,43,84632,2,0,0.5337030279976765,0.30339487993778,-0.2303081480598965,0.1536271435961318,0.6599390880195848,0.506311944423453,0.7045993593573655,0.7006295241755043,-0.0039698351818612,0.80642179284432,0.7589867492598155,-0.0474350435845045
A03,4,46,90585,2,0,0.1998575690257595,0.6085438990751209,0.4086863300493613,0.1286496560659251,0.2749014953938859,0.1462518393279608,0.6238839560519874,0.6345595064166544,0.0106755503646669,0.6978725615127217,0.7227073264416004,0.0248347649288787
A03,4,47,92699,3,0,0.3136588901455899,0.1461188337601112,-0.1675400563854786,0.322740194757615,0.4239541852174162,0.1012139904598012,0.5679145076292885,0.6670976583201726,0.0991831506908841,0.7516639297252729,0.8361523358147153,0.0844884060894424
A03,4,48,94758,1,0,0.3288654838808708,0.3220631946623987,-0.006802289218472,0.382927165930343,0.423520982537256,0.040593816606913,0.4399981443560318,0.7168793309847737,0.2768811866287419,0.8014339744379909,0.8403897982057409,0.0389558237677499
A03,5,1,251,1,0,0.1033499734018433,0.339222472173278,0.2358724987714346,0.2995104120720726,0.2471630634264404,-0.052347348645632,0.689746401857846,0.6507751558158207,-0.0389712460420252,0.6558067074050472,0.8102592402472251,0.1544525328421778
A03,5,2,2254,1,0,0.1277571798671565,0.2887708621106965,0.1610136822435399,0.1862278069261879,0.1694981188471425,-0.0167296880790454,0.6768745009888939,0.6314243325372851,-0.0454501684516087,0.7324176693651082,0.8664867655983463,0.134069096233238
A03,5,3,4172,4,0,0.1659381793771546,0.2673262797353723,0.1013881003582177,0.2977274551999398,0.1326437739095914,-0.1650836812903484,0.6840396218584833,0.7191778813254412,0.0351382594669579,0.8632680003453765,0.6554448343952319,-0.2078231659501446
A03,5,4,6124,2,0,0.5257097056965924,0.1476430241235424,-0.3780666815730499,0.4040810232478242,0.5022964514515386,0.0982154282037143,0.602023109799748,0.6875491419250925,0.0855260321253444,0.8459475672394444,0.8195365408393164,-0.026411026400128
A03,5,5,8132,1,0,0.2182335756200233,0.4551154599924869,0.2368818843724635,0.270068021450634,0.2836233061824979,0.0135552847318639,0.6357011653019499,0.7424581775497786,0.1067570122478287,0.8564884979881315,0.7790006848001442,-0.0774878131879873
A03,5,6,10243,3,0,0.4269385482129805,0.4011721746211236,-0.0257663735918569,0.1906606310465245,0.2565909390997373,0.0659303080532127,0.6405338395186677,0.6545349895716652,0.0140011500529975,0.7175244879572362,0.7685552792293591,0.0510307912721228
A03,5,7,12160,1,0,0.5509916355296781,0.2529642624422412,-0.2980273730874369,0.377134422784921,0.4091827904946701,0.0320483677097491,0.7589509177089357,0.6970263081585403,-0.0619246095503954,0.8603967234712319,0.6018221012716234,-0.2585746221996085
A03,5,8,14210,3,0,0.1832263193991299,0.3088743540301411,0.1256480346310112,0.1306326984650287,0.098844700294661,-0.0317879981703676,0.7044652113770421,0.7298421061459032,0.025376894768861,0.8827453137618845,0.8329484966816073,-0.0497968170802771
A03,5,9,16141,2,0,0.3122006603389251,0.224156188996144,-0.088044471342781,0.2057133813586915,0.4404165405312801,0.2347031591725886,0.6760575991202368,0.7216710123986274,0.0456134132783906,0.7552921533363891,0.7014466067156684,-0.0538455466207207
A03,5,10,18139,4,0,0.4465781988521535,0.4174399949561632,-0.0291382038959903,0.2652226863897057,0.3526672264416822,0.0874445400519764,0.6447281604242223,0.6235050755487157,-0.0212230848755066,0.7215979028858746,0.6316226355351294,-0.0899752673507451
A03,5,11,20045,1,0,0.6029967535054986,0.303928581784428,-0.2990681717210706,0.1849807327659165,0.3065278017597837,0.1215470689938671,0.4485153900965679,0.6717395640425913,0.2232241739460234,0.8131370252546465,0.756717905214415,-0.0564191200402315
A03,5,12,21940,3,0,0.2527130383730572,0.4940316826962297,0.2413186443231725,0.4218775361535885,0.2958984390047953,-0.1259790971487932,0.6570871956951395,0.6853360181570025,0.028248822461863,0.8563287821601483,0.7448870313591597,-0.1114417508009886
A03,5,13,23912,3,0,0.4919421869815968,0.0881142883937356,-0.4038278985878612,0.2166555244629115,0.1186839786988016,-0.0979715457641098,0.5964757370885913,0.6027162691835545,0.0062405320949632,0.8693940178891261,0.7430546310762771,-0.1263393868128489
A03,5,14,25856,1,0,0.1884975813076228,0.2175453768059187,0.0290477954982958,0.3718939967997161,0.2412297407753939,-0.1306642560243221,0.7341866623888998,0.6871040144085823,-0.0470826479803175,0.8008530057325124,0.7938936461092939,-0.0069593596232184
A03,5,15,27823,3,0,0.0930148776408601,0.5954558952842655,0.5024410176434053,0.2015411102286155,0.2317783222309189,0.0302372120023033,0.7219526552481518,0.6912873018145405,-0.0306653534336113,0.8581496135226215,0.7540467705765076,-0.1041028429461139
A03,5,16,29943,2,0,0.3422561579992239,0.1463999471416009,-0.1958562108576229,0.1607486880959135,0.1582542390680457,-0.0024944490278677,0.7520299682956441,0.7196721018173875,-0.0323578664782565,0.8259976006705498,0.8947636816769136,0.0687660810063637
A03,5,17,31951,4,0,0.4802628865933495,0.5319423163261409,0.0516794297327913,0.2006799801017149,0.2464900354559375,0.0458100553542225,0.6984446944140209,0.6669541023100826,-0.0314905921039383,0.7962793015386095,0.7501623885302837,-0.0461169130083257
A03,5,18,34017,4,0,0.3372826793256647,0.2358491991641248,-0.1014334801615398,0.2733976860674226,0.2985509966517193,0.0251533105842967,0.5754031973078682,0.6299340961621108,0.0545308988542426,0.7280421031328872,0.7332110485808576,0.0051689454479704
A03,5,19,36053,4,0,0.4708970326465852,0.4636761346574367,-0.0072208979891484,0.4387994850867779,0.2283983194827399,-0.2104011656040379,0.7101419236424541,0.6173205220386723,-0.0928214016037818,0.7466154977912071,0.7541272800828388,0.0075117822916317
A03,5,20,38119,3,0,0.431475170336289,0.3884476152820046,-0.0430275550542844,0.1594463132337416,0.2527636042668164,0.0933172910330747,0.5617936999215848,0.6995605280866358,0.137766828165051,0.8207831233078741,0.7688521296648004,-0.0519309936430736
A03,5,21,40189,1,0,0.1575559382054645,0.2067500085456755,0.0491940703402109,0.1472777789404545,0.2426682560474998,0.0953904771070452,0.5638913657836941,0.7586818661445955,0.1947905003609014,0.7191587239310426,0.7169466318464173,-0.0022120920846253
A03,5,22,42269,4,0,0.3324301995671235,0.3852841173975397,0.0528539178304161,0.3596623598140512,0.148659756530255,-0.2110026032837961,0.6726471587539308,0.6710925670418167,-0.001554591712114,0.7699889019032552,0.6488177113353574,-0.1211711905678978
A03,5,23,44181,2,0,0.1864518691181378,0.2773339396742594,0.0908820705561215,0.253927704850341,0.1769894070267395,-0.0769382978236014,0.7289091952786071,0.7317806352022398,0.0028714399236327,0.8510349948866825,0.8132760524611415,-0.037758942425541
A03,5,24,46212,4,0,0.4713715505525601,0.5840990325844324,0.1127274820318722,0.2604394155858784,0.2191126045025771,-0.0413268110833013,0.6728913033590825,0.6684136811670466,-0.0044776221920359,0.7503756804221232,0.8632675595308658,0.1128918791087425
A03,5,25,48165,2,0,0.5354491144210537,0.5947718337674718,0.059322719346418,0.4371038061105026,0.4945529320738352,0.0574491259633325,0.6364799748786412,0.6958366127162074,0.0593566378375662,0.6992851941330759,0.8400821666348846,0.1407969725018086
A03,5,26,50126,1,0,0.4884597367261536,0.1874551826579602,-0.3010045540681934,0.5187426583935714,0.1003795486501413,-0.41836310974343,0.6535108721602356,0.7616470043050576,0.1081361321448219,0.6792571249714593,0.7415447010868655,0.0622875761154062
A03,5,27,52230,3,0,0.3834879105926058,0.2911231003758875,-0.0923648102167182,0.2786734988104681,0.377966423948709,0.0992929251382409,0.7032193808713474,0.6550358561640419,-0.0481835247073054,0.759217985218403,0.7749731484597111,0.0157551632413081
A03,5,28,54234,2,0,0.5993709293934005,0.2682410851598233,-0.3311298442335771,0.2312237730493571,0.276227735262689,0.0450039622133318,0.7104050348785043,0.771593292445093,0.0611882575665887,0.8734666628931864,0.8087960111805625,-0.0646706517126238
A03,5,29,56209,1,0,0.2892313905623185,0.1655871357097424,-0.123644254852576,0.3038538753895063,0.1774767883695612,-0.1263770870199451,0.7525651035977649,0.6886161908056453,-0.0639489127921195,0.8744914504369533,0.852970134031429,-0.0215213164055243
A03,5,30,58235,3,0,0.3876391379581617,0.5329670462081788,0.1453279082500171,0.2034751849875975,0.2774048342926422,0.0739296493050447,0.6528856475923369,0.7753136880565082,0.1224280404641713,0.8608734028214505,0.7055732692798344,-0.1553001335416161
A03,5,31,60306,3,0,0.1368366429219799,0.3552165176002905,0.2183798746783106,0.258174553367859,0.2430780369559825,-0.0150965164118765,0.6885265688618715,0.7351891808630562,0.0466626120011847,0.8088630088061309,0.8283510149808981,0.0194880061747672
A03,5,32,62413,1,0,0.1495639141719314,0.3387096586577356,0.1891457444858042,0.3161329519492455,0.3022346729977906,-0.0138982789514549,0.6489311183072223,0.8412263995525681,0.1922952812453457,0.8646873812702449,0.8320084608705001,-0.0326789203997448
A03,5,33,64505,3,0,0.257699639013688,0.343931340758418,0.08623170174473,0.2292371311257048,0.1075513269859159,-0.1216858041397889,0.5950410458426074,0.6556239654442982,0.0605829196016908,0.7918669305271394,0.6795150160990957,-0.1123519144280437
A03,5,34,66596,4,0,0.670847751959972,0.271863117784691,-0.398984634175281,0.3384642250586115,0.1700560344637643,-0.1684081905948472,0.6626960058375401,0.7409859159472296,0.0782899101096895,0.8004714578325605,0.745948468001892,-0.0545229898306685
A03,5,35,68639,4,0,0.2742295426973902,0.434579410366734,0.1603498676693437,0.2396080094569339,0.2587188546613493,0.0191108452044154,0.6505317997759134,0.6729444558064716,0.0224126560305581,0.8709579098888954,0.8412784048344971,-0.0296795050543983
A03,5,36,70703,2,0,0.5710222684202703,0.3673053804348646,-0.2037168879854056,0.2524629470286247,0.5390500451379482,0.2865870981093234,0.6389442931415493,0.7970348546406127,0.1580905614990634,0.8038769093600175,0.8433938039797041,0.0395168946196865
A03,5,37,72723,1,0,0.2128446128486854,0.444500537051064,0.2316559242023786,0.403595276010031,0.2227997655947191,-0.1807955104153118,0.7347148325565234,0.7097602420122298,-0.0249545905442936,0.8883586930461347,0.7770465631003864,-0.1113121299457482
A03,5,38,74695,2,0,0.2323297090408253,0.2849838505037189,0.0526541414628935,0.2327953432466819,0.1368136835573253,-0.0959816596893565,0.7032795796564848,0.7027102629563756,-0.0005693167001091,0.7891382074282323,0.7878189567557642,-0.001319250672468
A03,5,39,76658,4,0,0.4774040272368571,0.3945574106291061,-0.082846616607751,0.6064730430954083,0.3867958434016281,-0.2196771996937801,0.7471989956919523,0.6435052451937462,-0.103693750498206,0.7246998425600367,0.8052147462433246,0.0805149036832878
A03,5,40,78583,2,0,0.2815539206424589,0.3527072056017896,0.0711532849593307,0.2492815882843005,0.3152845380557588,0.0660029497714583,0.7312028974936212,0.7223548408240607,-0.0088480566695605,0.8944645924635207,0.804443537024443,-0.0900210554390776
A03,5,41,80664,4,0,0.2660394071477697,0.3469081580608392,0.0808687509130695,0.2931097672887351,0.311303675886162,0.0181939085974268,0.7233420872968506,0.6216925514143191,-0.1016495358825314,0.7527039982661134,0.7745071408355967,0.0218031425694832
A03,5,42,82642,3,0,0.2283188440962178,0.4890334383956763,0.2607145942994585,0.3474746913126104,0.3595658349099265,0.0120911435973161,0.7308109908253319,0.7990858397150541,0.0682748488897222,0.6948915659796123,0.7129595671825061,0.0180680012028937
A03,5,43,84632,2,0,0.1843697613082702,0.1774196092294826,-0.0069501520787876,0.1096814976365,0.4008154805306946,0.2911339828941947,0.6062062737985,0.8415416605548467,0.2353353867563467,0.7533058599635678,0.757432092619048,0.0041262326554801
A03,5,44,86751,2,0,0.3777067498950712,0.4108494509829472,0.0331427010878759,0.5454452693488892,0.548912881759219,0.0034676124103298,0.7280637111325038,0.8132640737045974,0.0852003625720936,0.7814400173597692,0.8508915807273655,0.0694515633675962
A03,5,45,88657,2,0,0.2284253048740487,0.2789333364095077,0.050508031535459,0.3213762505586464,0.3760273424991291,0.0546510919404827,0.6083137092900188,0.7497335664201754,0.1414198571301566,0.8144512000959071,0.7236980482518194,-0.0907531518440877
A03,5,46,90585,3,0,0.2307628836540589,0.2544822752134733,0.0237193915594143,0.3907075293357357,0.1206962126677465,-0.2700113166679893,0.8368337502338343,0.7133015797777011,-0.1235321704561331,0.8494457957103853,0.8139784614713672,-0.035467334239018
A03,5,47,92699,4,0,0.4334957060645111,0.3631097067003916,-0.0703859993641194,0.2098825883467331,0.4001908030384227,0.1903082146916895,0.6794057335437079,0.7100715585166376,0.0306658249729296,0.630065245787138,0.7927055943294465,0.1626403485423085
A03,5,48,94758,1,0,0.2801589743257693,0.406706964298569,0.1265479899727997,0.3340945926839965,0.4949074949277648,0.1608129022437683,0.7835145377313673,0.7591854300791344,-0.0243291076522328,0.7055313812685513,0.7589983381752848,0.0534669569067335
A03,6,1,251,2,0,0.2899562544234439,0.2791906189300238,-0.01076563549342,0.4908803403780033,0.5963745963343706,0.1054942559563673,0.6213847623192607,0.7796057931692584,0.1582210308499977,0.7458830085265191,0.8351303148537494,0.0892473063272303
A03,6,2,2254,4,0,0.4133210770526448,0.3590846513252885,-0.0542364257273563,0.4486607593227334,0.2325021108796793,-0.216158648443054,0.6363092473497691,0.7700151884228482,0.1337059410730791,0.7199295464719221,0.7510616475652673,0.0311321010933451
A03,6,3,4172,1,0,0.3733536430634467,0.3611323504582333,-0.0122212926052134,0.3606617177727746,0.2568663177034628,-0.1037954000693118,0.6196173513872633,0.759209078822953,0.1395917274356897,0.7173143326243947,0.6969179703811645,-0.0203963622432301
A03,6,4,6124,3,0,0.1301919112865943,0.4592345685742894,0.3290426572876951,0.2300315479662756,0.4629579000747054,0.2329263521084298,0.4879094000331171,0.6746641367984612,0.186754736765344,0.7746467531060084,0.7730036371660257,-0.0016431159399826
A03,6,5,8132,3,0,0.3606907132707513,0.2649109584574814,-0.0957797548132698,0.3493227135614149,0.3875541852133599,0.038231471651945,0.6375569594678347,0.6922654178245351,0.0547084583567003,0.6590518788156766,0.7411245943141929,0.0820727154985162
A03,6,6,10243,4,0,0.1762626090992751,0.2039662873892061,0.027703678289931,0.2218410403265674,0.0775509266943664,-0.1442901136322009,0.6564856991377123,0.6575934780540952,0.0011077789163829,0.7927086428244665,0.7063751748873505,-0.086333467937116
A03,6,7,12160,1,0,0.5866691851151992,0.2634751475921398,-0.3231940375230593,0.2350662164013695,0.4515876862891497,0.2165214698877802,0.732094943188086,0.7829993983499283,0.0509044551618422,0.7947855230343458,0.7792682100981013,-0.0155173129362444
A03,6,8,14210,1,0,0.2983646467586459,0.2152929729560666,-0.0830716738025793,0.4125872653974302,0.4583640961644369,0.0457768307670067,0.6534129812679633,0.7244473014317394,0.071034320163776,0.7022369099617344,0.8427256853862345,0.1404887754245001
A03,6,9,16141,3,0,0.3585170367581022,0.4110594749624998,0.0525424382043975,0.471914576148819,0.4972606856616158,0.0253461095127968,0.7039158892633653,0.6990235452224276,-0.0048923440409377,0.801809488084397,0.7856093816488442,-0.0162001064355528
A03,6,10,18139,2,0,0.3329864924406412,0.447916486379909,0.1149299939392677,0.1517374922572435,0.3392722119427548,0.1875347196855113,0.698451113410736,0.7417073085170607,0.0432561951063247,0.7261301481084506,0.769611898745849,0.0434817506373984
A03,6,11,20045,4,0,0.3991008098106542,0.4424008313950356,0.0433000215843814,0.1685892300669729,0.2688936633315372,0.1003044332645642,0.5161314876076225,0.5629473021624213,0.0468158145547987,0.7479560503534701,0.7391206432462606,-0.0088354071072095
A03,6,12,21940,4,0,0.4031094694284,0.323741566584436,-0.0793679028439639,0.2973977444084238,0.3217195160287586,0.0243217716203348,0.5647754582189256,0.7060842427168118,0.1413087844978862,0.6614165202664449,0.6947781638660355,0.0333616435995905
A03,6,13,23912,4,0,0.3506934903149501,0.1791241692187999,-0.1715693210961502,0.2519718635136109,0.1072706444579306,-0.1447012190556802,0.6795004404396842,0.6850637060492591,0.0055632656095749,0.8290910641288012,0.7744902968740291,-0.054600767254772
A03,6,14,25856,2,0,0.7095015161808532,0.4068173285333489,-0.3026841876475043,0.4004486256482216,0.3562356904156848,-0.0442129352325367,0.6505370073244177,0.7046348158256881,0.0540978085012704,0.7490973876354554,0.733578508123325,-0.0155188795121303
A03,6,15,27823,1,0,0.1584984219967497,0.4064470295131723,0.2479486075164226,0.2923490977492747,0.3414635720229887,0.049114474273714,0.5726846900223317,0.7812070748671704,0.2085223848448387,0.8190847383611979,0.842303358585624,0.0232186202244261
A03,6,16,29943,3,0,0.2104672531643479,0.3117034284236915,0.1012361752593435,0.4678957873519008,0.4879394438586709,0.02004365650677,0.7340675056318725,0.8052723231908991,0.0712048175590266,0.7285183734919116,0.8075665424965033,0.0790481690045916
A03,6,17,31951,2,0,0.4706160066023426,0.4299848799239739,-0.0406311266783687,0.4387699550221787,0.5463881337151811,0.1076181786930024,0.7172513332095217,0.7208139486648439,0.0035626154553222,0.8956336126710862,0.7250289181497174,-0.1706046945213688
A03,6,19,36053,1,0,0.3116672386239898,0.2264152897797152,-0.0852519488442745,0.3186255122793256,0.1600575674649574,-0.1585679448143682,0.5991112477436243,0.7336212097599102,0.1345099620162858,0.8359083977982855,0.8450371795084698,0.0091287817101842
A03,6,20,38119,4,0,0.1372740050325608,0.341961543704155,0.2046875386715942,0.2393209794932202,0.3786501604858235,0.1393291809926033,0.5973157100859232,0.7305604322008458,0.1332447221149225,0.8434984428395025,0.8012477647400404,-0.042250678099462
A03,6,21,40189,3,0,0.3347354752422659,0.2413922620446685,-0.0933432131975973,0.252981522833079,0.1992601627968267,-0.0537213600362523,0.5927377747244199,0.7006383077189888,0.1079005329945689,0.8909545266621434,0.6926953598044323,-0.198259166857711
A03,6,22,42269,2,0,0.4748528392766861,0.169021693994631,-0.305831145282055,0.1910382633800293,0.498444066063195,0.3074058026831656,0.6995400751384926,0.778400830078359,0.0788607549398664,0.802196676924761,0.8079316399795606,0.0057349630547995
A03,6,24,46212,4,0,0.470583761521695,0.3730101583283731,-0.0975736031933219,0.4216131593830194,0.2513114969810405,-0.1703016624019789,0.6377748295843794,0.728532689876616,0.0907578602922366,0.8531840603872313,0.7202827912062532,-0.1329012691809781
A03,6,25,48165,1,0,0.4756131589471796,0.2040139946411536,-0.271599164306026,0.176245209593518,0.4711917223817161,0.294946512788198,0.6309404162714111,0.7950815616250118,0.1641411453536007,0.8340447613213928,0.7922013017721581,-0.0418434595492347
A03,6,26,50126,2,0,0.231163245612368,0.2266882395912389,-0.004475006021129,0.3017025319291982,0.3495651864200841,0.0478626544908858,0.7787026931622337,0.7539460689961025,-0.0247566241661312,0.7721129576401752,0.7635903004347443,-0.0085226572054308
A03,6,27,52230,2,0,0.3656505061507825,0.2021970738398136,-0.1634534323109688,0.2597145185906759,0.3780069410179251,0.1182924224272492,0.6244174603407586,0.7815660461641482,0.1571485858233895,0.7293546856324822,0.8419293955420059,0.1125747099095236
A03,6,28,54234,3,0,0.4568727101958513,0.4497578162550344,-0.0071148939408168,0.1707709090935898,0.2065827365389743,0.0358118274453845,0.5489140083955533,0.6844186502667686,0.1355046418712153,0.8211152491715911,0.8472628180284278,0.0261475688568367
A03,6,29,56209,4,0,0.1998106970235464,0.5050275776550457,0.3052168806314992,0.2704784215081449,0.3110364564010126,0.0405580348928676,0.5496404078551154,0.6956889057976297,0.1460484979425143,0.7630174945230399,0.8493801176172254,0.0863626230941855
A03,6,30,58235,2,0,0.4542905788560381,0.3559425633934274,-0.0983480154626106,0.3780877560645035,0.1149333681441396,-0.2631543879203639,0.6695454111649106,0.7789771894074372,0.1094317782425265,0.8467677387711591,0.8342328343922816,-0.0125349043788774
A03,6,31,60306,1,0,0.3326059103126213,0.3599768201272857,0.0273709098146644,0.163366407353394,0.4401613697528001,0.276794962399406,0.7411937627266695,0.7441505880580334,0.0029568253313638,0.8486469409244577,0.727234843602975,-0.1214120973214827
A03,6,32,62413,1,0,0.244401071799634,0.3257304143171739,0.0813293425175399,0.3223065356355315,0.3180142757757232,-0.0042922598598083,0.6818511428635735,0.6945729839952043,0.0127218411316307,0.8204166774672322,0.7080122757014694,-0.1124044017657628
A03,6,33,64505,4,0,0.2535365919990366,0.0660655444693921,-0.1874710475296444,0.36426900205084,0.2288154974163345,-0.1354535046345054,0.6405987032614698,0.664080499868663,0.0234817966071931,0.8309077930463998,0.8516182324651265,0.0207104394187266
A03,6,34,66596,2,0,0.2266452532854032,0.1306977040802341,-0.0959475492051691,0.3830356542648436,0.4902547622031837,0.1072191079383401,0.6377776791021921,0.7335839379896765,0.0958062588874844,0.8375833320957048,0.7884207646192455,-0.0491625674764593
A03,6,36,70703,3,0,0.5256196147334606,0.182396683671322,-0.3432229310621386,0.1332352535168948,0.3243197733788638,0.1910845198619689,0.5632068558301515,0.6010508610606725,0.037844005230521,0.7002249873595484,0.8328016796537366,0.1325766922941882
A03,6,37,72723,2,0,0.6806423827184191,0.527747937288862,-0.1528944454295571,0.3643903137816391,0.4239206432631945,0.0595303294815554,0.7531823334515056,0.7737840860925062,0.0206017526410005,0.7129951119131765,0.7453070002820742,0.0323118883688976
A03,6,38,74695,2,0,0.2635139198110241,0.2449755932620034,-0.0185383265490206,0.332487764133786,0.4002668939115134,0.0677791297777274,0.680855761106909,0.6320473197930109,-0.0488084413138981,0.7553010547804446,0.7453222029575396,-0.009978851822905
A03,6,39,76658,3,0,0.4639568009935144,0.3384351782564747,-0.1255216227370397,0.2556652334678299,0.4153381472832184,0.1596729138153885,0.5916849171735958,0.6467558752546682,0.0550709580810723,0.8052718547613338,0.8476537831055995,0.0423819283442656
A03,6,40,78583,1,0,0.5416080139362275,0.4029130882711195,-0.1386949256651079,0.2949408445472092,0.4562988135204086,0.1613579689731993,0.6731370294644868,0.759023339894536,0.0858863104300491,0.7868310916096879,0.7061505402502716,-0.0806805513594163
A03,6,41,80664,4,0,0.2019305448117089,0.1505599655202314,-0.0513705792914775,0.1151038635769739,0.4005365093572673,0.2854326457802933,0.641270699602652,0.6523167777673962,0.0110460781647441,0.5391578053876318,0.7899906241676548,0.2508328187800229
A03,6,42,82642,3,0,0.1153145214316852,0.2891730460195933,0.1738585245879081,0.6693099412627375,0.6166995786702285,-0.0526103625925089,0.673769362177955,0.6959187574562663,0.0221493952783112,0.8276081168704047,0.8068841577756144,-0.0207239590947903
A03,6,43,84632,3,0,0.3118351798483835,0.3036381537010248,-0.0081970261473587,0.3320256044344253,0.3172378898743477,-0.0147877145600776,0.486660635202201,0.7367739423899385,0.2501133071877375,0.6676971897839297,0.787898902758534,0.1202017129746043
A03,6,44,86751,3,0,0.2435767133524921,0.5013900507462277,0.2578133373937355,0.3077267924125437,0.3300723109309645,0.0223455185184207,0.6763799885802737,0.7024258128010642,0.0260458242207904,0.7728373150054333,0.7502215520183769,-0.0226157629870563
A03,6,45,88657,3,0,0.4623448348115793,0.2287470725852953,-0.233597762226284,0.40611109886195,0.3688139522658941,-0.0372971465960559,0.6537370410130593,0.7949905967251011,0.1412535557120418,0.806758980485408,0.8428328038654704,0.0360738233800624
A03,6,47,92699,2,0,0.2247730503700212,0.1808950815339181,-0.0438779688361031,0.2158554991195066,0.4371755018760829,0.2213200027565762,0.625892897433082,0.7426008609457042,0.1167079635126222,0.8005240806952415,0.7445052178256233,-0.0560188628696182
A03,6,48,94758,1,0,0.4846054088283626,0.4641668536465085,-0.020438555181854,0.4792214079507675,0.3484634224887428,-0.1307579854620247,0.6184933099447478,0.7602288079712883,0.1417354980265405,0.7618054184661658,0.688278582115248,-0.0735268363509178
A03,7,1,251,2,0,0.5445747628584919,0.1517167223250244,-0.3928580405334675,0.668555639905768,0.1367518768934396,-0.5318037630123285,0.644009349684404,0.77450752032669,0.1304981706422859,0.6319312048168262,0.8889426462972229,0.2570114414803967
A03,7,2,2254,1,0,0.3019750873481882,0.3258072409195328,0.0238321535713446,0.1963145627335419,0.4257673423533416,0.2294527796197996,0.7138528328976564,0.8400623556371881,0.1262095227395316,0.8035019998707289,0.902933555362428,0.0994315554916991
A03,7,3,4172,1,0,0.3010929482315366,0.181437299662293,-0.1196556485692435,0.1549982459653119,0.3587778270660281,0.2037795811007162,0.7340525162305563,0.8245881457552876,0.0905356295247312,0.8586412998977975,0.8701900185498435,0.0115487186520459
A03,7,4,6124,3,0,0.3878022938440428,0.373209535937698,-0.0145927579063447,0.1731559967919219,0.3227445627707106,0.1495885659787886,0.7554537331412209,0.7217575588421242,-0.0336961742990966,0.8424907394567208,0.856303983119511,0.0138132436627901
A03,7,5,8132,3,0,0.4918688537460708,0.4761152913074467,-0.0157535624386241,0.2951969892458912,0.1606541784870472,-0.1345428107588439,0.7836563571743772,0.735419632574032,-0.0482367246003452,0.8442833994939195,0.8518834278872205,0.0076000283933009
A03,7,6,10243,2,0,0.1088581657297296,0.3048134673688803,0.1959553016391506,0.2550992099589871,0.2872030539844097,0.0321038440254226,0.7392053738221396,0.8085902996900932,0.0693849258679536,0.8393563118118103,0.8051822863188095,-0.0341740254930007
A03,7,7,12160,3,0,0.5335300762542838,0.2094045459334279,-0.3241255303208559,0.2871258659091594,0.1328879974984975,-0.1542378684106619,0.7661305227822434,0.7314494860998172,-0.0346810366824261,0.8766683838553927,0.8190609969609636,-0.0576073868944291
A03,7,8,14210,4,0,0.5518178744709451,0.2688061133798222,-0.2830117610911228,0.0920357781853402,0.2076972512081391,0.1156614730227989,0.7377267126775963,0.7446741606619164,0.0069474479843201,0.9079204218036104,0.8595949914766708,-0.0483254303269397
A03,7,9,16141,1,0,0.345623110480911,0.3759648862961856,0.0303417758152745,0.1247328255432138,0.5025775425355653,0.3778447169923514,0.7861500183109846,0.7286675572220837,-0.0574824610889009,0.8052148121466306,0.8933677856609149,0.0881529735142843
A03,7,10,18139,4,0,0.425270990548923,0.4131502948807232,-0.0121206956681997,0.2802395919059793,0.1853379106614225,-0.0949016812445567,0.7806913570985291,0.7457929148825437,-0.0348984422159853,0.8320504089310349,0.8617003780024015,0.0296499690713666
A03,7,11,20045,1,0,0.4578031360964928,0.3586308398091534,-0.0991722962873394,0.4766382470891916,0.5743283530655525,0.0976901059763609,0.8189233244207298,0.8602799605360014,0.0413566361152716,0.8924288292735978,0.8113564161805921,-0.0810724130930057
A03,7,12,21940,1,0,0.2752522070832988,0.3050000266621117,0.0297478195788128,0.2248916114550302,0.2103610808025439,-0.0145305306524863,0.7652009359780537,0.7840461419734999,0.0188452059954461,0.7689774148757115,0.8728949879522686,0.1039175730765571
A03,7,13,23912,2,0,0.2653445406803242,0.1671900333976332,-0.0981545072826909,0.3431557677423624,0.3667666005057999,0.0236108327634374,0.7703081688160138,0.8058768465123377,0.0355686776963238,0.8900296786323201,0.9142895847958108,0.0242599061634907
A03,7,14,25856,4,0,0.5752493406543756,0.4247366738024399,-0.1505126668519357,0.1678243008463724,0.3712357042229913,0.2034114033766189,0.7830502876871811,0.7691138549046592,-0.0139364327825218,0.7519644986970835,0.8531684918614779,0.1012039931643944
A03,7,15,27823,3,0,0.3249945343029926,0.479161686783089,0.1541671524800965,0.2942490867831305,0.4208220221588455,0.1265729353757149,0.7172884161856069,0.8186146247143488,0.1013262085287418,0.8772962539248027,0.8156614125286235,-0.0616348413961792
A03,7,16,29943,2,0,0.4130184836881695,0.3046090679301353,-0.1084094157580342,0.4014641913229894,0.3978911053109546,-0.0035730860120347,0.799329129732202,0.8105201379793783,0.0111910082471762,0.8329199903671054,0.9252583093557069,0.0923383189886013
A03,7,17,31951,4,0,0.5132115011679987,0.3443344710877652,-0.1688770300802335,0.3549184364139944,0.3135793998205062,-0.0413390365934882,0.7997005729249939,0.8649792126783791,0.0652786397533852,0.8175172826816066,0.8299289759811612,0.0124116932995546
A03,7,18,34017,3,0,0.5564768328676021,0.2349545228479019,-0.3215223100197001,0.4162936326183754,0.2110652583998233,-0.2052283742185521,0.8021922431213703,0.7859909452839492,-0.016201297837421,0.8806108922830319,0.8649931140744889,-0.015617778208543
A03,7,19,36053,4,0,0.282417861193004,0.3142215974954344,0.0318037363024303,0.294367467884066,0.3541618883851243,0.0597944205010583,0.7865296919486405,0.7100271497715587,-0.0765025421770818,0.8674789874660485,0.9138631174418588,0.0463841299758102
A03,7,20,38119,3,0,0.2867224864883204,0.3937208399663593,0.1069983534780389,0.2618416270308678,0.277348513989501,0.0155068869586332,0.7165956653839611,0.7005744351148111,-0.01602123026915,0.8336100531159444,0.8901084050716614,0.056498351955717
A03,7,21,40189,4,0,0.227222458339488,0.2621269185261102,0.0349044601866222,0.3247644481772545,0.219311128059082,-0.1054533201181724,0.711061172537316,0.7418842079449848,0.0308230354076687,0.8879703132431073,0.8479396985445703,-0.0400306146985369
A03,7,22,42269,2,0,0.2137566068078295,0.4154323442480073,0.2016757374401778,0.2776755774220338,0.252308997688502,-0.0253665797335317,0.8211081668637655,0.7454270313068071,-0.0756811355569584,0.8203188692508652,0.903176562662977,0.0828576934121118
A03,7,23,44181,2,0,0.2741433672521044,0.5282899483361164,0.254146581084012,0.2193324318647106,0.3262785890306205,0.1069461571659099,0.7441890249764759,0.7773835351983321,0.0331945102218562,0.9091030890547342,0.8353509213573493,-0.0737521676973849
A03,7,24,46212,4,0,0.2716275520438844,0.3361669976285535,0.064539445584669,0.2850933202226988,0.3749595719496704,0.0898662517269716,0.7814403941444823,0.819848984308213,0.0384085901637306,0.8843333579700193,0.870068665568881,-0.0142646924011383
A03,7,25,48165,1,0,0.427864320039506,0.2627288287287184,-0.1651354913107876,0.0819310556952353,0.3462571728453683,0.264326117150133,0.7441492041911998,0.8558301371462839,0.111680932955084,0.906264704747272,0.8467802294167779,-0.059484475330494
A03,7,26,50126,2,0,0.1946424376162542,0.3876154786067582,0.192973040990504,0.3602150907825052,0.5935353797571331,0.2333202889746279,0.8466820833336887,0.8690550221257436,0.0223729387920549,0.9329333605790324,0.9052186997288146,-0.0277146608502176
A03,7,27,52230,2,0,0.2157638078634057,0.1293841263131583,-0.0863796815502473,0.2987496778250525,0.4149033273468587,0.1161536495218062,0.7897334229476554,0.8179336635384006,0.0282002405907452,0.9405332337817272,0.8593154164673698,-0.0812178173143575
A03,7,28,54234,2,0,0.561374315204702,0.2284452785602722,-0.3329290366444298,0.3792279341784358,0.602475901786993,0.223247967608557,0.7522538527492318,0.7467271464464813,-0.0055267063027505,0.934082115516646,0.8996511242010738,-0.0344309913155722
A03,7,29,56209,3,0,0.3793557483338215,0.2501148659304555,-0.1292408824033659,0.19787142268955,0.4588594476770224,0.2609880249874724,0.7848173062614244,0.7907387223629787,0.0059214161015542,0.9111663813951628,0.8993461826153312,-0.0118201987798317
A03,7,30,58235,4,0,0.3185883997382147,0.1234608680596421,-0.1951275316785725,0.135561971699389,0.4391869314491705,0.3036249597497814,0.7402813691686214,0.8122676308956823,0.0719862617270609,0.8424370643221611,0.751825198056469,-0.0906118662656921
A03,7,31,60306,1,0,0.6510623060708303,0.5319516232806327,-0.1191106827901975,0.3772528072463025,0.3516290108511093,-0.0256237963951932,0.7507854402745304,0.823515834709624,0.0727303944350935,0.908909769930777,0.875870416786159,-0.033039353144618
A03,7,32,62413,4,0,0.2166322923402423,0.3662329147878533,0.149600622447611,0.377252587406475,0.3505382352872354,-0.0267143521192396,0.8453747708286865,0.7561056766548476,-0.0892690941738388,0.783480977138302,0.8888123318582064,0.1053313547199044
A03,7,33,64505,1,0,0.3227578332902635,0.3386498189922325,0.015891985701969,0.284195516061744,0.2542072969298717,-0.0299882191318722,0.7634483223107035,0.7977499731505752,0.0343016508398716,0.934858645416157,0.9225487059960822,-0.0123099394200748
A03,7,34,66596,3,0,0.4660493128030928,0.1666113033789128,-0.29943800942418,0.3123279215627918,0.157754458790374,-0.1545734627724178,0.7290878438210849,0.7220300064178632,-0.0070578374032217,0.8677571393592879,0.8764977833792177,0.0087406440199298
A03,7,35,68639,1,0,0.1813334196436357,0.2290477334824749,0.0477143138388392,0.3758330164460773,0.1500178516056766,-0.2258151648404007,0.8105226353503124,0.8023873205856809,-0.0081353147646315,0.8951962026106034,0.8422047652790418,-0.0529914373315616
A03,7,36,70703,4,0,0.5344209129374033,0.355248574638725,-0.1791723382986783,0.186181945387175,0.3878040330837214,0.2016220876965463,0.7221175296637478,0.679202654132475,-0.0429148755312727,0.8708972911732749,0.8992369479207228,0.0283396567474479
A03,7,37,72723,1,0,0.2487847894327086,0.3468102735857505,0.0980254841530419,0.62706080979616,0.3151251835140055,-0.3119356262821545,0.8055148319132649,0.8206725663398012,0.0151577344265363,0.9407315676196256,0.8648878462035611,-0.0758437214160645
A03,7,38,74695,3,0,0.0535691467364986,0.4336576924046498,0.3800885456681512,0.1776403130950134,0.3595171707157468,0.1818768576207333,0.8280305727915744,0.7642152378542258,-0.0638153349373485,0.9052995480636,0.904302164825446,-0.0009973832381537
A03,7,39,76658,1,0,0.5263811122046169,0.489520785360249,-0.0368603268443678,0.1913489831099732,0.4438972351666695,0.2525482520566964,0.8120518238760522,0.8521782565161377,0.0401264326400854,0.9378369416332256,0.9252566528746488,-0.0125802887585768
A03,7,40,78583,2,0,0.2087973182168276,0.239966698953242,0.0311693807364143,0.1013205473285193,0.3720615810074487,0.2707410336789293,0.6851384448407506,0.8472360315135854,0.1620975866728348,0.8197552070601469,0.9022279070632316,0.0824727000030847
A03,7,41,80664,3,0,0.4420236804520058,0.1510744506669954,-0.2909492297850103,0.3604144634088623,0.082704719624487,-0.2777097437843753,0.7719544112033347,0.7632051078239698,-0.0087493033793649,0.9381963949819514,0.9092331610419728,-0.0289632339399784
A03,7,42,82642,3,0,0.2817668623992164,0.2271452945049668,-0.0546215678942496,0.3318024042874749,0.3311041760476252,-0.0006982282398496,0.7647189593437185,0.8082046054279931,0.0434856460842746,0.946130260559424,0.8510105501234951,-0.0951197104359288
A03,7,43,84632,4,0,0.3336103696134893,0.3072765195613053,-0.0263338500521839,0.1885783423622333,0.1654433444498636,-0.0231349979123696,0.8135499776718735,0.7831293288074473,-0.0304206488644261,0.8710502076967155,0.9264561582275006,0.0554059505307851
A03,7,44,86751,1,0,0.4395572558114646,0.350057461940671,-0.0894997938707936,0.1247525065581328,0.329253636368382,0.2045011298102491,0.8185916216951961,0.8014833495885448,-0.0171082721066512,0.9007771896448268,0.8996926757447771,-0.0010845139000495
A03,7,45,88657,2,0,0.3278187602101631,0.2463515988530046,-0.0814671613571585,0.4399610248318178,0.2363169928199938,-0.203644032011824,0.763545607898898,0.821409779273195,0.057864171374297,0.8986344589217347,0.8932485162010103,-0.0053859427207243
A03,7,46,90585,4,0,0.6162754768933463,0.2333193631310717,-0.3829561137622745,0.2804938045740764,0.1390544831305951,-0.1414393214434813,0.8350121967617552,0.7515451730570327,-0.0834670237047224,0.934389253887793,0.9146539697424764,-0.0197352841453167
A03,7,47,92699,2,0,0.3892401986686115,0.2074805058109892,-0.1817596928576222,0.1981504134512224,0.3214982628168493,0.1233478493656269,0.7257887812115376,0.7906691980396147,0.0648804168280771,0.9100294079454418,0.9010421389542058,-0.008987268991236
A03,7,48,94758,3,0,0.378594994150602,0.4426850337429909,0.0640900395923888,0.2083962395778271,0.3459192029981802,0.137522963420353,0.8665495389616534,0.8106576683356567,-0.0558918706259967,0.9196306986700792,0.9254403011825556,0.0058096025124765
A03,8,1,251,3,0,0.1595709637504049,0.1858479104824816,0.0262769467320766,0.2872386261920698,0.1528150540452031,-0.1344235721468666,0.2715318714792214,0.3796228916902822,0.1080910202110608,0.3472402594006563,0.3284074965405107,-0.0188327628601455
A03,8,2,2254,1,0,0.4207693627717809,0.1311865230409216,-0.2895828397308593,0.1277372905706854,0.1466495123107476,0.0189122217400622,0.433469282343736,0.3179003409039884,-0.1155689414397476,0.4074932820803867,0.3235426876696987,-0.083950594410688
A03,8,3,4172,4,0,0.3436707510006972,0.1398950741671792,-0.203775676833518,0.081213956916928,0.1501043385332733,0.0688903816163453,0.2936333418212289,0.2265857764902184,-0.0670475653310105,0.2746859831818153,0.403395904601159,0.1287099214193437
A03,8,5,8132,4,0,0.3521676472628914,0.2693273566146953,-0.082840290648196,0.1268785057694119,0.3560641129000728,0.2291856071306608,0.0798624528270235,0.2290018760089056,0.1491394231818821,0.1331963726436919,0.5105872577600905,0.3773908851163985
A03,8,6,10243,1,0,0.1063426398348527,0.4032476215827856,0.2969049817479329,0.1367625789421825,0.2961681007939652,0.1594055218517826,0.321459735710048,0.3536062249530151,0.0321464892429671,0.4548179843987344,0.5030546832776801,0.0482366988789456
A03,8,7,12160,1,0,0.2325297874136264,0.2321493358733976,-0.0003804515402288,0.3660846588543407,0.2664164984161679,-0.0996681604381727,0.3633682511741035,0.4883985286109276,0.1250302774368241,0.3719857525476835,0.3960068245146217,0.0240210719669381
A03,8,8,14210,3,0,0.4688849835570884,0.3040494707681722,-0.1648355127889162,0.1767850393106532,0.0960728324939996,-0.0807122068166535,0.3613013370755768,0.3510072657313751,-0.0102940713442017,0.3260477515556919,0.3071745290126246,-0.0188732225430673
A03,8,9,16141,3,0,0.2437336908057525,0.2549416977693748,0.0112080069636223,0.2986834465632962,0.0734465500878167,-0.2252368964754795,0.3386981662298019,0.3411020884005856,0.0024039221707837,0.4695536230411001,0.3443135428727356,-0.1252400801683644
A03,8,10,18139,2,0,0.3457455902267872,0.3284089622593765,-0.0173366279674107,0.0451413338654707,0.2949496752813141,0.2498083414158434,0.2516412332770385,0.3484485419866599,0.0968073087096214,0.3507598000684492,0.2590369523519157,-0.0917228477165335
A03,8,11,20045,4,0,0.3451277473481774,0.3091182357010555,-0.0360095116471219,0.278300572392383,0.1279428201238343,-0.1503577522685487,0.4399126713782696,0.3016234557073385,-0.1382892156709311,0.2857764466697822,0.3201284847827358,0.0343520381129536
A03,8,12,21940,2,0,0.3908726280113571,0.4483337659621815,0.0574611379508244,0.3042226701414202,0.4568728760517264,0.1526502059103062,0.2575833474046362,0.3125352966378341,0.0549519492331979,0.328214139476081,0.5298172211410541,0.2016030816649731
A03,8,13,23912,2,0,0.2688866691886195,0.2199899382938914,-0.048896730894728,0.1630585163026817,0.2076911053179073,0.0446325890152256,0.3441713140302074,0.2961732804541985,-0.0479980335760088,0.2991197853331023,0.4024032167078158,0.1032834313747134
A03,8,14,25856,1,0,0.2447392402149919,0.0974254857258106,-0.1473137544891812,0.2461157165105679,0.2640790688062202,0.0179633522956522,0.318717388120787,0.3036393814985328,-0.0150780066222541,0.3211472148505519,0.3637573447308125,0.0426101298802606
A03,8,15,27823,2,0,0.4977100387374016,0.3615691269614726,-0.136140911775929,0.3168030317880813,0.3090712441943049,-0.0077317875937764,0.4285099035689158,0.2436735166411231,-0.1848363869277926,0.2867921979403186,0.4758155512347061,0.1890233532943875
A03,8,16,29943,4,0,0.1488483099191391,0.6227075899897887,0.4738592800706496,0.4352370467471945,0.1997719439680733,-0.2354651027791211,0.3310988589161537,0.328514903814856,-0.0025839551012977,0.3144621064261358,0.3765578710586563,0.0620957646325204
A03,8,17,31951,4,0,0.5642893929209237,0.2979646841224975,-0.2663247087984262,0.346675080692407,0.2072740743286774,-0.1394010063637295,0.3166312587273477,0.3166683890315689,3.713030422125563e-05,0.2790925339990599,0.4503092615224198,0.1712167275233599
A03,8,18,34017,2,0,0.4967898829981571,0.573412371092482,0.0766224880943249,0.1556088192961835,0.4641736521410158,0.3085648328448322,0.2520154411729192,0.3328470301445014,0.0808315889715822,0.384537761725134,0.4830003892430795,0.0984626275179454
A03,8,19,36053,2,0,0.6372304295964393,0.3319292330039439,-0.3053011965924953,0.3589152986951003,0.4890161263712499,0.1301008276761496,0.1841611739704574,0.4139958687735814,0.229834694803124,0.1216407993041595,0.2655272450812095,0.14388644577705
A03,8,20,38119,2,0,0.2977331449914883,0.2357595595859607,-0.0619735854055275,0.3107961153048952,0.2991404444785733,-0.0116556708263219,0.2898451246516164,0.3181114981910474,0.028266373539431,0.3873646144789145,0.3427219863203448,-0.0446426281585697
A03,8,21,40189,2,0,0.347846085188429,0.2129228393714583,-0.1349232458169707,0.0544637245605805,0.0747882345627902,0.0203245100022097,0.2319981352754507,0.3887790510656424,0.1567809157901917,0.2717798229302869,0.2767359716092918,0.0049561486790048
A03,8,22,42269,4,0,0.1006058389220146,0.2294677569952178,0.1288619180732031,0.1954695841264755,0.3432882372106057,0.1478186530841301,0.4631142522619383,0.4897578895352182,0.0266436372732798,0.2035814270608807,0.4092031648700871,0.2056217378092064
A03,8,23,44181,4,0,0.2358351138722681,0.2209523450829042,-0.0148827687893639,0.2909001201838762,0.3254572213238423,0.034557101139966,0.3848262234527085,0.4893556970982682,0.1045294736455597,0.3507066362566719,0.2193298473547149,-0.1313767889019569
A03,8,24,46212,3,0,0.2452427214737188,0.4805802555838236,0.2353375341101047,0.4973187968521802,0.3453235550797577,-0.1519952417724224,0.362721718987421,0.2197968263140624,-0.1429248926733586,0.3026675755416272,0.1447778393589095,-0.1578897361827176
A03,8,25,48165,4,0,0.3976005259872509,0.2813852430233582,-0.1162152829638927,0.2670933835594939,0.2094588087340079,-0.057634574825486,0.5761779370788689,0.3170160547801616,-0.2591618822987072,0.3556993201211328,0.3941618101531184,0.0384624900319856
A03,8,26,50126,1,0,0.4807898108454844,0.4552986024737114,-0.0254912083717729,0.3404675168940457,0.4503116831665774,0.1098441662725316,0.4538059682502252,0.4409823372210809,-0.0128236310291443,0.4362860716683602,0.3808516491163067,-0.0554344225520534
A03,8,27,52230,2,0,0.3095581307958696,0.0923842270225348,-0.2171739037733347,0.4097643623405149,0.6523998989426821,0.2426355366021672,0.3133879099842547,0.5115736377022776,0.1981857277180229,0.2649691812348453,0.4044483958635561,0.1394792146287108
A03,8,28,54234,3,0,0.1950650745147038,0.2331068679577746,0.0380417934430707,0.1101940672253919,0.4799794677547023,0.3697854005293104,0.2861683469874444,0.4246945432691337,0.1385261962816892,0.5527996004973001,0.3076595687912539,-0.2451400317060462
A03,8,29,56209,2,0,0.4027639857235695,0.4617244394975314,0.0589604537739619,0.3721912909365906,0.4525884322923054,0.0803971413557147,0.3745207388540695,0.4767786413971641,0.1022579025430945,0.4366683122365873,0.3090525999645254,-0.1276157122720619
A03,8,30,58235,1,0,0.3130000849287992,0.414170254105156,0.1011701691763568,0.2946574493642453,0.4007757540039219,0.1061183046396765,0.1585500281653094,0.3907207650166957,0.2321707368513863,0.3320908190811352,0.4232741633793191,0.0911833442981838
A03,8,31,60306,4,0,0.2150381406635717,0.3815653158887562,0.1665271752251844,0.4500646964160712,0.1236790489705222,-0.3263856474455489,0.3587168879242144,0.4196577076147166,0.0609408196905021,0.4478664548366333,0.2823260146787709,-0.1655404401578624
A03,8,32,62413,1,0,0.250204097122589,0.4541080139765175,0.2039039168539285,0.24419561782375,0.3292064477595213,0.0850108299357712,0.3923519490465437,0.3061396627286568,-0.0862122863178868,0.4437204762232158,0.2712773159131035,-0.1724431603101123
A03,8,33,64505,4,0,0.3131820914330371,0.2068796836648354,-0.1063024077682016,0.4572393717919696,0.0703145837471819,-0.3869247880447877,0.3031483044246693,0.4763252003157865,0.1731768958911173,0.467266536678426,0.4575413323728936,-0.0097252043055323
A03,8,34,66596,1,0,0.4634481313745135,0.3349663860209819,-0.1284817453535316,0.4386809248489681,0.2835782325966242,-0.1551026922523438,0.2080390377767744,0.3767227452018885,0.168683707425114,0.2279073761779483,0.4456952049105834,0.217787828732635
A03,8,35,68639,1,0,0.3376479133631508,0.2907454664943381,-0.0469024468688126,0.3434429847352311,0.3530887284742423,0.0096457437390112,0.3508799304737898,0.4276829231960803,0.0768029927222905,0.5021564231326167,0.4933171427960136,-0.008839280336603
A03,8,36,70703,1,0,0.3028541010545277,0.3406072740977559,0.0377531730432281,0.3418764983595127,0.4554439156073871,0.1135674172478743,0.3619315855125754,0.3723289044315204,0.0103973189189449,0.3863560081489905,0.3637524228038761,-0.0226035853451144
A03,8,38,74695,3,0,0.2648510167663007,0.5928286643939474,0.3279776476276467,0.1223297691886896,0.2936469164039156,0.171317147215226,0.4244163202235124,0.3506069815280286,-0.0738093386954837,0.533637182952577,0.5809035197260615,0.0472663367734844
A03,8,39,76658,3,0,0.491932426516854,0.1686880431122411,-0.3232443834046129,0.4059529067973696,0.3638678907644715,-0.0420850160328981,0.2912780768122746,0.3747875939809861,0.0835095171687114,0.4308220137755207,0.5049999052980165,0.0741778915224958
A03,8,40,78583,4,0,0.2425418153721349,0.419350351716126,0.1768085363439911,0.3007498285696457,0.2459894877415496,-0.0547603408280961,0.3188863492841712,0.4988360096298298,0.1799496603456586,0.3317131477552201,0.6141368116286358,0.2824236638734156
A03,8,41,80664,2,0,0.1701128051315004,0.4120926466493927,0.2419798415178922,0.377718399855569,0.4715786549244243,0.0938602550688553,0.3798404091895583,0.4458485495526311,0.0660081403630727,0.4247470140351185,0.4965986942413026,0.0718516802061841
A03,8,44,86751,3,0,0.208053177313232,0.2895071422132661,0.0814539649000341,0.322282404718877,0.3879871235346326,0.0657047188157556,0.2472707248039298,0.4398193539944334,0.1925486291905036,0.4478100747484239,0.6075520998877949,0.159742025139371
A03,8,45,88657,4,0,0.3239282426754363,0.3765894280199891,0.0526611853445528,0.2412877810622133,0.3497089334532207,0.1084211523910073,0.325510935063507,0.5192173637064813,0.1937064286429743,0.364766532231481,0.729530691589497,0.364764159358016
A03,8,46,90585,3,0,0.263644969596022,0.1757670789636902,-0.0878778906323318,0.5739719687259548,0.2768290856490132,-0.2971428830769415,0.2060855966138105,0.458748734324439,0.2526631377106285,0.4033382574579775,0.4937486386815662,0.0904103812235887
A03,8,47,92699,1,0,0.2015345370453491,0.2313323531157283,0.0297978160703792,0.1777006942900733,0.285046593125132,0.1073458988350586,0.286997783784927,0.3913902948425837,0.1043925110576566,0.2821049303808362,0.6545898570714527,0.3724849266906164
A03,8,48,94758,3,0,0.4597204083021323,0.3634258952907465,-0.0962945130113858,0.265803310890857,0.4267984652501084,0.1609951543592513,0.3457571772411619,0.4210817829054859,0.0753246056643239,0.4101309109420551,0.5624939008017565,0.1523629898597013
A04,3,1,251,4,0,0.7245314122634541,0.2952969759321197,-0.4292344363313343,0.4246333751017889,0.3846586740584213,-0.0399747010433675,0.2751952423903757,0.535567698368579,0.2603724559782033,0.6321165833578319,0.8704674330679383,0.2383508497101063
A04,3,2,2254,3,0,0.2822904547965341,0.1421767224285204,-0.1401137323680136,0.1808566896256835,0.308202480073698,0.1273457904480144,0.4087803379545637,0.5474054507357028,0.1386251127811391,0.5972481196613356,0.5796032453198705,-0.0176448743414651
A04,3,3,4172,2,0,0.4488250532549386,0.2598756109684487,-0.1889494422864899,0.4055305787352803,0.5423106985285827,0.1367801197933024,0.462914795239305,0.5429545946599763,0.0800397994206713,0.4289912260733094,0.6465957148407904,0.2176044887674809
A04,3,4,6124,1,0,0.7265506704897824,0.3893286416136529,-0.3372220288761295,0.3546463831898411,0.3541205257377239,-0.0005258574521171,0.4509020788251623,0.4522823156903487,0.0013802368651864,0.637762281725757,0.624108059945567,-0.01365422178019
A04,3,5,8132,1,0,0.4039444842514871,0.3806492256755223,-0.0232952585759648,0.4158394636069036,0.5023648001653865,0.0865253365584828,0.2609996242425226,0.5151024525360404,0.2541028282935177,0.3340265554359014,0.5382503857450145,0.204223830309113
A04,3,6,10243,2,0,0.3828836135821863,0.3594016626199427,-0.0234819509622435,0.3462127888084305,0.5824099849967299,0.2361971961882993,0.1619957321117472,0.1658341616352405,0.0038384295234932,0.3209878781414852,0.2822895409454469,-0.0386983371960383
A04,3,7,12160,3,0,0.1857429472440259,0.436153486759458,0.250410539515432,0.35726232823934,0.3689174828834985,0.0116551546441585,0.3126583564467726,0.2614495885412293,-0.0512087679055432,0.4968524881345811,0.5049970580698979,0.0081445699353167
A04,3,9,16141,2,0,0.0873875201379372,0.4471800227659439,0.3597925026280066,0.3962896404934229,0.3979717081278169,0.0016820676343939,0.2093126418220367,0.444365268238981,0.2350526264169443,0.2506744563890088,0.5122967491658289,0.2616222927768201
A04,3,11,20045,1,0,0.3985423642297875,0.2950542062953974,-0.1034881579343901,0.2097298012579476,0.2544668949835519,0.0447370937256042,0.1677008338165473,0.3349038713663118,0.1672030375497644,0.2400337545992217,0.6135460639798048,0.3735123093805831
A04,3,12,21940,1,0,0.4528462752199608,0.1805821042099663,-0.2722641710099944,0.3811906659123288,0.4665077335104458,0.0853170675981169,0.1342080726855329,0.3305122670758057,0.1963041943902727,0.1945266403491716,0.2178102420070133,0.0232836016578417
A04,3,13,23912,1,0,0.5315799259887578,0.3201568104485996,-0.2114231155401581,0.163339098139247,0.0942610919555242,-0.0690780061837228,0.3073928744399966,0.2244184494457471,-0.0829744249942495,0.1778570476246495,0.4169490138065921,0.2390919661819426
A04,3,15,27823,2,0,0.2346305640602096,0.4482500318373222,0.2136194677771125,0.5270701524370922,0.3100249359292585,-0.2170452165078336,0.255008410062087,0.4391315761600841,0.184123166097997,0.445051438852092,0.5030640329821667,0.0580125941300747
A04,3,16,29943,2,0,0.6517984205162374,0.3700184595005819,-0.2817799610156555,0.1509875735372753,0.5355502959959043,0.384562722458629,0.142835500012303,0.358119596637181,0.215284096624878,0.2064699142178511,0.2948926709989291,0.0884227567810779
A04,3,17,31951,1,0,0.2188748233263331,0.4647243865252305,0.2458495631988974,0.3251494741050617,0.4528993684841044,0.1277498943790427,0.3668607894938119,0.3240821012207019,-0.0427786882731099,0.1697270693352226,0.3187834328641933,0.1490563635289707
A04,3,18,34017,1,0,0.1735474980879719,0.5254381339006077,0.3518906358126357,0.1796436915717933,0.4414338677556481,0.2617901761838548,0.2404904942136052,0.3699488833108305,0.1294583890972253,0.5765571115501613,0.4253380069735764,-0.1512191045765849
A04,3,19,36053,3,0,0.195145571523535,0.4932245512009474,0.2980789796774123,0.3350105468541539,0.4779917263123273,0.1429811794581734,0.3184226655003357,0.4757565739831412,0.1573339084828054,0.1563060094476528,0.3762469664359616,0.2199409569883087
A04,3,20,38119,1,0,0.297712374241823,0.2260034839735002,-0.0717088902683228,0.4961280302963148,0.6215665265774296,0.1254384962811147,0.1046477264215935,0.3037582314030017,0.1991105049814081,0.2188360970012104,0.5138689618619494,0.295032864860739
A04,3,21,40189,2,0,0.4013348306511975,0.3325397537206799,-0.0687950769305176,0.27872247522748,0.2098875055585669,-0.068834969668913,0.2576639420965117,0.3521205345394361,0.0944565924429244,0.023965837467728,0.3367473315943204,0.3127814941265924
A04,3,22,42269,4,0,0.1831605741196517,0.6268923449592909,0.4437317708396391,0.1294023039578911,0.5091288671955375,0.3797265632376463,0.248600166581792,0.281632741363422,0.0330325747816299,0.0487357251666044,0.1293827181028136,0.0806469929362091
A04,3,23,44181,4,0,0.5936257854651096,0.1617706863437994,-0.4318550991213101,0.4814978032756042,0.6091341939003813,0.127636390624777,0.1779613002658256,0.2702907670863751,0.0923294668205495,0.1184790612810473,0.3171490076034985,0.1986699463224512
A04,3,26,50126,4,0,0.6244535522187455,0.261031358053967,-0.3634221941647785,0.5460834664696552,0.5068790683445464,-0.0392043981251087,0.21267098225936,0.4093944088721522,0.1967234266127921,0.2266724946787024,0.1762317660917795,-0.0504407285869229
A04,3,28,54234,2,0,0.5081966674848954,0.5373784360346423,0.0291817685497468,0.312543069429147,0.4960698893221176,0.1835268198929705,0.2385545835439608,0.3390912907165465,0.1005367071725856,0.2381585470913348,0.422955409515472,0.1847968624241371
A04,3,29,56209,4,0,0.5066322870393585,0.4984897273442637,-0.0081425596950947,0.5668336547588841,0.2747476651687618,-0.2920859895901223,0.2250798289034167,0.2687188226592054,0.0436389937557886,0.3488146697202988,0.2971008337374597,-0.051713835982839
A04,3,31,60306,2,0,0.3200857929161353,0.5033972108371977,0.1833114179210623,0.1370616100942097,0.3773530368804037,0.240291426786194,0.2767580578225118,0.2977435165224323,0.0209854586999205,0.14784326247802,0.4523162804619461,0.3044730179839261
A04,3,35,68639,3,0,0.3544287925195791,0.3170064729774801,-0.037422319542099,0.3571766259756989,0.2538694350394638,-0.1033071909362351,0.3517368811915806,0.4628963506427636,0.1111594694511829,0.3374775437578649,0.5030785543004794,0.1656010105426145
A04,3,36,70703,3,0,0.4837011647609613,0.1825622109337951,-0.3011389538271662,0.278519907839104,0.3885065326986311,0.1099866248595271,0.2511064968859781,0.2569692793410599,0.0058627824550817,0.2150502056808216,0.2915413233635075,0.0764911176826858
A04,3,38,74695,3,0,0.5138220452602652,0.1872905010851872,-0.326531544175078,0.4718800672991591,0.4199768925917161,-0.051903174707443,0.2453506448268075,0.2308151861688834,-0.0145354586579241,0.1789334870191505,0.4965871035790163,0.3176536165598658
A04,3,39,76658,1,0,0.3294744422299366,0.2979398557867231,-0.0315345864432134,0.2260936872347237,0.3759149044373028,0.1498212172025791,0.1054064402945385,0.3664932754315691,0.2610868351370305,0.1198808693201319,0.5576630039171449,0.4377821345970129
A04,3,40,78583,4,0,0.173328086360965,0.3212071968722844,0.1478791105113193,0.2353997679651547,0.2739644029617801,0.0385646349966253,0.2878909811179106,0.2665197521432608,-0.0213712289746498,0.2040641380634663,0.3865207919463339,0.1824566538828675
A04,3,41,80664,2,0,0.2336677417007513,0.1629527303941888,-0.0707150113065625,0.2406817622416835,0.3789679825648517,0.1382862203231681,0.1816895013160865,0.406015052609696,0.2243255512936095,0.1117437629460596,0.4494318742553988,0.3376881113093391
A04,3,42,82642,3,0,0.3544125315747046,0.4534851082763415,0.0990725767016368,0.350303015653861,0.1358315505262691,-0.2144714651275919,0.1975249046326193,0.251613804988242,0.0540889003556226,0.2301549803071443,0.2704132003150205,0.0402582200078762
A04,3,44,86751,3,0,0.5236678247304315,0.3088588402248658,-0.2148089845055656,0.3783830286545366,0.3997213057976723,0.0213382771431357,0.2771559163323541,0.3068679677430804,0.0297120514107262,0.2671042191594304,0.3277037212800124,0.060599502120582
A04,3,46,90585,2,0,0.4794836098616683,0.3203271382565258,-0.1591564716051424,0.3200344287021024,0.2772817675594152,-0.0427526611426872,0.1228140505744222,0.2796710871842073,0.1568570366097851,0.2756599071067625,0.3124618902013982,0.0368019830946357
A04,3,47,92699,3,0,0.5138849218963353,0.1539035058018157,-0.3599814160945195,0.1108086398426047,0.2020208460895095,0.0912122062469047,0.1334134512448263,0.2424175761457281,0.1090041249009018,0.2897041166621215,0.4393864358980263,0.1496823192359047
A04,3,48,94758,1,0,0.6373986346589532,0.583585362105093,-0.0538132725538601,0.1803304370503309,0.3314910087706466,0.1511605717203157,0.262475834831681,0.2370469024640149,-0.025428932367666,0.0569198094673603,0.3663150497307413,0.309395240263381
A04,4,1,251,1,0,0.6181962666122426,0.5412581216080261,-0.0769381450042164,0.4630301232289843,0.5177416339353628,0.0547115107063784,0.3052457829766731,0.5893185356199747,0.2840727526433015,0.3258787647818802,0.5986700813662813,0.2727913165844011
A04,4,2,2254,1,0,0.3572962310210275,0.2907971168201459,-0.0664991142008816,0.3424633555940092,0.5408552149010469,0.1983918593070377,0.4557326450413043,0.5299104931550705,0.0741778481137662,0.5799656621608923,0.7132264698850036,0.1332608077241113
A04,4,3,4172,4,0,0.1182471014940176,0.2782178006139423,0.1599706991199247,0.2129184036259723,0.4760910416448908,0.2631726380189184,0.3423635133503319,0.3335866173030344,-0.0087768960472974,0.5005447431151998,0.3702924570734064,-0.1302522860417934
A04,4,4,6124,2,0,0.5265117543865042,0.2271186806817132,-0.299393073704791,0.4058916639657007,0.2790905403684366,-0.1268011235972641,0.3397312644044548,0.3764106579049953,0.0366793935005404,0.4535781229432074,0.571065345324126,0.1174872223809186
A04,4,5,8132,1,0,0.3064509372640006,0.2644521971758269,-0.0419987400881736,0.0350593031376478,0.4606002649546607,0.4255409618170128,0.1868966086444283,0.3358384355965826,0.1489418269521542,0.4380042522640725,0.603609671970394,0.1656054197063214
A04,4,6,10243,3,0,0.1691769991050701,0.1742605397859255,0.0050835406808553,0.207027798316936,0.3669311245877302,0.1599033262707942,0.3649984254600992,0.3582784357234069,-0.0067199897366922,0.4708315725808311,0.3993916079724935,-0.0714399646083375
A04,4,7,12160,1,0,0.403176982274711,0.5090919953599776,0.1059150130852665,0.3800192187925361,0.2962827455994338,-0.0837364731931022,0.3719722974864721,0.4170620526300194,0.0450897551435472,0.2882404506886836,0.5322416166846168,0.2440011659959332
A04,4,9,16141,2,0,0.2889995092421368,0.1844529113699936,-0.1045465978721431,0.3236999581762743,0.3679666037388829,0.0442666455626086,0.1860045288570606,0.4552758031864834,0.2692712743294227,0.566847371308681,0.698874905511847,0.132027534203166
A04,4,10,18139,4,0,0.4281055820734263,0.4664326093808076,0.0383270273073812,0.4081371031950088,0.4196335145254534,0.0114964113304445,0.088682108798638,0.4053813357368301,0.3166992269381921,0.062288626321324,0.4696903498450656,0.4074017235237416
A04,4,11,20045,1,0,0.0945501607364489,0.1816176286665051,0.0870674679300562,0.5026356851487338,0.5620515175493938,0.0594158324006599,0.2793117133812132,0.4607798879741301,0.1814681745929168,0.4090950271421394,0.6922795742159998,0.2831845470738604
A04,4,12,21940,3,0,0.3490492064022081,0.4952175350090076,0.1461683286067995,0.3661022120716029,0.54550840649367,0.1794061944220671,0.1001325634160161,0.3582654184037202,0.258132854987704,0.4304365795559848,0.4036751488317361,-0.0267614307242486
A04,4,14,25856,1,0,0.2443878302468538,0.1117050737313226,-0.1326827565155311,0.3685455128303681,0.5483935140066619,0.1798480011762938,0.315739532916422,0.3302370885711368,0.0144975556547148,0.4586376577733327,0.1328878853172933,-0.3257497724560393
A04,4,15,27823,3,0,0.1330503944439018,0.4948120522848255,0.3617616578409237,0.4316400058784832,0.2594711702365566,-0.1721688356419266,0.2706331923097859,0.1776157819345739,-0.0930174103752119,0.1168053500639364,0.2473294094897431,0.1305240594258067
A04,4,17,31951,4,0,0.4466359013919222,0.2942845812889185,-0.1523513201030036,0.4839708623288667,0.5092988673168292,0.0253280049879624,0.2432685737682545,0.3536451816996704,0.1103766079314159,0.1691872136274886,0.5352657175929192,0.3660785039654306
A04,4,20,38119,3,0,0.6896771869751105,0.3178329324999117,-0.3718442544751987,0.3288838945844705,0.2880579905920614,-0.040825903992409,0.376155039250679,0.3298960766368133,-0.0462589626138656,0.4567234725149252,0.5662887433335241,0.1095652708185989
A04,4,21,40189,1,0,0.5064663311038587,0.2421085757313614,-0.2643577553724973,0.4220471067507242,0.4800084331578225,0.0579613264070982,0.3984124500185048,0.3510674581497641,-0.0473449918687407,0.1068829439332879,0.2949672638074527,0.1880843198741647
A04,4,22,42269,4,0,0.419252171204467,0.4650674425860386,0.0458152713815716,0.5272396139580441,0.4263066485505576,-0.1009329654074864,0.0989384897931217,0.234635226558933,0.1356967367658113,0.2329563570998682,0.3493637866553939,0.1164074295555257
A04,4,23,44181,2,0,0.4016245479258448,0.2483284689622457,-0.1532960789635991,0.4406774763073083,0.3453949706411232,-0.095282505666185,0.2621618287303301,0.27318999180623,0.0110281630758999,0.2733107056425516,0.5838031581515759,0.3104924525090242
A04,4,24,46212,4,0,0.3777992133554583,0.3104420757602922,-0.0673571375951661,0.2006479519856806,0.3030913664116856,0.1024434144260049,0.2386501339497029,0.2639926455683635,0.0253425116186606,0.0927486884414363,0.645497587495102,0.5527488990536656
A04,4,26,50126,1,0,0.5567289926278881,0.4841897339123611,-0.0725392587155269,0.3811503059292178,0.5660998319626651,0.1849495260334472,0.1708147887970611,0.3636881043422474,0.1928733155451863,0.1037155941105666,0.3824536812097038,0.2787380870991371
A04,4,27,52230,3,0,0.1407374085953581,0.346463956718345,0.2057265481229868,0.2503782012936728,0.6178539044450062,0.3674757031513334,0.2851397305510039,0.3476477771296455,0.0625080465786416,0.2850423705058394,0.5341344501495017,0.2490920796436622
A04,4,29,56209,1,0,0.1943696931560524,0.1231312169495197,-0.0712384762065326,0.4188949144688692,0.4549198088777905,0.0360248944089213,0.2440629852348823,0.3702742755049969,0.1262112902701145,0.2941184005251465,0.2502768905476102,-0.0438415099775362
A04,4,30,58235,3,0,0.3913328163729557,0.4641816583141007,0.0728488419411449,0.0928385441566096,0.4244314482848444,0.3315929041282347,0.315293582557452,0.3106424972470386,-0.0046510853104134,0.3700797906135855,0.4761904425334481,0.1061106519198626
A04,4,31,60306,3,0,0.1988186619784638,0.3419286573306977,0.1431099953522338,0.1094622539237759,0.4961889366194149,0.3867266826956389,0.2514766092769577,0.3980720235281084,0.1465954142511507,0.226996313215837,0.1438717615479132,-0.0831245516679237
A04,4,32,62413,1,0,0.2495904130633648,0.2339097600362386,-0.0156806530271262,0.3056809644874128,0.547330247814116,0.2416492833267031,0.404037776586721,0.2976154088395854,-0.1064223677471356,0.2673221417629213,0.2919317281292894,0.0246095863663681
A04,4,33,64505,3,0,0.6291076458130532,0.3528005171540237,-0.2763071286590295,0.6346926509374072,0.3840323449321793,-0.2506603060052279,0.1282310591551618,0.1551971183954093,0.0269660592402475,0.4677712045018948,0.3116237581580555,-0.1561474463438393
A04,4,35,68639,4,0,0.4745612110888371,0.4592007395101669,-0.0153604715786702,0.5126504289078954,0.3444068449396789,-0.1682435839682164,0.3024406656731185,0.418194300098642,0.1157536344255235,0.1683021637049701,0.5202212567673797,0.3519190930624096
A04,4,36,70703,2,0,0.2028999743815764,0.1154226126896954,-0.0874773616918809,0.4845589785412895,0.2522791659529663,-0.2322798125883232,0.3094975590722543,0.2199417631258742,-0.08955579594638,0.4430438988000454,0.2030909075355312,-0.2399529912645142
A04,4,37,72723,1,0,0.2559519645695239,0.4763351160894857,0.2203831515199617,0.1822014415213906,0.5921555983804201,0.4099541568590295,0.192189233607515,0.104311593897725,-0.0878776397097899,0.3030604470243844,0.0679186342955842,-0.2351418127288002
A04,4,39,76658,4,0,0.3867633695069187,0.2346788530586969,-0.1520845164482218,0.3256525128459318,0.270910839889372,-0.0547416729565597,0.3745172916169219,0.3792959384700652,0.0047786468531433,0.6122936040771662,0.3529900487837333,-0.2593035552934328
A04,4,40,78583,2,0,0.1471467874212522,0.2289679056688539,0.0818211182476016,0.1808765830907727,0.3695164954116806,0.1886399123209079,0.2302649382734895,0.3068025971004554,0.0765376588269658,0.1906232060964519,0.3970560210078372,0.2064328149113852
A04,4,41,80664,4,0,0.3080560388921322,0.4756267104357777,0.1675706715436455,0.7064892108510772,0.4917211412673173,-0.2147680695837598,0.2111033045297336,0.2296557845254359,0.0185524799957022,0.2667481134500827,0.4066991962125718,0.1399510827624891
A04,4,42,82642,3,0,0.5905237996586928,0.2305144222363513,-0.3600093774223415,0.4055604794684108,0.4920553089267293,0.0864948294583184,0.3705735276834895,0.3186921601110666,-0.0518813675724229,0.2763804672769604,0.4380003089143254,0.161619841637365
A04,4,43,84632,2,0,0.4283298976269712,0.3120467474623756,-0.1162831501645955,0.2547392230903039,0.4164661816735469,0.1617269585832429,0.3666697399535009,0.3480390409165817,-0.0186306990369192,0.3147511824478397,0.5249129347585885,0.2101617523107488
A04,4,44,86751,2,0,0.3567625978213477,0.4272922242236587,0.070529626402311,0.3708221794499933,0.3405529552934782,-0.0302692241565151,0.2736108073056029,0.361951653170068,0.0883408458644651,0.3037613467557455,0.2974101824160168,-0.0063511643397287
A04,4,45,88657,2,0,0.4238709696382244,0.3317737139100563,-0.092097255728168,0.5000689653878643,0.4964567229146944,-0.0036122424731698,0.1969031722756783,0.2193652459469418,0.0224620736712635,0.1615794036545364,0.28712987548705,0.1255504718325135
A04,4,48,94758,1,0,0.3188561483607181,0.4402350394209618,0.1213788910602437,0.2902698769811941,0.7085100875827205,0.4182402106015264,0.1021332784351695,0.4107160799009234,0.3085828014657539,0.1959865872939631,0.3269276492529566,0.1309410619589935
A04,5,1,251,2,0,0.2213130290835372,0.252815021809622,0.0315019927260848,0.4217744493860567,0.4024844112618942,-0.0192900381241625,0.534905134198205,0.5233919944718766,-0.0115131397263283,0.7038473446048098,0.7447613833018725,0.0409140386970626
A04,5,2,2254,4,0,0.3097699255760814,0.3520894613421577,0.0423195357660762,0.3160115237642067,0.2334469857697685,-0.0825645379944381,0.3516201991898142,0.4310857319451376,0.0794655327553234,0.628710090637358,0.5811271955980102,-0.0475828950393478
A04,5,3,4172,1,0,0.6903148124490709,0.3553090297913491,-0.3350057826577217,0.4298103108858611,0.5600213706748415,0.1302110597889803,0.3705396309865615,0.4745391811747402,0.1039995501881787,0.6303843353420454,0.6554155048608157,0.0250311695187702
A04,5,4,6124,3,0,0.2519206058297265,0.3814208367882227,0.1295002309584962,0.4448129342430477,0.5257709285193803,0.0809579942763326,0.2071148102776843,0.5007050618366609,0.2935902515589765,0.1813951723074839,0.470424788794917,0.2890296164874331
A04,5,5,8132,3,0,0.7345310486620527,0.502344432260276,-0.2321866164017766,0.3415922089600495,0.5192538614142373,0.1776616524541878,0.3790677060466593,0.5037717023067492,0.1247039962600898,0.5048063698051931,0.8064575614520415,0.3016511916468484
A04,5,6,10243,4,0,0.4658362177203354,0.0651294716326123,-0.400706746087723,0.6349672949861906,0.2635119308598058,-0.3714553641263848,0.449992396372616,0.1783427370639004,-0.2716496593087156,0.5405782056743739,0.29198094231828,-0.2485972633560939
A04,5,7,12160,1,0,0.4113696786648551,0.3944905726825767,-0.0168791059822783,0.5790287333388878,0.5138441478100929,-0.0651845855287949,0.4638454033500136,0.393264259951978,-0.0705811433980356,0.4999127717710863,0.7108970520894147,0.2109842803183284
A04,5,8,14210,1,0,0.4463693543530648,0.3857409567175439,-0.0606283976355208,0.5738536547300956,0.1501710029002903,-0.4236826518298052,0.2859350890292281,0.1851218188764001,-0.1008132701528279,0.3775613817383275,0.2879820289860379,-0.0895793527522895
A04,5,9,16141,3,0,0.5724509538619695,0.3569499649640876,-0.2155009888978819,0.348541721016138,0.2832911956856265,-0.0652505253305115,0.3730819437652525,0.3680232663926239,-0.0050586773726286,0.3580754034240508,0.3365896900208755,-0.0214857134031752
A04,5,11,20045,4,0,0.3017264177126538,0.2780918750476999,-0.0236345426649539,0.3415870960537903,0.5476295268845729,0.2060424308307825,0.2486430877448979,0.2277563817384563,-0.0208867060064416,0.1639221202544183,0.3622530420800016,0.1983309218255832
A04,5,12,21940,4,0,0.2723412532293513,0.4158384438896027,0.1434971906602514,0.2366592705689911,0.23811400447003,0.0014547339010388,0.4351900732512056,0.3226766184270659,-0.1125134548241397,0.1760075426271698,0.0786718944624713,-0.0973356481646985
A04,5,14,25856,2,0,0.2230893996773015,0.3665737815591696,0.143484381881868,0.2709638631180752,0.5428170573971871,0.2718531942791119,0.2956414444181025,0.2730618519999283,-0.0225795924181742,0.1031757899912987,0.2141296386889045,0.1109538486976058
A04,5,15,27823,1,0,0.4880533181733507,0.1286816194677385,-0.3593716987056122,0.3577279136438958,0.6275480615459739,0.269820147902078,0.2330266398703263,0.2639130487889343,0.030886408918608,0.2399652658048653,0.1779571947386867,-0.0620080710661785
A04,5,16,29943,3,0,0.4140942843521293,0.2077575156312328,-0.2063367687208964,0.4937124700551492,0.4859721671530828,-0.0077403029020664,0.3341705891594977,0.3810479210885527,0.0468773319290549,0.2587304969379232,0.4057499407180998,0.1470194437801765
A04,5,17,31951,2,0,0.2770107680283776,0.3735046867878676,0.09649391875949,0.3141948807316448,0.3022283938201569,-0.0119664869114879,0.2019218204024848,0.1844829063561586,-0.0174389140463262,0.2576341867111695,0.2832371249841017,0.0256029382729321
A04,5,18,34017,4,0,0.3858203395699783,0.1828248881737072,-0.2029954513962711,0.4246823996349729,0.2334152986183773,-0.1912671010165955,0.177901945371012,0.2318987515816264,0.0539968062106143,0.3431749890690734,0.4304106733768808,0.0872356843078073
A04,5,19,36053,1,0,0.4664236866008008,0.3048129237850562,-0.1616107628157446,0.407132657285256,0.5621962202442117,0.1550635629589556,0.253757942114671,0.1523243733254912,-0.1014335687891797,0.1365501817701491,0.1328033584965514,-0.0037468232735976
A04,5,22,42269,2,0,0.2630113493176759,0.2118850812743169,-0.051126268043359,0.6025968293721092,0.164801208089865,-0.4377956212822442,0.2726357352526731,0.3678181993334401,0.095182464080767,0.2915377593363906,0.4590010632251337,0.1674633038887431
A04,5,23,44181,4,0,0.5065334372153842,0.4694289848661163,-0.0371044523492679,0.3076154348419328,0.3080027541476234,0.0003873193056905,0.2351268278415206,0.2835817449933733,0.0484549171518527,0.0704696399609437,0.2659599592760407,0.1954903193150969
A04,5,25,48165,1,0,0.4223502448717507,0.0442571265095601,-0.3780931183621905,0.5504459182562661,0.1674429699915216,-0.3830029482647444,0.3364211290342154,0.2426883103557817,-0.0937328186784337,0.1765081956593268,0.534526882134249,0.3580186864749222
A04,5,26,50126,2,0,0.543065140704963,0.3880426698480336,-0.1550224708569294,0.1807705675733189,0.2680631354076775,0.0872925678343585,0.2839350250016753,0.1997270989438194,-0.0842079260578559,0.2305643494593394,0.1984971364342862,-0.0320672130250531
A04,5,27,52230,2,0,0.3436391784073613,0.3382822689414374,-0.0053569094659239,0.1813144779150942,0.4340627326071219,0.2527482546920278,0.303487911833339,0.2614062556588757,-0.0420816561744633,0.187413483018771,0.1521137673308896,-0.0352997156878814
A04,5,31,60306,1,0,0.7392002328694984,0.3702665113306633,-0.3689337215388351,0.2246790143186212,0.3678855906349438,0.1432065763163225,0.2431321816963927,0.4559265358896966,0.2127943541933038,0.1930689508572848,0.5850729977449968,0.3920040468877119
A04,5,32,62413,1,0,0.6437440873903293,0.3503168160581761,-0.2934272713321532,0.4963769757423397,0.3785165733486699,-0.1178604023936698,0.2098420514509343,0.2725954077093319,0.0627533562583976,0.0541878725140379,0.3051772003207134,0.2509893278066754
A04,5,33,64505,4,0,0.7069931909034036,0.1607372574246572,-0.5462559334787463,0.4156962062876407,0.5102329865941149,0.0945367803064741,0.3230153845924969,0.2820920931063719,-0.040923291486125,0.4324578595228061,0.5625827792722956,0.1301249197494894
A04,5,34,66596,2,0,0.6297046919870428,0.5275813647271024,-0.1021233272599404,0.511823034978378,0.5396591223823537,0.0278360874039756,0.2421050748494678,0.3881562435252165,0.1460511686757487,0.3763775352934642,0.3126532291336276,-0.0637243061598366
A04,5,35,68639,1,0,0.340298979730962,0.0855688387422648,-0.2547301409886971,0.5081779244815443,0.195402403666693,-0.3127755208148512,0.2367852979671803,0.3214750033910402,0.0846897054238598,0.3578408098246665,0.5266303226262531,0.1687895128015866
A04,5,37,72723,2,0,0.2528893536903647,0.4000468095007596,0.1471574558103948,0.2475568552739152,0.5483502771161545,0.3007934218422393,0.2990174514033634,0.3484066139926424,0.049389162589279,0.0439447427782635,0.4591754466943428,0.4152307039160792
A04,5,39,76658,3,0,0.3277159457344097,0.2766204290943135,-0.0510955166400961,0.3596596132816438,0.441097774068883,0.0814381607872392,0.2452067609679979,0.2583099138977308,0.0131031529297328,0.3206967143571479,0.492441264772295,0.171744550415147
A04,5,41,80664,4,0,0.1190394805518341,0.3951230199915694,0.2760835394397353,0.5099749604821685,0.4768623801002743,-0.0331125803818941,0.3134582999390635,0.2141774539232788,-0.0992808460157846,0.4189225716389826,0.5660527440115957,0.147130172372613
A04,5,42,82642,3,0,0.2587349961179293,0.4780542954130032,0.2193192992950738,0.3934371444604871,0.1011730675109413,-0.2922640769495457,0.3396521354667014,0.3258112471770368,-0.0138408882896645,0.4743027468493577,0.441890037781997,-0.0324127090673607
A04,5,43,84632,3,0,0.2401092791194749,0.1407154173260727,-0.0993938617934022,0.15550404001986,0.4061022114328962,0.2505981714130362,0.1740956402629586,0.3675087774369799,0.1934131371740212,0.2940530747190025,0.2937676532493892,-0.0002854214696133
A04,5,44,86751,3,0,0.3694513705387176,0.2441394781998919,-0.1253118923388257,0.5617846651301597,0.2192394023792122,-0.3425452627509474,0.3078830246868719,0.5003100709267638,0.1924270462398919,0.2475355535471498,0.5172144776708791,0.2696789241237293
A04,5,45,88657,3,0,0.1120696332797678,0.1926677531072967,0.0805981198275289,0.1777680646508675,0.4374881302049523,0.2597200655540848,0.1668575879276771,0.3977491632801517,0.2308915753524745,0.4099449175800265,0.2588993070535764,-0.1510456105264501
A04,5,46,90585,1,0,0.55905199734252,0.2155240848609381,-0.3435279124815819,0.1830551562929621,0.37889151037251,0.1958363540795479,0.1549345816324344,0.275889669442454,0.1209550878100195,0.1054793061134366,0.4107003631177918,0.3052210570043552
A04,5,47,92699,2,0,0.6567472572209011,0.3817283420682231,-0.275018915152678,0.4732512312993043,0.4951507918168326,0.0218995605175282,0.2519287452082178,0.3684280529547076,0.1164993077464897,0.1925347883373412,0.5543844169558377,0.3618496286184964
A04,6,1,251,2,0,0.3083515419528222,0.3513477439466248,0.0429962019938026,0.4504721277056484,0.4383239093655363,-0.012148218340112,0.5264640766893962,0.5530495003056298,0.0265854236162336,0.7413025500187801,0.7895920987260133,0.0482895487072332
A04,6,2,2254,1,0,0.5310490120435722,0.399431811810306,-0.1316172002332662,0.525173576731772,0.3707574186124289,-0.1544161581193431,0.3375020125381019,0.5971339301342686,0.2596319175961666,0.4018422421245375,0.4469100025815687,0.0450677604570311
A04,6,4,6124,3,0,0.3375205982811226,0.0903363595770808,-0.2471842387040417,0.4469223070344905,0.382750544054985,-0.0641717629795054,0.3625961854244307,0.3053066242720602,-0.0572895611523705,0.4075007459211454,0.5417015601617869,0.1342008142406415
A04,6,5,8132,3,0,0.2237821835621913,0.3320429271359019,0.1082607435737106,0.3161000295322935,0.4722561493874801,0.1561561198551865,0.3557967885673522,0.3433321122530432,-0.0124646763143089,0.3678934060618765,0.4798216006686214,0.1119281946067448
A04,6,6,10243,2,0,0.4363433937459443,0.2637331853417347,-0.1726102084042096,0.271884697028711,0.4328964971108887,0.1610118000821777,0.3193268866080852,0.175983521919734,-0.1433433646883511,0.3594116713342754,0.5386491966044565,0.1792375252701811
A04,6,9,16141,1,0,0.5461746268323787,0.4672119057457092,-0.0789627210866695,0.4073157501509458,0.4537569070586347,0.0464411569076889,0.2454321701019965,0.1073522811787046,-0.1380798889232919,0.303436167799587,0.2341275560506197,-0.0693086117489672
A04,6,10,18139,4,0,0.3127131066752014,0.4040915382516751,0.0913784315764736,0.3075636574906631,0.4589356651854485,0.1513720076947853,0.0983172347971478,0.2387127108935254,0.1403954760963776,0.3315355995331414,0.2896744799812706,-0.0418611195518708
A04,6,11,20045,1,0,0.319261866083546,0.4828920822988196,0.1636302162152735,0.2575192589191562,0.6795648525554626,0.4220455936363064,0.1337008360428268,0.3392555878944957,0.2055547518516689,0.3873813308088428,0.1941443187578705,-0.1932370120509723
A04,6,12,21940,1,0,0.2441616575233746,0.4199534461263555,0.1757917886029808,0.4421854712238938,0.2762511729134618,-0.1659342983104319,0.1264375594150593,0.3273419410703186,0.2009043816552593,0.3313649234543644,0.2834843695580281,-0.0478805538963362
A04,6,13,23912,2,0,0.3385378238705367,0.2708373704977689,-0.0677004533727677,0.3966554024798298,0.6012040798582606,0.2045486773784308,0.2938484296566139,0.2312778048632328,-0.062570624793381,0.3056074843506753,0.2202566457509132,-0.0853508385997621
A04,6,14,25856,4,0,0.2640809524927443,0.3439693374819074,0.0798883849891631,0.542425365238971,0.545469363995662,0.003043998756691,0.3370330440467898,0.2302868878142043,-0.1067461562325855,0.2296157536834245,0.1773933474594425,-0.052222406223982
A04,6,15,27823,3,0,0.3951266561829576,0.5165118953665386,0.1213852391835809,0.1802295145096178,0.1514962078637194,-0.0287333066458984,0.1815551122082068,0.3979958891990874,0.2164407769908806,0.2412108743901205,0.2869106125022886,0.0456997381121681
A04,6,16,29943,2,0,0.2854357795478129,0.1966545772972655,-0.0887812022505474,0.0878481871041062,0.2266733932606383,0.138825206156532,0.2507061650058869,0.3530187676787287,0.1023126026728418,0.3848636520086784,0.4221474682475637,0.0372838162388853
A04,6,18,34017,3,0,0.1951261697288979,0.2151956806492472,0.0200695109203493,0.2202981156095893,0.1369987901281952,-0.0832993254813941,0.2899190843299514,0.3150454582159066,0.0251263738859552,0.4053845429467734,0.1467706798411852,-0.2586138631055881
A04,6,19,36053,4,0,0.1819951334179516,0.526239223023996,0.3442440896060443,0.4040186467974475,0.5039288289092425,0.0999101821117949,0.3517148516279271,0.2858485664107116,-0.0658662852172154,0.2291594374355419,0.125164336341407,-0.1039951010941349
A04,6,20,38119,3,0,0.3543079141415362,0.1755930435412667,-0.1787148706002695,0.6633720989607479,0.4981800609016818,-0.165192038059066,0.1084411615078703,0.2073015684762838,0.0988604069684135,0.1591596229775407,0.2661834949921837,0.107023872014643
A04,6,21,40189,4,0,0.4235889696429712,0.4439027210889187,0.0203137514459474,0.3125999593709121,0.4859891135359341,0.173389154165022,0.2389261144732571,0.1894384200837253,-0.0494876943895317,0.2166078011679073,0.3524325068522446,0.1358247056843373
A04,6,22,42269,2,0,0.3574224732319346,0.3983305697664679,0.0409080965345333,0.6884342024768806,0.3915065925406282,-0.2969276099362523,0.2367815701594741,0.3274167379267713,0.0906351677672972,0.178913484987148,0.2938864662823602,0.1149729812952122
A04,6,23,44181,2,0,0.0940429234359281,0.4721864054555258,0.3781434820195977,0.1866846159608946,0.6571484140401351,0.4704637980792405,0.4034649893124418,0.2153754842836856,-0.1880895050287561,0.2357619320997744,0.3519432371725563,0.1161813050727818
A04,6,24,46212,4,0,0.2707486289398105,0.1449877106252635,-0.1257609183145469,0.424278817670591,0.5821856525248041,0.157906834854213,0.2085616291797001,0.3084423081265152,0.0998806789468151,0.0722592316779334,0.2481017538308683,0.175842522152935
A04,6,25,48165,1,0,0.4199694105764593,0.1842148014753863,-0.235754609101073,0.2076244307504434,0.5814261603366546,0.3738017295862111,0.1049363944731482,0.3202311670262378,0.2152947725530895,0.2431876582096912,0.3282107800875032,0.085023121877812
A04,6,26,50126,2,0,0.6957843852372516,0.3603340680341666,-0.335450317203085,0.4053646190328961,0.6040607968342631,0.1986961778013669,0.2793793475883174,0.2636760907426534,-0.0157032568456639,0.0686786510095968,0.0597773197352979,-0.0089013312742988
A04,6,27,52230,2,0,0.4909981026456341,0.3358251000975268,-0.1551730025481072,0.2699276763563852,0.3050489297339398,0.0351212533775545,0.2991658007784682,0.1334190607032343,-0.1657467400752339,0.2085134657390442,0.091127054362424,-0.1173864113766201
A04,6,28,54234,2,0,0.4992272536740647,0.2868988883853839,-0.2123283652886807,0.3088697618362791,0.5917639718038237,0.2828942099675445,0.1435463541285764,0.2313624906620927,0.0878161365335163,0.1418443000924802,0.2087748317064179,0.0669305316139376
A04,6,29,56209,3,0,0.4256549144474455,0.5728431348126745,0.1471882203652289,0.2507276353037384,0.2132493134214439,-0.0374783218822945,0.2218172676977905,0.2343555268571346,0.0125382591593441,0.4592065166648673,0.3719759805691453,-0.0872305360957219
A04,6,30,58235,4,0,0.6439080593560248,0.3996894767458504,-0.2442185826101743,0.0533612361613494,0.4396889914698243,0.3863277553084748,0.1359969259069939,0.3931526202499639,0.25715569434297,0.2226510696285349,0.1938717683412902,-0.0287793012872446
A04,6,31,60306,1,0,0.2347214773562662,0.3916293504618074,0.1569078731055412,0.4346579326455915,0.4777197933845841,0.0430618607389925,0.1455320988240918,0.3184643167959028,0.172932217971811,0.2197770897059618,0.1907001340144223,-0.0290769556915394
A04,6,32,62413,4,0,0.1709435389008017,0.6781007542615044,0.5071572153607027,0.3905838833320005,0.256547243008022,-0.1340366403239784,0.3421481762458054,0.3948916253448978,0.0527434490990924,0.2823784285231147,0.2901451288719643,0.0077667003488496
A04,6,33,64505,1,0,0.4717841374247473,0.3142431265262554,-0.1575410108984918,0.5708537761885913,0.5710173483188739,0.0001635721302825,0.2772534925857576,0.3614440432758158,0.0841905506900582,0.3001706135846014,0.3186807589186019,0.0185101453340004
A04,6,34,66596,3,0,0.5428730449149539,0.2512494288218462,-0.2916236160931077,0.0757761703367833,0.4609914155081255,0.3852152451713421,0.3468596759063177,0.2602739130814199,-0.0865857628248977,0.4108538301022764,0.320595703953871,-0.0902581261484054
A04,6,35,68639,1,0,0.6069026399102339,0.2690789719789835,-0.3378236679312503,0.5375895446949853,0.2254789742502105,-0.3121105704447747,0.1430203421088209,0.3024692629059933,0.1594489207971723,0.2976513875392036,0.3205376104092436,0.0228862228700399
A04,6,38,74695,3,0,0.4201446558991742,0.3624401133108117,-0.0577045425883625,0.3657027758656165,0.6026614488671852,0.2369586730015687,0.2758529476290894,0.3913749628571151,0.1155220152280256,0.4165609825865898,0.3385619955359355,-0.0779989870506543
A04,6,39,76658,1,0,0.5009014316838085,0.2634626239861791,-0.2374388076976294,0.2999903327691715,0.3968924130917299,0.0969020803225584,0.291442821426106,0.1908653686079295,-0.1005774528181765,0.3271427856242474,0.3811031907577783,0.0539604051335309
A04,6,40,78583,2,0,0.1724545559662303,0.3823130048849799,0.2098584489187496,0.0746146521053494,0.6226389086858709,0.5480242565805215,0.229046277725523,0.1993837522088344,-0.0296625255166886,0.3048772636481113,0.2776341080200072,-0.027243155628104
A04,6,42,82642,3,0,0.4082729671958574,0.4094953485761811,0.0012223813803236,0.2848819082887391,0.6623015219573192,0.37741961366858,0.285059073889979,0.3105012207364543,0.0254421468464752,0.3708479222259539,0.1020546547013603,-0.2687932675245936
A04,6,43,84632,4,0,0.4980410126001622,0.2267468906913008,-0.2712941219088614,0.4673240040420596,0.3627777653533236,-0.104546238688736,0.1164791740265089,0.3417138359347617,0.2252346619082527,0.2850112623053408,0.4202274802955184,0.1352162179901775
A04,6,45,88657,2,0,0.3517628167752415,0.3741531116312647,0.0223902948560232,0.4793288903184272,0.4157109550250234,-0.0636179352934038,0.205813886810918,0.1331347614432482,-0.0726791253676697,0.0513386288839001,0.1980134805251283,0.1466748516412281
A04,6,46,90585,4,0,0.4157660662020093,0.373268040015363,-0.0424980261866462,0.283272712804756,0.4490431384382453,0.1657704256334893,0.2266145319092783,0.2731960815120699,0.0465815496027915,0.2220439569752344,0.1489199868892819,-0.0731239700859524
A04,6,47,92699,2,0,0.5269824039582724,0.3335211126099556,-0.1934612913483168,0.5922508710984226,0.1599503733773871,-0.4323004977210354,0.1375938852609651,0.2304347462576561,0.0928408609966909,0.265836144607975,0.0790196627496651,-0.1868164818583098
A04,6,48,94758,3,0,0.1498936225422682,0.0411170380124839,-0.1087765845297842,0.2656055052049938,0.5666826332779827,0.3010771280729889,0.142004202974924,0.2071367922307785,0.0651325892558544,0.3388213957991204,0.2760358405567226,-0.0627855552423978
A04,7,1,251,3,0,0.2370748553952245,0.2416235403403787,0.0045486849451542,0.2373020690151907,0.2336160105062689,-0.0036860585089218,0.5359375539983816,0.5514287479984041,0.0154911940000225,0.7198523541591023,0.8100784630952617,0.0902261089361593
A04,7,2,2254,1,0,0.4750327618661453,0.2447709405349352,-0.23026182133121,0.4277230372291077,0.5172588509297967,0.0895358137006889,0.5517568540593597,0.4617667084176917,-0.089990145641668,0.576728269372757,0.54431323567864,-0.032415033694117
A04,7,3,4172,4,0,0.5750622129029972,0.3887073529261766,-0.1863548599768206,0.4559052619018677,0.3946978778296164,-0.0612073840722512,0.5626360204248815,0.4332348564354775,-0.129401163989404,0.6093380834396831,0.5872207726056333,-0.0221173108340497
A04,7,4,6124,2,0,0.6626662685414919,0.2271625848285512,-0.4355036837129406,0.4914926991494223,0.3375356577138126,-0.1539570414356096,0.3415363772665545,0.5082052195068435,0.1666688422402889,0.5723199929766682,0.653936360708932,0.0816163677322637
A04,7,5,8132,4,0,0.3130966027631275,0.1626910266587103,-0.1504055761044172,0.417420656430699,0.4374506023965915,0.0200299459658925,0.4885905174716211,0.4190083899169359,-0.0695821275546851,0.7526100128057925,0.6930957773551505,-0.059514235450642
A04,7,6,10243,1,0,0.5379302964734917,0.4568148631184428,-0.0811154333550488,0.4672917444639199,0.3439378916916474,-0.1233538527722725,0.4616198021974581,0.2817347487834197,-0.1798850534140383,0.4611498162986587,0.5033370438708648,0.042187227572206
A04,7,8,14210,3,0,0.6378727954759992,0.2336224112012657,-0.4042503842747335,0.1053414730584688,0.3980230293382859,0.292681556279817,0.2074303159502667,0.202520467647473,-0.0049098483027936,0.4124623853044084,0.5558927420344798,0.1434303567300713
A04,7,9,16141,3,0,0.228641967126441,0.0530822753493369,-0.1755596917771041,0.2277692198309054,0.4941020012001118,0.2663327813692063,0.4594318728053018,0.3351379244812231,-0.1242939483240787,0.5311521569441979,0.5565894292090002,0.0254372722648023
A04,7,11,20045,4,0,0.1497435353631956,0.3099007109892363,0.1601571756260406,0.4682914870374254,0.5299303007083258,0.0616388136709003,0.1845127812555144,0.3772824982744406,0.1927697170189261,0.4142159524736692,0.3445175638382864,-0.0696983886353828
A04,7,12,21940,2,0,0.5479276954786104,0.4131848292265225,-0.1347428662520879,0.6815409244393236,0.5809057157136477,-0.1006352087256758,0.2392792308970843,0.3698483946631682,0.1305691637660839,0.3863227318046025,0.4782788217708208,0.0919560899662183
A04,7,17,31951,4,0,0.105469495675881,0.1814961777590397,0.0760266820831587,0.3135229621464903,0.2245881288635101,-0.0889348332829802,0.3471945072288177,0.3448875580345767,-0.0023069491942409,0.4138996815545897,0.4818020327746571,0.0679023512200673
A04,7,18,34017,2,0,0.2125469596583029,0.1678403761002849,-0.0447065835580179,0.1535535241538775,0.5092188629178072,0.3556653387639296,0.2607849859206618,0.1738844436771894,-0.0869005422434723,0.3363184159057656,0.4262253670152315,0.0899069511094658
A04,7,20,38119,2,0,0.7372421996215047,0.2082102374180429,-0.5290319622034618,0.34544723915757,0.4144679995251228,0.0690207603675528,0.347987647158798,0.3170474631788616,-0.0309401839799363,0.3780887203436728,0.2468791300013373,-0.1312095903423354
A04,7,21,40189,2,0,0.4707004442831407,0.0348925117399788,-0.4358079325431619,0.1997887633705796,0.6487172430514309,0.4489284796808512,0.1805792853637564,0.3355918458128541,0.1550125604490976,0.1231197832997556,0.2651306739190128,0.1420108906192571
A04,7,22,42269,4,0,0.2790482393984126,0.3247267499988781,0.0456785106004654,0.3974823027668722,0.2806793808829791,-0.116802921883893,0.14307526163061,0.2952512087573594,0.1521759471267493,0.1201360839151273,0.2366188598377701,0.1164827759226427
A04,7,23,44181,4,0,0.1809391737902843,0.2395849324346258,0.0586457586443415,0.3625458611490959,0.3675937951517113,0.0050479340026153,0.3154552668173465,0.2157475675436362,-0.0997076992737103,0.1766853941774563,0.2505860115431216,0.0739006173656653
A04,7,24,46212,3,0,0.1705211978458911,0.4349812250491369,0.2644600272032458,0.635946229522465,0.3925328777883003,-0.2434133517341647,0.1539296592531342,0.1915402751859933,0.037610615932859,0.0523060684465844,0.0685840934572162,0.0162780250106318
A04,7,25,48165,4,0,0.2758145008326576,0.3150741849371142,0.0392596841044565,0.1887063180125826,0.124005231339105,-0.0647010866734776,0.2606818463204945,0.3655094390366752,0.1048275927161807,0.1577739784898379,0.071841396595933,-0.0859325818939049
A04,7,26,50126,1,0,0.5118733904875147,0.2998285389097187,-0.2120448515777959,0.5449470612612888,0.0928625932813967,-0.452084467979892,0.2404226502919193,0.3626351109304288,0.1222124606385094,0.1075265858164655,0.1326483861617567,0.0251218003452912
A04,7,27,52230,2,0,0.4023803927375763,0.4143063206279108,0.0119259278903344,0.3298209132501676,0.320082188033935,-0.0097387252162326,0.1147333474379588,0.2444162497811292,0.1296829023431704,0.1641396129291847,0.0936017614701955,-0.0705378514589892
A04,7,28,54234,3,0,0.370257354533661,0.4608640100336609,0.0906066554999999,0.0503774438524083,0.2575951991326086,0.2072177552802002,0.2403755647724642,0.3353785135699771,0.0950029487975128,0.2595448820118692,0.2424992742167624,-0.0170456077951068
A04,7,29,56209,2,0,0.3767579068638648,0.4452144590766044,0.0684565522127395,0.4261791115107486,0.4102224470321317,-0.0159566644786169,0.1882164865902752,0.2718103609243965,0.0835938743341212,0.2583051552981361,0.1239386217212007,-0.1343665335769353
A04,7,30,58235,1,0,0.2625056685285697,0.3617264159007098,0.0992207473721401,0.4845420111910344,0.6371225700214608,0.1525805588304263,0.3489071587007988,0.2569934047634048,-0.0919137539373939,0.2028986747989847,0.1818324984656303,-0.0210661763333543
A04,7,31,60306,4,0,0.3972416418531446,0.263342047342553,-0.1338995945105915,0.424139809293573,0.5115298770172831,0.0873900677237101,0.3209633487453847,0.3158704446692292,-0.0050929040761554,0.1566055742732436,0.2841071132278748,0.1275015389546311
A04,7,32,62413,1,0,0.4311666910505728,0.3630295394386012,-0.0681371516119715,0.4093026872008706,0.5788323192515569,0.1695296320506862,0.2585212514154598,0.3323923180589373,0.0738710666434775,0.4650492461872672,0.4837905813599477,0.0187413351726804
A04,7,36,70703,1,0,0.4811686800501906,0.3686648251434348,-0.1125038549067558,0.525559510102106,0.1517231697592807,-0.3738363403428252,0.2148096294678752,0.1728152060593578,-0.0419944234085173,0.1461462171953018,0.1736050854144429,0.027458868219141
A04,7,38,74695,3,0,0.1207911295353642,0.1873774150211372,0.066586285485773,0.496749755213811,0.2602757673966188,-0.2364739878171922,0.12653037501152,0.2933524638595258,0.1668220888480058,0.2201550415896077,0.2254612329399381,0.0053061913503303
A04,7,40,78583,4,0,0.4395682473592791,0.3121590104795284,-0.1274092368797507,0.3480013605463816,0.6523513453398634,0.3043499847934818,0.3176361321735757,0.336358009107004,0.0187218769334283,0.2998587678845556,0.393763885074278,0.0939051171897224
A04,7,41,80664,2,0,0.2227867544929706,0.3134521484977351,0.0906653940047645,0.1220794898606267,0.3110057432719306,0.1889262534113039,0.2088745667287496,0.3029895862636503,0.0941150195349007,0.2772592759008906,0.0966892719984461,-0.1805700039024444
A04,7,42,82642,3,0,0.2979828431727885,0.3641373900161578,0.0661545468433693,0.6320110829805132,0.332172377028706,-0.2998387059518072,0.2189456573000175,0.1504534950312402,-0.0684921622687773,0.1861803111750866,0.2008377352662879,0.0146574240912012
A04,7,43,84632,3,0,0.3650937850720829,0.6431309940580923,0.2780372089860093,0.0831738197151997,0.3399749419193849,0.2568011222041851,0.3336426945464846,0.3605915433729312,0.0269488488264466,0.1366573591582302,0.1845307341138695,0.0478733749556393
A04,7,44,86751,3,0,0.3934659459911967,0.3585922101285915,-0.0348737358626051,0.2548322622722908,0.4224249739914487,0.1675927117191579,0.1885596397587801,0.0864127783630563,-0.1021468613957238,0.2526912659593848,0.2879501597381018,0.0352588937787169
A04,7,45,88657,4,0,0.5785446225567228,0.2881203644661015,-0.2904242580906213,0.174799980640889,0.3697695874384073,0.1949696067975183,0.1926074937372945,0.2917260521985967,0.0991185584613022,0.4011256044408481,0.4613259953740121,0.0602003909331639
A04,7,46,90585,3,0,0.177297381068411,0.3539168508839054,0.1766194698154944,0.1899251498540754,0.3749223779710437,0.1849972281169682,0.3243225041489473,0.3985931507275961,0.0742706465786488,0.3135857398727193,0.2052036086669421,-0.1083821312057772
A04,7,47,92699,1,0,0.3189784799032237,0.0543189345462414,-0.2646595453569822,0.3573542405441675,0.3788579611150043,0.0215037205708368,0.1625444669349198,0.2421926026108312,0.0796481356759113,0.1518451686543536,0.1130583175881431,-0.0387868510662104
A04,7,48,94758,3,0,0.3033829243746433,0.2459649937131272,-0.0574179306615161,0.4298197881119722,0.3967923822017316,-0.0330274059102406,0.2634158221607867,0.1637629501140923,-0.0996528720466943,0.342413668556139,0.2970253866328293,-0.0453882819233097
A04,8,1,251,1,0,0.6227512589193515,0.2998247517694092,-0.3229265071499422,0.0420468231217824,0.3743687157205296,0.3323218925987471,0.4606212658226879,0.5061901674458975,0.0455689016232095,0.7031317377080057,0.7472668384841208,0.044135100776115
A04,8,2,2254,4,0,0.3419115586016024,0.111869339218076,-0.2300422193835264,0.4477728962638463,0.5389708900095427,0.0911979937456963,0.4118758456522884,0.3997218260699618,-0.0121540195823265,0.623235928612054,0.8117133768139747,0.1884774482019207
A04,8,4,6124,4,0,0.1664083148723955,0.4886529875029879,0.3222446726305923,0.3284817643211377,0.4153291361551238,0.0868473718339861,0.4082547731853956,0.3997879214742822,-0.0084668517111133,0.4823328651700333,0.6759154532361233,0.19358258806609
A04,8,5,8132,4,0,0.3908851443321354,0.1544981779365319,-0.2363869663956035,0.4341763206808114,0.4119753177945479,-0.0222010028862635,0.2579896705740854,0.2572108903491033,-0.0007787802249821,0.4303238942724731,0.7218683945568064,0.2915445002843332
A04,8,6,10243,3,0,0.6092070973565276,0.3081659130544962,-0.3010411843020313,0.2920526357621965,0.5267834461789591,0.2347308104167625,0.3236181802309379,0.4637480032748815,0.1401298230439435,0.2906797144052097,0.5972630996228224,0.3065833852176127
A04,8,7,12160,4,0,0.3491246727977889,0.4501250535839277,0.1010003807861387,0.280995084967873,0.0917183876214902,-0.1892766973463828,0.1653358809328522,0.3643210417032765,0.1989851607704243,0.4758412844095893,0.6421461273136083,0.166304842904019
A04,8,8,14210,4,0,0.6438357724372334,0.232911246504142,-0.4109245259330914,0.2846646837007207,0.3644299776434899,0.0797652939427692,0.1889157258785627,0.2068341511686902,0.0179184252901275,0.353536249335988,0.4373711798625212,0.0838349305265331
A04,8,9,16141,3,0,0.6867901144898623,0.1298137911783227,-0.5569763233115395,0.3283600260807776,0.3288244557183972,0.0004644296376196,0.3145996700011862,0.3272818958158635,0.0126822258146772,0.3827161767958225,0.7182128976474379,0.3354967208516153
A04,8,10,18139,2,0,0.5256146409527032,0.1368187393903147,-0.3887959015623884,0.3506262705818271,0.1518643227023337,-0.1987619478794934,0.312719470326482,0.2529937899668105,-0.0597256803596715,0.3817465772046873,0.5158630243301101,0.1341164471254227
A04,8,11,20045,4,0,0.3807932370365309,0.2435009671780374,-0.1372922698584935,0.1524932683934494,0.3869972981942223,0.2345040298007728,0.2205708808969967,0.2399605993449512,0.0193897184479545,0.276219457480745,0.5397844450121586,0.2635649875314135
A04,8,13,23912,1,0,0.2996881748450701,0.2098065365657929,-0.0898816382792772,0.3128779379984779,0.3470782345663518,0.0342002965678738,0.0982753363732924,0.2840293333741864,0.1857539970008939,0.2373922101272496,0.4561320573465865,0.2187398472193369
A04,8,14,25856,2,0,0.1887141968236148,0.3861680780197143,0.1974538811960994,0.1893103336985056,0.4272390619351912,0.2379287282366855,0.1339969585052699,0.3522735768293507,0.2182766183240807,0.3414806197643293,0.2681867637268156,-0.0732938560375137
A04,8,15,27823,2,0,0.3080249013877814,0.4730497953608375,0.165024893973056,0.1975272700140541,0.32259506613985,0.1250677961257959,0.321552092726905,0.1649548657279845,-0.1565972269989205,0.2364245401165054,0.2755483966980417,0.0391238565815363
A04,8,16,29943,2,0,0.3983875215236547,0.6199890962417112,0.2216015747180564,0.206128590846944,0.4458669881637412,0.2397383973167972,0.3210994403284642,0.3496267567261636,0.0285273163976993,0.1192024373067743,0.2898062340839326,0.1706037967771582
A04,8,17,31951,3,0,0.5474739856153567,0.5227001099705881,-0.0247738756447685,0.5510896893072869,0.1159488219929029,-0.4351408673143838,0.1804927798532258,0.352492726908114,0.1719999470548882,0.2374175334977944,0.4811134920664931,0.2436959585686986
A04,8,19,36053,4,0,0.3267328914171448,0.3837750996623484,0.0570422082452035,0.5258557396027638,0.4006984440896853,-0.1251572955130784,0.3114926623677563,0.2900408268707735,-0.0214518354969828,0.1561856071426904,0.4550000029839602,0.2988143958412698
A04,8,20,38119,3,0,0.3732810704420367,0.532362730878413,0.1590816604363763,0.2902559236739548,0.1102521518889398,-0.1800037717850149,0.2167342480291104,0.3781462616464431,0.1614120136173327,0.076158665560761,0.3240079991027157,0.2478493335419547
A04,8,21,40189,4,0,0.6362436948826176,0.5286069420357068,-0.1076367528469107,0.3927120723192147,0.4358528531167817,0.043140780797567,0.1468145267993726,0.3778723337412041,0.2310578069418315,0.0759142621307214,0.4500912621728324,0.3741770000421111
A04,8,22,42269,2,0,0.2364713331405235,0.2406093319715152,0.0041379988309916,0.1875581676422676,0.2339096917230447,0.046351524080777,0.2155013429075758,0.4249599271461496,0.2094585842385737,0.193147261132533,0.3886122259894184,0.1954649648568854
A04,8,23,44181,3,0,0.4970389581347507,0.2843194423959513,-0.2127195157387993,0.1785752837597919,0.1582525063143403,-0.0203227774454516,0.1772204364344164,0.2728645756917668,0.0956441392573504,0.3271577088746643,0.3317826297554253,0.0046249208807609
A04,8,24,46212,1,0,0.4430904178791865,0.1351634225357574,-0.3079269953434291,0.4170385076160957,0.2519016449120882,-0.1651368627040074,0.2126624409317367,0.1496053077268091,-0.0630571332049276,0.4637600272679436,0.0887913854658559,-0.3749686418020876
A04,8,25,48165,4,0,0.5718234932209681,0.3325087886710008,-0.2393147045499673,0.177845783453631,0.2396981821844969,0.0618523987308659,0.2562778671855251,0.1454658558253467,-0.1108120113601783,0.4828827322144113,0.2465218814591416,-0.2363608507552697
A04,8,26,50126,1,0,0.6025470012389762,0.5472137686705996,-0.0553332325683766,0.1036926649476817,0.2941924691642331,0.1904998042165513,0.2524579599521174,0.2754929417092157,0.0230349817570983,0.1604320989973003,0.5180800755209548,0.3576479765236545
A04,8,27,52230,3,0,0.3957006597244475,0.5423714278434072,0.1466707681189596,0.662020671421045,0.4052180198179625,-0.2568026516030825,0.1467427051524921,0.1835535108305921,0.0368108056780999,0.3289324854141503,0.1486937949925448,-0.1802386904216055
A04,8,28,54234,4,0,0.4728785025527857,0.3108316675426065,-0.1620468350101792,0.5699133208552609,0.2825414774932803,-0.2873718433619806,0.2350452448987347,0.2748329520523264,0.0397877071535917,0.5153957329880042,0.533575404388816,0.0181796714008117
A04,8,29,56209,1,0,0.4138381767938464,0.3262045510432623,-0.087633625750584,0.3218161576298892,0.3948069803141317,0.0729908226842425,0.221167944199483,0.40667337755048,0.185505433350997,0.2800865624364864,0.3394544084181272,0.0593678459816408
A04,8,30,58235,3,0,0.446903525547132,0.4410640778155761,-0.0058394477315559,0.4247888404771548,0.1088203289878434,-0.3159685114893114,0.2144952905384467,0.2164079603178208,0.001912669779374,0.4416663378680972,0.1648305374115,-0.2768358004565972
A04,8,31,60306,1,0,0.5415300185824824,0.4019652391060748,-0.1395647794764076,0.4005070687789311,0.4354627641779119,0.0349556953989807,0.1135554930188175,0.3495401044678461,0.2359846114490286,0.2858364842395015,0.5120733101595348,0.2262368259200333
A04,8,32,62413,2,0,0.3542278607675933,0.2447935445796993,-0.109434316187894,0.4855695776880108,0.5890081224168379,0.103438544728827,0.1110525595219762,0.2437617285954255,0.1327091690734492,0.0237374677653977,0.2132063087409474,0.1894688409755497
A04,8,33,64505,2,0,0.5644126205387201,0.3390465519620796,-0.2253660685766404,0.6599954134759228,0.2477080433482248,-0.4122873701276979,0.351256108468342,0.1713356464146371,-0.1799204620537048,0.4498880134499517,0.1024292675949319,-0.3474587458550197
A04,8,34,66596,1,0,0.5485568600582889,0.337500654790883,-0.2110562052674058,0.6095542093208927,0.3199015854537985,-0.2896526238670941,0.2815796210821769,0.0764756569638212,-0.2051039641183556,0.3445596454508838,0.0854253892682323,-0.2591342561826515
A04,8,35,68639,4,0,0.4329807574428129,0.2849091774086439,-0.1480715800341689,0.5603775759304088,0.3855415214496164,-0.1748360544807924,0.155488905048249,0.1603784785572976,0.0048895735090486,0.2274291547129927,0.2341710847513904,0.0067419300383976
A04,8,36,70703,1,0,0.381237216164045,0.2709703568202299,-0.110266859343815,0.2400131049108729,0.4167154651453068,0.1767023602344339,0.2248406697595182,0.2918173557348144,0.0669766859752961,0.1005146447725222,0.4956846541274767,0.3951700093549544
A04,8,37,72723,4,0,0.5717529017407744,0.3427882018573187,-0.2289646998834557,0.2229207874410514,0.2759438663142734,0.053023078873222,0.3109748282413648,0.2799775624526166,-0.0309972657887482,0.2891694804457126,0.217155982941912,-0.0720134975038006
A04,8,38,74695,3,0,0.2006209591406623,0.1325492248325473,-0.0680717343081149,0.3129682583939355,0.4514248348981158,0.1384565765041803,0.1885661987418627,0.2537639719350745,0.0651977731932118,0.321257859502,0.2074303641107769,-0.1138274953912231
A04,8,39,76658,3,0,0.2703965532931572,0.1144004052872963,-0.1559961480058609,0.1965974791998172,0.1690835308704858,-0.0275139483293314,0.2314306792783162,0.2515978203788239,0.0201671411005076,0.3242684537834702,0.4172630050103939,0.0929945512269237
A04,8,41,80664,3,0,0.2798982944545809,0.3417030877725135,0.0618047933179325,0.4901446711889169,0.2229532476970408,-0.2671914234918761,0.1433846813490062,0.2150014315755804,0.0716167502265741,0.0897220664811084,0.126906335268247,0.0371842687871385
A04,8,42,82642,2,0,0.2476468985322766,0.2512153627871263,0.0035684642548496,0.2207535075084967,0.329525118531966,0.1087716110234693,0.3498965546174282,0.135787688558555,-0.2141088660588732,0.404118177656175,0.3391469609782446,-0.0649712166779303
A04,8,43,84632,2,0,0.5669692980267717,0.3474962159632317,-0.2194730820635398,0.4183804462480646,0.1544689858396093,-0.2639114604084553,0.3391585154468703,0.1167924703115169,-0.2223660451353534,0.2273964293331015,0.2846327312256995,0.057236301892598
A04,8,44,86751,1,0,0.1826736604487567,0.3145550008759521,0.1318813404271953,0.357796016383768,0.4565627048206143,0.0987666884368462,0.1762407997060918,0.3251718820386757,0.1489310823325838,0.308120354407639,0.2547891008033904,-0.0533312536042486
A04,8,45,88657,3,0,0.4076289915544881,0.1712907353142837,-0.2363382562402043,0.1674325387506409,0.1809937599637,0.0135612212130591,0.3108704004844201,0.2606580388960068,-0.0502123615884133,0.2811415943489077,0.503685508315689,0.2225439139667813
A04,8,46,90585,1,0,0.3772366225195477,0.2317756561063099,-0.1454609664132377,0.2946539677216053,0.3298240402027987,0.0351700724811934,0.1222891754362949,0.2135647881882458,0.0912756127519509,0.0692433626436105,0.1269535666682597,0.0577102040246492
A04,8,47,92699,2,0,0.3431243935232544,0.6718437675539247,0.3287193740306703,0.4363786566088681,0.4352533861467155,-0.0011252704621525,0.2533808348781793,0.3562017787587121,0.1028209438805327,0.4093377265971012,0.1244037460647901,-0.2849339805323111
A04,8,48,94758,1,0,0.2517487039367183,0.2022395183144883,-0.0495091856222299,0.1000571880229956,0.4777081264429345,0.3776509384199388,0.3233139554599034,0.0721619430350462,-0.2511520124248572,0.3277715016699846,0.2048425498774844,-0.1229289517925002
A05,3,1,251,1,0,0.2919314519322028,0.2635398857104641,-0.0283915662217386,0.3910412869522704,0.5777329880550272,0.1866917011027567,0.6902187160960879,0.7260716129790747,0.0358528968829868,0.7731222508315678,0.6395130670801642,-0.1336091837514036
A05,3,2,2254,2,0,0.2805724289303469,0.3344958782639547,0.0539234493336078,0.3755762380156651,0.6201560367903015,0.2445797987746364,0.6760955543053127,0.7034878141422244,0.0273922598369117,0.6805608987634502,0.7654357271431315,0.0848748283796813
A05,3,3,4172,2,0,0.2693325602160851,0.6010293407193302,0.3316967805032451,0.4117787573452253,0.5431221803012436,0.1313434229560182,0.5026540722527237,0.6772678039689827,0.1746137317162589,0.6200571222759355,0.8016862760226404,0.1816291537467049
A05,3,4,6124,1,0,0.4846965773233092,0.483254714295493,-0.0014418630278162,0.4001770377179348,0.410193719345933,0.0100166816279982,0.6541477302971721,0.6731534458945977,0.0190057155974255,0.266438975370747,0.6861948075251707,0.4197558321544236
A05,3,6,10243,1,0,0.4483438746239905,0.1659655715325509,-0.2823783030914396,0.6052290619541025,0.4455265615333828,-0.1597025004207197,0.4694192182512085,0.7286233097885108,0.2592040915373022,0.6230177296170372,0.7426353164753727,0.1196175868583355
A05,3,8,14210,3,0,0.6680599501496569,0.4187828279757482,-0.2492771221739086,0.6767333168924449,0.4505763330720778,-0.226156983820367,0.5536767646306087,0.6649047713994121,0.1112280067688034,0.4713133244827512,0.7169193291795367,0.2456060046967855
A05,3,9,16141,2,0,0.4503725414671063,0.1914645243859936,-0.2589080170811128,0.6967430230573017,0.6588057476455147,-0.037937275411787,0.585453853935369,0.7116491941440082,0.1261953402086392,0.4706165003506028,0.794133819015039,0.3235173186644361
A05,3,10,18139,4,0,0.2083817013583602,0.2974922118238299,0.0891105104654697,0.5169854569956008,0.3679852695920362,-0.1490001874035646,0.6897071253060607,0.7137829520308151,0.0240758267247543,0.5945137965891079,0.7107532824075421,0.1162394858184342
A05,3,11,20045,1,0,0.3523501583426828,0.4840614646556952,0.1317113063130124,0.4954317544328518,0.7299952946142795,0.2345635401814276,0.5869649395404694,0.6928582103002646,0.1058932707597952,0.6617264277611598,0.7758534475170668,0.114127019755907
A05,3,12,21940,3,0,0.0639080414706112,0.4344617936886709,0.3705537522180596,0.4893450461786936,0.6563852699426336,0.1670402237639399,0.5863122089657888,0.7328919834589732,0.1465797744931843,0.7084035652814656,0.7919049329568633,0.0835013676753976
A05,3,13,23912,2,0,0.1621762816669438,0.4569110158595853,0.2947347341926414,0.6168367379149926,0.5020566351089635,-0.1147801028060291,0.7392993785214622,0.6417937890211161,-0.0975055895003461,0.6223685828873124,0.6944683068670331,0.0720997239797206
A05,3,16,29943,4,0,0.4123829260260572,0.4286471276496175,0.0162642016235602,0.4328889070083293,0.4004875823948785,-0.0324013246134508,0.6225883460948076,0.6395414634228965,0.0169531173280889,0.5984995303539716,0.7220041283251152,0.1235045979711435
A05,3,17,31951,4,0,0.3357540143308714,0.1373667665774706,-0.1983872477534007,0.4833110022734727,0.4467606783481813,-0.0365503239252913,0.4717995495530263,0.5379886349924363,0.0661890854394099,0.816603565812632,0.5555991219023053,-0.2610044439103267
A05,3,19,36053,4,0,0.4677490729944452,0.2672172873590585,-0.2005317856353866,0.6114780262007017,0.6160787802862683,0.0046007540855665,0.5576815030871812,0.6831014288647123,0.125419925777531,0.6751616777358461,0.7104057937173814,0.0352441159815353
A05,3,20,38119,1,0,0.3656289331667813,0.3276205421004489,-0.0380083910663324,0.6752697001849796,0.4785599138654229,-0.1967097863195566,0.5206373080520378,0.5235370533668483,0.0028997453148105,0.4229985977009685,0.5512249742899048,0.1282263765889362
A05,3,21,40189,3,0,0.6772796736800302,0.3726974278108355,-0.3045822458691946,0.681278133950019,0.6938679541499729,0.0125898201999539,0.66453488355521,0.6150438524733355,-0.0494910310818744,0.4904092082989675,0.6666022207130068,0.1761930124140392
A05,3,23,44181,1,0,0.3289471113237056,0.3502675851802857,0.02132047385658,0.2602688932707894,0.5175868908242993,0.2573179975535099,0.393075889224496,0.2826994659928311,-0.1103764232316649,0.4200098912326238,0.2136504215982917,-0.206359469634332
A05,3,24,46212,1,0,0.5152729499650847,0.1818282755056541,-0.3334446744594305,0.4539654061533585,0.4138086658137969,-0.0401567403395616,0.4666339907749924,0.5446289083860455,0.077994917611053,0.2779514904800239,0.6561419547226094,0.3781904642425854
A05,3,25,48165,3,0,0.5932533902907061,0.5708392850731517,-0.0224141052175543,0.561560608289977,0.5365080442890696,-0.0250525640009073,0.497690380582339,0.4142169030719898,-0.0834734775103492,0.6167478485459906,0.5882617644844224,-0.0284860840615682
A05,3,26,50126,4,0,0.558694035655587,0.3960137478652279,-0.1626802877903589,0.2246443452951273,0.6101079201567298,0.3854635748616024,0.5417067096843662,0.6230197799578822,0.0813130702735159,0.3400201340068437,0.6743722443891446,0.3343521103823008
A05,3,27,52230,1,0,0.2025933031873143,0.1776058510800012,-0.024987452107313,0.4143879284644345,0.1587972877311765,-0.255590640733258,0.7310152566170188,0.4568459193259241,-0.2741693372910946,0.3176341383024599,0.7250039251863847,0.4073697868839247
A05,3,28,54234,3,0,0.516653858909885,0.339973118544344,-0.176680740365541,0.6325242844791463,0.4453276333058742,-0.1871966511732721,0.4750224761986237,0.3804663848070642,-0.0945560913915595,0.5786287022866446,0.2372289221606418,-0.3413997801260028
A05,3,29,56209,3,0,0.2588338402695949,0.2365781295041653,-0.0222557107654296,0.4954635703391322,0.5405750617564109,0.0451114914172786,0.5178158296324515,0.5275179169690424,0.0097020873365908,0.2864281460445502,0.6345619108059503,0.3481337647614
A05,3,30,58235,3,0,0.1485770045744388,0.1373150955284314,-0.0112619090460074,0.4414624630046698,0.1591840533804209,-0.2822784096242489,0.6534572662752038,0.5397336022147535,-0.1137236640604503,0.4822243851525686,0.5593271365562676,0.077102751403699
A05,3,31,60306,1,0,0.4625300580798284,0.2161479896676341,-0.2463820684121943,0.3916705942894851,0.4155216694449327,0.0238510751554476,0.5569881239728168,0.6376614307503097,0.0806733067774928,0.6106049959705763,0.5061633218355706,-0.1044416741350057
A05,3,32,62413,2,0,0.2109112180764475,0.4257454871005254,0.2148342690240779,0.4582311281420842,0.4595615556872609,0.0013304275451767,0.4661415836502933,0.6076316330957681,0.1414900494454747,0.5373535710964283,0.5050470324160781,-0.0323065386803502
A05,3,33,64505,1,0,0.296467669750041,0.6401498569693619,0.3436821872193208,0.4542783344593278,0.6104241493513405,0.1561458148920126,0.5681195904317775,0.6244688212549498,0.0563492308231723,0.7242794396834691,0.4965035260112239,-0.2277759136722452
A05,3,34,66596,2,0,0.2012925699165031,0.4565434100310956,0.2552508401145924,0.4700342326788724,0.4746142519112125,0.00458001923234,0.6038986332109294,0.6237790086520657,0.0198803754411363,0.5620642104495007,0.5762497718632942,0.0141855614137934
A05,3,35,68639,2,0,0.3362613237006113,0.2396796662284852,-0.096581657472126,0.5886084448705535,0.4178273288202319,-0.1707811160503216,0.5780608386881595,0.5613771457072451,-0.0166836929809144,0.6912192695125938,0.6203645660764753,-0.0708547034361185
A05,3,36,70703,1,0,0.4466455970802852,0.5517498317574504,0.1051042346771651,0.429482633630786,0.3658750503414336,-0.0636075832893524,0.6143085347715384,0.6000488841062108,-0.0142596506653275,0.5801805744674555,0.3566072227794699,-0.2235733516879856
A05,3,37,72723,2,0,0.3725398005478711,0.510752520931917,0.1382127203840458,0.3666438701493245,0.3155092608896165,-0.0511346092597079,0.5167283009748485,0.6267122043992702,0.1099839034244217,0.5797199421831045,0.6387312502944607,0.0590113081113561
A05,3,38,74695,3,0,0.5649439413677892,0.4019114040138508,-0.1630325373539384,0.7874886193765092,0.5012636379228063,-0.2862249814537029,0.589120772646598,0.672298992907802,0.083178220261204,0.5263685614802268,0.6862833830364028,0.1599148215561759
A05,3,39,76658,2,0,0.6033700046288093,0.4786947863039809,-0.1246752183248284,0.3600913870957705,0.4363705767942449,0.0762791896984744,0.5248424423577689,0.5739406081356275,0.0490981657778586,0.371081576037468,0.5322560970327731,0.1611745209953051
A05,3,40,78583,3,0,0.2186910872151992,0.4283993868918171,0.2097082996766178,0.5415503676625744,0.4141274681381864,-0.1274228995243879,0.4953727041152763,0.5782879078412415,0.0829152037259651,0.6820179014373313,0.633709324785495,-0.0483085766518363
A05,3,41,80664,3,0,0.4293963278281283,0.2172405894696129,-0.2121557383585154,0.3676939787161647,0.4895719465685302,0.1218779678523654,0.5031921697305103,0.5463116906958602,0.0431195209653498,0.4403864847516305,0.6118456812724038,0.1714591965207733
A05,3,42,82642,4,0,0.2797851226192154,0.1154876464586367,-0.1642974761605787,0.5979015901509531,0.641941020191534,0.0440394300405808,0.5920385417053511,0.537995542206828,-0.054042999498523,0.5387981170075883,0.6391542641084423,0.100356147100854
A05,3,43,84632,3,0,0.2470257179420444,0.5425073768625855,0.2954816589205411,0.5411579744639153,0.6073425438893582,0.0661845694254428,0.3813398311910246,0.4074046037504163,0.0260647725593917,0.3989652951118918,0.6834950568831343,0.2845297617712424
A05,3,44,86751,3,0,0.4686510487760709,0.4855589519555577,0.0169079031794867,0.4968916913260529,0.513537399359162,0.016645708033109,0.4187657870144255,0.660208278369318,0.2414424913548924,0.2343233407640203,0.5385575419194896,0.3042342011554693
A05,3,45,88657,4,0,0.5249176258463271,0.2175824122335179,-0.3073352136128091,0.6858221188033478,0.5717049411695393,-0.1141171776338084,0.5379755053772943,0.5728921378921566,0.0349166325148623,0.6765886418747947,0.5404066998709695,-0.1361819420038252
A05,3,46,90585,4,0,0.6028816710362966,0.249270693680095,-0.3536109773562016,0.5027803262929939,0.5645880817797624,0.0618077554867685,0.544039007871393,0.4675197643290331,-0.0765192435423599,0.5848388476646612,0.6247358328035203,0.039896985138859
A05,3,47,92699,4,0,0.5193592714345298,0.2044599204850551,-0.3148993509494746,0.2444084472536384,0.4283367919452688,0.1839283446916303,0.6576723914449065,0.4683721491873691,-0.1893002422575374,0.5024853630575279,0.2694292208947231,-0.2330561421628047
A05,3,48,94758,4,0,0.6107956635148747,0.3820381561604846,-0.2287575073543901,0.6244975408213183,0.4054698756438005,-0.2190276651775177,0.6462566631210477,0.5593235305127927,-0.0869331326082549,0.5072047538380353,0.6214065760528028,0.1142018222147674
A05,4,1,251,4,0,0.3957391240487882,0.3880939223341172,-0.007645201714671,0.5281652424051188,0.706730882339737,0.1785656399346182,0.6098870348198587,0.8290238029211918,0.2191367681013331,0.8219011678498799,0.8930922776793401,0.0711911098294602
A05,4,2,2254,3,0,0.2834515070182317,0.3759839876106607,0.092532480592429,0.6443170727954762,0.5018904539675058,-0.1424266188279704,0.7940213239116991,0.81745838153481,0.0234370576231108,0.8678628422991466,0.909886122785652,0.0420232804865053
A05,4,4,6124,1,0,0.5947838355168583,0.3981518868049756,-0.1966319487118826,0.6091766077763288,0.5071144410745674,-0.1020621667017613,0.7089822272860209,0.7133695992081185,0.0043873719220975,0.7926298467065372,0.821662542383062,0.0290326956765247
A05,4,5,8132,1,0,0.7077214938877886,0.3570417675444182,-0.3506797263433703,0.3807462242231511,0.4052957804798384,0.0245495562566873,0.7485524347282277,0.665081067578277,-0.0834713671499507,0.9112135413655188,0.7433361063896776,-0.1678774349758411
A05,4,6,10243,2,0,0.4650838823629945,0.1976665723069555,-0.2674173100560389,0.5020552839418073,0.3349299874791628,-0.1671252964626444,0.5940090299719971,0.6396752836567938,0.0456662536847967,0.6682072666090381,0.618348221248433,-0.049859045360605
A05,4,7,12160,3,0,0.213098854792398,0.5311929326043742,0.3180940778119761,0.7066360254045739,0.448149245889785,-0.2584867795147889,0.5910739749396478,0.7193558932096372,0.1282819182699894,0.8383165693670763,0.8106683966954943,-0.027648172671582
A05,4,8,14210,4,0,0.4424829730875288,0.2129050522225712,-0.2295779208649576,0.3819724758811252,0.4837968414817875,0.1018243656006623,0.6585170295243813,0.6822968465416099,0.0237798170172286,0.711033627603342,0.7878882016760606,0.0768545740727185
A05,4,9,16141,2,0,0.3618675807671721,0.4560837448430631,0.094216164075891,0.6006324748862066,0.4049683897189113,-0.1956640851672953,0.7739005403403852,0.759326776829467,-0.0145737635109182,0.8482763295535279,0.7221691605973689,-0.126107168956159
A05,4,10,18139,3,0,0.6796927631866746,0.2238726422496998,-0.4558201209369747,0.6011920201657274,0.6005145706076258,-0.0006774495581015,0.7367645822598273,0.7252675501464052,-0.0114970321134221,0.6855052584193143,0.7997155051261026,0.1142102467067882
A05,4,11,20045,1,0,0.2806187191738443,0.3830113596261188,0.1023926404522744,0.4053191837489107,0.4472745362932403,0.0419553525443295,0.5608423226819462,0.746470859989093,0.1856285373071468,0.5934843324875596,0.7710949688136647,0.177610636326105
A05,4,12,21940,1,0,0.5106538990802274,0.1509869167859439,-0.3596669822942835,0.6808290182167175,0.6277567722311671,-0.0530722459855503,0.5854548332604728,0.7630636034901953,0.1776087702297225,0.7716623513106204,0.796023129290144,0.0243607779795235
A05,4,13,23912,1,0,0.5160389397630928,0.2626937914939501,-0.2533451482691426,0.3344683820036381,0.5715923851383328,0.2371240031346946,0.6617997750838603,0.7546647918852502,0.0928650168013898,0.831343303582508,0.6845216125905351,-0.1468216909919728
A05,4,14,25856,4,0,0.6303630841162835,0.3569748094966415,-0.273388274619642,0.5105192219774896,0.6557549603761548,0.1452357383986652,0.6312658138972241,0.7879573994638973,0.1566915855666731,0.8507530348410258,0.7607126333108708,-0.090040401530155
A05,4,15,27823,2,0,0.5449284559215963,0.3157218335274718,-0.2292066223941245,0.3006681589816767,0.4591031439884911,0.1584349850068144,0.7204047181113956,0.7123226764074627,-0.0080820417039328,0.6974494517079826,0.7145502272473692,0.0171007755393866
A05,4,16,29943,2,0,0.2550153188614441,0.0702603604949384,-0.1847549583665056,0.3365680601446485,0.48370499571725,0.1471369355726015,0.733406795508572,0.6882809043330781,-0.0451258911754939,0.6434685421430837,0.5778804083750942,-0.0655881337679894
A05,4,17,31951,1,0,0.5612145389329264,0.5773484278349448,0.0161338889020183,0.5682099610728418,0.4196656650089729,-0.1485442960638689,0.7034326838814341,0.6775179265185256,-0.0259147573629084,0.861061451159179,0.7384109233117738,-0.1226505278474051
A05,4,18,34017,1,0,0.4871265414154469,0.440467107325821,-0.0466594340896258,0.5925594166573659,0.5272432531290228,-0.0653161635283431,0.6612909846796561,0.7965948574801179,0.1353038728004618,0.555055480283448,0.8177935552682085,0.2627380749847605
A05,4,19,36053,3,0,0.5663063199435853,0.3372499208800562,-0.2290563990635291,0.424079677890406,0.4978386847067844,0.0737590068163784,0.7021067714266509,0.7454280633376084,0.0433212919109574,0.9010568318275728,0.8210325391346494,-0.0800242926929234
A05,4,20,38119,1,0,0.3724539451939005,0.4251436027976268,0.0526896576037262,0.7804188690049866,0.4395944614128674,-0.3408244075921191,0.738777005407539,0.7101458752517548,-0.0286311301557842,0.8008419318430072,0.7671023864415802,-0.0337395454014269
A05,4,21,40189,2,0,0.4706071838619099,0.4131359865334343,-0.0574711973284755,0.6195160080700914,0.4324684760375605,-0.1870475320325308,0.7845601617840946,0.6928130860134684,-0.0917470757706262,0.6827043406618415,0.8053607100663197,0.1226563694044782
A05,4,22,42269,4,0,0.4445407194840506,0.446090160379905,0.0015494408958544,0.4128831714253965,0.587317576829622,0.1744344054042255,0.7346456554199609,0.8299452604347862,0.0952996050148253,0.8316014861711304,0.8814764459048946,0.0498749597337642
A05,4,23,44181,4,0,0.4495805993699716,0.1720794886930792,-0.2775011106768923,0.5063924727539957,0.3593580325962113,-0.1470344401577843,0.6877259715877732,0.6655543084440033,-0.0221716631437698,0.6380584955458464,0.783457076666864,0.1453985811210176
A05,4,24,46212,3,0,0.0690440566068084,0.1279133054110253,0.0588692488042168,0.2716541328784219,0.6011529343168333,0.3294988014384113,0.7848572855919681,0.6877680440586926,-0.0970892415332754,0.8502719298974356,0.6960327954295099,-0.1542391344679257
A05,4,26,50126,4,0,0.319428157100274,0.4766002384689595,0.1571720813686855,0.6523821058980267,0.3199785873211289,-0.3324035185768978,0.622089130515322,0.6764660803019643,0.0543769497866423,0.843984926929625,0.668670018852216,-0.175314908077409
A05,4,27,52230,4,0,0.5879873000100299,0.2492108648761164,-0.3387764351339134,0.5946109687747752,0.4216897131031967,-0.1729212556715784,0.7616245032018617,0.5719856928995325,-0.1896388103023292,0.6431433427888216,0.7405960292034448,0.0974526864146232
A05,4,28,54234,2,0,0.3320333262709563,0.2162790445595321,-0.1157542817114242,0.2664118517511679,0.3766583083650167,0.1102464566138487,0.7669491565757898,0.6909705184542843,-0.0759786381215055,0.5687894101861701,0.7199588394842718,0.1511694292981016
A05,4,29,56209,4,0,0.6458399891123333,0.4608612453272082,-0.1849787437851251,0.4912192980307011,0.4740839456579846,-0.0171353523727164,0.7610753117575718,0.7222723777512484,-0.0388029340063234,0.7882272607565967,0.7424595255614127,-0.0457677351951839
A05,4,30,58235,4,0,0.4332505401797999,0.1742373996439377,-0.2590131405358622,0.7015246891485416,0.6371180151987312,-0.0644066739498103,0.6156062260638374,0.6421172924812641,0.0265110664174267,0.6246125489833195,0.7319663974426908,0.1073538484593712
A05,4,32,62413,1,0,0.2095739967305896,0.4510397720498834,0.2414657753192937,0.416092869525631,0.3709879872981277,-0.0451048822275033,0.6683443559439523,0.6143641032954211,-0.0539802526485311,0.4757363594417886,0.8562855042158618,0.3805491447740731
A05,4,33,64505,2,0,0.495171903319744,0.5433157546939855,0.0481438513742415,0.3624171228417011,0.6381564959395761,0.275739373097875,0.7864976730040443,0.6443009785044841,-0.1421966944995601,0.804231867590237,0.6599741791586899,-0.144257688431547
A05,4,34,66596,3,0,0.7605895889184611,0.3110498455301145,-0.4495397433883465,0.5159624302094676,0.55243975575516,0.0364773255456923,0.5926524213507196,0.7193720951394832,0.1267196737887636,0.7396917301668985,0.7191389641632657,-0.0205527660036327
A05,4,35,68639,3,0,0.5928336746793194,0.6011320799917249,0.0082984053124055,0.5077942450429188,0.563156674653108,0.0553624296101892,0.7539897751867107,0.7118750558934537,-0.042114719293257,0.8100590175323673,0.5899802804519572,-0.2200787370804101
A05,4,36,70703,3,0,0.3153203020463967,0.1560169246865409,-0.1593033773598558,0.565029669732393,0.5490791612155841,-0.0159505085168089,0.705966427659018,0.7298346502236865,0.0238682225646685,0.7875217458765335,0.5964930821376058,-0.1910286637389276
A05,4,37,72723,4,0,0.4225212603223905,0.4471882869556017,0.0246670266332112,0.2812767305723905,0.677818002229818,0.3965412716574275,0.705330560414948,0.6013563238480124,-0.1039742365669356,0.710419812338437,0.7942835365996996,0.0838637242612626
A05,4,38,74695,3,0,0.3839077688174893,0.4119145045359745,0.0280067357184852,0.6425593859770974,0.327317670336319,-0.3152417156407783,0.601478785332481,0.6683330645669506,0.0668542792344696,0.6981632654736958,0.6611764200413364,-0.0369868454323594
A05,4,39,76658,1,0,0.3704371068125815,0.2333047127052074,-0.1371323941073741,0.5065291943503902,0.4535596892442785,-0.0529695051061117,0.606202089440308,0.6139808962540816,0.0077788068137736,0.6928813478690514,0.5162219504704266,-0.1766593973986248
A05,4,40,78583,4,0,0.6155524196209405,0.4160919101287704,-0.1994605094921701,0.5002423994531197,0.2260711097072957,-0.2741712897458239,0.7311427928117492,0.4797453673773439,-0.2513974254344052,0.5942096328174287,0.278123623473576,-0.3160860093438526
A05,4,41,80664,2,0,0.6831820964420728,0.3709624315814205,-0.3122196648606523,0.4743600168859788,0.3181187117125898,-0.1562413051733889,0.6052945259619716,0.5928060624889098,-0.0124884634730618,0.7454748377360485,0.6225348249280843,-0.1229400128079641
A05,4,42,82642,3,0,0.1778744136984649,0.2273841086302746,0.0495096949318096,0.535307863447026,0.3254658962631584,-0.2098419671838675,0.5505469285247419,0.5735415423429026,0.0229946138181607,0.4134428403912693,0.5313819836064013,0.1179391432151319
A05,4,43,84632,2,0,0.4355857772153509,0.4844297680321377,0.0488439908167868,0.3243142030448482,0.3147509493860321,-0.009563253658816,0.7387537952361424,0.6440292293017826,-0.0947245659343597,0.7352755368047443,0.6118360060761441,-0.1234395307286002
A05,4,44,86751,3,0,0.6753892817430769,0.395050668935621,-0.2803386128074558,0.3938820148731877,0.625774775259039,0.2318927603858512,0.5508731740333903,0.5905996327307947,0.0397264586974044,0.7120133776970873,0.7075179609851087,-0.0044954167119786
A05,4,45,88657,4,0,0.3069560341595791,0.3567848721001043,0.0498288379405251,0.4084497887149724,0.4578144172664636,0.0493646285514912,0.7585111362473614,0.7072653537592054,-0.051245782488156,0.4914268123865976,0.7312649658393243,0.2398381534527267
A05,4,46,90585,2,0,0.2456716791151964,0.312759920779536,0.0670882416643396,0.5996746228484368,0.5084809838437204,-0.0911936390047163,0.6977102012550487,0.4814313111093332,-0.2162788901457155,0.3888361478300325,0.6439830618943448,0.2551469140643123
A05,4,47,92699,3,0,0.6797722329553925,0.1473668943602278,-0.5324053385951646,0.5715216942507508,0.4555670861624903,-0.1159546080882605,0.5591013047757821,0.6590958569602173,0.0999945521844352,0.7444361498144563,0.7108799613223847,-0.0335561884920715
A05,4,48,94758,1,0,0.5376878477769749,0.4357354010879823,-0.1019524466889925,0.4240086392628517,0.4525535961877063,0.0285449569248545,0.6971558539641662,0.6720046179388431,-0.025151236025323,0.6380814433756993,0.7749782317642175,0.1368967883885182
A05,5,1,251,1,0,0.657392501049724,0.5910244405244037,-0.0663680605253203,0.2397485082024477,0.5896914460673033,0.3499429378648555,0.5235594001714348,0.7594376521166323,0.2358782519451975,0.7562712121326509,0.8214660574923364,0.0651948453596854
A05,5,2,2254,1,0,0.2349390755293642,0.3672316393580062,0.132292563828642,0.5624814823304687,0.5886890052696342,0.0262075229391655,0.6776702480760656,0.7774989157276294,0.0998286676515638,0.5269163280494443,0.8275700626616805,0.3006537346122362
A05,5,3,4172,4,0,0.4545361784672197,0.4150324347271845,-0.0395037437400352,0.419868023961376,0.5920985266198315,0.1722305026584555,0.7128871543658243,0.7581937867130685,0.0453066323472441,0.6503501800088014,0.7528198444152905,0.102469664406489
A05,5,4,6124,2,0,0.6698715837547368,0.2195707105363154,-0.4503008732184214,0.7761642865566902,0.4439266516824101,-0.3322376348742801,0.7053653667268384,0.5918687097150638,-0.1134966570117745,0.5471531029463392,0.7779746254249795,0.2308215224786403
A05,5,5,8132,1,0,0.2171553629680572,0.4564528619408389,0.2392974989727817,0.6432002244472823,0.4083468743090271,-0.2348533501382552,0.6208343688233222,0.7272973606693984,0.1064629918460762,0.544153442152064,0.777461989783692,0.233308547631628
A05,5,6,10243,3,0,0.5628318994285221,0.4055011976614153,-0.1573307017671067,0.7031484530812927,0.5400472511251612,-0.1631012019561315,0.6870933339230669,0.7548260010463704,0.0677326671233035,0.7711257818064757,0.7465567007271995,-0.0245690810792762
A05,5,7,12160,1,0,0.5174758250328976,0.1486555431621078,-0.3688202818707897,0.5057426400799717,0.384307779104784,-0.1214348609751877,0.657781400327824,0.707258199746753,0.049476799418929,0.664032673646169,0.7690604725860772,0.1050277989399082
A05,5,8,14210,3,0,0.4055075630015664,0.3132813127778796,-0.0922262502236868,0.4702969025505935,0.5765923305057913,0.1062954279551977,0.6104702584577859,0.7133527338174116,0.1028824753596256,0.7648226531712765,0.7113989344030475,-0.053423718768229
A05,5,9,16141,2,0,0.2060932356736342,0.3794759811530964,0.1733827454794621,0.5222259195292904,0.5741051436862595,0.0518792241569691,0.7309478537755829,0.679261168168712,-0.0516866856068709,0.7555098969633649,0.6647870477178077,-0.0907228492455571
A05,5,10,18139,4,0,0.4732292398636082,0.3980523467476948,-0.0751768931159134,0.5823813219532987,0.4894235078315024,-0.0929578141217962,0.7267029028532913,0.7027117664984284,-0.0239911363548629,0.7160433105581044,0.5941435349182315,-0.1218997756398729
A05,5,11,20045,1,0,0.233377572143854,0.4674986901436054,0.2341211179997514,0.4431229034166357,0.3910150775035389,-0.0521078259130967,0.6661726617536471,0.7392212741586485,0.0730486124050013,0.699465191483491,0.7154662895624099,0.0160010980789189
A05,5,12,21940,3,0,0.4952437147257384,0.3987657821655048,-0.0964779325602336,0.4344158796050273,0.6223483870162642,0.1879325074112368,0.7475956575275872,0.6619116626616207,-0.0856839948659664,0.6131397146878185,0.756484213663217,0.1433444989753985
A05,5,13,23912,3,0,0.4297705155305245,0.2443624178353529,-0.1854080976951716,0.4794361884574529,0.5610539909301565,0.0816178024727036,0.6902642837049845,0.6298050946312145,-0.06045918907377,0.7570286476563588,0.7503855369918963,-0.0066431106644625
A05,5,14,25856,1,0,0.5993045965417364,0.4365418646767144,-0.1627627318650219,0.6696611900244686,0.5595619814704037,-0.1100992085540648,0.7001720940256516,0.6941828543068234,-0.0059892397188282,0.5145400433678972,0.6847890532787482,0.170249009910851
A05,5,15,27823,3,0,0.6927144950997043,0.0601623033506353,-0.632552191749069,0.6062002575871863,0.604938106994404,-0.0012621505927823,0.718004743995561,0.6993042162776507,-0.0187005277179103,0.799052123413296,0.7369301458986338,-0.0621219775146622
A05,5,16,29943,2,0,0.6088876735829375,0.4860304023616046,-0.1228572712213328,0.7580934025041032,0.4051931606744602,-0.3529002418296429,0.7048699796362107,0.6970399622049482,-0.0078300174312624,0.8410070953573667,0.625026012000233,-0.2159810833571337
A05,5,17,31951,4,0,0.4279906062509843,0.5267695674734683,0.0987789612224839,0.5232367238908404,0.643981260834359,0.1207445369435186,0.7038401038917446,0.7257362577148357,0.0218961538230911,0.7693418233713469,0.7068367649568758,-0.0625050584144711
A05,5,18,34017,4,0,0.4511314226578005,0.3033468867021567,-0.1477845359556437,0.6483476160488424,0.5407912337238767,-0.1075563823249656,0.7512331543902607,0.7467173627279485,-0.0045157916623121,0.5866530832675446,0.7716589287530171,0.1850058454854725
A05,5,19,36053,4,0,0.6433870929563167,0.5310465828658201,-0.1123405100904966,0.6030701992294853,0.4061161161172974,-0.1969540831121879,0.6186383963399796,0.754727063013485,0.1360886666735054,0.6108083178361536,0.7520566914281017,0.141248373591948
A05,5,20,38119,3,0,0.5444682462819277,0.2118673973319254,-0.3326008489500022,0.4510104643866785,0.3236768797385482,-0.1273335846481302,0.5111834419682141,0.5513448914160641,0.04016144944785,0.5853688723509667,0.7672485369173893,0.1818796645664225
A05,5,21,40189,1,0,0.1435625613997534,0.2345690853264508,0.0910065239266973,0.3842985352793073,0.5066562108989279,0.1223576756196205,0.5968167507545533,0.6640967517782167,0.0672800010236633,0.6249407664583401,0.6057824697524012,-0.0191582967059388
A05,5,22,42269,4,0,0.4096660750782145,0.3241804106422517,-0.0854856644359627,0.6301177462069821,0.4520318099451982,-0.1780859362617839,0.567064407430227,0.709268182038713,0.142203774608486,0.7381829247490527,0.672172435284357,-0.0660104894646956
A05,5,23,44181,2,0,0.3859203008253457,0.1976885852258848,-0.1882317155994608,0.4725223766860366,0.4903171661121407,0.0177947894261041,0.6395220328303128,0.5506709171049364,-0.0888511157253764,0.6825699499767699,0.6516482275199783,-0.0309217224567915
A05,5,24,46212,4,0,0.343574117167964,0.334703148733652,-0.008870968434312,0.6242454235327802,0.4181238505109481,-0.2061215730218321,0.5964511625154589,0.6413861921307475,0.0449350296152886,0.7127674261043379,0.6380615536463344,-0.0747058724580034
A05,5,25,48165,2,0,0.1440120015643725,0.1344382814226679,-0.0095737201417045,0.5533056217962234,0.3104766415895074,-0.242828980206716,0.6197316137070308,0.5392148714404187,-0.0805167422666121,0.6027713807486326,0.4994748050971873,-0.1032965756514452
A05,5,26,50126,1,0,0.2875249123100154,0.4315324397831068,0.1440075274730913,0.4493495449535928,0.7229118524578366,0.2735623075042437,0.5398235440787568,0.6642584702463751,0.1244349261676183,0.730598924269715,0.7653408937896957,0.0347419695199807
A05,5,27,52230,3,0,0.1462307758301162,0.2541430090191139,0.1079122331889977,0.595583957681024,0.3439406399714398,-0.2516433177095841,0.6524510582736136,0.6284454303254104,-0.0240056279482031,0.5208841040224256,0.6265836473619589,0.1056995433395333
A05,5,29,56209,1,0,0.3525103409949269,0.4633523397007971,0.1108419987058701,0.6951775849191998,0.5912385577517477,-0.103939027167452,0.5078512465978645,0.600802232564716,0.0929509859668514,0.5386518754761536,0.4881575966589634,-0.0504942788171901
A05,5,30,58235,3,0,0.5475839375580525,0.546159867218021,-0.0014240703400314,0.4264158922960896,0.4625607839599265,0.0361448916638368,0.581275387131779,0.5725105918035481,-0.0087647953282308,0.3700929612644105,0.6329635643035596,0.2628706030391491
A05,5,31,60306,3,0,0.2434783526376966,0.5655176970017823,0.3220393443640856,0.4377945865840808,0.6236971458763996,0.1859025592923187,0.5602488529378955,0.6897186097422044,0.1294697568043089,0.3892164861975611,0.6713756721838707,0.2821591859863095
A05,5,32,62413,1,0,0.5825762882573101,0.3138241527925049,-0.2687521354648052,0.5852560779070047,0.3181797205678295,-0.2670763573391752,0.5046811113044217,0.5227592106760007,0.018078099371579,0.482656406443504,0.466829109652709,-0.015827296790795
A05,5,33,64505,3,0,0.5556800415380122,0.4683411630617988,-0.0873388784762134,0.4432113922693838,0.429356963442458,-0.0138544288269258,0.6600887148801416,0.5554283742475767,-0.1046603406325649,0.5238886208378065,0.6107825107566135,0.0868938899188069
A05,5,34,66596,4,0,0.5166158991737456,0.3529122749535279,-0.1637036242202176,0.6945461660467972,0.605802232298861,-0.0887439337479362,0.5136557601582393,0.7115612324055264,0.197905472247287,0.4721302532641713,0.6138742155629283,0.1417439622987569
A05,5,35,68639,4,0,0.576777878594782,0.4355969470243019,-0.14118093157048,0.6518873757344367,0.6430271820102009,-0.0088601937242357,0.689385419553597,0.6641895681801759,-0.025195851373421,0.4591913898006604,0.7181672201862523,0.2589758303855919
A05,5,36,70703,2,0,0.6586527813941959,0.4095420891955309,-0.249110692198665,0.4587717322301848,0.3039535329634665,-0.1548181992667182,0.5691901855608129,0.673084398685514,0.103894213124701,0.375442134722007,0.6001035685325791,0.224661433810572
A05,5,37,72723,1,0,0.3990242794460241,0.3713830651174067,-0.0276412143286173,0.5427565382657387,0.5227485428025459,-0.0200079954631927,0.5773803180119913,0.6545048798542477,0.0771245618422563,0.4828814134680401,0.7025390374600463,0.2196576239920061
A05,5,38,74695,2,0,0.7457721330921893,0.3352418644035911,-0.4105302686885981,0.7285222968056997,0.4658460853347004,-0.2626762114709992,0.4677045981255467,0.5971653198276331,0.1294607217020863,0.5218391997258819,0.6787691687368039,0.156929969010922
A05,5,39,76658,4,0,0.3878414809801548,0.4533578566735799,0.065516375693425,0.6068100197749156,0.4370138645949107,-0.1697961551800048,0.368366740718072,0.5516815468574189,0.1833148061393468,0.6375121515444467,0.6284177055173166,-0.0090944460271301
A05,5,40,78583,2,0,0.3854907385350669,0.2929502645058076,-0.0925404740292593,0.7071929994908802,0.3988562345052145,-0.3083367649856656,0.6634216509776479,0.6970265662536775,0.0336049152760296,0.4827938093717619,0.6580723617918165,0.1752785524200545
A05,5,41,80664,4,0,0.688479747286204,0.2211928464843844,-0.4672869008018195,0.6050730397104335,0.6323577903234451,0.0272847506130116,0.5265601759810713,0.6833048000704267,0.1567446240893554,0.6587296181316578,0.6525147873955255,-0.0062148307361322
A05,5,42,82642,3,0,0.3160104953090875,0.3971099225569243,0.0810994272478367,0.2160715025404152,0.4377245733584744,0.2216530708180592,0.6902508686149158,0.5100863594341123,-0.1801645091808035,0.6066531736531127,0.5208433039238695,-0.0858098697292432
A05,5,43,84632,2,0,0.5204064418613548,0.2058553757690238,-0.3145510660923308,0.5915001957833342,0.498858270181877,-0.0926419256014571,0.5695778566541971,0.5819219710380384,0.0123441143838413,0.5225272526738738,0.3865311869608215,-0.1359960657130522
A05,5,44,86751,2,0,0.7005318063250271,0.4645197888210172,-0.2360120175040099,0.3295539515963979,0.625282803345993,0.295728851749595,0.5894102076872031,0.6579174892496634,0.0685072815624603,0.5634977741539238,0.5195023234246561,-0.0439954507292676
A05,5,45,88657,2,0,0.3241639670152308,0.4820370600541462,0.1578730930389153,0.59064683809268,0.4227625182468796,-0.1678843198458004,0.5192080488834175,0.5073693175996807,-0.0118387312837368,0.5233347338716395,0.3745652480272605,-0.148769485844379
A05,5,46,90585,3,0,0.6154963275357954,0.3842127164452368,-0.2312836110905585,0.6768432578353888,0.4920446440050513,-0.1847986138303374,0.5459649660521,0.5423965127803579,-0.003568453271742,0.6523017787584605,0.4954497277596168,-0.1568520509988437
A05,5,47,92699,4,0,0.4218631678224236,0.3380312653493232,-0.0838319024731004,0.3931392513884083,0.4767141125375673,0.0835748611491589,0.6156704825192267,0.5383989931726962,-0.0772714893465305,0.6409785692913536,0.4709142678420814,-0.1700643014492721
A05,5,48,94758,1,0,0.5971290117263529,0.5128636228887428,-0.0842653888376101,0.330085806357716,0.6764140921912973,0.3463282858335813,0.5636133507427344,0.6028591549867416,0.0392458042440071,0.5300910276758943,0.5222289667315753,-0.007862060944319
A05,6,1,251,2,0,0.2394498426506577,0.3372676083937795,0.0978177657431217,0.7242444305906585,0.7914460371126957,0.0672016065220372,0.7890439527467773,0.753511113844119,-0.0355328389026583,0.7394787122799171,0.7425440182071592,0.003065305927242
A05,6,2,2254,4,0,0.8138013979677753,0.6199747689001026,-0.1938266290676726,0.5757596966862849,0.4876720686538539,-0.0880876280324309,0.7063750470865988,0.7774389214034855,0.0710638743168866,0.8341778720254218,0.8459211975952247,0.0117433255698028
A05,6,3,4172,1,0,0.7348915135095156,0.4058077009056816,-0.329083812603834,0.6024337010877593,0.601252351162465,-0.0011813499252942,0.6916557297746528,0.7929456578872739,0.101289928112621,0.7429615617232374,0.8395847697774789,0.0966232080542415
A05,6,4,6124,3,0,0.6370228825293017,0.4459940568512665,-0.1910288256780352,0.4691651228189926,0.6275143957212037,0.1583492729022111,0.6165514047032785,0.736242505969682,0.1196911012664034,0.8309555940696074,0.79243421705888,-0.0385213770107274
A05,6,5,8132,3,0,0.3556468210447801,0.4875823343564447,0.1319355133116646,0.5416742615927025,0.4512274465328718,-0.0904468150598307,0.609312612877675,0.7423523952082505,0.1330397823305754,0.5529818233648521,0.8077944393059815,0.2548126159411293
A05,6,6,10243,4,0,0.6241953351117457,0.27626983400009,-0.3479255011116557,0.6361078583333651,0.5446898818747559,-0.0914179764586092,0.7175821862304061,0.6350138544494024,-0.0825683317810037,0.4789070220144338,0.7722588842137262,0.2933518621992924
A05,6,7,12160,1,0,0.6270070638433252,0.619334216740847,-0.0076728471024781,0.6995472774772961,0.5829676025720136,-0.1165796749052824,0.6875173410970128,0.6501959780653237,-0.037321363031689,0.76220478980912,0.4540236515306428,-0.3081811382784772
A05,6,8,14210,1,0,0.4104624724554152,0.5743120079728002,0.163849535517385,0.5920570434971157,0.4811303279545155,-0.1109267155426002,0.6861732221132198,0.5815814319119351,-0.1045917902012847,0.6488957310126366,0.4876662042523919,-0.1612295267602447
A05,6,9,16141,3,0,0.581859079875591,0.2838336449172126,-0.2980254349583784,0.5624243961849883,0.4413309453336249,-0.1210934508513634,0.3536257057913997,0.5135712988066528,0.159945593015253,0.529558193604842,0.3164102919888593,-0.2131479016159827
A05,6,10,18139,2,0,0.3454386865275512,0.4303154024132827,0.0848767158857315,0.531985677532313,0.6262968934523924,0.0943112159200794,0.606718258880613,0.6510307891290701,0.044312530248457,0.3445059868147454,0.5599150212630228,0.2154090344482774
A05,6,11,20045,4,0,0.2555647897744692,0.4312672083118948,0.1757024185374255,0.4818390333582854,0.6812068778833632,0.1993678445250778,0.6821616539979268,0.4676242469027751,-0.2145374070951517,0.4776424887897521,0.5816124200469767,0.1039699312572245
A05,6,12,21940,4,0,0.1148931510655197,0.2825717326668565,0.1676785816013367,0.5162059631727758,0.3642421755215118,-0.1519637876512639,0.6551793268701637,0.6497176243488024,-0.0054617025213612,0.7626078911154128,0.7216461190742598,-0.040961772041153
A05,6,13,23912,4,0,0.5812434468597909,0.5490860260488167,-0.0321574208109741,0.687448143965115,0.6414809510364137,-0.0459671929287013,0.4363544896513346,0.6549241008604051,0.2185696112090704,0.5235341767809748,0.7596584961478788,0.236124319366904
A05,6,14,25856,2,0,0.6530349462516233,0.5739465155672834,-0.0790884306843399,0.4425492341069734,0.3628776517550041,-0.0796715823519693,0.6075408479794157,0.6320286958768156,0.0244878478973999,0.3534997456545516,0.5640286431268439,0.2105288974722922
A05,6,15,27823,1,0,0.573727856490809,0.2070776041825702,-0.3666502523082388,0.6478181808708132,0.2123309151321185,-0.4354872657386947,0.633274884131696,0.5860285690225343,-0.0472463151091616,0.4681412728808825,0.5525987423841444,0.0844574695032618
A05,6,16,29943,3,0,0.6949468591821554,0.3353870656940091,-0.3595597934881462,0.4618993216963724,0.4917399548395318,0.0298406331431593,0.7556365241051596,0.6651531625162289,-0.0904833615889306,0.5938985285781956,0.6813352950137886,0.087436766435593
A05,6,17,31951,2,0,0.4218262783631668,0.4220598322869678,0.0002335539238009,0.8219030275029663,0.3375524015861932,-0.484350625916773,0.7113397611276602,0.6490695781005311,-0.062270183027129,0.4937680426095357,0.7334547146960768,0.2396866720865411
A05,6,18,34017,4,0,0.5812162246455278,0.4295577036934719,-0.1516585209520558,0.5593353858103279,0.3291614318193942,-0.2301739539909337,0.6213614139961161,0.7082874783859641,0.0869260643898479,0.6438343684248717,0.7170981013286453,0.0732637329037735
A05,6,19,36053,1,0,0.5556528445953,0.3545572036137261,-0.2010956409815738,0.4360730721113257,0.570770207139532,0.1346971350282063,0.6630854848692873,0.6090705561330008,-0.0540149287362865,0.3659251170778059,0.5104775225949514,0.1445524055171455
A05,6,20,38119,4,0,0.4474746814126603,0.535327516227604,0.0878528348149436,0.4415509535172969,0.6263643928785599,0.184813439361263,0.5417346990424626,0.6650538542327133,0.1233191551902507,0.5158293839241705,0.639292750050484,0.1234633661263134
A05,6,21,40189,3,0,0.4287551247985318,0.560223173666291,0.1314680488677592,0.594966951516808,0.4095198204273482,-0.1854471310894598,0.5669808633411052,0.6018604748950438,0.0348796115539385,0.612576120297447,0.5417539785982545,-0.0708221416991925
A05,6,22,42269,2,0,0.2472363140151383,0.4808245682724407,0.2335882542573024,0.7721030443829545,0.5323641765315413,-0.2397388678514131,0.6656271369951525,0.6871331241877329,0.0215059871925803,0.6511022830339345,0.5967421365688111,-0.0543601464651233
A05,6,23,44181,4,0,0.3725616819933738,0.2266881183263655,-0.1458735636670083,0.55983866076133,0.4623942059070088,-0.0974444548543211,0.5746702877133101,0.6772819777727682,0.1026116900594581,0.6277535058248268,0.6252226891355009,-0.0025308166893258
A05,6,24,46212,4,0,0.2552334790898286,0.631950441731657,0.3767169626418284,0.554966178094127,0.5953395720961957,0.0403733940020687,0.6004954329732607,0.7667267534187854,0.1662313204455247,0.5355119283871194,0.7253185044607587,0.1898065760736393
A05,6,25,48165,1,0,0.3528548019435745,0.6110799115269764,0.2582251095834018,0.4731646417841578,0.5565250738569201,0.0833604320727622,0.6352573826599496,0.6187373758214042,-0.0165200068385453,0.6948538431497886,0.6041426759414344,-0.0907111672083541
A05,6,26,50126,2,0,0.5548461544261185,0.4067643696351963,-0.1480817847909222,0.4100606089340552,0.5043316824953843,0.094271073561329,0.462922419758892,0.6873114877415344,0.2243890679826424,0.5025244109543672,0.6550533999037872,0.15252898894942
A05,6,27,52230,2,0,0.4575795368294419,0.2850113721877876,-0.1725681646416543,0.4278745654076457,0.4458382986716404,0.0179637332639946,0.5121404889029118,0.5423010929355185,0.0301606040326067,0.6436973277686571,0.7169675538506841,0.073270226082027
A05,6,28,54234,3,0,0.5389927262047384,0.5192933337590441,-0.0196993924456942,0.4027373871022536,0.4686124057434875,0.0658750186412339,0.6119479791237293,0.4836297902892261,-0.1283181888345032,0.3050403741844669,0.6792661554786831,0.3742257812942161
A05,6,29,56209,4,0,0.5884496998703991,0.2985086218312358,-0.2899410780391633,0.7393323466785426,0.6461391258872148,-0.0931932207913278,0.7699246445706073,0.6721988485928225,-0.0977257959777847,0.8499887630153532,0.7123206529364455,-0.1376681100789076
A05,6,30,58235,2,0,0.4912322267586436,0.3378059404134098,-0.1534262863452337,0.3901474236269716,0.4780752921625185,0.0879278685355469,0.6065580797212512,0.6355775630323331,0.0290194833110819,0.612620925999038,0.5592177452397785,-0.0534031807592594
A05,6,31,60306,1,0,0.6483494164632181,0.4834903841029048,-0.1648590323603133,0.5972333208728122,0.547632755623182,-0.0496005652496301,0.5593790526317307,0.5464637006509612,-0.0129153519807695,0.5078536059465081,0.3189712244205518,-0.1888823815259562
A05,6,32,62413,1,0,0.557876020018904,0.54395377835677,-0.013922241662134,0.5789130054110024,0.3047190275817657,-0.2741939778292367,0.5247873727130515,0.6207490004462163,0.0959616277331647,0.4818368182807168,0.6529247673381071,0.1710879490573902
A05,6,33,64505,4,0,0.2731008530848501,0.7098521672580518,0.4367513141732016,0.6362257694552015,0.5417062631126356,-0.0945195063425659,0.5756259993916585,0.5881756244406862,0.0125496250490276,0.4172090892315215,0.5951470271031646,0.177937937871643
A05,6,34,66596,2,0,0.6208729228825369,0.7021221923206896,0.0812492694381527,0.4531298499786271,0.6308344635498698,0.1777046135712427,0.677252516258329,0.6436342728189335,-0.0336182434393955,0.6479036106922215,0.8140462943244897,0.1661426836322682
A05,6,35,68639,1,0,0.5717200380917138,0.3752887228647124,-0.1964313152270014,0.6204816401136789,0.4379113227881964,-0.1825703173254825,0.6533572397796857,0.62342025004183,-0.0299369897378557,0.692118303273267,0.7952163147116299,0.1030980114383629
A05,6,36,70703,3,0,0.6888555326333894,0.3591932835554315,-0.3296622490779579,0.3503739446309007,0.445414304060529,0.0950403594296283,0.6213255233417779,0.7021800927439623,0.0808545694021843,0.6598327225756057,0.8326389989976147,0.172806276422009
A05,6,37,72723,2,0,0.3917694242900638,0.6397474200126665,0.2479779957226026,0.586014675203249,0.5174320475353124,-0.0685826276679366,0.759191262632697,0.6211361525907443,-0.1380551100419527,0.6546800705160474,0.5429689293155102,-0.1117111412005371
A05,6,38,74695,2,0,0.4429051975820369,0.2968270006993154,-0.1460781968827215,0.475174282842401,0.5266295941211819,0.0514553112787808,0.5361612270247553,0.602361634742216,0.0662004077174607,0.6134536972233212,0.6752899299784465,0.0618362327551252
A05,6,39,76658,3,0,0.4584899710641394,0.6498519047669562,0.1913619337028167,0.6537351290187593,0.4534687625060296,-0.2002663665127297,0.7391463146496368,0.6555503710177357,-0.083595943631901,0.7418913506716154,0.7307597619710565,-0.0111315887005588
A05,6,40,78583,1,0,0.6467052895640674,0.308770881091564,-0.3379344084725034,0.6328715644303672,0.4901650906118754,-0.1427064738184917,0.6323316375903165,0.693393777975057,0.0610621403847404,0.6665456346809332,0.6707584043880723,0.0042127697071391
A05,6,41,80664,4,0,0.2716427255803159,0.4983151250012256,0.2266723994209097,0.5018484139287908,0.5430186805407614,0.0411702666119706,0.6166082882244505,0.6632126167203575,0.046604328495907,0.5886773425616129,0.6111061487026228,0.0224288061410099
A05,6,42,82642,3,0,0.693393789349481,0.3404856240234131,-0.3529081653260679,0.6152308510886478,0.6800374748346563,0.0648066237460084,0.5414498168724972,0.6532365215391147,0.1117867046666175,0.6446219813141923,0.7070181806685649,0.0623961993543725
A05,6,43,84632,3,0,0.817422042305105,0.3942487201096322,-0.4231733221954727,0.5971479200914308,0.6334912382102335,0.0363433181188026,0.7062287182835674,0.6095139602516528,-0.0967147580319145,0.6782730719672909,0.6042231890007389,-0.074049882966552
A05,6,44,86751,3,0,0.757110265737615,0.2965300692708557,-0.4605801964667592,0.7225042144606858,0.5423406089884611,-0.1801636054722246,0.6234409072154691,0.6983759800349926,0.0749350728195235,0.5954941802712176,0.6779739126917833,0.0824797324205657
A05,6,45,88657,3,0,0.4383731447603365,0.3441803644271709,-0.0941927803331656,0.5960838140456068,0.7252982986615253,0.1292144846159184,0.7060418139877441,0.7365761606379067,0.0305343466501625,0.5056607447236646,0.640832532793558,0.1351717880698933
A05,6,46,90585,1,0,0.5220444229947604,0.213349981233901,-0.3086944417608593,0.5687559954958551,0.5864937104265788,0.0177377149307237,0.749772667236103,0.5359084467746639,-0.2138642204614391,0.5322946021005889,0.2813945464455805,-0.2509000556550083
A05,6,47,92699,2,0,0.4031054703006695,0.2524980402875516,-0.150607430013118,0.7099817015606112,0.3899041028066898,-0.3200775987539214,0.5370999523579157,0.5984237288700419,0.0613237765121261,0.5658846744951667,0.5693124730829615,0.0034277985877948
A05,6,48,94758,1,0,0.2592671481443345,0.3082877506704183,0.0490206025260838,0.6576871371643388,0.696194075009175,0.0385069378448361,0.7683647152220033,0.6042128679953799,-0.1641518472266234,0.6569915899806223,0.6381795093696816,-0.0188120806109407
A05,7,2,2254,1,0,0.7353744174097628,0.6461971100632667,-0.089177307346496,0.5246164081933447,0.630026433400004,0.1054100252066593,0.6808811887803173,0.7469770798584375,0.0660958910781202,0.6231650423444135,0.5416031660179991,-0.0815618763264144
A05,7,3,4172,1,0,0.4655785282846975,0.2500521589320257,-0.2155263693526717,0.432333840828894,0.5910500334104309,0.1587161925815369,0.6980685511927832,0.7637481627565281,0.0656796115637449,0.5623443955237349,0.539362578227013,-0.0229818172967219
A05,7,4,6124,3,0,0.3144464701901071,0.4607930728980723,0.1463466027079652,0.6673791096788736,0.454414655364063,-0.2129644543148105,0.4819063113529885,0.53331663804355,0.0514103266905614,0.5539870024559642,0.6090671940136448,0.0550801915576806
A05,7,5,8132,3,0,0.7292107594386869,0.5390855353390062,-0.1901252240996807,0.6491703300476426,0.529563931874623,-0.1196063981730195,0.5633836040935949,0.5693105812987691,0.0059269772051742,0.6481152259187226,0.6488796355756149,0.0007644096568922
A05,7,6,10243,2,0,0.4283673902394724,0.4614349748728432,0.0330675846333707,0.7313131028573949,0.5079858731641376,-0.2233272296932573,0.6761085259867201,0.5348047327553634,-0.1413037932313566,0.6789418105826538,0.3439697186360408,-0.3349720919466129
A05,7,7,12160,3,0,0.2245061169566105,0.142905157600492,-0.0816009593561185,0.344101385939398,0.3709560383812181,0.0268546524418201,0.4822474813520561,0.5885623941881309,0.1063149128360748,0.5631462342806607,0.450755701006074,-0.1123905332745867
A05,7,8,14210,4,0,0.4974342514064784,0.4802531370380176,-0.0171811143684608,0.8021382862251072,0.6950730853344629,-0.1070652008906443,0.6049508477596389,0.7178345145166664,0.1128836667570274,0.5330923821222245,0.6841251488248512,0.1510327667026266
A05,7,9,16141,1,0,0.5389774800615628,0.5364923738919984,-0.0024851061695643,0.6234844518032132,0.5056629524241755,-0.1178214993790377,0.5640500419331087,0.6942829531775132,0.1302329112444045,0.4870400045590979,0.64062672444892,0.153586719889822
A05,7,10,18139,4,0,0.2125574124023198,0.3292643052598181,0.1167068928574983,0.7241656543146535,0.6237579017150613,-0.1004077525995922,0.645299621269144,0.7398020020172658,0.0945023807481217,0.5806715517814748,0.5222578199278597,-0.058413731853615
A05,7,11,20045,1,0,0.5149067225397085,0.5625962669332419,0.0476895443935334,0.3498825519219686,0.5131813830945832,0.1632988311726145,0.6603545797749918,0.598293258122888,-0.0620613216521037,0.5165839034058931,0.5114314134218293,-0.0051524899840638
A05,7,12,21940,1,0,0.589427983324824,0.3528737594877111,-0.2365542238371129,0.5591259045808048,0.6374498148741596,0.0783239102933548,0.5950620490963886,0.5204850585838743,-0.0745769905125143,0.6225182021659105,0.4120887457628778,-0.2104294564030326
A05,7,13,23912,2,0,0.3411007940903268,0.4050243306556187,0.0639235365652919,0.6285553667062349,0.6203387122231353,-0.0082166544830996,0.6526301898831438,0.6654798253596252,0.0128496354764814,0.5242326109812305,0.5394592824080827,0.0152266714268521
A05,7,14,25856,4,0,0.3876623618529096,0.4459608273208202,0.0582984654679106,0.1758163198500858,0.6030867308267102,0.4272704109766243,0.5892077959561389,0.4924204375650124,-0.0967873583911265,0.6012887791118036,0.488712927169553,-0.1125758519422505
A05,7,15,27823,3,0,0.4710402142249203,0.5098293689805271,0.0387891547556067,0.583026817429207,0.5909675700008709,0.0079407525716638,0.5980139716653629,0.4492055316668782,-0.1488084399984846,0.7104927883977377,0.5803318813404041,-0.1301609070573335
A05,7,16,29943,2,0,0.1123833771399634,0.6445076469978578,0.5321242698578944,0.5306312398321225,0.4009449412479511,-0.1296862985841713,0.6752252380067708,0.499693789374984,-0.1755314486317867,0.6620995328544936,0.3759381533991378,-0.2861613794553558
A05,7,18,34017,3,0,0.2258210289528402,0.4222066513491631,0.1963856223963229,0.6112000014869184,0.43816193600606,-0.1730380654808583,0.6178158578702652,0.603194662289955,-0.0146211955803101,0.3130746060710614,0.6618404108868045,0.348765804815743
A05,7,19,36053,4,0,0.4720100274175468,0.3144405599962772,-0.1575694674212696,0.7577569498267479,0.5525119491335313,-0.2052450006932166,0.559230080914994,0.5408147166338636,-0.0184153642811304,0.5500506006790677,0.5394473313997353,-0.0106032692793324
A05,7,20,38119,3,0,0.4792932075896772,0.4493593872514344,-0.0299338203382428,0.6643505613291906,0.7045222422883815,0.0401716809591908,0.5812650301134766,0.5703105282514057,-0.0109545018620709,0.2789419418757422,0.198407475277999,-0.0805344665977432
A05,7,21,40189,4,0,0.7586214456790588,0.3692405211513015,-0.3893809245277572,0.828830872044421,0.5961419822592608,-0.2326888897851601,0.5656254538452767,0.4496052306206093,-0.1160202232246673,0.1456869598019052,0.2418338820200798,0.0961469222181746
A05,7,22,42269,2,0,0.6444472732977768,0.4168925788487664,-0.2275546944490104,0.8764939853536572,0.5545952201033522,-0.321898765250305,0.542281318634229,0.5047053074481246,-0.0375760111861044,0.2714234585612237,0.1955319878729401,-0.0758914706882836
A05,7,23,44181,2,0,0.1871056892417359,0.1357992003549229,-0.0513064888868129,0.6145169667622004,0.2366098261257656,-0.3779071406364347,0.4516143585370176,0.4842246559559094,0.0326102974188918,0.1224123921125881,0.343832941098427,0.2214205489858389
A05,7,24,46212,4,0,0.4615387396513766,0.4277304774700955,-0.0338082621812811,0.6770287298918761,0.6570121806000583,-0.0200165492918178,0.5453126122702971,0.5054614702473632,-0.0398511420229339,0.2450781473125039,0.2865624862900824,0.0414843389775785
A05,7,25,48165,1,0,0.504262652412229,0.3365607419095764,-0.1677019105026525,0.5516616597803833,0.4402735546917188,-0.1113881050886644,0.6065780372529039,0.4957185824450257,-0.1108594548078781,0.2550822765867357,0.2761974397032575,0.0211151631165217
A05,7,26,50126,2,0,0.3650530026629467,0.4496933976237526,0.0846403949608058,0.6505661737259895,0.5668243908367037,-0.0837417828892858,0.392241336820215,0.5587296350462925,0.1664882982260774,0.1244893715575639,0.2325172592951319,0.108027887737568
A05,7,27,52230,2,0,0.4532590529626731,0.2122237081758254,-0.2410353447868476,0.4104525982917905,0.6465218030233527,0.2360692047315622,0.5155291535854774,0.5509115837798189,0.0353824301943415,0.0568414397312284,0.2517623565815094,0.194920916850281
A05,7,28,54234,2,0,0.4465106929693106,0.4765995361211217,0.0300888431518111,0.4511299625403596,0.5868023809189163,0.1356724183785567,0.5711757158677139,0.5922312360131017,0.0210555201453878,0.3433451554033039,0.2609895001505275,-0.0823556552527763
A05,7,29,56209,3,0,0.5614421866034291,0.2746436165363885,-0.2867985700670406,0.5328587357523331,0.5700040129271633,0.0371452771748301,0.480651345237327,0.518688342640373,0.038036997403046,0.3735839553363776,0.2314336146034206,-0.1421503407329569
A05,7,30,58235,4,0,0.3834372470254297,0.5336497015992552,0.1502124545738254,0.4796999463213142,0.5016997935473259,0.0219998472260116,0.5045436660018371,0.4729294126518651,-0.0316142533499719,0.2139087540693512,0.4503573082017911,0.2364485541324399
A05,7,31,60306,1,0,0.5144330324468862,0.5909440848785318,0.0765110524316455,0.5347385282597595,0.5726424893577512,0.0379039610979916,0.4038892477940932,0.435709974898503,0.0318207271044098,0.1750614211046718,0.1384103806418237,-0.0366510404628481
A05,7,32,62413,4,0,0.5608184252090909,0.46636403769633,-0.0944543875127608,0.6955281068532779,0.4744533556203912,-0.2210747512328866,0.5590058788114513,0.412834620323121,-0.1461712584883302,0.1765676611061875,0.1883247701995241,0.0117571090933365
A05,7,33,64505,1,0,0.7381870418527677,0.2367120858983581,-0.5014749559544096,0.7090212127925406,0.5744932362558338,-0.1345279765367067,0.5340663491730219,0.4904926641790247,-0.0435736849939971,0.1592453989840156,0.2860394414595259,0.1267940424755103
A05,7,34,66596,3,0,0.4557934829811876,0.3463102716025549,-0.1094832113786327,0.6299579036300261,0.540773380970197,-0.0891845226598291,0.6036060797671815,0.5976995478595813,-0.0059065319076001,0.5166788669857427,0.375756984321395,-0.1409218826643477
A05,7,35,68639,1,0,0.3770030094097291,0.4017932933255009,0.0247902839157718,0.5440586162092951,0.1907012254651408,-0.3533573907441542,0.4618287337729997,0.4033512770206221,-0.0584774567523776,0.3054839663081373,0.2836252762502434,-0.0218586900578939
A05,7,36,70703,4,0,0.2850989611039945,0.624351728162912,0.3392527670589174,0.548992620710541,0.5227529888910821,-0.0262396318194588,0.2829009328716865,0.5869420134172746,0.304041080545588,0.3746731881855122,0.4792105759626067,0.1045373877770944
A05,7,37,72723,1,0,0.2664103702402721,0.4790166513613214,0.2126062811210492,0.5193635609458397,0.4468885009764491,-0.0724750599693905,0.4434310756797829,0.4712406215230074,0.0278095458432245,0.1031074231222374,0.4366154342818361,0.3335080111595987
A05,7,38,74695,3,0,0.7762916889760355,0.4972165615912626,-0.2790751273847728,0.4570398011555606,0.5456300509570328,0.0885902498014721,0.5972243865149417,0.5067348037687118,-0.0904895827462298,0.3297654328482434,0.3776602848529785,0.047894852004735
A05,7,39,76658,1,0,0.3250643318593679,0.5065042908168228,0.1814399589574549,0.6701807172977949,0.4453889975285666,-0.2247917197692283,0.5708971563805261,0.5756885807954841,0.004791424414958,0.4876909400293631,0.1872900944614861,-0.300400845567877
A05,7,40,78583,2,0,0.6717944200488555,0.3933291295486996,-0.2784652905001558,0.633410423039254,0.4899832173027549,-0.143427205736499,0.5635543445373965,0.6772006175463038,0.1136462730089072,0.3542706806954945,0.4394907759424536,0.0852200952469591
A05,7,41,80664,3,0,0.1940552751547754,0.4555345977214757,0.2614793225667002,0.4765666813215641,0.5276072943143115,0.0510406129927474,0.5933423510156182,0.5560577097819472,-0.0372846412336709,0.1852182045400104,0.355787785528221,0.1705695809882106
A05,7,42,82642,3,0,0.5465491576969421,0.204996192551439,-0.341552965145503,0.6953636647012804,0.5002065668413894,-0.195157097859891,0.5549410988484212,0.5853548339730187,0.0304137351245974,0.3324618857723401,0.2264378853986438,-0.1060240003736962
A05,7,43,84632,4,0,0.3421003579471439,0.4014672818033874,0.0593669238562435,0.4124581381636242,0.6588493520252506,0.2463912138616263,0.4025538818890775,0.5636866256623015,0.161132743773224,0.160210361783111,0.3571969792312998,0.1969866174481887
A05,7,44,86751,1,0,0.5079311419421632,0.4030346573645578,-0.1048964845776053,0.6779034080506733,0.5519390492072448,-0.1259643588434285,0.4923635989420846,0.6697984744894115,0.1774348755473269,0.1862791066155714,0.4875004290201427,0.3012213224045712
A05,7,45,88657,2,0,0.2645131350136462,0.3741943552218614,0.1096812202082151,0.3047037333297198,0.3422962135334212,0.0375924802037013,0.5187013811813387,0.382686663936478,-0.1360147172448606,0.241842477914646,0.0902454845107323,-0.1515969934039137
A05,7,46,90585,4,0,0.3881644380082134,0.5633754078483035,0.1752109698400901,0.4298878376309977,0.4624807228838433,0.0325928852528456,0.5108047886556333,0.646619546773252,0.1358147581176186,0.4027486922611634,0.3937112162272155,-0.0090374760339479
A05,7,47,92699,2,0,0.5318279545094047,0.3827910519457611,-0.1490369025636436,0.5844043352124076,0.4306173242016051,-0.1537870110108025,0.4843048238078568,0.5719354510729774,0.0876306272651206,0.3743633010886787,0.3735032936803127,-0.0008600074083659
A05,7,48,94758,3,0,0.5229278925615093,0.3681486234394333,-0.154779269122076,0.6135133340902748,0.4439892885757567,-0.169524045514518,0.4729319604569645,0.432441318938161,-0.0404906415188035,0.191745718450352,0.2744827557582594,0.0827370373079074
A05,8,1,251,3,0,0.8278280781463604,0.301140924526372,-0.5266871536199884,0.5131026247038388,0.5141323343330991,0.0010297096292603,0.5652801376454363,0.6371408057692562,0.0718606681238199,0.4509658416792336,0.4984867853920297,0.047520943712796
A05,8,2,2254,1,0,0.3761923897222274,0.1339932189766628,-0.2421991707455645,0.5661668604218056,0.5585476727673243,-0.0076191876544813,0.5302908895946773,0.7548759103444634,0.2245850207497861,0.6573109482512444,0.6715599714300617,0.0142490231788173
A05,8,3,4172,4,0,0.634284120406764,0.5360611869088995,-0.0982229334978644,0.4697668095273584,0.5860482079658947,0.1162813984385363,0.5794015561876263,0.6398862656766637,0.0604847094890373,0.4665029187863089,0.7161899931579061,0.2496870743715972
A05,8,4,6124,2,0,0.6784063081712361,0.5122538952679397,-0.1661524129032964,0.5390076239363492,0.4390988318268786,-0.0999087921094705,0.43975715266444,0.6707740472195824,0.2310168945551424,0.3665147217621518,0.5127383795321739,0.1462236577700221
A05,8,5,8132,4,0,0.5587667645654706,0.6411889327160162,0.0824221681505456,0.6566758350609427,0.4461076609964237,-0.210568174064519,0.689356045605518,0.6297111258010325,-0.0596449198044855,0.5025320329673315,0.613655516896706,0.1111234839293745
A05,8,6,10243,1,0,0.5787980682644468,0.4080633800022047,-0.170734688262242,0.5691511644032843,0.5739611195666685,0.0048099551633842,0.5166633161398987,0.4551784177107568,-0.0614848984291418,0.421493536285991,0.3966491680748198,-0.0248443682111711
A05,8,7,12160,1,0,0.373622407885029,0.335371000063155,-0.0382514078218739,0.420600579328827,0.4559598533419535,0.0353592740131264,0.5320043639378393,0.6453190935299987,0.1133147295921593,0.3911413749498674,0.5762704893395781,0.1851291143897107
A05,8,8,14210,3,0,0.4929043401691472,0.1509055239064592,-0.341998816262688,0.3959093807359556,0.5504223511537353,0.1545129704177796,0.5158284310798268,0.4655336251743392,-0.0502948059054875,0.4738370895879035,0.6221934367551363,0.1483563471672327
A05,8,9,16141,3,0,0.2093515730251653,0.2599358082496971,0.0505842352245317,0.6720095259106482,0.3122288749289089,-0.3597806509817393,0.4715664060843227,0.496347644405814,0.0247812383214912,0.4233267517974426,0.6601578316750282,0.2368310798775855
A05,8,10,18139,2,0,0.4199631061260522,0.3611916193755684,-0.0587714867504837,0.4106554528507681,0.4888649189156419,0.0782094660648737,0.4874130276192819,0.5833163369854079,0.0959033093661259,0.2611120492432821,0.5574715917526187,0.2963595425093366
A05,8,11,20045,4,0,0.3903969862606119,0.4489996605195513,0.0586026742589394,0.5291406912234158,0.4079875836643243,-0.1211531075590914,0.5606546162177536,0.5928771222948838,0.0322225060771301,0.691344601250088,0.4854069295001913,-0.2059376717498967
A05,8,12,21940,2,0,0.4929774882476734,0.1333157714812401,-0.3596617167664333,0.4977549800922983,0.494748146972069,-0.0030068331202293,0.6249137098562908,0.408213238077921,-0.2167004717783698,0.3553669321725672,0.3770127606941354,0.0216458285215682
A05,8,13,23912,2,0,0.4714568688611364,0.1046722520954272,-0.3667846167657091,0.5668071965439614,0.530181706890188,-0.0366254896537734,0.5594830098884533,0.5609913132771448,0.0015083033886914,0.3735784159806635,0.6251306520351171,0.2515522360544535
A05,8,14,25856,1,0,0.439292282269086,0.3119239817095664,-0.1273683005595196,0.4246461039412948,0.4000765777454695,-0.0245695261958252,0.694688680896878,0.5425591553130328,-0.1521295255838451,0.5454571949412516,0.5624143187651185,0.0169571238238669
A05,8,15,27823,2,0,0.5344603771889487,0.0626583319422652,-0.4718020452466834,0.5356136149230207,0.4827396114372554,-0.0528740034857653,0.4562411996011732,0.572205463299896,0.1159642636987227,0.3946594277988108,0.2640231785201775,-0.1306362492786333
A05,8,16,29943,4,0,0.5147480473955757,0.6748026383826362,0.1600545909870605,0.6332718737735139,0.5105660658800297,-0.1227058078934841,0.5000927083034665,0.6654753367902326,0.1653826284867661,0.4846077950633364,0.70585857516266,0.2212507800993236
A05,8,17,31951,4,0,0.5179856671175241,0.3710851805178013,-0.1469004865997228,0.6154378131655056,0.5911231907358824,-0.0243146224296232,0.5517191578815679,0.5626631507235941,0.0109439928420261,0.5122966669634282,0.5218341890779096,0.0095375221144813
A05,8,18,34017,2,0,0.2870522952367814,0.7167459459538493,0.4296936507170679,0.6164291597224689,0.502734025822438,-0.1136951339000309,0.6284757388632841,0.622434148072932,-0.0060415907903521,0.484575910188854,0.6141720283780181,0.129596118189164
A05,8,19,36053,2,0,0.3926747794559585,0.3131921072479767,-0.0794826722079817,0.5057030493246016,0.6103865769062444,0.1046835275816427,0.6273570156060849,0.5543886952917658,-0.0729683203143191,0.7246444057735262,0.5782023076675467,-0.1464420981059795
A05,8,20,38119,2,0,0.4562116983740399,0.3839245950615328,-0.0722871033125071,0.7519603903592671,0.5471572124766443,-0.2048031778826228,0.6396045011890278,0.6272161166224334,-0.0123883845665944,0.6004347176397885,0.5625322100581925,-0.0379025075815959
A05,8,21,40189,2,0,0.6914038207844566,0.3367852296378083,-0.3546185911466483,0.7104120480657271,0.4819205294666924,-0.2284915185990347,0.5594044646091747,0.6381169509112647,0.07871248630209,0.5153635718367949,0.631264417221636,0.115900845384841
A05,8,22,42269,4,0,0.5404446856405564,0.4715288429420878,-0.0689158426984685,0.4689379773269773,0.6575983933104014,0.188660415983424,0.5146680654553104,0.6070191232424715,0.0923510577871611,0.6590242193180867,0.4164676834392243,-0.2425565358788624
A05,8,23,44181,4,0,0.6195105888432738,0.4202118359389598,-0.1992987529043139,0.7290562413403547,0.5889414108903536,-0.1401148304500011,0.6738375170008855,0.6450452948214344,-0.0287922221794511,0.6535575766301548,0.5407146459725599,-0.1128429306575948
A05,8,24,46212,3,0,0.6076082628234927,0.286822525078178,-0.3207857377453146,0.6867959445021012,0.4827796974789037,-0.2040162470231975,0.6578299690604086,0.5391614181459896,-0.1186685509144189,0.4111004668465906,0.5725338098833223,0.1614333430367316
A05,8,25,48165,4,0,0.3573589253046116,0.3284681364782548,-0.0288907888263567,0.7777963265543144,0.4658540421160567,-0.3119422844382577,0.7375070013689289,0.5720630730072676,-0.1654439283616613,0.6820449665583259,0.4572986354671217,-0.2247463310912041
A05,8,26,50126,1,0,0.5559415469529176,0.5994126287583994,0.0434710818054817,0.6891428332181445,0.4005257622368784,-0.288617070981266,0.5497988855753002,0.4832721335358126,-0.0665267520394875,0.6518116212011832,0.4021380402127865,-0.2496735809883967
A05,8,27,52230,2,0,0.6027600610380773,0.3904750780574187,-0.2122849829806585,0.727386670604426,0.6455356265535706,-0.0818510440508554,0.5689779274170769,0.5904192503483633,0.0214413229312864,0.4369634637450519,0.4756277305570163,0.0386642668119643
A05,8,28,54234,3,0,0.3683277605597537,0.2879514822690145,-0.0803762782907391,0.4834459959064641,0.5756146795538074,0.0921686836473433,0.5570503773487295,0.5813688722813318,0.0243184949326022,0.4184493881964681,0.6598189704687754,0.2413695822723072
A05,8,29,56209,2,0,0.2606429153586037,0.4938812793887583,0.2332383640301545,0.7387807009950248,0.4380027622702713,-0.3007779387247535,0.5304146220535626,0.5718710609871048,0.0414564389335422,0.6440715253609761,0.531578810756467,-0.1124927146045091
A05,8,30,58235,1,0,0.2856881392959362,0.5073322527628635,0.2216441134669273,0.5066768539419718,0.4746266270300255,-0.0320502269119463,0.4657324972945784,0.6066342463045881,0.1409017490100096,0.4747312352503212,0.5072807962626091,0.0325495610122879
A05,8,31,60306,4,0,0.5015602783550398,0.3139984511902609,-0.1875618271647788,0.5331522234994024,0.324008229954494,-0.2091439935449083,0.5988773615487124,0.6607740978397202,0.0618967362910077,0.6737946768275827,0.6427419115033094,-0.0310527653242732
A05,8,32,62413,1,0,0.4353297708524686,0.491357743542708,0.0560279726902394,0.6411970791735674,0.5108519872867543,-0.1303450918868131,0.6325082077527032,0.6310579960426714,-0.0014502117100317,0.5427545988391964,0.591122715618884,0.0483681167796875
A05,8,33,64505,4,0,0.5858379575207844,0.2120978950208698,-0.3737400624999145,0.5399977508975377,0.6144759486008986,0.0744781977033609,0.6088908210980188,0.6142547652960383,0.0053639441980194,0.6422415174005301,0.6712868859151369,0.0290453685146067
A05,8,34,66596,1,0,0.6232365976454368,0.3738395219074644,-0.2493970757379723,0.6080698922127697,0.586416345729044,-0.0216535464837257,0.5754790482852804,0.6652214263079392,0.0897423780226588,0.5999287724403961,0.5595796807422283,-0.0403490916981678
A05,8,35,68639,1,0,0.4083538928741078,0.3950499385044011,-0.0133039543697066,0.6388490733661756,0.7679031565532147,0.1290540831870391,0.5369110352767699,0.6342713503648826,0.0973603150881127,0.505871970591398,0.5458426502256737,0.0399706796342756
A05,8,36,70703,1,0,0.3562591197392943,0.3231051163471168,-0.0331540033921774,0.5362481479110832,0.4668670606824032,-0.06938108722868,0.5748847269911924,0.5185565936056639,-0.0563281333855285,0.7855142028418144,0.5415445363731076,-0.2439696664687067
A05,8,37,72723,1,0,0.3287489365464621,0.3691008074788032,0.040351870932341,0.6437321817721863,0.6573496867475913,0.013617504975405,0.5540145684125851,0.5659168421996232,0.0119022737870381,0.5057326420055376,0.6120884624638868,0.1063558204583492
A05,8,38,74695,3,0,0.6244897011639877,0.4392562896279902,-0.1852334115359975,0.5567870221830165,0.6887927537051255,0.132005731522109,0.5338111568214873,0.618643353860913,0.0848321970394256,0.6461301178918956,0.736425340682986,0.0902952227910904
A05,8,39,76658,3,0,0.5131480856544054,0.4134286072300956,-0.0997194784243097,0.4373837181647836,0.507640936135323,0.0702572179705394,0.682060347821707,0.5496024918697444,-0.1324578559519625,0.7526358539095245,0.5942311715615093,-0.1584046823480152
A05,8,40,78583,4,0,0.4826426389782455,0.3654885147261865,-0.117154124252059,0.333354409124693,0.5721513239023458,0.2387969147776527,0.6672877042868325,0.5789500245161319,-0.0883376797707006,0.7795184481422764,0.7166186875432458,-0.0628997605990306
A05,8,41,80664,2,0,0.7259984173410706,0.4328719881453122,-0.2931264291957584,0.5303803789473234,0.5953921763952442,0.0650117974479208,0.5658329803901448,0.5559292732741206,-0.0099037071160242,0.5116026981069001,0.7262517282304035,0.2146490301235034
A05,8,42,82642,3,0,0.6119103968997531,0.351204442152469,-0.2607059547472841,0.3776720427418227,0.5656725385537189,0.1880004958118962,0.3973308383002719,0.5715551419493361,0.1742243036490642,0.5306558556837728,0.4959748897668424,-0.0346809659169304
A05,8,43,84632,3,0,0.590496120169582,0.4899762736811802,-0.1005198464884017,0.4939696491470066,0.5976678258770686,0.1036981767300619,0.7382131934943831,0.5842116520773217,-0.1540015414170613,0.4464841710189712,0.5962855939371998,0.1498014229182286
A05,8,44,86751,3,0,0.476130518276414,0.4049982543404158,-0.0711322639359982,0.3758517150809948,0.5421688187847158,0.166317103703721,0.4998251896570676,0.5346622817196253,0.0348370920625576,0.4757663837394047,0.4270306698294779,-0.0487357139099267
A05,8,45,88657,4,0,0.464592856191984,0.2372248575104462,-0.2273679986815377,0.7074573038669912,0.5964869881836904,-0.1109703156833008,0.5333945833063571,0.6395950051566023,0.1062004218502451,0.5840426712537347,0.768320978911928,0.1842783076581933
A05,8,46,90585,3,0,0.5367020487908926,0.4327785760746129,-0.1039234727162796,0.4332062111958857,0.5650795944581365,0.1318733832622508,0.4560709884830377,0.6201869634282792,0.1641159749452414,0.5282504185825619,0.6898771222484518,0.1616267036658898
A05,8,47,92699,1,0,0.3844300496466629,0.5411270312239375,0.1566969815772745,0.3356883606678157,0.4972158008697298,0.161527440201914,0.6716457295453762,0.6237776802715589,-0.0478680492738172,0.5842100294808776,0.5925468685102083,0.0083368390293306
A05,8,48,94758,3,0,0.2965230622510623,0.2614728495124092,-0.0350502127386531,0.708605562473939,0.5319697343582953,-0.1766358281156437,0.6804447142364903,0.6586466228823644,-0.0217980913541259,0.3099639239335424,0.7595361226616371,0.4495721987280946
A06,3,1,251,1,0,0.6345751554584187,0.4342193192907789,-0.2003558361676397,0.1879899515408469,0.3181603913978947,0.1301704398570478,0.1734533254230894,0.4756478941701368,0.3021945687470473,0.41791308629706,0.6203247721685534,0.2024116858714934
A06,3,2,2254,2,0,0.5138430217845873,0.3415342720807111,-0.1723087497038761,0.3098035200664491,0.3255804700504324,0.0157769499839833,0.3448681271979839,0.4349051704911156,0.0900370432931316,0.1636318886193272,0.4716919909502718,0.3080601023309446
A06,3,3,4172,2,0,0.6112921216437195,0.3913922049349677,-0.2198999167087517,0.294346492604558,0.4454054043135414,0.1510589117089834,0.345449624956288,0.4051816073401585,0.0597319823838705,0.6022564391062678,0.4171847863236882,-0.1850716527825796
A06,3,4,6124,1,0,0.1352991513071621,0.4975587780485729,0.3622596267414107,0.4699340351600572,0.4761298152813583,0.0061957801213011,0.34158859321162,0.3866490890643455,0.0450604958527254,0.5323585002682498,0.5499636363826615,0.0176051361144117
A06,3,6,10243,1,0,0.5958618869049316,0.2959332617536264,-0.2999286251513052,0.3894975435361162,0.4365488366522513,0.047051293116135,0.3233483689236165,0.3310381702792179,0.0076898013556013,0.4261744978538206,0.4514030411292926,0.0252285432754719
A06,3,7,12160,2,0,0.5714531904528339,0.3518034718650205,-0.2196497185878134,0.3811816269703673,0.3807059504763005,-0.0004756764940667,0.2314958685855404,0.3646913233212533,0.1331954547357129,0.4657634278817668,0.6039544130099508,0.1381909851281839
A06,3,8,14210,3,0,0.2677573000902194,0.6049858590113834,0.3372285589211639,0.3733131609351291,0.4214955122362546,0.0481823513011254,0.2948432800507745,0.3189924480483869,0.0241491679976124,0.4288946142198815,0.4531164606641952,0.0242218464443136
A06,3,9,16141,2,0,0.4007457759332489,0.4202059974954263,0.0194602215621773,0.3024462145545884,0.2462172479923388,-0.0562289665622495,0.4900942488330181,0.411760596516744,-0.078333652316274,0.4326736116010486,0.5243880609830865,0.0917144493820378
A06,3,10,18139,4,0,0.3323392682297822,0.2568337560968328,-0.0755055121329494,0.1609369878559995,0.1782005736196943,0.0172635857636948,0.3452196768354729,0.3107627290230357,-0.0344569478124371,0.5431563059505706,0.4744224852309233,-0.0687338207196473
A06,3,11,20045,1,0,0.3949389697804041,0.4366640537134329,0.0417250839330287,0.2746388788293749,0.3816686379000829,0.107029759070708,0.2287862695483945,0.3228720773211849,0.0940858077727903,0.6589743425191043,0.3955189738846546,-0.2634553686344496
A06,3,12,21940,3,0,0.4538344915485072,0.4843934427382771,0.0305589511897699,0.2207221454461008,0.603588108665569,0.3828659632194682,0.4489982269276073,0.2834559820723146,-0.1655422448552926,0.4087654727898707,0.3328379109363446,-0.075927561853526
A06,3,13,23912,2,0,0.5730803944941572,0.5821651680660244,0.0090847735718672,0.4061624341688969,0.2048469296780843,-0.2013155044908125,0.2380735438449264,0.4668286800666244,0.228755136221698,0.5838530966807406,0.4381562377531683,-0.1456968589275722
A06,3,14,25856,1,0,0.3601600458218066,0.3254641177992352,-0.0346959280225714,0.2753303694397315,0.5250579564590606,0.249727587019329,0.3051558451137514,0.3483941296632276,0.0432382845494762,0.5286799463333187,0.4817801387396841,-0.0468998075936345
A06,3,15,27823,4,0,0.3801360560806429,0.4408034129110399,0.0606673568303969,0.32360606919445,0.3553632974650161,0.031757228270566,0.1973002704676623,0.4693634831760304,0.2720632127083681,0.349378212599179,0.441549758833688,0.0921715462345089
A06,3,16,29943,4,0,0.3947023883904489,0.2172618224187905,-0.1774405659716584,0.4372632618718607,0.4822691202016917,0.045005858329831,0.3495034831291218,0.4005460931794237,0.0510426100503018,0.511627421053386,0.337824225647051,-0.173803195406335
A06,3,17,31951,4,0,0.5958207346746399,0.2592145338869439,-0.336606200787696,0.1756478419229895,0.2655371934089386,0.089889351485949,0.2493913920927391,0.3404363752794005,0.0910449831866613,0.3790889701092405,0.4446162864673132,0.0655273163580727
A06,3,18,34017,4,0,0.1463763207743651,0.6421954718964883,0.4958191511221231,0.4131385214118295,0.3498911047941764,-0.0632474166176531,0.3790081794565897,0.3810442317187105,0.0020360522621207,0.4858589226295458,0.331787949853288,-0.1540709727762578
A06,3,19,36053,4,0,0.6791901271698192,0.2408480352175097,-0.4383420919523094,0.3730249821051509,0.5377888731844103,0.1647638910792593,0.3070168936295788,0.4766786233039943,0.1696617296744155,0.4759673716388871,0.5179549788991216,0.0419876072602344
A06,3,21,40189,3,0,0.6016852462513506,0.3490367284785737,-0.2526485177727768,0.3779989142782327,0.6469373756110545,0.2689384613328218,0.2216681610505353,0.3561341642270795,0.1344660031765442,0.2475355525305317,0.5718900514679032,0.3243544989373714
A06,3,22,42269,2,0,0.5383894803712957,0.4505904394238256,-0.0877990409474701,0.3616036280480975,0.3036585027569526,-0.0579451252911448,0.3194686687928169,0.3192207198308815,-0.0002479489619353,0.3489921448715525,0.2700633246258065,-0.0789288202457459
A06,3,23,44181,1,0,0.2889721975615541,0.4290569982644316,0.1400848007028775,0.5581863367884539,0.5759277686139926,0.0177414318255387,0.41425730971015,0.4531882632344184,0.0389309535242684,0.3921129913472466,0.387149984466499,-0.0049630068807475
A06,3,24,46212,1,0,0.7260036216267949,0.4304538986512905,-0.2955497229755043,0.4740109877084172,0.4021467014759831,-0.071864286232434,0.2356932126207427,0.2978575086479679,0.0621642960272251,0.5522551782462833,0.3111518270713412,-0.241103351174942
A06,3,25,48165,3,0,0.5148297953702395,0.4512892083852761,-0.0635405869849634,0.518970904327568,0.4555610076030256,-0.0634098967245423,0.2171227559574643,0.4395452522737965,0.2224224963163322,0.3837204974927568,0.3797170108828931,-0.0040034866098636
A06,3,26,50126,4,0,0.1715424509875847,0.7171194644911808,0.5455770135035961,0.4142165433935784,0.5595708756618061,0.1453543322682276,0.4284554425143594,0.2979423121909086,-0.1305131303234508,0.4488175340568502,0.3842310671771741,-0.0645864668796761
A06,3,27,52230,1,0,0.1945839046891826,0.2513661844711558,0.056782279781973,0.1775841808173585,0.4064084220053618,0.2288242411880032,0.3519890633942494,0.3543870446789858,0.0023979812847364,0.5113987597511939,0.5229688312779109,0.011570071526717
A06,3,28,54234,3,0,0.274990639170867,0.3473546495915908,0.0723640104207238,0.5961218212418498,0.468823299754974,-0.1272985214868757,0.3812794872264584,0.3257745552963362,-0.0555049319301222,0.4406217120619476,0.5539650862314957,0.1133433741695479
A06,3,29,56209,3,0,0.6147806641850081,0.2093828697008886,-0.4053977944841194,0.5984338379801362,0.4144653683025089,-0.1839684696776272,0.374097520698073,0.3716384111467654,-0.0024591095513076,0.5225169768997384,0.5550566555905104,0.032539678690772
A06,3,30,58235,3,0,0.5885529337209364,0.5377346588500365,-0.0508182748708999,0.2689307426263868,0.3015240928206773,0.0325933501942904,0.2116065453681559,0.3685370409048977,0.1569304955367418,0.2560077767141368,0.530645898114052,0.2746381213999152
A06,3,31,60306,1,0,0.0880742372108338,0.476821125379176,0.3887468881683421,0.416768731680604,0.5613297150991595,0.1445609834185555,0.4312525255434979,0.341392768801133,-0.0898597567423648,0.3372345962060646,0.5494494093591885,0.2122148131531238
A06,3,33,64505,1,0,0.6529945394580015,0.366409676421507,-0.2865848630364944,0.2461083546598067,0.2711303404699649,0.0250219858101582,0.4220860335884543,0.4269817783835078,0.0048957447950534,0.4278121820575373,0.467566793994666,0.0397546119371287
A06,3,34,66596,2,0,0.3367287712246955,0.2756644112158285,-0.061064360008867,0.3568726308144772,0.3504761293238782,-0.006396501490599,0.2578508157668293,0.1844571552450758,-0.0733936605217534,0.1099992348046865,0.4929404107588995,0.382941175954213
A06,3,35,68639,2,0,0.3768948634531504,0.3572458254382927,-0.0196490380148576,0.7119184844588778,0.3902390660687889,-0.3216794183900889,0.5871988425835578,0.3570182128317313,-0.2301806297518264,0.4574741251865851,0.4032000494055005,-0.0542740757810845
A06,3,36,70703,1,0,0.4081163684442516,0.3070926116216398,-0.1010237568226117,0.5755845185396602,0.5080960039294428,-0.0674885146102174,0.4307598999325011,0.3833187049422208,-0.0474411949902803,0.4223131585115818,0.5333565484072785,0.1110433898956966
A06,3,37,72723,2,0,0.2239589788986875,0.4420308668146305,0.218071887915943,0.561301815763075,0.4348501441509459,-0.126451671612129,0.3595402961861332,0.4404027438465042,0.0808624476603709,0.4036005903456434,0.5334320782624095,0.129831487916766
A06,3,38,74695,3,0,0.0640338613806039,0.6311848424196616,0.5671509810390576,0.3279743815610471,0.2423695838289569,-0.0856047977320901,0.4497210377771343,0.306723537661607,-0.1429975001155272,0.4485527496201703,0.548624303758998,0.1000715541388276
A06,3,39,76658,2,0,0.453069697362655,0.5594018310562994,0.1063321336936443,0.337379626894727,0.55896006556046,0.2215804386657329,0.1197648349821158,0.3022731426033228,0.182508307621207,0.2261983370009597,0.5869240838127331,0.3607257468117733
A06,3,40,78583,3,0,0.626867744739801,0.6001128854295217,-0.0267548593102793,0.4295934242306951,0.4545711812977675,0.0249777570670724,0.279116222575565,0.3694873648276607,0.0903711422520957,0.5011369218915699,0.6398585315900803,0.1387216096985104
A06,3,41,80664,3,0,0.1857533541966797,0.4582668599624266,0.2725135057657469,0.58012322143516,0.3902034671439883,-0.1899197542911717,0.3922736050602181,0.3745034707921859,-0.0177701342680321,0.3057632989072289,0.6580297196000873,0.3522664206928583
A06,3,45,88657,4,0,0.4239476945534499,0.2945983061940924,-0.1293493883593574,0.4272723062318581,0.4713699802958692,0.0440976740640111,0.2701053012124677,0.4378161539966467,0.1677108527841789,0.4004169804786046,0.6261581245372564,0.2257411440586518
A06,3,47,92699,4,0,0.2402472581191192,0.65043179308957,0.4101845349704508,0.2764698265600033,0.5120334582448157,0.2355636316848124,0.2904554170400773,0.2621167255075082,-0.028338691532569,0.4287170520167693,0.6948334439288352,0.2661163919120658
A06,4,2,2254,3,0,0.2938212911712992,0.2790115475777673,-0.0148097435935319,0.3353693228542213,0.2040764874145165,-0.1312928354397048,0.142831892613208,0.2288034405941926,0.0859715479809846,0.2858089553791885,0.2723463776999985,-0.0134625776791899
A06,4,3,4172,2,0,0.4003539726600488,0.4258993674628425,0.0255453948027937,0.2340611604975014,0.3779799597065681,0.1439187992090667,0.2467135251809622,0.2512793142568137,0.0045657890758515,0.3790010189516929,0.2409607748496684,-0.1380402441020244
A06,4,4,6124,1,0,0.5495287617529192,0.2994140116398491,-0.2501147501130701,0.28762894718375,0.43906931915484,0.15144037197109,0.1766163206821162,0.2303892869043025,0.0537729662221862,0.4024728268983046,0.093604786921219,-0.3088680399770856
A06,4,5,8132,1,0,0.4770318427320736,0.2948259507981365,-0.1822058919339371,0.5010247066164849,0.3346723314384277,-0.1663523751780571,0.3576235505292874,0.2105840726298622,-0.1470394778994252,0.3994286116937372,0.315898613371893,-0.0835299983218441
A06,4,8,14210,4,0,0.4677485118451366,0.4869515063816431,0.0192029945365065,0.498662930772732,0.5087003784721901,0.010037447699458,0.1812285581511324,0.1488702883644261,-0.0323582697867063,0.2691101971802371,0.1328328665281131,-0.1362773306521239
A06,4,9,16141,2,0,0.481182616205544,0.4418316552026569,-0.0393509610028871,0.6109629596919363,0.3979778073152175,-0.2129851523767187,0.321761206057736,0.3534552323005371,0.0316940262428011,0.2662488767876039,0.1145440413166396,-0.1517048354709643
A06,4,10,18139,3,0,0.4313537823168981,0.292489760292775,-0.138864022024123,0.4617802236443828,0.3365781380812825,-0.1252020855631002,0.3257986064535624,0.1917411654549154,-0.1340574409986469,0.2424870137715461,0.2662563072081957,0.0237692934366496
A06,4,11,20045,1,0,0.5673216895151811,0.4340607577055667,-0.1332609318096144,0.2625719618347039,0.589511771636747,0.326939809802043,0.2005636303721771,0.4236860407826939,0.2231224104105168,0.0563608678938966,0.1582103991379849,0.1018495312440882
A06,4,12,21940,1,0,0.6948994133421624,0.3994944690738378,-0.2954049442683246,0.5484040372698902,0.4873322699865414,-0.0610717672833487,0.2172615244947246,0.3426772403670757,0.125415715872351,0.1664261144731511,0.4022713641970964,0.2358452497239453
A06,4,13,23912,1,0,0.5787625373744694,0.387612827143204,-0.1911497102312653,0.2538262393622506,0.3254439025120689,0.0716176631498183,0.1916921314821597,0.221777727456334,0.0300855959741742,0.0722936884515017,0.3162398804194266,0.2439461919679248
A06,4,14,25856,4,0,0.5610319671101421,0.4230702127130842,-0.1379617543970578,0.5272858908231813,0.5373226736498528,0.0100367828266714,0.153801436568625,0.288248955735979,0.1344475191673539,0.3550968897990811,0.2226350983020402,-0.1324617914970409
A06,4,15,27823,2,0,0.3386231385320276,0.5130766240773312,0.1744534855453036,0.3663537065823408,0.5992759172102631,0.2329222106279223,0.3201234298725064,0.2149599997642033,-0.105163430108303,0.1993860973650591,0.2275523793539147,0.0281662819888556
A06,4,16,29943,2,0,0.3087532783653996,0.4781936573081844,0.1694403789427848,0.4717356624412298,0.4646299793272913,-0.0071056831139384,0.1076916648220922,0.2695788247730297,0.1618871599509374,0.2483073969330986,0.2226540577029898,-0.0256533392301087
A06,4,17,31951,1,0,0.5251614379718782,0.5001939606911012,-0.0249674772807769,0.2538129163857207,0.5503250250792242,0.2965121086935035,0.124313885655649,0.3927208958903652,0.2684070102347161,0.1126639040292627,0.2910674685747875,0.1784035645455247
A06,4,19,36053,3,0,0.5098214752398545,0.4123580520474768,-0.0974634231923777,0.4283145617850837,0.3607939335638009,-0.0675206282212828,0.1098821955948543,0.2483627257630967,0.1384805301682423,0.1321201334716246,0.133551160820141,0.0014310273485163
A06,4,21,40189,2,0,0.511805648742464,0.527166790948531,0.0153611422060669,0.4231253240837763,0.1697088143044038,-0.2534165097793724,0.1753597029635508,0.3040000568252189,0.128640353861668,0.1183021869583135,0.3989747024471594,0.2806725154888459
A06,4,23,44181,4,0,0.6056738713914526,0.3613082059278591,-0.2443656654635934,0.4855517392097835,0.3741215505818879,-0.1114301886278955,0.261713439498302,0.237951267255113,-0.0237621722431889,0.2592412466799825,0.1451338509328736,-0.1141073957471089
A06,4,24,46212,3,0,0.5794116834714386,0.3664465006647573,-0.2129651828066812,0.4473373790781269,0.3494467957845937,-0.0978905832935332,0.2089635531051903,0.2417092900408471,0.0327457369356567,0.2961119711779107,0.3319942091210608,0.0358822379431501
A06,4,25,48165,1,0,0.7024607162662484,0.3077346052325762,-0.3947261110336722,0.4255266638813818,0.2579146062790968,-0.1676120576022849,0.4113620416235083,0.2378133537856875,-0.1735486878378208,0.1553571030591043,0.176429670745996,0.0210725676868916
A06,4,26,50126,4,0,0.4433433842467952,0.5483151392409176,0.1049717549941223,0.5711218354578558,0.4823270215975134,-0.0887948138603423,0.1852466120272591,0.2511710836455657,0.0659244716183065,0.2058188326750561,0.3557189886096512,0.149900155934595
A06,4,27,52230,4,0,0.3694152990133647,0.5545140292314735,0.1850987302181088,0.3364886608982398,0.3866732398635122,0.0501845789652724,0.1414986383778614,0.2338510710345864,0.092352432656725,0.1653732506685061,0.3777228036599568,0.2123495529914507
A06,4,31,60306,2,0,0.5603520624320649,0.2958330621508888,-0.2645190002811761,0.4205967193047578,0.4211537336693457,0.0005570143645879,0.3363445908136475,0.2928667057534161,-0.0434778850602313,0.3211395817935411,0.5513317757752597,0.2301921939817186
A06,4,32,62413,1,0,0.4233254761073245,0.3086423819836468,-0.1146830941236777,0.3532570784148366,0.4769924677791374,0.1237353893643007,0.3298787736995549,0.4209548470557759,0.091076073356221,0.3771089407092019,0.7056593121616909,0.3285503714524889
A06,4,36,70703,3,0,0.5043564947692685,0.3570641286531327,-0.1472923661161357,0.2204587082052025,0.3727963638432752,0.1523376556380726,0.460298735884027,0.4888719942825953,0.0285732583985682,0.435998411287156,0.6968785070655912,0.2608800957784352
A06,4,37,72723,4,0,0.2315523853821576,0.5167505205354589,0.2851981351533013,0.4796063817503428,0.293107634335036,-0.1864987474153067,0.3464632537396218,0.3638608256602728,0.0173975719206509,0.5993709980802393,0.6415485994224549,0.0421776013422156
A06,4,41,80664,2,0,0.5554404141721049,0.4633124079686803,-0.0921280062034245,0.5831632260105458,0.6393863509384613,0.0562231249279154,0.1610584830386394,0.2269272578398005,0.0658687748011611,0.332649532872594,0.369233317626182,0.0365837847535879
A06,4,42,82642,3,0,0.2342796793306059,0.4262412969773425,0.1919616176467365,0.4060452655266707,0.2050469647337408,-0.2009983007929299,0.1803698384192109,0.2957582033588078,0.1153883649395969,0.3955404088163016,0.5936730445772147,0.198132635760913
A06,4,44,86751,3,0,0.5578982566094168,0.2059985184574476,-0.3518997381519692,0.5751646199124559,0.2548357334734,-0.3203288864390559,0.2714214034682011,0.2980354967922223,0.0266140933240212,0.5768865780635996,0.473864635294662,-0.1030219427689375
A06,5,2,2254,1,0,0.50691202740787,0.5189529491087774,0.0120409217009074,0.4741962886360449,0.5283433328748088,0.0541470442387639,0.4501717026609954,0.4046912368593577,-0.0454804658016376,0.28954414237798,0.3992878585285672,0.1097437161505872
A06,5,3,4172,4,0,0.5023315601020107,0.3112719053301274,-0.1910596547718833,0.5906421434929433,0.3535476586210042,-0.2370944848719391,0.1133684772651901,0.2962327456867318,0.1828642684215417,0.1325935934889803,0.3400011257134357,0.2074075322244554
A06,5,4,6124,2,0,0.1589792974206987,0.3351607632114327,0.1761814657907339,0.3531268152025679,0.5671780702949284,0.2140512550923605,0.1564727059548867,0.2646306779060467,0.1081579719511599,0.2023833094985621,0.1236999854202884,-0.0786833240782736
A06,5,5,8132,1,0,0.6220581104412801,0.3513764104592112,-0.2706816999820688,0.2562179626796093,0.3741334833380891,0.1179155206584798,0.2397400685029168,0.2548421622747858,0.0151020937718689,0.2534767950318167,0.3177921038052431,0.0643153087734263
A06,5,6,10243,3,0,0.4968395727900483,0.384990459872859,-0.1118491129171893,0.420874931137769,0.3354023863062961,-0.0854725448314728,0.114476402092849,0.1685860513993688,0.0541096493065197,0.3200593773136521,0.3304997962763568,0.0104404189627046
A06,5,7,12160,1,0,0.4087690455862863,0.5023606056944038,0.0935915601081174,0.2412409089800209,0.4728516134695885,0.2316107044895676,0.1721425284221549,0.3008089254529408,0.1286663970307858,0.1520729504596721,0.2688459436258367,0.1167729931661646
A06,5,8,14210,3,0,0.4222946047156709,0.6991421206201688,0.2768475159044979,0.4359708267567193,0.4435695705849338,0.0075987438282145,0.3973326127920371,0.2884814230103541,-0.1088511897816829,0.2626024568404299,0.2930914735756122,0.0304890167351823
A06,5,14,25856,1,0,0.5423851712874618,0.4146116542564888,-0.1277735170309729,0.3422283908591318,0.4870283611854448,0.1447999703263129,0.2737776027484981,0.3433019138781755,0.0695243111296773,0.5666762884622477,0.3483727573315255,-0.2183035311307222
A06,5,15,27823,3,0,0.613210684591153,0.7031513408736274,0.0899406562824743,0.4241283232520269,0.5714105155051329,0.1472821922531059,0.386345372322219,0.2775252543624967,-0.1088201179597223,0.5616010551040258,0.2494679195999349,-0.3121331355040909
A06,5,16,29943,2,0,0.1619472722550857,0.3964461236443303,0.2344988513892445,0.4928874761182645,0.3580027139880269,-0.1348847621302375,0.2834433453409892,0.2932781397834416,0.0098347944424523,0.4349340961247354,0.5537140864190763,0.1187799902943408
A06,5,21,40189,1,0,0.4612262801306878,0.2986558703665331,-0.1625704097641546,0.3976694499774132,0.5049812899348435,0.1073118399574302,0.3384052089396285,0.2988915491466408,-0.0395136597929877,0.4781268934582859,0.5078795862954547,0.0297526928371687
A06,5,22,42269,4,0,0.3623289719434062,0.5779946676240533,0.215665695680647,0.6094087643300121,0.669353144651111,0.0599443803210988,0.4528338337482604,0.426558968239613,-0.0262748655086473,0.5425403254728358,0.4036474760728647,-0.1388928493999711
A06,5,23,44181,2,0,0.519082996204965,0.3485166172467085,-0.1705663789582565,0.5979978254919527,0.4573485642393344,-0.1406492612526182,0.3791988701961576,0.4263476057453711,0.0471487355492135,0.58345427470863,0.6111802061900232,0.0277259314813932
A06,5,24,46212,4,0,0.4072337942551962,0.6037750906433021,0.1965412963881059,0.2841884933020437,0.5964336745746465,0.3122451812726027,0.3627166732919828,0.3875816466756082,0.0248649733836253,0.3581211022750099,0.7700738732426202,0.4119527709676103
A06,5,27,52230,3,0,0.662431877447486,0.2627844381535343,-0.3996474392939517,0.3653842625064207,0.5106416216072126,0.1452573591007918,0.1055939154635119,0.4283494876847463,0.3227555722212343,0.4083683750357752,0.5960887487335741,0.1877203736977988
A06,5,28,54234,2,0,0.3001272968490892,0.3148315171321932,0.0147042202831039,0.3948565703679818,0.3918344298828701,-0.0030221404851116,0.5363412549186598,0.5008111170993778,-0.035530137819282,0.5351427425578681,0.5667918199412741,0.031649077383406
A06,5,31,60306,3,0,0.5123246501579806,0.2792722783784783,-0.2330523717795022,0.6003319492802593,0.471064030957962,-0.1292679183222972,0.3153015088017453,0.2989930073567579,-0.0163085014449874,0.625279842619649,0.4655897054618787,-0.1596901371577702
A06,5,34,66596,4,0,0.4438002566357223,0.3825620378155561,-0.0612382188201662,0.3576158295820096,0.4561018158891711,0.0984859863071614,0.3355100144449531,0.3641784232941588,0.0286684088492057,0.3242999848418955,0.4200240664725507,0.0957240816306551
A06,5,37,72723,1,0,0.5788457110751661,0.7599549760411302,0.181109264965964,0.3572761539870794,0.3903213946524917,0.0330452406654123,0.3866575860162422,0.4568598809801988,0.0702022949639565,0.4752601895416993,0.5126590683885348,0.0373988788468354
A06,5,38,74695,2,0,0.383896532617869,0.4142928367167192,0.0303963040988501,0.3121571374275361,0.5753766821658142,0.263219544738278,0.4128238862711406,0.3870466333799132,-0.0257772528912273,0.4658929093597923,0.4782848456835563,0.012391936323764
A06,5,39,76658,4,0,0.3670340712769961,0.4591786455185334,0.0921445742415372,0.5830459174985209,0.5649549258005886,-0.0180909916979322,0.4230001681413165,0.489541123369115,0.0665409552277985,0.5040302661427174,0.7270933027340316,0.2230630365913142
A06,5,42,82642,3,0,0.3518321242990358,0.2101557258082245,-0.1416763984908112,0.4342622233647537,0.4958867956335381,0.0616245722687843,0.303934298076262,0.3864676689826737,0.0825333709064117,0.3718911873668156,0.4629342029746222,0.0910430156078066
A06,5,44,86751,2,0,0.2312352088327816,0.4569916046818869,0.2257563958491052,0.2778656664814369,0.4038971968480286,0.1260315303665917,0.2442698570051983,0.273267589478988,0.0289977324737897,0.1935209615313887,0.3997792752724656,0.2062583137410769
A06,5,45,88657,2,0,0.5834331572484152,0.4394286402502005,-0.1440045169982146,0.3132807874537217,0.5453631885531968,0.2320824010994751,0.3833567408490229,0.3408844591531897,-0.0424722816958332,0.6141513967798213,0.6621098385808055,0.0479584418009841
A06,5,47,92699,4,0,0.6131633824021802,0.6563135458590607,0.0431501634568805,0.1867262779515661,0.800432713818344,0.6137064358667779,0.2573827471793251,0.5153589793772339,0.2579762321979088,0.3841102534174173,0.7443664912762201,0.3602562378588028
A06,5,48,94758,1,0,0.6496928778836357,0.6010387747608217,-0.048654103122814,0.3662584401083404,0.7060990833964192,0.3398406432880788,0.401618219583459,0.4282112477277814,0.0265930281443224,0.3680360668427754,0.755685247196561,0.3876491803537856
A06,6,2,2254,4,0,0.3016241536383241,0.3240978637481729,0.0224737101098487,0.461269966973878,0.3733617752179071,-0.0879081917559709,0.3013085353921338,0.3268321069117829,0.025523571519649,0.5492634347621975,0.4971850714215229,-0.0520783633406746
A06,6,3,4172,1,0,0.3399049772592338,0.5034379599050892,0.1635329826458554,0.3332242633473411,0.3944526715514859,0.0612284082041447,0.401307643137207,0.3528549802446521,-0.0484526628925548,0.2768301771461836,0.3778673208814903,0.1010371437353067
A06,6,4,6124,3,0,0.1969322864337535,0.3574141364853691,0.1604818500516155,0.2493067333594757,0.4280288227612476,0.1787220894017719,0.3328469772642122,0.3817367977163495,0.0488898204521373,0.3170843216670972,0.427710019631602,0.1106256979645047
A06,6,6,10243,4,0,0.4138501689669188,0.4595178534721555,0.0456676845052367,0.4102561889475419,0.2663430594463788,-0.143913129501163,0.3882742052468317,0.2532645592512688,-0.1350096459955628,0.5702857651571362,0.5376286872625134,-0.0326570778946228
A06,6,7,12160,1,0,0.4429389028025688,0.5465878103622756,0.1036489075597067,0.4783005566072378,0.4265910702774821,-0.0517094863297556,0.3146916537907099,0.342652925966999,0.027961272176289,0.1723989919119026,0.5681994994276305,0.3958005075157278
A06,6,8,14210,1,0,0.4613095402783306,0.09253143360056,-0.3687781066777706,0.253192371814998,0.5580756640579542,0.3048832922429561,0.2478171685929626,0.3267686439214649,0.0789514753285022,0.2328241899098828,0.2462241522344515,0.0133999623245686
A06,6,9,16141,3,0,0.3907759905963907,0.6104652322273003,0.2196892416309096,0.4586857865898401,0.4804768299419767,0.0217910433521366,0.3117224733178907,0.2867629971172937,-0.0249594762005969,0.2819064521485427,0.4035688681667057,0.1216624160181629
A06,6,10,18139,2,0,0.360214717371866,0.1742352193281441,-0.1859794980437218,0.3755284519834531,0.4268719062788131,0.0513434542953599,0.2252784711002024,0.2459363775832266,0.0206579064830242,0.5923963412659516,0.4186340462397692,-0.1737622950261824
A06,6,11,20045,4,0,0.3086704922924549,0.333912885546702,0.025242393254247,0.4933618200414322,0.4575600821871509,-0.0358017378542813,0.2362850438489099,0.3758741112773568,0.1395890674284468,0.4426454529520622,0.4024484733456011,-0.040196979606461
A06,6,12,21940,4,0,0.7559441407231866,0.5309590667703504,-0.2249850739528361,0.5841544749981634,0.3663034169692219,-0.2178510580289415,0.354406794637253,0.2670531801978012,-0.0873536144394517,0.2040636206419746,0.4731060261631291,0.2690424055211545
A06,6,13,23912,4,0,0.3800255462907587,0.7778321772068555,0.3978066309160967,0.2155573049152535,0.4773593913739005,0.261802086458647,0.3384411746344603,0.3078570476379649,-0.0305841269964953,0.2779245105067536,0.4723638420619865,0.1944393315552329
A06,6,14,25856,2,0,0.1656449322556156,0.413410475357684,0.2477655431020683,0.333609178168022,0.5588279004345625,0.2252187222665405,0.3110491346987479,0.3514161682380496,0.0403670335393016,0.5511672551479789,0.3256831110988747,-0.2254841440491042
A06,6,15,27823,1,0,0.381249641677838,0.4670492475307684,0.0857996058529304,0.5136276440055173,0.50307045103691,-0.0105571929686073,0.3928098224087574,0.2562021500578054,-0.136607672350952,0.3201368895093819,0.3391415589534617,0.0190046694440798
A06,6,16,29943,3,0,0.6542019879222615,0.7337910110206567,0.0795890230983952,0.3545597449626618,0.2852751912495571,-0.0692845537131047,0.2468988547977157,0.3079048755899565,0.0610060207922408,0.3286060059975123,0.3302498839081965,0.0016438779106841
A06,6,17,31951,2,0,0.463972688010425,0.3405384700726457,-0.1234342179377793,0.3010958005269856,0.3557272409573043,0.0546314404303186,0.2848811622753981,0.3402684572215487,0.0553872949461506,0.2558244048526562,0.4020855815044449,0.1462611766517887
A06,6,18,34017,4,0,0.3241016340368777,0.3070090262585904,-0.0170926077782873,0.4169085183170451,0.2683037673865009,-0.1486047509305441,0.3620841437853624,0.1618712685536664,-0.2002128752316959,0.30327344011808,0.5036683321731485,0.2003948920550685
A06,6,19,36053,1,0,0.4725062309676345,0.3078770539849357,-0.1646291769826987,0.3839155299430626,0.5011695928870622,0.1172540629439995,0.3511702412452454,0.3941412383668347,0.0429709971215893,0.2679851319759155,0.3414771190329921,0.0734919870570766
A06,6,20,38119,4,0,0.3734829127349072,0.4359837851596376,0.0625008724247304,0.557985320960624,0.3946996280411314,-0.1632856929194926,0.2872895388587876,0.4269383744990625,0.1396488356402748,0.1990488794999467,0.4155111645344297,0.216462285034483
A06,6,21,40189,3,0,0.333870111834489,0.3394822790364101,0.005612167201921,0.6861700144494953,0.5655107008855005,-0.1206593135639948,0.4587488206896016,0.3417066151612218,-0.1170422055283797,0.6367220767083948,0.4609486554944274,-0.1757734212139673
A06,6,22,42269,2,0,0.5364033828793716,0.4579500764446522,-0.0784533064347194,0.4787007481048482,0.389604013856434,-0.0890967342484141,0.4096571332070707,0.191461208058026,-0.2181959251490447,0.7200335972829006,0.3812945021414219,-0.3387390951414786
A06,6,23,44181,4,0,0.3679456573410506,0.3497161987569092,-0.0182294585841414,0.2609966925656389,0.3430946424132987,0.0820979498476598,0.2296934409965716,0.3653321211791852,0.1356386801826135,0.2234665564300239,0.4568274612808558,0.2333609048508318
A06,6,24,46212,4,0,0.7530494237433916,0.3891588690711466,-0.3638905546722449,0.2053130565875863,0.5244206445259382,0.3191075879383518,0.2732599693628151,0.3327292967029667,0.0594693273401515,0.3059586116985574,0.3910608869864322,0.0851022752878748
A06,6,25,48165,1,0,0.6032471430263603,0.4067657021621138,-0.1964814408642464,0.3776476449852974,0.4388831557345373,0.0612355107492398,0.1977308447050039,0.4027076418656864,0.2049767971606824,0.3335734828552508,0.2507435209585346,-0.0828299618967162
A06,6,26,50126,2,0,0.4193681798792467,0.4344484263987248,0.0150802465194781,0.2693182397141845,0.435613279275633,0.1662950395614484,0.2299011992648446,0.3188101058713884,0.0889089066065438,0.35266153620978,0.5435489066366128,0.1908873704268328
A06,6,27,52230,2,0,0.4847537495490444,0.183273760571025,-0.3014799889780193,0.5650533099607287,0.4570339200582219,-0.1080193899025067,0.1480948272168737,0.3263098885449569,0.1782150613280832,0.6659982961886605,0.4954876205516649,-0.1705106756369955
A06,6,28,54234,3,0,0.3246145316986987,0.5704806201494571,0.2458660884507583,0.4640555370344056,0.6584409411909861,0.1943854041565804,0.4599255988240903,0.1964694239939921,-0.2634561748300982,0.4050656439756519,0.4261261183203774,0.0210604743447254
A06,6,29,56209,4,0,0.362379034785766,0.5160468325590217,0.1536677977732556,0.3692626229958378,0.3993104260446504,0.0300478030488126,0.1343266345951893,0.2417920000988684,0.107465365503679,0.4299320108921384,0.5091299953353989,0.0791979844432605
A06,6,30,58235,2,0,0.3661973268867756,0.3818722820629315,0.0156749551761559,0.2120894450891803,0.2977432276158339,0.0856537825266536,0.2231598687776027,0.3804451093492084,0.1572852405716056,0.2834354999209948,0.3041490575245073,0.0207135576035124
A06,6,31,60306,1,0,0.3257490675404625,0.4483431621436115,0.1225940946031489,0.3396681609205331,0.4578832820669154,0.1182151211463822,0.3082413656795002,0.3449706278803318,0.0367292622008315,0.3618296848667968,0.3337984784171166,-0.0280312064496802
A06,6,32,62413,1,0,0.0598296925083975,0.5654978464251075,0.5056681539167099,0.3954347837210826,0.5916717540600802,0.1962369703389975,0.4096402649566136,0.3876526357031833,-0.0219876292534302,0.467478561958767,0.5006282553361228,0.0331496933773557
A06,6,33,64505,4,0,0.0693995984658916,0.3122824699301598,0.2428828714642681,0.3089957614734878,0.4093022573312921,0.1003064958578043,0.2844560852552429,0.2496205562543516,-0.0348355290008913,0.3593902642795092,0.6037074453210864,0.2443171810415772
A06,6,34,66596,2,0,0.2598660138978632,0.1409165835953175,-0.1189494303025457,0.3215162471537853,0.2766016116088104,-0.0449146355449749,0.156661045349648,0.3551712904339645,0.1985102450843165,0.1726603815884302,0.3656804517181968,0.1930200701297666
A06,6,35,68639,1,0,0.5330648963898322,0.4998749809084189,-0.0331899154814133,0.4979744016980425,0.4639812108216706,-0.0339931908763718,0.319047649129167,0.3049740572683011,-0.0140735918608658,0.3228947662002618,0.3214241442027067,-0.001470621997555
A06,6,36,70703,3,0,0.615134599584451,0.2724389248633072,-0.3426956747211439,0.5394771204894039,0.5418750981919798,0.0023979777025758,0.321258277226888,0.3540591229403078,0.0328008457134197,0.3490643770954101,0.4462462764819132,0.0971818993865031
A06,6,38,74695,2,0,0.6462884893104842,0.3821351213564199,-0.2641533679540642,0.3518164042269072,0.5660261545783125,0.2142097503514052,0.2680127630686369,0.3392342992529764,0.0712215361843395,0.3922159399453443,0.3451281502141383,-0.047087789731206
A06,6,39,76658,3,0,0.3268510555313957,0.4146101790111463,0.0877591234797505,0.3995871901948782,0.7840781771532536,0.3844909869583753,0.3098370618759075,0.3423549772238107,0.0325179153479032,0.4743430936100244,0.4948664200008307,0.0205233263908062
A06,6,40,78583,1,0,0.5815696008680623,0.3049329752925717,-0.2766366255754906,0.5119783724723018,0.3125914525202388,-0.199386919952063,0.3639527429504138,0.1767360827551184,-0.1872166601952953,0.5245792433641961,0.5754322643924394,0.0508530210282432
A06,6,41,80664,4,0,0.3284842875162284,0.4877595771779733,0.1592752896617449,0.4388051693525774,0.2380506664651875,-0.2007545028873899,0.2445926489647744,0.2830980220525727,0.0385053730877982,0.2204240556587178,0.3974342827475918,0.1770102270888739
A06,6,42,82642,3,0,0.2696297560869381,0.4719734680020103,0.2023437119150721,0.5782519882203313,0.4730714486884917,-0.1051805395318395,0.3483435896934213,0.314730728315925,-0.0336128613774963,0.4986870389460731,0.5386338988369964,0.0399468598909233
A06,6,43,84632,3,0,0.5376697966149765,0.6384165543938035,0.100746757778827,0.1618793711158523,0.4843104719287129,0.3224311008128605,0.2828538376750706,0.4055639701071752,0.1227101324321046,0.4725368533172746,0.5788808984662343,0.1063440451489596
A06,6,44,86751,3,0,0.4291287471574141,0.371580451151595,-0.0575482960058191,0.4526863834144897,0.5652700621860612,0.1125836787715715,0.4604075477250997,0.3080187160927671,-0.1523888316323325,0.5160590496605054,0.3609188353588886,-0.1551402143016168
A06,6,45,88657,3,0,0.399534643248138,0.4933443769004774,0.0938097336523394,0.6233440826947895,0.5322981067436846,-0.0910459759511048,0.3539544340144612,0.3013360848699654,-0.0526183491444957,0.2190314667040077,0.3382747211704356,0.1192432544664279
A06,6,47,92699,2,0,0.494015582454983,0.469434017852189,-0.0245815646027939,0.5384655735213041,0.2932418287363809,-0.2452237447849231,0.3313860282444727,0.4016264100915068,0.0702403818470341,0.3516610611469288,0.4171871255986407,0.0655260644517118
A06,7,4,6124,3,0,0.5564500189204064,0.3718194041230931,-0.1846306147973132,0.3532505638457261,0.4912327960039799,0.1379822321582537,0.3022814674051139,0.3424685660225395,0.0401870986174255,0.3471775077948781,0.4224804566671383,0.0753029488722601
A06,7,5,8132,3,0,0.4665887997700085,0.5048303756434638,0.0382415758734552,0.4721189368373614,0.4495870374862078,-0.0225318993511535,0.1863149996103409,0.3851398949028886,0.1988248952925476,0.24968017470009,0.5747313456832416,0.3250511709831516
A06,7,6,10243,2,0,0.3553735702764397,0.1143204429971782,-0.2410531272792614,0.3599312552210006,0.4328583670688118,0.0729271118478112,0.4169274387906775,0.2984573960199614,-0.1184700427707161,0.545455058630999,0.4290635009874624,-0.1163915576435365
A06,7,7,12160,3,0,0.445691477461524,0.3301705796313899,-0.115520897830134,0.4121870188196762,0.4199434553503979,0.0077564365307216,0.3989376559167977,0.3021245831449513,-0.0968130727718463,0.2908359581119454,0.497636808738528,0.2068008506265826
A06,7,8,14210,4,0,0.3322692313535517,0.5957330198435219,0.2634637884899702,0.4779828031129383,0.4667206919155612,-0.0112621111973771,0.3152156399016209,0.366676876244304,0.0514612363426831,0.3631321079517104,0.5337338301301611,0.1706017221784506
A06,7,10,18139,4,0,0.4796853558891107,0.5246760766915074,0.0449907208023966,0.3976112671857598,0.4487588927134176,0.0511476255276577,0.2338173817433811,0.2685420873446005,0.0347247056012193,0.3128979613941676,0.4482093099338084,0.1353113485396407
A06,7,11,20045,1,0,0.1153629183817742,0.3883438246413524,0.2729809062595781,0.2637714442851836,0.5023899176346817,0.238618473349498,0.5062188361030676,0.37130316439566,-0.1349156717074076,0.2492403360752125,0.511093942865527,0.2618536067903144
A06,7,12,21940,1,0,0.2700379501708397,0.2482609098758944,-0.0217770402949453,0.4692691723386958,0.2648355700533477,-0.2044336022853481,0.1740764758890838,0.3652097469764879,0.191133271087404,0.1978491222366064,0.3449419982369015,0.147092876000295
A06,7,13,23912,2,0,0.5813863812306916,0.3938545888208787,-0.1875317924098129,0.6632048454721382,0.6009413881134088,-0.0622634573587294,0.3183354324330589,0.4545403642974542,0.1362049318643953,0.2644204807833222,0.4759055665691199,0.2114850857857977
A06,7,14,25856,4,0,0.2994892645031157,0.3339894977154521,0.0345002332123364,0.476707670809159,0.6181126355400665,0.1414049647309074,0.3639328579677731,0.3441998743373733,-0.0197329836303997,0.4012817386637972,0.425230973944824,0.0239492352810268
A06,7,15,27823,3,0,0.6355172010162559,0.5327382143510737,-0.1027789866651821,0.3372556740012994,0.6750297008424022,0.3377740268411028,0.4406554699063564,0.4402834632282211,-0.0003720066781353,0.4337321071086734,0.5207491981218844,0.0870170910132109
A06,7,16,29943,2,0,0.7573812302734646,0.197549614624764,-0.5598316156487005,0.5843358940558355,0.5241713433611527,-0.0601645506946828,0.2953228550024555,0.3413375048055566,0.046014649803101,0.4221570005238965,0.4310114765826005,0.0088544760587039
A06,7,17,31951,4,0,0.5476170153000035,0.4540030255546948,-0.0936139897453086,0.2130299226270774,0.5624964143605816,0.3494664917335042,0.3759056278112012,0.3453758846106099,-0.0305297432005913,0.2581755462838528,0.6556254427361348,0.3974498964522819
A06,7,18,34017,3,0,0.5539162190394852,0.4535132516890313,-0.1004029673504538,0.3366733766533965,0.2528381414847951,-0.0838352351686014,0.2340101374327159,0.2614053526387578,0.0273952152060418,0.1722922714446343,0.4190527294210647,0.2467604579764304
A06,7,20,38119,3,0,0.7772397384288976,0.3926473805876947,-0.3845923578412029,0.1520575147353874,0.6342763618876733,0.4822188471522859,0.1843736085276444,0.354025363931418,0.1696517554037735,0.2634260789589137,0.549871800741809,0.2864457217828953
A06,7,22,42269,2,0,0.7880276622423114,0.3405547872807816,-0.4474728749615297,0.3540172921943408,0.3962703626622123,0.0422530704678714,0.3031118008150327,0.2911165101252807,-0.0119952906897519,0.168218312227953,0.4967771795208404,0.3285588672928873
A06,7,23,44181,2,0,0.6018511385810532,0.38662223850015,-0.2152289000809032,0.2472917164151138,0.5005447449644493,0.2532530285493355,0.4113489440764359,0.4875625686279595,0.0762136245515235,0.428008923477522,0.3408032178236411,-0.0872057056538809
A06,7,24,46212,4,0,0.429736224320083,0.3101442094919341,-0.1195920148281488,0.3072492873701518,0.308606545118878,0.0013572577487261,0.0921037821923821,0.2071208109857511,0.1150170287933689,0.2456655789674495,0.5269550518258928,0.2812894728584432
A06,7,25,48165,1,0,0.3699094266391158,0.3577297877188743,-0.0121796389202414,0.2514793035854079,0.2786719496101968,0.0271926460247889,0.3935008723667937,0.2909295881026086,-0.102571284264185,0.3301326531424162,0.2322254057927982,-0.0979072473496179
A06,7,26,50126,2,0,0.2685864425598596,0.5444467237822961,0.2758602812224365,0.4248603766956062,0.5746407671153494,0.1497803904197431,0.462570329081405,0.4387208095390843,-0.0238495195423206,0.4358132560515371,0.4990994108014418,0.0632861547499046
A06,7,27,52230,2,0,0.2958017406844545,0.3480921009408926,0.0522903602564381,0.4738025606812472,0.4474552298761579,-0.0263473308050893,0.4155040942271419,0.4098476666182021,-0.0056564276089398,0.5289242063562601,0.4482146320697677,-0.0807095742864924
A06,7,28,54234,2,0,0.1803574803541037,0.3283222874337799,0.1479648070796761,0.3676292538765343,0.3227196353515906,-0.0449096185249436,0.3560051662393283,0.4260541132914838,0.0700489470521554,0.3218807067351021,0.5043454631594477,0.1824647564243455
A06,7,29,56209,3,0,0.5440603316544369,0.4150978705376174,-0.1289624611168195,0.4824583487946633,0.3508236976358511,-0.1316346511588122,0.3830840174489028,0.304684583548361,-0.0783994339005418,0.5173823747759289,0.3923477654926347,-0.1250346092832941
A06,7,30,58235,4,0,0.2146343708809822,0.3945719781727964,0.1799376072918141,0.3428887342445926,0.6768895182374642,0.3340007839928716,0.4737008035779309,0.3709432489637118,-0.102757554614219,0.5541531210296818,0.5978233140709356,0.0436701930412537
A06,7,31,60306,1,0,0.3807497178299676,0.3688137466660358,-0.0119359711639318,0.3695838902987478,0.2635821389653532,-0.1060017513333945,0.3339892502814318,0.3656305721093681,0.0316413218279363,0.4829301169656714,0.4506651056206294,-0.032265011345042
A06,7,32,62413,4,0,0.5103749734073304,0.4946407252656957,-0.0157342481416346,0.5110898511617583,0.4833468716909023,-0.0277429794708559,0.4061535654085261,0.4033312629381395,-0.0028223024703866,0.6770226342127988,0.4988628028797262,-0.1781598313330726
A06,7,33,64505,1,0,0.4860460229161208,0.4643742677878115,-0.0216717551283093,0.4357469432459843,0.4085694301373907,-0.0271775131085936,0.1465370472006848,0.4177248749294721,0.2711878277287872,0.4683428348671254,0.4919487563952688,0.0236059215281433
A06,7,37,72723,1,0,0.517443179395415,0.4783075679514302,-0.0391356114439847,0.2938064513615775,0.2908788284354381,-0.0029276229261393,0.3102988514633745,0.3656322270983486,0.055333375634974,0.2859763155699543,0.5746660764843545,0.2886897609144002
A06,7,38,74695,3,0,0.4061763209415117,0.2954862946902425,-0.1106900262512692,0.2815769520517177,0.5193129156950911,0.2377359636433734,0.4196619245901823,0.3358695300277717,-0.0837923945624105,0.6177301125321267,0.5509453852793921,-0.0667847272527346
A06,7,39,76658,1,0,0.4714635724908613,0.4450147833815561,-0.0264487891093052,0.3017787173441076,0.4500171282876674,0.1482384109435597,0.3972325618970269,0.3411206854987851,-0.0561118763982417,0.4865987660472624,0.6254978223223052,0.1388990562750428
A06,7,41,80664,3,0,0.4818309527627798,0.5204783854515608,0.0386474326887809,0.2699365310365048,0.3185385029846624,0.0486019719481575,0.38124681619826,0.4501196635656247,0.0688728473673646,0.2851447034599013,0.6342274677318667,0.3490827642719653
A06,7,45,88657,2,0,0.3738380588932379,0.3091773006595947,-0.0646607582336432,0.4534222029082033,0.3945274621954825,-0.0588947407127207,0.6967327046597772,0.354103264822716,-0.3426294398370612,0.6483415309224111,0.5593197299458061,-0.0890218009766049
A06,7,46,90585,4,0,0.1622022738119816,0.3523383235722318,0.1901360497602501,0.5044230859334738,0.4976381938805909,-0.0067848920528829,0.2818711375385154,0.3816741158753979,0.0998029783368825,0.5838864739253877,0.6293120658996652,0.0454255919742774
A06,7,48,94758,3,0,0.6002931116417916,0.3691687932685704,-0.2311243183732211,0.4859100402911727,0.4250051677076018,-0.0609048725835708,0.4550401011559942,0.4004433467896947,-0.0545967543662995,0.5374688912786769,0.6819253128786427,0.1444564215999657
A06,8,3,4172,4,0,0.4486233848869495,0.384077310463416,-0.0645460744235335,0.4784334057938522,0.251139532784458,-0.2272938730093941,0.5577270262758264,0.3395785168752309,-0.2181485094005954,0.4889434027148614,0.325844455663158,-0.1630989470517034
A06,8,4,6124,2,0,0.3581275646062823,0.3942235245656685,0.0360959599593862,0.5765919424494085,0.5527489996362441,-0.0238429428131643,0.3104723586783016,0.4011215432311946,0.090649184552893,0.2915869050513062,0.3295630444997746,0.0379761394484684
A06,8,5,8132,4,0,0.6519979162654609,0.5251962907799882,-0.1268016254854727,0.2220016566494754,0.4914515898532802,0.2694499332038048,0.1383117168056142,0.2433645912412688,0.1050528744356546,0.2079346901045431,0.316233168783063,0.1082984786785199
A06,8,6,10243,1,0,0.5953831790226685,0.387141431302489,-0.2082417477201794,0.3449042128981279,0.4559892083803573,0.1110849954822293,0.2446937995644421,0.1565235685843992,-0.0881702309800428,0.3172428862420627,0.2988214424223755,-0.0184214438196872
A06,8,7,12160,1,0,0.4366388914249365,0.2456623333304619,-0.1909765580944745,0.242135904605051,0.1815949050223388,-0.0605409995827122,0.2333674690712374,0.3174269636500406,0.0840594945788031,0.2387453729352132,0.4903269888406508,0.2515816159054376
A06,8,8,14210,3,0,0.1817609362797663,0.5015499816110369,0.3197890453312705,0.5895269354573012,0.5753102724092202,-0.014216663048081,0.3018739235169834,0.3021051434818262,0.0002312199648428,0.4387155776115647,0.2433530476825882,-0.1953625299289764
A06,8,9,16141,3,0,0.5866325036064194,0.2735895014651125,-0.3130430021413068,0.528160906677423,0.550254155396351,0.022093248718928,0.334963925704045,0.3124924336440958,-0.0224714920599491,0.381888815605214,0.4050386600555647,0.0231498444503507
A06,8,10,18139,2,0,0.759805497445359,0.5651404954595031,-0.1946650019858559,0.29219924969444,0.3112154848095472,0.0190162351151072,0.3576396874056299,0.3946280425774103,0.0369883551717803,0.3645029109017308,0.2717205555900587,-0.0927823553116721
A06,8,11,20045,4,0,0.7502251064391035,0.5760322491727922,-0.1741928572663112,0.2196169616440155,0.6224338178223094,0.4028168561782939,0.3131644610044456,0.2876676578613479,-0.0254968031430977,0.1268591001988591,0.2998095888993197,0.1729504887004606
A06,8,12,21940,2,0,0.4877225711426287,0.4476938958073341,-0.0400286753352945,0.5386457523263367,0.7121859053726055,0.1735401530462688,0.2751206042332947,0.2080296757824556,-0.0670909284508391,0.074859161770907,0.1241093428578066,0.0492501810868995
A06,8,13,23912,2,0,0.3698129539896418,0.1962351365800818,-0.17357781740956,0.5306693303622019,0.5169504207229902,-0.0137189096392116,0.4218216619004847,0.399947020090667,-0.0218746418098176,0.2086364088466635,0.3338961674007986,0.125259758554135
A06,8,14,25856,1,0,0.7480359003482666,0.4363138712836139,-0.3117220290646527,0.5762971756674994,0.4326394918723576,-0.1436576837951417,0.3759431261598133,0.268521648659154,-0.1074214775006592,0.2219818850173709,0.1916430293837424,-0.0303388556336284
A06,8,15,27823,2,0,0.6143574505745264,0.3491181983712902,-0.2652392522032361,0.2891680518125233,0.4169180682474414,0.127750016434918,0.3013091643326282,0.2776233101665719,-0.0236858541660563,0.4077043383120105,0.1175454469670367,-0.2901588913449738
A06,8,16,29943,4,0,0.5904215720448056,0.1556921370475694,-0.4347294349972362,0.3242675350237978,0.5032042825699443,0.1789367475461464,0.3730122563566546,0.3127305186598064,-0.0602817376968481,0.3325598958837426,0.3677923133325045,0.0352324174487619
A06,8,17,31951,4,0,0.5001559881783575,0.3628054564829292,-0.1373505316954282,0.2969774473521727,0.3355224070017814,0.0385449596496086,0.1864570815798712,0.3128965552669886,0.1264394736871174,0.1565837584935926,0.378526997550291,0.2219432390566983
A06,8,18,34017,2,0,0.3963905178153855,0.4842077041820928,0.0878171863667073,0.4167710484373602,0.4819475798306256,0.0651765313932654,0.1728954186285582,0.2078925598138029,0.0349971411852446,0.2686144090992503,0.2197198499762765,-0.0488945591229737
A06,8,19,36053,2,0,0.5115271391752412,0.5326154572739521,0.0210883180987109,0.2979531619746218,0.6245990827907092,0.3266459208160874,0.1891622890159094,0.4305462218063388,0.2413839327904294,0.0856066939105684,0.524553096466222,0.4389464025556535
A06,8,20,38119,2,0,0.5657851268809889,0.2585112600391547,-0.3072738668418341,0.5449043867737171,0.4321215889292207,-0.1127827978444963,0.2243935721478254,0.4093374759850036,0.1849439038371781,0.521547234150362,0.2682781118059318,-0.2532691223444301
A06,8,21,40189,2,0,0.473654012546625,0.4165962171783007,-0.0570577953683242,0.7000127618312645,0.4632725425875987,-0.2367402192436657,0.2264524026208015,0.2327783840418438,0.0063259814210423,0.1770676096471869,0.3801977085716124,0.2031300989244255
A06,8,22,42269,4,0,0.4572942310150997,0.2785192588049698,-0.1787749722101299,0.4504883830734901,0.3464149433358734,-0.1040734397376166,0.2923012352461341,0.2590152751731854,-0.0332859600729487,0.5630528585519666,0.2158580465983288,-0.3471948119536377
A06,8,23,44181,4,0,0.6127590622859584,0.4928172744099124,-0.1199417878760459,0.6208418308281144,0.5271405283520915,-0.0937013024760229,0.1420727721678827,0.30839108712664,0.1663183149587573,0.2591158774522851,0.1905051034954373,-0.0686107739568478
A06,8,24,46212,3,0,0.2011946315827233,0.4304656232306521,0.2292709916479287,0.4799471638690892,0.727949084269537,0.2480019204004477,0.4098555253312096,0.3244178808556271,-0.0854376444755825,0.2441153875587684,0.5063191043219476,0.2622037167631791
A06,8,25,48165,4,0,0.3418350963177473,0.5331439040420768,0.1913088077243295,0.1997632568798568,0.4103189937695842,0.2105557368897274,0.2693197588365713,0.327993398756193,0.0586736399196217,0.1715259426970669,0.3943171975429856,0.2227912548459187
A06,8,26,50126,1,0,0.7251535882025653,0.5123546593593218,-0.2127989288432434,0.2183437073701586,0.6847737379874407,0.466430030617282,0.3092109470003988,0.3058310545196718,-0.003379892480727,0.3822136181523286,0.2740375833974434,-0.1081760347548851
A06,8,27,52230,2,0,0.8362307198164273,0.3922671884815419,-0.4439635313348853,0.5109867517478792,0.3565462719292392,-0.1544404798186399,0.2699412034688077,0.3883116132069745,0.1183704097381668,0.2866736330788443,0.3207054576716506,0.0340318245928063
A06,8,28,54234,3,0,0.5306724991744389,0.4768237318151804,-0.0538487673592584,0.4704568411336384,0.4090066800342328,-0.0614501610994056,0.3295521314547232,0.3230056766346486,-0.0065464548200745,0.6004499066917999,0.7728128834536185,0.1723629767618186
A06,8,29,56209,2,0,0.4256677873038086,0.536523369887881,0.1108555825840723,0.3769767552574263,0.4445352915046997,0.0675585362472733,0.198577216163205,0.5132984948409727,0.3147212786777676,0.7368478625990962,0.7518304754144186,0.0149826128153224
A06,8,30,58235,1,0,0.7459145166412703,0.2326650995837923,-0.513249417057478,0.526940499519435,0.4581085847729099,-0.0688319147465251,0.3370536549413497,0.3564404034048126,0.0193867484634628,0.4417592887406602,0.3689533623262153,-0.0728059264144449
A06,8,31,60306,4,0,0.6237386339208782,0.4914000014841075,-0.1323386324367707,0.4327189997420443,0.7438745776451968,0.3111555779031525,0.5608931437382497,0.4384749166806623,-0.1224182270575874,0.2701768268241288,0.5922265206126338,0.322049693788505
A06,8,32,62413,1,0,0.4038330070960288,0.4751762016880967,0.0713431945920679,0.338979456016772,0.3188317930429213,-0.0201476629738506,0.1330711464455526,0.3253483167806228,0.1922771703350702,0.1820174712703455,0.3900658499054983,0.2080483786351527
A06,8,33,64505,4,0,0.2873592389553012,0.4907829258788857,0.2034236869235845,0.2027710497767139,0.7052913368191945,0.5025202870424805,0.3974806118341022,0.2520933503337904,-0.1453872615003117,0.4117003904907412,0.5258181817732924,0.1141177912825512
A06,8,34,66596,1,0,0.5627355669433933,0.2379046870521524,-0.3248308798912409,0.328696646459482,0.1862779315969237,-0.1424187148625582,0.3421428990133481,0.4011957915637719,0.0590528925504237,0.3231752261557706,0.7578716014942738,0.4346963753385031
A06,8,35,68639,1,0,0.477718390603306,0.3673201157289439,-0.1103982748743621,0.4200856370394254,0.3948663902408698,-0.0252192467985555,0.3082701271084198,0.2787551058334529,-0.0295150212749668,0.4161909501884472,0.3188991176307514,-0.0972918325576958
A06,8,37,72723,1,0,0.3139643299075765,0.2465979360744678,-0.0673663938331087,0.3188751388226022,0.4517857171480605,0.1329105783254582,0.1603002793850752,0.3672940666069826,0.2069937872219074,0.3730274622100114,0.4999896127938302,0.1269621505838188
A06,8,38,74695,3,0,0.7588758122456433,0.4590394963975865,-0.2998363158480567,0.3795117487407111,0.6561063944021204,0.2765946456614093,0.2357445903697447,0.2730893011499981,0.0373447107802533,0.3715951049715271,0.4201624710402706,0.0485673660687435
A06,8,40,78583,4,0,0.6507050453394869,0.4921022509491056,-0.1586027943903813,0.4766909676343584,0.5117940830867006,0.0351031154523421,0.3416565768437139,0.1843608239349501,-0.1572957529087637,0.2255783941066595,0.310259346173225,0.0846809520665654
A06,8,41,80664,2,0,0.4029457674164128,0.6736891201589507,0.2707433527425378,0.187270874191527,0.6212008328456172,0.4339299586540901,0.1819232758522629,0.3323172434533064,0.1503939676010435,0.3880584697976535,0.3041297270464778,-0.0839287427511756
A06,8,42,82642,3,0,0.2849213746962498,0.2635617221385566,-0.0213596525576931,0.2596592530383481,0.2390830928562184,-0.0205761601821296,0.2240934601124866,0.2456947496867245,0.0216012895742379,0.4715126804356273,0.2404863846296765,-0.2310262958059507
A06,8,43,84632,3,0,0.4297684316137182,0.5651819765657757,0.1354135449520574,0.3387423963031746,0.6006719784205746,0.2619295821174,0.2745215613648141,0.3636937241953415,0.0891721628305274,0.6679747729995719,0.5049510717924764,-0.1630237012070954
A06,8,44,86751,3,0,0.1506219592597779,0.4537311714055689,0.3031092121457909,0.2107547273021818,0.4511017927171262,0.2403470654149443,0.2336541852719778,0.3887741467195648,0.155119961447587,0.6057666762190584,0.343501914450312,-0.2622647617687464
A06,8,45,88657,4,0,0.4110001935977722,0.5534633046477229,0.1424631110499506,0.3254628652182488,0.5295020154608172,0.2040391502425683,0.2899743232406627,0.4238807689544207,0.133906445713758,0.2935906525803756,0.6554122823887442,0.3618216298083686
A06,8,46,90585,3,0,0.5985854403003968,0.3210981993338252,-0.2774872409665716,0.7402970405654615,0.4550287755878635,-0.285268264977598,0.1865690400603214,0.2823761799649057,0.0958071399045843,0.3500207158787309,0.3495266452030409,-0.00049407067569
A06,8,47,92699,1,0,0.4818924593443726,0.5759417502956533,0.0940492909512806,0.3193946417373711,0.4201909445213268,0.1007963027839557,0.2148683928033219,0.4306362707769856,0.2157678779736637,0.1627563270481029,0.3266818877342144,0.1639255606861114
A06,8,48,94758,3,0,0.3580938039461346,0.1671997238967977,-0.1908940800493369,0.3582808555490468,0.5158750280406568,0.1575941724916099,0.289025311396574,0.2819520645936065,-0.0070732468029675,0.2848285101815709,0.3433584974456174,0.0585299872640464
A07,3,1,251,1,0,0.4302973028106395,0.2073487401664675,-0.222948562644172,0.3470923087927258,0.2752792720022122,-0.0718130367905136,0.1413565777961725,0.2697516081523208,0.1283950303561482,0.1100981296664933,0.0411287605384553,-0.068969369128038
A07,3,2,2254,2,0,0.4772839547789257,0.3503559701311739,-0.1269279846477518,0.485162503051903,0.1908636477345131,-0.2942988553173898,0.2993739056705214,0.2406815809703235,-0.0586923247001978,0.1438639839753525,0.3027143423652867,0.1588503583899342
A07,3,3,4172,2,0,0.4398355579867444,0.1697517363807168,-0.2700838216060275,0.3706014024529995,0.2978813800706482,-0.0727200223823513,0.0822574602743058,0.1840972869943384,0.1018398267200325,0.1601853535920052,0.0748224850328905,-0.0853628685591146
A07,3,4,6124,1,0,0.6257132861157417,0.4402225530324212,-0.1854907330833205,0.4671792733577175,0.2367330698936425,-0.2304462034640749,0.2328578713255383,0.2767017984211285,0.0438439270955901,0.1717671345041506,0.218877203873483,0.0471100693693323
A07,3,5,8132,2,0,0.541651775636143,0.1968345665243018,-0.3448172091118411,0.4209906112585192,0.4925575310324951,0.0715669197739759,0.1636870632424297,0.2808044288013338,0.117117365558904,0.0938261977726813,0.1168679299414559,0.0230417321687746
A07,3,6,10243,1,0,0.3630965534098597,0.3612202259908638,-0.0018763274189959,0.3859548430680172,0.6399131770068481,0.2539583339388309,0.0902457799654026,0.3196276548339669,0.2293818748685642,0.1693530457162861,0.1885032482661647,0.0191502025498786
A07,3,7,12160,2,0,0.4961460139581722,0.4754521666600486,-0.0206938472981236,0.2102854811228068,0.2334273107794375,0.0231418296566307,0.1956311798453193,0.2318991620847217,0.0362679822394023,0.1476078012606974,0.1628536463335865,0.0152458450728891
A07,3,8,14210,3,0,0.5022738219570168,0.3671875556330926,-0.1350862663239241,0.5625408645810647,0.611744239328282,0.0492033747472173,0.2843569347161651,0.2613754685973381,-0.022981466118827,0.1201302765763673,0.1267704385436801,0.0066401619673127
A07,3,9,16141,2,0,0.5750961281498875,0.5034411097570654,-0.0716550183928221,0.4587592159855096,0.3322448266686814,-0.1265143893168283,0.1943904823869147,0.200979875517552,0.0065893931306373,0.2032930460114425,0.1103373594677972,-0.0929556865436452
A07,3,11,20045,1,0,0.2979447492839495,0.3010520936015717,0.0031073443176222,0.4951067144108007,0.72105363402751,0.2259469196167092,0.110769413332701,0.1648025802469479,0.0540331669142468,0.0998605091406895,0.1043233767451916,0.004462867604502
A07,3,12,21940,3,0,0.2570876662511058,0.4005264531680612,0.1434387869169553,0.2767423719039492,0.3862445758366593,0.1095022039327101,0.2586903568236403,0.1598032788425054,-0.0988870779811349,0.0925877079943577,0.1406002898689785,0.0480125818746207
A07,3,13,23912,2,0,0.4215087629606476,0.4846066680034099,0.0630979050427623,0.4299483299806715,0.510530410125242,0.0805820801445704,0.194407942903384,0.2326956284544331,0.038287685551049,0.1521874934720416,0.1857633896385734,0.0335758961665317
A07,3,14,25856,1,0,0.7733618723368794,0.0738650030771416,-0.6994968692597376,0.2044688600799921,0.6565234501383667,0.4520545900583744,0.2265404644190169,0.2758519319201372,0.0493114675011202,0.1859582867327743,0.1848528274630851,-0.0011054592696891
A07,3,15,27823,4,0,0.5380371376414799,0.1447216395438574,-0.3933154980976224,0.3166975535788103,0.4152595924158834,0.0985620388370731,0.1634797195729694,0.2463232902112241,0.0828435706382547,0.1392468678478255,0.124224483523165,-0.0150223843246605
A07,3,16,29943,4,0,0.6458711066886418,0.2098421617478447,-0.4360289449407971,0.4312287037146288,0.3275665177218775,-0.1036621859927512,0.1745250891640165,0.1728928800044233,-0.0016322091595931,0.1168341321881585,0.1115648296502343,-0.0052693025379242
A07,3,17,31951,4,0,0.2939584977238413,0.1412793668638918,-0.1526791308599495,0.6125800631928471,0.390087101977118,-0.222492961215729,0.2328033100970035,0.2608266115233477,0.0280233014263442,0.2663672794036394,0.1463687226562215,-0.1199985567474179
A07,3,18,34017,4,0,0.4828561542824419,0.304819274047815,-0.1780368802346269,0.3959851874677628,0.6120822226466779,0.216097035178915,0.1584674395351915,0.2306074718354574,0.0721400323002659,0.1944799936985908,0.1960123110649227,0.0015323173663319
A07,3,19,36053,4,0,0.1671667343236609,0.3137861062605532,0.1466193719368922,0.4182614187915274,0.4344498387251039,0.0161884199335764,0.2686608061835933,0.3666971433422024,0.0980363371586091,0.0650477193750474,0.1548520348803811,0.0898043155053337
A07,3,20,38119,1,0,0.1641475272646725,0.3380118901726825,0.17386436290801,0.2950254932842912,0.4419100620437016,0.1468845687594103,0.1928280109123696,0.2212771124976699,0.0284491015853003,0.2905433461243931,0.2075915220952548,-0.0829518240291382
A07,3,21,40189,3,0,0.5161042907144959,0.382966873941659,-0.1331374167728369,0.3654583953376046,0.6451993834355552,0.2797409880979505,0.2846421537078639,0.3434398845288128,0.0587977308209489,0.2297961280406632,0.1906453820964724,-0.0391507459441908
A07,3,22,42269,2,0,0.5234513483062954,0.3084011992203497,-0.2150501490859456,0.3710599093718766,0.3923252376539828,0.0212653282821061,0.1613319106689294,0.2677240676129256,0.1063921569439961,0.1610024712985891,0.0896807593797541,-0.0713217119188349
A07,3,23,44181,1,0,0.5982933310214634,0.5481930682726819,-0.0501002627487815,0.2592803445295306,0.3764049309443709,0.1171245864148403,0.2861738575996296,0.2084024105165209,-0.0777714470831086,0.0465458249357335,0.1217481835896703,0.0752023586539368
A07,3,24,46212,1,0,0.1803460618122749,0.5181252010300413,0.3377791392177663,0.5327321724017421,0.6442531449243448,0.1115209725226027,0.2205182062419393,0.3113108387055034,0.090792632463564,0.1345609242574287,0.1046628643988531,-0.0298980598585756
A07,3,25,48165,3,0,0.4807192094434876,0.2892707073287038,-0.1914485021147838,0.2272284899345171,0.3405715410557674,0.1133430511212502,0.2277058197677733,0.2232824850624297,-0.0044233347053436,0.1367354958259887,0.0796365840105443,-0.0570989118154444
A07,3,26,50126,4,0,0.519159646112073,0.4881183449974918,-0.0310413011145811,0.3075633153563365,0.2318990100728309,-0.0756643052835055,0.2037427822346208,0.1028515600948684,-0.1008912221397524,0.1134742821517061,0.225860788251614,0.1123865060999079
A07,3,27,52230,1,0,0.3534092744607449,0.3011648587532978,-0.052244415707447,0.1023976218312341,0.4036773648467601,0.3012797430155259,0.1612704281146069,0.2342186959635865,0.0729482678489795,0.1913804036776629,0.241706362585786,0.050325958908123
A07,3,28,54234,3,0,0.2648715183000333,0.4344894373677232,0.1696179190676898,0.5017497986644398,0.2043968913643855,-0.2973529073000542,0.2385127792245255,0.2736988133104233,0.0351860340858977,0.0497685772424205,0.0963066983348613,0.0465381210924407
A07,3,29,56209,3,0,0.2429721903410857,0.3428132662676497,0.0998410759265639,0.5094935568238715,0.413109868335593,-0.0963836884882785,0.1628380204115829,0.3599161438965157,0.1970781234849328,0.0987599016735247,0.0809662209555438,-0.0177936807179809
A07,3,30,58235,3,0,0.3578732678515847,0.389198947536363,0.0313256796847783,0.6805704729090566,0.4101877932260999,-0.2703826796829566,0.2813915690193203,0.1541014890332337,-0.1272900799860865,0.1518280431646996,0.1354172289415059,-0.0164108142231937
A07,3,31,60306,1,0,0.4317278342513849,0.5079085441438378,0.0761807098924529,0.6684080545691768,0.2215851900845653,-0.4468228644846115,0.2244224533996506,0.4582579963311136,0.2338355429314629,0.209341926943518,0.1098885819364167,-0.0994533450071012
A07,3,32,62413,2,0,0.4374136084378972,0.1349594150407379,-0.3024541933971592,0.4605166073408022,0.3655512221160479,-0.0949653852247542,0.3221182694395366,0.1922229421308005,-0.129895327308736,0.1480636320275396,0.0333906943854095,-0.1146729376421301
A07,3,33,64505,1,0,0.4798137626166637,0.535498957909344,0.0556851952926802,0.2759719949257802,0.28287350060475,0.0069015056789697,0.2387188900315893,0.323550447211193,0.0848315571796036,0.1070007477829827,0.1334100171626717,0.0264092693796889
A07,3,34,66596,2,0,0.5126950509717442,0.4107786400870218,-0.1019164108847223,0.6099737729459751,0.3406948509233096,-0.2692789220226655,0.0656046804469287,0.2114226164080999,0.1458179359611711,0.2098063877142901,0.2512144384090128,0.0414080506947227
A07,3,35,68639,2,0,0.6332631004386883,0.4085868957304705,-0.2246762047082177,0.4773448797522123,0.4824671899494538,0.0051223101972415,0.1141333454382972,0.1660909995240109,0.0519576540857137,0.1438325456640443,0.1239776335840366,-0.0198549120800076
A07,3,36,70703,1,0,0.254216724571364,0.5012275557333472,0.2470108311619831,0.3806554036833089,0.1205224033021499,-0.260133000381159,0.0589477836401522,0.2083095180971902,0.149361734457038,0.1577889872459829,0.184496648540209,0.026707661294226
A07,3,37,72723,2,0,0.6989229061711244,0.268534423601995,-0.4303884825691294,0.7657747460991976,0.3963653036824316,-0.369409442416766,0.2227786707579038,0.2819857382468135,0.0592070674889096,0.2735108160732952,0.2318786633360101,-0.0416321527372851
A07,3,38,74695,3,0,0.5892321121581257,0.450296270963126,-0.1389358411949996,0.4869950898125345,0.3626651002315506,-0.1243299895809839,0.203520721363539,0.1481059035957987,-0.0554148177677402,0.144984355566935,0.1344553869753701,-0.0105289685915649
A07,3,39,76658,2,0,0.6111362081133412,0.1857284740833268,-0.4254077340300143,0.4884707189672503,0.3585533630683528,-0.1299173558988974,0.1481639430464615,0.247939645829194,0.0997757027827325,0.2115087467975664,0.1202955580077892,-0.0912131887897771
A07,3,40,78583,3,0,0.5524492973329035,0.3453272529273204,-0.207122044405583,0.3080960361410619,0.421960895979007,0.113864859837945,0.1724666929288717,0.2215000379566031,0.0490333450277314,0.2091532233289756,0.0951515294184876,-0.1140016939104879
A07,3,41,80664,3,0,0.6194412573809871,0.1721371641844438,-0.4473040931965433,0.5379251083128914,0.4719024539259574,-0.066022654386934,0.1623248381682327,0.3300594645432057,0.167734626374973,0.2522336318450587,0.1284107586612238,-0.1238228731838349
A07,3,42,82642,4,0,0.1651353841389941,0.3757549307620231,0.2106195466230289,0.6433282792228916,0.3249422289604201,-0.3183860502624715,0.1663091285796351,0.2522347052718068,0.0859255766921716,0.0365742916357613,0.3021547160199943,0.2655804243842329
A07,3,43,84632,3,0,0.5429572868794045,0.4599602084490119,-0.0829970784303925,0.3128874856443149,0.3912401145451832,0.0783526289008683,0.1399869597809821,0.2295330652475498,0.0895461054665677,0.0994071581800715,0.1341877930652235,0.0347806348851519
A07,3,44,86751,3,0,0.6295292946727046,0.2337816461000993,-0.3957476485726052,0.3247509442711372,0.7864895177694494,0.4617385734983122,0.1309400762725986,0.1944473860964195,0.0635073098238208,0.2474064190687393,0.1081416137762985,-0.1392648052924407
A07,3,45,88657,4,0,0.4890608359723295,0.1811869885789329,-0.3078738473933965,0.2172873122488132,0.1606627179620376,-0.0566245942867756,0.2572239719655594,0.2503564027098927,-0.0068675692556667,0.2129528416913365,0.1320839233551191,-0.0808689183362173
A07,3,46,90585,4,0,0.3719193202616334,0.321609667002266,-0.0503096532593674,0.231509441422284,0.2913745897812699,0.0598651483589858,0.1421306157256045,0.184247132444641,0.0421165167190365,0.2104766766867741,0.1622721290935995,-0.0482045475931745
A07,3,47,92699,4,0,0.4855161555576641,0.5682620730902155,0.0827459175325513,0.174382117049313,0.6001242140847894,0.4257420970354764,0.1956250214125813,0.184534196645633,-0.0110908247669483,0.2808619490956514,0.2095299716135303,-0.0713319774821211
A07,3,48,94758,4,0,0.2527236882526659,0.1560311678463597,-0.0966925204063061,0.6662965979470611,0.4568827817764851,-0.2094138161705759,0.0698331850842898,0.1519495968355944,0.0821164117513045,0.1701033593408447,0.2357364591294661,0.0656330997886214
A07,4,2,2254,3,0,0.2156677434056382,0.4265494093446375,0.2108816659389992,0.5558392084730437,0.210915907559712,-0.3449233009133317,0.2063244324149224,0.2002218450376122,-0.0061025873773101,0.1180504887026179,0.1213386078083128,0.0032881191056949
A07,4,3,4172,2,0,0.2207703123545962,0.4966702791055883,0.2758999667509921,0.5014743663687031,0.3862764638673015,-0.1151979025014016,0.0918833845515094,0.1347146360205284,0.0428312514690189,0.1390787633690316,0.2266936101968625,0.0876148468278309
A07,4,4,6124,1,0,0.6060371285444618,0.3985154357277256,-0.2075216928167361,0.3728950506412018,0.5364536389726383,0.1635585883314365,0.1562141780616266,0.221960619137845,0.0657464410762183,0.1076018254354293,0.1665119534748282,0.0589101280393988
A07,4,5,8132,1,0,0.490937864432937,0.4555895795904089,-0.035348284842528,0.3836522443997092,0.1537859212923659,-0.2298663231073432,0.2319615673934724,0.2417232213239088,0.0097616539304363,0.2295998206159875,0.1338758599989604,-0.095723960617027
A07,4,6,10243,2,0,0.2782331446178336,0.1856631072526664,-0.0925700373651672,0.5779395318846751,0.4912698186166891,-0.0866697132679859,0.159508235933717,0.3223983911853572,0.1628901552516402,0.2288309590275823,0.0840924737130923,-0.14473848531449
A07,4,7,12160,3,0,0.4649650761993317,0.5532679361852113,0.0883028599858795,0.4648079403382089,0.4727984736456498,0.0079905333074409,0.2064798668973454,0.2556308647566681,0.0491509978593226,0.1624611176334543,0.0789092899979711,-0.0835518276354831
A07,4,8,14210,4,0,0.6062447635329276,0.4103464048607782,-0.1958983586721493,0.4727926267938463,0.2499492888709675,-0.2228433379228787,0.0826885137752434,0.2797231281365455,0.197034614361302,0.2126970681123766,0.1535672680161926,-0.0591298000961839
A07,4,9,16141,2,0,0.5964094198219235,0.3341642156352784,-0.2622452041866451,0.4446562543550944,0.5811625528811138,0.1365062985260194,0.1221521383222925,0.2096985805572693,0.0875464422349768,0.140095582923553,0.1223059984242947,-0.0177895844992583
A07,4,10,18139,3,0,0.5674692169921173,0.4375422275874769,-0.1299269894046403,0.3919357489095323,0.3625511951957517,-0.0293845537137806,0.1548627368159664,0.1406030281012893,-0.014259708714677,0.2177972944676896,0.0875667684138441,-0.1302305260538455
A07,4,11,20045,1,0,0.3998705367174427,0.422334172742677,0.0224636360252342,0.3485550419578241,0.3989689596858441,0.05041391772802,0.2125769970103483,0.3260991500302482,0.1135221530198998,0.2041140882869521,0.2555507633255527,0.0514366750386006
A07,4,12,21940,1,0,0.4323942121946572,0.5315514870535422,0.0991572748588849,0.530331127733778,0.4474795072189565,-0.0828516205148214,0.2180925451595346,0.3159294591620951,0.0978369140025604,0.1172872715541801,0.2024827517060806,0.0851954801519005
A07,4,13,23912,1,0,0.2592868993597684,0.3868093373955466,0.1275224380357781,0.603360081935829,0.5085766124580002,-0.0947834694778287,0.1594491536382934,0.2541878761413638,0.0947387225030703,0.2569066874328877,0.1130230248391879,-0.1438836625936997
A07,4,14,25856,4,0,0.4996633696899289,0.2576113699206211,-0.2420519997693077,0.4223774470871486,0.326105577816522,-0.0962718692706265,0.0830759638834413,0.3990590032110678,0.3159830393276265,0.3203974495738202,0.2221936721831725,-0.0982037773906477
A07,4,15,27823,2,0,0.4151183022928522,0.398171733768023,-0.0169465685248292,0.4930115267957239,0.4938907847876161,0.0008792579918922,0.1924898115389921,0.2244865056719346,0.0319966941329425,0.1674358951489579,0.1288001667790455,-0.0386357283699124
A07,4,16,29943,2,0,0.39800682664877,0.3081815789140841,-0.0898252477346859,0.6161510761216312,0.3576076015546388,-0.2585434745669924,0.1548859909485491,0.2344271376058855,0.0795411466573364,0.2000018383223489,0.1627620342195467,-0.0372398041028022
A07,4,17,31951,1,0,0.2866511239659175,0.1679669410971007,-0.1186841828688168,0.432962705695107,0.238633953682844,-0.194328752012263,0.1519147345776076,0.2333871423909825,0.0814724078133749,0.2117044549692551,0.3078476903839798,0.0961432354147247
A07,4,18,34017,1,0,0.6818245805909898,0.2650468290425305,-0.4167777515484593,0.4857970728254169,0.2259357339922286,-0.2598613388331883,0.1317828216585433,0.2929465863051423,0.161163764646599,0.1736030165278614,0.2387048309992291,0.0651018144713676
A07,4,19,36053,3,0,0.5128815683335862,0.2804808863924469,-0.2324006819411393,0.461623367878631,0.4796405963751962,0.0180172284965652,0.153283016870473,0.2469706744772681,0.093687657606795,0.1978321829176554,0.2456439314283386,0.0478117485106832
A07,4,20,38119,1,0,0.4425440524060665,0.3291968214234436,-0.1133472309826228,0.5633024949860388,0.439733931047457,-0.1235685639385817,0.2554159932845765,0.2237796423881382,-0.0316363508964382,0.0812561692202778,0.1234447194262991,0.0421885502060213
A07,4,21,40189,2,0,0.7611403505423194,0.4325159014175828,-0.3286244491247366,0.5348932380428726,0.2443562805671499,-0.2905369574757226,0.0669045421509196,0.3504819094107005,0.2835773672597808,0.2088296565773697,0.3768074609692172,0.1679778043918474
A07,4,22,42269,4,0,0.5495901144336166,0.2982187199486989,-0.2513713944849177,0.3892067784417659,0.5199909547032017,0.1307841762614358,0.2738423073585073,0.2599206161205108,-0.0139216912379964,0.1465909633283413,0.0585422125361398,-0.0880487507922014
A07,4,23,44181,4,0,0.494456775511516,0.2685386124883419,-0.225918163023174,0.55142907767653,0.3300296031339496,-0.2213994745425804,0.173676654821708,0.225645771557705,0.051969116735997,0.1215838622443502,0.1793744855607671,0.0577906233164169
A07,4,24,46212,3,0,0.7387890781585195,0.446067469622578,-0.2927216085359415,0.7852452833249639,0.4475551454466503,-0.3376901378783135,0.1305150975853087,0.1660364009706463,0.0355213033853376,0.1693559489216104,0.1678690808024981,-0.0014868681191123
A07,4,25,48165,1,0,0.3876476442303329,0.2990016174202604,-0.0886460268100725,0.3843088228140811,0.3472864778935033,-0.0370223449205777,0.2167490570083477,0.2355334998593111,0.0187844428509634,0.3449265474130995,0.1569168429159571,-0.1880097044971424
A07,4,26,50126,4,0,0.3429938445425509,0.4349954450167525,0.0920016004742015,0.6099180751781008,0.2487180956138331,-0.3611999795642676,0.2132644899651201,0.0742610722578402,-0.1390034177072798,0.2780687564878653,0.1393931856276297,-0.1386755708602356
A07,4,27,52230,4,0,0.134212725267549,0.5498832488754635,0.4156705236079144,0.3809210303280503,0.3907948093057083,0.009873778977658,0.2023080538605592,0.2660595249336674,0.0637514710731081,0.1283059253934718,0.054113982217518,-0.0741919431759538
A07,4,28,54234,2,0,0.2735589646406703,0.4114995510845177,0.1379405864438473,0.415449375863298,0.412034668400405,-0.003414707462893,0.1332176831666386,0.3163379786904428,0.1831202955238041,0.3168412846501596,0.106564556664965,-0.2102767279851946
A07,4,29,56209,4,0,0.4529815939160003,0.4725847824954476,0.0196031885794473,0.4629644656547981,0.2402960254296394,-0.2226684402251587,0.2015293247526519,0.1301568862141371,-0.0713724385385147,0.1372448895460342,0.1508980956942656,0.0136532061482313
A07,4,30,58235,4,0,0.3554867215124586,0.3498845855644732,-0.0056021359479854,0.4226784278354485,0.3618917863407563,-0.0607866414946922,0.2156710861727395,0.1666653789307449,-0.0490057072419945,0.1171105544861677,0.190430004288104,0.0733194498019363
A07,4,31,60306,2,0,0.3013714524241737,0.3764799538707223,0.0751085014465486,0.3839561090821412,0.2688022344811218,-0.1151538746010193,0.1182608709585011,0.2374948439159849,0.1192339729574838,0.2018361110989128,0.1935053468644493,-0.0083307642344634
A07,4,32,62413,1,0,0.198481024130831,0.5060599239098654,0.3075788997790344,0.3752982627929347,0.5955489221900064,0.2202506593970716,0.2602635329981688,0.1890454224473141,-0.0712181105508546,0.1832041117018279,0.1983907305841921,0.0151866188823641
A07,4,33,64505,2,0,0.3604952972478599,0.2761103070727978,-0.0843849901750621,0.3927567524400528,0.3298160117504932,-0.0629407406895596,0.1170230963893427,0.2025428049010153,0.0855197085116726,0.1526499233633626,0.1629477059782027,0.0102977826148401
A07,4,34,66596,3,0,0.4627066415491044,0.3532201754621852,-0.1094864660869192,0.3595883060694813,0.4183416949909858,0.0587533889215045,0.1488602153220288,0.2070192314028498,0.0581590160808209,0.12878986527063,0.149063290502133,0.0202734252315029
A07,4,35,68639,3,0,0.3491021984599681,0.2232120939337424,-0.1258901045262257,0.5509054517682185,0.5392703894559301,-0.0116350623122883,0.2304200842750656,0.1199125258639463,-0.1105075584111192,0.0826806456248406,0.0644990209065518,-0.0181816247182888
A07,4,36,70703,3,0,0.5583666447465899,0.4893816630305411,-0.0689849817160488,0.3367119114605777,0.3727921958602224,0.0360802843996447,0.1516064478020564,0.243459017278086,0.0918525694760296,0.1181271477701261,0.0739611568918199,-0.0441659908783061
A07,4,38,74695,3,0,0.0732693504951634,0.3554020782631069,0.2821327277679434,0.5073130829102065,0.6290336210717345,0.121720538161528,0.128898405191194,0.263808181441314,0.1349097762501199,0.1946453309181988,0.1267901894616877,-0.0678551414565111
A07,4,39,76658,1,0,0.3174811442494719,0.286432355887485,-0.0310487883619868,0.5246547645915978,0.3752047749487668,-0.1494499896428309,0.1489289722726257,0.2037866554797784,0.0548576832071526,0.0868870053484435,0.1093360437497458,0.0224490384013022
A07,4,40,78583,4,0,0.3794728514703601,0.267418952813498,-0.112053898656862,0.3643689840637601,0.3411459129403534,-0.0232230711234066,0.299507870138298,0.179761110424768,-0.11974675971353,0.13847372033115,0.213155534019286,0.074681813688136
A07,4,41,80664,2,0,0.2900856205300496,0.2028644755868725,-0.0872211449431771,0.5112937586237193,0.3528882058033093,-0.1584055528204099,0.2226582046257722,0.3297101283761776,0.1070519237504053,0.1914729809981732,0.1669570053843863,-0.0245159756137869
A07,4,42,82642,3,0,0.5707342645690506,0.302339269672245,-0.2683949948968055,0.5741351240145988,0.3424224527845433,-0.2317126712300554,0.1580591404250341,0.1663180376855506,0.0082588972605164,0.0642930223517742,0.0649755864686987,0.0006825641169244
A07,4,43,84632,2,0,0.3022478529885996,0.2734926759159996,-0.0287551770726,0.2701927563351224,0.4248614529496232,0.1546686966145008,0.0961881592968549,0.2270396568762333,0.1308514975793783,0.1344064915414284,0.0315862490742334,-0.1028202424671949
A07,4,44,86751,3,0,0.3841421312932668,0.2732499784797775,-0.1108921528134893,0.2824618312475279,0.3680202586140964,0.0855584273665684,0.1531648100226484,0.1591835523534668,0.0060187423308183,0.2271543223959755,0.1577962724603208,-0.0693580499356546
A07,4,46,90585,2,0,0.2350369975188975,0.2099583856221507,-0.0250786118967467,0.635958095487665,0.5064461007266943,-0.1295119947609707,0.1827407101921157,0.1352896791458452,-0.0474510310462704,0.2234772348277043,0.1801368514110841,-0.0433403834166201
A07,4,47,92699,3,0,0.2681340923865077,0.3703074295490593,0.1021733371625516,0.2724461817501553,0.4658998915677378,0.1934537098175826,0.1506034628209569,0.1560606367857051,0.0054571739647482,0.179973632133096,0.1125663759136779,-0.067407256219418
A07,4,48,94758,1,0,0.2429461943558352,0.3506984549639692,0.1077522606081339,0.5622682249418031,0.2993006199814684,-0.2629676049603346,0.1666516664225061,0.3168668227117089,0.1502151562892028,0.1468089428827221,0.1169317210648254,-0.0298772218178966
A07,5,1,251,1,0,0.3947732946345046,0.5451343508185491,0.1503610561840445,0.42607195206306,0.5854497491632654,0.1593777971002054,0.1998209555557556,0.1816480511943835,-0.0181729043613721,0.1353279791898907,0.1765492440363378,0.0412212648464471
A07,5,2,2254,1,0,0.635486554869539,0.3257678139956196,-0.3097187408739193,0.3223566615314562,0.3886456266312308,0.0662889650997746,0.2386691343725865,0.3067470608296653,0.0680779264570788,0.1392067317742533,0.1475803492759806,0.0083736175017272
A07,5,3,4172,4,0,0.4500191563578548,0.2809881603975688,-0.169030995960286,0.3304915801650438,0.2870609483904733,-0.0434306317745705,0.1534823412874967,0.2219934878322908,0.0685111465447941,0.0986975628197219,0.0480455594589226,-0.0506520033607993
A07,5,4,6124,2,0,0.2399483660574885,0.5227465004437294,0.2827981343862408,0.3599819631477198,0.3574882107871042,-0.0024937523606156,0.1649261725953185,0.2002866149941409,0.0353604423988223,0.2556391954998314,0.1088567911644691,-0.1467824043353622
A07,5,5,8132,1,0,0.5095949485848214,0.4777062275218298,-0.0318887210629915,0.4571518202445472,0.4952412490350784,0.0380894287905312,0.0800235903113223,0.1814310518031296,0.1014074614918072,0.1334861328672854,0.2422552082155645,0.108769075348279
A07,5,6,10243,3,0,0.5426315831032213,0.336254859720957,-0.2063767233822643,0.3400985001999946,0.3593594839701762,0.0192609837701815,0.1459771221699638,0.1834059801779256,0.0374288580079618,0.1280964889168428,0.1101615095781054,-0.0179349793387373
A07,5,7,12160,1,0,0.4603843511045178,0.3800548045299569,-0.0803295465745609,0.2781017940281014,0.1536503647293572,-0.1244514292987442,0.1341628346314315,0.138278534352899,0.0041156997214674,0.1212790845404526,0.0865001587368167,-0.0347789258036358
A07,5,8,14210,3,0,0.4307831766707484,0.5942955819215378,0.1635124052507893,0.3029573133398196,0.364978593639068,0.0620212802992484,0.2342988562205724,0.3519908689312155,0.1176920127106431,0.1745908250830858,0.1655940311172483,-0.0089967939658374
A07,5,9,16141,2,0,0.2394967852196332,0.4715002570737576,0.2320034718541243,0.3129116039854517,0.3394004169292777,0.0264888129438259,0.2019998581904863,0.2000779547579383,-0.0019219034325479,0.1527821736844002,0.2298120739160768,0.0770299002316766
A07,5,10,18139,4,0,0.3905448212635699,0.3584176433130261,-0.0321271779505437,0.3347905623929427,0.2059764021042971,-0.1288141602886456,0.1363741553393889,0.1661702928400751,0.0297961375006861,0.0645556180309392,0.1173394316587288,0.0527838136277896
A07,5,11,20045,1,0,0.406679561641713,0.4400207440729448,0.0333411824312318,0.3871054371312573,0.3456384918241997,-0.0414669453070576,0.1448570552647878,0.2624594711693784,0.1176024159045905,0.1641579032761118,0.084341102536643,-0.0798168007394688
A07,5,12,21940,3,0,0.5931267722344783,0.5450208587991969,-0.0481059134352813,0.5467182323964864,0.2205535517658323,-0.3261646806306541,0.1704926733928839,0.3768939501672347,0.2064012767743508,0.1396759266373915,0.1104126330652851,-0.0292632935721063
A07,5,13,23912,3,0,0.6339743680299471,0.3257005386397296,-0.3082738293902175,0.5708875744817764,0.1238380718361614,-0.4470495026456149,0.1800376617703842,0.1727957368188841,-0.0072419249515001,0.0863788343351723,0.0804091424492853,-0.005969691885887
A07,5,14,25856,1,0,0.5841753640207523,0.4290369114097535,-0.1551384526109988,0.6389198218650366,0.2081168693054711,-0.4308029525595654,0.3498490363679588,0.1422882837248752,-0.2075607526430835,0.2984325133248847,0.0787666956775462,-0.2196658176473385
A07,5,15,27823,3,0,0.4703204036136091,0.3593177093392322,-0.1110026942743769,0.5999451712027611,0.4194186058695361,-0.180526565333225,0.1715698188454233,0.2573086933535967,0.0857388745081734,0.1874553576498094,0.2084948995676727,0.0210395419178633
A07,5,16,29943,2,0,0.3582369574126199,0.3964827654209206,0.0382458080083006,0.6475299753991074,0.3462758793799609,-0.3012540960191465,0.1243793625427241,0.2094411901555986,0.0850618276128745,0.1815093517984507,0.0806706368357808,-0.1008387149626698
A07,5,17,31951,4,0,0.6772356334936612,0.5814043945589257,-0.0958312389347355,0.611840914867659,0.30906326762517,-0.302777647242489,0.1880987270816979,0.1662851978598608,-0.0218135292218371,0.1878953963122594,0.2114335287505997,0.0235381324383403
A07,5,18,34017,4,0,0.6826482733022861,0.3612179504351808,-0.3214303228671052,0.2221514557765551,0.444663948107745,0.2225124923311899,0.2671588083344264,0.3136244893333645,0.0464656809989381,0.1032649185704082,0.2510089652135333,0.147744046643125
A07,5,19,36053,4,0,0.6286291563340456,0.4819703234530066,-0.1466588328810389,0.3114141419782804,0.3594945213134251,0.0480803793351446,0.168902223286525,0.3588702683169872,0.1899680450304622,0.1536557794888171,0.0354822341425868,-0.1181735453462302
A07,5,20,38119,3,0,0.5459736793107482,0.2859239915760348,-0.2600496877347134,0.4486892983869631,0.2790207905027007,-0.1696685078842624,0.194409086108713,0.2511157295985925,0.0567066434898794,0.1262515422956552,0.0948779888023198,-0.0313735534933353
A07,5,21,40189,1,0,0.5009410398510253,0.2323254110460871,-0.2686156288049382,0.3478977749904864,0.3093609691597501,-0.0385368058307363,0.1094863716288202,0.2341733532472342,0.1246869816184139,0.1342377880451328,0.0777243678310686,-0.0565134202140642
A07,5,22,42269,4,0,0.2765707353076201,0.4087207222302365,0.1321499869226163,0.4109698037890742,0.4045009780286933,-0.0064688257603808,0.1617474935431853,0.2179135213898146,0.0561660278466293,0.2062373281255253,0.155124721551687,-0.0511126065738382
A07,5,23,44181,2,0,0.6475799997608338,0.2592797709823177,-0.388300228778516,0.261965120383846,0.313844649706168,0.051879529322322,0.1765045722172617,0.2475674316170923,0.0710628593998306,0.0592637790433569,0.0692780053626918,0.0100142263193348
A07,5,24,46212,4,0,0.3332080703315233,0.3316586437581378,-0.0015494265733854,0.4328899919677696,0.349247916123972,-0.0836420758437976,0.1254617736101875,0.2430294398411129,0.1175676662309254,0.127916583387305,0.1980575158493476,0.0701409324620425
A07,5,25,48165,2,0,0.0953050078189547,0.3877265003483252,0.2924214925293705,0.5289676576961948,0.5124934827142295,-0.0164741749819653,0.2340274637423185,0.2690165320227518,0.0349890682804333,0.0740395487656021,0.1721221075407098,0.0980825587751076
A07,5,26,50126,1,0,0.6386401835734329,0.3256007030021873,-0.3130394805712456,0.681633015675896,0.2966997178219518,-0.3849332978539441,0.1342645295969723,0.3362983402259772,0.2020338106290048,0.138496676313268,0.0830695786765856,-0.0554270976366823
A07,5,27,52230,3,0,0.5236554403710336,0.5084516067523782,-0.0152038336186554,0.2760768707526951,0.4083001907023829,0.1322233199496877,0.1518883139002473,0.1668553779745566,0.0149670640743093,0.1781549615921187,0.1452481839752453,-0.0329067776168733
A07,5,28,54234,2,0,0.5844616390088978,0.5962606583214184,0.0117990193125205,0.3845396707500447,0.1982259677522803,-0.1863137029977643,0.0766674378072457,0.1192341317778138,0.0425666939705681,0.0742970676568679,0.1031653418606607,0.0288682742037928
A07,5,29,56209,1,0,0.2367333962019875,0.3987754079198274,0.1620420117178399,0.2152803258389725,0.4205712688512949,0.2052909430123223,0.2124135450441202,0.2749170362564707,0.0625034912123505,0.1264336848409788,0.2196090251871143,0.0931753403461355
A07,5,30,58235,3,0,0.5109385651424269,0.3571395201130332,-0.1537990450293936,0.4789825023662387,0.4041592397164817,-0.0748232626497569,0.1535160415163701,0.2698456481691541,0.1163296066527839,0.0460296223634453,0.1383485955376046,0.0923189731741593
A07,5,31,60306,3,0,0.3011290702214312,0.5170617173497908,0.2159326471283595,0.4024314380601753,0.3790013511244354,-0.0234300869357398,0.1190097315290797,0.2158042276573013,0.0967944961282216,0.2332259318502656,0.1351705742465002,-0.0980553576037653
A07,5,32,62413,1,0,0.6237719939669024,0.1939076741910377,-0.4298643197758647,0.3527658359490174,0.2996660052393123,-0.053099830709705,0.2330025536458793,0.1824884177970885,-0.0505141358487907,0.1370270081955825,0.2472086651069665,0.1101816569113839
A07,5,33,64505,3,0,0.1735095326147648,0.4049642269875446,0.2314546943727797,0.3644101368227129,0.5307286846132272,0.1663185477905143,0.1768041536318917,0.1452220101705426,-0.0315821434613491,0.0796698488519286,0.0806718702600654,0.0010020214081368
A07,5,34,66596,4,0,0.3118575209700237,0.2384250056274533,-0.0734325153425703,0.2577187693189219,0.588810838198296,0.3310920688793741,0.1808263475365351,0.1546565717330761,-0.026169775803459,0.0609195399049393,0.2086033556287865,0.1476838157238472
A07,5,36,70703,2,0,0.5880778258183795,0.2871947628831722,-0.3008830629352073,0.4477530236413036,0.4221370879038964,-0.0256159357374072,0.1577880726003243,0.2925340153246599,0.1347459427243356,0.1039224689908009,0.1316318618613282,0.0277093928705273
A07,5,37,72723,1,0,0.3764083116573662,0.1374420145778261,-0.2389662970795401,0.4194984320472681,0.4286412542358023,0.0091428221885342,0.1516943243906748,0.3293170337015336,0.1776227093108588,0.1553944716496611,0.1847015466149605,0.0293070749652993
A07,5,38,74695,2,0,0.3971290873457537,0.2105470919727154,-0.1865819953730383,0.3537911828483139,0.4344801396884216,0.0806889568401076,0.1175636879203135,0.2931355449528506,0.175571857032537,0.124982825816261,0.1088013004450201,-0.0161815253712409
A07,5,39,76658,4,0,0.5548416895684012,0.1748296447736021,-0.380012044794799,0.5144949439065717,0.123674840536941,-0.3908201033696306,0.1009578294469792,0.224551856381557,0.1235940269345778,0.105353887856946,0.0937949304234171,-0.0115589574335289
A07,5,40,78583,2,0,0.325073112194901,0.2155384812030493,-0.1095346309918516,0.3190947109448898,0.5829592098431327,0.2638644988982428,0.0634841898213873,0.1002748170061569,0.0367906271847696,0.0776419550065056,0.1437890694923015,0.0661471144857959
A07,5,41,80664,4,0,0.5227247467698992,0.3403977334478831,-0.1823270133220161,0.0793715652174807,0.2873937919596004,0.2080222267421197,0.1780068565464832,0.1723125404734611,-0.005694316073022,0.1108997198874652,0.0642311682837142,-0.046668551603751
A07,5,42,82642,3,0,0.2039448677776623,0.4055808232949293,0.201635955517267,0.4308945632583545,0.2146942847657129,-0.2162002784926415,0.3289764604040976,0.2579134551384618,-0.0710630052656357,0.0928214003027182,0.0831362444562359,-0.0096851558464822
A07,5,43,84632,2,0,0.0795204622441767,0.5055597782545477,0.4260393160103709,0.2327108058427918,0.4895245227517141,0.2568137169089223,0.1928452633100051,0.1685716727253027,-0.0242735905847024,0.1850804470682756,0.0999022619218098,-0.0851781851464658
A07,5,44,86751,2,0,0.5941430827213429,0.1729334055934363,-0.4212096771279064,0.3706966257344015,0.2078124176223301,-0.1628842081120713,0.0669529189567264,0.1627581994073454,0.0958052804506189,0.1913410042330259,0.2713403313356281,0.0799993271026021
A07,5,45,88657,2,0,0.3355017915758201,0.3482553795832958,0.0127535880074757,0.1655169663139519,0.5119828816049903,0.3464659152910383,0.2027743545405357,0.2154988572635484,0.0127245027230127,0.1481837272775485,0.2080596129050828,0.0598758856275342
A07,5,46,90585,3,0,0.1389260354541273,0.4479722687392754,0.3090462332851481,0.58374532196263,0.2618676599060331,-0.3218776620565968,0.1536373535541405,0.1663625032694049,0.0127251497152644,0.0496590033186182,0.2369082246817495,0.1872492213631312
A07,5,47,92699,4,0,0.4622166872842874,0.193586946119199,-0.2686297411650883,0.676719055233413,0.1188411545032388,-0.5578779007301742,0.082143282332376,0.1772741234235298,0.0951308410911537,0.0423977429418768,0.108101399361431,0.0657036564195541
A07,5,48,94758,1,0,0.4836999704614518,0.4878769020948114,0.0041769316333596,0.5114707338214443,0.651358719476554,0.1398879856551097,0.2969361937852243,0.3339922830821795,0.0370560892969551,0.1987803202836785,0.1493159005284197,-0.0494644197552587
A07,6,2,2254,4,0,0.3743323976190414,0.3587800318956856,-0.0155523657233558,0.2785057460029697,0.4418400527133992,0.1633343067104296,0.2574297722022731,0.2273883536066352,-0.0300414185956379,0.3287230229935504,0.3670006471166217,0.0382776241230713
A07,6,3,4172,1,0,0.4569350054114897,0.5583062469008413,0.1013712414893516,0.3447060533275926,0.4101657755305085,0.0654597222029159,0.2474593532537459,0.367121545189336,0.11966219193559,0.2048080039521018,0.2508260014451473,0.0460179974930454
A07,6,4,6124,3,0,0.4993555733923713,0.5079733197621038,0.0086177463697324,0.3603246637288748,0.3951533375871143,0.0348286738582394,0.180368784636367,0.2889702669043686,0.1086014822680016,0.2961054153808183,0.3781806854621153,0.0820752700812969
A07,6,5,8132,3,0,0.1762910980162999,0.381714550769702,0.2054234527534021,0.308535191135084,0.503688204898599,0.1951530137635149,0.1892466826208713,0.3698068952448046,0.1805602126239332,0.2137662224178739,0.3139677362353596,0.1002015138174856
A07,6,6,10243,4,0,0.2800446611196022,0.4261975946682098,0.1461529335486076,0.5694906832718992,0.2000108115789576,-0.3694798716929415,0.1939186871981222,0.2888722368252109,0.0949535496270887,0.1122427950007394,0.1870789330093062,0.0748361380085667
A07,6,7,12160,1,0,0.4202007371471203,0.3552287151279441,-0.0649720220191761,0.2511027516701604,0.331506505684806,0.0804037540146456,0.1902956585282726,0.3731881999819363,0.1828925414536636,0.1561019808154659,0.1512184373930322,-0.0048835434224336
A07,6,9,16141,3,0,0.5186132677461198,0.510904317155325,-0.0077089505907947,0.2648357601937274,0.3463705770505453,0.0815348168568179,0.2213121596388254,0.1768632829456547,-0.0444488766931707,0.1051399665886329,0.1643325260526,0.0591925594639671
A07,6,10,18139,2,0,0.2745608380849965,0.4262466741183847,0.1516858360333882,0.3845480303211874,0.3666035791661609,-0.0179444511550265,0.0575935021903751,0.2930409526361966,0.2354474504458215,0.0526939380288751,0.1761779708948914,0.1234840328660163
A07,6,11,20045,4,0,0.620356275689229,0.19958649937036,-0.420769776318869,0.2858546246830881,0.3188773582860463,0.0330227336029582,0.1935644566295306,0.2230826033494165,0.0295181467198859,0.084743814520683,0.0723342628525134,-0.0124095516681695
A07,6,12,21940,4,0,0.2659295277218154,0.5683516668263738,0.3024221391045584,0.3386471702305083,0.2573605963446232,-0.0812865738858851,0.1163043618226598,0.2479035898107764,0.1315992279881166,0.2074622022796992,0.1913862331198662,-0.0160759691598329
A07,6,13,23912,4,0,0.1009451012718017,0.2590795120927923,0.1581344108209905,0.5112606968436182,0.4629518808234414,-0.0483088160201767,0.145488890898403,0.1869065842529984,0.0414176933545954,0.1639831091092673,0.0728698860969547,-0.0911132230123125
A07,6,14,25856,2,0,0.2940241203990257,0.5159964088623707,0.221972288463345,0.5281432326782045,0.4649407509794439,-0.0632024816987605,0.2169197704771548,0.3211874020264889,0.1042676315493341,0.0669231942585878,0.1761500569045363,0.1092268626459484
A07,6,15,27823,1,0,0.4089225151025051,0.438671626606364,0.0297491115038588,0.331670727781214,0.491748746928332,0.160078019147118,0.134625074371427,0.1973183696136094,0.0626932952421824,0.1577992204745366,0.2390231365376701,0.0812239160631335
A07,6,16,29943,3,0,0.3753571563057379,0.4458256559890857,0.0704684996833477,0.5109547566010624,0.4927850602072746,-0.0181696963937877,0.1842686262543839,0.2997243255115025,0.1154556992571186,0.2590685802794784,0.1169404906274217,-0.1421280896520566
A07,6,17,31951,2,0,0.1915051460353285,0.430135241566707,0.2386300955313785,0.4737505868032046,0.1541761802512327,-0.3195744065519719,0.1817049907342803,0.2641404660839104,0.0824354753496301,0.2036480103496734,0.1849122547973167,-0.0187357555523567
A07,6,18,34017,4,0,0.4050697376296624,0.2951222516587942,-0.1099474859708681,0.3055612631467985,0.312277236334135,0.0067159731873365,0.1812062947981812,0.2363622378142968,0.0551559430161156,0.1064991037516124,0.2720668716762333,0.1655677679246208
A07,6,19,36053,1,0,0.3284273688436767,0.4110059978090394,0.0825786289653627,0.2585884024404625,0.4819876233112471,0.2233992208707846,0.2854489367590501,0.2501986886272211,-0.0352502481318289,0.1163154405194084,0.1671508693269155,0.050835428807507
A07,6,20,38119,4,0,0.4943678604260876,0.213727796330234,-0.2806400640958536,0.4220605253188482,0.4499313831875188,0.0278708578686706,0.1661338874089493,0.1451990988111276,-0.0209347885978217,0.2157561088293492,0.2685789116745147,0.0528228028451654
A07,6,21,40189,3,0,0.2086973318061215,0.296838612255271,0.0881412804491494,0.3720650065318565,0.4552391341576469,0.0831741276257904,0.246060387522087,0.1130084169319494,-0.1330519705901375,0.2712545899141382,0.0817784055972191,-0.1894761843169191
A07,6,23,44181,4,0,0.6859042158366263,0.445881125707686,-0.2400230901289403,0.4435340709881605,0.5403447682425784,0.0968106972544178,0.1837324657970242,0.1471070143013925,-0.0366254514956317,0.1881449646109576,0.2582288891716502,0.0700839245606925
A07,6,24,46212,4,0,0.6027456236853334,0.4042527160935049,-0.1984929075918284,0.3391781618609953,0.3061352823750054,-0.0330428794859899,0.1851988999049936,0.230980557137945,0.0457816572329513,0.177346793787071,0.0300792655057783,-0.1472675282812926
A07,6,25,48165,1,0,0.2887261704726365,0.3007312941681003,0.0120051236954638,0.2433173879621341,0.2716816550088709,0.0283642670467367,0.2502840463072729,0.1669692771980321,-0.0833147691092408,0.2717903437596297,0.2412173479426763,-0.0305729958169533
A07,6,26,50126,2,0,0.3330160738884609,0.3073354905557179,-0.025680583332743,0.4146043484486015,0.4607964783080823,0.0461921298594807,0.1569580251910118,0.2451456399778244,0.0881876147868126,0.1572620803549636,0.2307652079779874,0.0735031276230238
A07,6,27,52230,2,0,0.3694533288121616,0.3956045468389635,0.0261512180268018,0.4871019902596313,0.4984487489420188,0.0113467586823874,0.14714940716874,0.2760476878385307,0.1288982806697907,0.0598278480665255,0.0932735283104304,0.0334456802439049
A07,6,28,54234,3,0,0.4593509367396742,0.680852332511774,0.2215013957720997,0.4615239374826224,0.4118729461016985,-0.0496509913809238,0.1747129767361632,0.2208552475154095,0.0461422707792462,0.2734223282664064,0.0411277647819806,-0.2322945634844258
A07,6,29,56209,4,0,0.6454515944959212,0.4010039765350811,-0.24444761796084,0.54774572283465,0.1634763093868749,-0.384269413447775,0.1429791117912026,0.2669986176475981,0.1240195058563954,0.2071341736911822,0.2008823417345614,-0.0062518319566207
A07,6,30,58235,2,0,0.1160726442694543,0.5153921582024278,0.3993195139329735,0.4424693808186331,0.298767650304287,-0.1437017305143461,0.2417727719979622,0.2605037292802665,0.0187309572823042,0.1330837609582785,0.1169878657659405,-0.016095895192338
A07,6,31,60306,1,0,0.4667707625407136,0.3679547790199429,-0.0988159835207707,0.2850201693622792,0.4711652738727007,0.1861451045104215,0.2408466430282017,0.0998211713146105,-0.1410254717135911,0.1588598164956019,0.1115596586304853,-0.0473001578651165
A07,6,32,62413,1,0,0.1910950148756185,0.3861527489282417,0.1950577340526232,0.4695667586472422,0.3405760487219176,-0.1289907099253245,0.101858975036723,0.2691138487853253,0.1672548737486023,0.1582493480427605,0.1487513457684697,-0.0094980022742907
A07,6,33,64505,4,0,0.6726650828510818,0.2373268278175503,-0.4353382550335315,0.4566353601725917,0.4400585428629738,-0.0165768173096179,0.1422680685583543,0.228729935294452,0.0864618667360977,0.0474056132818549,0.1976168479823477,0.1502112347004928
A07,6,34,66596,2,0,0.4972732030140232,0.5980453360090878,0.1007721329950646,0.4645748168826937,0.3509442927261772,-0.1136305241565165,0.0906200928335742,0.2388839887100876,0.1482638958765133,0.0912162199083826,0.1805939492767465,0.0893777293683638
A07,6,35,68639,1,0,0.1632491657861315,0.2783910326622513,0.1151418668761197,0.5144748247043464,0.4191194874120594,-0.0953553372922869,0.181726711673589,0.229731674858825,0.0480049631852359,0.1857650960291174,0.1059575800582431,-0.0798075159708743
A07,6,36,70703,3,0,0.5590580851386063,0.3781618738939443,-0.180896211244662,0.2726940634324785,0.3162674920315716,0.043573428599093,0.1615795592577046,0.1313983718519821,-0.0301811874057224,0.1027399473077429,0.2672891292869228,0.1645491819791798
A07,6,37,72723,2,0,0.4085412903486048,0.3585655354883287,-0.0499757548602761,0.5257094109653502,0.5490489899431579,0.0233395789778076,0.1169952412476773,0.1984511832664901,0.0814559420188128,0.134853763357323,0.1012268340909386,-0.0336269292663844
A07,6,38,74695,2,0,0.2155853966212227,0.5419732775117253,0.3263878808905025,0.3193284084241672,0.3457662252490268,0.0264378168248595,0.1712502953445962,0.1483923802233387,-0.0228579151212575,0.2075101458194135,0.0946866967731229,-0.1128234490462905
A07,6,39,76658,3,0,0.4168802023904243,0.3463241729759617,-0.0705560294144626,0.5658826991030267,0.2788860973209922,-0.2869966017820344,0.1856781398605687,0.2517656399362394,0.0660875000756706,0.1107391466043838,0.0805558809587238,-0.0301832656456599
A07,6,40,78583,1,0,0.2253466526935037,0.4197502067648337,0.19440355407133,0.357679149562283,0.5015160695878657,0.1438369200255826,0.0935151635424308,0.2755887323703773,0.1820735688279465,0.0917320987398163,0.0717708963757067,-0.0199612023641096
A07,6,41,80664,4,0,0.5504629137443666,0.275265085858091,-0.2751978278862756,0.6335994621950091,0.3389336470312351,-0.2946658151637739,0.2094377492661942,0.2060855903790004,-0.0033521588871938,0.1019306715853108,0.0993951105408619,-0.0025355610444489
A07,6,42,82642,3,0,0.4850373556894441,0.3687487735165131,-0.116288582172931,0.5985937624501358,0.2396489624343745,-0.3589448000157612,0.4648514243382157,0.2273992938468631,-0.2374521304913525,0.2067296281343139,0.0969283531660105,-0.1098012749683034
A07,6,43,84632,3,0,0.3520298329619947,0.3648035867505844,0.0127737537885897,0.3204691810724265,0.418232580020519,0.0977633989480925,0.1621121319349845,0.3388120270625309,0.1766998951275463,0.1892063122046459,0.1044898919862004,-0.0847164202184455
A07,6,44,86751,3,0,0.5079064420078192,0.2527896295115367,-0.2551168124962825,0.6126234020364353,0.2787565333978479,-0.3338668686385873,0.216961315117792,0.1420806980492199,-0.0748806170685721,0.0812492114445083,0.1137625369245467,0.0325133254800383
A07,6,45,88657,3,0,0.2104759477322944,0.4453775714414149,0.2349016237091204,0.3719742212362434,0.4802651131471991,0.1082908919109557,0.1583506278671196,0.2084235954334707,0.050072967566351,0.1349254650585017,0.0904243805455571,-0.0445010845129445
A07,6,46,90585,1,0,0.3079569373497686,0.4517231443306259,0.1437662069808573,0.7149688300982616,0.4718247798208039,-0.2431440502774577,0.2629781718353365,0.2918690805635776,0.0288909087282411,0.1793920029183058,0.1119632479122808,-0.0674287550060249
A07,6,47,92699,2,0,0.6013681270201936,0.5720343643633127,-0.0293337626568809,0.2779605557853637,0.4373593990048206,0.1593988432194569,0.1570880613850713,0.216947390545116,0.0598593291600447,0.141401992777652,0.080851884614534,-0.0605501081631179
A07,6,48,94758,1,0,0.317681796190797,0.3105303915074673,-0.0071514046833296,0.6012655300124686,0.536943451008512,-0.0643220790039565,0.1839194592753611,0.2822077266892696,0.0982882674139084,0.1205792751326072,0.0844505602496674,-0.0361287148829397
A07,7,1,251,2,0,0.312410880540691,0.4947596489809477,0.1823487684402567,0.5524747386369043,0.5230766276912796,-0.0293981109456247,0.2798852759356738,0.2087419863236596,-0.0711432896120142,0.1554399979054953,0.1570819195933798,0.0016419216878845
A07,7,2,2254,1,0,0.2053236686890348,0.1872894041440325,-0.0180342645450022,0.5185524599419952,0.5349716426825964,0.0164191827406012,0.1622973942304045,0.19982947642354,0.0375320821931354,0.0877063487892989,0.0737911966310182,-0.0139151521582806
A07,7,3,4172,1,0,0.4453102710861428,0.3182691334120928,-0.12704113767405,0.5064728244932171,0.457421804128767,-0.04905102036445,0.238979073857607,0.2516771699350272,0.0126980960774202,0.1987380944163547,0.1234581037052446,-0.07527999071111
A07,7,4,6124,3,0,0.2690101804089052,0.4753480353372307,0.2063378549283255,0.6407119688616191,0.3638208645129754,-0.2768911043486436,0.0874549146333584,0.2730170404055093,0.1855621257721508,0.1586613488203847,0.1300276137097566,-0.028633735110628
A07,7,5,8132,3,0,0.1448419797225028,0.3558799903589409,0.2110380106364381,0.3094047166713948,0.4161514310827722,0.1067467144113773,0.2566386728518378,0.3152799139510683,0.0586412410992305,0.218690549963796,0.0662879989592669,-0.1524025510045291
A07,7,6,10243,2,0,0.5694219372176669,0.2361185988508889,-0.3333033383667779,0.4655035992629373,0.5435647083214413,0.078061109058504,0.2987316577261912,0.1713358490372157,-0.1273958086889755,0.3901436947545904,0.1036511259648828,-0.2864925687897074
A07,7,7,12160,3,0,0.5079675944705128,0.4235378516682924,-0.0844297428022203,0.3400848907367264,0.4194558040654441,0.0793709133287177,0.1937061249824828,0.2034490934983001,0.0097429685158172,0.12182503012321,0.1929438235859019,0.0711187934626918
A07,7,8,14210,4,0,0.516391889942757,0.2187242804203502,-0.2976676095224068,0.1996810995719287,0.4151104562438099,0.2154293566718811,0.1686655417374883,0.2366024455010734,0.0679369037635851,0.0992691893112068,0.1263792122464933,0.0271100229352864
A07,7,9,16141,1,0,0.1678411206700988,0.5231274993346908,0.355286378664592,0.3395569637412012,0.5545469628175039,0.2149899990763027,0.2045102024714092,0.3074227550092938,0.1029125525378845,0.2414504909688552,0.1530892847268052,-0.0883612062420499
A07,7,10,18139,4,0,0.4476231717199681,0.3393706854578184,-0.1082524862621497,0.2931957274502887,0.4676115094088394,0.1744157819585506,0.1128750701891635,0.2069795835259978,0.0941045133368343,0.1638533598546458,0.1078575460814173,-0.0559958137732285
A07,7,11,20045,1,0,0.5811376132591475,0.5249172106608466,-0.0562204025983008,0.6800057208339861,0.3208782845441948,-0.3591274362897912,0.2195925564329792,0.1425570231703198,-0.0770355332626593,0.1359532712481421,0.1180580648118088,-0.0178952064363332
A07,7,12,21940,1,0,0.2516970394691716,0.1395797833463475,-0.112117256122824,0.3119086749102103,0.3047775247699875,-0.0071311501402228,0.2541955363595067,0.2946887934865417,0.040493257127035,0.12470022530905,0.1353660164008037,0.0106657910917537
A07,7,13,23912,2,0,0.1889000014755261,0.3858460251803314,0.1969460237048052,0.1856192659234518,0.2949268146930658,0.1093075487696139,0.182853081585405,0.2289448077185975,0.0460917261331925,0.1554541767534862,0.1750500607704382,0.0195958840169519
A07,7,15,27823,3,0,0.4159353122089625,0.3410992870762107,-0.0748360251327519,0.3426215971131316,0.3001415246952746,-0.042480072417857,0.1900312427660395,0.2473743491796385,0.0573431064135989,0.1200823575896783,0.0491893491668536,-0.0708930084228247
A07,7,16,29943,2,0,0.3142861036580907,0.1485074746196603,-0.1657786290384303,0.170944848997418,0.3417035220741429,0.1707586730767248,0.298796360565798,0.2267710143869818,-0.0720253461788162,0.1975330055629781,0.07058465279228,-0.126948352770698
A07,7,17,31951,4,0,0.4733520436876617,0.3175888774040107,-0.155763166283651,0.3911985656158444,0.3953151230498596,0.0041165574340152,0.1860128292857599,0.1877824119481493,0.0017695826623894,0.2336372106287671,0.1742461858933439,-0.0593910247354231
A07,7,18,34017,3,0,0.5115859569994663,0.3882298758753147,-0.1233560811241515,0.4694274656172253,0.3636956951534794,-0.1057317704637458,0.1782092009190978,0.255776132639275,0.0775669317201772,0.2521811500613082,0.1799354140314397,-0.0722457360298685
A07,7,19,36053,4,0,0.5574227919476701,0.4383327528934335,-0.1190900390542366,0.4642826281117804,0.4220524760503077,-0.0422301520614726,0.2480803420016985,0.1859453863346596,-0.0621349556670389,0.1449328547939253,0.1217574366867839,-0.0231754181071413
A07,7,20,38119,3,0,0.7557865697377711,0.325178523294639,-0.4306080464431321,0.2904917419205915,0.3451309463973634,0.0546392044767718,0.2191888432232174,0.2318319013124893,0.0126430580892719,0.2518844804219874,0.0840490562332038,-0.1678354241887835
A07,7,21,40189,4,0,0.1414290931541286,0.3362076803700137,0.194778587215885,0.4496702210171258,0.554798922682291,0.1051287016651651,0.1421250917640962,0.2391475125222452,0.097022420758149,0.1696012243238387,0.0589503701090245,-0.1106508542148141
A07,7,22,42269,2,0,0.499915205435792,0.3891985919364736,-0.1107166134993183,0.6149399162253051,0.6235661350245741,0.008626218799269,0.2735356612892708,0.190210332099605,-0.0833253291896658,0.1199793290815117,0.1453442608686724,0.0253649317871606
A07,7,23,44181,2,0,0.3855510316545486,0.4281572327296012,0.0426062010750525,0.4276542299347741,0.3888725778748197,-0.0387816520599544,0.16015175042201,0.2944158740168057,0.1342641235947957,0.1121853444921974,0.1368877780206536,0.0247024335284562
A07,7,24,46212,4,0,0.6310097027236943,0.2807515861397419,-0.3502581165839523,0.552375547861267,0.375912128762942,-0.1764634190983249,0.2839776342982871,0.3007566385046075,0.0167790042063203,0.1207366495008195,0.3158762863375989,0.1951396368367794
A07,7,25,48165,1,0,0.5532060599491181,0.4728423422540772,-0.0803637176950408,0.5586347248762472,0.3078121103451127,-0.2508226145311345,0.141797739618403,0.2799094698296128,0.1381117302112097,0.0670552102378047,0.0797641855679332,0.0127089753301285
A07,7,27,52230,2,0,0.3607376554365607,0.2097307211059625,-0.1510069343305982,0.2614758135998861,0.3663552159928085,0.1048794023929224,0.1346634080003382,0.2532048663577415,0.1185414583574032,0.1964058677338928,0.2176500585639197,0.0212441908300269
A07,7,28,54234,2,0,0.596427369016852,0.5525616876182669,-0.0438656813985851,0.3443643767572792,0.5275435184792003,0.183179141721921,0.0922240114330194,0.3207509103036382,0.2285268988706188,0.1638645038795634,0.103588303273813,-0.0602762006057503
A07,7,29,56209,3,0,0.5874435702594336,0.3572886495915708,-0.2301549206678628,0.4872502067304132,0.272663272343254,-0.2145869343871592,0.2950632394396989,0.2128737234543619,-0.0821895159853369,0.2003651794315824,0.1039975981715801,-0.0963675812600022
A07,7,30,58235,4,0,0.4403852995627098,0.442602986981513,0.0022176874188032,0.5999011967205641,0.2184552882421034,-0.3814459084784606,0.1971808374522069,0.3462729568115077,0.1490921193593008,0.1540425778783877,0.1085596755828256,-0.0454829022955621
A07,7,31,60306,1,0,0.540866905305029,0.3685579421626218,-0.1723089631424072,0.5404783346883582,0.5543734605407497,0.0138951258523914,0.2229706298840557,0.4506313337246544,0.2276607038405986,0.2582831704391561,0.1381188596988413,-0.1201643107403148
A07,7,32,62413,4,0,0.511342442832375,0.3592834631994042,-0.1520589796329707,0.3644997602629124,0.192983667671241,-0.1715160925916713,0.1290960488135084,0.2478216514769065,0.1187256026633981,0.1248976427291685,0.2270256506610397,0.1021280079318712
A07,7,33,64505,1,0,0.4445440153584997,0.2682998104731329,-0.1762442048853668,0.2607690719320657,0.4034914991510208,0.142722427218955,0.1421431669224411,0.2695478072153441,0.1274046402929029,0.1072475450314592,0.3569905354486566,0.2497429904171974
A07,7,34,66596,3,0,0.5793520873725716,0.4659135770752367,-0.1134385102973349,0.5120594642325957,0.5736096520297279,0.0615501877971321,0.1558050044473219,0.304189111030991,0.148384106583669,0.255949989010829,0.0758094835108934,-0.1801405054999355
A07,7,35,68639,1,0,0.5450283821308853,0.4972486099767455,-0.0477797721541398,0.6258013708633384,0.5788015337195549,-0.0469998371437835,0.2215556467041269,0.2510824089122833,0.0295267622081563,0.2126036272226872,0.2079337194012457,-0.0046699078214415
A07,7,36,70703,4,0,0.3932771247189807,0.4306629708120466,0.0373858460930658,0.2892327887413018,0.4579307694437983,0.1686979807024964,0.1600032067028061,0.3220468780166169,0.1620436713138108,0.1849921570581167,0.2475360261884945,0.0625438691303778
A07,7,37,72723,1,0,0.5874494294272984,0.5804414156031118,-0.0070080138241865,0.4865474798607708,0.5168630162602496,0.0303155363994787,0.3026940810799604,0.2154886135632183,-0.0872054675167421,0.1955931996009574,0.1717931733815707,-0.0238000262193866
A07,7,38,74695,3,0,0.2027467075770707,0.6798957171255215,0.4771490095484507,0.6438640837075125,0.4478281417827718,-0.1960359419247406,0.2171908745619484,0.3423122483057844,0.125121373743836,0.1797245484233161,0.1490731659309363,-0.0306513824923798
A07,7,39,76658,1,0,0.3320466414720038,0.5197004947575504,0.1876538532855465,0.7044995000895069,0.5106747904640606,-0.1938247096254463,0.1360091998849076,0.2027742498983074,0.0667650500133997,0.1615715307454857,0.2310075207777177,0.069435990032232
A07,7,40,78583,2,0,0.5424641063100107,0.3999382497239002,-0.1425258565861105,0.4798066167435763,0.3993533360821009,-0.0804532806614753,0.1842321456736484,0.2163821827523221,0.0321500370786737,0.1414824452432287,0.1396964198376611,-0.0017860254055675
A07,7,41,80664,3,0,0.332077975686567,0.3079633306598257,-0.0241146450267413,0.4862070582565453,0.4561338645995329,-0.0300731936570123,0.3494020795282272,0.2426110897946044,-0.1067909897336228,0.5512362100373541,0.2539874447505082,-0.2972487652868459
A07,7,42,82642,3,0,0.3567659359526453,0.5054922468702441,0.1487263109175988,0.3294682911392876,0.3169677244415915,-0.0125005666976961,0.2419709433633989,0.4346446700295323,0.1926737266661333,0.0915571235224869,0.078294853859417,-0.0132622696630699
A07,7,43,84632,4,0,0.560459894311963,0.3143580422903645,-0.2461018520215984,0.4896828406347027,0.4868468691349053,-0.0028359714997974,0.2522870005722223,0.2247715993310495,-0.0275154012411727,0.16288270586296,0.2970146513276214,0.1341319454646613
A07,7,44,86751,1,0,0.3160180846197912,0.2716926090143262,-0.044325475605465,0.5071216408708396,0.2937227386410106,-0.2133989022298288,0.1171387916248257,0.2738043819308587,0.156665590306033,0.128624490905389,0.1944913209600202,0.0658668300546312
A07,7,45,88657,2,0,0.3782680524644276,0.2634724065802148,-0.1147956458842127,0.581145271964669,0.4146050705798756,-0.1665402013847933,0.229665506413892,0.3893229058664597,0.1596573994525676,0.1313509587986134,0.2280487957732524,0.0966978369746389
A07,7,46,90585,4,0,0.1460059258538267,0.4734104660012782,0.3274045401474515,0.1900643774998316,0.455694571532046,0.2656301940322144,0.1796705122445182,0.3376503295507246,0.1579798173062064,0.087678309200525,0.1954533740038524,0.1077750648033274
A07,7,47,92699,2,0,0.2540509737604086,0.3705170546461838,0.1164660808857752,0.3771764363570747,0.3587880424108783,-0.0183883939461964,0.1411153929328858,0.2867193799268336,0.1456039869939477,0.4737629440681547,0.415132914100055,-0.0586300299680996
A07,7,48,94758,3,0,0.3587146496409285,0.3712593647748529,0.0125447151339244,0.3352218650880859,0.4048000657929967,0.0695782007049108,0.1291638326167006,0.1933345326071745,0.0641706999904738,0.1802223029670297,0.1387616653565213,-0.0414606376105084
A07,8,2,2254,1,0,0.4401935008758059,0.6492013580381432,0.2090078571623372,0.2921741573908838,0.3766819091048634,0.0845077517139795,0.1944013656180112,0.357656118735163,0.1632547531171518,0.3031128144256832,0.1028432769269828,-0.2002695374987003
A07,8,3,4172,4,0,0.2403503645986933,0.3178891091462046,0.0775387445475112,0.3239235944055411,0.3415074328365455,0.0175838384310044,0.1108713477544137,0.0711111051555993,-0.0397602425988144,0.1272240099297795,0.1127972313092187,-0.0144267786205607
A07,8,4,6124,2,0,0.4441291971738793,0.3974610462286187,-0.0466681509452606,0.3303019682469252,0.5211870503235622,0.1908850820766369,0.1194826612155229,0.3100652808373343,0.1905826196218114,0.1817436801574535,0.0607120741286413,-0.1210316060288121
A07,8,5,8132,4,0,0.357131616433486,0.3362158431457913,-0.0209157732876947,0.5033285211629199,0.4939406875167242,-0.0093878336461957,0.1896373619278826,0.218011991274267,0.0283746293463844,0.0892655027225516,0.1163824100738856,0.027116907351334
A07,8,6,10243,1,0,0.4453799451458967,0.1819022468146152,-0.2634776983312814,0.4165641902240464,0.6887203114245012,0.2721561212004548,0.217721805063115,0.2120842569661684,-0.0056375480969465,0.242125091781987,0.0461442519639642,-0.1959808398180228
A07,8,7,12160,1,0,0.6830579973161415,0.4336797690798621,-0.2493782282362793,0.7204414860369066,0.5188967849452787,-0.2015447010916279,0.0636673653459053,0.2023973373239253,0.13872997197802,0.0381267114344027,0.0640153113079522,0.0258885998735494
A07,8,8,14210,3,0,0.571664805791788,0.3939833806023934,-0.1776814251893945,0.5310116272964579,0.2677358470631121,-0.2632757802333458,0.2398775287332668,0.189549289738919,-0.0503282389943477,0.2386531128624874,0.0760109419104219,-0.1626421709520655
A07,8,9,16141,3,0,0.3885918174002519,0.5486825841920727,0.1600907667918208,0.4132901296439233,0.5322954891578995,0.1190053595139761,0.2508224844839294,0.222125022811116,-0.0286974616728133,0.1253739832794242,0.0684356383503151,-0.0569383449291091
A07,8,10,18139,2,0,0.5572487504087688,0.3130419278964692,-0.2442068225122995,0.360322820102304,0.4385470228207571,0.0782242027184531,0.1654722110836267,0.3136901237803448,0.1482179126967181,0.0961431360095022,0.1221867989700867,0.0260436629605844
A07,8,11,20045,4,0,0.6267055317494855,0.1681982199588712,-0.4585073117906142,0.5923501004352366,0.1090948796181237,-0.4832552208171129,0.1195296688436961,0.1955422307690955,0.0760125619253993,0.1147114581868617,0.0877808469159077,-0.026930611270954
A07,8,12,21940,2,0,0.2246782486540769,0.4033984475124874,0.1787201988584104,0.4626549835748888,0.2925612550713317,-0.170093728503557,0.2138930433578236,0.1899291776060449,-0.0239638657517786,0.1680409120943873,0.0692898809526179,-0.0987510311417693
A07,8,13,23912,2,0,0.5153301947147538,0.3615569126163083,-0.1537732820984454,0.3915679940364717,0.5193714466424556,0.1278034526059838,0.1650051530757478,0.3041851338984477,0.1391799808226999,0.048830425375301,0.1067812234574921,0.057950798082191
A07,8,14,25856,1,0,0.3990376587196821,0.3284364580753501,-0.0706012006443319,0.330854593023857,0.2402680619388161,-0.0905865310850408,0.1041744522357277,0.2640935673941707,0.1599191151584429,0.1007904847936133,0.0527564174562654,-0.0480340673373479
A07,8,15,27823,2,0,0.67008667765767,0.6217313167123459,-0.0483553609453241,0.4753162757222346,0.6067117270130685,0.1313954512908338,0.1966912766104345,0.294558945927271,0.0978676693168365,0.2053353934758219,0.0559604927820453,-0.1493749006937766
A07,8,16,29943,4,0,0.3167657007172574,0.4445430212322919,0.1277773205150345,0.2966140623326265,0.2392337300149313,-0.0573803323176951,0.1956572254540627,0.2423982489936944,0.0467410235396316,0.3190720905088165,0.2508528212325435,-0.0682192692762729
A07,8,17,31951,4,0,0.2110362613872799,0.4818002370492881,0.2707639756620081,0.3707618511108864,0.3743672119183871,0.0036053608075006,0.124780976735302,0.1432797493515974,0.0184987726162954,0.0642767371344328,0.1221333004720526,0.0578565633376197
A07,8,18,34017,2,0,0.5969876789452311,0.1704727793046723,-0.4265148996405587,0.3786543579067308,0.5215827821128851,0.1429284242061542,0.2232679972314678,0.1876474919380674,-0.0356205052934003,0.1289266928705844,0.0717168940345214,-0.057209798836063
A07,8,19,36053,2,0,0.2028020229888772,0.6734686082291351,0.4706665852402579,0.2711408619129578,0.529731493041134,0.2585906311281761,0.1863116708479224,0.1737666196322681,-0.0125450512156543,0.1747761657038692,0.1259346148243414,-0.0488415508795277
A07,8,20,38119,2,0,0.448578628603398,0.155808793593618,-0.2927698350097799,0.5871678740084382,0.4685137876680798,-0.1186540863403583,0.1181479903686726,0.2192710291831972,0.1011230388145246,0.085993490769421,0.0796146403669302,-0.0063788504024908
A07,8,21,40189,2,0,0.1616184239881784,0.350573104429618,0.1889546804414395,0.3555127192547346,0.3216261885370209,-0.0338865307177137,0.21107952444677,0.1210456999137577,-0.0900338245330123,0.0366627316470259,0.2464489407761027,0.2097862091290767
A07,8,22,42269,4,0,0.2333134801901879,0.5317777851085764,0.2984643049183885,0.3728289794615063,0.3335321141144849,-0.0392968653470213,0.2139484744133204,0.2509482567776132,0.0369997823642928,0.0671937151519178,0.0347832582314777,-0.03241045692044
A07,8,23,44181,4,0,0.3645056940691326,0.45550860765434,0.0910029135852074,0.5946412397736047,0.3784623308470047,-0.2161789089265999,0.1424819236481339,0.2198693406331984,0.0773874169850644,0.0403412715590705,0.1234207356447436,0.0830794640856731
A07,8,24,46212,3,0,0.4502937260884975,0.1000027506846055,-0.350290975403892,0.3913000130388296,0.4362016034331125,0.0449015903942828,0.1239625216636282,0.0722342406690347,-0.0517282809945934,0.3139530076192079,0.0848486937105936,-0.2291043139086143
A07,8,25,48165,4,0,0.3728851503926411,0.4116715622512686,0.0387864118586274,0.5201070758402736,0.3955198304021623,-0.1245872454381112,0.2079439638987612,0.275206151053028,0.0672621871542667,0.1138262535229582,0.1094957559795478,-0.0043304975434104
A07,8,26,50126,1,0,0.4759429499392089,0.1803039173557373,-0.2956390325834716,0.4282684678135755,0.3746067596802044,-0.0536617081333711,0.1540114502612607,0.1429853312324294,-0.0110261190288313,0.1718053422858685,0.1355237221511558,-0.0362816201347127
A07,8,27,52230,2,0,0.5093159687462728,0.1343530268680384,-0.3749629418782343,0.5396746207726277,0.5872131425462394,0.0475385217736116,0.1632743694725253,0.2318651786072869,0.0685908091347615,0.1489715287899404,0.0668993737015162,-0.0820721550884242
A07,8,28,54234,3,0,0.5844236735491479,0.450623545580513,-0.1338001279686349,0.4761798500754637,0.239169607558005,-0.2370102425174587,0.158199343610167,0.233368274849943,0.0751689312397759,0.1319757310692324,0.030412007090311,-0.1015637239789214
A07,8,29,56209,2,0,0.5296580700872953,0.3651875125287201,-0.1644705575585751,0.315951963211918,0.4760168914253619,0.1600649282134439,0.25731721401181,0.2509188613379848,-0.0063983526738252,0.0820232063768377,0.0734432610759076,-0.00857994530093
A07,8,30,58235,1,0,0.2258785375757436,0.2432635620762098,0.0173850245004661,0.4854851095324815,0.287138568077097,-0.1983465414553844,0.2859813132998519,0.1269626997542616,-0.1590186135455902,0.0947309241716577,0.1718131642827509,0.0770822401110932
A07,8,31,60306,4,0,0.5492321005296122,0.3279683272392517,-0.2212637732903605,0.3473259303160165,0.330022074859344,-0.0173038554566725,0.1232478433433752,0.2121651084462653,0.08891726510289,0.0256866402213522,0.1170995089728614,0.0914128687515092
A07,8,32,62413,1,0,0.4854002091020609,0.5859067895767727,0.1005065804747117,0.3820186503005653,0.2371800978190113,-0.144838552481554,0.1642112944009549,0.2050121951559796,0.0408009007550247,0.0634502479776288,0.0791910340001141,0.0157407860224853
A07,8,33,64505,4,0,0.3900058988942589,0.4736783556370372,0.0836724567427782,0.5345819526578415,0.386153484624454,-0.1484284680333875,0.1816907272372626,0.2369575981698242,0.0552668709325616,0.1076671722266353,0.2712500937773473,0.1635829215507119
A07,8,34,66596,1,0,0.1063439646330523,0.5932692019693379,0.4869252373362855,0.1427885268757944,0.549578676241653,0.4067901493658585,0.0906912592393862,0.1512764983058012,0.0605852390664149,0.1262343869358763,0.0420393182923734,-0.0841950686435029
A07,8,35,68639,1,0,0.3906757170841626,0.2259664438167448,-0.1647092732674178,0.2806328128668053,0.5167873808423876,0.2361545679755822,0.1356564401673634,0.1271045500040502,-0.0085518901633132,0.1509463016188398,0.1062087235000299,-0.0447375781188098
A07,8,36,70703,1,0,0.4574091782374747,0.2930826871051963,-0.1643264911322784,0.069589098453556,0.4955449035631301,0.4259558051095741,0.1214240392187263,0.1422639145249137,0.0208398753061873,0.2348517935644429,0.0680389253120662,-0.1668128682523766
A07,8,37,72723,1,0,0.5706630801643039,0.2964590459283425,-0.2742040342359613,0.6402506821107801,0.3714614215747512,-0.2687892605360288,0.127919112582559,0.2446067726386869,0.1166876600561279,0.2019875001806792,0.1141804861319072,-0.0878070140487719
A07,8,38,74695,3,0,0.6831192508108511,0.3243282020872951,-0.358791048723556,0.6029642644661727,0.4020677005663839,-0.2008965638997887,0.1227165458436342,0.2776827210029839,0.1549661751593497,0.1996986096006507,0.0487214315763369,-0.1509771780243138
A07,8,39,76658,3,0,0.4502071321003668,0.4322647340714343,-0.0179423980289324,0.3951368112665493,0.3376271363617978,-0.0575096749047515,0.1364504182005644,0.1598234311245401,0.0233730129239756,0.0865299330196288,0.0764468067993075,-0.0100831262203212
A07,8,40,78583,4,0,0.3162676615489416,0.3606075177051577,0.0443398561562161,0.4784481651706335,0.1648506944227223,-0.3135974707479112,0.1954674001409116,0.3058752101586638,0.1104078100177521,0.1581044213565526,0.0291148661865249,-0.1289895551700276
A07,8,41,80664,2,0,0.5625321634123879,0.3427171272468487,-0.2198150361655391,0.6502949124725294,0.4697355689932813,-0.180559343479248,0.1090430958352698,0.3187084326022946,0.2096653367670247,0.0772929598014577,0.0803104142527829,0.0030174544513251
A07,8,42,82642,3,0,0.692864106768074,0.3190559705027157,-0.3738081362653582,0.4397106636300407,0.3346602586989539,-0.1050504049310868,0.2079981097192138,0.3370009159783381,0.1290028062591242,0.1580555484439416,0.2484132367098915,0.0903576882659498
A07,8,43,84632,3,0,0.6721443068395017,0.3395535664020603,-0.3325907404374413,0.4025243490553372,0.4076258629503216,0.0051015138949844,0.244332463825091,0.1317508115398724,-0.1125816522852186,0.0746346292651636,0.0984179426861233,0.0237833134209596
A07,8,44,86751,3,0,0.5003150367144132,0.441292180492414,-0.0590228562219992,0.3555513002512664,0.2780839477553659,-0.0774673524959004,0.1360967152752319,0.2580279372610624,0.1219312219858305,0.1372526918702442,0.1058526388348974,-0.0314000530353468
A07,8,45,88657,4,0,0.6073200045819821,0.4386709072494163,-0.1686490973325657,0.5324707745597272,0.5192795621696417,-0.0131912123900855,0.1962783350334311,0.2108875368867741,0.0146092018533429,0.0848446878535008,0.1972726066157639,0.1124279187622631
A07,8,46,90585,3,0,0.2610072859867116,0.3147732122191788,0.0537659262324672,0.3240081004974419,0.3775513160574665,0.0535432155600246,0.2457250205700479,0.1995193674967907,-0.0462056530732571,0.0967781325278175,0.0762870122900829,-0.0204911202377345
A07,8,47,92699,1,0,0.2661263142436778,0.1221468718114453,-0.1439794424322324,0.2485954880163152,0.1615113312164989,-0.0870841567998162,0.282376573378075,0.0941803383203482,-0.1881962350577267,0.1074994614801698,0.1578312876999166,0.0503318262197467
A07,8,48,94758,3,0,0.4884261346054065,0.3238925807586051,-0.1645335538468014,0.6423789790969389,0.3364282539720432,-0.3059507251248956,0.3320634949102205,0.1720951479062956,-0.1599683470039249,0.203222307374788,0.2681092743940282,0.0648869670192402
A08,3,1,251,1,0,0.5529222468392818,0.4757875997139427,-0.077134647125339,0.4148372909677798,0.6186755531632444,0.2038382621954645,0.685721356370383,0.6451620535633072,-0.0405593028070757,0.5710059283170158,0.8721936416491595,0.3011877133321436
A08,3,2,2254,2,0,0.6034355251497354,0.5756786173815537,-0.0277569077681817,0.4323652425604693,0.8377981635966718,0.4054329210362025,0.6922444085965401,0.7427266261311052,0.050482217534565,0.8553744501442022,0.8402308149379409,-0.0151436352062612
A08,3,3,4172,2,0,0.5752424210107832,0.6159779166803109,0.0407354956695277,0.5145479454509512,0.7568629778841242,0.2423150324331729,0.5009693635292239,0.7091908355888001,0.2082214720595762,0.786382249725149,0.7913366406199547,0.0049543908948056
A08,3,4,6124,1,0,0.2958332655476151,0.5822166971036031,0.286383431555988,0.4037395060898104,0.4795566820080751,0.0758171759182647,0.6070821108320253,0.7193321385949835,0.1122500277629581,0.5792282989653926,0.7666599316441844,0.1874316326787918
A08,3,5,8132,2,0,0.7513207120472496,0.5672702849125649,-0.1840504271346846,0.6503744772089719,0.3791899212129804,-0.2711845559959915,0.570676041097753,0.67766268067208,0.1069866395743269,0.760913624232651,0.8044752335967223,0.0435616093640713
A08,3,6,10243,1,0,0.6747690920715158,0.6244295131426713,-0.0503395789288445,0.5554161748796497,0.5685420970977605,0.0131259222181108,0.6395392643405248,0.661906610287794,0.0223673459472691,0.8589262379107839,0.8768518180728166,0.0179255801620327
A08,3,7,12160,2,0,0.7450338877075563,0.4009987281292094,-0.3440351595783469,0.337724238587835,0.6868746060717642,0.3491503674839291,0.7280480235281522,0.7364517483131646,0.0084037247850123,0.8078447296734899,0.8176308562472322,0.0097861265737423
A08,3,8,14210,3,0,0.4942620603554343,0.2673799992846805,-0.2268820610707538,0.505165114611106,0.5076039063510308,0.0024387917399247,0.5680791310717607,0.632903025469842,0.0648238943980813,0.6831727548353524,0.7830852903786996,0.0999125355433471
A08,3,9,16141,2,0,0.6818281691907068,0.6317388609205301,-0.0500893082701766,0.2347894297600503,0.6436759603620495,0.4088865306019992,0.6338779907467471,0.557839588378666,-0.0760384023680811,0.8209274380711804,0.7329744485861462,-0.0879529894850341
A08,3,11,20045,1,0,0.6043422136375404,0.5909489951781347,-0.0133932184594056,0.7202564739067194,0.7179051948060339,-0.0023512791006855,0.6995160831537202,0.7431701473692787,0.0436540642155585,0.8740423817375167,0.8550129209604248,-0.0190294607770918
A08,3,12,21940,3,0,0.6196919739705328,0.4460261616051685,-0.1736658123653642,0.3198943941548695,0.579529038104341,0.2596346439494715,0.5609609780931424,0.6066621474078032,0.0457011693146608,0.7675775819549571,0.8539837443120335,0.0864061623570764
A08,3,13,23912,2,0,0.5648127005421185,0.6078776856429282,0.0430649851008096,0.4879946703358637,0.601203701134008,0.1132090307981442,0.6532495375829378,0.7327229469181368,0.0794734093351989,0.7613373561034706,0.8345959572787327,0.073258601175262
A08,3,14,25856,1,0,0.5626601120580564,0.3709595554305636,-0.1917005566274928,0.4790885855778796,0.6029739250543568,0.1238853394764771,0.6049176352429291,0.6314781852901555,0.0265605500472264,0.7686331424523968,0.7705587353935195,0.0019255929411227
A08,3,15,27823,4,0,0.7669875756027372,0.4529026219740505,-0.3140849536286867,0.3520689141484054,0.3893648094415947,0.0372958952931893,0.5000230829239654,0.7282233273808802,0.2282002444569149,0.6043570176145036,0.7678880828684783,0.1635310652539747
A08,3,16,29943,4,0,0.4074984528752049,0.6163413512839178,0.2088428984087128,0.7954449266812889,0.6121685749539977,-0.1832763517272911,0.5431984052749362,0.6191350681840257,0.0759366629090895,0.6453606782618097,0.76162691637792,0.1162662381161103
A08,3,17,31951,4,0,0.565871897360939,0.7309364016854784,0.1650645043245393,0.4304848445083103,0.5499305659468696,0.1194457214385593,0.5500932086370128,0.6706786665766827,0.1205854579396699,0.7573664683490371,0.8606979477472975,0.1033314793982603
A08,3,18,34017,4,0,0.4030570223187907,0.4516906133108526,0.0486335909920618,0.5438368348877205,0.5488691339677694,0.0050322990800488,0.5733029614631961,0.7087183287189012,0.135415367255705,0.6375274657858824,0.7660010068117679,0.1284735410258854
A08,3,19,36053,4,0,0.5902862030070647,0.6322023154239514,0.0419161124168867,0.4855633345863835,0.532743656237398,0.0471803216510144,0.5941123154475341,0.6114631944274173,0.0173508789798831,0.524317578035999,0.7774752113677541,0.2531576333317551
A08,3,21,40189,3,0,0.6241140805535469,0.4626710724219912,-0.1614430081315557,0.545811510049689,0.7376990420941307,0.1918875320444417,0.6444385128399316,0.574840092536723,-0.0695984203032086,0.7016381549328041,0.838668736917574,0.1370305819847699
A08,3,22,42269,2,0,0.7949801106087401,0.6267109394174598,-0.1682691711912802,0.5133757133202602,0.743034828388628,0.2296591150683677,0.5572844205206643,0.6405655125004074,0.0832810919797431,0.6563521147507893,0.7780220954929534,0.1216699807421641
A08,3,23,44181,1,0,0.4377212139348182,0.3425198896165087,-0.0952013243183095,0.3278973719262628,0.5328230438345368,0.204925671908274,0.6544755139679527,0.7142649029969327,0.05978938902898,0.7597252338311201,0.8846124230536505,0.1248871892225303
A08,3,24,46212,1,0,0.3712272145030794,0.6022737193332587,0.2310465048301793,0.6574292599881625,0.4466736378090505,-0.2107556221791119,0.6277559614227014,0.6427884940024725,0.0150325325797711,0.7600315435462249,0.7829260188361565,0.0228944752899316
A08,3,25,48165,3,0,0.6261187113694852,0.2853024635429361,-0.340816247826549,0.4192416278079172,0.4008498160293417,-0.0183918117785754,0.4069330527610201,0.6179116456798743,0.2109785929188541,0.7103896978871804,0.833957271387206,0.1235675735000255
A08,3,26,50126,4,0,0.543866044047087,0.2560392018383657,-0.2878268422087213,0.5513109005397941,0.2835759595747494,-0.2677349409650447,0.5577689001621483,0.6209748822235284,0.06320598206138,0.7140425270043371,0.8836001724256032,0.169557645421266
A08,3,27,52230,1,0,0.4551952877125561,0.5132756129355049,0.0580803252229488,0.3515299341742836,0.7513387653591403,0.3998088311848567,0.5951326321824284,0.6733593407585656,0.0782267085761372,0.693898144304597,0.7604561163498735,0.0665579720452765
A08,3,29,56209,3,0,0.6415721704140825,0.3294570339056306,-0.3121151365084519,0.4294986209397374,0.4951272122542264,0.0656285913144889,0.4153502604997229,0.6617391612923483,0.2463889007926253,0.7066691295455899,0.7556414085748201,0.0489722790292301
A08,3,30,58235,3,0,0.6927349544436456,0.5739434185656337,-0.1187915358780119,0.4982241295042326,0.6174689771326799,0.1192448476284472,0.6074646700750538,0.6856623677568762,0.0781976976818223,0.6614824032870575,0.8263439899224545,0.1648615866353969
A08,3,31,60306,1,0,0.748830259292858,0.5363034606298156,-0.2125267986630423,0.5903535101764873,0.69179673253365,0.1014432223571627,0.617009895391653,0.4944278133460334,-0.1225820820456195,0.8393384171850615,0.8552963443809879,0.0159579271959263
A08,3,32,62413,2,0,0.503449920122222,0.7376734707640684,0.2342235506418464,0.5530956382009091,0.5368349674374627,-0.0162606707634463,0.6746116102656685,0.6004292906336307,-0.0741823196320378,0.7715508316876865,0.8135584665580415,0.042007634870355
A08,3,33,64505,1,0,0.4995119215682413,0.6034102263072212,0.1038983047389798,0.4727898904734375,0.4204314564340195,-0.0523584340394179,0.4430144219673808,0.5978944952372336,0.1548800732698527,0.8035954466475985,0.8387262080150825,0.0351307613674839
A08,3,34,66596,2,0,0.455477199810292,0.6343250674727187,0.1788478676624266,0.317496287565011,0.4618383018394016,0.1443420142743906,0.5424162818379262,0.6591417903250312,0.1167255084871049,0.7537023243104729,0.7869555403726837,0.0332532160622107
A08,3,35,68639,2,0,0.5773266966621043,0.433204628519217,-0.1441220681428873,0.6555520399754088,0.6059906742534429,-0.0495613657219659,0.7352055128318107,0.6622424044003719,-0.0729631084314388,0.802786496042387,0.8427865547968842,0.0400000587544971
A08,3,36,70703,1,0,0.5163840475095861,0.5637190956698452,0.0473350481602591,0.5883462823144133,0.550324487989943,-0.0380217943244702,0.7012467389755355,0.5901133611446786,-0.1111333778308568,0.8157353803404165,0.7593647880252495,-0.0563705923151669
A08,3,37,72723,2,0,0.5896210609521749,0.5082577260374717,-0.0813633349147032,0.7504553477459079,0.5956574317228193,-0.1547979160230886,0.5768151608452594,0.5830110766584218,0.0061959158131623,0.7721675937169731,0.7588091588940252,-0.0133584348229478
A08,3,38,74695,3,0,0.5083121064262202,0.3274783883096804,-0.1808337181165397,0.5515071224354252,0.4161507544866832,-0.1353563679487419,0.589777687228997,0.600856661003947,0.0110789737749499,0.7095309243123648,0.7400191135048944,0.0304881891925296
A08,3,39,76658,2,0,0.2199714566661783,0.2673644418599304,0.0473929851937521,0.3034314596183712,0.4510792683222567,0.1476478087038855,0.5082808082620857,0.5451953795774116,0.0369145713153259,0.6040323550971435,0.6987064923833997,0.0946741372862561
A08,3,40,78583,3,0,0.7242138232761108,0.5845689232649074,-0.1396449000112034,0.7191956317181408,0.4239316750106198,-0.295263956707521,0.6564140084584656,0.496289992837389,-0.1601240156210766,0.7944227660629327,0.7769684372845788,-0.0174543287783539
A08,3,41,80664,3,0,0.7412990045876613,0.4623192701064096,-0.2789797344812517,0.2154113890820636,0.523075872085451,0.3076644830033874,0.3506130527132743,0.6158356258676498,0.2652225731543755,0.5171249124953636,0.7987811315721285,0.2816562190767648
A08,3,42,82642,4,0,0.4516008880319381,0.5329083880752455,0.0813075000433073,0.316880154070075,0.1686295520676591,-0.1482506020024159,0.5788380114828712,0.4902696713395783,-0.0885683401432928,0.7337562709392026,0.7142109805142302,-0.0195452904249724
A08,3,43,84632,3,0,0.5181642889603758,0.6456480998791351,0.1274838109187592,0.4005856477132832,0.4668778047711509,0.0662921570578676,0.6112293571198155,0.5702711577107566,-0.0409581994090588,0.5826614983463785,0.755002796838901,0.1723412984925225
A08,3,44,86751,3,0,0.6326544482221099,0.4265135469836582,-0.2061409012384517,0.5039787610284828,0.6507869583135999,0.146808197285117,0.4657459100077687,0.600704384124724,0.1349584741169552,0.5603256277060347,0.72052246865721,0.1601968409511753
A08,3,45,88657,4,0,0.6289871341829364,0.3205369765694338,-0.3084501576135026,0.1298211719885047,0.5994152429526824,0.4695940709641777,0.5583999799688101,0.60148999872683,0.0430900187580198,0.5458590647071132,0.6777843152034021,0.1319252504962889
A08,3,46,90585,4,0,0.2634557900929944,0.3734650048939875,0.110009214800993,0.5302499701625089,0.5709639043882889,0.04071393422578,0.5261519411579358,0.4368959709831744,-0.0892559701747613,0.7117394220478179,0.6725041368561797,-0.0392352851916382
A08,3,47,92699,4,0,0.3196013892103463,0.5320945702255556,0.2124931810152093,0.5675094320169317,0.255854651331475,-0.3116547806854567,0.7041267991047231,0.5379571126704411,-0.1661696864342819,0.7043016584088008,0.7470835132872276,0.0427818548784267
A08,3,48,94758,4,0,0.6036907380963336,0.6289103440003717,0.0252196059040381,0.4854475201817982,0.6942771344560682,0.20882961427427,0.5098159623239608,0.6160000722890019,0.1061841099650411,0.5520767557850307,0.7141053234005372,0.1620285676155065
A08,4,1,251,4,0,0.5300648868625426,0.5712183747827492,0.0411534879202065,0.6731794993138571,0.5976830238586307,-0.0754964754552264,0.6869019186643568,0.6939153816638379,0.0070134629994811,0.8882835839881044,0.9003958739010081,0.0121122899129036
A08,4,2,2254,3,0,0.5932672277615897,0.6629877863716535,0.0697205586100637,0.7500746761830531,0.5730222678159338,-0.1770524083671193,0.7327484795427799,0.7804025725607321,0.0476540930179522,0.8502555577339247,0.9310811726244868,0.0808256148905621
A08,4,3,4172,2,0,0.5969936256741504,0.4739610167753604,-0.1230326088987899,0.4548965447558513,0.7218202008725595,0.2669236561167081,0.6900014095004317,0.7962067216048972,0.1062053121044656,0.7061303526670966,0.9067711158848364,0.2006407632177397
A08,4,4,6124,1,0,0.6423404522748744,0.5821046197382852,-0.0602358325365891,0.3769544901023029,0.67738197522717,0.3004274851248671,0.6823376334081616,0.7533266258185863,0.0709889924104247,0.9061851155458528,0.8970647118390461,-0.0091204037068065
A08,4,5,8132,1,0,0.4125695669766714,0.4872904848177048,0.0747209178410334,0.5564319118682854,0.4053455523427151,-0.1510863595255703,0.6700159891729272,0.7419966858357855,0.0719806966628583,0.6728498224941445,0.8884646846667384,0.2156148621725939
A08,4,6,10243,2,0,0.5693118267371711,0.4223084571632145,-0.1470033695739565,0.4437863588033771,0.7501184874523812,0.306332128649004,0.6663516611625118,0.7622432308163152,0.0958915696538034,0.9133950927763884,0.8689401775296686,-0.0444549152467199
A08,4,7,12160,3,0,0.3051306427446424,0.6228772171728088,0.3177465744281663,0.4343977405791526,0.44268867398634,0.0082909334071873,0.6498665986589657,0.7909173781982675,0.1410507795393017,0.6428109976618469,0.9152800979827964,0.2724691003209495
A08,4,8,14210,4,0,0.6860958087194184,0.4611449004647365,-0.2249509082546819,0.5967476243741341,0.6155716728520962,0.0188240484779621,0.8023694038435428,0.6553825379554584,-0.1469868658880844,0.8296159937811927,0.8034048242198724,-0.0262111695613203
A08,4,9,16141,2,0,0.5986336335051192,0.4411752800552341,-0.157458353449885,0.8253055627559859,0.7473973446610165,-0.0779082180949694,0.758441982252309,0.7908389436741026,0.0323969614217936,0.882679717852685,0.8892521437919161,0.0065724259392311
A08,4,10,18139,3,0,0.6085558889909127,0.5168828834844693,-0.0916730055064434,0.6682771549416008,0.4583319216160701,-0.2099452333255306,0.6756471342465805,0.7693348537562761,0.0936877195096955,0.7410172691824124,0.9230903883679614,0.182073119185549
A08,4,11,20045,1,0,0.5149587762128442,0.5788554714027876,0.0638966951899433,0.7078781370266335,0.4968361663701936,-0.2110419706564398,0.5677115608834866,0.6958627969777458,0.1281512360942591,0.8203280749228961,0.8927241250275136,0.0723960501046175
A08,4,12,21940,1,0,0.6785165381199704,0.4619941028844107,-0.2165224352355596,0.389044566939031,0.7435533432309392,0.3545087762919082,0.6616797421473034,0.7787621512181854,0.1170824090708819,0.8858832984168613,0.8986445092769786,0.0127612108601172
A08,4,13,23912,1,0,0.5746072440537543,0.6020342680436748,0.0274270239899204,0.5350363527049884,0.5284420830460987,-0.0065942696588896,0.7019445896471411,0.8025335058610332,0.1005889162138921,0.8730115513360914,0.9095411815464098,0.0365296302103184
A08,4,14,25856,4,0,0.5365792417747086,0.4485271797131385,-0.08805206206157,0.518678545638969,0.3839165370478216,-0.1347620085911474,0.645291273208902,0.7663162095539571,0.121024936345055,0.8024047000620315,0.9156475061319984,0.113242806069967
A08,4,15,27823,2,0,0.2373864634581959,0.4274806046264294,0.1900941411682335,0.495323132417414,0.5907490209243164,0.0954258885069023,0.6413486059866076,0.6960431760968914,0.0546945701102837,0.8260256773640349,0.9142139350575764,0.0881882576935416
A08,4,16,29943,2,0,0.6271257579519974,0.474809477292316,-0.1523162806596814,0.4683476214681508,0.673997026132452,0.2056494046643012,0.6334501615364516,0.6876716906931531,0.0542215291567015,0.8027427391338963,0.8607003215270421,0.0579575823931458
A08,4,17,31951,1,0,0.5600136775550945,0.3749275215953201,-0.1850861559597743,0.4213728974970831,0.5434502738942457,0.1220773763971626,0.7220081278286089,0.7660066573584563,0.0439985295298474,0.7979757002236335,0.9238737466941686,0.125898046470535
A08,4,18,34017,1,0,0.7433922592231671,0.4137560547757534,-0.3296362044474136,0.4021183945452543,0.51592180408097,0.1138034095357157,0.7484252018882974,0.7705056893101114,0.022080487421814,0.8509933217126184,0.9174074234286892,0.0664141017160707
A08,4,20,38119,1,0,0.783618837038805,0.5508861610917328,-0.2327326759470721,0.6486260560301416,0.5803202024587881,-0.0683058535713534,0.7186338959871771,0.8005201096636554,0.0818862136764783,0.8670722736514013,0.9012660440415134,0.0341937703901121
A08,4,21,40189,2,0,0.5208167523513687,0.4521477136970994,-0.0686690386542692,0.4393511157477704,0.6759939348905958,0.2366428191428253,0.769512207418864,0.774550240448428,0.005038033029564,0.8706811029106492,0.9573020186938808,0.0866209157832317
A08,4,22,42269,4,0,0.6401616932413302,0.3833893530725624,-0.2567723401687678,0.580793601483509,0.1704363092644649,-0.410357292219044,0.7439382535782728,0.7093879326560009,-0.0345503209222719,0.7966184713845396,0.8579236411170591,0.0613051697325195
A08,4,23,44181,4,0,0.5105515224110891,0.6205999635745847,0.1100484411634955,0.4246355911706069,0.3783320832124427,-0.0463035079581641,0.8502499518188434,0.7380456265015379,-0.1122043253173055,0.8223112756140473,0.9005113045199317,0.0782000289058844
A08,4,24,46212,3,0,0.5373074328390983,0.5972254503600292,0.0599180175209308,0.3786454446396456,0.5412111356554357,0.16256569101579,0.6872189847387753,0.8140062303248136,0.1267872455860382,0.8708885936000313,0.9458119911073114,0.07492339750728
A08,4,25,48165,1,0,0.7592980022197132,0.6230916102017606,-0.1362063920179526,0.595637258349275,0.6421130629561352,0.0464758046068602,0.798037315055394,0.8287476089150335,0.0307102938596395,0.9393932225865832,0.8736893984438706,-0.0657038241427124
A08,4,26,50126,4,0,0.6470374362421686,0.5398329838094332,-0.1072044524327353,0.5754782694985343,0.5997164386977963,0.024238169199262,0.8201354343299891,0.7909493568252993,-0.0291860775046898,0.9199994362435944,0.8530877506048825,-0.0669116856387119
A08,4,27,52230,4,0,0.5643831610576495,0.4665368652075251,-0.0978462958501244,0.4044737324913426,0.5905382772478153,0.1860645447564726,0.6620271289009817,0.7600053228330869,0.0979781939321051,0.8796822372808087,0.8890756470943576,0.0093934098135488
A08,4,28,54234,2,0,0.6644168143427063,0.3036525962306781,-0.3607642181120281,0.522385772163988,0.7399266858488627,0.2175409136848747,0.6961424434552766,0.7803427620883647,0.084200318633088,0.9017639790584228,0.929367132010185,0.027603152951762
A08,4,29,56209,4,0,0.4377495225885596,0.6211276540909865,0.1833781315024268,0.6135043339959988,0.7030340507841311,0.0895297167881322,0.7932005032642522,0.6837359695153461,-0.109464533748906,0.8934316102460631,0.8809512007255821,-0.012480409520481
A08,4,30,58235,4,0,0.378443333259525,0.4767185868163938,0.0982752535568687,0.6507931211165018,0.6045507714491295,-0.0462423496673722,0.7777060130567314,0.7531257760983943,-0.0245802369583371,0.8814095587541592,0.9171811567790692,0.0357715980249101
A08,4,31,60306,2,0,0.559802093772379,0.5064480303695922,-0.0533540634027868,0.4821273357760552,0.4382250358272186,-0.0439022999488366,0.6616473592626549,0.6666731149381022,0.0050257556754472,0.8473272841954931,0.8961866462173684,0.0488593620218753
A08,4,32,62413,1,0,0.5117501176400359,0.3112110271864133,-0.2005390904536225,0.5967247760744733,0.5739000670716609,-0.0228247090028124,0.7469249852021473,0.766417065986256,0.0194920807841086,0.8911089079920583,0.8876606668185125,-0.0034482411735458
A08,4,33,64505,2,0,0.6572409192022628,0.4479342108071892,-0.2093067083950736,0.3955270823336627,0.6771581430729264,0.2816310607392637,0.7274368001581586,0.7980616270153335,0.0706248268571748,0.8977816749258588,0.8698312607109528,-0.0279504142149059
A08,4,34,66596,3,0,0.470096097349811,0.6100725300666819,0.1399764327168709,0.618486896940127,0.6302785490123498,0.0117916520722227,0.7356136846434681,0.788699742903459,0.0530860582599909,0.8355770484693862,0.8744835251900897,0.0389064767207034
A08,4,35,68639,3,0,0.413519456660204,0.3850748267569271,-0.0284446299032768,0.5736108396333999,0.2860723422362213,-0.2875384973971785,0.664518276891965,0.7696704639551174,0.1051521870631524,0.8998252973284163,0.9229409483725356,0.0231156510441192
A08,4,36,70703,3,0,0.4664325161711029,0.4832253093281552,0.0167927931570522,0.2692582516541123,0.471454534944099,0.2021962832899866,0.749920872996334,0.7115809740265784,-0.0383398989697556,0.9091274416213374,0.8782732362373232,-0.0308542053840141
A08,4,37,72723,4,0,0.6550698633602092,0.4373602909080233,-0.2177095724521858,0.2315205736615639,0.4732252627257624,0.2417046890641984,0.7414456461761033,0.7268772338587582,-0.014568412317345,0.8028851520086857,0.8479729732872118,0.045087821278526
A08,4,38,74695,3,0,0.2925678628241792,0.3816582419986101,0.0890903791744309,0.541123810620765,0.4418383338764626,-0.0992854767443023,0.6578679125211282,0.7009524706690288,0.0430845581479005,0.8491398356218827,0.8884400350171822,0.0393001993952994
A08,4,39,76658,1,0,0.3350009003333217,0.3767127249062666,0.0417118245729449,0.4470430266769119,0.4829746115070687,0.0359315848301567,0.6660488388376474,0.7556721284431615,0.089623289605514,0.9135201812555016,0.8886480805151089,-0.0248721007403925
A08,4,40,78583,4,0,0.361669354544676,0.3978799876655017,0.0362106331208257,0.5677489582459624,0.7217951006805128,0.1540461424345504,0.7253644745305612,0.6954781551267378,-0.0298863194038233,0.8675544243331371,0.8919038687854123,0.0243494444522751
A08,4,41,80664,2,0,0.7013785734075401,0.4099911065038371,-0.2913874669037029,0.8135687004862008,0.6024501150971373,-0.2111185853890634,0.7853078277041227,0.7698559399890491,-0.0154518877150735,0.8521575475449464,0.8799755994492378,0.0278180519042913
A08,4,42,82642,3,0,0.5228301183270363,0.5952257929144029,0.0723956745873666,0.3794435690245074,0.5710808292183296,0.1916372601938221,0.5283847345039371,0.6510401760246506,0.1226554415207135,0.810771106829927,0.8963634072528086,0.0855923004228815
A08,4,44,86751,3,0,0.6027069571916741,0.4910481093802594,-0.1116588478114147,0.5075355336307178,0.3574903902655161,-0.1500451433652016,0.6806672512488701,0.7029993569666578,0.0223321057177877,0.7854672595047397,0.8712976940165643,0.0858304345118246
A08,4,46,90585,2,0,0.605325535416066,0.455163425880048,-0.150162109536018,0.6593561785318955,0.4864055683515332,-0.1729506101803622,0.6318672476722128,0.7002951996422168,0.0684279519700039,0.8531308341233237,0.8837594831244405,0.0306286490011168
A08,4,47,92699,3,0,0.6890164220392475,0.5066003778819015,-0.182416044157346,0.7162626311248397,0.5713892012090065,-0.1448734299158331,0.7792377714664577,0.7558063509871941,-0.0234314204792636,0.8156372716646045,0.8692823856733656,0.053645114008761
A08,4,48,94758,1,0,0.665872614237446,0.5407789198356562,-0.1250936944017898,0.4728239248122667,0.7025611618464495,0.2297372370341827,0.665077733158779,0.8173257572973155,0.1522480241385364,0.7872943141391728,0.8986734268699148,0.1113791127307419
A08,5,1,251,1,0,0.725338762751887,0.3055168823473346,-0.4198218804045523,0.5941464725097536,0.6716010552663482,0.0774545827565945,0.642499817750234,0.7391388975482188,0.0966390797979848,0.7877459044776959,0.8890746238468799,0.1013287193691839
A08,5,2,2254,1,0,0.6699867269815819,0.4281870889496869,-0.2417996380318949,0.3332317251722371,0.5477260088198902,0.214494283647653,0.6112640219758841,0.6511322164081472,0.039868194432263,0.8233100979233903,0.8456498767437598,0.0223397788203695
A08,5,3,4172,4,0,0.471880238151929,0.4594500589938185,-0.0124301791581104,0.3403620270710621,0.5176723871202101,0.177310360049148,0.5431117845345611,0.6160512814263066,0.0729394968917455,0.5631518412684183,0.7319429018739773,0.1687910606055589
A08,5,4,6124,2,0,0.4695700216549262,0.3995054783853585,-0.0700645432695676,0.5068421064197242,0.5930818734142563,0.0862397669945321,0.5785645802998459,0.6342189774865693,0.0556543971867233,0.7978241441409041,0.7381283949438722,-0.0596957491970319
A08,5,5,8132,1,0,0.6190382213288529,0.5119530704851378,-0.107085150843715,0.4958483158093669,0.6580954408538825,0.1622471250445156,0.5963673205828444,0.6216706454492519,0.0253033248664075,0.8319274831438186,0.7687485924196507,-0.0631788907241679
A08,5,6,10243,3,0,0.4012558622609209,0.5614098075340254,0.1601539452731044,0.5637711099032438,0.3931062818569829,-0.1706648280462608,0.5125245485077515,0.5988250098650806,0.086300461357329,0.7938609982382402,0.7219443717866877,-0.0719166264515525
A08,5,7,12160,1,0,0.6731401925505358,0.6293036321118282,-0.0438365604387076,0.8488407034736846,0.6079096226749877,-0.2409310807986968,0.5871238877584634,0.5813047207916854,-0.0058191669667779,0.7214193008331306,0.7298762069189639,0.0084569060858333
A08,5,8,14210,3,0,0.4540909897919288,0.5929118619934771,0.1388208722015482,0.6728954883764954,0.5420620834264757,-0.1308334049500197,0.4645239548700014,0.6141742116117603,0.1496502567417589,0.6438019077988314,0.8486404834753071,0.2048385756764756
A08,5,9,16141,2,0,0.7103694226443594,0.338984516966704,-0.3713849056776553,0.7822608819522253,0.65798894542098,-0.1242719365312453,0.7163736060713034,0.6034441103674701,-0.1129294957038332,0.6862179851441809,0.7770575572929668,0.0908395721487859
A08,5,10,18139,4,0,0.5414128705885972,0.5614948093925923,0.0200819388039951,0.5387086224663774,0.481833159684462,-0.0568754627819154,0.5887344114551248,0.509583227673292,-0.0791511837818328,0.797874368506896,0.7651101242487156,-0.0327642442581803
A08,5,11,20045,1,0,0.6429379501545035,0.5515315249364647,-0.0914064252180387,0.6058255848212131,0.6574607332539568,0.0516351484327437,0.6087158867729565,0.6952148573498228,0.0864989705768662,0.762930222546551,0.7566016560329529,-0.006328566513598
A08,5,12,21940,3,0,0.5879320002999233,0.5982449514664456,0.0103129511665223,0.542991706144429,0.4553378518900447,-0.0876538542543843,0.3338074365802218,0.5867180442057903,0.2529106076255685,0.5421798409215276,0.7719795567203072,0.2297997157987795
A08,5,13,23912,3,0,0.3587120220654039,0.7268680636536524,0.3681560415882485,0.3697965285931072,0.6972848403776605,0.3274883117845533,0.5919910796877355,0.5817616592065532,-0.0102294204811822,0.702012888064355,0.8355860023460296,0.1335731142816746
A08,5,14,25856,1,0,0.5252725128337954,0.5033905623839445,-0.0218819504498508,0.7265962120734528,0.7688955947404629,0.04229938266701,0.5068730637817968,0.7415223308924802,0.2346492671106834,0.7911144978887579,0.6913418230230726,-0.0997726748656853
A08,5,15,27823,3,0,0.5421302259419487,0.5054561467209447,-0.0366740792210039,0.8147115220126787,0.5057080509721308,-0.3090034710405479,0.5144748386710994,0.604137293887474,0.0896624552163745,0.8286162993582346,0.7622500879621341,-0.0663662113961004
A08,5,16,29943,2,0,0.7049272838495916,0.7512067301111631,0.0462794462615715,0.3427730982193174,0.7451290260983481,0.4023559278790306,0.5006161490192323,0.5945885703244692,0.0939724213052368,0.7769378163543357,0.7905741930767893,0.0136363767224536
A08,5,17,31951,4,0,0.2425770544173236,0.4835199030187971,0.2409428486014735,0.5824316614674602,0.5545373021642593,-0.0278943593032008,0.5738442940819594,0.5343240922117525,-0.0395202018702068,0.513517803861176,0.7761750632113972,0.2626572593502212
A08,5,18,34017,4,0,0.5683526533020704,0.5712569571124132,0.0029043038103427,0.6158901691359967,0.6643371390243669,0.0484469698883701,0.4615064244696837,0.6615941562918322,0.2000877318221484,0.7632112445512982,0.7780586723734109,0.0148474278221126
A08,5,19,36053,4,0,0.8133111875067468,0.5886188677247496,-0.2246923197819972,0.4362096799894437,0.6190552052483005,0.1828455252588567,0.4691817344502038,0.5571721518826248,0.087990417432421,0.7957748029314953,0.8196863485242114,0.0239115455927161
A08,5,20,38119,3,0,0.6551502207835552,0.6222358786746939,-0.0329143421088613,0.5706319110509906,0.5156972637463743,-0.0549346473046163,0.4375126122095105,0.7320664636148023,0.2945538514052918,0.6833360673415468,0.5842459349036069,-0.0990901324379399
A08,5,21,40189,1,0,0.5523922229723676,0.6360744834238359,0.0836822604514683,0.5711088020835394,0.6829647448094252,0.1118559427258857,0.4448198442144261,0.679979670256686,0.2351598260422599,0.6418556837871587,0.736853999915537,0.0949983161283782
A08,5,22,42269,4,0,0.4557851775520726,0.4649469400861464,0.0091617625340738,0.2350401532672219,0.5241972544482886,0.2891571011810666,0.5969179807428573,0.6662541686982573,0.0693361879553999,0.7773914675547253,0.7775284717724892,0.0001370042177638
A08,5,23,44181,2,0,0.2504460418577705,0.3736601030025409,0.1232140611447703,0.378286222305133,0.4646656216826194,0.0863793993774863,0.5753504406283266,0.6761623126907049,0.1008118720623783,0.5123896466664137,0.6222189526958031,0.1098293060293893
A08,5,25,48165,2,0,0.4394801574905025,0.7075729364411293,0.2680927789506267,0.3652537013755811,0.7789876784052748,0.4137339770296936,0.5692453998040826,0.678382776486714,0.1091373766826313,0.5053238268709157,0.7182937997585181,0.2129699728876024
A08,5,26,50126,1,0,0.4638440986429062,0.5071661907793453,0.043322092136439,0.5745128925630295,0.6888953629632945,0.1143824704002649,0.6096360164702597,0.654156603405727,0.0445205869354673,0.6454016165995367,0.7626486424540077,0.117247025854471
A08,5,27,52230,3,0,0.4208150133863527,0.2439121345440863,-0.1769028788422663,0.2974944160193291,0.4883719429862078,0.1908775269668786,0.6622884384943537,0.590518253839978,-0.0717701846543756,0.592505681211707,0.8340637261535652,0.2415580449418581
A08,5,28,54234,2,0,0.3225455512259372,0.4052461460921276,0.0827005948661903,0.5776704706906378,0.6819868021241499,0.104316331433512,0.5421462010970425,0.6395702220399718,0.0974240209429293,0.6686619456881032,0.8329602086580643,0.164298262969961
A08,5,29,56209,1,0,0.6454767972130451,0.5714989110361781,-0.0739778861768669,0.365541439083866,0.6355516036647829,0.2700101645809169,0.6054484410088826,0.6501384510180301,0.0446900100091475,0.6650905008341145,0.7786003616404955,0.113509860806381
A08,5,30,58235,3,0,0.3609704356587487,0.612491506901158,0.2515210712424092,0.701313289582309,0.6359711046834458,-0.0653421848988632,0.5954750652918462,0.5952464000705022,-0.000228665221344,0.8078458742747286,0.7163808635995779,-0.0914650106751507
A08,5,31,60306,3,0,0.554337390443827,0.5816286687921728,0.0272912783483457,0.5000188484243266,0.5380418638900848,0.0380230154657581,0.5626311969754992,0.6763849316281628,0.1137537346526635,0.6238423801663769,0.7980546157729533,0.1742122356065764
A08,5,32,62413,1,0,0.6881811447230063,0.4997787884089707,-0.1884023563140355,0.6995092005317968,0.547502843542545,-0.1520063569892518,0.4430217253348778,0.6812897913618458,0.2382680660269679,0.7100451346042741,0.7452674116733063,0.0352222770690322
A08,5,33,64505,3,0,0.6927844309148333,0.5179798225573207,-0.1748046083575126,0.3705988634712059,0.6740805022415616,0.3034816387703556,0.5081946767333483,0.7074937899645963,0.199299113231248,0.6160371384811248,0.7857868672770643,0.1697497287959394
A08,5,34,66596,4,0,0.738228287154767,0.7198450055675826,-0.0183832815871843,0.6036365233765834,0.3458872039539962,-0.2577493194225871,0.6497607535473023,0.6847381435789704,0.0349773900316681,0.7762272677982959,0.8344172334135271,0.0581899656152312
A08,5,35,68639,4,0,0.3307499258947116,0.5001520442294277,0.1694021183347161,0.5709055657282565,0.6182641762631781,0.0473586105349216,0.6161974033947774,0.5053626294482405,-0.1108347739465368,0.7699467474678349,0.8216947268233395,0.0517479793555046
A08,5,36,70703,2,0,0.6384648851269396,0.549302134667269,-0.0891627504596705,0.5358344891489292,0.5648309926246288,0.0289965034756995,0.5397672935775752,0.6214079971620551,0.0816407035844798,0.7061285443135571,0.8529795012326363,0.1468509569190792
A08,5,37,72723,1,0,0.6741723924010142,0.4890551767773367,-0.1851172156236775,0.5498687840187728,0.6700908592902098,0.120222075271437,0.6503200029565653,0.6364710119506185,-0.0138489910059468,0.7906991836848964,0.8134748777372642,0.0227756940523677
A08,5,38,74695,2,0,0.573816443842789,0.6605381648367803,0.0867217209939913,0.5691537877414806,0.4798495235865345,-0.0893042641549461,0.7094562030701779,0.4754392890025237,-0.2340169140676541,0.687747988942489,0.7713116400084913,0.0835636510660022
A08,5,39,76658,4,0,0.345997317576022,0.3508483486800084,0.0048510311039864,0.3805398403316567,0.4668944131889496,0.0863545728572929,0.4871156455632982,0.5819868575794823,0.094871212016184,0.5274609095989833,0.7552788390021578,0.2278179294031744
A08,5,40,78583,2,0,0.7483655152743204,0.4648449288973494,-0.283520586376971,0.2790057675407431,0.2584492425591956,-0.0205565249815475,0.5857080623353897,0.5107575264920812,-0.0749505358433085,0.7877422223962729,0.7169675132169485,-0.0707747091793243
A08,5,41,80664,4,0,0.7107115799462987,0.5941366032619625,-0.1165749766843362,0.6586153539306375,0.4992972476599068,-0.1593181062707307,0.5318558030644926,0.6774905221546733,0.1456347190901806,0.6753108528671278,0.7950878962835365,0.1197770434164087
A08,5,42,82642,3,0,0.330874751535642,0.6435470239152242,0.3126722723795822,0.3755731301606775,0.6709958881648271,0.2954227580041496,0.6226157286042386,0.6976839362411462,0.0750682076369075,0.6315680326354548,0.8524434391661087,0.2208754065306538
A08,5,43,84632,2,0,0.7550471992895025,0.6226768692620058,-0.1323703300274966,0.6011959717015755,0.637297098583751,0.0361011268821755,0.5476650891893023,0.5871463427396441,0.0394812535503417,0.8341598519607942,0.7348045683786494,-0.0993552835821448
A08,5,44,86751,2,0,0.5463149279319216,0.3459706467440283,-0.2003442811878932,0.387835988818665,0.66037128142209,0.272535292603425,0.5228685736009635,0.6057666321889624,0.0828980585879989,0.751062010754266,0.8467202015857421,0.095658190831476
A08,5,45,88657,2,0,0.4393425062190861,0.4637320650414058,0.0243895588223197,0.654114381495455,0.5413827658331105,-0.1127316156623444,0.6684776443191106,0.7141635613217475,0.0456859170026369,0.6798249433416224,0.7581558609058138,0.0783309175641914
A08,5,46,90585,3,0,0.2884042818661638,0.4789956351165286,0.1905913532503648,0.4499843157622199,0.6256886443614027,0.1757043285991827,0.5430300377535243,0.6154247227586246,0.0723946850051002,0.6423985819389816,0.8187410597433475,0.1763424778043659
A08,5,47,92699,4,0,0.6844774927125039,0.3521998107950011,-0.3322776819175028,0.3670417922712782,0.3311400388207556,-0.0359017534505226,0.599163808386309,0.4200136191327868,-0.1791501892535221,0.7000403176380547,0.7503847916889566,0.0503444740509018
A08,5,48,94758,1,0,0.6222667046468537,0.608859367630385,-0.0134073370164687,0.4739451022885622,0.5503612988954296,0.0764161966068674,0.5967071463513666,0.6057281707672448,0.0090210244158782,0.7288404389540116,0.7667698106355695,0.0379293716815578
A08,6,1,251,2,0,0.6070385012366505,0.6420972351688258,0.0350587339321752,0.7959962870286715,0.7356320643562649,-0.0603642226724066,0.6304902648468327,0.7324414211250941,0.1019511562782614,0.8425155544263424,0.891914021453989,0.0493984670276466
A08,6,3,4172,1,0,0.7436303424294815,0.54805652410594,-0.1955738183235414,0.4291784932145224,0.6971310124623766,0.2679525192478542,0.8095761991054029,0.6027521864275841,-0.2068240126778188,0.8100072325972759,0.8384386676505878,0.0284314350533119
A08,6,4,6124,3,0,0.6804268534235918,0.6951566504138729,0.014729796990281,0.5534889399824039,0.676175533948781,0.1226865939663771,0.7103712264624742,0.65604071720819,-0.0543305092542841,0.8508646035839468,0.8614801775044353,0.0106155739204885
A08,6,5,8132,3,0,0.3873724883345681,0.608464794016668,0.2210923056820998,0.403185631005804,0.536526015514354,0.1333403845085499,0.6979437858873851,0.6302642197939579,-0.0676795660934272,0.8083488083411322,0.8249568851669309,0.0166080768257986
A08,6,6,10243,4,0,0.7803924097383061,0.4085533737803332,-0.3718390359579729,0.3809524028153964,0.5850761067835182,0.2041237039681218,0.8172917719200357,0.5829046385917186,-0.234387133328317,0.8820851150857576,0.7941987308655827,-0.0878863842201749
A08,6,8,14210,1,0,0.4626761536291973,0.6200419197639898,0.1573657661347924,0.3652270019945202,0.7007792195380741,0.3355522175435539,0.2899944212503361,0.6564060876859976,0.3664116664356615,0.6067463899173278,0.8235387431578991,0.2167923532405713
A08,6,9,16141,3,0,0.7711064676420858,0.5520630857702973,-0.2190433818717885,0.2545963736513382,0.5584930954333732,0.303896721782035,0.6115989056479995,0.6106406092359563,-0.0009582964120431,0.6329181378241688,0.8252782809348705,0.1923601431107017
A08,6,10,18139,2,0,0.6839304473364703,0.3907752614324714,-0.2931551859039989,0.7041203670311776,0.635420621957075,-0.0686997450741025,0.6595922581612993,0.7035845136700832,0.0439922555087839,0.6817954159972756,0.7561307129965934,0.0743352969993178
A08,6,11,20045,4,0,0.6147113393627677,0.6280666893038724,0.0133553499411047,0.3896236722457483,0.7161787596053878,0.3265550873596394,0.6352224291273882,0.5729622937406752,-0.062260135386713,0.5898092340584967,0.8243409605680495,0.2345317265095527
A08,6,12,21940,4,0,0.3882470772080599,0.4664946644049038,0.0782475871968438,0.4655869311751229,0.5696934145696877,0.1041064833945647,0.5557413797160117,0.611098449613709,0.0553570698976972,0.6174539238823264,0.7522495999455515,0.134795676063225
A08,6,13,23912,4,0,0.3671872576732076,0.3804025969377456,0.013215339264538,0.4954647445096861,0.35737246163848,-0.1380922828712061,0.5835554395819289,0.6893500553835066,0.1057946158015776,0.7693766349382818,0.7947275638036999,0.0253509288654181
A08,6,14,25856,2,0,0.6910912824662931,0.4700442671770226,-0.2210470152892705,0.4013477915833955,0.6645072118432038,0.2631594202598082,0.6267383070524603,0.6704699184791872,0.0437316114267269,0.7538034803374625,0.7651109177922434,0.0113074374547809
A08,6,15,27823,1,0,0.4692760140051694,0.4832618519715455,0.0139858379663761,0.3406052355222002,0.716771536590828,0.3761663010686278,0.6781533352449617,0.6940559862541535,0.0159026510091918,0.6696217118702871,0.8357546472968512,0.1661329354265641
A08,6,16,29943,3,0,0.602573888098544,0.5374786320836362,-0.0650952560149077,0.4603526028213713,0.4230193365493278,-0.0373332662720434,0.686645122728649,0.6817963381918337,-0.0048487845368152,0.8225695642230885,0.826906654482177,0.0043370902590885
A08,6,17,31951,2,0,0.1710932536213742,0.6209922657458252,0.4498990121244509,0.1899291812260969,0.7449614437268421,0.5550322625007452,0.5480932074887754,0.6286583311846572,0.0805651236958817,0.8807649918100753,0.7991147052018367,-0.0816502866082385
A08,6,18,34017,4,0,0.5117008802705928,0.4478132165443949,-0.0638876637261979,0.6030975227725914,0.7291689651763681,0.1260714424037766,0.7381654155147419,0.6828774587736888,-0.0552879567410531,0.8166895266170494,0.8008495924891523,-0.015839934127897
A08,6,19,36053,1,0,0.7431465472824973,0.5818091935197423,-0.161337353762755,0.8952283322628352,0.7298108010570428,-0.1654175312057924,0.7033471868052448,0.7531140773515208,0.049766890546276,0.7230086451962249,0.8606775642258526,0.1376689190296277
A08,6,20,38119,4,0,0.7099532437908126,0.4014802812611467,-0.3084729625296658,0.5982019237429792,0.3144171324114846,-0.2837847913314945,0.7031301626262637,0.5995557351022895,-0.1035744275239741,0.6661986799443441,0.8406586926403661,0.1744600126960219
A08,6,21,40189,3,0,0.2829418006337319,0.5749881182030914,0.2920463175693594,0.5293113074342982,0.6715152582658469,0.1422039508315487,0.7373406392830695,0.6815046576751104,-0.0558359816079591,0.865314673026414,0.8729065120012988,0.0075918389748848
A08,6,22,42269,2,0,0.4982655388057941,0.4969566809460763,-0.0013088578597177,0.4306280187911093,0.3778031508652191,-0.0528248679258901,0.3865860978467818,0.6914673232831116,0.3048812254363297,0.6401278315685766,0.7960640964042531,0.1559362648356765
A08,6,23,44181,4,0,0.6974728328849792,0.7251135672205018,0.0276407343355226,0.5472513994439785,0.4633205590054461,-0.0839308404385323,0.74360557164591,0.6363883268364161,-0.1072172448094939,0.8554922871083612,0.8439313681409589,-0.0115609189674023
A08,6,24,46212,4,0,0.539671980258458,0.6283240060349747,0.0886520257765167,0.2540449724289089,0.5806530165560708,0.3266080441271619,0.5413394674752652,0.6731352383829774,0.1317957709077122,0.7228745715039403,0.870933687314267,0.1480591158103267
A08,6,25,48165,1,0,0.6014057296721013,0.6141451377721474,0.0127394081000461,0.4758832446317749,0.7092786924521196,0.2333954478203447,0.6229121744144784,0.748582503062049,0.1256703286475705,0.70500474068784,0.8650220466192441,0.160017305931404
A08,6,26,50126,2,0,0.5106001104118257,0.7750105065757655,0.2644103961639398,0.2357006930656572,0.8064977442883199,0.5707970512226626,0.6420087730496052,0.7401895694313476,0.0981807963817423,0.7918519065042199,0.7744035862368233,-0.0174483202673966
A08,6,27,52230,2,0,0.5995190589327288,0.415673252303384,-0.1838458066293448,0.6294728025056021,0.8407189364606056,0.2112461339550034,0.6154763267092171,0.7350121621658354,0.1195358354566182,0.8808203492554655,0.8986077500371208,0.0177874007816553
A08,6,28,54234,3,0,0.5813405704368292,0.4157236537789854,-0.1656169166578437,0.7126418005244813,0.6777477088984171,-0.0348940916260642,0.7036731404732126,0.7044973354379113,0.0008241949646986,0.7798620019537521,0.7646789636296684,-0.0151830383240837
A08,6,29,56209,4,0,0.5449734243874033,0.6452895383946291,0.1003161140072258,0.5802991127153012,0.5251383182413889,-0.0551607944739123,0.6434658165059821,0.7517618115840564,0.1082959950780743,0.8155728870532141,0.9211965775158072,0.105623690462593
A08,6,30,58235,2,0,0.506254601399084,0.3054047910165083,-0.2008498103825756,0.4220510091461933,0.5659561431403458,0.1439051339941525,0.627105263881103,0.6577043047228007,0.0305990408416977,0.8772258979168056,0.8286156086918688,-0.0486102892249368
A08,6,32,62413,1,0,0.6482549274071753,0.4433382905566398,-0.2049166368505354,0.6050820934630368,0.6468359242942651,0.0417538308312283,0.630970277594242,0.762303586086418,0.131333308492176,0.8342371652960969,0.8596967828975164,0.0254596176014194
A08,6,33,64505,4,0,0.7104739985194453,0.569725739848015,-0.1407482586714302,0.608040553077667,0.6117189310252643,0.0036783779475972,0.7135087709991198,0.728983361664222,0.0154745906651021,0.841443616222513,0.8392506762491659,-0.002192939973347
A08,6,34,66596,2,0,0.2494606548921824,0.399004356120947,0.1495437012287645,0.5894355501539345,0.7509790358162574,0.1615434856623229,0.7024860341774941,0.8047661194663274,0.1022800852888332,0.5882348411084377,0.8314067608495798,0.243171919741142
A08,6,35,68639,1,0,0.6660782005629183,0.6754285482741784,0.00935034771126,0.6171880575084191,0.7538946935503235,0.1367066360419043,0.633395514616912,0.7221752367772286,0.0887797221603166,0.8386532025172935,0.8913955853061815,0.0527423827888879
A08,6,36,70703,3,0,0.3795770759568851,0.5223051567343303,0.1427280807774451,0.4156206381280266,0.4243107036496394,0.0086900655216128,0.6056257382430533,0.6690589549911857,0.0634332167481324,0.666810982693921,0.8408793764940208,0.1740683938000997
A08,6,37,72723,2,0,0.5591283927292225,0.499965079995674,-0.0591633127335485,0.7107873927072651,0.8037553811866834,0.0929679884794183,0.6827328815576458,0.7405851841668029,0.057852302609157,0.741516488805465,0.873713733007196,0.132197244201731
A08,6,38,74695,2,0,0.3774028633822611,0.5611661055688623,0.1837632421866011,0.3397685629354242,0.6009140849903353,0.261145522054911,0.6797283884304092,0.7126322422420556,0.0329038538116464,0.5774475508248434,0.8373275238429858,0.2598799730181423
A08,6,39,76658,3,0,0.769078062999131,0.6166128102278778,-0.1524652527712531,0.7056257952500467,0.3647924360939864,-0.3408333591560602,0.6004094850878532,0.6711227615705696,0.0707132764827164,0.7617406880830752,0.8727486161384593,0.1110079280553841
A08,6,40,78583,1,0,0.6503501953590087,0.6854058951234777,0.0350556997644689,0.1749804428156106,0.6943531656988453,0.5193727228832347,0.6421786814697986,0.6942581866170733,0.0520795051472746,0.8134172507324466,0.813367290030265,-4.996070218166171e-05
A08,6,41,80664,4,0,0.6136533323666925,0.3178537704279119,-0.2957995619387806,0.6136659016966229,0.5506896873632607,-0.0629762143333622,0.7203457086311083,0.7435164215189901,0.0231707128878818,0.8023793515482878,0.8016407549703287,-0.000738596577959
A08,6,42,82642,3,0,0.7163152330968166,0.513596277078544,-0.2027189560182725,0.3988050326530138,0.5729456171064328,0.1741405844534189,0.7195235562091052,0.7340434281121512,0.0145198719030459,0.7156175705206788,0.8448443345013702,0.1292267639806914
A08,6,43,84632,3,0,0.8927300997455709,0.5542522048116206,-0.3384778949339503,0.5654160278282646,0.5609481912008124,-0.0044678366274522,0.5192843498499701,0.6518561033113011,0.132571753461331,0.6523466252988658,0.8708398624013117,0.2184932371024459
A08,6,44,86751,3,0,0.3662711598121571,0.5685237311530215,0.2022525713408643,0.3381901478870188,0.4969900511465011,0.1587999032594823,0.7185378749924611,0.7049010887969037,-0.0136367861955574,0.6147157346864828,0.8493894717743632,0.2346737370878804
A08,6,45,88657,3,0,0.7568236129691591,0.4296656580086077,-0.3271579549605514,0.5728561086365543,0.6561826898994996,0.0833265812629452,0.6555434454186219,0.6782191108292047,0.0226756654105828,0.724535108061893,0.8141234610951094,0.0895883530332163
A08,6,46,90585,1,0,0.6809606424306323,0.4625773885934315,-0.2183832538372007,0.2062233696354848,0.6679081178623208,0.461684748226836,0.689487567083001,0.7942317882627291,0.1047442211797281,0.7132844966042983,0.8180006226682909,0.1047161260639926
A08,6,47,92699,2,0,0.5447340232879248,0.5227841523041319,-0.0219498709837928,0.314607920306462,0.6995215654673624,0.3849136451609004,0.6827904455433652,0.7495301831967948,0.0667397376534295,0.5624675688136586,0.767797658598751,0.2053300897850924
A08,6,48,94758,1,0,0.4078326717281632,0.5296536501861125,0.1218209784579493,0.4168249806169562,0.5541526002696244,0.1373276196526682,0.632217693725398,0.7642512977792351,0.132033604053837,0.6996795412836666,0.8593950796895129,0.1597155384058463
A08,7,1,251,2,0,0.7413916820948699,0.6966280308898389,-0.044763651205031,0.6042129684546543,0.6345268863552305,0.0303139179005761,0.7757426260512705,0.6863729694980559,-0.0893696565532146,0.8519004454787605,0.8144013134058571,-0.0374991320729034
A08,7,2,2254,1,0,0.7510844998839279,0.1994816805092616,-0.5516028193746663,0.6778149766902493,0.608369386765716,-0.0694455899245333,0.6873388995437801,0.7849107668479658,0.0975718673041856,0.9098994933301372,0.8710192962785727,-0.0388801970515645
A08,7,3,4172,1,0,0.5361324779058693,0.3517465723514782,-0.184385905554391,0.3880286692887721,0.5275380198968043,0.1395093506080321,0.7060291597522924,0.7776768497369341,0.0716476899846416,0.7935390988304586,0.8226379260885309,0.0290988272580723
A08,7,4,6124,3,0,0.7111823863818971,0.5072421686662022,-0.2039402177156949,0.4537442490578046,0.3793286043012771,-0.0744156447565275,0.6064206427699458,0.7046808757691736,0.0982602329992278,0.9026857357335736,0.7969861907438388,-0.1056995449897347
A08,7,5,8132,3,0,0.6047182455873455,0.7436439406285744,0.1389256950412288,0.2436209606704624,0.5077365879023603,0.2641156272318978,0.643997292568999,0.7280260253347086,0.0840287327657096,0.8668445300583755,0.8367151621632815,-0.030129367895094
A08,7,6,10243,2,0,0.7139709977687804,0.501167967467837,-0.2128030303009433,0.4950790370985119,0.5460667147331681,0.0509876776346562,0.6997053011572945,0.5587554073104088,-0.1409498938468856,0.7703313457643147,0.8043815495375357,0.0340502037732209
A08,7,7,12160,3,0,0.4983900423117659,0.4884605011424667,-0.0099295411692992,0.4808557527241351,0.3042390562151208,-0.1766166965090143,0.6692465777805928,0.6227134065153768,-0.046533171265216,0.8210547530419429,0.8332105333740175,0.0121557803320746
A08,7,8,14210,4,0,0.8110970558725414,0.5718840025212109,-0.2392130533513305,0.5176975909129877,0.3368177086138339,-0.1808798822991538,0.4947911112181801,0.7590248764802094,0.2642337652620293,0.8294012123234948,0.8852375711933377,0.0558363588698428
A08,7,9,16141,1,0,0.178423641615189,0.5426811426884358,0.3642575010732468,0.5311179945117274,0.6994022138181505,0.1682842193064231,0.6252249000362864,0.7563902999794828,0.1311653999431964,0.7033297333584342,0.8156862831936864,0.1123565498352522
A08,7,10,18139,4,0,0.6594437805033468,0.4171296208602288,-0.242314159643118,0.7970785078714168,0.39732087504822,-0.3997576328231967,0.705357225894436,0.5965370240792884,-0.1088202018151475,0.827384331514464,0.8529373042908677,0.0255529727764036
A08,7,11,20045,1,0,0.711685269862732,0.3582094171328744,-0.3534758527298575,0.5045092424437471,0.701853794999106,0.197344552555359,0.6073916002463206,0.8002294374793057,0.1928378372329852,0.8027440471094921,0.7813125518907718,-0.0214314952187203
A08,7,12,21940,1,0,0.710655204666884,0.736485136466315,0.0258299317994309,0.5873156685211038,0.5613565691577106,-0.0259590993633932,0.6957028706981333,0.775512799778543,0.0798099290804097,0.7402492297975155,0.8703814669158552,0.1301322371183396
A08,7,13,23912,2,0,0.3915177738096534,0.7317087812503956,0.3401910074407422,0.410824565503688,0.583763535470615,0.1729389699669269,0.6833082624159221,0.6657318376729363,-0.0175764247429858,0.7962055639749197,0.8582693791483512,0.0620638151734315
A08,7,14,25856,4,0,0.4000144639263711,0.3725643700613776,-0.0274500938649934,0.4111415427537702,0.3689783821272313,-0.0421631606265388,0.6793742189599067,0.5623909427082106,-0.1169832762516961,0.8086768518177463,0.801315353376619,-0.0073614984411273
A08,7,15,27823,3,0,0.716030542963175,0.6345829285228833,-0.0814476144402917,0.5346956064300505,0.5391145666523715,0.0044189602223209,0.6015345949402384,0.719366620959593,0.1178320260193546,0.8446098958148948,0.8993556630478755,0.0547457672329807
A08,7,16,29943,2,0,0.7811120465413285,0.5775762137712965,-0.2035358327700319,0.5083715729185219,0.707893482732676,0.1995219098141541,0.6903669298791961,0.6790538633899044,-0.0113130664892917,0.8851292595596567,0.8591479149997118,-0.0259813445599449
A08,7,17,31951,4,0,0.3124013513714416,0.5502517507889854,0.2378503994175437,0.5497935011106213,0.5606771839006132,0.0108836827899918,0.6543663719324059,0.5915836923723748,-0.062782679560031,0.808214892604938,0.8596939237622825,0.0514790311573445
A08,7,18,34017,3,0,0.5048057419040158,0.5295248977580773,0.0247191558540614,0.5389593039593065,0.5426339932836546,0.0036746893243481,0.7921370030554673,0.7310014055344015,-0.0611355975210657,0.8958612027454957,0.8629321986087636,-0.0329290041367321
A08,7,19,36053,4,0,0.7788830189949127,0.4222410989241258,-0.3566419200707869,0.5340257738725308,0.4548064874223715,-0.0792192864501593,0.558588518463839,0.7111960040007883,0.1526074855369493,0.6904052810938838,0.9164256332066208,0.2260203521127369
A08,7,20,38119,3,0,0.5289302559334027,0.452875791107273,-0.0760544648261297,0.7337022483267195,0.4275655276127228,-0.3061367207139966,0.7374104626466563,0.67466006469951,-0.0627503979471463,0.8804981284871519,0.8915856925077646,0.0110875640206127
A08,7,21,40189,4,0,0.5912461847727437,0.320436687622892,-0.2708094971498516,0.2365717805407891,0.4967177962151394,0.2601460156743503,0.7258607797449749,0.7301446922876614,0.0042839125426865,0.9004686741198257,0.8745846832089408,-0.0258839909108848
A08,7,22,42269,2,0,0.7925643395063832,0.6828153084788676,-0.1097490310275155,0.3359705501121728,0.7270928443226998,0.391122294210527,0.7400337763608934,0.7278051719118972,-0.0122286044489962,0.4500908841377556,0.92309846059805,0.4730075764602943
A08,7,24,46212,4,0,0.5818788107101465,0.3339839405774564,-0.24789487013269,0.2967320083409298,0.6473067257695543,0.3505747174286245,0.5700661123853134,0.6678168266644542,0.0977507142791408,0.7305675528580176,0.868358265655779,0.1377907127977614
A08,7,25,48165,1,0,0.792563061445826,0.4649598717027354,-0.3276031897430906,0.6924771802413353,0.5360893976883049,-0.1563877825530304,0.7381307890596773,0.7677625374226089,0.0296317483629315,0.8686407589794579,0.9055329590771852,0.0368922000977272
A08,7,26,50126,2,0,0.7235757489013259,0.3946806750410873,-0.3288950738602386,0.2900657719095293,0.7091733623887757,0.4191075904792463,0.7086551990909252,0.6975992105322837,-0.0110559885586415,0.853677878712496,0.8331966559960896,-0.0204812227164064
A08,7,27,52230,2,0,0.609312847320302,0.4331046442405971,-0.1762082030797048,0.696911917172667,0.6756913342629881,-0.0212205829096788,0.6480701834992706,0.7004316580755754,0.0523614745763048,0.8764291863660202,0.853182874936136,-0.0232463114298842
A08,7,28,54234,2,0,0.5105521169088832,0.5861842492698377,0.0756321323609544,0.7366292133595157,0.4996446301149316,-0.236984583244584,0.7347846767291749,0.6663148364958263,-0.0684698402333485,0.8941479693020867,0.8564223897874736,-0.037725579514613
A08,7,29,56209,3,0,0.7344268977497929,0.5725194897376638,-0.1619074080121291,0.6797815674360363,0.4787406223784393,-0.201040945057597,0.7292048924612178,0.6478532805412913,-0.0813516119199264,0.8847608879228905,0.895058383243469,0.0102974953205784
A08,7,30,58235,4,0,0.6068797211432458,0.4996984158713813,-0.1071813052718645,0.6557519443667834,0.6414182528366597,-0.0143336915301237,0.7108230566657262,0.6739898712776901,-0.0368331853880361,0.8529442179492577,0.8455777048166956,-0.007366513132562
A08,7,31,60306,1,0,0.291309928249705,0.5391950652289121,0.2478851369792071,0.3878404336381191,0.5330889693756705,0.1452485357375514,0.5970977479264651,0.7481868785671951,0.15108913064073,0.89851768897807,0.8370792441868874,-0.0614384447911826
A08,7,32,62413,4,0,0.6085500896856731,0.5425031701318617,-0.0660469195538114,0.4929177718532348,0.7123491646913772,0.2194313928381424,0.6593972733352736,0.69922476259253,0.0398274892572563,0.8454193585456714,0.8742702955148207,0.0288509369691493
A08,7,33,64505,1,0,0.3888791209370142,0.4825914996990765,0.0937123787620622,0.4926779120625851,0.4642556490896484,-0.0284222629729367,0.594330455288354,0.6941952300460155,0.0998647747576614,0.9032462566502776,0.8955912917288821,-0.0076549649213953
A08,7,34,66596,3,0,0.5938040453196953,0.3931970084178476,-0.2006070369018477,0.4866587024155007,0.4495053786147301,-0.0371533238007705,0.5894325415311007,0.6256321258832701,0.0361995843521694,0.8285997965310227,0.9112957430206402,0.0826959464896175
A08,7,35,68639,1,0,0.3013329588129127,0.6045268686387342,0.3031939098258214,0.4766219240981445,0.6096112255294467,0.1329893014313021,0.8067286553639861,0.7361780423340497,-0.0705506130299363,0.864716089623878,0.9045112758353115,0.0397951862114336
A08,7,36,70703,4,0,0.6673828491001838,0.4089057283888776,-0.2584771207113061,0.6328252609706976,0.2082158758802663,-0.4246093850904312,0.7150343241886034,0.7099132646481083,-0.005121059540495,0.759972516104937,0.8801415766586317,0.1201690605536947
A08,7,37,72723,1,0,0.3893732479759254,0.5643126073085393,0.1749393593326138,0.5506681925443776,0.5885158876323923,0.0378476950880146,0.7314951268920744,0.7176827996456876,-0.0138123272463868,0.77180096979498,0.8533563190839997,0.0815553492890196
A08,7,38,74695,3,0,0.7221151100372757,0.4658556491439178,-0.2562594608933579,0.7648890478213923,0.622997479472586,-0.1418915683488063,0.7895800888302302,0.6805169030418916,-0.1090631857883386,0.8313557372495993,0.7987822779037839,-0.0325734593458154
A08,7,39,76658,1,0,0.6439231298975674,0.5784755933484691,-0.0654475365490983,0.5319546851583649,0.5509341218516328,0.0189794366932679,0.724997814935719,0.7453587760483512,0.0203609611126321,0.7361278949539393,0.777565673249368,0.0414377782954287
A08,7,40,78583,2,0,0.5566932807029211,0.3671711188874216,-0.1895221618154995,0.6136709704843143,0.5144051964091884,-0.0992657740751259,0.7233334148891809,0.7130354791978314,-0.0102979356913495,0.8029738814649837,0.8590842519427179,0.0561103704777341
A08,7,41,80664,3,0,0.8018319673199398,0.5728710785892386,-0.2289608887307012,0.6373358116818949,0.5135156810972703,-0.1238201305846246,0.6346636895041238,0.6964220008636922,0.0617583113595684,0.8522353347379811,0.8782097982373877,0.0259744634994065
A08,7,42,82642,3,0,0.6045150752697419,0.2529261888133151,-0.3515888864564268,0.4564994232057626,0.1926231523020196,-0.2638762709037429,0.6679768906967395,0.696605985324303,0.0286290946275634,0.839885861589682,0.8516985208366457,0.0118126592469636
A08,7,43,84632,4,0,0.5008104603195089,0.4871454709576301,-0.0136649893618787,0.6350041787347445,0.5939644627014676,-0.0410397160332768,0.6040231616372076,0.7152681361089324,0.1112449744717247,0.871837263291021,0.8614723348290889,-0.010364928461932
A08,7,44,86751,1,0,0.7119699034023361,0.4714130377631789,-0.2405568656391571,0.5072686521044462,0.612502837822456,0.1052341857180098,0.7064157959149859,0.7134545640966258,0.0070387681816398,0.8698103057618626,0.9002793779808155,0.0304690722189528
A08,7,45,88657,2,0,0.5249578949870929,0.4646684323724501,-0.0602894626146428,0.4803957428347399,0.6822510338614192,0.2018552910266792,0.7208207535886595,0.7695814671818171,0.0487607135931575,0.8805620708581523,0.8106146294686771,-0.0699474413894751
A08,7,46,90585,4,0,0.5571084409720176,0.4635957078283038,-0.0935127331437137,0.6308289796244192,0.3616058480107416,-0.2692231316136776,0.7172275623476547,0.7213699390232079,0.0041423766755531,0.8427608134720398,0.8989167023297661,0.0561558888577262
A08,7,47,92699,2,0,0.6094679953253621,0.2595730577392303,-0.3498949375861318,0.4257129943197977,0.5556705978909932,0.1299576035711954,0.6208735984092949,0.7908923247571741,0.1700187263478791,0.8065117778322403,0.7954615174681897,-0.0110502603640505
A08,7,48,94758,3,0,0.4175540227906062,0.5302216494986889,0.1126676267080826,0.4357842104958883,0.6458052555051486,0.2100210450092602,0.7968419671002998,0.7011777346629515,-0.0956642324373482,0.8658758010212569,0.8904564878371274,0.0245806868158704
A08,8,1,251,3,0,0.6233765478073169,0.462806866829509,-0.1605696809778078,0.8167694091148258,0.5233367468148061,-0.2934326623000196,0.491515009616577,0.689417830038513,0.1979028204219359,0.8507892494212846,0.9050864094554034,0.0542971600341187
A08,8,3,4172,4,0,0.3367662306250122,0.4455123445256994,0.1087461139006871,0.3830648133717012,0.4015519849084893,0.018487171536788,0.7805419726178568,0.7318313983174718,-0.048710574300385,0.9089822370895596,0.9239176263014108,0.0149353892118514
A08,8,4,6124,2,0,0.1727732046309497,0.4336088589603144,0.2608356543293647,0.3527067954040532,0.7158488089096605,0.3631420135056073,0.5610238351745398,0.7410967928987119,0.1800729577241721,0.7759611833632903,0.8950159079392304,0.11905472457594
A08,8,5,8132,4,0,0.4045680644640783,0.3985521255915669,-0.0060159388725113,0.7606368462197882,0.3809707513665288,-0.3796660948532593,0.6956256982233756,0.777984202403068,0.0823585041796923,0.8730750809484895,0.8917913743214141,0.0187162933729245
A08,8,6,10243,1,0,0.4601527797636497,0.4178704261667169,-0.0422823535969327,0.6267066504333355,0.5770349801965262,-0.0496716702368092,0.8139209081014753,0.7649992426978055,-0.0489216654036698,0.880559021083165,0.9303483120202964,0.0497892909371313
A08,8,8,14210,3,0,0.4035354844550869,0.5309095617393931,0.1273740772843061,0.536499959344274,0.3557968844028673,-0.1807030749414066,0.7247771912129417,0.7480577665845727,0.0232805753716309,0.7772234338104578,0.8929912600248147,0.1157678262143568
A08,8,9,16141,3,0,0.5839151122069083,0.3635638760916547,-0.2203512361152535,0.4742626276528386,0.2265045704159884,-0.2477580572368502,0.7616075392934842,0.7950606808874972,0.0334531415940129,0.896675605787335,0.9421521621654932,0.0454765563781582
A08,8,10,18139,2,0,0.4333110429557512,0.5913930727025258,0.1580820297467746,0.6237950332994008,0.8018556845705945,0.1780606512711937,0.8136585652272209,0.7923354718277731,-0.0213230933994478,0.8966616896563575,0.940993575376409,0.0443318857200515
A08,8,11,20045,4,0,0.4554157191172348,0.4123601437944268,-0.043055575322808,0.6579160346395726,0.5775043987674299,-0.0804116358721427,0.7710652126856399,0.7658168664286205,-0.0052483462570194,0.9068906574572154,0.8641603407428856,-0.0427303167143298
A08,8,13,23912,2,0,0.4613972445570092,0.7017746883233694,0.2403774437663601,0.4881409001982656,0.6340307906013795,0.1458898904031138,0.7001140418020483,0.7448020988627547,0.0446880570607064,0.8282880181972914,0.9123444058132372,0.0840563876159458
A08,8,14,25856,1,0,0.5203376413564322,0.3496381486859493,-0.1706994926704829,0.5454511377043103,0.7399586626838307,0.1945075249795204,0.8089576804064775,0.7260701258935962,-0.0828875545128813,0.8787646081877992,0.9420194407896204,0.063254832601821
A08,8,15,27823,2,0,0.5227974913032709,0.3656872817982186,-0.1571102095050523,0.6872872291225819,0.5954368935981906,-0.0918503355243912,0.7819987297862872,0.8370306055398977,0.0550318757536105,0.7734910236197386,0.9156256020780642,0.1421345784583255
A08,8,16,29943,4,0,0.6195007412610171,0.6166439914230823,-0.0028567498379347,0.7159886930489249,0.3604649929833402,-0.3555237000655846,0.7829905510135451,0.7450719345378343,-0.0379186164757108,0.8894293854163923,0.8636540198670742,-0.025775365549318
A08,8,17,31951,4,0,0.798250288541184,0.5592914618208169,-0.238958826720367,0.5805041282764115,0.4667858317913561,-0.1137182964850553,0.7988181355675879,0.7611198729013344,-0.0376982626662534,0.9531014078569364,0.9242485353595308,-0.0288528724974055
A08,8,18,34017,2,0,0.4485329288951806,0.3207344805165605,-0.1277984483786201,0.6341751502873005,0.6637526287838348,0.0295774784965342,0.7458695239527265,0.8619622241205497,0.1160927001678231,0.9496202749584072,0.9105979094616884,-0.0390223654967188
A08,8,20,38119,2,0,0.6007652373156368,0.4117661300473644,-0.1889991072682723,0.657440925726012,0.6533774078052309,-0.004063517920781,0.8032927001002681,0.78014649467686,-0.023146205423408,0.9040588377121416,0.9384766357997985,0.0344177980876567
A08,8,21,40189,2,0,0.4932517539892046,0.6251805057994716,0.1319287518102669,0.3401456287392189,0.514320632259854,0.1741750035206351,0.761394412852635,0.7833419328743327,0.0219475200216977,0.8618624772642454,0.912524048126061,0.0506615708618156
A08,8,22,42269,4,0,0.6145190484549848,0.5352621704940973,-0.0792568779608875,0.5691919288356805,0.5085794652756068,-0.0606124635600736,0.7376084564073017,0.7926791505984818,0.0550706941911801,0.9093495102230774,0.8916772563650989,-0.0176722538579785
A08,8,23,44181,4,0,0.5315292746233719,0.4489869498265013,-0.0825423247968705,0.4962397468587366,0.3361761014472548,-0.1600636454114818,0.5701928520911166,0.7858560683117234,0.2156632162206068,0.8196735668431299,0.8520712757889796,0.0323977089458497
A08,8,24,46212,3,0,0.3992019279877828,0.5246769559037743,0.1254750279159914,0.5516764187090674,0.4284185453012649,-0.1232578734078024,0.7574933633789681,0.7969306459809686,0.0394372826020005,0.9272726776636232,0.9249517184047436,-0.0023209592588796
A08,8,25,48165,4,0,0.583666460544607,0.3656780585607613,-0.2179884019838456,0.4665684622981786,0.6455378748110079,0.1789694125128292,0.6736409404584441,0.6564640971596337,-0.0171768432988104,0.828072546256508,0.9246800454623356,0.0966074992058275
A08,8,26,50126,1,0,0.4993677052113727,0.5182040025237515,0.0188362973123787,0.5763634946991515,0.6402489674592193,0.0638854727600678,0.7138074349167965,0.8244404175910892,0.1106329826742926,0.8373463159566334,0.9484489023907938,0.1111025864341603
A08,8,27,52230,2,0,0.4780869328061521,0.6685798858930466,0.1904929530868945,0.5807683794118785,0.721679854214501,0.1409114748026224,0.6787864206864904,0.7923114914427681,0.1135250707562777,0.7955782417156357,0.910005408346888,0.1144271666312524
A08,8,28,54234,3,0,0.815677346746651,0.5812179635495806,-0.2344593831970705,0.5855172446856584,0.7061078920086343,0.1205906473229759,0.7998920122534543,0.7581592718603876,-0.0417327403930667,0.9047782791578944,0.9385051041967278,0.0337268250388335
A08,8,29,56209,2,0,0.3175273225576461,0.4617464335345765,0.1442191109769304,0.6936101393407689,0.5561027045682398,-0.137507434772529,0.7818940675866572,0.7856481311197417,0.0037540635330844,0.8913102660958547,0.9122444885877264,0.0209342224918717
A08,8,30,58235,1,0,0.3492530068931199,0.4560073057481011,0.1067542988549812,0.3786764487573121,0.698715600340112,0.3200391515827999,0.7375124192995207,0.7993669413012146,0.0618545220016938,0.918301350848304,0.9263839939470364,0.0080826430987325
A08,8,31,60306,4,0,0.4481899978809,0.5644255774958203,0.1162355796149203,0.5287456247632674,0.367212619482462,-0.1615330052808054,0.745673628440853,0.7672002958377736,0.0215266673969205,0.9002660790141158,0.9474172150553496,0.0471511360412336
A08,8,32,62413,1,0,0.2473705875780119,0.4646111873826077,0.2172405998045957,0.3492748746950178,0.5107643538861597,0.1614894791911419,0.6109227583529105,0.731344739779152,0.1204219814262415,0.7990719280596112,0.8854886553057281,0.0864167272461168
A08,8,33,64505,4,0,0.622714612439683,0.5989897257675044,-0.0237248866721785,0.6507348007249377,0.5760430892546283,-0.0746917114703094,0.7565020328795492,0.7413117628677218,-0.0151902700118273,0.8967017891599305,0.8945553272041568,-0.0021464619557737
A08,8,34,66596,1,0,0.5372963509598848,0.4989907550174258,-0.038305595942459,0.3671683319690423,0.5634866004430997,0.1963182684740574,0.684177009993965,0.7810097511021675,0.0968327411082025,0.7786925294170077,0.9547857153769684,0.1760931859599608
A08,8,35,68639,1,0,0.4627089137526139,0.6015136781115913,0.1388047643589773,0.4805136360452391,0.6389393352760465,0.1584256992308073,0.7621589525752176,0.8120166738882091,0.0498577213129914,0.8844313487719839,0.9248921602007912,0.0404608114288073
A08,8,36,70703,1,0,0.5107992766525199,0.5638963296286404,0.0530970529761205,0.590569543316003,0.7455012659979794,0.1549317226819764,0.6979701641227567,0.7664276366708211,0.0684574725480644,0.7536060789028208,0.9449462234153464,0.1913401445125254
A08,8,38,74695,3,0,0.7183558614020803,0.4484014459660313,-0.269954415436049,0.5153907939936927,0.5521204964043009,0.0367297024106082,0.7180675107365344,0.7601424253475146,0.0420749146109802,0.7093484565204494,0.8952482222124915,0.185899765692042
A08,8,39,76658,3,0,0.6073212549686001,0.4729441240787578,-0.1343771308898422,0.397345901260279,0.4586734810258481,0.061327579765569,0.6774121695475129,0.8082462340565237,0.1308340645090108,0.7312347706724794,0.8959870742809952,0.1647523036085157
A08,8,40,78583,4,0,0.6135382900229879,0.6827455619215977,0.0692072718986098,0.7005952107450052,0.6193154870538814,-0.0812797236911238,0.7660019002947391,0.7683591571629815,0.0023572568682423,0.8851413188962628,0.8792634403727716,-0.0058778785234911
A08,8,41,80664,2,0,0.5006724200891416,0.6800052180104191,0.1793327979212775,0.8239314453254521,0.792973654373528,-0.0309577909519241,0.7978219772979551,0.8256082581326419,0.0277862808346868,0.8677248746515306,0.92897584000885,0.0612509653573195
A08,8,42,82642,3,0,0.2897418947407884,0.3736583120902774,0.0839164173494889,0.5668548547710851,0.5278297229118966,-0.0390251318591885,0.7650913242904823,0.6868730209725388,-0.0782183033179435,0.9151098709739378,0.9007550532666648,-0.0143548177072729
A08,8,43,84632,3,0,0.1635868847157549,0.5123711750724215,0.3487842903566665,0.5252565982911663,0.566917501977784,0.0416609036866176,0.7057457102395521,0.7890572086838724,0.0833114984443202,0.7510447207501268,0.9222352562671896,0.1711905355170628
A08,8,44,86751,3,0,0.6536173278611314,0.6356715829172845,-0.0179457449438468,0.4897086545271878,0.274234801179574,-0.2154738533476137,0.6463761480146996,0.7031650283597709,0.0567888803450713,0.9361412320096266,0.8874511766508436,-0.048690055358783
A08,8,45,88657,4,0,0.4452075638641673,0.5731178666102575,0.1279103027460902,0.8530326338980293,0.6219680409148192,-0.2310645929832101,0.7694527569287276,0.788694240725623,0.0192414837968953,0.8317894870902632,0.8762682491086152,0.0444787620183519
A08,8,47,92699,1,0,0.7821612569811889,0.4059679539149633,-0.3761933030662255,0.538133153708569,0.6289157787592916,0.0907826250507226,0.6843313213378794,0.7966130180973444,0.1122816967594649,0.8682079280656202,0.8646038065421514,-0.0036041215234687
A08,8,48,94758,3,0,0.6042140183197936,0.5478378160983963,-0.0563762022213972,0.6891389311255826,0.4510953627793737,-0.2380435683462088,0.7647109959523434,0.7449384526826968,-0.0197725432696466,0.9587817846842548,0.894830932455657,-0.0639508522285977
A09,3,1,251,1,0,0.1647262857075818,0.1991547523723279,0.034428466664746,0.4072373054020186,0.580199672843401,0.1729623674413823,0.2233413240851427,0.3613205129467158,0.137979188861573,0.1240804234836264,0.1535119298074477,0.0294315063238212
A09,3,2,2254,2,0,0.4976540470909005,0.3490369693930595,-0.1486170776978409,0.2789969989379673,0.6163847148371934,0.337387715899226,0.3825282966212268,0.2282801504494884,-0.1542481461717383,0.2148196433918415,0.1546734750488922,-0.0601461683429493
A09,3,3,4172,2,0,0.5866311117286066,0.3042529155839758,-0.2823781961446308,0.3649682506622988,0.5428401939949186,0.1778719433326197,0.4439263514537008,0.248528086277705,-0.1953982651759957,0.3246689773680979,0.3323802139478312,0.0077112365797332
A09,3,4,6124,1,0,0.511686768646942,0.2928613113621936,-0.2188254572847483,0.3384218014741068,0.6901837986590207,0.3517619971849138,0.4148020851500399,0.5127151154595685,0.0979130303095285,0.198855502378185,0.2772545410744739,0.0783990386962889
A09,3,5,8132,2,0,0.5786117421535388,0.4897725428731727,-0.0888391992803661,0.4358324907657407,0.341060135938248,-0.0947723548274927,0.4528243664139665,0.4114792355756613,-0.0413451308383052,0.2330126722041604,0.109397720436805,-0.1236149517673553
A09,3,6,10243,1,0,0.497687887836361,0.5165769600188395,0.0188890721824784,0.4837167403332308,0.4464516293651466,-0.0372651109680841,0.4488534415293934,0.3912435554002814,-0.0576098861291119,0.3105465592731435,0.2112916404833245,-0.0992549187898189
A09,3,7,12160,2,0,0.5336194846396192,0.3564541855910773,-0.1771652990485419,0.3163632990566387,0.5524581532845857,0.236094854227947,0.397569829249927,0.4493028924538255,0.0517330632038984,0.1317156102814204,0.202899432977402,0.0711838226959816
A09,3,8,14210,3,0,0.1962443020215636,0.4298446700492105,0.2336003680276469,0.3973853668967607,0.7040938662076031,0.3067084993108423,0.3511223912132731,0.3640768365588149,0.0129544453455418,0.1101113592435078,0.2436667104535204,0.1335553512100126
A09,3,9,16141,2,0,0.2442006413412829,0.468134061227298,0.2239334198860151,0.3984706748543474,0.387357921922509,-0.0111127529318384,0.2931790298720605,0.4497083790985257,0.1565293492264651,0.1094356112311456,0.2982413704333055,0.1888057592021599
A09,3,10,18139,4,0,0.2306956827171853,0.3678110818233585,0.1371153991061731,0.4310749790482279,0.2809075771451647,-0.1501674019030632,0.4118155939513763,0.3519427287427512,-0.0598728652086251,0.2936255693140968,0.191640271132574,-0.1019852981815227
A09,3,11,20045,1,0,0.2442506147409012,0.2803148853254492,0.0360642705845479,0.2713157549759231,0.6810807180387998,0.4097649630628767,0.4265185534824902,0.4863063121308859,0.0597877586483956,0.4992581123307005,0.2371027125381613,-0.2621553997925392
A09,3,12,21940,3,0,0.4075515898578544,0.4638758121375929,0.0563242222797384,0.474264112703408,0.4733049094109511,-0.0009592032924569,0.3659311110978709,0.3451717340835015,-0.0207593770143694,0.2634219423019018,0.3053123824429491,0.0418904401410473
A09,3,13,23912,2,0,0.7517003492322338,0.379269916394313,-0.3724304328379208,0.430699138126962,0.5487204672847483,0.1180213291577862,0.3668825453070571,0.4138298646731524,0.0469473193660952,0.2070895706941797,0.2324151925417673,0.0253256218475875
A09,3,14,25856,1,0,0.3456948788798732,0.2967008075967673,-0.0489940712831059,0.421298287226254,0.6177290572963815,0.1964307700701275,0.2949334715611071,0.4544782093990451,0.159544737837938,0.3486631043216289,0.2224146399821011,-0.1262484643395277
A09,3,15,27823,4,0,0.3952603211506541,0.1072691928763049,-0.2879911282743491,0.4696650446571278,0.2848706889832181,-0.1847943556739096,0.4260389955086472,0.2700484038011749,-0.1559905917074723,0.1468362501820921,0.1379678692841554,-0.0088683808979366
A09,3,17,31951,4,0,0.5236890000990345,0.3230701805841381,-0.2006188195148963,0.4671079280455962,0.3090637293032605,-0.1580441987423356,0.3368668256762628,0.3807359346881061,0.0438691090118432,0.3081136310892876,0.1050601066333318,-0.2030535244559557
A09,3,18,34017,4,0,0.2750229969809802,0.681786848688276,0.4067638517072957,0.2841298445882932,0.1927723508204554,-0.0913574937678378,0.1660923838697925,0.4942901017591542,0.3281977178893617,0.2807511593460173,0.2300814117678787,-0.0506697475781386
A09,3,19,36053,4,0,0.2957261433017244,0.6460147398860779,0.3502885965843535,0.6051015387595549,0.3671001331183651,-0.2380014056411897,0.3696564659725742,0.378126048661719,0.0084695826891448,0.3437743248501089,0.1594600644568564,-0.1843142603932525
A09,3,20,38119,1,0,0.3374307019576278,0.2742401452005449,-0.0631905567570829,0.2653070701380046,0.4517019423388056,0.1863948722008009,0.3384648163015492,0.3746793922882848,0.0362145759867355,0.1969877543842481,0.3651205089672122,0.168132754582964
A09,3,21,40189,3,0,0.3041397293920981,0.2215059309037078,-0.0826337984883903,0.1106962372839226,0.4364478969771767,0.325751659693254,0.3650611571923136,0.436488004915999,0.0714268477236853,0.2454140719117937,0.2534004581935659,0.0079863862817722
A09,3,22,42269,2,0,0.5388462965708204,0.2561200996582461,-0.2827261969125743,0.5787398224414115,0.5831254297325403,0.0043856072911288,0.3632003997440217,0.4928076426763922,0.1296072429323704,0.1601916931327363,0.4210609726575319,0.2608692795247956
A09,3,23,44181,1,0,0.5926675440596265,0.2626078949615119,-0.3300596490981146,0.4333062602353071,0.4571371669325775,0.0238309066972703,0.3742713832580008,0.3859911620531443,0.0117197787951434,0.1982651683125835,0.2983664945518125,0.1001013262392289
A09,3,24,46212,1,0,0.3418494826767001,0.4318783406564622,0.090028857979762,0.2382236714106756,0.2971264640869901,0.0589027926763144,0.3540682473227133,0.4701413281374719,0.1160730808147585,0.0706021036703547,0.292999043633224,0.2223969399628693
A09,3,25,48165,3,0,0.2158626264083081,0.2658127463216008,0.0499501199132926,0.4709809533937962,0.1665359266208825,-0.3044450267729137,0.2253992291489035,0.2055665365399015,-0.019832692609002,0.1455503062798857,0.2162936276580293,0.0707433213781436
A09,3,26,50126,4,0,0.1719349726303489,0.324252553088317,0.1523175804579681,0.2904536236697531,0.498124114283872,0.2076704906141188,0.3685194221898297,0.4307327899576086,0.0622133677677789,0.2733048488383262,0.1035606376105504,-0.1697442112277757
A09,3,27,52230,1,0,0.2115269648327324,0.2632895839474182,0.0517626191146858,0.2223004719894399,0.2944648581015773,0.0721643861121373,0.4213696976053499,0.3480517042170868,-0.0733179933882631,0.1851733911124347,0.2346977877578379,0.0495243966454032
A09,3,28,54234,3,0,0.2763365805383624,0.1961808722950906,-0.0801557082432717,0.3662136368491309,0.1271960511345471,-0.2390175857145838,0.2949148280525904,0.2566060200913804,-0.03830880796121,0.2258483822964314,0.1875339628078392,-0.0383144194885922
A09,3,29,56209,3,0,0.4665098290532169,0.3434956551317714,-0.1230141739214454,0.3829459005558183,0.291346098062704,-0.0915998024931142,0.2652995747806053,0.3448724252772264,0.0795728504966211,0.2797218564839618,0.1574010543817503,-0.1223208021022114
A09,3,30,58235,3,0,0.5750410680862176,0.4559749768969692,-0.1190660911892483,0.4018058390378058,0.3789376159793073,-0.0228682230584985,0.2780477188155806,0.2926443210686291,0.0145966022530484,0.4725057608483398,0.141074879363361,-0.3314308814849788
A09,3,31,60306,1,0,0.4971687819936415,0.4327058846784566,-0.0644628973151849,0.2321553882450384,0.3861189786969809,0.1539635904519425,0.3290403148386656,0.4073390052530765,0.0782986904144109,0.2045818006057008,0.4485767386394712,0.2439949380337703
A09,3,33,64505,1,0,0.5964099881730609,0.1345435903549365,-0.4618663978181243,0.5113039040748684,0.4328166132532155,-0.0784872908216528,0.2373818441900781,0.3268365230096987,0.0894546788196204,0.1761343576946122,0.2704164511545011,0.0942820934598889
A09,3,34,66596,2,0,0.6685851009184914,0.1690616749794846,-0.4995234259390068,0.3169837657992214,0.2649880108693299,-0.0519957549298915,0.2457256442821509,0.4222788460267397,0.1765532017445887,0.063415120310984,0.2144351849557894,0.1510200646448053
A09,3,35,68639,2,0,0.6837247927355348,0.2233470544606632,-0.4603777382748715,0.2581700339475801,0.6924602418847859,0.4342902079372058,0.2713332896737625,0.2711193657369889,-0.0002139239367736,0.0572745951083758,0.2465753690683196,0.1893007739599437
A09,3,36,70703,1,0,0.1022994048913335,0.1872078227527767,0.0849084178614432,0.3841940793368142,0.4571915135119022,0.0729974341750879,0.2902486998670177,0.4860856315983315,0.1958369317313139,0.2561362650608848,0.2220976973572012,-0.0340385677036836
A09,3,37,72723,2,0,0.0950381673108237,0.5363179468721191,0.4412797795612954,0.4088314665858131,0.3510493034304156,-0.0577821631553975,0.1554346893947942,0.228689955249347,0.0732552658545528,0.1269450854485724,0.2154620538864693,0.0885169684378968
A09,3,38,74695,3,0,0.4471875788108091,0.3479749565365248,-0.0992126222742842,0.366518831239304,0.3758982161264093,0.0093793848871052,0.2905027390851696,0.1729937751841326,-0.117508963901037,0.2764622775358512,0.1119995154107011,-0.16446276212515
A09,3,40,78583,3,0,0.3057688822326265,0.3290643915141214,0.0232955092814949,0.2780849085607571,0.5450086108505579,0.2669237022898007,0.2670374542899302,0.3466751468662815,0.0796376925763512,0.1519413159734426,0.0917973733823213,-0.0601439425911212
A09,3,41,80664,3,0,0.298117725463504,0.4965943474882485,0.1984766220247445,0.53739894515475,0.3147821410153956,-0.2226168041393543,0.3519271058624119,0.3744304224121711,0.0225033165497592,0.4060857811538904,0.1890742268208163,-0.2170115543330741
A09,3,42,82642,4,0,0.2330565116665908,0.3849502350312773,0.1518937233646864,0.2560548931121862,0.6150245439286356,0.3589696508164494,0.4461647892120877,0.2695503549833606,-0.176614434228727,0.2372730292797579,0.2012162195220878,-0.03605680975767
A09,3,43,84632,3,0,0.5869580706324226,0.3419663825178046,-0.2449916881146179,0.4436708653601036,0.3776615569585758,-0.0660093084015277,0.4374003363457739,0.3821054633497729,-0.055294872996001,0.1287269987628668,0.1837629088927284,0.0550359101298616
A09,3,44,86751,3,0,0.3425535569685754,0.4337487300008796,0.0911951730323041,0.5502491641046311,0.3713705557660382,-0.1788786083385928,0.2226597463616023,0.3215738295904501,0.0989140832288478,0.2193465152902649,0.0698072895990556,-0.1495392256912092
A09,3,45,88657,4,0,0.4857537156089814,0.3622286314811758,-0.1235250841278056,0.199923591903351,0.5535330872806269,0.3536094953772759,0.1893836897766876,0.4390353850580347,0.2496516952813471,0.1714515308385992,0.3927540643937596,0.2213025335551604
A09,3,46,90585,4,0,0.2785156862125379,0.4374422675588946,0.1589265813463566,0.3367519021973653,0.2463113854812961,-0.0904405167160691,0.3171824715394447,0.4099060847160478,0.0927236131766031,0.2849832828447399,0.0862971810477354,-0.1986861017970044
A09,3,47,92699,4,0,0.6022263325219964,0.3279226336266774,-0.2743036988953189,0.3761832312303302,0.3002986120003986,-0.0758846192299315,0.3036396747068168,0.322683862177224,0.0190441874704072,0.3473509935256441,0.381034977288448,0.0336839837628039
A09,3,48,94758,4,0,0.5001906736489378,0.380980620172135,-0.1192100534768027,0.4688670381348792,0.1632977150375041,-0.3055693230973751,0.2054265112715403,0.236997730729362,0.0315712194578217,0.3057266114218108,0.1997068582877117,-0.1060197531340991
A09,4,1,251,4,0,0.5172579666244579,0.4012447137765215,-0.1160132528479364,0.5521163339462077,0.3805090352897203,-0.1716072986564874,0.2468963123570024,0.295463337513097,0.0485670251560945,0.0820446773463872,0.1432559894605695,0.0612113121141822
A09,4,2,2254,3,0,0.3247112800433037,0.5292996521074675,0.2045883720641638,0.6370731938450084,0.2090361720372908,-0.4280370218077176,0.2783249018664445,0.1835658667508919,-0.0947590351155525,0.2328099340976228,0.0665871073937841,-0.1662228267038386
A09,4,3,4172,2,0,0.3694330394202252,0.4245831633247469,0.0551501239045216,0.4003254373140653,0.334393538316345,-0.0659318989977202,0.193182851715287,0.3833337622195607,0.1901509105042736,0.1931961335687756,0.2612047200899173,0.0680085865211417
A09,4,4,6124,1,0,0.1819343751566694,0.5039126725976559,0.3219782974409865,0.4589884284739515,0.71173839396236,0.2527499654884085,0.3277704806498479,0.2985413019045495,-0.0292291787452984,0.1097335011535731,0.1639022039655757,0.0541687028120025
A09,4,5,8132,1,0,0.3052394201820455,0.2828425392808195,-0.0223968809012259,0.4342325983849522,0.5409478023836692,0.1067152039987169,0.215835495115897,0.3153593004931063,0.0995238053772092,0.1193473090340487,0.0991161183740777,-0.020231190659971
A09,4,6,10243,2,0,0.3635184221738687,0.0669975073877356,-0.2965209147861331,0.2395855364110396,0.3026109901532967,0.063025453742257,0.297089368862848,0.2521510131710709,-0.0449383556917771,0.2718984248056777,0.0974462010135594,-0.1744522237921182
A09,4,7,12160,3,0,0.4949917790288554,0.5238050305529086,0.0288132515240532,0.3256717977605141,0.2984272083647029,-0.0272445893958112,0.1627679340601305,0.289902080069352,0.1271341460092214,0.1065611355440316,0.0912749614879261,-0.0152861740561055
A09,4,8,14210,4,0,0.5118686903167297,0.361093704563463,-0.1507749857532666,0.3870540152614876,0.4287354409551199,0.0416814256936323,0.1953059727611084,0.2632332334203556,0.0679272606592472,0.1077885378695279,0.1067552474576575,-0.0010332904118704
A09,4,9,16141,2,0,0.6402924373876909,0.6261707145615685,-0.0141217228261224,0.4311117286577444,0.2835179995231998,-0.1475937291345446,0.0929661331869289,0.3204172799164019,0.2274511467294729,0.1492628775809162,0.1179395509104926,-0.0313233266704235
A09,4,10,18139,3,0,0.4747915348867613,0.4317832492828785,-0.0430082856038827,0.3988350271428779,0.154961322843598,-0.2438737042992799,0.2741789779221313,0.2496889226491667,-0.0244900552729646,0.2599985762539117,0.0974466833103492,-0.1625518929435625
A09,4,12,21940,1,0,0.4508856891495036,0.4963290331187798,0.0454433439692762,0.5174705133224603,0.5421585064689612,0.0246879931465009,0.2506243102236743,0.3821683709458781,0.1315440607222037,0.6501603823672555,0.607743615272353,-0.0424167670949025
A09,4,13,23912,1,0,0.4562450914201121,0.4209635995184781,-0.0352814919016339,0.678696810984271,0.3080593047186716,-0.3706375062655994,0.1641838138422959,0.366760979255868,0.2025771654135721,0.3957633819537481,0.3525133171160727,-0.0432500648376754
A09,4,14,25856,4,0,0.4989213151702648,0.4393011378122438,-0.059620177358021,0.3953879071927882,0.2685200697282178,-0.1268678374645704,0.1953775437719227,0.2282256630600432,0.0328481192881205,0.12759351895306,0.2583439265003983,0.1307504075473382
A09,4,15,27823,2,0,0.2608352295295058,0.2339151823858985,-0.0269200471436072,0.3042323383137682,0.3883371003380543,0.084104762024286,0.2547694956133716,0.324243237400906,0.0694737417875344,0.040795987176292,0.1751846004954778,0.1343886133191858
A09,4,16,29943,2,0,0.2797187996965548,0.6208526221694549,0.3411338224729001,0.3239779039498467,0.5506965083818379,0.2267186044319912,0.2430735636569034,0.3590195238777338,0.1159459602208303,0.2938729477679725,0.1068249056106189,-0.1870480421573535
A09,4,17,31951,1,0,0.3991593714991899,0.4701334809410755,0.0709741094418855,0.299852435614001,0.3295101655922324,0.0296577299782314,0.2653687338011751,0.3445038581075228,0.0791351243063477,0.1056679416151633,0.1518661243123508,0.0461981826971875
A09,4,18,34017,1,0,0.640668885477486,0.2911643140917941,-0.3495045713856919,0.5506685604223482,0.5279973350237487,-0.0226712253985995,0.3393744169036409,0.2336523500584003,-0.1057220668452405,0.156647442235976,0.0855367190467652,-0.0711107231892108
A09,4,19,36053,3,0,0.5969461369885695,0.273446913646537,-0.3234992233420324,0.6185725276315435,0.5279689228915675,-0.0906036047399759,0.2381973460409435,0.2741201145881414,0.0359227685471978,0.1181768434608227,0.0315059653827245,-0.0866708780780982
A09,4,20,38119,1,0,0.4728300911452325,0.4389265962122087,-0.0339034949330238,0.2171924456556284,0.4066739632903312,0.1894815176347027,0.3538970903257152,0.364263247793739,0.0103661574680237,0.1721037650637926,0.3502711657977962,0.1781674007340035
A09,4,21,40189,2,0,0.2966720401250081,0.2569471288427857,-0.0397249112822223,0.5690107234885191,0.1917222844821717,-0.3772884390063474,0.1012158461148151,0.1467507490669018,0.0455349029520866,0.3443079133111624,0.1674014150848832,-0.1769064982262791
A09,4,22,42269,4,0,0.3758903591840937,0.5240273420312669,0.1481369828471731,0.3837531147072269,0.4097586259248264,0.0260055112175995,0.221135028556319,0.2264580019897522,0.0053229734334332,0.0529361350071804,0.1119035364289372,0.0589674014217567
A09,4,23,44181,4,0,0.1399787176906221,0.1842918787343082,0.044313161043686,0.3734852577384086,0.3315510345208786,-0.04193422321753,0.3546602421504339,0.2284939589306849,-0.126166283219749,0.1975373229269413,0.1800160046249838,-0.0175213183019574
A09,4,24,46212,3,0,0.3822953253509732,0.2068958243403943,-0.1753995010105789,0.3126054582792026,0.5184225596214699,0.2058171013422672,0.2122097349128338,0.2676546963170676,0.0554449614042337,0.0419586630258953,0.0779491507530601,0.0359904877271647
A09,4,25,48165,1,0,0.6012609043414864,0.479926503200605,-0.1213344011408813,0.3141086569106837,0.5442286022726464,0.2301199453619626,0.3058294366644509,0.4602775805697264,0.1544481439052755,0.2744663288801007,0.1723363107130754,-0.1021300181670253
A09,4,26,50126,4,0,0.3731571041187102,0.6730194927893602,0.29986238867065,0.3362578695250424,0.6584279137605089,0.3221700442354664,0.3092054035910138,0.2758075166858179,-0.0333978869051959,0.301670856541452,0.1630787514711546,-0.1385921050702974
A09,4,27,52230,4,0,0.2530998121403725,0.3742705182618913,0.1211707061215187,0.3576318162326279,0.2081738246225415,-0.1494579916100863,0.2255894733974887,0.2483206221777338,0.022731148780245,0.1366075729088583,0.1538336909689502,0.0172261180600918
A09,4,28,54234,2,0,0.3329264678937256,0.2519026270894579,-0.0810238408042676,0.1823727673114718,0.2757950391814794,0.0934222718700076,0.2186755568017886,0.3395140420976275,0.1208384852958389,0.1262487395760234,0.1369534453401573,0.0107047057641339
A09,4,29,56209,4,0,0.1602824893071491,0.2173393733550167,0.0570568840478676,0.3880879288188989,0.2172877128661965,-0.1708002159527024,0.2499262069932102,0.1938464190099194,-0.0560797879832908,0.0962270529040697,0.0788894484486447,-0.017337604455425
A09,4,30,58235,4,0,0.4940664212266766,0.20399650197527,-0.2900699192514065,0.2502460482098922,0.5156214346714155,0.2653753864615233,0.1706576493459468,0.3659945201991307,0.1953368708531838,0.0526600956327814,0.1155657426551458,0.0629056470223644
A09,4,31,60306,2,0,0.5377918089996719,0.5254817702429465,-0.0123100387567254,0.4515951034568495,0.36031221708732,-0.0912828863695295,0.2711261711338964,0.3732700403907705,0.102143869256874,0.1366688696184512,0.1260976631840176,-0.0105712064344335
A09,4,32,62413,1,0,0.5732294293017967,0.2903850633181605,-0.2828443659836361,0.2045914289336285,0.3076954231106134,0.1031039941769848,0.176931577079577,0.3930020857418355,0.2160705086622585,0.1527705611083686,0.327789494903366,0.1750189337949973
A09,4,33,64505,2,0,0.1821209304987399,0.3741138100929394,0.1919928795941994,0.4379801793655106,0.2355939084051477,-0.2023862709603628,0.3128160230846313,0.2736898566331648,-0.0391261664514664,0.1787326514009636,0.2084489104229527,0.0297162590219891
A09,4,34,66596,3,0,0.3548749688510504,0.3347856812722823,-0.0200892875787681,0.5917086823770141,0.357221399278659,-0.2344872830983551,0.3390023076933464,0.3150826331580391,-0.0239196745353073,0.1870447454649151,0.074913147127841,-0.112131598337074
A09,4,35,68639,3,0,0.3786200412881417,0.275092577924832,-0.1035274633633097,0.3630360101561098,0.4155793130053511,0.0525433028492413,0.2172193711679517,0.2905298132339564,0.0733104420660046,0.091372062188859,0.1272848589116194,0.0359127967227604
A09,4,36,70703,3,0,0.4687271363318935,0.2734840467126136,-0.1952430896192798,0.2620045902380476,0.4559214530286301,0.1939168627905824,0.2180957029630318,0.2611250179515146,0.0430293149884828,0.116159112801748,0.0655649181585206,-0.0505941946432274
A09,4,37,72723,4,0,0.5871766030278104,0.29080240359326,-0.2963741994345503,0.4629202148529895,0.2007550003021621,-0.2621652145508274,0.3145993317045408,0.3145136527912727,-8.567891326816124e-05,0.1310042708247591,0.1161854489602498,-0.0148188218645092
A09,4,38,74695,3,0,0.5092812665901555,0.3411940452794473,-0.1680872213107081,0.4890331569569558,0.3686838978274607,-0.1203492591294951,0.3381980715124975,0.298517127041122,-0.0396809444713754,0.1350062866609975,0.1159612094753198,-0.0190450771856776
A09,4,39,76658,1,0,0.4294469637704466,0.2667721996550163,-0.1626747641154303,0.3435003142671246,0.2019841797874647,-0.1415161344796598,0.1435264009074127,0.2509124638133889,0.1073860629059761,0.196508943460702,0.2684796157211791,0.0719706722604771
A09,4,40,78583,4,0,0.3108084372737628,0.3648257327523221,0.0540172954785593,0.2721257291123481,0.4276550583822189,0.1555293292698708,0.0960499505753964,0.3220156977376586,0.2259657471622622,0.1424563236788652,0.3118940622909895,0.1694377386121242
A09,4,41,80664,2,0,0.2359958451946626,0.1478485894462236,-0.0881472557484389,0.2380985922416114,0.467379148562609,0.2292805563209975,0.2018738295345041,0.3108284498083825,0.1089546202738784,0.1806289236733422,0.1262611038409878,-0.0543678198323543
A09,4,42,82642,3,0,0.4481751113716207,0.5562215634690557,0.1080464520974349,0.3108744620480981,0.4413738768392182,0.13049941479112,0.2016964060786986,0.3549740217210823,0.1532776156423836,0.0465932797838395,0.227309234625772,0.1807159548419324
A09,4,43,84632,2,0,0.369853912777168,0.5016133396626344,0.1317594268854664,0.3693526019908232,0.3872593432457627,0.0179067412549394,0.3322244816342328,0.2130750848131772,-0.1191493968210556,0.1973269643298521,0.3187704346036032,0.121443470273751
A09,4,44,86751,3,0,0.2243448352056036,0.4112220367536161,0.1868772015480125,0.2065747296831333,0.3011455066151692,0.0945707769320358,0.226538027952571,0.479124890485996,0.2525868625334249,0.1837360816678116,0.3301318363369844,0.1463957546691728
A09,4,45,88657,4,0,0.4854883889477733,0.3066553806299117,-0.1788330083178615,0.3999119464537476,0.2924516309888611,-0.1074603154648864,0.2251729927410341,0.3077839835198727,0.0826109907788386,0.2630835432985633,0.1918189089704528,-0.0712646343281105
A09,4,46,90585,2,0,0.6566078717828985,0.272333839934589,-0.3842740318483094,0.4264760108701911,0.2943815712696263,-0.1320944396005648,0.3414716552094142,0.1713699804186917,-0.1701016747907225,0.1404580927983707,0.1543264373629304,0.0138683445645596
A09,4,47,92699,3,0,0.6034769456746892,0.2173657071735752,-0.386111238501114,0.3714546915778912,0.2716808186640504,-0.0997738729138407,0.4221859501419443,0.3138824223209464,-0.1083035278209979,0.1768797795340647,0.0957291875206286,-0.0811505920134361
A09,4,48,94758,1,0,0.5108541870972954,0.3762638937807079,-0.1345902933165874,0.3070566375693988,0.5022338152572071,0.1951771776878083,0.3035509918690335,0.3377348681259784,0.0341838762569449,0.2676745612796485,0.1926989385640947,-0.0749756227155537
A09,5,1,251,1,0,0.2613681138270795,0.3091819728384746,0.0478138590113951,0.2521182143517653,0.5540433692136989,0.3019251548619335,0.2833759445760713,0.2854329502198555,0.0020570056437841,0.2336029938360743,0.1615345288116403,-0.0720684650244339
A09,5,2,2254,1,0,0.2409173196648461,0.3359612314780197,0.0950439118131736,0.5759984945670189,0.6285312640216398,0.0525327694546209,0.3162167182342923,0.2860937081654964,-0.0301230100687959,0.2273333299326074,0.2915164615065792,0.0641831315739717
A09,5,3,4172,4,0,0.2799229875954658,0.3125759797473358,0.03265299215187,0.4486096212705091,0.2515813271335307,-0.1970282941369783,0.324124496676432,0.3251191966227494,0.0009946999463174,0.087759591385992,0.1334002682505798,0.0456406768645877
A09,5,4,6124,2,0,0.6062773125421438,0.3087784557467933,-0.2974988567953505,0.2373609665691815,0.4836061325809186,0.2462451660117371,0.3378845105332356,0.3500319733143427,0.0121474627811071,0.1494681334068253,0.22991466303296,0.0804465296261346
A09,5,5,8132,1,0,0.524179949420166,0.2020701928759745,-0.3221097565441915,0.1892877247581993,0.3924477573090716,0.2031600325508722,0.2053598377971339,0.3163107826965786,0.1109509448994446,0.1487966467947015,0.4312446298510259,0.2824479830563244
A09,5,6,10243,3,0,0.2270251868780482,0.4711794973737085,0.2441543104956603,0.4331781027007532,0.2433054430880344,-0.1898726596127188,0.290499028485671,0.3628147486823633,0.0723157201966923,0.2037353317250296,0.114388286155638,-0.0893470455693916
A09,5,7,12160,1,0,0.656963674134018,0.2961679013350813,-0.3607957727989367,0.4023546478129436,0.4046727374160777,0.0023180896031341,0.3154560241736518,0.3608770565927748,0.045421032419123,0.1807766645487594,0.163674632685105,-0.0171020318636544
A09,5,8,14210,3,0,0.316835080682657,0.4369960078682522,0.1201609271855952,0.2117467812708158,0.2509965493092845,0.0392497680384686,0.2648723895575655,0.4636957934456078,0.1988234038880423,0.1883755207770876,0.1486228882739843,-0.0397526325031032
A09,5,10,18139,4,0,0.5987634421687232,0.5662594374466744,-0.0325040047220488,0.639604033155339,0.3373402626063965,-0.3022637705489424,0.476068674494381,0.2506861663684697,-0.2253825081259113,0.39538757492021,0.1366661231905817,-0.2587214517296282
A09,5,11,20045,1,0,0.4223879615432957,0.2702083097979694,-0.1521796517453263,0.3926172952076728,0.4251568148618044,0.0325395196541315,0.2275940139211005,0.4060524840919217,0.1784584701708211,0.3085915591056957,0.1432695616891387,-0.165321997416557
A09,5,13,23912,3,0,0.428092057702387,0.1015924219037368,-0.3264996357986502,0.351301733268772,0.4651323325454206,0.1138305992766485,0.368949948104777,0.3947103066451097,0.0257603585403326,0.3161127240094507,0.2091088630019257,-0.1070038610075249
A09,5,14,25856,1,0,0.3304024099543389,0.1727697478244094,-0.1576326621299295,0.473506870608003,0.4787332016137191,0.005226331005716,0.3369855985437811,0.4205721962175952,0.0835865976738141,0.1959465023420213,0.3155919178061585,0.1196454154641371
A09,5,15,27823,3,0,0.3736105168677294,0.5796798583705421,0.2060693415028127,0.2610945455503995,0.2804033167153048,0.0193087711649052,0.2644487045398115,0.4064067497987716,0.14195804525896,0.227192887777068,0.1656721772980208,-0.0615207104790472
A09,5,16,29943,2,0,0.4376638577130857,0.500191467862462,0.0625276101493763,0.2501272363221803,0.3365470826496439,0.0864198463274636,0.2988542428927274,0.300027270794182,0.0011730279014546,0.2336598258380646,0.2268915853337778,-0.0067682405042868
A09,5,17,31951,4,0,0.4911381585497657,0.5478105397776089,0.0566723812278431,0.5209680523277108,0.3365046109207585,-0.1844634414069523,0.1576160324924853,0.3128265418160593,0.1552105093235739,0.2035257509283865,0.1867020977744627,-0.0168236531539238
A09,5,18,34017,4,0,0.4352612329365758,0.2960914798909324,-0.1391697530456434,0.3682400229303099,0.3669756376061096,-0.0012643853242003,0.2135028631401276,0.2569827485000952,0.0434798853599675,0.1878546006780035,0.1993156809160719,0.0114610802380683
A09,5,20,38119,3,0,0.4087432472649221,0.3644807832463689,-0.0442624640185531,0.5418280744225145,0.4341874615697134,-0.107640612852801,0.4047000271840033,0.2616088579038053,-0.1430911692801979,0.2095193452710033,0.1812857704560536,-0.0282335748149496
A09,5,21,40189,1,0,0.4074608630903429,0.0986254976329036,-0.3088353654574393,0.5356878315571492,0.5349780821829416,-0.0007097493742075,0.4106285683182506,0.4385745824156336,0.0279460140973829,0.5454907040388314,0.2324033546163245,-0.3130873494225069
A09,5,22,42269,4,0,0.3620515167611437,0.1517458730898019,-0.2103056436713418,0.2435352487975588,0.2924035610155258,0.048868312217967,0.3548639247022418,0.128966078023672,-0.2258978466785697,0.2171216852116513,0.3536647489934078,0.1365430637817564
A09,5,23,44181,2,0,0.5009810561990033,0.3249238477456634,-0.1760572084533399,0.4567408364990468,0.3755687560151551,-0.0811720804838916,0.374717867789186,0.4294238734316096,0.0547060056424236,0.2215276471724605,0.3466622229649557,0.1251345757924951
A09,5,24,46212,4,0,0.506217488395381,0.4547042108464907,-0.0515132775488902,0.3992980408069909,0.2941080450886683,-0.1051899957183226,0.3672781072519703,0.2765278494849051,-0.0907502577670651,0.1279684348941315,0.1730618862743144,0.0450934513801829
A09,5,25,48165,2,0,0.7517740769638867,0.3236219778917789,-0.4281520990721078,0.5117292885332189,0.4651111674255909,-0.0466181211076279,0.3440321954672695,0.4206625120496254,0.0766303165823559,0.2061332087192093,0.101182373970831,-0.1049508347483782
A09,5,26,50126,1,0,0.7727589221470951,0.3277618344512029,-0.4449970876958921,0.164853435621759,0.6940153590718878,0.5291619234501288,0.4136722052310361,0.418585674700663,0.0049134694696268,0.0940716310220957,0.4929646122736377,0.398892981251542
A09,5,27,52230,3,0,0.2860759085521173,0.40799735014089,0.1219214415887726,0.2382126063566965,0.4000665358020211,0.1618539294453245,0.2632253876590908,0.4030441867957847,0.1398187991366938,0.1169864469597035,0.2330544885236157,0.1160680415639121
A09,5,28,54234,2,0,0.0830757067428883,0.3355980372791868,0.2525223305362984,0.5943008610274415,0.4105009327969435,-0.1837999282304979,0.3625854275323142,0.3154248959705764,-0.0471605315617377,0.3132788842559045,0.3807025736832012,0.0674236894272967
A09,5,29,56209,1,0,0.5951569825726969,0.6100294859174306,0.0148725033447336,0.2621293783137958,0.3120103666226771,0.0498809883088813,0.3683160156370533,0.3955514354112568,0.0272354197742035,0.1972551461116653,0.2443347805712838,0.0470796344596185
A09,5,30,58235,3,0,0.6724087242615793,0.4773944246305974,-0.1950142996309818,0.592103046204002,0.4751046147573036,-0.1169984314466984,0.350085963327565,0.4832380773046058,0.1331521139770408,0.2545865635099755,0.196643781241717,-0.0579427822682584
A09,5,31,60306,3,0,0.4082861848373838,0.3515551697620406,-0.0567310150753432,0.5578821768959545,0.4567348935231476,-0.1011472833728069,0.2306551595174955,0.3904311505359538,0.1597759910184583,0.4479239697735057,0.2163227803241641,-0.2316011894493416
A09,5,32,62413,1,0,0.2853424346658655,0.6007463634977119,0.3154039288318463,0.2045471414741121,0.344324371534474,0.1397772300603618,0.183100314010752,0.4128164516275224,0.2297161376167704,0.2797369013446884,0.1042713662331474,-0.1754655351115409
A09,5,33,64505,3,0,0.5423981476847507,0.3064761298928742,-0.2359220177918765,0.3512634174449687,0.3153810842789897,-0.035882333165979,0.4227525781789117,0.3422240837263421,-0.0805284944525696,0.3482103335854756,0.2797968173237505,-0.0684135162617251
A09,5,34,66596,4,0,0.5657192719660944,0.4061396451618767,-0.1595796268042177,0.2812751010120752,0.2033189026290367,-0.0779561983830385,0.3128914740160962,0.3728911373199851,0.0599996633038888,0.2644302504788945,0.2009091086013172,-0.0635211418775772
A09,5,35,68639,4,0,0.6195718032715485,0.3321906950651442,-0.2873811082064042,0.2848959213388233,0.4073963248639933,0.1225004035251699,0.2008397767502996,0.3167595604410939,0.1159197836907942,0.3546565636604951,0.2302002607612936,-0.1244563028992014
A09,5,37,72723,1,0,0.3144915160493888,0.2553730195737699,-0.0591184964756189,0.5351975268319963,0.6121590963063105,0.0769615694743142,0.2531729255032165,0.2379705378211505,-0.0152023876820659,0.4965081443480137,0.6277347811898608,0.131226636841847
A09,5,38,74695,2,0,0.2492094692396988,0.3825142139174902,0.1333047446777914,0.3098306092998557,0.3005436659632141,-0.0092869433366415,0.3079523913710772,0.4253248752146599,0.1173724838435827,0.4373977679792792,0.5079991242765206,0.0706013562972413
A09,5,39,76658,4,0,0.1219763322839531,0.3272357865407648,0.2052594542568116,0.3775150881766529,0.3786336000207552,0.0011185118441023,0.3678867841429347,0.2669258938754137,-0.1009608902675209,0.370004331413042,0.3577200709110387,-0.0122842605020033
A09,5,40,78583,2,0,0.406048638099125,0.3777375707193145,-0.0283110673798104,0.4140543109879767,0.2494983197389304,-0.1645559912490462,0.3379004493186558,0.2488828853440077,-0.0890175639746481,0.1065487829862315,0.1653638004634724,0.0588150174772408
A09,5,41,80664,4,0,0.5410028803769702,0.2483900739078418,-0.2926128064691283,0.5504214618247376,0.2540173584165154,-0.2964041034082221,0.4629982967358095,0.2956085011512859,-0.1673897955845235,0.2245795716763285,0.1152048049322796,-0.1093747667440489
A09,5,43,84632,2,0,0.5077799560066378,0.4747665589996825,-0.0330133970069553,0.3313200860121154,0.390224991735399,0.0589049057232835,0.3452430204357455,0.3543659358885794,0.0091229154528339,0.3824364642977964,0.1185262901823134,-0.2639101741154829
A09,5,44,86751,2,0,0.5139002350593722,0.3247237411941641,-0.1891764938652081,0.3932844893486529,0.424432577283857,0.031148087935204,0.1581202877376298,0.4306512813056151,0.2725309935679852,0.1497241406930415,0.098149828455273,-0.0515743122377684
A09,5,45,88657,2,0,0.6681914704799959,0.4305732103687228,-0.2376182601112731,0.2484252971623945,0.326856845797856,0.0784315486354614,0.3025134399600802,0.2450172422054059,-0.0574961977546742,0.0616387502695573,0.1305948814118795,0.0689561311423221
A09,5,46,90585,3,0,0.8376688794186069,0.5659909035661949,-0.271677975852412,0.4730519860708772,0.5438306731044414,0.0707786870335642,0.1892850406573981,0.3150793993756088,0.1257943587182106,0.0598221948964076,0.1027929875904135,0.0429707926940059
A09,5,47,92699,4,0,0.7609346138045385,0.5966239143746012,-0.1643106994299373,0.3548012994157384,0.4325056333674497,0.0777043339517112,0.1536448966783528,0.2346366208101446,0.0809917241317917,0.3747647928866228,0.0403191699302943,-0.3344456229563285
A09,5,48,94758,1,0,0.1874859596001659,0.2884813735771411,0.1009954139769751,0.4357401410707413,0.4454586517135583,0.0097185106428169,0.2097610084059747,0.3218258952526657,0.112064886846691,0.2413124202632026,0.3428656147433458,0.1015531944801432
A09,6,1,251,2,0,0.6722283113589572,0.4102061932221126,-0.2620221181368445,0.3988326830891307,0.4104724293303053,0.0116397462411745,0.224148221522054,0.299136361595016,0.074988140072962,0.2788723075909677,0.2271618464079712,-0.0517104611829964
A09,6,3,4172,1,0,0.4670791435568463,0.1240151680370066,-0.3430639755198397,0.227757594281754,0.2974062834649446,0.0696486891831906,0.2910914055127885,0.2831923294674877,-0.0078990760453008,0.2964607072283372,0.1369247116580271,-0.15953599557031
A09,6,4,6124,3,0,0.2174578172252354,0.3492249367298574,0.1317671195046219,0.4138983398194802,0.3557768658384273,-0.0581214739810529,0.218675853876523,0.3337743566181689,0.1150985027416458,0.3131200843898157,0.1468331506901441,-0.1662869336996716
A09,6,5,8132,3,0,0.6475257058067129,0.3325963014882843,-0.3149294043184286,0.3469490145713996,0.5380604934085281,0.1911114788371285,0.2848232386140087,0.2395163612802073,-0.0453068773338014,0.1823863141165703,0.0378544318822725,-0.1445318822342978
A09,6,6,10243,4,0,0.3369435847765666,0.6081597398552819,0.2712161550787153,0.3919090478291661,0.3945624338631922,0.0026533860340261,0.2912320526911471,0.3003171474476431,0.009085094756496,0.2178614110453551,0.112417688708451,-0.1054437223369041
A09,6,7,12160,1,0,0.4830654940710724,0.3323660157015872,-0.1506994783694852,0.2822859986482027,0.4878029269886266,0.2055169283404239,0.2678321565604301,0.3865510010050638,0.1187188444446336,0.2471130582696919,0.2120182499632885,-0.0350948083064033
A09,6,8,14210,1,0,0.314830485021602,0.2473161059256525,-0.0675143790959495,0.3454774279461015,0.5071115978660682,0.1616341699199667,0.3261491024489349,0.2369315240112345,-0.0892175784377004,0.1783387828270671,0.1766029968306552,-0.0017357859964118
A09,6,10,18139,2,0,0.1748442344823812,0.1466872498132024,-0.0281569846691787,0.2605891526301385,0.3907204640043505,0.130131311374212,0.3168763312259406,0.3452633879764981,0.0283870567505574,0.192183394733404,0.3879928609638412,0.1958094662304371
A09,6,11,20045,4,0,0.3967183313693218,0.5377169041786963,0.1409985728093745,0.2262346334529372,0.2726040485179147,0.0463694150649774,0.0788444907272088,0.2727258844129979,0.193881393685789,0.241468397975919,0.1919203456641574,-0.0495480523117616
A09,6,12,21940,4,0,0.4215827518276588,0.2056935745391877,-0.2158891772884711,0.1739246826315055,0.4891911079204722,0.3152664252889667,0.192520220705163,0.1567759624587632,-0.0357442582463997,0.2153239483982278,0.17900098420739,-0.0363229641908377
A09,6,13,23912,4,0,0.6782682529688426,0.3215405287808656,-0.356727724187977,0.4321770037209122,0.5190220925186478,0.0868450887977356,0.3580704769891633,0.320794653962111,-0.0372758230270522,0.0783105058880374,0.1324890966608919,0.0541785907728545
A09,6,14,25856,2,0,0.6188748409030502,0.3226243232169978,-0.2962505176860524,0.4137119716761394,0.0826792796640821,-0.3310326920120572,0.3764140635399252,0.261074113508476,-0.1153399500314491,0.0617656095664397,0.1194093984625266,0.0576437888960868
A09,6,16,29943,3,0,0.3580109473875159,0.3653265080593582,0.0073155606718423,0.4851535712762229,0.2830811255383773,-0.2020724457378455,0.3437045128047645,0.3259081612660744,-0.0177963515386901,0.0845652045126024,0.1745274362305379,0.0899622317179355
A09,6,17,31951,2,0,0.1907512698946851,0.3811994803761904,0.1904482104815053,0.4458896182126105,0.1661420678721161,-0.2797475503404943,0.3186916021391912,0.2353030600415365,-0.0833885420976547,0.1608232001625258,0.1060539413889929,-0.0547692587735328
A09,6,18,34017,4,0,0.328827368041905,0.4798469680583069,0.1510196000164018,0.2787642047525778,0.5151902585102274,0.2364260537576495,0.4145482735683048,0.3144904546895898,-0.100057818878715,0.1755914604393294,0.2379800948294747,0.0623886343901453
A09,6,20,38119,4,0,0.6319740186748618,0.2898562219879724,-0.3421177966868894,0.4696132331022283,0.4035834171847501,-0.0660298159174782,0.4799084602219822,0.3450319178076832,-0.134876542414299,0.2766072330289454,0.1255956971295868,-0.1510115358993586
A09,6,21,40189,3,0,0.4222635623175118,0.350605180091021,-0.0716583822264907,0.3326218681758667,0.450787882374454,0.1181660141985873,0.3280069898002109,0.2841270224869481,-0.0438799673132627,0.1415107655049423,0.0739999709111057,-0.0675107945938365
A09,6,22,42269,2,0,0.404229633361437,0.2007022785324524,-0.2035273548289846,0.492364936430858,0.3916608542065894,-0.1007040822242685,0.3377206065557456,0.2873879320207441,-0.0503326745350015,0.0900231573816964,0.2001929950022932,0.1101698376205967
A09,6,23,44181,4,0,0.4976511311147664,0.3596088849588882,-0.1380422461558782,0.4637025189307353,0.4061885771684063,-0.0575139417623289,0.3924843534376107,0.2586451884830187,-0.1338391649545919,0.0906359580297611,0.0517271046331134,-0.0389088533966476
A09,6,24,46212,4,0,0.1140991590355966,0.3325123059048204,0.2184131468692237,0.3145423575178464,0.3202083192614917,0.0056659617436452,0.3156649669037291,0.294031114420395,-0.0216338524833341,0.3045259157446969,0.1003767659978141,-0.2041491497468827
A09,6,25,48165,1,0,0.5440916516129927,0.2477973059542848,-0.2962943456587078,0.4114965240487568,0.7348133879345063,0.3233168638857495,0.2281465317704739,0.4239256450947946,0.1957791133243207,0.3937727365741513,0.4581992273537,0.0644264907795486
A09,6,26,50126,2,0,0.3464410983475071,0.4346962061976543,0.0882551078501472,0.4140326270467129,0.4454344020211718,0.0314017749744588,0.3828814160793103,0.2881627795493521,-0.0947186365299582,0.1760427352473043,0.0818627431633588,-0.0941799920839455
A09,6,27,52230,2,0,0.5869995647409162,0.4427134554036654,-0.1442861093372507,0.5653606722459829,0.2834771419069133,-0.2818835303390695,0.215039996851913,0.3452064488435986,0.1301664519916855,0.2627775306954867,0.0512899897136754,-0.2114875409818112
A09,6,28,54234,3,0,0.4005300028553425,0.3618067157289645,-0.038723287126378,0.2660166924321313,0.3672899695536205,0.1012732771214892,0.200812407162022,0.1905021066000826,-0.0103103005619393,0.1091718107281563,0.1472241432009955,0.0380523324728392
A09,6,30,58235,2,0,0.6043330618317689,0.0605521060664588,-0.54378095576531,0.5957881943403908,0.3623377373201736,-0.2334504570202171,0.3081314202216934,0.3569505697011413,0.0488191494794478,0.3341149985541345,0.2757610726015258,-0.0583539259526087
A09,6,31,60306,1,0,0.2224343016344929,0.5534550719152851,0.3310207702807921,0.3873961766815904,0.5549194172566534,0.167523240575063,0.3543845922672603,0.2901462547223593,-0.064238337544901,0.2128060568374292,0.0965487903922768,-0.1162572664451523
A09,6,32,62413,1,0,0.3354053050813031,0.4793595639714721,0.143954258890169,0.3724248524728533,0.324775534501275,-0.0476493179715783,0.192266740051562,0.2999361597715664,0.1076694197200043,0.0623386952476632,0.1970560607516689,0.1347173655040057
A09,6,33,64505,4,0,0.5420165056672259,0.3399891249845708,-0.202027380682655,0.2631801005985058,0.3963011771046006,0.1331210765060948,0.3286774198236529,0.3338912362609197,0.0052138164372668,0.1857095602349519,0.0926257477193922,-0.0930838125155597
A09,6,34,66596,2,0,0.6754798425032549,0.2314570131019576,-0.4440228294012973,0.5899523629361418,0.3657089733648212,-0.2242433895713206,0.2914906959962068,0.3050719107895973,0.0135812147933905,0.1795008188097806,0.1435331087352159,-0.0359677100745647
A09,6,35,68639,1,0,0.2770044163941895,0.5138272358353384,0.2368228194411489,0.409375753177823,0.6574259142884747,0.2480501611106517,0.0958758868225167,0.2660424098039868,0.17016652298147,0.2650440768162254,0.2718441955342502,0.0068001187180248
A09,6,36,70703,3,0,0.4205959570772005,0.3858325439963356,-0.0347634130808648,0.5387432802973489,0.3177338979749248,-0.221009382322424,0.287775796696939,0.3800762131162618,0.0923004164193227,0.0868075715845987,0.2804721189189335,0.1936645473343347
A09,6,37,72723,2,0,0.6108300421657769,0.5361369627997866,-0.0746930793659902,0.3084148225918469,0.4429877495166665,0.1345729269248196,0.3705341300919706,0.3030272126881216,-0.067506917403849,0.1461913201185814,0.3082615842993187,0.1620702641807373
A09,6,38,74695,2,0,0.6444726197171095,0.272243766292463,-0.3722288534246464,0.3028288774884184,0.5051146200967497,0.2022857426083312,0.1795867520972626,0.2919728361844542,0.1123860840871915,0.182856753788305,0.1449118676063069,-0.037944886181998
A09,6,39,76658,3,0,0.3029444890567094,0.215572952063513,-0.0873715369931963,0.432688340017501,0.2134111498117114,-0.2192771902057896,0.2460812903334059,0.3856116529302652,0.1395303625968592,0.1676879783937262,0.0757970025419767,-0.0918909758517495
A09,6,40,78583,1,0,0.719050768453432,0.3693192287897578,-0.3497315396636741,0.7206466226588828,0.7041091154523375,-0.0165375072065453,0.3593506657211112,0.4361915818503548,0.0768409161292436,0.239055354567498,0.2590311566353305,0.0199758020678325
A09,6,41,80664,4,0,0.390919805498525,0.4777612021372056,0.0868413966386805,0.4526435900327123,0.1751361707122965,-0.2775074193204158,0.2274878910050385,0.2155281662098641,-0.0119597247951744,0.4976746664292171,0.1441708148285248,-0.3535038516006923
A09,6,42,82642,3,0,0.5678530609493022,0.3594304247311844,-0.2084226362181178,0.4924836373166927,0.5381357358485238,0.045652098531831,0.2732368314044072,0.3674946412648273,0.0942578098604201,0.1257002741124497,0.1733587931384243,0.0476585190259746
A09,6,43,84632,3,0,0.4700590381013009,0.458865813805983,-0.0111932242953178,0.5853608608614271,0.3731148958933943,-0.2122459649680327,0.2480283617539803,0.2544507954602605,0.0064224337062801,0.0724279427869026,0.1236439270519106,0.051215984265008
A09,6,44,86751,3,0,0.5393707849915357,0.1137879724311315,-0.4255828125604042,0.2689282135358759,0.3675666406082013,0.0986384270723254,0.2664316034847375,0.3495869672110472,0.0831553637263096,0.1843833958028917,0.2779497046771481,0.0935663088742563
A09,6,45,88657,3,0,0.3441159981809839,0.2748470415437327,-0.0692689566372511,0.2100724644903331,0.3905343599878549,0.1804618954975218,0.2067620449698635,0.3569842774746681,0.1502222325048045,0.111579373714843,0.1500953501645134,0.0385159764496703
A09,6,46,90585,1,0,0.4664071608945868,0.391271653675234,-0.0751355072193528,0.5559815091998395,0.3304811254376391,-0.2255003837622003,0.5047607134945379,0.285074397946736,-0.2196863155478018,0.4104911013972193,0.1564699140293991,-0.2540211873678202
A09,6,47,92699,2,0,0.2900829000115005,0.2328221205641243,-0.0572607794473762,0.4979261355768794,0.5379555696415944,0.0400294340647149,0.4265266850613169,0.3079763520453741,-0.1185503330159428,0.1339605872151573,0.1761856249577806,0.0422250377426232
A09,6,48,94758,1,0,0.3961716394478288,0.4597603894080772,0.0635887499602483,0.5301322523638773,0.3867664965047029,-0.1433657558591743,0.2844439070225325,0.387457386347901,0.1030134793253684,0.0986573364181056,0.1308465991229997,0.0321892627048941
A09,7,1,251,2,0,0.4881896736627391,0.4890592278649834,0.0008695542022442,0.3513576708550203,0.5440417320104375,0.1926840611554172,0.2337154625626068,0.3755253957983786,0.1418099332357718,0.0599723432967969,0.1063503050095784,0.0463779617127814
A09,7,2,2254,1,0,0.2670308831135456,0.306755600639808,0.0397247175262623,0.4077414408027108,0.5868752854965475,0.1791338446938367,0.2393251247159693,0.2411732069282927,0.0018480822123233,0.2784300370736766,0.1896316415663075,-0.0887983955073691
A09,7,3,4172,1,0,0.585791180189551,0.4478993905879031,-0.1378917896016478,0.4938927584325435,0.3036135689719854,-0.1902791894605581,0.2171751797850847,0.2976040097771161,0.0804288299920314,0.1154159388017993,0.2270003768981787,0.1115844380963793
A09,7,4,6124,3,0,0.2578901735522182,0.5132699370169007,0.2553797634646824,0.3674396540022509,0.4669907410546776,0.0995510870524266,0.2596126351335697,0.3025744089040746,0.0429617737705049,0.1293781230343011,0.1369704931837086,0.0075923701494075
A09,7,5,8132,3,0,0.5068447791683507,0.3954564471245305,-0.1113883320438201,0.456077133982009,0.4112137979618263,-0.0448633360201826,0.1620068985532681,0.3295447702313803,0.1675378716781122,0.4632300728363626,0.0756108544396381,-0.3876192183967244
A09,7,7,12160,3,0,0.393107756581369,0.3853691561811461,-0.0077386004002228,0.5226535901254543,0.376977457325803,-0.1456761327996513,0.4389273979198092,0.262724076841026,-0.1762033210787832,0.284449786378827,0.2226276967696492,-0.0618220896091777
A09,7,8,14210,4,0,0.5716141440440449,0.5331286416625657,-0.0384855023814791,0.4649389618284046,0.3423907919171865,-0.1225481699112181,0.325245863020949,0.3327379722156874,0.0074921091947384,0.1288716567871688,0.1163785670599021,-0.0124930897272666
A09,7,9,16141,1,0,0.3787632455606951,0.4565770157023454,0.0778137701416503,0.2045243439623241,0.3350763105693998,0.1305519666070757,0.2366496989451154,0.2276860466168199,-0.0089636523282955,0.0365459012813827,0.248892158068696,0.2123462567873133
A09,7,10,18139,4,0,0.4683573925792176,0.0899700794187205,-0.378387313160497,0.2902865530015573,0.3399121895253185,0.0496256365237611,0.1641761093675501,0.2960050580553557,0.1318289486878055,0.2268932657082672,0.1933568471083575,-0.0335364185999097
A09,7,11,20045,1,0,0.4550274913552987,0.2585658443598782,-0.1964616469954204,0.3971807703642843,0.3445108916716748,-0.0526698786926094,0.2701268934065629,0.2754243900849667,0.0052974966784038,0.2385421025310135,0.117376114536504,-0.1211659879945094
A09,7,12,21940,1,0,0.3704343457744503,0.3340112118646839,-0.0364231339097664,0.7167054430078713,0.5581814841676719,-0.1585239588401994,0.2309598533728589,0.3348951534803172,0.1039353001074583,0.3261198907827395,0.1680952983643551,-0.1580245924183843
A09,7,13,23912,2,0,0.7256066354756283,0.3228900860171743,-0.402716549458454,0.4183048714807945,0.3969821016738316,-0.0213227698069628,0.2386265790143828,0.4169164498564036,0.1782898708420207,0.1549784596583647,0.3421525131680155,0.1871740535096508
A09,7,14,25856,4,0,0.4855476218554698,0.5522066235370824,0.0666590016816126,0.6565955889377307,0.3250290020656849,-0.3315665868720458,0.3452449517410332,0.2699607852101691,-0.0752841665308641,0.1806255052725788,0.1691192531574768,-0.0115062521151019
A09,7,15,27823,3,0,0.6827449200744128,0.0946665913714678,-0.588078328702945,0.6003699532191461,0.2238084400662786,-0.3765615131528675,0.4310580661824507,0.29692652776682,-0.1341315384156307,0.1342990304071182,0.1592866329350053,0.0249876025278871
A09,7,16,29943,2,0,0.4517096668907746,0.258739728137265,-0.1929699387535095,0.4464334002421863,0.3941865223762202,-0.0522468778659661,0.2641299370277649,0.2975594529453911,0.0334295159176262,0.100974819009359,0.1696926787215694,0.0687178597122103
A09,7,17,31951,4,0,0.5497585975032209,0.2919072368926149,-0.257851360610606,0.3508377136156124,0.2894127199150017,-0.0614249937006106,0.2864787344985527,0.2352140733139593,-0.0512646611845934,0.0819110798988445,0.0782711181111621,-0.0036399617876824
A09,7,18,34017,3,0,0.3726224313425069,0.5233285429562922,0.1507061116137852,0.434611210150099,0.2888843912307546,-0.1457268189193443,0.1952771574774333,0.2108858354417692,0.0156086779643359,0.2126563668610557,0.2289708864610434,0.0163145195999877
A09,7,19,36053,4,0,0.2621845877707308,0.2031031900840695,-0.0590813976866612,0.4295266417107287,0.4096384197113212,-0.0198882219994074,0.3731708190187979,0.2597190861864528,-0.1134517328323451,0.2844840172855533,0.0552162497979828,-0.2292677674875705
A09,7,20,38119,3,0,0.3803345307842147,0.2026246706239778,-0.1777098601602369,0.4247626118376467,0.4417723753596873,0.0170097635220405,0.2530457036100015,0.3820252202610826,0.1289795166510811,0.0777484326757833,0.2341913453519294,0.1564429126761461
A09,7,21,40189,4,0,0.4038289506666345,0.5714534602048664,0.1676245095382319,0.3765844497211966,0.5098450041570116,0.1332605544358149,0.1814983341069412,0.350104165054323,0.1686058309473818,0.1327574461512443,0.2098953186507029,0.0771378724994585
A09,7,22,42269,2,0,0.2932847622813913,0.4540383160386012,0.1607535537572099,0.2874274800944851,0.4663071235741318,0.1788796434796467,0.3502024871588407,0.4374855378428575,0.0872830506840168,0.144089289260165,0.2104823332122942,0.0663930439521292
A09,7,23,44181,2,0,0.3248761609971811,0.3726652591255109,0.0477890981283298,0.4393501640358546,0.597138200723562,0.1577880366877074,0.269090506805079,0.2984562469520779,0.0293657401469988,0.1369214179287027,0.2120738927503247,0.0751524748216219
A09,7,25,48165,1,0,0.3837090763010672,0.3943095249325187,0.0106004486314514,0.2804067051263724,0.5216806523997359,0.2412739472733635,0.3021717021421229,0.3529657553826694,0.0507940532405464,0.20805683706761,0.3436195322971228,0.1355626952295127
A09,7,26,50126,2,0,0.3651321523291038,0.3610349991193602,-0.0040971532097435,0.3169820880445818,0.3460043034240091,0.0290222153794273,0.1731180651895849,0.2115270269184736,0.0384089617288887,0.1182299661351917,0.2094499439703052,0.0912199778351135
A09,7,27,52230,2,0,0.4872554668900154,0.4938741123529396,0.0066186454629241,0.1711717879236753,0.2678162496199522,0.0966444616962769,0.230716734504753,0.2006391695371896,-0.0300775649675633,0.2236458891240238,0.1178292354014157,-0.1058166537226081
A09,7,28,54234,2,0,0.5092695249104432,0.3508773596671677,-0.1583921652432754,0.1947841106440749,0.2246270245348232,0.0298429138907483,0.2921652079326777,0.2751525304956796,-0.017012677436998,0.2629481834024339,0.153942929330797,-0.1090052540716369
A09,7,29,56209,3,0,0.444277712878688,0.544804567564272,0.1005268546855839,0.5395764875877493,0.4358532135934498,-0.1037232739942994,0.1760920524514508,0.2592099932117478,0.083117940760297,0.2624361466065614,0.0525794932496907,-0.2098566533568706
A09,7,30,58235,4,0,0.4714406515423312,0.3247056589837331,-0.146734992558598,0.473830098326906,0.3936452218146601,-0.0801848765122458,0.2339987724221438,0.2443209425937066,0.0103221701715627,0.270395345860032,0.131936843379946,-0.138458502480086
A09,7,31,60306,1,0,0.5776923726679186,0.4251757539549489,-0.1525166187129697,0.353835111588082,0.329637527518701,-0.0241975840693809,0.2701412284467515,0.2956991201113572,0.0255578916646057,0.1962498160364462,0.3392190621126775,0.1429692460762313
A09,7,32,62413,4,0,0.3192823068191708,0.3794305212798628,0.060148214460692,0.296791477669221,0.2527685823402574,-0.0440228953289636,0.2091161751630547,0.37886949229152,0.1697533171284652,0.182303857502571,0.1050783504675837,-0.0772255070349873
A09,7,33,64505,1,0,0.2685584915330489,0.3629945052196272,0.0944360136865782,0.237173012308087,0.3729003095437112,0.1357272972356241,0.2972677440837428,0.2356965078632344,-0.0615712362205083,0.2719646074416219,0.2076270422080788,-0.064337565233543
A09,7,34,66596,3,0,0.322987773264542,0.1152320478726898,-0.2077557253918522,0.282036390461728,0.3904221543762661,0.108385763914538,0.3009609621499934,0.3416910260690207,0.0407300639190272,0.2552571702294018,0.0837966852896489,-0.1714604849397529
A09,7,36,70703,4,0,0.7335657010007594,0.2810107820772478,-0.4525549189235116,0.2513869045192426,0.2169418872390614,-0.0344450172801812,0.3395226121141643,0.4055563935337987,0.0660337814196343,0.2365666748349613,0.1855551393188901,-0.0510115355160711
A09,7,38,74695,3,0,0.4114981675271817,0.4526093126683513,0.0411111451411696,0.3655854068886768,0.3075050204670851,-0.0580803864215916,0.2789301961223778,0.2388832231160884,-0.0400469730062894,0.0939060723318834,0.1189197216556774,0.025013649323794
A09,7,39,76658,1,0,0.5299468135306151,0.5114822812366207,-0.0184645322939944,0.2967350715614734,0.3999639247665539,0.1032288532050805,0.3448214469741657,0.261277015530969,-0.0835444314431967,0.2981756081410259,0.3431115490533021,0.0449359409122762
A09,7,41,80664,3,0,0.4517975675152231,0.2591844792402736,-0.1926130882749495,0.1961046257770112,0.5284051733352568,0.3323005475582456,0.4340149396393305,0.4284721618220812,-0.0055427778172493,0.2798958171731172,0.251775497879462,-0.0281203192936552
A09,7,42,82642,3,0,0.2025749253978306,0.3088300357643725,0.1062551103665419,0.4164915106209517,0.3655705788521587,-0.050920931768793,0.3990360695957046,0.2394933886564659,-0.1595426809392387,0.2878132734434871,0.1136290715477793,-0.1741842018957078
A09,7,43,84632,4,0,0.3439253628439258,0.6088112784054164,0.2648859155614906,0.5074390131445305,0.2873512795377121,-0.2200877336068183,0.3238655001085388,0.3634419336751103,0.0395764335665714,0.307037149873094,0.3075679475041785,0.0005307976310845
A09,7,44,86751,1,0,0.4635491852456453,0.3200418440960995,-0.1435073411495458,0.4336681450691375,0.3943920756963686,-0.0392760693727688,0.4288147368512303,0.3757290548423711,-0.0530856820088592,0.3658009878474232,0.2675278913579152,-0.0982730964895079
A09,7,45,88657,2,0,0.4068854804431993,0.3570602673699382,-0.0498252130732611,0.6295330939950178,0.3469717356212886,-0.2825613583737292,0.2198320963850565,0.3631667578872999,0.1433346615022434,0.1863345685792364,0.1877776428548481,0.0014430742756116
A09,7,46,90585,4,0,0.685971389789554,0.3079085856740537,-0.3780628041155002,0.3691135695962118,0.2616546191494972,-0.1074589504467146,0.2861846971298786,0.1479469827099694,-0.1382377144199092,0.2889527447790239,0.2356726421594408,-0.053280102619583
A09,7,47,92699,2,0,0.6540909546108453,0.4584919838133207,-0.1955989707975245,0.4984766400564339,0.4079884400793391,-0.0904881999770947,0.2668974342346781,0.3103360058458396,0.0434385716111615,0.1777406770468848,0.1128540004093497,-0.064886676637535
A09,7,48,94758,3,0,0.4678875575732854,0.527546341062476,0.0596587834891906,0.4370499625113662,0.1614878866499775,-0.2755620758613887,0.2217170595587328,0.2902228607968863,0.0685058012381535,0.2260335708010859,0.1922584591104258,-0.03377511169066
A09,8,1,251,3,0,0.2363042610317469,0.2596358291949523,0.0233315681632054,0.6216995333229602,0.4779675563987525,-0.1437319769242077,0.4809325970043519,0.3791784832253562,-0.1017541137789956,0.6255677612139854,0.5041708698028219,-0.1213968914111635
A09,8,2,2254,1,0,0.1828552034128643,0.3570048392879719,0.1741496358751075,0.687731930660909,0.3681877924296912,-0.3195441382312178,0.3629187397777506,0.3682316642930531,0.0053129245153025,0.550715119289059,0.3451653239976661,-0.2055497952913929
A09,8,3,4172,4,0,0.4790497016257712,0.5620644299122706,0.0830147282864993,0.3132683806899506,0.4220297962675526,0.108761415577602,0.3903017892963493,0.3220544354439951,-0.0682473538523542,0.1200391942906207,0.2624042276082238,0.142365033317603
A09,8,4,6124,2,0,0.4540172657019116,0.2611788162015384,-0.1928384495003732,0.2890558579889138,0.1664467479692155,-0.1226091100196982,0.5288884727973843,0.322175047608014,-0.2067134251893702,0.1797504589175935,0.1925217456569085,0.0127712867393149
A09,8,5,8132,4,0,0.3363800900167394,0.0950975217965135,-0.2412825682202258,0.3933427094231033,0.2420556465080711,-0.1512870629150322,0.4161693762901904,0.2932379875438982,-0.1229313887462921,0.1873124154023866,0.2081405548448797,0.0208281394424931
A09,8,6,10243,1,0,0.5001508014710245,0.5341188433551093,0.0339680418840847,0.4468844599333541,0.4839820457504573,0.0370975858171032,0.3864623963355584,0.4201282675944914,0.033665871258933,0.2516874932672427,0.3687501189039306,0.1170626256366879
A09,8,7,12160,1,0,0.6820065636136171,0.4730400937130255,-0.2089664699005916,0.406241000829291,0.4975677527897506,0.0913267519604595,0.3281817172705815,0.4466481831663483,0.1184664658957668,0.5068174163091682,0.3359136458456045,-0.1709037704635636
A09,8,8,14210,3,0,0.2745989771224318,0.246041764526583,-0.0285572125958487,0.50822042626081,0.503335951199272,-0.0048844750615379,0.164151389696289,0.4577185377681548,0.2935671480718658,0.1084121826046928,0.4707151565843464,0.3623029739796536
A09,8,9,16141,3,0,0.6165334350968338,0.4926163080449827,-0.123917127051851,0.3406388608635996,0.3571922090169876,0.0165533481533879,0.3972456589877239,0.3554195850775254,-0.0418260739101984,0.3416824322059728,0.2391583535094454,-0.1025240786965273
A09,8,10,18139,2,0,0.6540480642426691,0.1340272001744657,-0.5200208640682035,0.4716691618899106,0.3479804031593234,-0.1236887587305872,0.3546117706173919,0.4724638033022916,0.1178520326848996,0.1850597278298444,0.3761801991823966,0.1911204713525521
A09,8,11,20045,4,0,0.28676217420628,0.2462044981970255,-0.0405576760092544,0.3795238651663675,0.3163676410164638,-0.0631562241499036,0.431224750683341,0.405493435462892,-0.025731315220449,0.2072130356432018,0.2597720122050577,0.0525589765618559
A09,8,12,21940,2,0,0.3318117851391465,0.6183566099577898,0.2865448248186433,0.352033730416584,0.3657846428289352,0.0137509124123512,0.3139034575193034,0.2960153545909723,-0.0178881029283311,0.2491850962416459,0.4049087259337452,0.1557236296920993
A09,8,13,23912,2,0,0.4381792714291392,0.2611183910763236,-0.1770608803528156,0.5217477111868641,0.369006170100748,-0.1527415410861161,0.2745664542074024,0.30991788087716,0.0353514266697576,0.3725231852089737,0.2488743991470696,-0.1236487860619041
A09,8,14,25856,1,0,0.4201068279394647,0.2537452180606623,-0.1663616098788023,0.4815940909467232,0.4632393449781345,-0.0183547459685886,0.2812249908507119,0.3319425152183691,0.0507175243676571,0.4747195979249331,0.3944523286450729,-0.0802672692798602
A09,8,15,27823,2,0,0.2835196838546058,0.4261062483840819,0.1425865645294761,0.2910670039008798,0.1649729218321726,-0.1260940820687072,0.3904921704178215,0.409825850553691,0.0193336801358695,0.337572512301671,0.2517431694311717,-0.0858293428704993
A09,8,16,29943,4,0,0.4162400363540347,0.3355842107321469,-0.0806558256218878,0.3721020014186437,0.3903523233728186,0.0182503219541749,0.3122901269353792,0.2307089833007382,-0.081581143634641,0.39523652273026,0.3624860910103948,-0.0327504317198652
A09,8,17,31951,4,0,0.5052015030664407,0.4396759385750473,-0.0655255644913934,0.2813187835434881,0.3084735259288203,0.0271547423853322,0.3696915675728382,0.3083245814281338,-0.0613669861447044,0.3408204890023084,0.152255165364002,-0.1885653236383064
A09,8,18,34017,2,0,0.683435690939142,0.1452487653587237,-0.5381869255804183,0.3894625519066367,0.3144886190251095,-0.0749739328815271,0.3334651151449452,0.2966723259497287,-0.0367927891952164,0.2124984328024274,0.2713148317192509,0.0588163989168235
A09,8,19,36053,2,0,0.3739383675400782,0.2732614655831962,-0.100676901956882,0.6824059264724207,0.2852492903550881,-0.3971566361173325,0.2634491191310126,0.1871024784895339,-0.0763466406414786,0.2488000121946502,0.3800070138558799,0.1312070016612297
A09,8,20,38119,2,0,0.5089836753372902,0.3669413376907731,-0.142042337646517,0.28769280293488,0.4073061744003383,0.1196133714654583,0.3510702714089405,0.3175851856171094,-0.033485085791831,0.2710023952169756,0.3208903884998051,0.0498879932828294
A09,8,21,40189,2,0,0.2816385131614315,0.4884178692055445,0.2067793560441129,0.5263143778189435,0.2694349950649998,-0.2568793827539437,0.226142060257277,0.3436114564420203,0.1174693961847433,0.289917928293303,0.4725625396673988,0.1826446113740958
A09,8,22,42269,4,0,0.5669950932627873,0.4374488917148715,-0.1295462015479157,0.4090439130541898,0.2428194319285863,-0.1662244811256034,0.3580793756234487,0.2917909363653432,-0.0662884392581055,0.3162324082847124,0.2566172056345484,-0.0596152026501639
A09,8,23,44181,4,0,0.4202959589915674,0.589781344489915,0.1694853854983475,0.6314227199953748,0.3901389067663156,-0.2412838132290591,0.2738783169311946,0.2989509530696881,0.0250726361384935,0.4695903711154438,0.158655702161864,-0.3109346689535798
A09,8,24,46212,3,0,0.4209222285433028,0.2880795351787313,-0.1328426933645715,0.3783452717675682,0.2536288675033229,-0.1247164042642453,0.4095704614586447,0.2349901833562873,-0.1745802781023574,0.2973510241712129,0.3112749145620454,0.0139238903908325
A09,8,25,48165,4,0,0.463569570271929,0.253752627448277,-0.209816942823652,0.3729506433748422,0.4356220501022144,0.0626714067273722,0.3288552204497806,0.3347000816710944,0.0058448612213137,0.4759678752520422,0.2095962346741322,-0.2663716405779099
A09,8,26,50126,1,0,0.5747642813542628,0.2830064470725995,-0.2917578342816633,0.3288950031103702,0.522446349251737,0.1935513461413668,0.251755489359327,0.3096328995728673,0.0578774102135402,0.1985909504211834,0.1615861420070956,-0.0370048084140877
A09,8,27,52230,2,0,0.5856081616991103,0.3846721711607488,-0.2009359905383614,0.5705542962682297,0.4589025974259155,-0.1116516988423142,0.2301224983014978,0.3279403937291234,0.0978178954276255,0.4149431747112317,0.1785876983450023,-0.2363554763662294
A09,8,28,54234,3,0,0.3317606096092563,0.1857966059459877,-0.1459640036632686,0.2676205690471774,0.3569757510392848,0.0893551819921074,0.2115711396208843,0.2947503271917841,0.0831791875708998,0.2554476693070978,0.2120077993092824,-0.0434398699978154
A09,8,30,58235,1,0,0.5853533032455409,0.4428018988903827,-0.1425514043551582,0.3023445927685141,0.5371012287753187,0.2347566360068045,0.3258003317172542,0.3726233927240559,0.0468230610068017,0.3827404853696278,0.2595503683121014,-0.1231901170575264
A09,8,32,62413,1,0,0.2356460966459721,0.1704894210583424,-0.0651566755876296,0.5589892221181382,0.33550705408084,-0.2234821680372982,0.3749629631306899,0.3041455086849448,-0.0708174544457451,0.1890074777085014,0.4773282763330603,0.2883207986245589
A09,8,33,64505,4,0,0.505831394480901,0.5216648392896132,0.0158334448087121,0.5984490237983671,0.4305031547220176,-0.1679458690763494,0.4216885059062029,0.2678732856306615,-0.1538152202755413,0.4359258664494999,0.1864532099695424,-0.2494726564799574
A09,8,36,70703,1,0,0.4129653215870016,0.2636841289415405,-0.149281192645461,0.4902799213032834,0.5254378205176471,0.0351578992143636,0.2030667878515839,0.4105078337068128,0.2074410458552289,0.1262920319887118,0.1579258616911823,0.0316338297024705
A09,8,37,72723,1,0,0.3163679627576571,0.3540598091588117,0.0376918464011545,0.5154998958426172,0.2977607097014548,-0.2177391861411624,0.25848097379925,0.2768371226300542,0.0183561488308041,0.1628112437523647,0.1079334046396583,-0.0548778391127064
A09,8,38,74695,3,0,0.4555476042216315,0.2013865420609612,-0.2541610621606702,0.3971314427820284,0.2916581487066266,-0.1054732940754018,0.3457274600533923,0.2642814511858392,-0.081446008867553,0.1460435012208298,0.076824299931221,-0.0692192012896088
A09,8,39,76658,3,0,0.6141964016477474,0.3125164309838171,-0.3016799706639302,0.5087391051982191,0.3358184682087725,-0.1729206369894465,0.3393149586408442,0.332707790854163,-0.0066071677866811,0.1222186109589504,0.1169625001002905,-0.0052561108586598
A09,8,40,78583,4,0,0.3936298762245195,0.2065685224910505,-0.187061353733469,0.4771940840508585,0.5744888966928314,0.0972948126419729,0.2111107247915045,0.1893875617549341,-0.0217231630365703,0.1038536711527546,0.0484332892439143,-0.0554203819088402
A09,8,41,80664,2,0,0.7165784782369328,0.2334108122180543,-0.4831676660188784,0.5962424656278128,0.3073374105020122,-0.2889050551258005,0.2627388458162075,0.2869716143542865,0.0242327685380789,0.2415451674502262,0.2319649115142708,-0.0095802559359554
A09,8,42,82642,3,0,0.207799136368366,0.2529917224492518,0.0451925860808857,0.3672263350161503,0.583848533722242,0.2166221987060916,0.3167757561542839,0.1860620250832624,-0.1307137310710214,0.2092788191625346,0.1547566819735199,-0.0545221371890147
A09,8,43,84632,3,0,0.2763432427614871,0.5903774044623374,0.3140341617008503,0.2054768307809934,0.267505436893411,0.0620286061124175,0.3171588237358069,0.2876033094845453,-0.0295555142512615,0.3129261843560785,0.116249923241496,-0.1966762611145825
A09,8,44,86751,3,0,0.1937534022629446,0.2632084416867791,0.0694550394238344,0.3128678730155047,0.3912595978187081,0.0783917248032033,0.1689349966286728,0.490045434039501,0.3211104374108281,0.0966459723224803,0.1795286652355261,0.0828826929130458
A09,8,46,90585,3,0,0.4088669556446742,0.1171857074652584,-0.2916812481794157,0.3664769882126061,0.3415304649798059,-0.0249465232328001,0.2624696097969962,0.289068773155328,0.0265991633583317,0.2474799999119616,0.1754749709859825,-0.072005028925979
A09,8,47,92699,1,0,0.6048769684044389,0.4274917690527206,-0.1773851993517183,0.5428086055923455,0.4329522707577398,-0.1098563348346056,0.3116102788974238,0.4673065519382155,0.1556962730407917,0.2886078729870603,0.1320608401119949,-0.1565470328750653
A09,8,48,94758,3,0,0.5696880860178958,0.1551169366976228,-0.4145711493202729,0.3047831949447527,0.3549563735120832,0.0501731785673304,0.255380499552759,0.3713231428271827,0.1159426432744237,0.1072124674013026,0.3395609048921563,0.2323484374908536
