Run,Trial,Onset,True_Class,Subject,Predicted_Class,Correct,Model,Inference_ms
3,1,251,1,A01,2,0,GRU,41.27812385559082
3,2,2254,2,A01,2,1,GRU,41.27812385559082
3,3,4172,2,A01,2,1,GRU,41.27812385559082
3,4,6124,1,A01,2,0,GRU,41.27812385559082
3,5,8132,2,A01,2,1,GRU,41.27812385559082
3,6,10243,1,A01,4,0,GRU,41.27812385559082
3,7,12160,2,A01,1,0,GRU,41.27812385559082
3,8,14210,3,A01,2,0,GRU,41.27812385559082
3,9,16141,2,A01,3,0,GRU,41.27812385559082
3,10,18139,4,A01,4,1,GRU,41.27812385559082
3,11,20045,1,A01,4,0,GRU,41.27812385559082
3,12,21940,3,A01,1,0,GRU,41.27812385559082
3,13,23912,2,A01,3,0,GRU,41.27812385559082
3,14,25856,1,A01,4,0,GRU,41.27812385559082
3,15,27823,4,A01,3,0,GRU,41.27812385559082
3,16,29943,4,A01,3,0,GRU,41.27812385559082
3,17,31951,4,A01,2,0,GRU,41.27812385559082
3,18,34017,4,A01,3,0,GRU,41.27812385559082
3,21,40189,3,A01,4,0,GRU,41.27812385559082
3,22,42269,2,A01,2,1,GRU,41.27812385559082
3,23,44181,1,A01,1,1,GRU,41.27812385559082
3,24,46212,1,A01,3,0,GRU,41.27812385559082
3,25,48165,3,A01,2,0,GRU,41.27812385559082
3,26,50126,4,A01,4,1,GRU,41.27812385559082
3,27,52230,1,A01,4,0,GRU,41.27812385559082
3,28,54234,3,A01,3,1,GRU,41.27812385559082
3,29,56209,3,A01,2,0,GRU,41.27812385559082
3,30,58235,3,A01,4,0,GRU,41.27812385559082
3,31,60306,1,A01,2,0,GRU,41.27812385559082
3,32,62413,2,A01,2,1,GRU,41.27812385559082
3,33,64505,1,A01,1,1,GRU,41.27812385559082
3,35,68639,2,A01,4,0,GRU,41.27812385559082
3,36,70703,1,A01,3,0,GRU,41.27812385559082
3,37,72723,2,A01,1,0,GRU,41.27812385559082
3,38,74695,3,A01,3,1,GRU,41.27812385559082
3,39,76658,2,A01,1,0,GRU,41.27812385559082
3,40,78583,3,A01,1,0,GRU,41.27812385559082
3,41,80664,3,A01,3,1,GRU,41.27812385559082
3,42,82642,4,A01,4,1,GRU,41.27812385559082
3,43,84632,3,A01,2,0,GRU,41.27812385559082
3,44,86751,3,A01,3,1,GRU,41.27812385559082
3,45,88657,4,A01,1,0,GRU,41.27812385559082
3,46,90585,4,A01,3,0,GRU,41.27812385559082
3,47,92699,4,A01,1,0,GRU,41.27812385559082
3,48,94758,4,A01,2,0,GRU,41.27812385559082
4,1,251,4,A01,1,0,GRU,41.27812385559082
4,2,2254,3,A01,3,1,GRU,41.27812385559082
4,3,4172,2,A01,1,0,GRU,41.27812385559082
4,4,6124,1,A01,2,0,GRU,41.27812385559082
4,5,8132,1,A01,1,1,GRU,41.27812385559082
4,6,10243,2,A01,2,1,GRU,41.27812385559082
4,8,14210,4,A01,4,1,GRU,41.27812385559082
4,9,16141,2,A01,4,0,GRU,41.27812385559082
4,10,18139,3,A01,3,1,GRU,41.27812385559082
4,11,20045,1,A01,1,1,GRU,41.27812385559082
4,12,21940,1,A01,1,1,GRU,41.27812385559082
4,13,23912,1,A01,1,1,GRU,41.27812385559082
4,14,25856,4,A01,4,1,GRU,41.27812385559082
4,15,27823,2,A01,1,0,GRU,41.27812385559082
4,16,29943,2,A01,2,1,GRU,41.27812385559082
4,17,31951,1,A01,3,0,GRU,41.27812385559082
4,18,34017,1,A01,2,0,GRU,41.27812385559082
4,19,36053,3,A01,3,1,GRU,41.27812385559082
4,20,38119,1,A01,3,0,GRU,41.27812385559082
4,22,42269,4,A01,4,1,GRU,41.27812385559082
4,23,44181,4,A01,4,1,GRU,41.27812385559082
4,24,46212,3,A01,3,1,GRU,41.27812385559082
4,25,48165,1,A01,1,1,GRU,41.27812385559082
4,26,50126,4,A01,4,1,GRU,41.27812385559082
4,27,52230,4,A01,3,0,GRU,41.27812385559082
4,28,54234,2,A01,2,1,GRU,41.27812385559082
4,29,56209,4,A01,1,0,GRU,41.27812385559082
4,30,58235,4,A01,4,1,GRU,41.27812385559082
4,31,60306,2,A01,1,0,GRU,41.27812385559082
4,32,62413,1,A01,1,1,GRU,41.27812385559082
4,33,64505,2,A01,3,0,GRU,41.27812385559082
4,34,66596,3,A01,4,0,GRU,41.27812385559082
4,35,68639,3,A01,3,1,GRU,41.27812385559082
4,36,70703,3,A01,3,1,GRU,41.27812385559082
4,37,72723,4,A01,4,1,GRU,41.27812385559082
4,38,74695,3,A01,4,0,GRU,41.27812385559082
4,39,76658,1,A01,1,1,GRU,41.27812385559082
4,40,78583,4,A01,4,1,GRU,41.27812385559082
4,41,80664,2,A01,2,1,GRU,41.27812385559082
4,42,82642,3,A01,4,0,GRU,41.27812385559082
4,43,84632,2,A01,1,0,GRU,41.27812385559082
4,44,86751,3,A01,3,1,GRU,41.27812385559082
4,45,88657,4,A01,3,0,GRU,41.27812385559082
4,46,90585,2,A01,2,1,GRU,41.27812385559082
4,47,92699,3,A01,4,0,GRU,41.27812385559082
4,48,94758,1,A01,1,1,GRU,41.27812385559082
5,1,251,1,A01,4,0,GRU,41.27812385559082
5,2,2254,1,A01,2,0,GRU,41.27812385559082
5,3,4172,4,A01,3,0,GRU,41.27812385559082
5,4,6124,2,A01,2,1,GRU,41.27812385559082
5,5,8132,1,A01,1,1,GRU,41.27812385559082
5,6,10243,3,A01,3,1,GRU,41.27812385559082
5,7,12160,1,A01,1,1,GRU,41.27812385559082
5,8,14210,3,A01,1,0,GRU,41.27812385559082
5,9,16141,2,A01,2,1,GRU,41.27812385559082
5,10,18139,4,A01,4,1,GRU,41.27812385559082
5,11,20045,1,A01,2,0,GRU,41.27812385559082
5,12,21940,3,A01,3,1,GRU,41.27812385559082
5,13,23912,3,A01,1,0,GRU,41.27812385559082
5,14,25856,1,A01,1,1,GRU,41.27812385559082
5,15,27823,3,A01,1,0,GRU,41.27812385559082
5,16,29943,2,A01,1,0,GRU,41.27812385559082
5,17,31951,4,A01,3,0,GRU,41.27812385559082
5,18,34017,4,A01,1,0,GRU,41.27812385559082
5,19,36053,4,A01,2,0,GRU,41.27812385559082
5,20,38119,3,A01,3,1,GRU,41.27812385559082
5,21,40189,1,A01,1,1,GRU,41.27812385559082
5,22,42269,4,A01,1,0,GRU,41.27812385559082
5,23,44181,2,A01,1,0,GRU,41.27812385559082
5,24,46212,4,A01,4,1,GRU,41.27812385559082
5,25,48165,2,A01,1,0,GRU,41.27812385559082
5,26,50126,1,A01,1,1,GRU,41.27812385559082
5,28,54234,2,A01,2,1,GRU,41.27812385559082
5,29,56209,1,A01,2,0,GRU,41.27812385559082
5,30,58235,3,A01,2,0,GRU,41.27812385559082
5,31,60306,3,A01,4,0,GRU,41.27812385559082
5,32,62413,1,A01,4,0,GRU,41.27812385559082
5,33,64505,3,A01,4,0,GRU,41.27812385559082
5,34,66596,4,A01,4,1,GRU,41.27812385559082
5,35,68639,4,A01,4,1,GRU,41.27812385559082
5,36,70703,2,A01,4,0,GRU,41.27812385559082
5,37,72723,1,A01,3,0,GRU,41.27812385559082
5,38,74695,2,A01,2,1,GRU,41.27812385559082
5,39,76658,4,A01,4,1,GRU,41.27812385559082
5,40,78583,2,A01,4,0,GRU,41.27812385559082
5,41,80664,4,A01,1,0,GRU,41.27812385559082
5,42,82642,3,A01,2,0,GRU,41.27812385559082
5,43,84632,2,A01,3,0,GRU,41.27812385559082
5,44,86751,2,A01,1,0,GRU,41.27812385559082
5,45,88657,2,A01,1,0,GRU,41.27812385559082
5,46,90585,3,A01,4,0,GRU,41.27812385559082
5,47,92699,4,A01,4,1,GRU,41.27812385559082
5,48,94758,1,A01,4,0,GRU,41.27812385559082
6,1,251,2,A01,4,0,GRU,41.27812385559082
6,2,2254,4,A01,4,1,GRU,41.27812385559082
6,3,4172,1,A01,1,1,GRU,41.27812385559082
6,4,6124,3,A01,4,0,GRU,41.27812385559082
6,5,8132,3,A01,3,1,GRU,41.27812385559082
6,6,10243,4,A01,4,1,GRU,41.27812385559082
6,7,12160,1,A01,2,0,GRU,41.27812385559082
6,8,14210,1,A01,2,0,GRU,41.27812385559082
6,9,16141,3,A01,3,1,GRU,41.27812385559082
6,10,18139,2,A01,2,1,GRU,41.27812385559082
6,11,20045,4,A01,1,0,GRU,41.27812385559082
6,12,21940,4,A01,2,0,GRU,41.27812385559082
6,13,23912,4,A01,3,0,GRU,41.27812385559082
6,14,25856,2,A01,1,0,GRU,41.27812385559082
6,15,27823,1,A01,1,1,GRU,41.27812385559082
6,16,29943,3,A01,3,1,GRU,41.27812385559082
6,17,31951,2,A01,2,1,GRU,41.27812385559082
6,18,34017,4,A01,3,0,GRU,41.27812385559082
6,19,36053,1,A01,2,0,GRU,41.27812385559082
6,20,38119,4,A01,1,0,GRU,41.27812385559082
6,21,40189,3,A01,4,0,GRU,41.27812385559082
6,22,42269,2,A01,2,1,GRU,41.27812385559082
6,23,44181,4,A01,3,0,GRU,41.27812385559082
6,24,46212,4,A01,4,1,GRU,41.27812385559082
6,25,48165,1,A01,4,0,GRU,41.27812385559082
6,26,50126,2,A01,4,0,GRU,41.27812385559082
6,27,52230,2,A01,2,1,GRU,41.27812385559082
6,28,54234,3,A01,4,0,GRU,41.27812385559082
6,29,56209,4,A01,3,0,GRU,41.27812385559082
6,30,58235,2,A01,2,1,GRU,41.27812385559082
6,31,60306,1,A01,3,0,GRU,41.27812385559082
6,32,62413,1,A01,2,0,GRU,41.27812385559082
6,33,64505,4,A01,3,0,GRU,41.27812385559082
6,34,66596,2,A01,2,1,GRU,41.27812385559082
6,35,68639,1,A01,1,1,GRU,41.27812385559082
6,36,70703,3,A01,1,0,GRU,41.27812385559082
6,37,72723,2,A01,2,1,GRU,41.27812385559082
6,38,74695,2,A01,4,0,GRU,41.27812385559082
6,40,78583,1,A01,1,1,GRU,41.27812385559082
6,41,80664,4,A01,2,0,GRU,41.27812385559082
6,42,82642,3,A01,4,0,GRU,41.27812385559082
6,43,84632,3,A01,4,0,GRU,41.27812385559082
6,44,86751,3,A01,1,0,GRU,41.27812385559082
6,45,88657,3,A01,2,0,GRU,41.27812385559082
6,46,90585,1,A01,1,1,GRU,41.27812385559082
6,47,92699,2,A01,1,0,GRU,41.27812385559082
6,48,94758,1,A01,2,0,GRU,41.27812385559082
7,1,251,2,A01,2,1,GRU,41.27812385559082
7,2,2254,1,A01,4,0,GRU,41.27812385559082
7,3,4172,1,A01,1,1,GRU,41.27812385559082
7,4,6124,3,A01,4,0,GRU,41.27812385559082
7,5,8132,3,A01,4,0,GRU,41.27812385559082
7,6,10243,2,A01,3,0,GRU,41.27812385559082
7,7,12160,3,A01,4,0,GRU,41.27812385559082
7,8,14210,4,A01,4,1,GRU,41.27812385559082
7,9,16141,1,A01,2,0,GRU,41.27812385559082
7,10,18139,4,A01,3,0,GRU,41.27812385559082
7,11,20045,1,A01,2,0,GRU,41.27812385559082
7,12,21940,1,A01,1,1,GRU,41.27812385559082
7,13,23912,2,A01,1,0,GRU,41.27812385559082
7,14,25856,4,A01,4,1,GRU,41.27812385559082
7,15,27823,3,A01,3,1,GRU,41.27812385559082
7,16,29943,2,A01,1,0,GRU,41.27812385559082
7,17,31951,4,A01,3,0,GRU,41.27812385559082
7,18,34017,3,A01,3,1,GRU,41.27812385559082
7,19,36053,4,A01,4,1,GRU,41.27812385559082
7,20,38119,3,A01,3,1,GRU,41.27812385559082
7,21,40189,4,A01,2,0,GRU,41.27812385559082
7,22,42269,2,A01,4,0,GRU,41.27812385559082
7,23,44181,2,A01,2,1,GRU,41.27812385559082
7,24,46212,4,A01,4,1,GRU,41.27812385559082
7,25,48165,1,A01,4,0,GRU,41.27812385559082
7,26,50126,2,A01,2,1,GRU,41.27812385559082
7,27,52230,2,A01,3,0,GRU,41.27812385559082
7,28,54234,2,A01,1,0,GRU,41.27812385559082
7,29,56209,3,A01,4,0,GRU,41.27812385559082
7,30,58235,4,A01,3,0,GRU,41.27812385559082
7,31,60306,1,A01,3,0,GRU,41.27812385559082
7,32,62413,4,A01,4,1,GRU,41.27812385559082
7,33,64505,1,A01,1,1,GRU,41.27812385559082
7,34,66596,3,A01,4,0,GRU,41.27812385559082
7,35,68639,1,A01,2,0,GRU,41.27812385559082
7,36,70703,4,A01,4,1,GRU,41.27812385559082
7,37,72723,1,A01,2,0,GRU,41.27812385559082
7,38,74695,3,A01,4,0,GRU,41.27812385559082
7,39,76658,1,A01,1,1,GRU,41.27812385559082
7,40,78583,2,A01,4,0,GRU,41.27812385559082
7,41,80664,3,A01,4,0,GRU,41.27812385559082
7,42,82642,3,A01,2,0,GRU,41.27812385559082
7,43,84632,4,A01,4,1,GRU,41.27812385559082
7,44,86751,1,A01,2,0,GRU,41.27812385559082
7,45,88657,2,A01,3,0,GRU,41.27812385559082
7,46,90585,4,A01,4,1,GRU,41.27812385559082
7,47,92699,2,A01,4,0,GRU,41.27812385559082
7,48,94758,3,A01,3,1,GRU,41.27812385559082
8,1,251,3,A01,1,0,GRU,41.27812385559082
8,2,2254,1,A01,1,1,GRU,41.27812385559082
8,3,4172,4,A01,3,0,GRU,41.27812385559082
8,4,6124,2,A01,2,1,GRU,41.27812385559082
8,5,8132,4,A01,3,0,GRU,41.27812385559082
8,6,10243,1,A01,4,0,GRU,41.27812385559082
8,7,12160,1,A01,1,1,GRU,41.27812385559082
8,8,14210,3,A01,3,1,GRU,41.27812385559082
8,9,16141,3,A01,3,1,GRU,41.27812385559082
8,10,18139,2,A01,2,1,GRU,41.27812385559082
8,11,20045,4,A01,3,0,GRU,41.27812385559082
8,12,21940,2,A01,1,0,GRU,41.27812385559082
8,13,23912,2,A01,2,1,GRU,41.27812385559082
8,14,25856,1,A01,1,1,GRU,41.27812385559082
8,15,27823,2,A01,1,0,GRU,41.27812385559082
8,16,29943,4,A01,4,1,GRU,41.27812385559082
8,17,31951,4,A01,1,0,GRU,41.27812385559082
8,18,34017,2,A01,2,1,GRU,41.27812385559082
8,19,36053,2,A01,1,0,GRU,41.27812385559082
8,20,38119,2,A01,2,1,GRU,41.27812385559082
8,21,40189,2,A01,2,1,GRU,41.27812385559082
8,22,42269,4,A01,4,1,GRU,41.27812385559082
8,23,44181,4,A01,3,0,GRU,41.27812385559082
8,24,46212,3,A01,4,0,GRU,41.27812385559082
8,25,48165,4,A01,4,1,GRU,41.27812385559082
8,26,50126,1,A01,2,0,GRU,41.27812385559082
8,27,52230,2,A01,2,1,GRU,41.27812385559082
8,28,54234,3,A01,3,1,GRU,41.27812385559082
8,29,56209,2,A01,2,1,GRU,41.27812385559082
8,30,58235,1,A01,4,0,GRU,41.27812385559082
8,31,60306,4,A01,3,0,GRU,41.27812385559082
8,32,62413,1,A01,1,1,GRU,41.27812385559082
8,33,64505,4,A01,2,0,GRU,41.27812385559082
8,34,66596,1,A01,4,0,GRU,41.27812385559082
8,35,68639,1,A01,2,0,GRU,41.27812385559082
8,36,70703,1,A01,2,0,GRU,41.27812385559082
8,37,72723,1,A01,2,0,GRU,41.27812385559082
8,38,74695,3,A01,3,1,GRU,41.27812385559082
8,39,76658,3,A01,4,0,GRU,41.27812385559082
8,40,78583,4,A01,4,1,GRU,41.27812385559082
8,41,80664,2,A01,3,0,GRU,41.27812385559082
8,42,82642,3,A01,4,0,GRU,41.27812385559082
8,43,84632,3,A01,4,0,GRU,41.27812385559082
8,44,86751,3,A01,3,1,GRU,41.27812385559082
8,45,88657,4,A01,1,0,GRU,41.27812385559082
8,46,90585,3,A01,4,0,GRU,41.27812385559082
8,47,92699,1,A01,2,0,GRU,41.27812385559082
8,48,94758,3,A01,2,0,GRU,41.27812385559082
3,1,251,1,A02,2,0,GRU,50.30369758605957
3,2,2254,2,A02,2,1,GRU,50.30369758605957
3,3,4172,2,A02,1,0,GRU,50.30369758605957
3,4,6124,1,A02,3,0,GRU,50.30369758605957
3,5,8132,2,A02,1,0,GRU,50.30369758605957
3,6,10243,1,A02,1,1,GRU,50.30369758605957
3,7,12160,2,A02,2,1,GRU,50.30369758605957
3,8,14210,3,A02,3,1,GRU,50.30369758605957
3,9,16141,2,A02,1,0,GRU,50.30369758605957
3,10,18139,4,A02,4,1,GRU,50.30369758605957
3,11,20045,1,A02,4,0,GRU,50.30369758605957
3,12,21940,3,A02,4,0,GRU,50.30369758605957
3,13,23912,2,A02,3,0,GRU,50.30369758605957
3,14,25856,1,A02,4,0,GRU,50.30369758605957
3,15,27823,4,A02,3,0,GRU,50.30369758605957
3,16,29943,4,A02,2,0,GRU,50.30369758605957
3,17,31951,4,A02,4,1,GRU,50.30369758605957
3,18,34017,4,A02,3,0,GRU,50.30369758605957
3,19,36053,4,A02,1,0,GRU,50.30369758605957
3,20,38119,1,A02,1,1,GRU,50.30369758605957
3,21,40189,3,A02,2,0,GRU,50.30369758605957
3,22,42269,2,A02,4,0,GRU,50.30369758605957
3,23,44181,1,A02,4,0,GRU,50.30369758605957
3,24,46212,1,A02,3,0,GRU,50.30369758605957
3,25,48165,3,A02,4,0,GRU,50.30369758605957
3,26,50126,4,A02,1,0,GRU,50.30369758605957
3,27,52230,1,A02,4,0,GRU,50.30369758605957
3,28,54234,3,A02,3,1,GRU,50.30369758605957
3,29,56209,3,A02,3,1,GRU,50.30369758605957
3,30,58235,3,A02,3,1,GRU,50.30369758605957
3,31,60306,1,A02,1,1,GRU,50.30369758605957
3,32,62413,2,A02,3,0,GRU,50.30369758605957
3,33,64505,1,A02,3,0,GRU,50.30369758605957
3,35,68639,2,A02,1,0,GRU,50.30369758605957
3,36,70703,1,A02,1,1,GRU,50.30369758605957
3,37,72723,2,A02,3,0,GRU,50.30369758605957
3,39,76658,2,A02,2,1,GRU,50.30369758605957
3,40,78583,3,A02,3,1,GRU,50.30369758605957
3,41,80664,3,A02,3,1,GRU,50.30369758605957
3,42,82642,4,A02,1,0,GRU,50.30369758605957
3,43,84632,3,A02,4,0,GRU,50.30369758605957
3,44,86751,3,A02,3,1,GRU,50.30369758605957
3,45,88657,4,A02,1,0,GRU,50.30369758605957
3,46,90585,4,A02,2,0,GRU,50.30369758605957
3,47,92699,4,A02,1,0,GRU,50.30369758605957
3,48,94758,4,A02,2,0,GRU,50.30369758605957
4,1,251,4,A02,3,0,GRU,50.30369758605957
4,3,4172,2,A02,3,0,GRU,50.30369758605957
4,4,6124,1,A02,3,0,GRU,50.30369758605957
4,5,8132,1,A02,3,0,GRU,50.30369758605957
4,6,10243,2,A02,3,0,GRU,50.30369758605957
4,7,12160,3,A02,3,1,GRU,50.30369758605957
4,8,14210,4,A02,3,0,GRU,50.30369758605957
4,9,16141,2,A02,1,0,GRU,50.30369758605957
4,10,18139,3,A02,2,0,GRU,50.30369758605957
4,11,20045,1,A02,3,0,GRU,50.30369758605957
4,12,21940,1,A02,3,0,GRU,50.30369758605957
4,13,23912,1,A02,3,0,GRU,50.30369758605957
4,14,25856,4,A02,3,0,GRU,50.30369758605957
4,15,27823,2,A02,3,0,GRU,50.30369758605957
4,16,29943,2,A02,1,0,GRU,50.30369758605957
4,17,31951,1,A02,3,0,GRU,50.30369758605957
4,18,34017,1,A02,3,0,GRU,50.30369758605957
4,19,36053,3,A02,1,0,GRU,50.30369758605957
4,20,38119,1,A02,3,0,GRU,50.30369758605957
4,21,40189,2,A02,1,0,GRU,50.30369758605957
4,22,42269,4,A02,1,0,GRU,50.30369758605957
4,23,44181,4,A02,3,0,GRU,50.30369758605957
4,24,46212,3,A02,3,1,GRU,50.30369758605957
4,25,48165,1,A02,1,1,GRU,50.30369758605957
4,26,50126,4,A02,1,0,GRU,50.30369758605957
4,27,52230,4,A02,3,0,GRU,50.30369758605957
4,28,54234,2,A02,3,0,GRU,50.30369758605957
4,29,56209,4,A02,1,0,GRU,50.30369758605957
4,30,58235,4,A02,1,0,GRU,50.30369758605957
4,31,60306,2,A02,3,0,GRU,50.30369758605957
4,32,62413,1,A02,2,0,GRU,50.30369758605957
4,33,64505,2,A02,3,0,GRU,50.30369758605957
4,34,66596,3,A02,3,1,GRU,50.30369758605957
4,35,68639,3,A02,2,0,GRU,50.30369758605957
4,36,70703,3,A02,3,1,GRU,50.30369758605957
4,37,72723,4,A02,3,0,GRU,50.30369758605957
4,38,74695,3,A02,1,0,GRU,50.30369758605957
4,39,76658,1,A02,4,0,GRU,50.30369758605957
4,40,78583,4,A02,3,0,GRU,50.30369758605957
4,41,80664,2,A02,3,0,GRU,50.30369758605957
4,42,82642,3,A02,3,1,GRU,50.30369758605957
4,43,84632,2,A02,3,0,GRU,50.30369758605957
4,44,86751,3,A02,1,0,GRU,50.30369758605957
4,45,88657,4,A02,2,0,GRU,50.30369758605957
4,46,90585,2,A02,1,0,GRU,50.30369758605957
4,47,92699,3,A02,3,1,GRU,50.30369758605957
4,48,94758,1,A02,3,0,GRU,50.30369758605957
5,2,2254,1,A02,3,0,GRU,50.30369758605957
5,3,4172,4,A02,1,0,GRU,50.30369758605957
5,4,6124,2,A02,3,0,GRU,50.30369758605957
5,5,8132,1,A02,3,0,GRU,50.30369758605957
5,6,10243,3,A02,3,1,GRU,50.30369758605957
5,7,12160,1,A02,3,0,GRU,50.30369758605957
5,8,14210,3,A02,3,1,GRU,50.30369758605957
5,9,16141,2,A02,1,0,GRU,50.30369758605957
5,10,18139,4,A02,3,0,GRU,50.30369758605957
5,11,20045,1,A02,3,0,GRU,50.30369758605957
5,12,21940,3,A02,2,0,GRU,50.30369758605957
5,13,23912,3,A02,1,0,GRU,50.30369758605957
5,14,25856,1,A02,3,0,GRU,50.30369758605957
5,15,27823,3,A02,1,0,GRU,50.30369758605957
5,16,29943,2,A02,2,1,GRU,50.30369758605957
5,17,31951,4,A02,1,0,GRU,50.30369758605957
5,18,34017,4,A02,1,0,GRU,50.30369758605957
5,19,36053,4,A02,1,0,GRU,50.30369758605957
5,20,38119,3,A02,2,0,GRU,50.30369758605957
5,21,40189,1,A02,3,0,GRU,50.30369758605957
5,22,42269,4,A02,1,0,GRU,50.30369758605957
5,23,44181,2,A02,1,0,GRU,50.30369758605957
5,24,46212,4,A02,1,0,GRU,50.30369758605957
5,25,48165,2,A02,3,0,GRU,50.30369758605957
5,26,50126,1,A02,2,0,GRU,50.30369758605957
5,27,52230,3,A02,1,0,GRU,50.30369758605957
5,28,54234,2,A02,3,0,GRU,50.30369758605957
5,29,56209,1,A02,2,0,GRU,50.30369758605957
5,30,58235,3,A02,1,0,GRU,50.30369758605957
5,31,60306,3,A02,2,0,GRU,50.30369758605957
5,32,62413,1,A02,2,0,GRU,50.30369758605957
5,33,64505,3,A02,3,1,GRU,50.30369758605957
5,34,66596,4,A02,1,0,GRU,50.30369758605957
5,35,68639,4,A02,2,0,GRU,50.30369758605957
5,36,70703,2,A02,3,0,GRU,50.30369758605957
5,37,72723,1,A02,3,0,GRU,50.30369758605957
5,38,74695,2,A02,3,0,GRU,50.30369758605957
5,39,76658,4,A02,3,0,GRU,50.30369758605957
5,40,78583,2,A02,1,0,GRU,50.30369758605957
5,41,80664,4,A02,2,0,GRU,50.30369758605957
5,42,82642,3,A02,3,1,GRU,50.30369758605957
5,43,84632,2,A02,3,0,GRU,50.30369758605957
5,44,86751,2,A02,4,0,GRU,50.30369758605957
5,45,88657,2,A02,3,0,GRU,50.30369758605957
5,46,90585,3,A02,1,0,GRU,50.30369758605957
5,47,92699,4,A02,3,0,GRU,50.30369758605957
5,48,94758,1,A02,1,1,GRU,50.30369758605957
6,1,251,2,A02,1,0,GRU,50.30369758605957
6,2,2254,4,A02,3,0,GRU,50.30369758605957
6,3,4172,1,A02,3,0,GRU,50.30369758605957
6,4,6124,3,A02,3,1,GRU,50.30369758605957
6,5,8132,3,A02,2,0,GRU,50.30369758605957
6,6,10243,4,A02,1,0,GRU,50.30369758605957
6,7,12160,1,A02,3,0,GRU,50.30369758605957
6,8,14210,1,A02,1,1,GRU,50.30369758605957
6,9,16141,3,A02,3,1,GRU,50.30369758605957
6,10,18139,2,A02,3,0,GRU,50.30369758605957
6,11,20045,4,A02,1,0,GRU,50.30369758605957
6,12,21940,4,A02,3,0,GRU,50.30369758605957
6,13,23912,4,A02,3,0,GRU,50.30369758605957
6,14,25856,2,A02,1,0,GRU,50.30369758605957
6,15,27823,1,A02,1,1,GRU,50.30369758605957
6,16,29943,3,A02,3,1,GRU,50.30369758605957
6,17,31951,2,A02,3,0,GRU,50.30369758605957
6,18,34017,4,A02,3,0,GRU,50.30369758605957
6,19,36053,1,A02,2,0,GRU,50.30369758605957
6,20,38119,4,A02,4,1,GRU,50.30369758605957
6,21,40189,3,A02,4,0,GRU,50.30369758605957
6,22,42269,2,A02,3,0,GRU,50.30369758605957
6,23,44181,4,A02,1,0,GRU,50.30369758605957
6,24,46212,4,A02,2,0,GRU,50.30369758605957
6,25,48165,1,A02,1,1,GRU,50.30369758605957
6,26,50126,2,A02,1,0,GRU,50.30369758605957
6,27,52230,2,A02,1,0,GRU,50.30369758605957
6,28,54234,3,A02,1,0,GRU,50.30369758605957
6,29,56209,4,A02,1,0,GRU,50.30369758605957
6,30,58235,2,A02,1,0,GRU,50.30369758605957
6,31,60306,1,A02,3,0,GRU,50.30369758605957
6,32,62413,1,A02,1,1,GRU,50.30369758605957
6,33,64505,4,A02,2,0,GRU,50.30369758605957
6,34,66596,2,A02,3,0,GRU,50.30369758605957
6,35,68639,1,A02,4,0,GRU,50.30369758605957
6,36,70703,3,A02,3,1,GRU,50.30369758605957
6,37,72723,2,A02,2,1,GRU,50.30369758605957
6,38,74695,2,A02,3,0,GRU,50.30369758605957
6,39,76658,3,A02,1,0,GRU,50.30369758605957
6,40,78583,1,A02,3,0,GRU,50.30369758605957
6,41,80664,4,A02,1,0,GRU,50.30369758605957
6,42,82642,3,A02,3,1,GRU,50.30369758605957
6,43,84632,3,A02,4,0,GRU,50.30369758605957
6,44,86751,3,A02,1,0,GRU,50.30369758605957
6,45,88657,3,A02,3,1,GRU,50.30369758605957
6,46,90585,1,A02,2,0,GRU,50.30369758605957
6,47,92699,2,A02,3,0,GRU,50.30369758605957
6,48,94758,1,A02,3,0,GRU,50.30369758605957
7,1,251,2,A02,3,0,GRU,50.30369758605957
7,2,2254,1,A02,1,1,GRU,50.30369758605957
7,3,4172,1,A02,3,0,GRU,50.30369758605957
7,4,6124,3,A02,1,0,GRU,50.30369758605957
7,5,8132,3,A02,2,0,GRU,50.30369758605957
7,6,10243,2,A02,3,0,GRU,50.30369758605957
7,7,12160,3,A02,3,1,GRU,50.30369758605957
7,8,14210,4,A02,2,0,GRU,50.30369758605957
7,9,16141,1,A02,4,0,GRU,50.30369758605957
7,10,18139,4,A02,3,0,GRU,50.30369758605957
7,11,20045,1,A02,1,1,GRU,50.30369758605957
7,12,21940,1,A02,3,0,GRU,50.30369758605957
7,13,23912,2,A02,3,0,GRU,50.30369758605957
7,14,25856,4,A02,3,0,GRU,50.30369758605957
7,15,27823,3,A02,1,0,GRU,50.30369758605957
7,16,29943,2,A02,4,0,GRU,50.30369758605957
7,17,31951,4,A02,4,1,GRU,50.30369758605957
7,18,34017,3,A02,1,0,GRU,50.30369758605957
7,19,36053,4,A02,2,0,GRU,50.30369758605957
7,20,38119,3,A02,1,0,GRU,50.30369758605957
7,21,40189,4,A02,1,0,GRU,50.30369758605957
7,22,42269,2,A02,3,0,GRU,50.30369758605957
7,23,44181,2,A02,3,0,GRU,50.30369758605957
7,24,46212,4,A02,3,0,GRU,50.30369758605957
7,25,48165,1,A02,3,0,GRU,50.30369758605957
7,26,50126,2,A02,3,0,GRU,50.30369758605957
7,27,52230,2,A02,2,1,GRU,50.30369758605957
7,28,54234,2,A02,2,1,GRU,50.30369758605957
7,29,56209,3,A02,3,1,GRU,50.30369758605957
7,30,58235,4,A02,1,0,GRU,50.30369758605957
7,31,60306,1,A02,3,0,GRU,50.30369758605957
7,32,62413,4,A02,1,0,GRU,50.30369758605957
7,33,64505,1,A02,1,1,GRU,50.30369758605957
7,34,66596,3,A02,3,1,GRU,50.30369758605957
7,35,68639,1,A02,3,0,GRU,50.30369758605957
7,36,70703,4,A02,3,0,GRU,50.30369758605957
7,37,72723,1,A02,1,1,GRU,50.30369758605957
7,38,74695,3,A02,3,1,GRU,50.30369758605957
7,39,76658,1,A02,1,1,GRU,50.30369758605957
7,40,78583,2,A02,3,0,GRU,50.30369758605957
7,41,80664,3,A02,3,1,GRU,50.30369758605957
7,42,82642,3,A02,1,0,GRU,50.30369758605957
7,43,84632,4,A02,1,0,GRU,50.30369758605957
7,44,86751,1,A02,3,0,GRU,50.30369758605957
7,45,88657,2,A02,1,0,GRU,50.30369758605957
7,46,90585,4,A02,3,0,GRU,50.30369758605957
7,47,92699,2,A02,1,0,GRU,50.30369758605957
7,48,94758,3,A02,3,1,GRU,50.30369758605957
8,1,251,3,A02,3,1,GRU,50.30369758605957
8,2,2254,1,A02,3,0,GRU,50.30369758605957
8,3,4172,4,A02,1,0,GRU,50.30369758605957
8,4,6124,2,A02,1,0,GRU,50.30369758605957
8,5,8132,4,A02,3,0,GRU,50.30369758605957
8,6,10243,1,A02,4,0,GRU,50.30369758605957
8,7,12160,1,A02,1,1,GRU,50.30369758605957
8,8,14210,3,A02,2,0,GRU,50.30369758605957
8,9,16141,3,A02,1,0,GRU,50.30369758605957
8,10,18139,2,A02,4,0,GRU,50.30369758605957
8,11,20045,4,A02,1,0,GRU,50.30369758605957
8,12,21940,2,A02,4,0,GRU,50.30369758605957
8,13,23912,2,A02,3,0,GRU,50.30369758605957
8,14,25856,1,A02,3,0,GRU,50.30369758605957
8,15,27823,2,A02,2,1,GRU,50.30369758605957
8,16,29943,4,A02,3,0,GRU,50.30369758605957
8,17,31951,4,A02,4,1,GRU,50.30369758605957
8,18,34017,2,A02,2,1,GRU,50.30369758605957
8,19,36053,2,A02,1,0,GRU,50.30369758605957
8,20,38119,2,A02,1,0,GRU,50.30369758605957
8,21,40189,2,A02,1,0,GRU,50.30369758605957
8,22,42269,4,A02,4,1,GRU,50.30369758605957
8,23,44181,4,A02,1,0,GRU,50.30369758605957
8,24,46212,3,A02,2,0,GRU,50.30369758605957
8,25,48165,4,A02,2,0,GRU,50.30369758605957
8,26,50126,1,A02,2,0,GRU,50.30369758605957
8,27,52230,2,A02,4,0,GRU,50.30369758605957
8,28,54234,3,A02,4,0,GRU,50.30369758605957
8,29,56209,2,A02,4,0,GRU,50.30369758605957
8,30,58235,1,A02,3,0,GRU,50.30369758605957
8,31,60306,4,A02,3,0,GRU,50.30369758605957
8,32,62413,1,A02,1,1,GRU,50.30369758605957
8,33,64505,4,A02,2,0,GRU,50.30369758605957
8,34,66596,1,A02,1,1,GRU,50.30369758605957
8,35,68639,1,A02,3,0,GRU,50.30369758605957
8,36,70703,1,A02,2,0,GRU,50.30369758605957
8,37,72723,1,A02,4,0,GRU,50.30369758605957
8,38,74695,3,A02,3,1,GRU,50.30369758605957
8,40,78583,4,A02,3,0,GRU,50.30369758605957
8,41,80664,2,A02,1,0,GRU,50.30369758605957
8,42,82642,3,A02,2,0,GRU,50.30369758605957
8,43,84632,3,A02,2,0,GRU,50.30369758605957
8,44,86751,3,A02,4,0,GRU,50.30369758605957
8,45,88657,4,A02,3,0,GRU,50.30369758605957
8,46,90585,3,A02,4,0,GRU,50.30369758605957
8,47,92699,1,A02,1,1,GRU,50.30369758605957
8,48,94758,3,A02,4,0,GRU,50.30369758605957
3,1,251,1,A03,4,0,GRU,42.14167594909668
3,2,2254,2,A03,3,0,GRU,42.14167594909668
3,4,6124,1,A03,2,0,GRU,42.14167594909668
3,5,8132,2,A03,4,0,GRU,42.14167594909668
3,6,10243,1,A03,4,0,GRU,42.14167594909668
3,7,12160,2,A03,2,1,GRU,42.14167594909668
3,8,14210,3,A03,2,0,GRU,42.14167594909668
3,9,16141,2,A03,2,1,GRU,42.14167594909668
3,10,18139,4,A03,2,0,GRU,42.14167594909668
3,12,21940,3,A03,3,1,GRU,42.14167594909668
3,13,23912,2,A03,3,0,GRU,42.14167594909668
3,14,25856,1,A03,4,0,GRU,42.14167594909668
3,15,27823,4,A03,4,1,GRU,42.14167594909668
3,16,29943,4,A03,4,1,GRU,42.14167594909668
3,17,31951,4,A03,3,0,GRU,42.14167594909668
3,18,34017,4,A03,1,0,GRU,42.14167594909668
3,19,36053,4,A03,2,0,GRU,42.14167594909668
3,20,38119,1,A03,4,0,GRU,42.14167594909668
3,21,40189,3,A03,1,0,GRU,42.14167594909668
3,22,42269,2,A03,4,0,GRU,42.14167594909668
3,23,44181,1,A03,4,0,GRU,42.14167594909668
3,24,46212,1,A03,4,0,GRU,42.14167594909668
3,25,48165,3,A03,4,0,GRU,42.14167594909668
3,26,50126,4,A03,2,0,GRU,42.14167594909668
3,27,52230,1,A03,2,0,GRU,42.14167594909668
3,28,54234,3,A03,2,0,GRU,42.14167594909668
3,29,56209,3,A03,4,0,GRU,42.14167594909668
3,30,58235,3,A03,3,1,GRU,42.14167594909668
3,31,60306,1,A03,2,0,GRU,42.14167594909668
3,32,62413,2,A03,4,0,GRU,42.14167594909668
3,33,64505,1,A03,3,0,GRU,42.14167594909668
3,34,66596,2,A03,4,0,GRU,42.14167594909668
3,35,68639,2,A03,4,0,GRU,42.14167594909668
3,36,70703,1,A03,2,0,GRU,42.14167594909668
3,37,72723,2,A03,3,0,GRU,42.14167594909668
3,38,74695,3,A03,3,1,GRU,42.14167594909668
3,39,76658,2,A03,1,0,GRU,42.14167594909668
3,40,78583,3,A03,1,0,GRU,42.14167594909668
3,41,80664,3,A03,4,0,GRU,42.14167594909668
3,42,82642,4,A03,4,1,GRU,42.14167594909668
3,43,84632,3,A03,2,0,GRU,42.14167594909668
3,44,86751,3,A03,1,0,GRU,42.14167594909668
3,45,88657,4,A03,2,0,GRU,42.14167594909668
3,46,90585,4,A03,2,0,GRU,42.14167594909668
3,47,92699,4,A03,3,0,GRU,42.14167594909668
3,48,94758,4,A03,1,0,GRU,42.14167594909668
4,1,251,4,A03,1,0,GRU,42.14167594909668
4,2,2254,3,A03,4,0,GRU,42.14167594909668
4,3,4172,2,A03,1,0,GRU,42.14167594909668
4,4,6124,1,A03,2,0,GRU,42.14167594909668
4,6,10243,2,A03,1,0,GRU,42.14167594909668
4,7,12160,3,A03,1,0,GRU,42.14167594909668
4,9,16141,2,A03,1,0,GRU,42.14167594909668
4,10,18139,3,A03,4,0,GRU,42.14167594909668
4,11,20045,1,A03,4,0,GRU,42.14167594909668
4,12,21940,1,A03,3,0,GRU,42.14167594909668
4,13,23912,1,A03,4,0,GRU,42.14167594909668
4,14,25856,4,A03,3,0,GRU,42.14167594909668
4,15,27823,2,A03,1,0,GRU,42.14167594909668
4,16,29943,2,A03,2,1,GRU,42.14167594909668
4,17,31951,1,A03,4,0,GRU,42.14167594909668
4,18,34017,1,A03,1,1,GRU,42.14167594909668
4,19,36053,3,A03,3,1,GRU,42.14167594909668
4,20,38119,1,A03,2,0,GRU,42.14167594909668
4,21,40189,2,A03,2,1,GRU,42.14167594909668
4,22,42269,4,A03,2,0,GRU,42.14167594909668
4,23,44181,4,A03,3,0,GRU,42.14167594909668
4,24,46212,3,A03,3,1,GRU,42.14167594909668
4,25,48165,1,A03,4,0,GRU,42.14167594909668
4,26,50126,4,A03,3,0,GRU,42.14167594909668
4,27,52230,4,A03,3,0,GRU,42.14167594909668
4,28,54234,2,A03,4,0,GRU,42.14167594909668
4,29,56209,4,A03,1,0,GRU,42.14167594909668
4,30,58235,4,A03,4,1,GRU,42.14167594909668
4,31,60306,2,A03,1,0,GRU,42.14167594909668
4,32,62413,1,A03,2,0,GRU,42.14167594909668
4,33,64505,2,A03,1,0,GRU,42.14167594909668
4,34,66596,3,A03,4,0,GRU,42.14167594909668
4,35,68639,3,A03,2,0,GRU,42.14167594909668
4,36,70703,3,A03,1,0,GRU,42.14167594909668
4,37,72723,4,A03,3,0,GRU,42.14167594909668
4,38,74695,3,A03,4,0,GRU,42.14167594909668
4,39,76658,1,A03,3,0,GRU,42.14167594909668
4,40,78583,4,A03,4,1,GRU,42.14167594909668
4,41,80664,2,A03,4,0,GRU,42.14167594909668
4,43,84632,2,A03,3,0,GRU,42.14167594909668
4,46,90585,2,A03,3,0,GRU,42.14167594909668
4,47,92699,3,A03,1,0,GRU,42.14167594909668
4,48,94758,1,A03,1,1,GRU,42.14167594909668
5,1,251,1,A03,2,0,GRU,42.14167594909668
5,2,2254,1,A03,1,1,GRU,42.14167594909668
5,3,4172,4,A03,1,0,GRU,42.14167594909668
5,4,6124,2,A03,4,0,GRU,42.14167594909668
5,5,8132,1,A03,3,0,GRU,42.14167594909668
5,6,10243,3,A03,3,1,GRU,42.14167594909668
5,7,12160,1,A03,4,0,GRU,42.14167594909668
5,8,14210,3,A03,3,1,GRU,42.14167594909668
5,9,16141,2,A03,1,0,GRU,42.14167594909668
5,10,18139,4,A03,2,0,GRU,42.14167594909668
5,11,20045,1,A03,4,0,GRU,42.14167594909668
5,12,21940,3,A03,2,0,GRU,42.14167594909668
5,13,23912,3,A03,2,0,GRU,42.14167594909668
5,14,25856,1,A03,1,1,GRU,42.14167594909668
5,15,27823,3,A03,4,0,GRU,42.14167594909668
5,16,29943,2,A03,4,0,GRU,42.14167594909668
5,17,31951,4,A03,4,1,GRU,42.14167594909668
5,18,34017,4,A03,4,1,GRU,42.14167594909668
5,19,36053,4,A03,3,0,GRU,42.14167594909668
5,20,38119,3,A03,1,0,GRU,42.14167594909668
5,21,40189,1,A03,2,0,GRU,42.14167594909668
5,22,42269,4,A03,1,0,GRU,42.14167594909668
5,23,44181,2,A03,1,0,GRU,42.14167594909668
5,24,46212,4,A03,1,0,GRU,42.14167594909668
5,25,48165,2,A03,3,0,GRU,42.14167594909668
5,26,50126,1,A03,4,0,GRU,42.14167594909668
5,27,52230,3,A03,3,1,GRU,42.14167594909668
5,28,54234,2,A03,3,0,GRU,42.14167594909668
5,29,56209,1,A03,4,0,GRU,42.14167594909668
5,30,58235,3,A03,3,1,GRU,42.14167594909668
5,31,60306,3,A03,3,1,GRU,42.14167594909668
5,32,62413,1,A03,2,0,GRU,42.14167594909668
5,33,64505,3,A03,3,1,GRU,42.14167594909668
5,34,66596,4,A03,4,1,GRU,42.14167594909668
5,35,68639,4,A03,4,1,GRU,42.14167594909668
5,36,70703,2,A03,3,0,GRU,42.14167594909668
5,37,72723,1,A03,4,0,GRU,42.14167594909668
5,38,74695,2,A03,1,0,GRU,42.14167594909668
5,39,76658,4,A03,4,1,GRU,42.14167594909668
5,40,78583,2,A03,2,1,GRU,42.14167594909668
5,41,80664,4,A03,3,0,GRU,42.14167594909668
5,42,82642,3,A03,1,0,GRU,42.14167594909668
5,43,84632,2,A03,2,1,GRU,42.14167594909668
5,44,86751,2,A03,2,1,GRU,42.14167594909668
5,45,88657,2,A03,4,0,GRU,42.14167594909668
5,46,90585,3,A03,2,0,GRU,42.14167594909668
5,47,92699,4,A03,4,1,GRU,42.14167594909668
5,48,94758,1,A03,4,0,GRU,42.14167594909668
6,1,251,2,A03,3,0,GRU,42.14167594909668
6,2,2254,4,A03,3,0,GRU,42.14167594909668
6,3,4172,1,A03,2,0,GRU,42.14167594909668
6,4,6124,3,A03,4,0,GRU,42.14167594909668
6,5,8132,3,A03,2,0,GRU,42.14167594909668
6,6,10243,4,A03,2,0,GRU,42.14167594909668
6,7,12160,1,A03,3,0,GRU,42.14167594909668
6,8,14210,1,A03,3,0,GRU,42.14167594909668
6,9,16141,3,A03,4,0,GRU,42.14167594909668
6,10,18139,2,A03,4,0,GRU,42.14167594909668
6,11,20045,4,A03,2,0,GRU,42.14167594909668
6,12,21940,4,A03,3,0,GRU,42.14167594909668
6,13,23912,4,A03,4,1,GRU,42.14167594909668
6,14,25856,2,A03,4,0,GRU,42.14167594909668
6,15,27823,1,A03,1,1,GRU,42.14167594909668
6,16,29943,3,A03,4,0,GRU,42.14167594909668
6,17,31951,2,A03,3,0,GRU,42.14167594909668
6,19,36053,1,A03,3,0,GRU,42.14167594909668
6,20,38119,4,A03,1,0,GRU,42.14167594909668
6,21,40189,3,A03,1,0,GRU,42.14167594909668
6,22,42269,2,A03,1,0,GRU,42.14167594909668
6,24,46212,4,A03,3,0,GRU,42.14167594909668
6,25,48165,1,A03,3,0,GRU,42.14167594909668
6,26,50126,2,A03,4,0,GRU,42.14167594909668
6,27,52230,2,A03,1,0,GRU,42.14167594909668
6,28,54234,3,A03,1,0,GRU,42.14167594909668
6,29,56209,4,A03,4,1,GRU,42.14167594909668
6,30,58235,2,A03,1,0,GRU,42.14167594909668
6,31,60306,1,A03,4,0,GRU,42.14167594909668
6,32,62413,1,A03,4,0,GRU,42.14167594909668
6,33,64505,4,A03,4,1,GRU,42.14167594909668
6,34,66596,2,A03,4,0,GRU,42.14167594909668
6,36,70703,3,A03,4,0,GRU,42.14167594909668
6,37,72723,2,A03,4,0,GRU,42.14167594909668
6,38,74695,2,A03,3,0,GRU,42.14167594909668
6,39,76658,3,A03,1,0,GRU,42.14167594909668
6,40,78583,1,A03,3,0,GRU,42.14167594909668
6,41,80664,4,A03,3,0,GRU,42.14167594909668
6,42,82642,3,A03,4,0,GRU,42.14167594909668
6,43,84632,3,A03,1,0,GRU,42.14167594909668
6,44,86751,3,A03,3,1,GRU,42.14167594909668
6,45,88657,3,A03,3,1,GRU,42.14167594909668
6,47,92699,2,A03,2,1,GRU,42.14167594909668
6,48,94758,1,A03,4,0,GRU,42.14167594909668
7,1,251,2,A03,4,0,GRU,42.14167594909668
7,2,2254,1,A03,2,0,GRU,42.14167594909668
7,3,4172,1,A03,1,1,GRU,42.14167594909668
7,4,6124,3,A03,4,0,GRU,42.14167594909668
7,5,8132,3,A03,4,0,GRU,42.14167594909668
7,6,10243,2,A03,1,0,GRU,42.14167594909668
7,7,12160,3,A03,4,0,GRU,42.14167594909668
7,8,14210,4,A03,3,0,GRU,42.14167594909668
7,9,16141,1,A03,3,0,GRU,42.14167594909668
7,10,18139,4,A03,4,1,GRU,42.14167594909668
7,11,20045,1,A03,4,0,GRU,42.14167594909668
7,12,21940,1,A03,4,0,GRU,42.14167594909668
7,13,23912,2,A03,4,0,GRU,42.14167594909668
7,14,25856,4,A03,3,0,GRU,42.14167594909668
7,15,27823,3,A03,4,0,GRU,42.14167594909668
7,16,29943,2,A03,3,0,GRU,42.14167594909668
7,17,31951,4,A03,4,1,GRU,42.14167594909668
7,18,34017,3,A03,2,0,GRU,42.14167594909668
7,19,36053,4,A03,3,0,GRU,42.14167594909668
7,20,38119,3,A03,4,0,GRU,42.14167594909668
7,21,40189,4,A03,1,0,GRU,42.14167594909668
7,22,42269,2,A03,4,0,GRU,42.14167594909668
7,23,44181,2,A03,3,0,GRU,42.14167594909668
7,24,46212,4,A03,1,0,GRU,42.14167594909668
7,25,48165,1,A03,2,0,GRU,42.14167594909668
7,26,50126,2,A03,2,1,GRU,42.14167594909668
7,27,52230,2,A03,3,0,GRU,42.14167594909668
7,28,54234,2,A03,3,0,GRU,42.14167594909668
7,29,56209,3,A03,1,0,GRU,42.14167594909668
7,30,58235,4,A03,4,1,GRU,42.14167594909668
7,31,60306,1,A03,2,0,GRU,42.14167594909668
7,32,62413,4,A03,4,1,GRU,42.14167594909668
7,33,64505,1,A03,3,0,GRU,42.14167594909668
7,34,66596,3,A03,3,1,GRU,42.14167594909668
7,35,68639,1,A03,3,0,GRU,42.14167594909668
7,36,70703,4,A03,2,0,GRU,42.14167594909668
7,37,72723,1,A03,1,1,GRU,42.14167594909668
7,38,74695,3,A03,1,0,GRU,42.14167594909668
7,39,76658,1,A03,3,0,GRU,42.14167594909668
7,40,78583,2,A03,1,0,GRU,42.14167594909668
7,41,80664,3,A03,1,0,GRU,42.14167594909668
7,42,82642,3,A03,4,0,GRU,42.14167594909668
7,43,84632,4,A03,3,0,GRU,42.14167594909668
7,44,86751,1,A03,3,0,GRU,42.14167594909668
7,45,88657,2,A03,1,0,GRU,42.14167594909668
7,46,90585,4,A03,3,0,GRU,42.14167594909668
7,47,92699,2,A03,3,0,GRU,42.14167594909668
7,48,94758,3,A03,4,0,GRU,42.14167594909668
8,1,251,3,A03,1,0,GRU,42.14167594909668
8,2,2254,1,A03,3,0,GRU,42.14167594909668
8,3,4172,4,A03,4,1,GRU,42.14167594909668
8,5,8132,4,A03,2,0,GRU,42.14167594909668
8,6,10243,1,A03,1,1,GRU,42.14167594909668
8,7,12160,1,A03,2,0,GRU,42.14167594909668
8,8,14210,3,A03,4,0,GRU,42.14167594909668
8,9,16141,3,A03,3,1,GRU,42.14167594909668
8,10,18139,2,A03,1,0,GRU,42.14167594909668
8,11,20045,4,A03,4,1,GRU,42.14167594909668
8,12,21940,2,A03,4,0,GRU,42.14167594909668
8,13,23912,2,A03,3,0,GRU,42.14167594909668
8,14,25856,1,A03,4,0,GRU,42.14167594909668
8,15,27823,2,A03,4,0,GRU,42.14167594909668
8,16,29943,4,A03,1,0,GRU,42.14167594909668
8,17,31951,4,A03,1,0,GRU,42.14167594909668
8,18,34017,2,A03,4,0,GRU,42.14167594909668
8,19,36053,2,A03,2,1,GRU,42.14167594909668
8,20,38119,2,A03,1,0,GRU,42.14167594909668
8,21,40189,2,A03,4,0,GRU,42.14167594909668
8,22,42269,4,A03,1,0,GRU,42.14167594909668
8,23,44181,4,A03,3,0,GRU,42.14167594909668
8,24,46212,3,A03,3,1,GRU,42.14167594909668
8,25,48165,4,A03,3,0,GRU,42.14167594909668
8,26,50126,1,A03,3,0,GRU,42.14167594909668
8,27,52230,2,A03,2,1,GRU,42.14167594909668
8,28,54234,3,A03,1,0,GRU,42.14167594909668
8,29,56209,2,A03,2,1,GRU,42.14167594909668
8,30,58235,1,A03,1,1,GRU,42.14167594909668
8,31,60306,4,A03,2,0,GRU,42.14167594909668
8,32,62413,1,A03,1,1,GRU,42.14167594909668
8,33,64505,4,A03,2,0,GRU,42.14167594909668
8,34,66596,1,A03,2,0,GRU,42.14167594909668
8,35,68639,1,A03,4,0,GRU,42.14167594909668
8,36,70703,1,A03,2,0,GRU,42.14167594909668
8,38,74695,3,A03,4,0,GRU,42.14167594909668
8,39,76658,3,A03,4,0,GRU,42.14167594909668
8,40,78583,4,A03,1,0,GRU,42.14167594909668
8,41,80664,2,A03,3,0,GRU,42.14167594909668
8,44,86751,3,A03,4,0,GRU,42.14167594909668
8,45,88657,4,A03,2,0,GRU,42.14167594909668
8,46,90585,3,A03,4,0,GRU,42.14167594909668
8,47,92699,1,A03,2,0,GRU,42.14167594909668
8,48,94758,3,A03,1,0,GRU,42.14167594909668
3,1,251,4,A04,1,0,GRU,35.61210632324219
3,2,2254,3,A04,3,1,GRU,35.61210632324219
3,3,4172,2,A04,1,0,GRU,35.61210632324219
3,4,6124,1,A04,2,0,GRU,35.61210632324219
3,5,8132,1,A04,4,0,GRU,35.61210632324219
3,6,10243,2,A04,1,0,GRU,35.61210632324219
3,7,12160,3,A04,1,0,GRU,35.61210632324219
3,9,16141,2,A04,2,1,GRU,35.61210632324219
3,11,20045,1,A04,2,0,GRU,35.61210632324219
3,12,21940,1,A04,1,1,GRU,35.61210632324219
3,13,23912,1,A04,4,0,GRU,35.61210632324219
3,15,27823,2,A04,4,0,GRU,35.61210632324219
3,16,29943,2,A04,1,0,GRU,35.61210632324219
3,17,31951,1,A04,1,1,GRU,35.61210632324219
3,18,34017,1,A04,3,0,GRU,35.61210632324219
3,19,36053,3,A04,1,0,GRU,35.61210632324219
3,20,38119,1,A04,4,0,GRU,35.61210632324219
3,21,40189,2,A04,4,0,GRU,35.61210632324219
3,22,42269,4,A04,1,0,GRU,35.61210632324219
3,23,44181,4,A04,3,0,GRU,35.61210632324219
3,26,50126,4,A04,1,0,GRU,35.61210632324219
3,28,54234,2,A04,1,0,GRU,35.61210632324219
3,29,56209,4,A04,1,0,GRU,35.61210632324219
3,31,60306,2,A04,4,0,GRU,35.61210632324219
3,35,68639,3,A04,1,0,GRU,35.61210632324219
3,36,70703,3,A04,1,0,GRU,35.61210632324219
3,38,74695,3,A04,2,0,GRU,35.61210632324219
3,39,76658,1,A04,3,0,GRU,35.61210632324219
3,40,78583,4,A04,2,0,GRU,35.61210632324219
3,41,80664,2,A04,3,0,GRU,35.61210632324219
3,42,82642,3,A04,3,1,GRU,35.61210632324219
3,44,86751,3,A04,1,0,GRU,35.61210632324219
3,46,90585,2,A04,4,0,GRU,35.61210632324219
3,47,92699,3,A04,1,0,GRU,35.61210632324219
3,48,94758,1,A04,3,0,GRU,35.61210632324219
4,1,251,1,A04,1,1,GRU,35.61210632324219
4,2,2254,1,A04,3,0,GRU,35.61210632324219
4,3,4172,4,A04,2,0,GRU,35.61210632324219
4,4,6124,2,A04,4,0,GRU,35.61210632324219
4,5,8132,1,A04,1,1,GRU,35.61210632324219
4,6,10243,3,A04,1,0,GRU,35.61210632324219
4,7,12160,1,A04,1,1,GRU,35.61210632324219
4,9,16141,2,A04,1,0,GRU,35.61210632324219
4,10,18139,4,A04,2,0,GRU,35.61210632324219
4,11,20045,1,A04,2,0,GRU,35.61210632324219
4,12,21940,3,A04,1,0,GRU,35.61210632324219
4,14,25856,1,A04,4,0,GRU,35.61210632324219
4,15,27823,3,A04,1,0,GRU,35.61210632324219
4,17,31951,4,A04,1,0,GRU,35.61210632324219
4,20,38119,3,A04,3,1,GRU,35.61210632324219
4,21,40189,1,A04,1,1,GRU,35.61210632324219
4,22,42269,4,A04,1,0,GRU,35.61210632324219
4,23,44181,2,A04,1,0,GRU,35.61210632324219
4,24,46212,4,A04,4,1,GRU,35.61210632324219
4,26,50126,1,A04,2,0,GRU,35.61210632324219
4,27,52230,3,A04,3,1,GRU,35.61210632324219
4,29,56209,1,A04,4,0,GRU,35.61210632324219
4,30,58235,3,A04,2,0,GRU,35.61210632324219
4,31,60306,3,A04,4,0,GRU,35.61210632324219
4,32,62413,1,A04,1,1,GRU,35.61210632324219
4,33,64505,3,A04,2,0,GRU,35.61210632324219
4,35,68639,4,A04,3,0,GRU,35.61210632324219
4,36,70703,2,A04,3,0,GRU,35.61210632324219
4,37,72723,1,A04,4,0,GRU,35.61210632324219
4,39,76658,4,A04,1,0,GRU,35.61210632324219
4,40,78583,2,A04,4,0,GRU,35.61210632324219
4,41,80664,4,A04,1,0,GRU,35.61210632324219
4,42,82642,3,A04,1,0,GRU,35.61210632324219
4,43,84632,2,A04,4,0,GRU,35.61210632324219
4,44,86751,2,A04,2,1,GRU,35.61210632324219
4,45,88657,2,A04,4,0,GRU,35.61210632324219
4,48,94758,1,A04,1,1,GRU,35.61210632324219
5,1,251,2,A04,1,0,GRU,35.61210632324219
5,2,2254,4,A04,3,0,GRU,35.61210632324219
5,3,4172,1,A04,1,1,GRU,35.61210632324219
5,4,6124,3,A04,4,0,GRU,35.61210632324219
5,5,8132,3,A04,1,0,GRU,35.61210632324219
5,6,10243,4,A04,1,0,GRU,35.61210632324219
5,7,12160,1,A04,4,0,GRU,35.61210632324219
5,8,14210,1,A04,1,1,GRU,35.61210632324219
5,9,16141,3,A04,1,0,GRU,35.61210632324219
5,11,20045,4,A04,2,0,GRU,35.61210632324219
5,12,21940,4,A04,2,0,GRU,35.61210632324219
5,14,25856,2,A04,4,0,GRU,35.61210632324219
5,15,27823,1,A04,1,1,GRU,35.61210632324219
5,16,29943,3,A04,4,0,GRU,35.61210632324219
5,17,31951,2,A04,3,0,GRU,35.61210632324219
5,18,34017,4,A04,2,0,GRU,35.61210632324219
5,19,36053,1,A04,1,1,GRU,35.61210632324219
5,22,42269,2,A04,4,0,GRU,35.61210632324219
5,23,44181,4,A04,2,0,GRU,35.61210632324219
5,25,48165,1,A04,1,1,GRU,35.61210632324219
5,26,50126,2,A04,1,0,GRU,35.61210632324219
5,27,52230,2,A04,2,1,GRU,35.61210632324219
5,31,60306,1,A04,1,1,GRU,35.61210632324219
5,32,62413,1,A04,2,0,GRU,35.61210632324219
5,33,64505,4,A04,2,0,GRU,35.61210632324219
5,34,66596,2,A04,3,0,GRU,35.61210632324219
5,35,68639,1,A04,4,0,GRU,35.61210632324219
5,37,72723,2,A04,4,0,GRU,35.61210632324219
5,39,76658,3,A04,1,0,GRU,35.61210632324219
5,41,80664,4,A04,3,0,GRU,35.61210632324219
5,42,82642,3,A04,1,0,GRU,35.61210632324219
5,43,84632,3,A04,2,0,GRU,35.61210632324219
5,44,86751,3,A04,4,0,GRU,35.61210632324219
5,45,88657,3,A04,3,1,GRU,35.61210632324219
5,46,90585,1,A04,2,0,GRU,35.61210632324219
5,47,92699,2,A04,3,0,GRU,35.61210632324219
6,1,251,2,A04,3,0,GRU,35.61210632324219
6,2,2254,1,A04,1,1,GRU,35.61210632324219
6,4,6124,3,A04,2,0,GRU,35.61210632324219
6,5,8132,3,A04,1,0,GRU,35.61210632324219
6,6,10243,2,A04,3,0,GRU,35.61210632324219
6,9,16141,1,A04,4,0,GRU,35.61210632324219
6,10,18139,4,A04,2,0,GRU,35.61210632324219
6,11,20045,1,A04,2,0,GRU,35.61210632324219
6,12,21940,1,A04,4,0,GRU,35.61210632324219
6,13,23912,2,A04,2,1,GRU,35.61210632324219
6,14,25856,4,A04,4,1,GRU,35.61210632324219
6,15,27823,3,A04,1,0,GRU,35.61210632324219
6,16,29943,2,A04,4,0,GRU,35.61210632324219
6,18,34017,3,A04,3,1,GRU,35.61210632324219
6,19,36053,4,A04,3,0,GRU,35.61210632324219
6,20,38119,3,A04,2,0,GRU,35.61210632324219
6,21,40189,4,A04,1,0,GRU,35.61210632324219
6,22,42269,2,A04,1,0,GRU,35.61210632324219
6,23,44181,2,A04,1,0,GRU,35.61210632324219
6,24,46212,4,A04,4,1,GRU,35.61210632324219
6,25,48165,1,A04,1,1,GRU,35.61210632324219
6,26,50126,2,A04,2,1,GRU,35.61210632324219
6,27,52230,2,A04,3,0,GRU,35.61210632324219
6,28,54234,2,A04,4,0,GRU,35.61210632324219
6,29,56209,3,A04,1,0,GRU,35.61210632324219
6,30,58235,4,A04,1,0,GRU,35.61210632324219
6,31,60306,1,A04,3,0,GRU,35.61210632324219
6,32,62413,4,A04,4,1,GRU,35.61210632324219
6,33,64505,1,A04,1,1,GRU,35.61210632324219
6,34,66596,3,A04,1,0,GRU,35.61210632324219
6,35,68639,1,A04,2,0,GRU,35.61210632324219
6,38,74695,3,A04,3,1,GRU,35.61210632324219
6,39,76658,1,A04,2,0,GRU,35.61210632324219
6,40,78583,2,A04,2,1,GRU,35.61210632324219
6,42,82642,3,A04,1,0,GRU,35.61210632324219
6,43,84632,4,A04,1,0,GRU,35.61210632324219
6,45,88657,2,A04,3,0,GRU,35.61210632324219
6,46,90585,4,A04,1,0,GRU,35.61210632324219
6,47,92699,2,A04,3,0,GRU,35.61210632324219
6,48,94758,3,A04,3,1,GRU,35.61210632324219
7,1,251,3,A04,1,0,GRU,35.61210632324219
7,2,2254,1,A04,1,1,GRU,35.61210632324219
7,3,4172,4,A04,3,0,GRU,35.61210632324219
7,4,6124,2,A04,3,0,GRU,35.61210632324219
7,5,8132,4,A04,1,0,GRU,35.61210632324219
7,6,10243,1,A04,3,0,GRU,35.61210632324219
7,8,14210,3,A04,4,0,GRU,35.61210632324219
7,9,16141,3,A04,4,0,GRU,35.61210632324219
7,11,20045,4,A04,4,1,GRU,35.61210632324219
7,12,21940,2,A04,1,0,GRU,35.61210632324219
7,17,31951,4,A04,1,0,GRU,35.61210632324219
7,18,34017,2,A04,2,1,GRU,35.61210632324219
7,20,38119,2,A04,4,0,GRU,35.61210632324219
7,21,40189,2,A04,3,0,GRU,35.61210632324219
7,22,42269,4,A04,4,1,GRU,35.61210632324219
7,23,44181,4,A04,1,0,GRU,35.61210632324219
7,24,46212,3,A04,2,0,GRU,35.61210632324219
7,25,48165,4,A04,3,0,GRU,35.61210632324219
7,26,50126,1,A04,2,0,GRU,35.61210632324219
7,27,52230,2,A04,2,1,GRU,35.61210632324219
7,28,54234,3,A04,4,0,GRU,35.61210632324219
7,29,56209,2,A04,1,0,GRU,35.61210632324219
7,30,58235,1,A04,3,0,GRU,35.61210632324219
7,31,60306,4,A04,2,0,GRU,35.61210632324219
7,32,62413,1,A04,1,1,GRU,35.61210632324219
7,36,70703,1,A04,1,1,GRU,35.61210632324219
7,38,74695,3,A04,4,0,GRU,35.61210632324219
7,40,78583,4,A04,3,0,GRU,35.61210632324219
7,41,80664,2,A04,1,0,GRU,35.61210632324219
7,42,82642,3,A04,3,1,GRU,35.61210632324219
7,43,84632,3,A04,4,0,GRU,35.61210632324219
7,44,86751,3,A04,3,1,GRU,35.61210632324219
7,45,88657,4,A04,1,0,GRU,35.61210632324219
7,46,90585,3,A04,2,0,GRU,35.61210632324219
7,47,92699,1,A04,2,0,GRU,35.61210632324219
7,48,94758,3,A04,3,1,GRU,35.61210632324219
8,1,251,1,A04,1,1,GRU,35.61210632324219
8,2,2254,4,A04,3,0,GRU,35.61210632324219
8,4,6124,4,A04,1,0,GRU,35.61210632324219
8,5,8132,4,A04,4,1,GRU,35.61210632324219
8,6,10243,3,A04,3,1,GRU,35.61210632324219
8,7,12160,4,A04,3,0,GRU,35.61210632324219
8,8,14210,4,A04,1,0,GRU,35.61210632324219
8,9,16141,3,A04,3,1,GRU,35.61210632324219
8,10,18139,2,A04,2,1,GRU,35.61210632324219
8,11,20045,4,A04,4,1,GRU,35.61210632324219
8,13,23912,1,A04,1,1,GRU,35.61210632324219
8,14,25856,2,A04,3,0,GRU,35.61210632324219
8,15,27823,2,A04,1,0,GRU,35.61210632324219
8,16,29943,2,A04,3,0,GRU,35.61210632324219
8,17,31951,3,A04,1,0,GRU,35.61210632324219
8,19,36053,4,A04,3,0,GRU,35.61210632324219
8,20,38119,3,A04,4,0,GRU,35.61210632324219
8,21,40189,4,A04,3,0,GRU,35.61210632324219
8,22,42269,2,A04,1,0,GRU,35.61210632324219
8,23,44181,3,A04,4,0,GRU,35.61210632324219
8,24,46212,1,A04,2,0,GRU,35.61210632324219
8,25,48165,4,A04,4,1,GRU,35.61210632324219
8,26,50126,1,A04,4,0,GRU,35.61210632324219
8,27,52230,3,A04,1,0,GRU,35.61210632324219
8,28,54234,4,A04,4,1,GRU,35.61210632324219
8,29,56209,1,A04,3,0,GRU,35.61210632324219
8,30,58235,3,A04,4,0,GRU,35.61210632324219
8,31,60306,1,A04,1,1,GRU,35.61210632324219
8,32,62413,2,A04,4,0,GRU,35.61210632324219
8,33,64505,2,A04,4,0,GRU,35.61210632324219
8,34,66596,1,A04,4,0,GRU,35.61210632324219
8,35,68639,4,A04,4,1,GRU,35.61210632324219
8,36,70703,1,A04,1,1,GRU,35.61210632324219
8,37,72723,4,A04,4,1,GRU,35.61210632324219
8,38,74695,3,A04,1,0,GRU,35.61210632324219
8,39,76658,3,A04,3,1,GRU,35.61210632324219
8,41,80664,3,A04,4,0,GRU,35.61210632324219
8,42,82642,2,A04,2,1,GRU,35.61210632324219
8,43,84632,2,A04,3,0,GRU,35.61210632324219
8,44,86751,1,A04,3,0,GRU,35.61210632324219
8,45,88657,3,A04,3,1,GRU,35.61210632324219
8,46,90585,1,A04,4,0,GRU,35.61210632324219
8,47,92699,2,A04,3,0,GRU,35.61210632324219
8,48,94758,1,A04,1,1,GRU,35.61210632324219
3,1,251,1,A05,1,1,GRU,48.062801361083984
3,2,2254,2,A05,3,0,GRU,48.062801361083984
3,3,4172,2,A05,2,1,GRU,48.062801361083984
3,4,6124,1,A05,3,0,GRU,48.062801361083984
3,6,10243,1,A05,1,1,GRU,48.062801361083984
3,8,14210,3,A05,3,1,GRU,48.062801361083984
3,9,16141,2,A05,1,0,GRU,48.062801361083984
3,10,18139,4,A05,3,0,GRU,48.062801361083984
3,11,20045,1,A05,3,0,GRU,48.062801361083984
3,12,21940,3,A05,1,0,GRU,48.062801361083984
3,13,23912,2,A05,2,1,GRU,48.062801361083984
3,16,29943,4,A05,3,0,GRU,48.062801361083984
3,17,31951,4,A05,3,0,GRU,48.062801361083984
3,19,36053,4,A05,3,0,GRU,48.062801361083984
3,20,38119,1,A05,1,1,GRU,48.062801361083984
3,21,40189,3,A05,2,0,GRU,48.062801361083984
3,23,44181,1,A05,2,0,GRU,48.062801361083984
3,24,46212,1,A05,2,0,GRU,48.062801361083984
3,25,48165,3,A05,3,1,GRU,48.062801361083984
3,26,50126,4,A05,2,0,GRU,48.062801361083984
3,27,52230,1,A05,2,0,GRU,48.062801361083984
3,28,54234,3,A05,3,1,GRU,48.062801361083984
3,29,56209,3,A05,3,1,GRU,48.062801361083984
3,30,58235,3,A05,2,0,GRU,48.062801361083984
3,31,60306,1,A05,1,1,GRU,48.062801361083984
3,32,62413,2,A05,1,0,GRU,48.062801361083984
3,33,64505,1,A05,2,0,GRU,48.062801361083984
3,34,66596,2,A05,3,0,GRU,48.062801361083984
3,35,68639,2,A05,3,0,GRU,48.062801361083984
3,36,70703,1,A05,1,1,GRU,48.062801361083984
3,37,72723,2,A05,1,0,GRU,48.062801361083984
3,38,74695,3,A05,2,0,GRU,48.062801361083984
3,39,76658,2,A05,2,1,GRU,48.062801361083984
3,40,78583,3,A05,2,0,GRU,48.062801361083984
3,41,80664,3,A05,3,1,GRU,48.062801361083984
3,42,82642,4,A05,2,0,GRU,48.062801361083984
3,43,84632,3,A05,1,0,GRU,48.062801361083984
3,44,86751,3,A05,3,1,GRU,48.062801361083984
3,45,88657,4,A05,1,0,GRU,48.062801361083984
3,46,90585,4,A05,1,0,GRU,48.062801361083984
3,47,92699,4,A05,3,0,GRU,48.062801361083984
3,48,94758,4,A05,3,0,GRU,48.062801361083984
4,1,251,4,A05,2,0,GRU,48.062801361083984
4,2,2254,3,A05,3,1,GRU,48.062801361083984
4,4,6124,1,A05,2,0,GRU,48.062801361083984
4,5,8132,1,A05,4,0,GRU,48.062801361083984
4,6,10243,2,A05,3,0,GRU,48.062801361083984
4,7,12160,3,A05,3,1,GRU,48.062801361083984
4,8,14210,4,A05,2,0,GRU,48.062801361083984
4,9,16141,2,A05,2,1,GRU,48.062801361083984
4,10,18139,3,A05,2,0,GRU,48.062801361083984
4,11,20045,1,A05,2,0,GRU,48.062801361083984
4,12,21940,1,A05,1,1,GRU,48.062801361083984
4,13,23912,1,A05,3,0,GRU,48.062801361083984
4,14,25856,4,A05,3,0,GRU,48.062801361083984
4,15,27823,2,A05,3,0,GRU,48.062801361083984
4,16,29943,2,A05,2,1,GRU,48.062801361083984
4,17,31951,1,A05,2,0,GRU,48.062801361083984
4,18,34017,1,A05,2,0,GRU,48.062801361083984
4,19,36053,3,A05,3,1,GRU,48.062801361083984
4,20,38119,1,A05,1,1,GRU,48.062801361083984
4,21,40189,2,A05,1,0,GRU,48.062801361083984
4,22,42269,4,A05,2,0,GRU,48.062801361083984
4,23,44181,4,A05,2,0,GRU,48.062801361083984
4,24,46212,3,A05,2,0,GRU,48.062801361083984
4,26,50126,4,A05,3,0,GRU,48.062801361083984
4,27,52230,4,A05,2,0,GRU,48.062801361083984
4,28,54234,2,A05,2,1,GRU,48.062801361083984
4,29,56209,4,A05,3,0,GRU,48.062801361083984
4,30,58235,4,A05,2,0,GRU,48.062801361083984
4,32,62413,1,A05,2,0,GRU,48.062801361083984
4,33,64505,2,A05,1,0,GRU,48.062801361083984
4,34,66596,3,A05,2,0,GRU,48.062801361083984
4,35,68639,3,A05,1,0,GRU,48.062801361083984
4,36,70703,3,A05,1,0,GRU,48.062801361083984
4,37,72723,4,A05,2,0,GRU,48.062801361083984
4,38,74695,3,A05,1,0,GRU,48.062801361083984
4,39,76658,1,A05,2,0,GRU,48.062801361083984
4,40,78583,4,A05,2,0,GRU,48.062801361083984
4,41,80664,2,A05,3,0,GRU,48.062801361083984
4,42,82642,3,A05,4,0,GRU,48.062801361083984
4,43,84632,2,A05,1,0,GRU,48.062801361083984
4,44,86751,3,A05,2,0,GRU,48.062801361083984
4,45,88657,4,A05,1,0,GRU,48.062801361083984
4,46,90585,2,A05,4,0,GRU,48.062801361083984
4,47,92699,3,A05,1,0,GRU,48.062801361083984
4,48,94758,1,A05,3,0,GRU,48.062801361083984
5,1,251,1,A05,2,0,GRU,48.062801361083984
5,2,2254,1,A05,1,1,GRU,48.062801361083984
5,3,4172,4,A05,2,0,GRU,48.062801361083984
5,4,6124,2,A05,3,0,GRU,48.062801361083984
5,5,8132,1,A05,3,0,GRU,48.062801361083984
5,6,10243,3,A05,3,1,GRU,48.062801361083984
5,7,12160,1,A05,3,0,GRU,48.062801361083984
5,8,14210,3,A05,3,1,GRU,48.062801361083984
5,9,16141,2,A05,2,1,GRU,48.062801361083984
5,10,18139,4,A05,3,0,GRU,48.062801361083984
5,11,20045,1,A05,3,0,GRU,48.062801361083984
5,12,21940,3,A05,3,1,GRU,48.062801361083984
5,13,23912,3,A05,3,1,GRU,48.062801361083984
5,14,25856,1,A05,3,0,GRU,48.062801361083984
5,15,27823,3,A05,1,0,GRU,48.062801361083984
5,16,29943,2,A05,2,1,GRU,48.062801361083984
5,17,31951,4,A05,1,0,GRU,48.062801361083984
5,18,34017,4,A05,3,0,GRU,48.062801361083984
5,19,36053,4,A05,2,0,GRU,48.062801361083984
5,20,38119,3,A05,4,0,GRU,48.062801361083984
5,21,40189,1,A05,3,0,GRU,48.062801361083984
5,22,42269,4,A05,2,0,GRU,48.062801361083984
5,23,44181,2,A05,3,0,GRU,48.062801361083984
5,24,46212,4,A05,2,0,GRU,48.062801361083984
5,25,48165,2,A05,3,0,GRU,48.062801361083984
5,26,50126,1,A05,3,0,GRU,48.062801361083984
5,27,52230,3,A05,3,1,GRU,48.062801361083984
5,29,56209,1,A05,2,0,GRU,48.062801361083984
5,30,58235,3,A05,3,1,GRU,48.062801361083984
5,31,60306,3,A05,3,1,GRU,48.062801361083984
5,32,62413,1,A05,3,0,GRU,48.062801361083984
5,33,64505,3,A05,1,0,GRU,48.062801361083984
5,34,66596,4,A05,1,0,GRU,48.062801361083984
5,35,68639,4,A05,2,0,GRU,48.062801361083984
5,36,70703,2,A05,2,1,GRU,48.062801361083984
5,37,72723,1,A05,3,0,GRU,48.062801361083984
5,38,74695,2,A05,2,1,GRU,48.062801361083984
5,39,76658,4,A05,3,0,GRU,48.062801361083984
5,40,78583,2,A05,1,0,GRU,48.062801361083984
5,41,80664,4,A05,3,0,GRU,48.062801361083984
5,42,82642,3,A05,3,1,GRU,48.062801361083984
5,43,84632,2,A05,1,0,GRU,48.062801361083984
5,44,86751,2,A05,3,0,GRU,48.062801361083984
5,45,88657,2,A05,3,0,GRU,48.062801361083984
5,46,90585,3,A05,3,1,GRU,48.062801361083984
5,47,92699,4,A05,4,1,GRU,48.062801361083984
5,48,94758,1,A05,2,0,GRU,48.062801361083984
6,1,251,2,A05,3,0,GRU,48.062801361083984
6,2,2254,4,A05,2,0,GRU,48.062801361083984
6,3,4172,1,A05,1,1,GRU,48.062801361083984
6,4,6124,3,A05,2,0,GRU,48.062801361083984
6,5,8132,3,A05,1,0,GRU,48.062801361083984
6,6,10243,4,A05,2,0,GRU,48.062801361083984
6,7,12160,1,A05,4,0,GRU,48.062801361083984
6,8,14210,1,A05,2,0,GRU,48.062801361083984
6,9,16141,3,A05,2,0,GRU,48.062801361083984
6,10,18139,2,A05,2,1,GRU,48.062801361083984
6,11,20045,4,A05,3,0,GRU,48.062801361083984
6,12,21940,4,A05,3,0,GRU,48.062801361083984
6,13,23912,4,A05,2,0,GRU,48.062801361083984
6,14,25856,2,A05,2,1,GRU,48.062801361083984
6,15,27823,1,A05,3,0,GRU,48.062801361083984
6,16,29943,3,A05,2,0,GRU,48.062801361083984
6,17,31951,2,A05,1,0,GRU,48.062801361083984
6,18,34017,4,A05,2,0,GRU,48.062801361083984
6,19,36053,1,A05,3,0,GRU,48.062801361083984
6,20,38119,4,A05,2,0,GRU,48.062801361083984
6,21,40189,3,A05,2,0,GRU,48.062801361083984
6,22,42269,2,A05,2,1,GRU,48.062801361083984
6,23,44181,4,A05,1,0,GRU,48.062801361083984
6,24,46212,4,A05,3,0,GRU,48.062801361083984
6,25,48165,1,A05,2,0,GRU,48.062801361083984
6,26,50126,2,A05,2,1,GRU,48.062801361083984
6,27,52230,2,A05,2,1,GRU,48.062801361083984
6,28,54234,3,A05,2,0,GRU,48.062801361083984
6,29,56209,4,A05,2,0,GRU,48.062801361083984
6,30,58235,2,A05,3,0,GRU,48.062801361083984
6,31,60306,1,A05,3,0,GRU,48.062801361083984
6,32,62413,1,A05,1,1,GRU,48.062801361083984
6,33,64505,4,A05,2,0,GRU,48.062801361083984
6,34,66596,2,A05,2,1,GRU,48.062801361083984
6,35,68639,1,A05,2,0,GRU,48.062801361083984
6,36,70703,3,A05,3,1,GRU,48.062801361083984
6,37,72723,2,A05,2,1,GRU,48.062801361083984
6,38,74695,2,A05,3,0,GRU,48.062801361083984
6,39,76658,3,A05,2,0,GRU,48.062801361083984
6,40,78583,1,A05,3,0,GRU,48.062801361083984
6,41,80664,4,A05,1,0,GRU,48.062801361083984
6,42,82642,3,A05,3,1,GRU,48.062801361083984
6,43,84632,3,A05,4,0,GRU,48.062801361083984
6,44,86751,3,A05,3,1,GRU,48.062801361083984
6,45,88657,3,A05,3,1,GRU,48.062801361083984
6,46,90585,1,A05,3,0,GRU,48.062801361083984
6,47,92699,2,A05,1,0,GRU,48.062801361083984
6,48,94758,1,A05,2,0,GRU,48.062801361083984
7,2,2254,1,A05,3,0,GRU,48.062801361083984
7,3,4172,1,A05,2,0,GRU,48.062801361083984
7,4,6124,3,A05,1,0,GRU,48.062801361083984
7,5,8132,3,A05,1,0,GRU,48.062801361083984
7,6,10243,2,A05,3,0,GRU,48.062801361083984
7,7,12160,3,A05,1,0,GRU,48.062801361083984
7,8,14210,4,A05,3,0,GRU,48.062801361083984
7,9,16141,1,A05,3,0,GRU,48.062801361083984
7,10,18139,4,A05,3,0,GRU,48.062801361083984
7,11,20045,1,A05,3,0,GRU,48.062801361083984
7,12,21940,1,A05,1,1,GRU,48.062801361083984
7,13,23912,2,A05,2,1,GRU,48.062801361083984
7,14,25856,4,A05,1,0,GRU,48.062801361083984
7,15,27823,3,A05,2,0,GRU,48.062801361083984
7,16,29943,2,A05,4,0,GRU,48.062801361083984
7,18,34017,3,A05,3,1,GRU,48.062801361083984
7,19,36053,4,A05,4,1,GRU,48.062801361083984
7,20,38119,3,A05,1,0,GRU,48.062801361083984
7,21,40189,4,A05,4,1,GRU,48.062801361083984
7,22,42269,2,A05,3,0,GRU,48.062801361083984
7,23,44181,2,A05,4,0,GRU,48.062801361083984
7,24,46212,4,A05,2,0,GRU,48.062801361083984
7,25,48165,1,A05,3,0,GRU,48.062801361083984
7,26,50126,2,A05,2,1,GRU,48.062801361083984
7,27,52230,2,A05,2,1,GRU,48.062801361083984
7,28,54234,2,A05,2,1,GRU,48.062801361083984
7,29,56209,3,A05,3,1,GRU,48.062801361083984
7,30,58235,4,A05,2,0,GRU,48.062801361083984
7,31,60306,1,A05,2,0,GRU,48.062801361083984
7,32,62413,4,A05,3,0,GRU,48.062801361083984
7,33,64505,1,A05,2,0,GRU,48.062801361083984
7,34,66596,3,A05,2,0,GRU,48.062801361083984
7,35,68639,1,A05,3,0,GRU,48.062801361083984
7,36,70703,4,A05,1,0,GRU,48.062801361083984
7,37,72723,1,A05,3,0,GRU,48.062801361083984
7,38,74695,3,A05,1,0,GRU,48.062801361083984
7,39,76658,1,A05,1,1,GRU,48.062801361083984
7,40,78583,2,A05,3,0,GRU,48.062801361083984
7,41,80664,3,A05,1,0,GRU,48.062801361083984
7,42,82642,3,A05,2,0,GRU,48.062801361083984
7,43,84632,4,A05,2,0,GRU,48.062801361083984
7,44,86751,1,A05,1,1,GRU,48.062801361083984
7,45,88657,2,A05,4,0,GRU,48.062801361083984
7,46,90585,4,A05,2,0,GRU,48.062801361083984
7,47,92699,2,A05,2,1,GRU,48.062801361083984
7,48,94758,3,A05,3,1,GRU,48.062801361083984
8,1,251,3,A05,2,0,GRU,48.062801361083984
8,2,2254,1,A05,1,1,GRU,48.062801361083984
8,3,4172,4,A05,3,0,GRU,48.062801361083984
8,4,6124,2,A05,2,1,GRU,48.062801361083984
8,5,8132,4,A05,1,0,GRU,48.062801361083984
8,6,10243,1,A05,1,1,GRU,48.062801361083984
8,7,12160,1,A05,2,0,GRU,48.062801361083984
8,8,14210,3,A05,2,0,GRU,48.062801361083984
8,9,16141,3,A05,4,0,GRU,48.062801361083984
8,10,18139,2,A05,2,1,GRU,48.062801361083984
8,11,20045,4,A05,3,0,GRU,48.062801361083984
8,12,21940,2,A05,1,0,GRU,48.062801361083984
8,13,23912,2,A05,2,1,GRU,48.062801361083984
8,14,25856,1,A05,2,0,GRU,48.062801361083984
8,15,27823,2,A05,2,1,GRU,48.062801361083984
8,16,29943,4,A05,3,0,GRU,48.062801361083984
8,17,31951,4,A05,2,0,GRU,48.062801361083984
8,18,34017,2,A05,3,0,GRU,48.062801361083984
8,19,36053,2,A05,3,0,GRU,48.062801361083984
8,20,38119,2,A05,2,1,GRU,48.062801361083984
8,21,40189,2,A05,2,1,GRU,48.062801361083984
8,22,42269,4,A05,2,0,GRU,48.062801361083984
8,23,44181,4,A05,3,0,GRU,48.062801361083984
8,24,46212,3,A05,1,0,GRU,48.062801361083984
8,25,48165,4,A05,3,0,GRU,48.062801361083984
8,26,50126,1,A05,1,1,GRU,48.062801361083984
8,27,52230,2,A05,1,0,GRU,48.062801361083984
8,28,54234,3,A05,3,1,GRU,48.062801361083984
8,29,56209,2,A05,3,0,GRU,48.062801361083984
8,30,58235,1,A05,2,0,GRU,48.062801361083984
8,31,60306,4,A05,2,0,GRU,48.062801361083984
8,32,62413,1,A05,4,0,GRU,48.062801361083984
8,33,64505,4,A05,2,0,GRU,48.062801361083984
8,34,66596,1,A05,3,0,GRU,48.062801361083984
8,35,68639,1,A05,3,0,GRU,48.062801361083984
8,36,70703,1,A05,1,1,GRU,48.062801361083984
8,37,72723,1,A05,1,1,GRU,48.062801361083984
8,38,74695,3,A05,3,1,GRU,48.062801361083984
8,39,76658,3,A05,1,0,GRU,48.062801361083984
8,40,78583,4,A05,1,0,GRU,48.062801361083984
8,41,80664,2,A05,2,1,GRU,48.062801361083984
8,42,82642,3,A05,3,1,GRU,48.062801361083984
8,43,84632,3,A05,3,1,GRU,48.062801361083984
8,44,86751,3,A05,3,1,GRU,48.062801361083984
8,45,88657,4,A05,2,0,GRU,48.062801361083984
8,46,90585,3,A05,3,1,GRU,48.062801361083984
8,47,92699,1,A05,3,0,GRU,48.062801361083984
8,48,94758,3,A05,1,0,GRU,48.062801361083984
3,1,251,1,A06,1,1,GRU,33.55574607849121
3,2,2254,2,A06,1,0,GRU,33.55574607849121
3,3,4172,2,A06,2,1,GRU,33.55574607849121
3,4,6124,1,A06,1,1,GRU,33.55574607849121
3,6,10243,1,A06,1,1,GRU,33.55574607849121
3,7,12160,2,A06,1,0,GRU,33.55574607849121
3,8,14210,3,A06,1,0,GRU,33.55574607849121
3,9,16141,2,A06,1,0,GRU,33.55574607849121
3,10,18139,4,A06,1,0,GRU,33.55574607849121
3,11,20045,1,A06,4,0,GRU,33.55574607849121
3,12,21940,3,A06,3,1,GRU,33.55574607849121
3,13,23912,2,A06,4,0,GRU,33.55574607849121
3,14,25856,1,A06,1,1,GRU,33.55574607849121
3,15,27823,4,A06,1,0,GRU,33.55574607849121
3,16,29943,4,A06,4,1,GRU,33.55574607849121
3,17,31951,4,A06,3,0,GRU,33.55574607849121
3,18,34017,4,A06,4,1,GRU,33.55574607849121
3,19,36053,4,A06,4,1,GRU,33.55574607849121
3,21,40189,3,A06,3,1,GRU,33.55574607849121
3,22,42269,2,A06,2,1,GRU,33.55574607849121
3,23,44181,1,A06,2,0,GRU,33.55574607849121
3,24,46212,1,A06,4,0,GRU,33.55574607849121
3,25,48165,3,A06,2,0,GRU,33.55574607849121
3,26,50126,4,A06,4,1,GRU,33.55574607849121
3,27,52230,1,A06,1,1,GRU,33.55574607849121
3,28,54234,3,A06,4,0,GRU,33.55574607849121
3,29,56209,3,A06,4,0,GRU,33.55574607849121
3,30,58235,3,A06,2,0,GRU,33.55574607849121
3,31,60306,1,A06,1,1,GRU,33.55574607849121
3,33,64505,1,A06,4,0,GRU,33.55574607849121
3,34,66596,2,A06,4,0,GRU,33.55574607849121
3,35,68639,2,A06,2,1,GRU,33.55574607849121
3,36,70703,1,A06,4,0,GRU,33.55574607849121
3,37,72723,2,A06,3,0,GRU,33.55574607849121
3,38,74695,3,A06,1,0,GRU,33.55574607849121
3,39,76658,2,A06,1,0,GRU,33.55574607849121
3,40,78583,3,A06,4,0,GRU,33.55574607849121
3,41,80664,3,A06,1,0,GRU,33.55574607849121
3,45,88657,4,A06,4,1,GRU,33.55574607849121
3,47,92699,4,A06,4,1,GRU,33.55574607849121
4,2,2254,3,A06,1,0,GRU,33.55574607849121
4,3,4172,2,A06,4,0,GRU,33.55574607849121
4,4,6124,1,A06,4,0,GRU,33.55574607849121
4,5,8132,1,A06,4,0,GRU,33.55574607849121
4,8,14210,4,A06,1,0,GRU,33.55574607849121
4,9,16141,2,A06,3,0,GRU,33.55574607849121
4,10,18139,3,A06,4,0,GRU,33.55574607849121
4,11,20045,1,A06,1,1,GRU,33.55574607849121
4,12,21940,1,A06,1,1,GRU,33.55574607849121
4,13,23912,1,A06,4,0,GRU,33.55574607849121
4,14,25856,4,A06,1,0,GRU,33.55574607849121
4,15,27823,2,A06,1,0,GRU,33.55574607849121
4,16,29943,2,A06,1,0,GRU,33.55574607849121
4,17,31951,1,A06,3,0,GRU,33.55574607849121
4,19,36053,3,A06,4,0,GRU,33.55574607849121
4,21,40189,2,A06,1,0,GRU,33.55574607849121
4,23,44181,4,A06,4,1,GRU,33.55574607849121
4,24,46212,3,A06,4,0,GRU,33.55574607849121
4,25,48165,1,A06,1,1,GRU,33.55574607849121
4,26,50126,4,A06,4,1,GRU,33.55574607849121
4,27,52230,4,A06,1,0,GRU,33.55574607849121
4,31,60306,2,A06,4,0,GRU,33.55574607849121
4,32,62413,1,A06,1,1,GRU,33.55574607849121
4,36,70703,3,A06,2,0,GRU,33.55574607849121
4,37,72723,4,A06,4,1,GRU,33.55574607849121
4,41,80664,2,A06,1,0,GRU,33.55574607849121
4,42,82642,3,A06,3,1,GRU,33.55574607849121
4,44,86751,3,A06,2,0,GRU,33.55574607849121
5,2,2254,1,A06,4,0,GRU,33.55574607849121
5,3,4172,4,A06,3,0,GRU,33.55574607849121
5,4,6124,2,A06,1,0,GRU,33.55574607849121
5,5,8132,1,A06,4,0,GRU,33.55574607849121
5,6,10243,3,A06,4,0,GRU,33.55574607849121
5,7,12160,1,A06,3,0,GRU,33.55574607849121
5,8,14210,3,A06,3,1,GRU,33.55574607849121
5,14,25856,1,A06,4,0,GRU,33.55574607849121
5,15,27823,3,A06,4,0,GRU,33.55574607849121
5,16,29943,2,A06,3,0,GRU,33.55574607849121
5,21,40189,1,A06,2,0,GRU,33.55574607849121
5,22,42269,4,A06,3,0,GRU,33.55574607849121
5,23,44181,2,A06,4,0,GRU,33.55574607849121
5,24,46212,4,A06,1,0,GRU,33.55574607849121
5,27,52230,3,A06,4,0,GRU,33.55574607849121
5,28,54234,2,A06,4,0,GRU,33.55574607849121
5,31,60306,3,A06,4,0,GRU,33.55574607849121
5,34,66596,4,A06,4,1,GRU,33.55574607849121
5,37,72723,1,A06,1,1,GRU,33.55574607849121
5,38,74695,2,A06,2,1,GRU,33.55574607849121
5,39,76658,4,A06,4,1,GRU,33.55574607849121
5,42,82642,3,A06,3,1,GRU,33.55574607849121
5,44,86751,2,A06,1,0,GRU,33.55574607849121
5,45,88657,2,A06,1,0,GRU,33.55574607849121
5,47,92699,4,A06,4,1,GRU,33.55574607849121
5,48,94758,1,A06,2,0,GRU,33.55574607849121
6,2,2254,4,A06,1,0,GRU,33.55574607849121
6,3,4172,1,A06,1,1,GRU,33.55574607849121
6,4,6124,3,A06,2,0,GRU,33.55574607849121
6,6,10243,4,A06,1,0,GRU,33.55574607849121
6,7,12160,1,A06,3,0,GRU,33.55574607849121
6,8,14210,1,A06,3,0,GRU,33.55574607849121
6,9,16141,3,A06,4,0,GRU,33.55574607849121
6,10,18139,2,A06,4,0,GRU,33.55574607849121
6,11,20045,4,A06,2,0,GRU,33.55574607849121
6,12,21940,4,A06,1,0,GRU,33.55574607849121
6,13,23912,4,A06,4,1,GRU,33.55574607849121
6,14,25856,2,A06,2,1,GRU,33.55574607849121
6,15,27823,1,A06,2,0,GRU,33.55574607849121
6,16,29943,3,A06,2,0,GRU,33.55574607849121
6,17,31951,2,A06,1,0,GRU,33.55574607849121
6,18,34017,4,A06,1,0,GRU,33.55574607849121
6,19,36053,1,A06,4,0,GRU,33.55574607849121
6,20,38119,4,A06,1,0,GRU,33.55574607849121
6,21,40189,3,A06,4,0,GRU,33.55574607849121
6,22,42269,2,A06,4,0,GRU,33.55574607849121
6,23,44181,4,A06,4,1,GRU,33.55574607849121
6,24,46212,4,A06,4,1,GRU,33.55574607849121
6,25,48165,1,A06,3,0,GRU,33.55574607849121
6,26,50126,2,A06,4,0,GRU,33.55574607849121
6,27,52230,2,A06,4,0,GRU,33.55574607849121
6,28,54234,3,A06,4,0,GRU,33.55574607849121
6,29,56209,4,A06,2,0,GRU,33.55574607849121
6,30,58235,2,A06,4,0,GRU,33.55574607849121
6,31,60306,1,A06,4,0,GRU,33.55574607849121
6,32,62413,1,A06,4,0,GRU,33.55574607849121
6,33,64505,4,A06,1,0,GRU,33.55574607849121
6,34,66596,2,A06,1,0,GRU,33.55574607849121
6,35,68639,1,A06,4,0,GRU,33.55574607849121
6,36,70703,3,A06,1,0,GRU,33.55574607849121
6,38,74695,2,A06,4,0,GRU,33.55574607849121
6,39,76658,3,A06,3,1,GRU,33.55574607849121
6,40,78583,1,A06,1,1,GRU,33.55574607849121
6,41,80664,4,A06,4,1,GRU,33.55574607849121
6,42,82642,3,A06,1,0,GRU,33.55574607849121
6,43,84632,3,A06,2,0,GRU,33.55574607849121
6,44,86751,3,A06,4,0,GRU,33.55574607849121
6,45,88657,3,A06,2,0,GRU,33.55574607849121
6,47,92699,2,A06,1,0,GRU,33.55574607849121
7,4,6124,3,A06,1,0,GRU,33.55574607849121
7,5,8132,3,A06,2,0,GRU,33.55574607849121
7,6,10243,2,A06,3,0,GRU,33.55574607849121
7,7,12160,3,A06,2,0,GRU,33.55574607849121
7,8,14210,4,A06,1,0,GRU,33.55574607849121
7,10,18139,4,A06,4,1,GRU,33.55574607849121
7,11,20045,1,A06,2,0,GRU,33.55574607849121
7,12,21940,1,A06,3,0,GRU,33.55574607849121
7,13,23912,2,A06,4,0,GRU,33.55574607849121
7,14,25856,4,A06,4,1,GRU,33.55574607849121
7,15,27823,3,A06,4,0,GRU,33.55574607849121
7,16,29943,2,A06,1,0,GRU,33.55574607849121
7,17,31951,4,A06,2,0,GRU,33.55574607849121
7,18,34017,3,A06,4,0,GRU,33.55574607849121
7,20,38119,3,A06,2,0,GRU,33.55574607849121
7,22,42269,2,A06,1,0,GRU,33.55574607849121
7,23,44181,2,A06,2,1,GRU,33.55574607849121
7,24,46212,4,A06,4,1,GRU,33.55574607849121
7,25,48165,1,A06,4,0,GRU,33.55574607849121
7,26,50126,2,A06,2,1,GRU,33.55574607849121
7,27,52230,2,A06,1,0,GRU,33.55574607849121
7,28,54234,2,A06,3,0,GRU,33.55574607849121
7,29,56209,3,A06,4,0,GRU,33.55574607849121
7,30,58235,4,A06,4,1,GRU,33.55574607849121
7,31,60306,1,A06,4,0,GRU,33.55574607849121
7,32,62413,4,A06,4,1,GRU,33.55574607849121
7,33,64505,1,A06,2,0,GRU,33.55574607849121
7,37,72723,1,A06,1,1,GRU,33.55574607849121
7,38,74695,3,A06,1,0,GRU,33.55574607849121
7,39,76658,1,A06,1,1,GRU,33.55574607849121
7,41,80664,3,A06,1,0,GRU,33.55574607849121
7,45,88657,2,A06,4,0,GRU,33.55574607849121
7,46,90585,4,A06,1,0,GRU,33.55574607849121
7,48,94758,3,A06,2,0,GRU,33.55574607849121
8,3,4172,4,A06,4,1,GRU,33.55574607849121
8,4,6124,2,A06,3,0,GRU,33.55574607849121
8,5,8132,4,A06,1,0,GRU,33.55574607849121
8,6,10243,1,A06,4,0,GRU,33.55574607849121
8,7,12160,1,A06,2,0,GRU,33.55574607849121
8,8,14210,3,A06,1,0,GRU,33.55574607849121
8,9,16141,3,A06,1,0,GRU,33.55574607849121
8,10,18139,2,A06,3,0,GRU,33.55574607849121
8,11,20045,4,A06,4,1,GRU,33.55574607849121
8,12,21940,2,A06,2,1,GRU,33.55574607849121
8,13,23912,2,A06,2,1,GRU,33.55574607849121
8,14,25856,1,A06,4,0,GRU,33.55574607849121
8,15,27823,2,A06,1,0,GRU,33.55574607849121
8,16,29943,4,A06,3,0,GRU,33.55574607849121
8,17,31951,4,A06,3,0,GRU,33.55574607849121
8,18,34017,2,A06,1,0,GRU,33.55574607849121
8,19,36053,2,A06,4,0,GRU,33.55574607849121
8,20,38119,2,A06,3,0,GRU,33.55574607849121
8,21,40189,2,A06,1,0,GRU,33.55574607849121
8,22,42269,4,A06,4,1,GRU,33.55574607849121
8,23,44181,4,A06,4,1,GRU,33.55574607849121
8,24,46212,3,A06,4,0,GRU,33.55574607849121
8,25,48165,4,A06,4,1,GRU,33.55574607849121
8,26,50126,1,A06,2,0,GRU,33.55574607849121
8,27,52230,2,A06,4,0,GRU,33.55574607849121
8,28,54234,3,A06,1,0,GRU,33.55574607849121
8,29,56209,2,A06,1,0,GRU,33.55574607849121
8,30,58235,1,A06,1,1,GRU,33.55574607849121
8,31,60306,4,A06,1,0,GRU,33.55574607849121
8,32,62413,1,A06,3,0,GRU,33.55574607849121
8,33,64505,4,A06,3,0,GRU,33.55574607849121
8,34,66596,1,A06,1,1,GRU,33.55574607849121
8,35,68639,1,A06,2,0,GRU,33.55574607849121
8,37,72723,1,A06,3,0,GRU,33.55574607849121
8,38,74695,3,A06,4,0,GRU,33.55574607849121
8,40,78583,4,A06,3,0,GRU,33.55574607849121
8,41,80664,2,A06,1,0,GRU,33.55574607849121
8,42,82642,3,A06,2,0,GRU,33.55574607849121
8,43,84632,3,A06,4,0,GRU,33.55574607849121
8,44,86751,3,A06,4,0,GRU,33.55574607849121
8,45,88657,4,A06,1,0,GRU,33.55574607849121
8,46,90585,3,A06,2,0,GRU,33.55574607849121
8,47,92699,1,A06,2,0,GRU,33.55574607849121
8,48,94758,3,A06,3,1,GRU,33.55574607849121
3,1,251,1,A07,2,0,GRU,43.039798736572266
3,2,2254,2,A07,3,0,GRU,43.039798736572266
3,3,4172,2,A07,4,0,GRU,43.039798736572266
3,4,6124,1,A07,1,1,GRU,43.039798736572266
3,5,8132,2,A07,3,0,GRU,43.039798736572266
3,6,10243,1,A07,2,0,GRU,43.039798736572266
3,7,12160,2,A07,4,0,GRU,43.039798736572266
3,8,14210,3,A07,3,1,GRU,43.039798736572266
3,9,16141,2,A07,4,0,GRU,43.039798736572266
3,11,20045,1,A07,3,0,GRU,43.039798736572266
3,12,21940,3,A07,2,0,GRU,43.039798736572266
3,13,23912,2,A07,1,0,GRU,43.039798736572266
3,14,25856,1,A07,2,0,GRU,43.039798736572266
3,15,27823,4,A07,4,1,GRU,43.039798736572266
3,16,29943,4,A07,4,1,GRU,43.039798736572266
3,17,31951,4,A07,2,0,GRU,43.039798736572266
3,18,34017,4,A07,4,1,GRU,43.039798736572266
3,19,36053,4,A07,2,0,GRU,43.039798736572266
3,20,38119,1,A07,2,0,GRU,43.039798736572266
3,21,40189,3,A07,4,0,GRU,43.039798736572266
3,22,42269,2,A07,1,0,GRU,43.039798736572266
3,23,44181,1,A07,4,0,GRU,43.039798736572266
3,24,46212,1,A07,2,0,GRU,43.039798736572266
3,25,48165,3,A07,4,0,GRU,43.039798736572266
3,26,50126,4,A07,2,0,GRU,43.039798736572266
3,27,52230,1,A07,2,0,GRU,43.039798736572266
3,28,54234,3,A07,3,1,GRU,43.039798736572266
3,29,56209,3,A07,3,1,GRU,43.039798736572266
3,30,58235,3,A07,3,1,GRU,43.039798736572266
3,31,60306,1,A07,2,0,GRU,43.039798736572266
3,32,62413,2,A07,1,0,GRU,43.039798736572266
3,33,64505,1,A07,1,1,GRU,43.039798736572266
3,34,66596,2,A07,2,1,GRU,43.039798736572266
3,35,68639,2,A07,1,0,GRU,43.039798736572266
3,36,70703,1,A07,3,0,GRU,43.039798736572266
3,37,72723,2,A07,2,1,GRU,43.039798736572266
3,38,74695,3,A07,1,0,GRU,43.039798736572266
3,39,76658,2,A07,2,1,GRU,43.039798736572266
3,40,78583,3,A07,1,0,GRU,43.039798736572266
3,41,80664,3,A07,1,0,GRU,43.039798736572266
3,42,82642,4,A07,4,1,GRU,43.039798736572266
3,43,84632,3,A07,2,0,GRU,43.039798736572266
3,44,86751,3,A07,3,1,GRU,43.039798736572266
3,45,88657,4,A07,3,0,GRU,43.039798736572266
3,46,90585,4,A07,4,1,GRU,43.039798736572266
3,47,92699,4,A07,2,0,GRU,43.039798736572266
3,48,94758,4,A07,4,1,GRU,43.039798736572266
4,2,2254,3,A07,2,0,GRU,43.039798736572266
4,3,4172,2,A07,2,1,GRU,43.039798736572266
4,4,6124,1,A07,3,0,GRU,43.039798736572266
4,5,8132,1,A07,2,0,GRU,43.039798736572266
4,6,10243,2,A07,3,0,GRU,43.039798736572266
4,7,12160,3,A07,3,1,GRU,43.039798736572266
4,8,14210,4,A07,2,0,GRU,43.039798736572266
4,9,16141,2,A07,2,1,GRU,43.039798736572266
4,10,18139,3,A07,1,0,GRU,43.039798736572266
4,11,20045,1,A07,1,1,GRU,43.039798736572266
4,12,21940,1,A07,1,1,GRU,43.039798736572266
4,13,23912,1,A07,2,0,GRU,43.039798736572266
4,14,25856,4,A07,4,1,GRU,43.039798736572266
4,15,27823,2,A07,1,0,GRU,43.039798736572266
4,16,29943,2,A07,4,0,GRU,43.039798736572266
4,17,31951,1,A07,1,1,GRU,43.039798736572266
4,18,34017,1,A07,2,0,GRU,43.039798736572266
4,19,36053,3,A07,4,0,GRU,43.039798736572266
4,20,38119,1,A07,2,0,GRU,43.039798736572266
4,21,40189,2,A07,4,0,GRU,43.039798736572266
4,22,42269,4,A07,2,0,GRU,43.039798736572266
4,23,44181,4,A07,2,0,GRU,43.039798736572266
4,24,46212,3,A07,1,0,GRU,43.039798736572266
4,25,48165,1,A07,2,0,GRU,43.039798736572266
4,26,50126,4,A07,2,0,GRU,43.039798736572266
4,27,52230,4,A07,3,0,GRU,43.039798736572266
4,28,54234,2,A07,4,0,GRU,43.039798736572266
4,29,56209,4,A07,2,0,GRU,43.039798736572266
4,30,58235,4,A07,2,0,GRU,43.039798736572266
4,31,60306,2,A07,4,0,GRU,43.039798736572266
4,32,62413,1,A07,4,0,GRU,43.039798736572266
4,33,64505,2,A07,3,0,GRU,43.039798736572266
4,34,66596,3,A07,2,0,GRU,43.039798736572266
4,35,68639,3,A07,1,0,GRU,43.039798736572266
4,36,70703,3,A07,4,0,GRU,43.039798736572266
4,38,74695,3,A07,2,0,GRU,43.039798736572266
4,39,76658,1,A07,4,0,GRU,43.039798736572266
4,40,78583,4,A07,1,0,GRU,43.039798736572266
4,41,80664,2,A07,4,0,GRU,43.039798736572266
4,42,82642,3,A07,4,0,GRU,43.039798736572266
4,43,84632,2,A07,2,1,GRU,43.039798736572266
4,44,86751,3,A07,1,0,GRU,43.039798736572266
4,46,90585,2,A07,4,0,GRU,43.039798736572266
4,47,92699,3,A07,1,0,GRU,43.039798736572266
4,48,94758,1,A07,2,0,GRU,43.039798736572266
5,1,251,1,A07,2,0,GRU,43.039798736572266
5,2,2254,1,A07,4,0,GRU,43.039798736572266
5,3,4172,4,A07,4,1,GRU,43.039798736572266
5,4,6124,2,A07,4,0,GRU,43.039798736572266
5,5,8132,1,A07,2,0,GRU,43.039798736572266
5,6,10243,3,A07,2,0,GRU,43.039798736572266
5,7,12160,1,A07,1,1,GRU,43.039798736572266
5,8,14210,3,A07,2,0,GRU,43.039798736572266
5,9,16141,2,A07,2,1,GRU,43.039798736572266
5,10,18139,4,A07,1,0,GRU,43.039798736572266
5,11,20045,1,A07,1,1,GRU,43.039798736572266
5,12,21940,3,A07,2,0,GRU,43.039798736572266
5,13,23912,3,A07,4,0,GRU,43.039798736572266
5,14,25856,1,A07,4,0,GRU,43.039798736572266
5,15,27823,3,A07,1,0,GRU,43.039798736572266
5,16,29943,2,A07,2,1,GRU,43.039798736572266
5,17,31951,4,A07,3,0,GRU,43.039798736572266
5,18,34017,4,A07,1,0,GRU,43.039798736572266
5,19,36053,4,A07,2,0,GRU,43.039798736572266
5,20,38119,3,A07,2,0,GRU,43.039798736572266
5,21,40189,1,A07,2,0,GRU,43.039798736572266
5,22,42269,4,A07,4,1,GRU,43.039798736572266
5,23,44181,2,A07,2,1,GRU,43.039798736572266
5,24,46212,4,A07,2,0,GRU,43.039798736572266
5,25,48165,2,A07,4,0,GRU,43.039798736572266
5,26,50126,1,A07,1,1,GRU,43.039798736572266
5,27,52230,3,A07,2,0,GRU,43.039798736572266
5,28,54234,2,A07,4,0,GRU,43.039798736572266
5,29,56209,1,A07,2,0,GRU,43.039798736572266
5,30,58235,3,A07,2,0,GRU,43.039798736572266
5,31,60306,3,A07,2,0,GRU,43.039798736572266
5,32,62413,1,A07,4,0,GRU,43.039798736572266
5,33,64505,3,A07,4,0,GRU,43.039798736572266
5,34,66596,4,A07,3,0,GRU,43.039798736572266
5,36,70703,2,A07,2,1,GRU,43.039798736572266
5,37,72723,1,A07,3,0,GRU,43.039798736572266
5,38,74695,2,A07,1,0,GRU,43.039798736572266
5,39,76658,4,A07,2,0,GRU,43.039798736572266
5,40,78583,2,A07,2,1,GRU,43.039798736572266
5,41,80664,4,A07,4,1,GRU,43.039798736572266
5,42,82642,3,A07,1,0,GRU,43.039798736572266
5,43,84632,2,A07,2,1,GRU,43.039798736572266
5,44,86751,2,A07,4,0,GRU,43.039798736572266
5,45,88657,2,A07,2,1,GRU,43.039798736572266
5,46,90585,3,A07,1,0,GRU,43.039798736572266
5,47,92699,4,A07,4,1,GRU,43.039798736572266
5,48,94758,1,A07,1,1,GRU,43.039798736572266
6,2,2254,4,A07,3,0,GRU,43.039798736572266
6,3,4172,1,A07,4,0,GRU,43.039798736572266
6,4,6124,3,A07,2,0,GRU,43.039798736572266
6,5,8132,3,A07,3,1,GRU,43.039798736572266
6,6,10243,4,A07,1,0,GRU,43.039798736572266
6,7,12160,1,A07,3,0,GRU,43.039798736572266
6,9,16141,3,A07,4,0,GRU,43.039798736572266
6,10,18139,2,A07,1,0,GRU,43.039798736572266
6,11,20045,4,A07,4,1,GRU,43.039798736572266
6,12,21940,4,A07,1,0,GRU,43.039798736572266
6,13,23912,4,A07,2,0,GRU,43.039798736572266
6,14,25856,2,A07,4,0,GRU,43.039798736572266
6,15,27823,1,A07,2,0,GRU,43.039798736572266
6,16,29943,3,A07,4,0,GRU,43.039798736572266
6,17,31951,2,A07,1,0,GRU,43.039798736572266
6,18,34017,4,A07,3,0,GRU,43.039798736572266
6,19,36053,1,A07,2,0,GRU,43.039798736572266
6,20,38119,4,A07,2,0,GRU,43.039798736572266
6,21,40189,3,A07,4,0,GRU,43.039798736572266
6,23,44181,4,A07,2,0,GRU,43.039798736572266
6,24,46212,4,A07,3,0,GRU,43.039798736572266
6,25,48165,1,A07,2,0,GRU,43.039798736572266
6,26,50126,2,A07,2,1,GRU,43.039798736572266
6,27,52230,2,A07,1,0,GRU,43.039798736572266
6,28,54234,3,A07,2,0,GRU,43.039798736572266
6,29,56209,4,A07,1,0,GRU,43.039798736572266
6,30,58235,2,A07,4,0,GRU,43.039798736572266
6,31,60306,1,A07,3,0,GRU,43.039798736572266
6,32,62413,1,A07,3,0,GRU,43.039798736572266
6,33,64505,4,A07,4,1,GRU,43.039798736572266
6,34,66596,2,A07,1,0,GRU,43.039798736572266
6,35,68639,1,A07,1,1,GRU,43.039798736572266
6,36,70703,3,A07,2,0,GRU,43.039798736572266
6,37,72723,2,A07,2,1,GRU,43.039798736572266
6,38,74695,2,A07,4,0,GRU,43.039798736572266
6,39,76658,3,A07,1,0,GRU,43.039798736572266
6,40,78583,1,A07,4,0,GRU,43.039798736572266
6,41,80664,4,A07,1,0,GRU,43.039798736572266
6,42,82642,3,A07,3,1,GRU,43.039798736572266
6,43,84632,3,A07,1,0,GRU,43.039798736572266
6,44,86751,3,A07,1,0,GRU,43.039798736572266
6,45,88657,3,A07,1,0,GRU,43.039798736572266
6,46,90585,1,A07,1,1,GRU,43.039798736572266
6,47,92699,2,A07,2,1,GRU,43.039798736572266
6,48,94758,1,A07,3,0,GRU,43.039798736572266
7,1,251,2,A07,2,1,GRU,43.039798736572266
7,2,2254,1,A07,3,0,GRU,43.039798736572266
7,3,4172,1,A07,2,0,GRU,43.039798736572266
7,4,6124,3,A07,2,0,GRU,43.039798736572266
7,5,8132,3,A07,3,1,GRU,43.039798736572266
7,6,10243,2,A07,2,1,GRU,43.039798736572266
7,7,12160,3,A07,4,0,GRU,43.039798736572266
7,8,14210,4,A07,1,0,GRU,43.039798736572266
7,9,16141,1,A07,2,0,GRU,43.039798736572266
7,10,18139,4,A07,4,1,GRU,43.039798736572266
7,11,20045,1,A07,4,0,GRU,43.039798736572266
7,12,21940,1,A07,2,0,GRU,43.039798736572266
7,13,23912,2,A07,4,0,GRU,43.039798736572266
7,15,27823,3,A07,1,0,GRU,43.039798736572266
7,16,29943,2,A07,2,1,GRU,43.039798736572266
7,17,31951,4,A07,2,0,GRU,43.039798736572266
7,18,34017,3,A07,1,0,GRU,43.039798736572266
7,19,36053,4,A07,2,0,GRU,43.039798736572266
7,20,38119,3,A07,2,0,GRU,43.039798736572266
7,21,40189,4,A07,1,0,GRU,43.039798736572266
7,22,42269,2,A07,2,1,GRU,43.039798736572266
7,23,44181,2,A07,1,0,GRU,43.039798736572266
7,24,46212,4,A07,4,1,GRU,43.039798736572266
7,25,48165,1,A07,4,0,GRU,43.039798736572266
7,27,52230,2,A07,4,0,GRU,43.039798736572266
7,28,54234,2,A07,1,0,GRU,43.039798736572266
7,29,56209,3,A07,3,1,GRU,43.039798736572266
7,30,58235,4,A07,4,1,GRU,43.039798736572266
7,31,60306,1,A07,2,0,GRU,43.039798736572266
7,32,62413,4,A07,2,0,GRU,43.039798736572266
7,33,64505,1,A07,2,0,GRU,43.039798736572266
7,34,66596,3,A07,1,0,GRU,43.039798736572266
7,35,68639,1,A07,4,0,GRU,43.039798736572266
7,36,70703,4,A07,3,0,GRU,43.039798736572266
7,37,72723,1,A07,2,0,GRU,43.039798736572266
7,38,74695,3,A07,4,0,GRU,43.039798736572266
7,39,76658,1,A07,1,1,GRU,43.039798736572266
7,40,78583,2,A07,4,0,GRU,43.039798736572266
7,41,80664,3,A07,1,0,GRU,43.039798736572266
7,42,82642,3,A07,2,0,GRU,43.039798736572266
7,43,84632,4,A07,4,1,GRU,43.039798736572266
7,44,86751,1,A07,1,1,GRU,43.039798736572266
7,45,88657,2,A07,1,0,GRU,43.039798736572266
7,46,90585,4,A07,1,0,GRU,43.039798736572266
7,47,92699,2,A07,1,0,GRU,43.039798736572266
7,48,94758,3,A07,3,1,GRU,43.039798736572266
8,2,2254,1,A07,2,0,GRU,43.039798736572266
8,3,4172,4,A07,1,0,GRU,43.039798736572266
8,4,6124,2,A07,4,0,GRU,43.039798736572266
8,5,8132,4,A07,2,0,GRU,43.039798736572266
8,6,10243,1,A07,1,1,GRU,43.039798736572266
8,7,12160,1,A07,1,1,GRU,43.039798736572266
8,8,14210,3,A07,2,0,GRU,43.039798736572266
8,9,16141,3,A07,4,0,GRU,43.039798736572266
8,10,18139,2,A07,1,0,GRU,43.039798736572266
8,11,20045,4,A07,1,0,GRU,43.039798736572266
8,12,21940,2,A07,1,0,GRU,43.039798736572266
8,13,23912,2,A07,4,0,GRU,43.039798736572266
8,14,25856,1,A07,2,0,GRU,43.039798736572266
8,15,27823,2,A07,1,0,GRU,43.039798736572266
8,16,29943,4,A07,1,0,GRU,43.039798736572266
8,17,31951,4,A07,4,1,GRU,43.039798736572266
8,18,34017,2,A07,1,0,GRU,43.039798736572266
8,19,36053,2,A07,4,0,GRU,43.039798736572266
8,20,38119,2,A07,3,0,GRU,43.039798736572266
8,21,40189,2,A07,1,0,GRU,43.039798736572266
8,22,42269,4,A07,4,1,GRU,43.039798736572266
8,23,44181,4,A07,3,0,GRU,43.039798736572266
8,24,46212,3,A07,1,0,GRU,43.039798736572266
8,25,48165,4,A07,3,0,GRU,43.039798736572266
8,26,50126,1,A07,2,0,GRU,43.039798736572266
8,27,52230,2,A07,4,0,GRU,43.039798736572266
8,28,54234,3,A07,2,0,GRU,43.039798736572266
8,29,56209,2,A07,2,1,GRU,43.039798736572266
8,30,58235,1,A07,2,0,GRU,43.039798736572266
8,31,60306,4,A07,2,0,GRU,43.039798736572266
8,32,62413,1,A07,4,0,GRU,43.039798736572266
8,33,64505,4,A07,4,1,GRU,43.039798736572266
8,34,66596,1,A07,1,1,GRU,43.039798736572266
8,35,68639,1,A07,1,1,GRU,43.039798736572266
8,36,70703,1,A07,3,0,GRU,43.039798736572266
8,37,72723,1,A07,1,1,GRU,43.039798736572266
8,38,74695,3,A07,2,0,GRU,43.039798736572266
8,39,76658,3,A07,1,0,GRU,43.039798736572266
8,40,78583,4,A07,2,0,GRU,43.039798736572266
8,41,80664,2,A07,1,0,GRU,43.039798736572266
8,42,82642,3,A07,2,0,GRU,43.039798736572266
8,43,84632,3,A07,1,0,GRU,43.039798736572266
8,44,86751,3,A07,2,0,GRU,43.039798736572266
8,45,88657,4,A07,4,1,GRU,43.039798736572266
8,46,90585,3,A07,4,0,GRU,43.039798736572266
8,47,92699,1,A07,4,0,GRU,43.039798736572266
8,48,94758,3,A07,1,0,GRU,43.039798736572266
3,1,251,1,A08,1,1,GRU,43.44439506530762
3,2,2254,2,A08,4,0,GRU,43.44439506530762
3,3,4172,2,A08,3,0,GRU,43.44439506530762
3,4,6124,1,A08,3,0,GRU,43.44439506530762
3,5,8132,2,A08,2,1,GRU,43.44439506530762
3,6,10243,1,A08,1,1,GRU,43.44439506530762
3,7,12160,2,A08,2,1,GRU,43.44439506530762
3,8,14210,3,A08,1,0,GRU,43.44439506530762
3,9,16141,2,A08,3,0,GRU,43.44439506530762
3,11,20045,1,A08,3,0,GRU,43.44439506530762
3,12,21940,3,A08,1,0,GRU,43.44439506530762
3,13,23912,2,A08,2,1,GRU,43.44439506530762
3,14,25856,1,A08,4,0,GRU,43.44439506530762
3,15,27823,4,A08,3,0,GRU,43.44439506530762
3,16,29943,4,A08,3,0,GRU,43.44439506530762
3,17,31951,4,A08,3,0,GRU,43.44439506530762
3,18,34017,4,A08,3,0,GRU,43.44439506530762
3,19,36053,4,A08,2,0,GRU,43.44439506530762
3,21,40189,3,A08,3,1,GRU,43.44439506530762
3,22,42269,2,A08,2,1,GRU,43.44439506530762
3,23,44181,1,A08,1,1,GRU,43.44439506530762
3,24,46212,1,A08,1,1,GRU,43.44439506530762
3,25,48165,3,A08,4,0,GRU,43.44439506530762
3,26,50126,4,A08,4,1,GRU,43.44439506530762
3,27,52230,1,A08,3,0,GRU,43.44439506530762
3,29,56209,3,A08,3,1,GRU,43.44439506530762
3,30,58235,3,A08,1,0,GRU,43.44439506530762
3,31,60306,1,A08,4,0,GRU,43.44439506530762
3,32,62413,2,A08,2,1,GRU,43.44439506530762
3,33,64505,1,A08,3,0,GRU,43.44439506530762
3,34,66596,2,A08,3,0,GRU,43.44439506530762
3,35,68639,2,A08,2,1,GRU,43.44439506530762
3,36,70703,1,A08,3,0,GRU,43.44439506530762
3,37,72723,2,A08,4,0,GRU,43.44439506530762
3,38,74695,3,A08,2,0,GRU,43.44439506530762
3,39,76658,2,A08,2,1,GRU,43.44439506530762
3,40,78583,3,A08,4,0,GRU,43.44439506530762
3,41,80664,3,A08,3,1,GRU,43.44439506530762
3,42,82642,4,A08,3,0,GRU,43.44439506530762
3,43,84632,3,A08,2,0,GRU,43.44439506530762
3,44,86751,3,A08,3,1,GRU,43.44439506530762
3,45,88657,4,A08,3,0,GRU,43.44439506530762
3,46,90585,4,A08,4,1,GRU,43.44439506530762
3,47,92699,4,A08,4,1,GRU,43.44439506530762
3,48,94758,4,A08,2,0,GRU,43.44439506530762
4,1,251,4,A08,4,1,GRU,43.44439506530762
4,2,2254,3,A08,3,1,GRU,43.44439506530762
4,3,4172,2,A08,2,1,GRU,43.44439506530762
4,4,6124,1,A08,1,1,GRU,43.44439506530762
4,5,8132,1,A08,1,1,GRU,43.44439506530762
4,6,10243,2,A08,1,0,GRU,43.44439506530762
4,7,12160,3,A08,1,0,GRU,43.44439506530762
4,8,14210,4,A08,2,0,GRU,43.44439506530762
4,9,16141,2,A08,3,0,GRU,43.44439506530762
4,10,18139,3,A08,4,0,GRU,43.44439506530762
4,11,20045,1,A08,4,0,GRU,43.44439506530762
4,12,21940,1,A08,1,1,GRU,43.44439506530762
4,13,23912,1,A08,3,0,GRU,43.44439506530762
4,14,25856,4,A08,3,0,GRU,43.44439506530762
4,15,27823,2,A08,3,0,GRU,43.44439506530762
4,16,29943,2,A08,2,1,GRU,43.44439506530762
4,17,31951,1,A08,2,0,GRU,43.44439506530762
4,18,34017,1,A08,3,0,GRU,43.44439506530762
4,20,38119,1,A08,1,1,GRU,43.44439506530762
4,21,40189,2,A08,2,1,GRU,43.44439506530762
4,22,42269,4,A08,4,1,GRU,43.44439506530762
4,23,44181,4,A08,2,0,GRU,43.44439506530762
4,24,46212,3,A08,1,0,GRU,43.44439506530762
4,25,48165,1,A08,2,0,GRU,43.44439506530762
4,26,50126,4,A08,2,0,GRU,43.44439506530762
4,27,52230,4,A08,1,0,GRU,43.44439506530762
4,28,54234,2,A08,2,1,GRU,43.44439506530762
4,29,56209,4,A08,1,0,GRU,43.44439506530762
4,30,58235,4,A08,3,0,GRU,43.44439506530762
4,31,60306,2,A08,4,0,GRU,43.44439506530762
4,32,62413,1,A08,3,0,GRU,43.44439506530762
4,33,64505,2,A08,2,1,GRU,43.44439506530762
4,34,66596,3,A08,3,1,GRU,43.44439506530762
4,35,68639,3,A08,4,0,GRU,43.44439506530762
4,36,70703,3,A08,4,0,GRU,43.44439506530762
4,37,72723,4,A08,2,0,GRU,43.44439506530762
4,38,74695,3,A08,1,0,GRU,43.44439506530762
4,39,76658,1,A08,4,0,GRU,43.44439506530762
4,40,78583,4,A08,2,0,GRU,43.44439506530762
4,41,80664,2,A08,4,0,GRU,43.44439506530762
4,42,82642,3,A08,4,0,GRU,43.44439506530762
4,44,86751,3,A08,3,1,GRU,43.44439506530762
4,46,90585,2,A08,3,0,GRU,43.44439506530762
4,47,92699,3,A08,4,0,GRU,43.44439506530762
4,48,94758,1,A08,3,0,GRU,43.44439506530762
5,1,251,1,A08,4,0,GRU,43.44439506530762
5,2,2254,1,A08,2,0,GRU,43.44439506530762
5,3,4172,4,A08,4,1,GRU,43.44439506530762
5,4,6124,2,A08,4,0,GRU,43.44439506530762
5,5,8132,1,A08,1,1,GRU,43.44439506530762
5,6,10243,3,A08,3,1,GRU,43.44439506530762
5,7,12160,1,A08,1,1,GRU,43.44439506530762
5,8,14210,3,A08,4,0,GRU,43.44439506530762
5,9,16141,2,A08,4,0,GRU,43.44439506530762
5,10,18139,4,A08,4,1,GRU,43.44439506530762
5,11,20045,1,A08,1,1,GRU,43.44439506530762
5,12,21940,3,A08,2,0,GRU,43.44439506530762
5,13,23912,3,A08,2,0,GRU,43.44439506530762
5,14,25856,1,A08,1,1,GRU,43.44439506530762
5,15,27823,3,A08,1,0,GRU,43.44439506530762
5,16,29943,2,A08,4,0,GRU,43.44439506530762
5,17,31951,4,A08,1,0,GRU,43.44439506530762
5,18,34017,4,A08,2,0,GRU,43.44439506530762
5,19,36053,4,A08,3,0,GRU,43.44439506530762
5,20,38119,3,A08,1,0,GRU,43.44439506530762
5,21,40189,1,A08,3,0,GRU,43.44439506530762
5,22,42269,4,A08,3,0,GRU,43.44439506530762
5,23,44181,2,A08,2,1,GRU,43.44439506530762
5,25,48165,2,A08,2,1,GRU,43.44439506530762
5,26,50126,1,A08,1,1,GRU,43.44439506530762
5,27,52230,3,A08,4,0,GRU,43.44439506530762
5,28,54234,2,A08,2,1,GRU,43.44439506530762
5,29,56209,1,A08,1,1,GRU,43.44439506530762
5,30,58235,3,A08,2,0,GRU,43.44439506530762
5,31,60306,3,A08,3,1,GRU,43.44439506530762
5,32,62413,1,A08,3,0,GRU,43.44439506530762
5,33,64505,3,A08,2,0,GRU,43.44439506530762
5,34,66596,4,A08,3,0,GRU,43.44439506530762
5,35,68639,4,A08,2,0,GRU,43.44439506530762
5,36,70703,2,A08,4,0,GRU,43.44439506530762
5,37,72723,1,A08,3,0,GRU,43.44439506530762
5,38,74695,2,A08,4,0,GRU,43.44439506530762
5,39,76658,4,A08,3,0,GRU,43.44439506530762
5,40,78583,2,A08,3,0,GRU,43.44439506530762
5,41,80664,4,A08,4,1,GRU,43.44439506530762
5,42,82642,3,A08,2,0,GRU,43.44439506530762
5,43,84632,2,A08,2,1,GRU,43.44439506530762
5,44,86751,2,A08,2,1,GRU,43.44439506530762
5,45,88657,2,A08,2,1,GRU,43.44439506530762
5,46,90585,3,A08,3,1,GRU,43.44439506530762
5,47,92699,4,A08,2,0,GRU,43.44439506530762
5,48,94758,1,A08,3,0,GRU,43.44439506530762
6,1,251,2,A08,3,0,GRU,43.44439506530762
6,3,4172,1,A08,1,1,GRU,43.44439506530762
6,4,6124,3,A08,3,1,GRU,43.44439506530762
6,5,8132,3,A08,4,0,GRU,43.44439506530762
6,6,10243,4,A08,1,0,GRU,43.44439506530762
6,8,14210,1,A08,3,0,GRU,43.44439506530762
6,9,16141,3,A08,2,0,GRU,43.44439506530762
6,10,18139,2,A08,1,0,GRU,43.44439506530762
6,11,20045,4,A08,2,0,GRU,43.44439506530762
6,12,21940,4,A08,4,1,GRU,43.44439506530762
6,13,23912,4,A08,2,0,GRU,43.44439506530762
6,14,25856,2,A08,1,0,GRU,43.44439506530762
6,15,27823,1,A08,2,0,GRU,43.44439506530762
6,16,29943,3,A08,1,0,GRU,43.44439506530762
6,17,31951,2,A08,4,0,GRU,43.44439506530762
6,18,34017,4,A08,2,0,GRU,43.44439506530762
6,19,36053,1,A08,1,1,GRU,43.44439506530762
6,20,38119,4,A08,2,0,GRU,43.44439506530762
6,21,40189,3,A08,1,0,GRU,43.44439506530762
6,22,42269,2,A08,2,1,GRU,43.44439506530762
6,23,44181,4,A08,3,0,GRU,43.44439506530762
6,24,46212,4,A08,1,0,GRU,43.44439506530762
6,25,48165,1,A08,3,0,GRU,43.44439506530762
6,26,50126,2,A08,2,1,GRU,43.44439506530762
6,27,52230,2,A08,1,0,GRU,43.44439506530762
6,28,54234,3,A08,2,0,GRU,43.44439506530762
6,29,56209,4,A08,3,0,GRU,43.44439506530762
6,30,58235,2,A08,2,1,GRU,43.44439506530762
6,32,62413,1,A08,1,1,GRU,43.44439506530762
6,33,64505,4,A08,1,0,GRU,43.44439506530762
6,34,66596,2,A08,2,1,GRU,43.44439506530762
6,35,68639,1,A08,2,0,GRU,43.44439506530762
6,36,70703,3,A08,1,0,GRU,43.44439506530762
6,37,72723,2,A08,2,1,GRU,43.44439506530762
6,38,74695,2,A08,2,1,GRU,43.44439506530762
6,39,76658,3,A08,2,0,GRU,43.44439506530762
6,40,78583,1,A08,2,0,GRU,43.44439506530762
6,41,80664,4,A08,3,0,GRU,43.44439506530762
6,42,82642,3,A08,2,0,GRU,43.44439506530762
6,43,84632,3,A08,3,1,GRU,43.44439506530762
6,44,86751,3,A08,2,0,GRU,43.44439506530762
6,45,88657,3,A08,3,1,GRU,43.44439506530762
6,46,90585,1,A08,2,0,GRU,43.44439506530762
6,47,92699,2,A08,3,0,GRU,43.44439506530762
6,48,94758,1,A08,1,1,GRU,43.44439506530762
7,1,251,2,A08,2,1,GRU,43.44439506530762
7,2,2254,1,A08,1,1,GRU,43.44439506530762
7,3,4172,1,A08,1,1,GRU,43.44439506530762
7,4,6124,3,A08,4,0,GRU,43.44439506530762
7,5,8132,3,A08,4,0,GRU,43.44439506530762
7,6,10243,2,A08,3,0,GRU,43.44439506530762
7,7,12160,3,A08,2,0,GRU,43.44439506530762
7,8,14210,4,A08,2,0,GRU,43.44439506530762
7,9,16141,1,A08,1,1,GRU,43.44439506530762
7,10,18139,4,A08,4,1,GRU,43.44439506530762
7,11,20045,1,A08,3,0,GRU,43.44439506530762
7,12,21940,1,A08,1,1,GRU,43.44439506530762
7,13,23912,2,A08,3,0,GRU,43.44439506530762
7,14,25856,4,A08,1,0,GRU,43.44439506530762
7,15,27823,3,A08,2,0,GRU,43.44439506530762
7,16,29943,2,A08,2,1,GRU,43.44439506530762
7,17,31951,4,A08,4,1,GRU,43.44439506530762
7,18,34017,3,A08,2,0,GRU,43.44439506530762
7,19,36053,4,A08,2,0,GRU,43.44439506530762
7,20,38119,3,A08,2,0,GRU,43.44439506530762
7,21,40189,4,A08,1,0,GRU,43.44439506530762
7,22,42269,2,A08,4,0,GRU,43.44439506530762
7,24,46212,4,A08,4,1,GRU,43.44439506530762
7,25,48165,1,A08,3,0,GRU,43.44439506530762
7,26,50126,2,A08,1,0,GRU,43.44439506530762
7,27,52230,2,A08,1,0,GRU,43.44439506530762
7,28,54234,2,A08,3,0,GRU,43.44439506530762
7,29,56209,3,A08,4,0,GRU,43.44439506530762
7,30,58235,4,A08,4,1,GRU,43.44439506530762
7,31,60306,1,A08,3,0,GRU,43.44439506530762
7,32,62413,4,A08,4,1,GRU,43.44439506530762
7,33,64505,1,A08,3,0,GRU,43.44439506530762
7,34,66596,3,A08,2,0,GRU,43.44439506530762
7,35,68639,1,A08,2,0,GRU,43.44439506530762
7,36,70703,4,A08,2,0,GRU,43.44439506530762
7,37,72723,1,A08,3,0,GRU,43.44439506530762
7,38,74695,3,A08,1,0,GRU,43.44439506530762
7,39,76658,1,A08,3,0,GRU,43.44439506530762
7,40,78583,2,A08,3,0,GRU,43.44439506530762
7,41,80664,3,A08,2,0,GRU,43.44439506530762
7,42,82642,3,A08,4,0,GRU,43.44439506530762
7,43,84632,4,A08,2,0,GRU,43.44439506530762
7,44,86751,1,A08,2,0,GRU,43.44439506530762
7,45,88657,2,A08,3,0,GRU,43.44439506530762
7,46,90585,4,A08,1,0,GRU,43.44439506530762
7,47,92699,2,A08,3,0,GRU,43.44439506530762
7,48,94758,3,A08,1,0,GRU,43.44439506530762
8,1,251,3,A08,3,1,GRU,43.44439506530762
8,3,4172,4,A08,4,1,GRU,43.44439506530762
8,4,6124,2,A08,2,1,GRU,43.44439506530762
8,5,8132,4,A08,1,0,GRU,43.44439506530762
8,6,10243,1,A08,3,0,GRU,43.44439506530762
8,8,14210,3,A08,1,0,GRU,43.44439506530762
8,9,16141,3,A08,3,1,GRU,43.44439506530762
8,10,18139,2,A08,1,0,GRU,43.44439506530762
8,11,20045,4,A08,2,0,GRU,43.44439506530762
8,13,23912,2,A08,1,0,GRU,43.44439506530762
8,14,25856,1,A08,2,0,GRU,43.44439506530762
8,15,27823,2,A08,3,0,GRU,43.44439506530762
8,16,29943,4,A08,2,0,GRU,43.44439506530762
8,17,31951,4,A08,1,0,GRU,43.44439506530762
8,18,34017,2,A08,4,0,GRU,43.44439506530762
8,20,38119,2,A08,1,0,GRU,43.44439506530762
8,21,40189,2,A08,2,1,GRU,43.44439506530762
8,22,42269,4,A08,3,0,GRU,43.44439506530762
8,23,44181,4,A08,1,0,GRU,43.44439506530762
8,24,46212,3,A08,4,0,GRU,43.44439506530762
8,25,48165,4,A08,2,0,GRU,43.44439506530762
8,26,50126,1,A08,2,0,GRU,43.44439506530762
8,27,52230,2,A08,2,1,GRU,43.44439506530762
8,28,54234,3,A08,3,1,GRU,43.44439506530762
8,29,56209,2,A08,3,0,GRU,43.44439506530762
8,30,58235,1,A08,1,1,GRU,43.44439506530762
8,31,60306,4,A08,1,0,GRU,43.44439506530762
8,32,62413,1,A08,4,0,GRU,43.44439506530762
8,33,64505,4,A08,3,0,GRU,43.44439506530762
8,34,66596,1,A08,2,0,GRU,43.44439506530762
8,35,68639,1,A08,3,0,GRU,43.44439506530762
8,36,70703,1,A08,1,1,GRU,43.44439506530762
8,38,74695,3,A08,3,1,GRU,43.44439506530762
8,39,76658,3,A08,4,0,GRU,43.44439506530762
8,40,78583,4,A08,1,0,GRU,43.44439506530762
8,41,80664,2,A08,2,1,GRU,43.44439506530762
8,42,82642,3,A08,1,0,GRU,43.44439506530762
8,43,84632,3,A08,2,0,GRU,43.44439506530762
8,44,86751,3,A08,4,0,GRU,43.44439506530762
8,45,88657,4,A08,1,0,GRU,43.44439506530762
8,47,92699,1,A08,1,1,GRU,43.44439506530762
8,48,94758,3,A08,3,1,GRU,43.44439506530762
3,1,251,1,A09,1,1,GRU,49.982547760009766
3,2,2254,2,A09,3,0,GRU,49.982547760009766
3,3,4172,2,A09,3,0,GRU,49.982547760009766
3,4,6124,1,A09,2,0,GRU,49.982547760009766
3,5,8132,2,A09,3,0,GRU,49.982547760009766
3,6,10243,1,A09,3,0,GRU,49.982547760009766
3,7,12160,2,A09,4,0,GRU,49.982547760009766
3,8,14210,3,A09,3,1,GRU,49.982547760009766
3,9,16141,2,A09,1,0,GRU,49.982547760009766
3,10,18139,4,A09,1,0,GRU,49.982547760009766
3,11,20045,1,A09,4,0,GRU,49.982547760009766
3,12,21940,3,A09,4,0,GRU,49.982547760009766
3,13,23912,2,A09,3,0,GRU,49.982547760009766
3,14,25856,1,A09,2,0,GRU,49.982547760009766
3,15,27823,4,A09,2,0,GRU,49.982547760009766
3,17,31951,4,A09,4,1,GRU,49.982547760009766
3,18,34017,4,A09,4,1,GRU,49.982547760009766
3,19,36053,4,A09,2,0,GRU,49.982547760009766
3,20,38119,1,A09,1,1,GRU,49.982547760009766
3,21,40189,3,A09,4,0,GRU,49.982547760009766
3,22,42269,2,A09,2,1,GRU,49.982547760009766
3,23,44181,1,A09,3,0,GRU,49.982547760009766
3,24,46212,1,A09,4,0,GRU,49.982547760009766
3,25,48165,3,A09,2,0,GRU,49.982547760009766
3,26,50126,4,A09,4,1,GRU,49.982547760009766
3,27,52230,1,A09,2,0,GRU,49.982547760009766
3,28,54234,3,A09,4,0,GRU,49.982547760009766
3,29,56209,3,A09,3,1,GRU,49.982547760009766
3,30,58235,3,A09,4,0,GRU,49.982547760009766
3,31,60306,1,A09,1,1,GRU,49.982547760009766
3,33,64505,1,A09,2,0,GRU,49.982547760009766
3,34,66596,2,A09,4,0,GRU,49.982547760009766
3,35,68639,2,A09,4,0,GRU,49.982547760009766
3,36,70703,1,A09,2,0,GRU,49.982547760009766
3,37,72723,2,A09,3,0,GRU,49.982547760009766
3,38,74695,3,A09,4,0,GRU,49.982547760009766
3,40,78583,3,A09,2,0,GRU,49.982547760009766
3,41,80664,3,A09,4,0,GRU,49.982547760009766
3,42,82642,4,A09,4,1,GRU,49.982547760009766
3,43,84632,3,A09,4,0,GRU,49.982547760009766
3,44,86751,3,A09,4,0,GRU,49.982547760009766
3,45,88657,4,A09,3,0,GRU,49.982547760009766
3,46,90585,4,A09,1,0,GRU,49.982547760009766
3,47,92699,4,A09,3,0,GRU,49.982547760009766
3,48,94758,4,A09,4,1,GRU,49.982547760009766
4,1,251,4,A09,3,0,GRU,49.982547760009766
4,2,2254,3,A09,3,1,GRU,49.982547760009766
4,3,4172,2,A09,4,0,GRU,49.982547760009766
4,4,6124,1,A09,2,0,GRU,49.982547760009766
4,5,8132,1,A09,2,0,GRU,49.982547760009766
4,6,10243,2,A09,3,0,GRU,49.982547760009766
4,7,12160,3,A09,4,0,GRU,49.982547760009766
4,8,14210,4,A09,4,1,GRU,49.982547760009766
4,9,16141,2,A09,1,0,GRU,49.982547760009766
4,10,18139,3,A09,1,0,GRU,49.982547760009766
4,12,21940,1,A09,1,1,GRU,49.982547760009766
4,13,23912,1,A09,1,1,GRU,49.982547760009766
4,14,25856,4,A09,3,0,GRU,49.982547760009766
4,15,27823,2,A09,3,0,GRU,49.982547760009766
4,16,29943,2,A09,4,0,GRU,49.982547760009766
4,17,31951,1,A09,4,0,GRU,49.982547760009766
4,18,34017,1,A09,2,0,GRU,49.982547760009766
4,19,36053,3,A09,2,0,GRU,49.982547760009766
4,20,38119,1,A09,3,0,GRU,49.982547760009766
4,21,40189,2,A09,2,1,GRU,49.982547760009766
4,22,42269,4,A09,4,1,GRU,49.982547760009766
4,23,44181,4,A09,4,1,GRU,49.982547760009766
4,24,46212,3,A09,4,0,GRU,49.982547760009766
4,25,48165,1,A09,1,1,GRU,49.982547760009766
4,26,50126,4,A09,4,1,GRU,49.982547760009766
4,27,52230,4,A09,3,0,GRU,49.982547760009766
4,28,54234,2,A09,4,0,GRU,49.982547760009766
4,29,56209,4,A09,4,1,GRU,49.982547760009766
4,30,58235,4,A09,4,1,GRU,49.982547760009766
4,31,60306,2,A09,4,0,GRU,49.982547760009766
4,32,62413,1,A09,4,0,GRU,49.982547760009766
4,33,64505,2,A09,3,0,GRU,49.982547760009766
4,34,66596,3,A09,1,0,GRU,49.982547760009766
4,35,68639,3,A09,4,0,GRU,49.982547760009766
4,36,70703,3,A09,4,0,GRU,49.982547760009766
4,37,72723,4,A09,3,0,GRU,49.982547760009766
4,38,74695,3,A09,3,1,GRU,49.982547760009766
4,39,76658,1,A09,3,0,GRU,49.982547760009766
4,40,78583,4,A09,3,0,GRU,49.982547760009766
4,41,80664,2,A09,2,1,GRU,49.982547760009766
4,42,82642,3,A09,3,1,GRU,49.982547760009766
4,43,84632,2,A09,4,0,GRU,49.982547760009766
4,44,86751,3,A09,4,0,GRU,49.982547760009766
4,45,88657,4,A09,2,0,GRU,49.982547760009766
4,46,90585,2,A09,2,1,GRU,49.982547760009766
4,47,92699,3,A09,4,0,GRU,49.982547760009766
4,48,94758,1,A09,2,0,GRU,49.982547760009766
5,1,251,1,A09,1,1,GRU,49.982547760009766
5,2,2254,1,A09,1,1,GRU,49.982547760009766
5,3,4172,4,A09,2,0,GRU,49.982547760009766
5,4,6124,2,A09,3,0,GRU,49.982547760009766
5,5,8132,1,A09,1,1,GRU,49.982547760009766
5,6,10243,3,A09,2,0,GRU,49.982547760009766
5,7,12160,1,A09,4,0,GRU,49.982547760009766
5,8,14210,3,A09,4,0,GRU,49.982547760009766
5,10,18139,4,A09,4,1,GRU,49.982547760009766
5,11,20045,1,A09,2,0,GRU,49.982547760009766
5,13,23912,3,A09,4,0,GRU,49.982547760009766
5,14,25856,1,A09,2,0,GRU,49.982547760009766
5,15,27823,3,A09,3,1,GRU,49.982547760009766
5,16,29943,2,A09,4,0,GRU,49.982547760009766
5,17,31951,4,A09,2,0,GRU,49.982547760009766
5,18,34017,4,A09,1,0,GRU,49.982547760009766
5,20,38119,3,A09,1,0,GRU,49.982547760009766
5,21,40189,1,A09,1,1,GRU,49.982547760009766
5,22,42269,4,A09,4,1,GRU,49.982547760009766
5,23,44181,2,A09,2,1,GRU,49.982547760009766
5,24,46212,4,A09,2,0,GRU,49.982547760009766
5,25,48165,2,A09,3,0,GRU,49.982547760009766
5,26,50126,1,A09,1,1,GRU,49.982547760009766
5,27,52230,3,A09,3,1,GRU,49.982547760009766
5,28,54234,2,A09,2,1,GRU,49.982547760009766
5,29,56209,1,A09,1,1,GRU,49.982547760009766
5,30,58235,3,A09,4,0,GRU,49.982547760009766
5,31,60306,3,A09,4,0,GRU,49.982547760009766
5,32,62413,1,A09,1,1,GRU,49.982547760009766
5,33,64505,3,A09,3,1,GRU,49.982547760009766
5,34,66596,4,A09,4,1,GRU,49.982547760009766
5,35,68639,4,A09,2,0,GRU,49.982547760009766
5,37,72723,1,A09,2,0,GRU,49.982547760009766
5,38,74695,2,A09,3,0,GRU,49.982547760009766
5,39,76658,4,A09,3,0,GRU,49.982547760009766
5,40,78583,2,A09,3,0,GRU,49.982547760009766
5,41,80664,4,A09,4,1,GRU,49.982547760009766
5,43,84632,2,A09,1,0,GRU,49.982547760009766
5,44,86751,2,A09,4,0,GRU,49.982547760009766
5,45,88657,2,A09,2,1,GRU,49.982547760009766
5,46,90585,3,A09,1,0,GRU,49.982547760009766
5,47,92699,4,A09,3,0,GRU,49.982547760009766
5,48,94758,1,A09,3,0,GRU,49.982547760009766
6,1,251,2,A09,1,0,GRU,49.982547760009766
6,3,4172,1,A09,4,0,GRU,49.982547760009766
6,4,6124,3,A09,3,1,GRU,49.982547760009766
6,5,8132,3,A09,4,0,GRU,49.982547760009766
6,6,10243,4,A09,3,0,GRU,49.982547760009766
6,7,12160,1,A09,1,1,GRU,49.982547760009766
6,8,14210,1,A09,1,1,GRU,49.982547760009766
6,10,18139,2,A09,3,0,GRU,49.982547760009766
6,11,20045,4,A09,4,1,GRU,49.982547760009766
6,12,21940,4,A09,4,1,GRU,49.982547760009766
6,13,23912,4,A09,4,1,GRU,49.982547760009766
6,14,25856,2,A09,3,0,GRU,49.982547760009766
6,16,29943,3,A09,2,0,GRU,49.982547760009766
6,17,31951,2,A09,2,1,GRU,49.982547760009766
6,18,34017,4,A09,1,0,GRU,49.982547760009766
6,20,38119,4,A09,4,1,GRU,49.982547760009766
6,21,40189,3,A09,4,0,GRU,49.982547760009766
6,22,42269,2,A09,4,0,GRU,49.982547760009766
6,23,44181,4,A09,4,1,GRU,49.982547760009766
6,24,46212,4,A09,4,1,GRU,49.982547760009766
6,25,48165,1,A09,2,0,GRU,49.982547760009766
6,26,50126,2,A09,4,0,GRU,49.982547760009766
6,27,52230,2,A09,4,0,GRU,49.982547760009766
6,28,54234,3,A09,3,1,GRU,49.982547760009766
6,30,58235,2,A09,4,0,GRU,49.982547760009766
6,31,60306,1,A09,4,0,GRU,49.982547760009766
6,32,62413,1,A09,1,1,GRU,49.982547760009766
6,33,64505,4,A09,4,1,GRU,49.982547760009766
6,34,66596,2,A09,2,1,GRU,49.982547760009766
6,35,68639,1,A09,4,0,GRU,49.982547760009766
6,36,70703,3,A09,4,0,GRU,49.982547760009766
6,37,72723,2,A09,3,0,GRU,49.982547760009766
6,38,74695,2,A09,1,0,GRU,49.982547760009766
6,39,76658,3,A09,4,0,GRU,49.982547760009766
6,40,78583,1,A09,3,0,GRU,49.982547760009766
6,41,80664,4,A09,4,1,GRU,49.982547760009766
6,42,82642,3,A09,1,0,GRU,49.982547760009766
6,43,84632,3,A09,4,0,GRU,49.982547760009766
6,44,86751,3,A09,4,0,GRU,49.982547760009766
6,45,88657,3,A09,3,1,GRU,49.982547760009766
6,46,90585,1,A09,4,0,GRU,49.982547760009766
6,47,92699,2,A09,4,0,GRU,49.982547760009766
6,48,94758,1,A09,2,0,GRU,49.982547760009766
7,1,251,2,A09,4,0,GRU,49.982547760009766
7,2,2254,1,A09,3,0,GRU,49.982547760009766
7,3,4172,1,A09,2,0,GRU,49.982547760009766
7,4,6124,3,A09,4,0,GRU,49.982547760009766
7,5,8132,3,A09,3,1,GRU,49.982547760009766
7,7,12160,3,A09,3,1,GRU,49.982547760009766
7,8,14210,4,A09,2,0,GRU,49.982547760009766
7,9,16141,1,A09,2,0,GRU,49.982547760009766
7,10,18139,4,A09,4,1,GRU,49.982547760009766
7,11,20045,1,A09,4,0,GRU,49.982547760009766
7,12,21940,1,A09,1,1,GRU,49.982547760009766
7,13,23912,2,A09,2,1,GRU,49.982547760009766
7,14,25856,4,A09,1,0,GRU,49.982547760009766
7,15,27823,3,A09,1,0,GRU,49.982547760009766
7,16,29943,2,A09,3,0,GRU,49.982547760009766
7,17,31951,4,A09,3,0,GRU,49.982547760009766
7,18,34017,3,A09,4,0,GRU,49.982547760009766
7,19,36053,4,A09,4,1,GRU,49.982547760009766
7,20,38119,3,A09,1,0,GRU,49.982547760009766
7,21,40189,4,A09,4,1,GRU,49.982547760009766
7,22,42269,2,A09,4,0,GRU,49.982547760009766
7,23,44181,2,A09,3,0,GRU,49.982547760009766
7,25,48165,1,A09,2,0,GRU,49.982547760009766
7,26,50126,2,A09,4,0,GRU,49.982547760009766
7,27,52230,2,A09,2,1,GRU,49.982547760009766
7,28,54234,2,A09,3,0,GRU,49.982547760009766
7,29,56209,3,A09,4,0,GRU,49.982547760009766
7,30,58235,4,A09,4,1,GRU,49.982547760009766
7,31,60306,1,A09,2,0,GRU,49.982547760009766
7,32,62413,4,A09,4,1,GRU,49.982547760009766
7,33,64505,1,A09,3,0,GRU,49.982547760009766
7,34,66596,3,A09,4,0,GRU,49.982547760009766
7,36,70703,4,A09,4,1,GRU,49.982547760009766
7,38,74695,3,A09,4,0,GRU,49.982547760009766
7,39,76658,1,A09,4,0,GRU,49.982547760009766
7,41,80664,3,A09,3,1,GRU,49.982547760009766
7,42,82642,3,A09,2,0,GRU,49.982547760009766
7,43,84632,4,A09,4,1,GRU,49.982547760009766
7,44,86751,1,A09,4,0,GRU,49.982547760009766
7,45,88657,2,A09,2,1,GRU,49.982547760009766
7,46,90585,4,A09,4,1,GRU,49.982547760009766
7,47,92699,2,A09,3,0,GRU,49.982547760009766
7,48,94758,3,A09,3,1,GRU,49.982547760009766
8,1,251,3,A09,2,0,GRU,49.982547760009766
8,2,2254,1,A09,1,1,GRU,49.982547760009766
8,3,4172,4,A09,2,0,GRU,49.982547760009766
8,4,6124,2,A09,2,1,GRU,49.982547760009766
8,5,8132,4,A09,2,0,GRU,49.982547760009766
8,6,10243,1,A09,2,0,GRU,49.982547760009766
8,7,12160,1,A09,3,0,GRU,49.982547760009766
8,8,14210,3,A09,4,0,GRU,49.982547760009766
8,9,16141,3,A09,4,0,GRU,49.982547760009766
8,10,18139,2,A09,2,1,GRU,49.982547760009766
8,11,20045,4,A09,4,1,GRU,49.982547760009766
8,12,21940,2,A09,4,0,GRU,49.982547760009766
8,13,23912,2,A09,4,0,GRU,49.982547760009766
8,14,25856,1,A09,1,1,GRU,49.982547760009766
8,15,27823,2,A09,4,0,GRU,49.982547760009766
8,16,29943,4,A09,4,1,GRU,49.982547760009766
8,17,31951,4,A09,4,1,GRU,49.982547760009766
8,18,34017,2,A09,4,0,GRU,49.982547760009766
8,19,36053,2,A09,3,0,GRU,49.982547760009766
8,20,38119,2,A09,4,0,GRU,49.982547760009766
8,21,40189,2,A09,2,1,GRU,49.982547760009766
8,22,42269,4,A09,4,1,GRU,49.982547760009766
8,23,44181,4,A09,2,0,GRU,49.982547760009766
8,24,46212,3,A09,2,0,GRU,49.982547760009766
8,25,48165,4,A09,4,1,GRU,49.982547760009766
8,26,50126,1,A09,2,0,GRU,49.982547760009766
8,27,52230,2,A09,4,0,GRU,49.982547760009766
8,28,54234,3,A09,1,0,GRU,49.982547760009766
8,30,58235,1,A09,2,0,GRU,49.982547760009766
8,32,62413,1,A09,1,1,GRU,49.982547760009766
8,33,64505,4,A09,3,0,GRU,49.982547760009766
8,36,70703,1,A09,4,0,GRU,49.982547760009766
8,37,72723,1,A09,2,0,GRU,49.982547760009766
8,38,74695,3,A09,4,0,GRU,49.982547760009766
8,39,76658,3,A09,3,1,GRU,49.982547760009766
8,40,78583,4,A09,4,1,GRU,49.982547760009766
8,41,80664,2,A09,4,0,GRU,49.982547760009766
8,42,82642,3,A09,3,1,GRU,49.982547760009766
8,43,84632,3,A09,2,0,GRU,49.982547760009766
8,44,86751,3,A09,2,0,GRU,49.982547760009766
8,46,90585,3,A09,3,1,GRU,49.982547760009766
8,47,92699,1,A09,3,0,GRU,49.982547760009766
8,48,94758,3,A09,1,0,GRU,49.982547760009766
