Subject,Condition,EEG_Channel_Index,Band,EOG_Left_Beta,EOG_Central_Beta,EOG_Right_Beta,Intercept
A01,All_Clean,0,4-38Hz,0.2566107743033949,0.3947169456215723,0.2488861208644042,0.007749766856524302
A01,All_Clean,1,4-38Hz,0.37019135728139096,0.2664096286111576,0.15285097836464057,0.0012626527219816337
A01,All_Clean,2,4-38Hz,0.3139939997307312,0.28880556124246387,0.21141250153060748,0.0037946915059776957
A01,All_Clean,3,4-38Hz,0.2751772569134962,0.3000555434481385,0.2668785637873282,8.954292902548987e-05
A01,All_Clean,4,4-38Hz,0.22515510963671595,0.2882330987997733,0.3174904334980129,0.004169738351610317
A01,All_Clean,5,4-38Hz,0.17931701735229527,0.26769633649395796,0.3825375554595311,0.0032102311297155578
A01,All_Clean,6,4-38Hz,0.36022665980820723,0.13067720662517315,0.06636218186463419,0.005828700193830939
A01,All_Clean,7,4-38Hz,0.3088634017654276,0.17924153115351515,0.13410738286428908,-0.0016130990639446233
A01,All_Clean,8,4-38Hz,0.2767375910214411,0.21493931619103424,0.1978667053898823,-0.0026759170427560056
A01,All_Clean,9,4-38Hz,0.25776286176387736,0.22314744612759851,0.2632338280043954,-0.008098817722999346
A01,All_Clean,10,4-38Hz,0.19988651750642616,0.2203025834038395,0.31005648039097417,-0.002498123624469996
A01,All_Clean,11,4-38Hz,0.14863180998556197,0.1836449253502468,0.3707553231845653,-0.0037171977314503077
A01,All_Clean,12,4-38Hz,0.0992741074081437,0.14019964836734417,0.4530095086264942,0.0025779392228342723
A01,All_Clean,13,4-38Hz,0.22414285896660074,0.13091305124583122,0.11802854623931411,-0.00226823680533644
A01,All_Clean,14,4-38Hz,0.21316569371445535,0.15640826037748926,0.18558233643079688,-0.006156561818397054
A01,All_Clean,15,4-38Hz,0.1984443615841523,0.16021884707482334,0.23343764850310503,-0.013161163714475533
A01,All_Clean,16,4-38Hz,0.15921312786990233,0.15367708911627664,0.3019713076917117,-0.006798223212458839
A01,All_Clean,17,4-38Hz,0.11320439648066946,0.1315413437140172,0.35035919686019634,-0.0019981004044114735
A01,All_Clean,18,4-38Hz,0.14517400016277668,0.10447526593568424,0.1646202704817129,-0.006875308647004164
A01,All_Clean,19,4-38Hz,0.1407066058557449,0.11244104250116285,0.21959031854426048,-0.010211650130878821
A01,All_Clean,20,4-38Hz,0.10912885919863338,0.10648643334804625,0.25576489802010516,-0.0041484491869172736
A01,All_Clean,21,4-38Hz,0.07705391537945765,0.08124095089450015,0.18257737588757725,-0.004440310125031439
A01,Theta_Clean,0,4.0-8.0Hz,0.47619706759049274,0.3155348432904866,0.3762588749414485,0.005183649583080066
A01,Theta_Clean,1,4.0-8.0Hz,0.5181671195592593,0.20573584226413355,0.21427685981579273,-0.003976518819342178
A01,Theta_Clean,2,4.0-8.0Hz,0.4815321523594238,0.21348554198671738,0.2966145768956866,-0.0016966829643200166
A01,Theta_Clean,3,4.0-8.0Hz,0.4649977022416715,0.21522769707475992,0.390455339747928,-0.0034767841828136216
A01,Theta_Clean,4,4.0-8.0Hz,0.41489174323783184,0.21028480457451054,0.4415260792778428,0.00020657902535820802
A01,Theta_Clean,5,4.0-8.0Hz,0.3606810590496502,0.20175992251195873,0.5134455650150513,0.0004636940082922335
A01,Theta_Clean,6,4.0-8.0Hz,0.374288194792895,0.11378028400209672,0.06313260132375792,0.0004701131644844572
A01,Theta_Clean,7,4.0-8.0Hz,0.35749657770505616,0.14467108398213568,0.16153999030941643,-0.007669798146485235
A01,Theta_Clean,8,4.0-8.0Hz,0.3595019352973622,0.16042589616942088,0.2499502796619445,-0.00885317268773053
A01,Theta_Clean,9,4.0-8.0Hz,0.36208102429892636,0.1572022473165269,0.3351864515866204,-0.013579671388664756
A01,Theta_Clean,10,4.0-8.0Hz,0.31672770163855735,0.16037043501004714,0.3871050721585507,-0.007483774202856232
A01,Theta_Clean,11,4.0-8.0Hz,0.24906872106971864,0.139882233625276,0.43741770869504615,-0.0070375292931452015
A01,Theta_Clean,12,4.0-8.0Hz,0.1769408257776044,0.10895510180629944,0.5140391637452282,0.000802484481902022
A01,Theta_Clean,13,4.0-8.0Hz,0.20360935085275506,0.11986285197300367,0.12190621100570534,-0.007212663365854238
A01,Theta_Clean,14,4.0-8.0Hz,0.22727458566828448,0.12818268859486978,0.20111306228981035,-0.011807568590861298
A01,Theta_Clean,15,4.0-8.0Hz,0.21946544044615868,0.12332572552745469,0.26065573548348464,-0.01771451316508607
A01,Theta_Clean,16,4.0-8.0Hz,0.19771355632099483,0.12313771385426489,0.312964946084091,-0.011504558475747292
A01,Theta_Clean,17,4.0-8.0Hz,0.14913208896931968,0.11284665295563778,0.3510814634849579,-0.005820694159446318
A01,Theta_Clean,18,4.0-8.0Hz,0.07791195604736496,0.10256131427634983,0.13311476165784789,-0.0107024465305258
A01,Theta_Clean,19,4.0-8.0Hz,0.09676811068848223,0.10262215698565631,0.19227863887304966,-0.01357035529754751
A01,Theta_Clean,20,4.0-8.0Hz,0.0692066751802926,0.10179330711445223,0.22164388031586776,-0.007862326206154745
A01,Theta_Clean,21,4.0-8.0Hz,-0.03417360390043246,0.09043231570834034,0.11649295328675452,-0.0067690900782445326
A01,Alpha_Mu_Clean,0,8.0-13.0Hz,0.3665386353757891,0.4896849159498623,0.35224286696912704,-0.010703213642971734
A01,Alpha_Mu_Clean,1,8.0-13.0Hz,0.5750135011291287,0.29917151778248835,0.21975097025909363,-0.013373113091468337
A01,Alpha_Mu_Clean,2,8.0-13.0Hz,0.48011081241751324,0.359987724058101,0.31048640219737395,-0.014230614111919013
A01,Alpha_Mu_Clean,3,8.0-13.0Hz,0.40526859548445515,0.391661463595235,0.3940425002598302,-0.01614994802418698
A01,Alpha_Mu_Clean,4,8.0-13.0Hz,0.31498100255796263,0.36525822465281266,0.46442282562127807,-0.014883885529596165
A01,Alpha_Mu_Clean,5,8.0-13.0Hz,0.22895431375791586,0.31174177499304945,0.5611895336561419,-0.014472081717180268
A01,Alpha_Mu_Clean,6,8.0-13.0Hz,0.5162121769084028,0.0628256711013212,0.06798095592613057,-0.008988013339370807
A01,Alpha_Mu_Clean,7,8.0-13.0Hz,0.4566977820259212,0.15366022088702438,0.16426501932902599,-0.013141319475232656
A01,Alpha_Mu_Clean,8,8.0-13.0Hz,0.4224677576691399,0.2337209011842848,0.2890138084014859,-0.01511872721525448
A01,Alpha_Mu_Clean,9,8.0-13.0Hz,0.4004921389998124,0.26469902966949305,0.3965277027776448,-0.017412048189589493
A01,Alpha_Mu_Clean,10,8.0-13.0Hz,0.28617415902022175,0.25046506499212184,0.48359996990829535,-0.01569081868557629
A01,Alpha_Mu_Clean,11,8.0-13.0Hz,0.17526524254072848,0.16953888892090108,0.5902347663699271,-0.015061857586462855
A01,Alpha_Mu_Clean,12,8.0-13.0Hz,0.09646341016119292,0.08351436062471906,0.6956487031750516,-0.010479790427543694
A01,Alpha_Mu_Clean,13,8.0-13.0Hz,0.2761723549758767,0.06963666347957514,0.1268436183738517,-0.011168657640629466
A01,Alpha_Mu_Clean,14,8.0-13.0Hz,0.2955497327084181,0.12771898743123497,0.2555838969213966,-0.013615863226476748
A01,Alpha_Mu_Clean,15,8.0-13.0Hz,0.28353762305059044,0.13963868205682967,0.36987641289203305,-0.015005965333010164
A01,Alpha_Mu_Clean,16,8.0-13.0Hz,0.19803358898854273,0.13054224514719726,0.4771871242230291,-0.014054366524113758
A01,Alpha_Mu_Clean,17,8.0-13.0Hz,0.10018355993076684,0.07528793675693551,0.5752486563572827,-0.013157756023554392
A01,Alpha_Mu_Clean,18,8.0-13.0Hz,0.14284117789122006,0.054510298588438144,0.20148089185413984,-0.009705741476405603
A01,Alpha_Mu_Clean,19,8.0-13.0Hz,0.1453306977055944,0.06564752408497154,0.32698519643075075,-0.010823955294694676
A01,Alpha_Mu_Clean,20,8.0-13.0Hz,0.08400441557831734,0.04863040899797233,0.4205626507247464,-0.01097801243514994
A01,Alpha_Mu_Clean,21,8.0-13.0Hz,0.010868300043947548,0.03180872304382509,0.25829789039382783,-0.008662601290413977
A01,Beta_Clean,0,13.0-30.0Hz,0.09491315675631196,0.5963795541287261,0.0998268224053777,0.0013723924533430285
A01,Beta_Clean,1,13.0-30.0Hz,0.22865249765586612,0.4459071646257788,0.048560882807971203,0.0013220130586487524
A01,Beta_Clean,2,13.0-30.0Hz,0.15277428315581026,0.5077412517898096,0.07638337138496319,0.001474492897255894
A01,Beta_Clean,3,13.0-30.0Hz,0.10959331160514367,0.540539841333709,0.0940698616913842,0.0007057024392209962
A01,Beta_Clean,4,13.0-30.0Hz,0.07230939068994714,0.5015043454955703,0.15936429359193668,0.0010897170686924155
A01,Beta_Clean,5,13.0-30.0Hz,0.04894664111367351,0.4434579873191271,0.23628177822709165,0.0008841064498309669
A01,Beta_Clean,6,13.0-30.0Hz,0.307712553473373,0.21409431673841128,0.030583036775202514,0.0011644970781368679
A01,Beta_Clean,7,13.0-30.0Hz,0.2273715229078743,0.31234538714022564,0.0620149436948957,0.0008337013327902318
A01,Beta_Clean,8,13.0-30.0Hz,0.1618934559599418,0.40076277675830657,0.08667369652790399,0.001031434929717076
A01,Beta_Clean,9,13.0-30.0Hz,0.12616259545129202,0.43636498904329635,0.1262684213014451,0.000712082631162674
A01,Beta_Clean,10,13.0-30.0Hz,0.07761116849493045,0.40539721359348363,0.1829509563662679,0.0013536689073787276
A01,Beta_Clean,11,13.0-30.0Hz,0.05458451544583381,0.31735525248531987,0.2686550933335247,0.0013036866260318744
A01,Beta_Clean,12,13.0-30.0Hz,0.03475008866482679,0.24067046868725767,0.3629109421751323,0.0017010841673433857
A01,Beta_Clean,13,13.0-30.0Hz,0.19502912889937746,0.2088393659772363,0.07550815215614484,-0.00019207776011076374
A01,Beta_Clean,14,13.0-30.0Hz,0.14952184711099495,0.2772657533238245,0.12145000710467384,0.0005881530585973899
A01,Beta_Clean,15,13.0-30.0Hz,0.12362393099449724,0.3119995096571285,0.1393176643601268,0.0006734970644743109
A01,Beta_Clean,16,13.0-30.0Hz,0.08587453102119669,0.2654580165307218,0.2458278196254709,0.0015607486736451857
A01,Beta_Clean,17,13.0-30.0Hz,0.05822898732946258,0.20009048001752455,0.3152407240911216,0.00174510958558231
A01,Beta_Clean,18,13.0-30.0Hz,0.13687785370417624,0.1581323897476302,0.15343032541822801,6.444910375982573e-05
A01,Beta_Clean,19,13.0-30.0Hz,0.11484862063185389,0.18569590946999098,0.19669748041426957,0.0006428409096717281
A01,Beta_Clean,20,13.0-30.0Hz,0.08842772087510183,0.15728936422149403,0.24218954900805778,0.0012408247255325416
A01,Beta_Clean,21,13.0-30.0Hz,0.09494668684249355,0.10252607016217999,0.19575552201214605,-0.0003472950207028889
A01,Gamma_Clean,0,30.0-38.0Hz,0.1125894803752213,0.4378803221189926,0.12777873922358607,0.00023362050106668164
A01,Gamma_Clean,1,30.0-38.0Hz,0.18556216372908155,0.3300313644961658,0.0986926000744512,0.00015071096890753046
A01,Gamma_Clean,2,30.0-38.0Hz,0.14229489409158444,0.36398352825509034,0.1063421746558778,0.00010038136866191081
A01,Gamma_Clean,3,30.0-38.0Hz,0.11781886689018005,0.3726667054991046,0.13060470185835155,8.23840638761621e-05
A01,Gamma_Clean,4,30.0-38.0Hz,0.09655459007142589,0.36253635033806736,0.15701213301599745,0.0002063396280564111
A01,Gamma_Clean,5,30.0-38.0Hz,0.09491278483577724,0.3287727274986176,0.20360086562967103,0.00035375168879051336
A01,Gamma_Clean,6,30.0-38.0Hz,0.23000426727857756,0.24827217757923636,0.08353461788681023,0.00024415123798699216
A01,Gamma_Clean,7,30.0-38.0Hz,0.17839801076475273,0.2721497801594965,0.10655930451784933,6.09312295951664e-05
A01,Gamma_Clean,8,30.0-38.0Hz,0.1408923481968226,0.3021054233218862,0.11483525152555853,9.405799675962488e-06
A01,Gamma_Clean,9,30.0-38.0Hz,0.1215955446393485,0.30865764450075717,0.13757491657099077,-2.2437908202250403e-06
A01,Gamma_Clean,10,30.0-38.0Hz,0.09723806373604955,0.3021473139575781,0.16178409985929945,0.00019729800479969362
A01,Gamma_Clean,11,30.0-38.0Hz,0.0915636490966644,0.2731721240289821,0.20581922961703658,0.0003492993920176327
A01,Gamma_Clean,12,30.0-38.0Hz,0.0708406812030945,0.26197992867536407,0.2647928657754746,0.0006345113565346714
A01,Gamma_Clean,13,30.0-38.0Hz,0.15912717951527908,0.2356053758159119,0.11672301620938266,1.4310807407667267e-05
A01,Gamma_Clean,14,30.0-38.0Hz,0.13051177091846883,0.2502202125312716,0.125293190393297,-1.1646147950803593e-05
A01,Gamma_Clean,15,30.0-38.0Hz,0.11734118799879073,0.24472799743030899,0.1415294750907802,1.5465129706851005e-05
A01,Gamma_Clean,16,30.0-38.0Hz,0.09952433972066767,0.24302408830308303,0.1681170770326179,0.00014859984222862
A01,Gamma_Clean,17,30.0-38.0Hz,0.0859003494856713,0.2351914275842144,0.19831240050324067,0.0002438604521952403
A01,Gamma_Clean,18,30.0-38.0Hz,0.1224367943654418,0.19770401546880176,0.13647084798232756,2.1845210532138552e-05
A01,Gamma_Clean,19,30.0-38.0Hz,0.11153257757373572,0.20337452156061273,0.14617871174011984,2.4392708680220125e-05
A01,Gamma_Clean,20,30.0-38.0Hz,0.10319755996299274,0.19118849591971196,0.16002923842245642,6.614549032755369e-05
A01,Gamma_Clean,21,30.0-38.0Hz,0.09820910131502342,0.16487865660671958,0.15147036044499299,3.947352656811936e-06
A02,All_Clean,0,4-38Hz,0.19561888298177313,0.2596227550103396,0.4442530360208312,-0.0019935125460493306
A02,All_Clean,1,4-38Hz,0.29022709021428894,0.14177246756285072,0.3431814212436002,-0.003689259180404689
A02,All_Clean,2,4-38Hz,0.23648943761921745,0.14287190630634755,0.4419790859268527,-0.0037476061444554234
A02,All_Clean,3,4-38Hz,0.20484545539047833,0.14296110498242337,0.513249339286907,-0.0040709559148533825
A02,All_Clean,4,4-38Hz,0.1670417565929806,0.12804774274931252,0.5477092082460017,-0.0031025151976653924
A02,All_Clean,5,4-38Hz,0.13497246729529933,0.11465956782102188,0.6078446651300647,-0.004156025678473601
A02,All_Clean,6,4-38Hz,0.2942697191283476,0.06534923653758806,0.2150892270698855,0.0023995184627863568
A02,All_Clean,7,4-38Hz,0.2475403525602612,0.07815238454413415,0.34917397440625386,-0.0011565906779471369
A02,All_Clean,8,4-38Hz,0.21171016142739327,0.0863334675332661,0.44935996797091216,-0.0058158436891954995
A02,All_Clean,9,4-38Hz,0.1891395041749348,0.07785372785894351,0.5268741545978324,-0.007008617344027656
A02,All_Clean,10,4-38Hz,0.1572470157754991,0.07621118110995895,0.5651748539666502,-0.005456118131394502
A02,All_Clean,11,4-38Hz,0.1314096205413485,0.0597041667439564,0.6120980121843554,-0.0027307951398146254
A02,All_Clean,12,4-38Hz,0.10045881053606943,0.03844167507669649,0.652325740064377,-0.0006660645040888824
A02,All_Clean,13,4-38Hz,0.18917447634434081,0.05002796941272705,0.363953323341345,-0.0012585552935639077
A02,All_Clean,14,4-38Hz,0.1720652809519766,0.054351897874603206,0.44093428552714026,-0.005356394918609112
A02,All_Clean,15,4-38Hz,0.15657753720157758,0.046207058336747486,0.5014851761109831,-0.006734757770611038
A02,All_Clean,16,4-38Hz,0.1376229004850171,0.04482355581323372,0.5373194353002971,-0.005202488009717546
A02,All_Clean,17,4-38Hz,0.11826703454758757,0.03811916052929182,0.5761203920625302,-0.0027321827299232673
A02,All_Clean,18,4-38Hz,0.13045054843354198,0.03445676669555092,0.40263731233841066,-0.005180685851055252
A02,All_Clean,19,4-38Hz,0.1290891654703645,0.033362912216734486,0.46876485656725586,-0.006430939976702503
A02,All_Clean,20,4-38Hz,0.11220199781782887,0.02841669647645112,0.49580351634671027,-0.0052471729676111
A02,All_Clean,21,4-38Hz,0.0935546400760896,0.020915665789600635,0.42242724592661424,-0.006020585237764955
A02,Theta_Clean,0,4.0-8.0Hz,0.2717864096361412,0.25338630916513194,0.43227753352991444,-0.004478159156653474
A02,Theta_Clean,1,4.0-8.0Hz,0.3664317151514169,0.12916381546498915,0.27977583603388056,-0.006233016029035894
A02,Theta_Clean,2,4.0-8.0Hz,0.2945656930874562,0.12749111380315115,0.39832551969083413,-0.0070311592509381075
A02,Theta_Clean,3,4.0-8.0Hz,0.2509308683175386,0.12610955405251567,0.49540985770273327,-0.007599594791510614
A02,Theta_Clean,4,4.0-8.0Hz,0.2020805343253196,0.11286009869835673,0.5448761912434507,-0.006412360040924962
A02,Theta_Clean,5,4.0-8.0Hz,0.15430826430159242,0.10423201074966115,0.6146043791021045,-0.006204506440103728
A02,Theta_Clean,6,4.0-8.0Hz,0.3164027718413721,0.059514984392974354,0.11034372118932495,0.0003952004753049145
A02,Theta_Clean,7,4.0-8.0Hz,0.24510011994327635,0.07076532471635344,0.2690853055220519,-0.0036114062107480143
A02,Theta_Clean,8,4.0-8.0Hz,0.21029281127031874,0.07415348997664556,0.3930563769213705,-0.008894309633423352
A02,Theta_Clean,9,4.0-8.0Hz,0.1831816060388079,0.06352218867808923,0.4844389001305781,-0.010712995407225537
A02,Theta_Clean,10,4.0-8.0Hz,0.151362640730345,0.06415162117633522,0.5313183347222653,-0.008855252792645337
A02,Theta_Clean,11,4.0-8.0Hz,0.11460955824280286,0.05280268019678119,0.5821878197352781,-0.005426804927983653
A02,Theta_Clean,12,4.0-8.0Hz,0.08497985762728635,0.03383428168759167,0.6287697394010848,-0.0023160757277364196
A02,Theta_Clean,13,4.0-8.0Hz,0.11969671699235122,0.049531574718601895,0.2803767487522682,-0.0029048284201030564
A02,Theta_Clean,14,4.0-8.0Hz,0.12043925529531527,0.04903042796410498,0.37391234266143714,-0.007599144285944861
A02,Theta_Clean,15,4.0-8.0Hz,0.10080953704329894,0.04077116881489362,0.44342939475503207,-0.009354222755012588
A02,Theta_Clean,16,4.0-8.0Hz,0.08674101815510961,0.03996015604967748,0.49052599762581395,-0.007752225884784642
A02,Theta_Clean,17,4.0-8.0Hz,0.06596122357342415,0.035663016103527845,0.5311096560720788,-0.0049959329752439175
A02,Theta_Clean,18,4.0-8.0Hz,0.026387696321728073,0.03794979605026924,0.3391999539930347,-0.005960014197312654
A02,Theta_Clean,19,4.0-8.0Hz,0.03644825798522664,0.03435281611553259,0.40962427464956574,-0.0076929821781116575
A02,Theta_Clean,20,4.0-8.0Hz,0.018296182274004123,0.03184514844317474,0.4406959689500616,-0.0068719804401902234
A02,Theta_Clean,21,4.0-8.0Hz,-0.03732067374317999,0.030620571736611285,0.3620420222241411,-0.006180269579194109
A02,Alpha_Mu_Clean,0,8.0-13.0Hz,0.28907937361926406,0.37852677373721333,0.48630757753854886,-0.003133676182621901
A02,Alpha_Mu_Clean,1,8.0-13.0Hz,0.44634557240379197,0.24835522775964136,0.31102691449461034,-0.00529420898505708
A02,Alpha_Mu_Clean,2,8.0-13.0Hz,0.35043005240416314,0.2697137938451418,0.4688356514314548,-0.004425489767802253
A02,Alpha_Mu_Clean,3,8.0-13.0Hz,0.29625857971538394,0.2829233299576619,0.5717920930970227,-0.003469632467666912
A02,Alpha_Mu_Clean,4,8.0-13.0Hz,0.22180245794856324,0.2549123010359614,0.6523202680488842,-0.002943859171997599
A02,Alpha_Mu_Clean,5,8.0-13.0Hz,0.15033835218615657,0.2270139454060378,0.7355065585338079,-0.003212207234403288
A02,Alpha_Mu_Clean,6,8.0-13.0Hz,0.4546102618983225,0.12310747229388236,0.08852155513879327,-0.004473839734680373
A02,Alpha_Mu_Clean,7,8.0-13.0Hz,0.35590030158101005,0.17739107374936774,0.3209883317484828,-0.005637741329190822
A02,Alpha_Mu_Clean,8,8.0-13.0Hz,0.2908102949626377,0.2084395811757756,0.4967801483978637,-0.005217320376988014
A02,Alpha_Mu_Clean,9,8.0-13.0Hz,0.25050772177792147,0.21454728572959658,0.6123049667980545,-0.004607732575898022
A02,Alpha_Mu_Clean,10,8.0-13.0Hz,0.19119013924324121,0.1938745139799456,0.6876331051132771,-0.003566561642368307
A02,Alpha_Mu_Clean,11,8.0-13.0Hz,0.12970748167960297,0.15429899961097127,0.762729278852672,-0.0028449701407618857
A02,Alpha_Mu_Clean,12,8.0-13.0Hz,0.04742694981295328,0.09525049083377213,0.8367213885919357,-0.0014322316285544567
A02,Alpha_Mu_Clean,13,8.0-13.0Hz,0.22062955999327355,0.14458664481402883,0.3664087353971597,-0.004754325040486617
A02,Alpha_Mu_Clean,14,8.0-13.0Hz,0.20208005716390445,0.16069547467006934,0.5023694060421993,-0.004946245778883066
A02,Alpha_Mu_Clean,15,8.0-13.0Hz,0.1745319097044681,0.15573236686360736,0.6010401380057263,-0.00415226952064829
A02,Alpha_Mu_Clean,16,8.0-13.0Hz,0.13920111979093971,0.14017665440868798,0.6753621338100181,-0.0031197501948965548
A02,Alpha_Mu_Clean,17,8.0-13.0Hz,0.0892736107833611,0.11411589844137404,0.7420083860165848,-0.0018036221062440393
A02,Alpha_Mu_Clean,18,8.0-13.0Hz,0.08798430001200416,0.11583263055261572,0.46830117286579886,-0.0032777619523062513
A02,Alpha_Mu_Clean,19,8.0-13.0Hz,0.10306343644348948,0.11571613279823328,0.5800617470654127,-0.002821728850909109
A02,Alpha_Mu_Clean,20,8.0-13.0Hz,0.07045609647098537,0.09434304676683136,0.6370551163586837,-0.0020024997473610424
A02,Alpha_Mu_Clean,21,8.0-13.0Hz,0.0033398783475825653,0.07373102760061567,0.525321190899225,-0.0014611840998362486
A02,Beta_Clean,0,13.0-30.0Hz,0.16576438344881006,0.2768885304015858,0.37857359778022087,-0.0010505446457301918
A02,Beta_Clean,1,13.0-30.0Hz,0.23778727696917337,0.22116811247720908,0.28213235844989765,-0.00030601624608640087
A02,Beta_Clean,2,13.0-30.0Hz,0.18652086911587049,0.24366016487452719,0.33602310802278135,-0.0008945162851433896
A02,Beta_Clean,3,13.0-30.0Hz,0.16381030602394023,0.24559570604728698,0.3821205832787625,-0.0008673757815058191
A02,Beta_Clean,4,13.0-30.0Hz,0.13719061886882059,0.21226045943304306,0.41331902937084225,-0.0008935815497783541
A02,Beta_Clean,5,13.0-30.0Hz,0.12268553861591311,0.16381147381849148,0.49372642753248874,-0.0011962582057619268
A02,Beta_Clean,6,13.0-30.0Hz,0.24227910630536514,0.15074553830081944,0.2193399085575827,0.0008050308628605998
A02,Beta_Clean,7,13.0-30.0Hz,0.21646200068927088,0.16383493836790625,0.2925707687943238,-0.0002998144654207114
A02,Beta_Clean,8,13.0-30.0Hz,0.17845145353749567,0.19417464660348777,0.33640132756362495,-0.0010865792002033713
A02,Beta_Clean,9,13.0-30.0Hz,0.15833972544522343,0.19288997693333526,0.3895368085589826,-0.0010824793244963913
A02,Beta_Clean,10,13.0-30.0Hz,0.13311902844260817,0.17048379848631273,0.43651710864440757,-0.0011211491765856416
A02,Beta_Clean,11,13.0-30.0Hz,0.12448885726284888,0.11363850661734626,0.5112264856092807,-0.0008878337119261389
A02,Beta_Clean,12,13.0-30.0Hz,0.10169638219793455,0.07607818091009189,0.5658493386400473,-0.0012752968300259887
A02,Beta_Clean,13,13.0-30.0Hz,0.18726704237430256,0.11965367425377693,0.3096817752622955,-0.0006163624059520462
A02,Beta_Clean,14,13.0-30.0Hz,0.16075039578791564,0.14019535292205831,0.34791741855103736,-0.0010758044712070403
A02,Beta_Clean,15,13.0-30.0Hz,0.1509697103353811,0.1254496897858977,0.3967668022195062,-0.000730340490287122
A02,Beta_Clean,16,13.0-30.0Hz,0.1352426486560595,0.11212797604136493,0.42925778435102874,-0.000974881185684956
A02,Beta_Clean,17,13.0-30.0Hz,0.12300536483973205,0.0877743430324166,0.4822838509684639,-0.0010790531664263095
A02,Beta_Clean,18,13.0-30.0Hz,0.15175889017967198,0.0834986782673664,0.3350558622159105,-0.0010052296710065542
A02,Beta_Clean,19,13.0-30.0Hz,0.14336891150291287,0.08917700809979334,0.3809577127383069,-0.0007990754895405781
A02,Beta_Clean,20,13.0-30.0Hz,0.13261435190198542,0.06428726038172367,0.41938355840230973,-0.0005357895515369281
A02,Beta_Clean,21,13.0-30.0Hz,0.13386984422302828,0.039939784483172425,0.3733811288563034,-0.00020905782953512645
A02,Gamma_Clean,0,30.0-38.0Hz,0.14062667352520586,0.05502718137089091,0.47276943116986014,-9.167267036728912e-05
A02,Gamma_Clean,1,30.0-38.0Hz,0.17621712119084088,0.05935559125080758,0.3901715531731041,-8.759114926493423e-05
A02,Gamma_Clean,2,30.0-38.0Hz,0.14721251719098472,0.06572859647640855,0.41588518393980645,-0.00011445047787397836
A02,Gamma_Clean,3,30.0-38.0Hz,0.1321678955259747,0.06404010065273819,0.4383000746339908,-5.428259016281797e-05
A02,Gamma_Clean,4,30.0-38.0Hz,0.1142378914168212,0.05574027325092418,0.43943938176884284,-7.379705017075886e-05
A02,Gamma_Clean,5,30.0-38.0Hz,0.11002596156473116,0.043252551938631256,0.4864386716314122,2.5738061655028454e-06
A02,Gamma_Clean,6,30.0-38.0Hz,0.18205576987328229,0.07241472354720269,0.3438582358244366,-0.000130521301182157
A02,Gamma_Clean,7,30.0-38.0Hz,0.15896878900373354,0.06136091769019314,0.38375677521826157,-8.522697628477168e-05
A02,Gamma_Clean,8,30.0-38.0Hz,0.13830121462272135,0.06359912644854815,0.4005215086024028,-7.60533878933942e-05
A02,Gamma_Clean,9,30.0-38.0Hz,0.12651128916644455,0.062109771852727313,0.4222009807505631,7.613393022852977e-05
A02,Gamma_Clean,10,30.0-38.0Hz,0.11263529551094924,0.05946404635397773,0.4362652726375353,2.7254125486124313e-05
A02,Gamma_Clean,11,30.0-38.0Hz,0.10754001885710371,0.053026883662516455,0.46822100081706863,4.939841480927635e-05
A02,Gamma_Clean,12,30.0-38.0Hz,0.09758095230777451,0.06020168259172237,0.49093775896849734,0.00011303945522258836
A02,Gamma_Clean,13,30.0-38.0Hz,0.14078577459747482,0.05843945055232219,0.3895900574475312,-0.00010347007000383656
A02,Gamma_Clean,14,30.0-38.0Hz,0.1274432633685313,0.058509643902094344,0.3943093603858798,-9.518176537809258e-05
A02,Gamma_Clean,15,30.0-38.0Hz,0.12019576070813229,0.05415089010221524,0.4133161405477497,3.654457839472102e-05
A02,Gamma_Clean,16,30.0-38.0Hz,0.11221038283005604,0.052103836676605175,0.4253161107349689,-7.981943386544885e-05
A02,Gamma_Clean,17,30.0-38.0Hz,0.10701913491300716,0.05754804795793256,0.4442291031703748,-0.00011868492281741958
A02,Gamma_Clean,18,30.0-38.0Hz,0.124279407847479,0.053865832914738176,0.3894838356575613,-0.00020008075697174266
A02,Gamma_Clean,19,30.0-38.0Hz,0.1187506524568915,0.05672375166585236,0.401702107308832,-0.00011517217324484523
A02,Gamma_Clean,20,30.0-38.0Hz,0.11298757620650124,0.05119532657259818,0.40711705889995836,-0.0001412739791147712
A02,Gamma_Clean,21,30.0-38.0Hz,0.11625471741923325,0.05382326670511156,0.3926682175447337,-0.0001786148357206276
A03,All_Clean,0,4-38Hz,0.24525104301951048,0.47013836589541835,0.2608746106195538,0.0012048706469993775
A03,All_Clean,1,4-38Hz,0.4114921835271158,0.3135914336516629,0.17254394982987795,-0.005716550140733375
A03,All_Clean,2,4-38Hz,0.3567750862675817,0.32202748410107584,0.23652382797709454,-0.001790355668563578
A03,All_Clean,3,4-38Hz,0.2986413927010201,0.320947511605354,0.3226482267715197,0.001212689130764059
A03,All_Clean,4,4-38Hz,0.24221159618591825,0.29298723645017366,0.40075586551595366,0.006311895737638448
A03,All_Clean,5,4-38Hz,0.19913252458879138,0.26444444356869856,0.4815030704699155,0.005983141254016571
A03,All_Clean,6,4-38Hz,0.5099033846420199,0.1639785607595223,0.14843695101210436,-0.00309225166390054
A03,All_Clean,7,4-38Hz,0.4379959163598432,0.20499697699451258,0.17551527289470062,-0.006872979515905018
A03,All_Clean,8,4-38Hz,0.37492587879647366,0.22285093914219872,0.25961750909541026,-0.0018569723365415205
A03,All_Clean,9,4-38Hz,0.3124101762442301,0.21568858317381895,0.3658599589935113,0.0009300635234327894
A03,All_Clean,10,4-38Hz,0.24441171055884917,0.19204215946215286,0.4492972534967272,0.005879072655335586
A03,All_Clean,11,4-38Hz,0.194897588656479,0.15064248677323971,0.5486519149050714,0.009576711255624553
A03,All_Clean,12,4-38Hz,0.20716469086190345,0.10191515378355015,0.5919617567918156,0.016320854472788072
A03,All_Clean,13,4-38Hz,0.396022797044559,0.14742708055281756,0.22236636963139836,-0.0014252286314202175
A03,All_Clean,14,4-38Hz,0.3399951571547326,0.1579421817449389,0.2919221254762296,0.0009608721608125559
A03,All_Clean,15,4-38Hz,0.28192892284826937,0.14662305994949992,0.39427883200078484,0.003908976068210589
A03,All_Clean,16,4-38Hz,0.21861390816524,0.12674421035547467,0.49020337320050433,0.008158084023226275
A03,All_Clean,17,4-38Hz,0.17146053710200004,0.09597226569650968,0.5732800183752115,0.01148325248928953
A03,All_Clean,18,4-38Hz,0.29958548204500035,0.11049509678698871,0.3409543713007594,0.007489805161559375
A03,All_Clean,19,4-38Hz,0.2532009707655592,0.10581329386747962,0.4165245936654458,0.010042936175772189
A03,All_Clean,20,4-38Hz,0.2061489213860432,0.08107807258960087,0.48522433035213475,0.013293491504600343
A03,All_Clean,21,4-38Hz,0.22932772475756752,0.07197053656662716,0.4175898695441052,0.016427692453826723
A03,Theta_Clean,0,4.0-8.0Hz,0.2515557875246854,0.4356116909071231,0.25997123538108774,-0.0025123032413417144
A03,Theta_Clean,1,4.0-8.0Hz,0.3597939692683719,0.3046744640761085,0.08861166881905705,-0.009422834540086494
A03,Theta_Clean,2,4.0-8.0Hz,0.30861989542308754,0.2893705561966867,0.18883829727114035,-0.005692692708159414
A03,Theta_Clean,3,4.0-8.0Hz,0.2573498652018908,0.2741141875780506,0.31732050807495205,-0.002849553197013895
A03,Theta_Clean,4,4.0-8.0Hz,0.17480412316956473,0.24641147644770467,0.4080091252042125,0.0014928326298195072
A03,Theta_Clean,5,4.0-8.0Hz,0.10009582997602856,0.2252071089739195,0.5102336930836605,0.0012090042367143207
A03,Theta_Clean,6,4.0-8.0Hz,0.3514811541961162,0.17283104290833481,0.04953160345957574,-0.00542388861647146
A03,Theta_Clean,7,4.0-8.0Hz,0.2522822534186788,0.2047619815450743,0.10443604953202286,-0.010398262590404918
A03,Theta_Clean,8,4.0-8.0Hz,0.2149899185958257,0.20190182957215363,0.1982380502328559,-0.005641255041637084
A03,Theta_Clean,9,4.0-8.0Hz,0.18750372607907123,0.18130441000340652,0.3087483502511253,-0.0027420996937819755
A03,Theta_Clean,10,4.0-8.0Hz,0.10675828933332085,0.16533504194692672,0.3913036757548163,0.0014798895545962093
A03,Theta_Clean,11,4.0-8.0Hz,0.04640276353116437,0.13648834226576867,0.4932686088249486,0.00453063412458703
A03,Theta_Clean,12,4.0-8.0Hz,0.027477265867383728,0.08372300411479988,0.5857405659109342,0.010643548811365974
A03,Theta_Clean,13,4.0-8.0Hz,0.13270171605454414,0.15864964574806087,0.11748212906556686,-0.004938080833809403
A03,Theta_Clean,14,4.0-8.0Hz,0.11216843410780647,0.15513172841473613,0.19334841260127508,-0.0024639351592396085
A03,Theta_Clean,15,4.0-8.0Hz,0.08455600775814298,0.13928061880496456,0.2871318244223066,0.00023759766352682182
A03,Theta_Clean,16,4.0-8.0Hz,0.04137450842359922,0.12686328553457082,0.36234803164602636,0.0037969758900578236
A03,Theta_Clean,17,4.0-8.0Hz,-0.006612745194864655,0.10438610656555747,0.44163507018582104,0.007131581320427593
A03,Theta_Clean,18,4.0-8.0Hz,0.01489418401222607,0.12795696561854397,0.184893501927594,0.003740576557077027
A03,Theta_Clean,19,4.0-8.0Hz,0.004162548127073725,0.1202623189475005,0.25305954644128775,0.006340490183734368
A03,Theta_Clean,20,4.0-8.0Hz,-0.04279693991483504,0.10137042473390917,0.3115382998324322,0.009748367498468427
A03,Theta_Clean,21,4.0-8.0Hz,-0.08858327964644332,0.102237981736268,0.21038599975978692,0.012216874845136186
A03,Alpha_Mu_Clean,0,8.0-13.0Hz,0.09781181347370593,0.7436970362565183,0.1464107298650796,-0.0035195770954426202
A03,Alpha_Mu_Clean,1,8.0-13.0Hz,0.3432187421367189,0.5008512282408042,-0.08174853253768757,-0.00698006353742966
A03,Alpha_Mu_Clean,2,8.0-13.0Hz,0.1953432794789225,0.5896467236411652,0.04313794300593849,-0.006372633102525921
A03,Alpha_Mu_Clean,3,8.0-13.0Hz,0.08668708469085509,0.6204313199010046,0.20884416006717893,-0.005946115652211475
A03,Alpha_Mu_Clean,4,8.0-13.0Hz,-0.043612572206631485,0.5348163744965846,0.4086691017318298,-0.004924502941283691
A03,Alpha_Mu_Clean,5,8.0-13.0Hz,-0.12178834628417039,0.4146577341588378,0.610000890612653,-0.0038372431479515995
A03,Alpha_Mu_Clean,6,8.0-13.0Hz,0.4865403392895472,0.16426630236245043,-0.11318892309230386,-0.006243150768244493
A03,Alpha_Mu_Clean,7,8.0-13.0Hz,0.32062963820817525,0.2727364043723066,-0.09894780696171807,-0.008025283397070399
A03,Alpha_Mu_Clean,8,8.0-13.0Hz,0.13796427785155202,0.3776966521777795,0.11008602393324189,-0.007573026125963721
A03,Alpha_Mu_Clean,9,8.0-13.0Hz,0.002344695795754832,0.4238733040861036,0.33666610641605477,-0.006988639124614033
A03,Alpha_Mu_Clean,10,8.0-13.0Hz,-0.16013013472057933,0.30163678495440527,0.6102681476678279,-0.005663186835119199
A03,Alpha_Mu_Clean,11,8.0-13.0Hz,-0.2643724490401971,0.13919518232107098,0.8825033274148663,-0.0036658241811934507
A03,Alpha_Mu_Clean,12,8.0-13.0Hz,-0.20038312408886305,0.0064006230949076315,0.9780777055356957,-0.0015189742175875087
A03,Alpha_Mu_Clean,13,8.0-13.0Hz,0.13919210963968415,0.13718151614692636,0.05247215058340312,-0.007305676835661432
A03,Alpha_Mu_Clean,14,8.0-13.0Hz,0.0033345459618937296,0.19745703419804822,0.23519244031265785,-0.006865569089464403
A03,Alpha_Mu_Clean,15,8.0-13.0Hz,-0.13041573987786595,0.1900540489842859,0.49139977898152315,-0.0054134194331850105
A03,Alpha_Mu_Clean,16,8.0-13.0Hz,-0.24738204259849683,0.10918557489979175,0.737533333679546,-0.004748956746981311
A03,Alpha_Mu_Clean,17,8.0-13.0Hz,-0.3400748504427646,-0.012719791672779923,0.971500352599119,-0.003969392454400655
A03,Alpha_Mu_Clean,18,8.0-13.0Hz,-0.12230719643702152,0.05044540418455573,0.37575906366561584,-0.006175990430766321
A03,Alpha_Mu_Clean,19,8.0-13.0Hz,-0.2055557032739031,0.039064197700233005,0.5655690104285893,-0.005316490079034449
A03,Alpha_Mu_Clean,20,8.0-13.0Hz,-0.3095514332819974,-0.04599284643024504,0.7778787539359773,-0.004451333269416869
A03,Alpha_Mu_Clean,21,8.0-13.0Hz,-0.25400914508168104,-0.07654446308044521,0.5833542952569123,-0.006141615152428648
A03,Beta_Clean,0,13.0-30.0Hz,0.1629067083022771,0.6206930463589736,0.1983430100919689,0.0006029831167911714
A03,Beta_Clean,1,13.0-30.0Hz,0.35387789713963497,0.3992352792266628,0.19098986302756404,0.0009266999205202805
A03,Beta_Clean,2,13.0-30.0Hz,0.2642034025434396,0.5025320012127545,0.18577721436439054,0.0004277538046386518
A03,Beta_Clean,3,13.0-30.0Hz,0.1992042336429803,0.545827068293839,0.22010402278876653,-5.3374667143858035e-05
A03,Beta_Clean,4,13.0-30.0Hz,0.16532798183459219,0.5232949525417788,0.27299279772822077,0.00020111364089218624
A03,Beta_Clean,5,13.0-30.0Hz,0.17051848462871205,0.45775021385649584,0.3429378771715696,-0.00011975615861095122
A03,Beta_Clean,6,13.0-30.0Hz,0.48583240890871615,0.2293012834088265,0.1877953154023418,-0.0005213020605506046
A03,Beta_Clean,7,13.0-30.0Hz,0.4590499020179278,0.2583004916801757,0.18830879453462673,0.00019120759943304074
A03,Beta_Clean,8,13.0-30.0Hz,0.3634462852007817,0.3609405436782428,0.20559190469697877,-0.0004659039575692323
A03,Beta_Clean,9,13.0-30.0Hz,0.2662541590899128,0.41592577594731345,0.26702371851316553,-0.0009289984917852096
A03,Beta_Clean,10,13.0-30.0Hz,0.24089260206405108,0.3731824765440492,0.32805445139255446,-0.0002751595629673059
A03,Beta_Clean,11,13.0-30.0Hz,0.23580407019244956,0.29015789403877623,0.4227807073563823,0.0004683147768722523
A03,Beta_Clean,12,13.0-30.0Hz,0.2455184383459444,0.27106014188657135,0.43216302760197295,0.0011572789050613135
A03,Beta_Clean,13,13.0-30.0Hz,0.48547540706827125,0.16286838069506993,0.2340724482179144,-0.0011518416469567482
A03,Beta_Clean,14,13.0-30.0Hz,0.40018784378873534,0.23495372042079965,0.2561183788699955,-0.0014876801565203704
A03,Beta_Clean,15,13.0-30.0Hz,0.33291950455772673,0.248770679052218,0.32644511406685045,-0.001408925178165569
A03,Beta_Clean,16,13.0-30.0Hz,0.2779654022169613,0.22035798113765143,0.4176213890214198,-0.00032146681764003924
A03,Beta_Clean,17,13.0-30.0Hz,0.25583786430234456,0.17357654940552764,0.49012147895422264,0.00021459221971847366
A03,Beta_Clean,18,13.0-30.0Hz,0.4226522937037265,0.1191866094420232,0.3354808812398808,-0.0018751494519968035
A03,Beta_Clean,19,13.0-30.0Hz,0.3538971098729112,0.14403365497843956,0.3897451943743731,-0.0016795343165631133
A03,Beta_Clean,20,13.0-30.0Hz,0.3322322794887221,0.11332237698759273,0.43849140917206125,-0.0014152847946567895
A03,Beta_Clean,21,13.0-30.0Hz,0.37810360230447343,0.06111045730132986,0.4184844783869847,-0.001966452373860373
A03,Gamma_Clean,0,30.0-38.0Hz,0.2975688705934297,0.3800044505016623,0.2997574605050311,0.0003177188694543982
A03,Gamma_Clean,1,30.0-38.0Hz,0.36369704582653367,0.2568412295387787,0.3397178750759968,0.0004849009202769864
A03,Gamma_Clean,2,30.0-38.0Hz,0.33476817923197427,0.3164927998761663,0.3109849228973436,0.0004095659524556992
A03,Gamma_Clean,3,30.0-38.0Hz,0.3197557796526513,0.3244461855147274,0.3203914277561658,0.0003961617991147701
A03,Gamma_Clean,4,30.0-38.0Hz,0.3045068118926852,0.34880701483665355,0.308708373502222,0.00038304506396317784
A03,Gamma_Clean,5,30.0-38.0Hz,0.3234670796303008,0.33561336067894276,0.31226595366179793,0.00019869984585177408
A03,Gamma_Clean,6,30.0-38.0Hz,0.3856521899571666,0.25922553737592285,0.31067708203604766,0.00016710289867236618
A03,Gamma_Clean,7,30.0-38.0Hz,0.37944040941559115,0.2470120711878513,0.3277478813093805,0.0006044250577291801
A03,Gamma_Clean,8,30.0-38.0Hz,0.3545576748978601,0.28987282254741753,0.3193009609829719,0.00048395620184300787
A03,Gamma_Clean,9,30.0-38.0Hz,0.340069044091323,0.29288457928659517,0.33382625086205947,0.00048504217686502245
A03,Gamma_Clean,10,30.0-38.0Hz,0.32517115012979053,0.3103277233705276,0.3209587819721028,0.0004443088824954722
A03,Gamma_Clean,11,30.0-38.0Hz,0.34082292697982186,0.2979243701081622,0.3256745869240753,0.0004538140201245245
A03,Gamma_Clean,12,30.0-38.0Hz,0.3436565508246007,0.3375824494349174,0.28780647332892256,0.0004522220794943538
A03,Gamma_Clean,13,30.0-38.0Hz,0.3865179437178787,0.23100089652363054,0.3318317492614564,0.0005895078692691388
A03,Gamma_Clean,14,30.0-38.0Hz,0.35615866917498684,0.26119073449759184,0.32566212984146187,0.0005146302821199726
A03,Gamma_Clean,15,30.0-38.0Hz,0.3514241344799211,0.25712826359849156,0.34152567256162614,0.000492637537043211
A03,Gamma_Clean,16,30.0-38.0Hz,0.3389842051932947,0.264834178789666,0.34831869331330917,0.0005499747872450578
A03,Gamma_Clean,17,30.0-38.0Hz,0.33259982935150667,0.2712144671213339,0.34786979248162586,0.0005154790998405104
A03,Gamma_Clean,18,30.0-38.0Hz,0.37309300510678806,0.22879870238785016,0.34913578377449805,0.0006708990148363024
A03,Gamma_Clean,19,30.0-38.0Hz,0.35865330762891,0.24476537352202254,0.34835861850077793,0.0006061898317590212
A03,Gamma_Clean,20,30.0-38.0Hz,0.3552945583781239,0.23059378535171893,0.35248113077576954,0.0005499359242458428
A03,Gamma_Clean,21,30.0-38.0Hz,0.3617742146715052,0.2263717463727805,0.3539985250866333,0.0007008305879411932
A04,All_Clean,0,4-38Hz,0.13498785455576603,0.4803422220708582,0.17399876728034133,-0.0004744221544474843
A04,All_Clean,1,4-38Hz,0.1951849448673779,0.318730148103679,0.09577067061309447,0.003639808774632817
A04,All_Clean,2,4-38Hz,0.1597945687284776,0.3437768811670356,0.12884192997287958,-0.00022622240871688674
A04,All_Clean,3,4-38Hz,0.1332973240750252,0.35782433761321464,0.17672938569759045,-0.0010901434899470589
A04,All_Clean,4,4-38Hz,0.08163317803991715,0.3547895261318098,0.21466239857453662,-0.00012949175466893758
A04,All_Clean,5,4-38Hz,0.05628328361122565,0.3092505766876647,0.3095092291996191,0.0022554658535932593
A04,All_Clean,6,4-38Hz,0.1897803504685404,0.15976089898691975,0.06448087321762325,0.013061076735407462
A04,All_Clean,7,4-38Hz,0.14066764831785186,0.22747801153318756,0.07324700774951519,0.008877472305282045
A04,All_Clean,8,4-38Hz,0.10703993842458581,0.2575789858528443,0.12263609481207664,0.003024028597677555
A04,All_Clean,9,4-38Hz,0.08702866177856057,0.2611654817802023,0.17721379301488013,0.000838799298779763
A04,All_Clean,10,4-38Hz,0.04137124151013288,0.2560629960350882,0.22140118773008746,0.003603107534907635
A04,All_Clean,11,4-38Hz,0.014345488937976708,0.2133096922845008,0.2942343222037103,0.0069445663683113355
A04,All_Clean,12,4-38Hz,0.00022667986388937413,0.15074258288089615,0.36392379428069693,0.008931897909449123
A04,All_Clean,13,4-38Hz,0.05471415177241166,0.1659446473143627,0.07370962877838849,0.01241200898708753
A04,All_Clean,14,4-38Hz,0.030470020720467485,0.2022613236620211,0.08861706317774708,0.006435520543410171
A04,All_Clean,15,4-38Hz,0.012448025181441984,0.1957144174415291,0.14198135590115285,0.007663215064711893
A04,All_Clean,16,4-38Hz,-0.027624429436757185,0.18491699153977215,0.20073124770891596,0.007624217133994923
A04,All_Clean,17,4-38Hz,-0.05754881255757951,0.15570830817050157,0.2670095904983597,0.010196848581572396
A04,All_Clean,18,4-38Hz,-0.06382289914101405,0.1443872662657272,0.060189984925068676,0.007539101689203515
A04,All_Clean,19,4-38Hz,-0.07274520993197599,0.1489267181434258,0.10766593931313127,0.006690414321004536
A04,All_Clean,20,4-38Hz,-0.10682881913081335,0.12270661719744225,0.15980716525939412,0.007098950413049938
A04,All_Clean,21,4-38Hz,-0.12921475237910787,0.08479084178441003,0.10231915393070724,0.003232842648773034
A04,Theta_Clean,0,4.0-8.0Hz,0.24290879976927424,0.39121566464810204,0.23780521680554592,0.0008338161859705737
A04,Theta_Clean,1,4.0-8.0Hz,0.24682231796605128,0.2640701982071369,0.08018307222515107,0.004567609317933204
A04,Theta_Clean,2,4.0-8.0Hz,0.1885154940660145,0.27850868679906104,0.1378932929985404,0.0010334245033932355
A04,Theta_Clean,3,4.0-8.0Hz,0.1595133985362629,0.27860305288872783,0.2216822092791686,4.3305242218966075e-05
A04,Theta_Clean,4,4.0-8.0Hz,0.11660328644000881,0.2586624847831375,0.2980755877608524,0.00030609701289671296
A04,Theta_Clean,5,4.0-8.0Hz,0.10449430304927611,0.2165727137917577,0.40389340718346406,0.001509455629969856
A04,Theta_Clean,6,4.0-8.0Hz,0.17822139127153824,0.15469645011184432,-0.009387546374569698,0.011748962710127266
A04,Theta_Clean,7,4.0-8.0Hz,0.08651575261550723,0.21981454528515196,0.022454628314359317,0.00908673509759646
A04,Theta_Clean,8,4.0-8.0Hz,0.04100502049478507,0.24151266880743977,0.0760112811067956,0.003990729249091437
A04,Theta_Clean,9,4.0-8.0Hz,0.007366083750640388,0.23832421375073037,0.1414004721037228,0.001912221835798702
A04,Theta_Clean,10,4.0-8.0Hz,-0.011172453590902142,0.21803634854300757,0.222325796076061,0.0034267943285532987
A04,Theta_Clean,11,4.0-8.0Hz,-0.012795294190314367,0.1665080616666479,0.3303626658709914,0.0052114899211362685
A04,Theta_Clean,12,4.0-8.0Hz,-0.0015713476361921036,0.08490082303077173,0.43601200154062436,0.005539839876781109
A04,Theta_Clean,13,4.0-8.0Hz,-0.09897484225106078,0.22493508229009967,-0.04684121920871444,0.012944237313112544
A04,Theta_Clean,14,4.0-8.0Hz,-0.12634715334843769,0.2342705980246259,-0.00014286738812479123,0.00784799663178442
A04,Theta_Clean,15,4.0-8.0Hz,-0.15645039493922813,0.23107572741785015,0.04877795957193446,0.00897644986020223
A04,Theta_Clean,16,4.0-8.0Hz,-0.15628598576524314,0.2080493471257256,0.13327840013279219,0.007741266525184988
A04,Theta_Clean,17,4.0-8.0Hz,-0.15008474187602247,0.16786725916746517,0.22825784870480825,0.008513696680063682
A04,Theta_Clean,18,4.0-8.0Hz,-0.29916003042502154,0.24098656097856194,-0.08338361339181274,0.009661005724208646
A04,Theta_Clean,19,4.0-8.0Hz,-0.2991403242896736,0.23653321362700455,-0.02973642926822763,0.008732315659151767
A04,Theta_Clean,20,4.0-8.0Hz,-0.32304244644982993,0.21785262070593708,0.019455554254225293,0.008045062899144554
A04,Theta_Clean,21,4.0-8.0Hz,-0.4042248465569394,0.23103272820452714,-0.09628532748378328,0.006008065600626484
A04,Alpha_Mu_Clean,0,8.0-13.0Hz,0.2677896399237509,0.5061345483998814,0.23388635217855702,-0.009854882940357955
A04,Alpha_Mu_Clean,1,8.0-13.0Hz,0.3345946853819196,0.32250829119732644,0.10251337363155565,-0.010688843909107173
A04,Alpha_Mu_Clean,2,8.0-13.0Hz,0.30151225005386795,0.35810345519450226,0.17174515899915957,-0.011973229700824659
A04,Alpha_Mu_Clean,3,8.0-13.0Hz,0.282327251950644,0.3623687434145097,0.2659775514862834,-0.012589725813522041
A04,Alpha_Mu_Clean,4,8.0-13.0Hz,0.20873961241462383,0.3135887528367441,0.3635281630478003,-0.012112826389885716
A04,Alpha_Mu_Clean,5,8.0-13.0Hz,0.16917813328548328,0.22400054310434486,0.48811717960744194,-0.010998240004086444
A04,Alpha_Mu_Clean,6,8.0-13.0Hz,0.2523300682852737,0.16103586645350101,0.0002674769001235098,-0.00682054711143181
A04,Alpha_Mu_Clean,7,8.0-13.0Hz,0.21500358555776367,0.22727551669387433,0.056152393780584904,-0.0091519156554068
A04,Alpha_Mu_Clean,8,8.0-13.0Hz,0.20315175873084454,0.2705925240100843,0.13508640420391035,-0.010679019475082598
A04,Alpha_Mu_Clean,9,8.0-13.0Hz,0.20509453929999039,0.26987153671565517,0.23197736060697371,-0.011374801185804093
A04,Alpha_Mu_Clean,10,8.0-13.0Hz,0.14547903143397292,0.21317626756791586,0.3318011777366808,-0.01081183587754479
A04,Alpha_Mu_Clean,11,8.0-13.0Hz,0.09323054151172619,0.10447576384379637,0.4662750895585132,-0.009995718924251338
A04,Alpha_Mu_Clean,12,8.0-13.0Hz,0.04910625508687959,0.009620481973209194,0.5719506071083073,-0.008182943506456397
A04,Alpha_Mu_Clean,13,8.0-13.0Hz,0.03508136083832167,0.1886355849602479,-0.011996787595157798,-0.00820337931616098
A04,Alpha_Mu_Clean,14,8.0-13.0Hz,0.04497417627057586,0.21368867931763552,0.06957483400358,-0.008701889070871884
A04,Alpha_Mu_Clean,15,8.0-13.0Hz,0.047692176291835996,0.19691108031883212,0.15263605629627217,-0.007910575839396902
A04,Alpha_Mu_Clean,16,8.0-13.0Hz,0.016643472369160077,0.14217924749159946,0.26339443157587245,-0.00882872398599493
A04,Alpha_Mu_Clean,17,8.0-13.0Hz,-0.0319986222624922,0.06352359146425293,0.3759707026122138,-0.008854325251595905
A04,Alpha_Mu_Clean,18,8.0-13.0Hz,-0.1614847663357174,0.15977353386538964,-0.03232582866564343,-0.008482537971078941
A04,Alpha_Mu_Clean,19,8.0-13.0Hz,-0.1335912430142103,0.1458781346603848,0.06287336824226968,-0.007596399179569331
A04,Alpha_Mu_Clean,20,8.0-13.0Hz,-0.16986184483676522,0.07846348608851506,0.1439004124101727,-0.008572102861549582
A04,Alpha_Mu_Clean,21,8.0-13.0Hz,-0.290358512454616,0.08314052521202443,-0.021052893567922455,-0.009013101633988541
A04,Beta_Clean,0,13.0-30.0Hz,0.0017197282942688183,0.6396675428606594,0.12630833404393554,0.0003875397799719209
A04,Beta_Clean,1,13.0-30.0Hz,0.08141937032863032,0.4870313764430676,0.07779888249012634,0.0002749381185568056
A04,Beta_Clean,2,13.0-30.0Hz,0.059928900137784555,0.5336164268228921,0.08658361798710149,0.0004907150166772329
A04,Beta_Clean,3,13.0-30.0Hz,0.03861318595199545,0.5653148725714061,0.10747872514901383,0.0002993100704466415
A04,Beta_Clean,4,13.0-30.0Hz,-0.012104339340337243,0.5861890598056716,0.11323223665121929,0.00045476924447331545
A04,Beta_Clean,5,13.0-30.0Hz,-0.03375835581478928,0.5257017174011039,0.2084009407250333,0.0002913332666664488
A04,Beta_Clean,6,13.0-30.0Hz,0.13805910978923214,0.2659146629955413,0.0807102238203892,0.0008773307683059268
A04,Beta_Clean,7,13.0-30.0Hz,0.12473686918283199,0.3537953126573328,0.059831073693042254,0.0006163174469615853
A04,Beta_Clean,8,13.0-30.0Hz,0.08432474111895635,0.41239133614028667,0.10127412646194979,0.0010486168346166998
A04,Beta_Clean,9,13.0-30.0Hz,0.06447681523298905,0.4412283835499271,0.14069010543558821,0.0009110210803964327
A04,Beta_Clean,10,13.0-30.0Hz,0.01248297764922608,0.44426349334628956,0.16328403244661732,0.0013321288288943435
A04,Beta_Clean,11,13.0-30.0Hz,-0.011808763705770966,0.39922917271661285,0.21543690908872307,0.0010616687683949538
A04,Beta_Clean,12,13.0-30.0Hz,-0.03564593169934381,0.34621972074221236,0.2646248583884435,0.001001986234825666
A04,Beta_Clean,13,13.0-30.0Hz,0.13001004267113647,0.2219717398174379,0.10008105033783055,0.0012732986035008855
A04,Beta_Clean,14,13.0-30.0Hz,0.0940209308246884,0.3141135977307454,0.07972193305921912,0.0017343035811168107
A04,Beta_Clean,15,13.0-30.0Hz,0.07709052860246399,0.31870502198004,0.13205690041243737,0.00207432319125004
A04,Beta_Clean,16,13.0-30.0Hz,0.013241600387283527,0.30717393354988315,0.18199633526804884,0.0021615259584445356
A04,Beta_Clean,17,13.0-30.0Hz,-0.026580553060501916,0.2751081018774985,0.23653406718932546,0.0019481855920678783
A04,Beta_Clean,18,13.0-30.0Hz,0.08710182029293312,0.16673455416685437,0.08600284548542779,0.0024805204078842424
A04,Beta_Clean,19,13.0-30.0Hz,0.05881389795533612,0.19733853242821137,0.12799461276061155,0.0030296143012296765
A04,Beta_Clean,20,13.0-30.0Hz,0.025546933921146736,0.16097604216654396,0.1869285356448169,0.003309370471238001
A04,Beta_Clean,21,13.0-30.0Hz,0.061224582877975275,0.043464815383218836,0.16924327798007816,0.0035155877867413094
A04,Gamma_Clean,0,30.0-38.0Hz,-0.05830918688313282,0.42976039901691204,0.13727567200748253,0.00018104005886020026
A04,Gamma_Clean,1,30.0-38.0Hz,-0.11975529833644724,0.45293150088429035,0.11734420534975407,0.00014016390518394625
A04,Gamma_Clean,2,30.0-38.0Hz,-0.06354460921777931,0.38848820439452425,0.12007901981229675,0.00014359312717660705
A04,Gamma_Clean,3,30.0-38.0Hz,-0.02542743124340485,0.3200034991764344,0.1545198303798705,0.0002668921608858527
A04,Gamma_Clean,4,30.0-38.0Hz,-0.02738828503844789,0.32444045920421644,0.15520420471454208,0.0003106240657069537
A04,Gamma_Clean,5,30.0-38.0Hz,-0.01600731319532491,0.2900501372828701,0.21189721424759866,0.0002744121675106113
A04,Gamma_Clean,6,30.0-38.0Hz,-0.07428888526377816,0.3965388937675766,0.12073873593370463,0.0003687737765010671
A04,Gamma_Clean,7,30.0-38.0Hz,-0.028782215017020524,0.3317996872865553,0.13555679876072022,0.0001653801402687779
A04,Gamma_Clean,8,30.0-38.0Hz,-0.01710593891115564,0.3049717611361705,0.14112829801486146,0.00016705247759196508
A04,Gamma_Clean,9,30.0-38.0Hz,0.006075071877564496,0.2464848841014855,0.17634935627593282,0.0002716862299190708
A04,Gamma_Clean,10,30.0-38.0Hz,-0.005845110945110264,0.25381980773552937,0.1785659195018789,0.00023937338010241764
A04,Gamma_Clean,11,30.0-38.0Hz,0.00844205070353519,0.22236147230843262,0.2186918301649345,0.0002597325518576985
A04,Gamma_Clean,12,30.0-38.0Hz,0.002413251176418218,0.2298532936588164,0.2334193705524509,0.00025017240267207966
A04,Gamma_Clean,13,30.0-38.0Hz,0.05426027035610958,0.23707721404561438,0.1699036374608617,0.00019946586678631272
A04,Gamma_Clean,14,30.0-38.0Hz,0.03463383960249015,0.24155013622200688,0.15159463673350138,0.00018840030218231278
A04,Gamma_Clean,15,30.0-38.0Hz,0.048471563209595135,0.19448040796344962,0.1861382552527874,0.0002414828550440963
A04,Gamma_Clean,16,30.0-38.0Hz,0.027643826613043845,0.18807122629820844,0.20264699585406346,0.00022000167588753618
A04,Gamma_Clean,17,30.0-38.0Hz,0.017192841812197237,0.18632592910500417,0.22555142632466246,0.00022304685175777764
A04,Gamma_Clean,18,30.0-38.0Hz,0.10431110921676418,0.17823228032135346,0.1853057483156079,0.00020091924315189912
A04,Gamma_Clean,19,30.0-38.0Hz,0.08672743538018247,0.17162337245506254,0.19025292113417866,0.00017201745904187897
A04,Gamma_Clean,20,30.0-38.0Hz,0.08412811854388665,0.14464211136854058,0.2093934061335681,0.0001562466215280063
A04,Gamma_Clean,21,30.0-38.0Hz,0.14541746908396558,0.1410821626496298,0.2221711332456106,7.299247957993975e-05
A05,All_Clean,0,4-38Hz,0.17963029345780088,0.35856662093208624,0.2714599356572235,0.0040490412008013935
A05,All_Clean,1,4-38Hz,0.29155960292584326,0.21289024170382942,0.19925163906955246,0.002928601624128685
A05,All_Clean,2,4-38Hz,0.2260819362305813,0.2143329903162987,0.2567369290774662,0.0011452594713424477
A05,All_Clean,3,4-38Hz,0.18831580554919197,0.22593809585426006,0.31702925666612486,0.000991540623566673
A05,All_Clean,4,4-38Hz,0.14375596064309293,0.21431440592827183,0.37138054978421947,0.0010347953555555193
A05,All_Clean,5,4-38Hz,0.10864637479888443,0.2126409230899276,0.43618325617310194,0.0031933769794792667
A05,All_Clean,6,4-38Hz,0.3389936288952364,0.10212573876626693,0.1565500183250437,0.005002109604144155
A05,All_Clean,7,4-38Hz,0.2658788651804058,0.12707552206879255,0.21412596849773802,0.0032339567794623385
A05,All_Clean,8,4-38Hz,0.21203801901228908,0.1430296768845133,0.27135732182452427,-6.915609116003044e-05
A05,All_Clean,9,4-38Hz,0.18013200764794424,0.14009125020259372,0.32945549813973984,-0.003050669842641597
A05,All_Clean,10,4-38Hz,0.1416500453602214,0.144526484714111,0.3680591129764134,-0.0011273170722424708
A05,All_Clean,11,4-38Hz,0.11501338764535317,0.13049842776382253,0.4354885292271835,0.0004141434536690693
A05,All_Clean,12,4-38Hz,0.0936983583398407,0.10161721245997984,0.5006196185134757,0.003270865122191375
A05,All_Clean,13,4-38Hz,0.21646004568696428,0.09351702441865437,0.2238005187088718,0.002574344942533182
A05,All_Clean,14,4-38Hz,0.17339326673172492,0.10408208392371218,0.27273210590659114,5.947829180332515e-05
A05,All_Clean,15,4-38Hz,0.1543293871374741,0.09990205773072361,0.32014777945039835,-0.0020653627607728152
A05,All_Clean,16,4-38Hz,0.11987662215566115,0.10169944233155231,0.37002929137347723,-0.00016542218892941424
A05,All_Clean,17,4-38Hz,0.09969917552829428,0.0939729977499178,0.41719237047207913,0.0012593148887863087
A05,All_Clean,18,4-38Hz,0.12404118091118095,0.07803096122699155,0.26700002175731175,0.0009911037808533164
A05,All_Clean,19,4-38Hz,0.11224633992378713,0.07774861905386585,0.3136877259719528,9.381852172854223e-05
A05,All_Clean,20,4-38Hz,0.0981810846884455,0.07587986955540194,0.33348488880404586,0.0022641650121569016
A05,All_Clean,21,4-38Hz,0.063432632261412,0.059871102873336635,0.2875010574375477,0.0047186191755045235
A05,Theta_Clean,0,4.0-8.0Hz,0.2736514721845075,0.3303739304901579,0.3214110091444903,0.0039597429656356865
A05,Theta_Clean,1,4.0-8.0Hz,0.32498137942953254,0.20049724816269787,0.21401470903893627,0.0015774961746234815
A05,Theta_Clean,2,4.0-8.0Hz,0.26866768191065843,0.19728040686333737,0.27152659489489445,0.0005042146699152626
A05,Theta_Clean,3,4.0-8.0Hz,0.25233818155002,0.20382673616015523,0.3440912957087975,0.0007447813873409051
A05,Theta_Clean,4,4.0-8.0Hz,0.21325185674991473,0.18958652475521873,0.4030897703399391,0.0009117252624498348
A05,Theta_Clean,5,4.0-8.0Hz,0.17583402160590772,0.19045163789428543,0.46375022323006143,0.003121693364972579
A05,Theta_Clean,6,4.0-8.0Hz,0.30200365188073464,0.10689397220850512,0.13325195452445407,0.004569104661193061
A05,Theta_Clean,7,4.0-8.0Hz,0.24909794209644556,0.12578119388805054,0.20033133875407685,0.0026764240821324893
A05,Theta_Clean,8,4.0-8.0Hz,0.2199582407941995,0.13342940937315576,0.2682069714257151,-0.0005497017884635559
A05,Theta_Clean,9,4.0-8.0Hz,0.19564345893251966,0.12939965370592346,0.3224219510710709,-0.0033102417931262385
A05,Theta_Clean,10,4.0-8.0Hz,0.16109411875789695,0.1319488367387189,0.3651718962682251,-0.0012942073078795705
A05,Theta_Clean,11,4.0-8.0Hz,0.13688849674558298,0.11930879123042365,0.43513947218316484,0.00042168626268612177
A05,Theta_Clean,12,4.0-8.0Hz,0.11361751213338772,0.09120399795562256,0.5030425697362383,0.0031830070603501466
A05,Theta_Clean,13,4.0-8.0Hz,0.16867430205511744,0.1002240289185834,0.18620860301052988,0.0023314527345758775
A05,Theta_Clean,14,4.0-8.0Hz,0.14228284204731098,0.10473084847300304,0.24245818149394202,1.1349325210822973e-05
A05,Theta_Clean,15,4.0-8.0Hz,0.1334898172295622,0.0986621851761329,0.29227469028712955,-0.0019337877384632796
A05,Theta_Clean,16,4.0-8.0Hz,0.11970951488615218,0.0990314237837644,0.3400283394245212,-0.00036605611161576586
A05,Theta_Clean,17,4.0-8.0Hz,0.09737860154790913,0.09238669172201772,0.387294195270363,0.001183421594409472
A05,Theta_Clean,18,4.0-8.0Hz,0.05358705849118223,0.09327048230230808,0.19467923685599436,0.0009215027182378926
A05,Theta_Clean,19,4.0-8.0Hz,0.06756733089217411,0.08796688380039716,0.2514254463593653,0.00020739170120241955
A05,Theta_Clean,20,4.0-8.0Hz,0.03875822626167168,0.08739581184610366,0.2713946881363557,0.0017855788759774426
A05,Theta_Clean,21,4.0-8.0Hz,-0.026111157468674127,0.08562605234965148,0.1834852775772104,0.004036560940105302
A05,Alpha_Mu_Clean,0,8.0-13.0Hz,0.2550303038954676,0.37521338515864183,0.30853110140853257,-0.0025219521461330645
A05,Alpha_Mu_Clean,1,8.0-13.0Hz,0.3714404652528208,0.20550517539686408,0.2193933917528613,-0.0045074245231280586
A05,Alpha_Mu_Clean,2,8.0-13.0Hz,0.3050542166354726,0.20970525941682983,0.30196355213241094,-0.0044481330520276625
A05,Alpha_Mu_Clean,3,8.0-13.0Hz,0.2610175065618011,0.22641743194812025,0.3726775023484443,-0.003078596346570189
A05,Alpha_Mu_Clean,4,8.0-13.0Hz,0.19884438415533207,0.21589316628654498,0.4395285508780049,-0.002910829063843005
A05,Alpha_Mu_Clean,5,8.0-13.0Hz,0.1500482193169392,0.21506292107524422,0.5077459861810234,-0.0022405716728461918
A05,Alpha_Mu_Clean,6,8.0-13.0Hz,0.3987370386114775,0.0924446084247448,0.1423375702015825,-0.0040155202295468345
A05,Alpha_Mu_Clean,7,8.0-13.0Hz,0.32960965743372583,0.11236863222866147,0.22842381601731554,-0.004681286758404391
A05,Alpha_Mu_Clean,8,8.0-13.0Hz,0.27121216434279577,0.1280370468601844,0.31964309101051575,-0.0047341347105969035
A05,Alpha_Mu_Clean,9,8.0-13.0Hz,0.235400908948263,0.124386536096877,0.3970093806497545,-0.003917064103217612
A05,Alpha_Mu_Clean,10,8.0-13.0Hz,0.18704720037151296,0.13047008467429444,0.44803955785923416,-0.003681174387639073
A05,Alpha_Mu_Clean,11,8.0-13.0Hz,0.1408064366518775,0.11442230885548432,0.5188796039407835,-0.0031316096653233663
A05,Alpha_Mu_Clean,12,8.0-13.0Hz,0.10054280203060459,0.08631250088232567,0.5884214665937189,-0.002112845163241324
A05,Alpha_Mu_Clean,13,8.0-13.0Hz,0.25950741401091193,0.073697196387318,0.2435141236892997,-0.0042777774208079735
A05,Alpha_Mu_Clean,14,8.0-13.0Hz,0.21398157527176048,0.0831585308072012,0.3242589433660377,-0.004513116280939052
A05,Alpha_Mu_Clean,15,8.0-13.0Hz,0.18870989650941092,0.0759492835726854,0.3864278694087498,-0.003885800921413484
A05,Alpha_Mu_Clean,16,8.0-13.0Hz,0.15597213506234556,0.07953395458694651,0.4392960366103976,-0.0032934231879457663
A05,Alpha_Mu_Clean,17,8.0-13.0Hz,0.12256736809550871,0.06922495197241674,0.4985954825509861,-0.0028513642916240802
A05,Alpha_Mu_Clean,18,8.0-13.0Hz,0.1518720200445493,0.050607391591436846,0.30887706869996057,-0.003873275358655674
A05,Alpha_Mu_Clean,19,8.0-13.0Hz,0.13993310442792325,0.04909178860759228,0.36752360299080195,-0.0036874831623160183
A05,Alpha_Mu_Clean,20,8.0-13.0Hz,0.11266070240821072,0.04320263138220118,0.40467407615719675,-0.0019713820809117264
A05,Alpha_Mu_Clean,21,8.0-13.0Hz,0.07690331175152412,0.020028802036279325,0.3353016956245372,-0.003225322308915541
A05,Beta_Clean,0,13.0-30.0Hz,0.06526130506242592,0.4854952640353146,0.21186956443269103,-0.00030107134557716777
A05,Beta_Clean,1,13.0-30.0Hz,0.2410390631300083,0.2885695348374626,0.16525223173372147,-0.0004054292862023548
A05,Beta_Clean,2,13.0-30.0Hz,0.14595296519983603,0.33169808028704295,0.20826990035615414,-0.0004950838881109078
A05,Beta_Clean,3,13.0-30.0Hz,0.08837098319579893,0.3563482584212342,0.2614782419087221,-0.0006324434987484974
A05,Beta_Clean,4,13.0-30.0Hz,0.035507458258791834,0.35657992794954757,0.31093885357694356,-0.00024547319666928005
A05,Beta_Clean,5,13.0-30.0Hz,0.005838332133130631,0.3334701195547106,0.39090770796247387,-0.00011419168785927874
A05,Beta_Clean,6,13.0-30.0Hz,0.3528030624358657,0.123701214363968,0.15611957480772257,3.6237552717289028e-06
A05,Beta_Clean,7,13.0-30.0Hz,0.25366067716895646,0.1840712156354396,0.19362758231114896,-0.0007311879386051192
A05,Beta_Clean,8,13.0-30.0Hz,0.16439495255295494,0.24654431289968542,0.22921234704034715,-0.0005518760443371371
A05,Beta_Clean,9,13.0-30.0Hz,0.11596615864237655,0.25377734754190556,0.2900578306887241,-0.0007020124901120804
A05,Beta_Clean,10,13.0-30.0Hz,0.07212390240226327,0.26721227383433127,0.3241283342056447,-0.00045678768061606324
A05,Beta_Clean,11,13.0-30.0Hz,0.055872259998448304,0.23038060406221084,0.40177178781855843,-0.0003528629181340107
A05,Beta_Clean,12,13.0-30.0Hz,0.046745974370965955,0.18641806171483577,0.4724419874972936,0.00011323998664062169
A05,Beta_Clean,13,13.0-30.0Hz,0.2291977992995478,0.13116337847950044,0.22041005902487346,-0.0006668470968378147
A05,Beta_Clean,14,13.0-30.0Hz,0.16017377146377806,0.17837720686189945,0.2516440340655304,-0.00046827599525899196
A05,Beta_Clean,15,13.0-30.0Hz,0.130677306883507,0.18047758499285677,0.29790036334370074,-0.0006681871931392816
A05,Beta_Clean,16,13.0-30.0Hz,0.07293720393768192,0.16678457102567895,0.37554145312081827,-0.00047495005810569346
A05,Beta_Clean,17,13.0-30.0Hz,0.0591343232197509,0.15444736465196673,0.423411373523854,-0.00043721099127403
A05,Beta_Clean,18,13.0-30.0Hz,0.14016796777578666,0.08994887023243081,0.30363211421297104,-0.0005826162840406633
A05,Beta_Clean,19,13.0-30.0Hz,0.10734493786698922,0.09281270586625939,0.3540873443430585,-0.0006565079588413512
A05,Beta_Clean,20,13.0-30.0Hz,0.10570687199685978,0.10895405457271445,0.3541988267129834,-0.0003733077527185982
A05,Beta_Clean,21,13.0-30.0Hz,0.09483185573672238,0.012972259522652851,0.3801523909804284,-0.0007466479251645765
A05,Gamma_Clean,0,30.0-38.0Hz,0.09397803303687716,0.3429879608198002,0.19261381729751856,-6.872563769806222e-06
A05,Gamma_Clean,1,30.0-38.0Hz,0.20134312636845364,0.22301266949933934,0.1572270176230686,2.126184374971826e-05
A05,Gamma_Clean,2,30.0-38.0Hz,0.122759088246922,0.2719973212857769,0.16305247216259014,3.700528176340059e-05
A05,Gamma_Clean,3,30.0-38.0Hz,0.09630081157418574,0.2617927194205621,0.21486984019234728,-0.00010004736672634723
A05,Gamma_Clean,4,30.0-38.0Hz,0.05392792272147117,0.2816094239317817,0.23199846762728607,-5.504312551361321e-05
A05,Gamma_Clean,5,30.0-38.0Hz,0.05612353064225158,0.2445823954263836,0.3025594586712532,-0.00016657883709103244
A05,Gamma_Clean,6,30.0-38.0Hz,0.2650617474323386,0.171729706009912,0.13177985951013044,3.2353245222321914e-05
A05,Gamma_Clean,7,30.0-38.0Hz,0.19777201899696734,0.1746986737588984,0.1695961296475113,-1.3801787162315872e-05
A05,Gamma_Clean,8,30.0-38.0Hz,0.12314972172654785,0.22978562226544463,0.17168631893355807,3.0546829525080924e-05
A05,Gamma_Clean,9,30.0-38.0Hz,0.09672576564058864,0.21742584246223956,0.2221142683305396,-0.0001141851006444471
A05,Gamma_Clean,10,30.0-38.0Hz,0.059755657550689095,0.23618193779103214,0.2340082980313907,-6.815699606327322e-05
A05,Gamma_Clean,11,30.0-38.0Hz,0.062162846823793444,0.19402382878724883,0.3040570203879873,-0.00012681411305993101
A05,Gamma_Clean,12,30.0-38.0Hz,0.04450263943171638,0.19522283988685663,0.3395164541953541,1.9876224147363702e-05
A05,Gamma_Clean,13,30.0-38.0Hz,0.17180224905082842,0.15342760203371267,0.18617967982934133,-2.190031220190341e-05
A05,Gamma_Clean,14,30.0-38.0Hz,0.11279192769972696,0.1925215176286405,0.18626077907802768,-1.991053236916135e-05
A05,Gamma_Clean,15,30.0-38.0Hz,0.09773664080017824,0.17778373519535312,0.22748333165475532,-0.00013125048747417481
A05,Gamma_Clean,16,30.0-38.0Hz,0.06791330569272926,0.18305205889749027,0.25335342796314386,-0.00011009133377696988
A05,Gamma_Clean,17,30.0-38.0Hz,0.055142372054018035,0.17793854983396434,0.28869777237329786,-4.090274018667681e-05
A05,Gamma_Clean,18,30.0-38.0Hz,0.11631680454526416,0.14516831655065163,0.21375064150662768,-0.00012597759065141457
A05,Gamma_Clean,19,30.0-38.0Hz,0.09743033270005574,0.15256147312383878,0.2301333340168661,-0.00016488344399057125
A05,Gamma_Clean,20,30.0-38.0Hz,0.0946091009247005,0.14634869346687734,0.24193541529297044,-0.0001999467146846509
A05,Gamma_Clean,21,30.0-38.0Hz,0.10710303205006194,0.12210508883515991,0.23553095766173923,-0.0002280270657287544
A06,All_Clean,0,4-38Hz,0.19425575859814126,0.6500788824823237,0.14814011510993927,0.003710429893957118
A06,All_Clean,1,4-38Hz,0.48722228173894616,0.38381060175779724,0.01438163585214715,-0.005521144101333467
A06,All_Clean,2,4-38Hz,0.3384955634747354,0.46257990457530523,0.09200145016221595,-0.002145290359902631
A06,All_Clean,3,4-38Hz,0.21331878098052387,0.5241819079360093,0.18787618167087855,0.001833125331248251
A06,All_Clean,4,4-38Hz,0.1087739418101322,0.5070338899495279,0.3025392722097266,0.0015162923938554734
A06,All_Clean,5,4-38Hz,0.05682136455962775,0.4587791886852094,0.4269681917518955,0.0013082384625468064
A06,All_Clean,6,4-38Hz,0.6019692182992626,0.14395981638884048,0.0036035491449643423,0.005620222765272956
A06,All_Clean,7,4-38Hz,0.4805554963073147,0.2585175418356003,0.03129565371414436,-0.003486965438322819
A06,All_Clean,8,4-38Hz,0.33218587127649807,0.3500350002189933,0.11631703671043302,-0.0034646808316416847
A06,All_Clean,9,4-38Hz,0.22260055247814678,0.38983653775607024,0.21731437491113914,-0.003701369267629213
A06,All_Clean,10,4-38Hz,0.11809964751735859,0.3893613146852489,0.3300792441118949,-0.0003691753448759509
A06,All_Clean,11,4-38Hz,0.04116892709452645,0.3153565234180774,0.49934376732063807,0.0034154158658060148
A06,All_Clean,12,4-38Hz,0.04368154856014333,0.18741474389108237,0.6178235574705448,0.009321824819488973
A06,All_Clean,13,4-38Hz,0.39563169013956634,0.21621102775587245,0.06903426309304703,0.004659993886020156
A06,All_Clean,14,4-38Hz,0.29662631223000624,0.2744180307721599,0.13830782573239012,0.002707271793117475
A06,All_Clean,15,4-38Hz,0.21351415906603036,0.2973157626215328,0.2324838962906019,0.005181075041443789
A06,All_Clean,16,4-38Hz,0.12559953052470757,0.27566416728591514,0.35096061853630794,0.009042751966180812
A06,All_Clean,17,4-38Hz,0.05907555183925073,0.22718159726644488,0.4776258974626043,0.011707815289031025
A06,All_Clean,18,4-38Hz,0.23548156691055577,0.20037143123583695,0.1705781479935284,0.007503676141275504
A06,All_Clean,19,4-38Hz,0.18047753054188578,0.22555740449668005,0.24294757974460204,0.00886493121855293
A06,All_Clean,20,4-38Hz,0.1241939212533913,0.18463590630528587,0.32229146611911624,0.015444346550994855
A06,All_Clean,21,4-38Hz,0.1296914840808047,0.14811453841083833,0.2421242315290512,0.009297764416472506
A06,Theta_Clean,0,4.0-8.0Hz,0.28269473289861347,0.7028688100707876,0.17326595806300193,0.0021080745715649734
A06,Theta_Clean,1,4.0-8.0Hz,0.4796785746105843,0.4364679954767016,0.04502088829821587,-0.007831159027237699
A06,Theta_Clean,2,4.0-8.0Hz,0.3676875839117417,0.49856515773411997,0.11659003453785685,-0.004420760027160692
A06,Theta_Clean,3,4.0-8.0Hz,0.2746339334524799,0.5552268919616641,0.20303850591586592,-0.0012029258631915773
A06,Theta_Clean,4,4.0-8.0Hz,0.20394198615837175,0.5391669573753751,0.29316031743123083,-0.0018848274341628668
A06,Theta_Clean,5,4.0-8.0Hz,0.1662659806100522,0.4968925712250737,0.40591660206845903,-0.0036143851491866204
A06,Theta_Clean,6,4.0-8.0Hz,0.5358503140860805,0.21284208047321873,0.010298739232264457,0.003972173900980235
A06,Theta_Clean,7,4.0-8.0Hz,0.42670064609229597,0.33022196193072634,0.05544025795520616,-0.006492200655138504
A06,Theta_Clean,8,4.0-8.0Hz,0.3221085030618153,0.39712203609606067,0.1118837289886252,-0.005906858680453827
A06,Theta_Clean,9,4.0-8.0Hz,0.23515884048424784,0.4225843771846582,0.1908654219514539,-0.0056739785898072435
A06,Theta_Clean,10,4.0-8.0Hz,0.18833384608478695,0.4222386874605284,0.28230053202649896,-0.004055829607052157
A06,Theta_Clean,11,4.0-8.0Hz,0.15457360219532362,0.35722571024016414,0.41995504386851634,-0.0027399124202690107
A06,Theta_Clean,12,4.0-8.0Hz,0.12698424935932814,0.22737552044937914,0.5595803480236777,0.004122177630091079
A06,Theta_Clean,13,4.0-8.0Hz,0.3417373810812272,0.3016355893700624,0.038983724152360545,0.0016644570691108985
A06,Theta_Clean,14,4.0-8.0Hz,0.2672930499685312,0.3357238058061718,0.09945692691310958,0.0006727949690137962
A06,Theta_Clean,15,4.0-8.0Hz,0.197089634720995,0.3475362768519773,0.17075253693167217,0.003554389995161008
A06,Theta_Clean,16,4.0-8.0Hz,0.15662856521469284,0.3377984314999214,0.26248876106224456,0.005023229573190476
A06,Theta_Clean,17,4.0-8.0Hz,0.13348768756571502,0.29920615362100056,0.37722102311301847,0.006243566911667215
A06,Theta_Clean,18,4.0-8.0Hz,0.15611921278035254,0.28368364690134434,0.077278625219866,0.006898567919978477
A06,Theta_Clean,19,4.0-8.0Hz,0.12387871488521578,0.3020641373742804,0.14082740860582615,0.008317664821588876
A06,Theta_Clean,20,4.0-8.0Hz,0.08273114319215737,0.26901025434803055,0.19671553935623742,0.012806595363189238
A06,Theta_Clean,21,4.0-8.0Hz,-0.002182654249507563,0.23561003267150032,0.0979225113850898,0.00954633758359906
A06,Alpha_Mu_Clean,0,8.0-13.0Hz,0.033863865547091365,1.0396393235334032,-0.0006096797510752032,-0.011222838839149192
A06,Alpha_Mu_Clean,1,8.0-13.0Hz,0.5454076046769445,0.5820761328448532,-0.20581967111429217,-0.016019211598463343
A06,Alpha_Mu_Clean,2,8.0-13.0Hz,0.2752882146308864,0.7594718216744656,-0.0886757251129108,-0.015085311247544501
A06,Alpha_Mu_Clean,3,8.0-13.0Hz,0.061011321610804435,0.891604504337045,0.05897082863141292,-0.01627541543745588
A06,Alpha_Mu_Clean,4,8.0-13.0Hz,-0.146573569587528,0.8365636502130711,0.285131046480652,-0.014134137659002514
A06,Alpha_Mu_Clean,5,8.0-13.0Hz,-0.23489053700281692,0.7244252122916643,0.49915272747997635,-0.012289016880346906
A06,Alpha_Mu_Clean,6,8.0-13.0Hz,0.7685553590101605,0.13944366738557926,-0.19271967842087034,-0.008484641880326237
A06,Alpha_Mu_Clean,7,8.0-13.0Hz,0.5703289529774592,0.3465576680574307,-0.18924710884218052,-0.013517530582033418
A06,Alpha_Mu_Clean,8,8.0-13.0Hz,0.274583764952746,0.5484778715149891,-0.02507846388259812,-0.013386685386360158
A06,Alpha_Mu_Clean,9,8.0-13.0Hz,0.05466609632964684,0.6730351680675708,0.14480187071524714,-0.015393487395369727
A06,Alpha_Mu_Clean,10,8.0-13.0Hz,-0.16751618100540272,0.6151556990496955,0.4100428975504177,-0.012385243104191323
A06,Alpha_Mu_Clean,11,8.0-13.0Hz,-0.34755694613585547,0.43264444479310105,0.7693655856094371,-0.00815590131119542
A06,Alpha_Mu_Clean,12,8.0-13.0Hz,-0.25022333500377375,0.18841926731606862,0.9069702820371762,-0.002624525058624971
A06,Alpha_Mu_Clean,13,8.0-13.0Hz,0.39009003630132877,0.25734280324677566,-0.0681488924680627,-0.006434464345901769
A06,Alpha_Mu_Clean,14,8.0-13.0Hz,0.2124709476035663,0.3956409981956253,0.05149314133072593,-0.007700344857036558
A06,Alpha_Mu_Clean,15,8.0-13.0Hz,0.0454912992411217,0.4709904741724512,0.22663348477503728,-0.009011658087212026
A06,Alpha_Mu_Clean,16,8.0-13.0Hz,-0.1447548841982131,0.3874170142367269,0.49226997643742715,-0.006034984871952367
A06,Alpha_Mu_Clean,17,8.0-13.0Hz,-0.28882196653342596,0.2456521169921032,0.7650419047850124,-0.0016317674731139147
A06,Alpha_Mu_Clean,18,8.0-13.0Hz,0.09848262611246456,0.26142587246319426,0.13827039111477996,-0.003130512737888097
A06,Alpha_Mu_Clean,19,8.0-13.0Hz,-0.004482204974719217,0.3151642036279227,0.27811616129775724,-0.0039729036637634494
A06,Alpha_Mu_Clean,20,8.0-13.0Hz,-0.12898542582208095,0.20602916761944085,0.47253705160781484,-2.9796730021164742e-05
A06,Alpha_Mu_Clean,21,8.0-13.0Hz,-0.104010951918455,0.16495425524788926,0.3162853054937372,-0.0016057456795080935
A06,Beta_Clean,0,13.0-30.0Hz,0.29064943702231305,0.32046475634699123,0.24850208657472722,0.0005928631763754491
A06,Beta_Clean,1,13.0-30.0Hz,0.6430194765672828,0.13864066610357761,0.047055653847876334,-0.00035095226447210136
A06,Beta_Clean,2,13.0-30.0Hz,0.4646870646170451,0.20869065368642106,0.13800201103172055,-0.0001469725664468729
A06,Beta_Clean,3,13.0-30.0Hz,0.3058478179010209,0.2424094579818737,0.2709091218424409,0.0008176912721176198
A06,Beta_Clean,4,13.0-30.0Hz,0.15946939110138883,0.2587899025533092,0.4007539577401358,0.0008918987465562586
A06,Beta_Clean,5,13.0-30.0Hz,0.0911037152012334,0.22732375918088643,0.5309959849252703,0.001430869535190913
A06,Beta_Clean,6,13.0-30.0Hz,0.7289227824843822,-0.030830181053089253,0.05469770599543558,-0.0005250833213536053
A06,Beta_Clean,7,13.0-30.0Hz,0.6997907545381162,0.013934602709019514,0.046768832743523024,-0.0003162511028507802
A06,Beta_Clean,8,13.0-30.0Hz,0.4844813384272238,0.11625988611540383,0.16435660827098644,3.49957004138959e-05
A06,Beta_Clean,9,13.0-30.0Hz,0.3359787602026321,0.14792969738554973,0.29796765433417777,0.0010008253853800938
A06,Beta_Clean,10,13.0-30.0Hz,0.1716888537149119,0.2030330293310475,0.4130531753477713,0.0008765683361529926
A06,Beta_Clean,11,13.0-30.0Hz,0.04598550354003014,0.17239613699610967,0.5960182430794179,0.0017196390309490838
A06,Beta_Clean,12,13.0-30.0Hz,0.06784885669478993,0.07634123234603074,0.670136992707819,0.0006898590653551177
A06,Beta_Clean,13,13.0-30.0Hz,0.5946661058908822,-0.021450413628025057,0.13716272058572557,0.0007816139071204652
A06,Beta_Clean,14,13.0-30.0Hz,0.45266322580754925,0.05948712745635382,0.2029386667672468,0.0002795707088089542
A06,Beta_Clean,15,13.0-30.0Hz,0.3432992169397102,0.08233160837251785,0.3144891836161075,0.0007305672963861968
A06,Beta_Clean,16,13.0-30.0Hz,0.22476125081899645,0.05844842484869872,0.46296672970153374,0.0008234255845440523
A06,Beta_Clean,17,13.0-30.0Hz,0.13296552073532517,0.0329201108278378,0.5892960225179829,0.0007391379470528251
A06,Beta_Clean,18,13.0-30.0Hz,0.4267118928448959,-0.028460936267472786,0.278853245942336,0.0008913991211094407
A06,Beta_Clean,19,13.0-30.0Hz,0.35247160248291737,-0.010327392034465921,0.35572211878580146,0.0006228448820996044
A06,Beta_Clean,20,13.0-30.0Hz,0.2933686118663522,-0.04264264669536888,0.44364102275886963,0.0002900695729574109
A06,Beta_Clean,21,13.0-30.0Hz,0.3556043340341061,-0.05984521813800023,0.35604079373526004,0.0011733486153174266
A06,Gamma_Clean,0,30.0-38.0Hz,0.4490661459823345,0.043968839261247616,0.38314894640649505,-0.00013984238956535504
A06,Gamma_Clean,1,30.0-38.0Hz,0.5188070738960309,0.02267967698959636,0.31403846251465145,-0.00018945610798777775
A06,Gamma_Clean,2,30.0-38.0Hz,0.48172724171131187,0.0345875209747501,0.3335409097350878,-0.00012394902692536376
A06,Gamma_Clean,3,30.0-38.0Hz,0.451678721868116,0.029336118129551503,0.3695970116499625,-0.00014485158606769073
A06,Gamma_Clean,4,30.0-38.0Hz,0.4052698649198177,0.036966322289964826,0.4115627097608863,-0.00019337027756684223
A06,Gamma_Clean,5,30.0-38.0Hz,0.3898542758615535,0.02127066066627814,0.46178287620326347,-0.00030960562981663386
A06,Gamma_Clean,6,30.0-38.0Hz,0.5338726164216947,0.0108766057675517,0.2972676797018256,8.999830930064554e-05
A06,Gamma_Clean,7,30.0-38.0Hz,0.5204994366417067,0.002052312724174915,0.31639489558316086,2.0197402426189482e-05
A06,Gamma_Clean,8,30.0-38.0Hz,0.4835515057512655,0.017371492219331486,0.34093719559527963,-9.454925970396027e-05
A06,Gamma_Clean,9,30.0-38.0Hz,0.46184460671064625,0.006787766405885798,0.3778800733323901,-9.911795148079284e-05
A06,Gamma_Clean,10,30.0-38.0Hz,0.4152097372513527,0.02570799648395755,0.40138145484658955,-0.00017673162983640345
A06,Gamma_Clean,11,30.0-38.0Hz,0.4004475641706448,0.010491402954789508,0.4470328618225663,-0.00035162860751428355
A06,Gamma_Clean,12,30.0-38.0Hz,0.36338592826326643,0.020011238642407614,0.47949993104698196,-0.00020166639137242018
A06,Gamma_Clean,13,30.0-38.0Hz,0.5063158434563224,-0.009334346567289042,0.3300497490175877,-3.0128749837311776e-05
A06,Gamma_Clean,14,30.0-38.0Hz,0.473625755815809,0.00322440971071275,0.3430500597411033,-0.00010093017715579036
A06,Gamma_Clean,15,30.0-38.0Hz,0.46005495362869514,-0.005269763896955215,0.37481850471425904,-0.00013775233553055974
A06,Gamma_Clean,16,30.0-38.0Hz,0.42755392279240945,0.00169692482716155,0.401691434084036,-0.00027212799262934227
A06,Gamma_Clean,17,30.0-38.0Hz,0.4021521804253139,-0.00036958294530242686,0.4305222122672937,-0.0002315401993723758
A06,Gamma_Clean,18,30.0-38.0Hz,0.473424311602309,-0.011524356648224543,0.35563765873890874,-0.00014108443408670875
A06,Gamma_Clean,19,30.0-38.0Hz,0.46345545812448835,-0.009169640062184514,0.36772460139224405,-0.00023237889056940838
A06,Gamma_Clean,20,30.0-38.0Hz,0.44931993327428565,-0.010604843874790437,0.3724613317318553,-0.0003129633915342673
A06,Gamma_Clean,21,30.0-38.0Hz,0.4714359028712517,-0.009099787018968214,0.34783292725710885,-0.00028822287540908813
A07,All_Clean,0,4-38Hz,0.13543250383628053,0.4398156950106819,0.21441322934743653,0.00012796661508950453
A07,All_Clean,1,4-38Hz,0.2872238971405813,0.22723897259143877,0.11734103385787834,0.0053737115614840925
A07,All_Clean,2,4-38Hz,0.1934653064669767,0.27290659446109744,0.18925999661835313,-0.0007339007281340887
A07,All_Clean,3,4-38Hz,0.14861326173503855,0.30055534084767593,0.2526222020908508,-0.0014183832338895337
A07,All_Clean,4,4-38Hz,0.09411165389248217,0.29124858557544264,0.3177256180254602,-0.0009772424541646468
A07,All_Clean,5,4-38Hz,0.06192337157430679,0.26930952330667457,0.4183452966689464,0.003734294605201589
A07,All_Clean,6,4-38Hz,0.27837742832210943,0.09762930142022896,0.054706976202364435,0.010436496798275772
A07,All_Clean,7,4-38Hz,0.21798553537653143,0.14669096074609095,0.11141276141055496,0.00787809609734382
A07,All_Clean,8,4-38Hz,0.15054034679812475,0.18432880662320406,0.18863056326163807,0.0010176112359169863
A07,All_Clean,9,4-38Hz,0.11645568054738833,0.1995563152371853,0.2505366621337371,-0.0028534925341373784
A07,All_Clean,10,4-38Hz,0.07703852136408824,0.20397586731398787,0.3145608072356797,-0.0004330150525297606
A07,All_Clean,11,4-38Hz,0.05491285918209806,0.1725059246839007,0.4017908636138828,0.005214797215915212
A07,All_Clean,12,4-38Hz,0.04168654517825736,0.12392658483762925,0.48363495061429435,0.007685661727202478
A07,All_Clean,13,4-38Hz,0.13250417969524936,0.11180342109907518,0.11952898437809198,0.01056971395847479
A07,All_Clean,14,4-38Hz,0.0943642929012439,0.1380387426449839,0.1787020770254658,0.004015298361531374
A07,All_Clean,15,4-38Hz,0.06962241948740576,0.14624411739567364,0.22569632839932266,0.001722532814703921
A07,All_Clean,16,4-38Hz,0.04554089005841039,0.14535389725348363,0.2863634786255645,0.0038087808510581297
A07,All_Clean,17,4-38Hz,0.03397336500989613,0.1290938195747201,0.3541595036265723,0.007942390195447882
A07,All_Clean,18,4-38Hz,0.04740106438623372,0.10977256419165679,0.16254362195367908,0.009530210586619606
A07,All_Clean,19,4-38Hz,0.0440426142070597,0.12188054061504244,0.20859799047465302,0.0058731178987310615
A07,All_Clean,20,4-38Hz,0.022554928385431598,0.11194167029557905,0.25044768000647066,0.008166425122898086
A07,All_Clean,21,4-38Hz,0.010735624132851451,0.09562528245886953,0.18531984263455534,0.007210481885242741
A07,Theta_Clean,0,4.0-8.0Hz,0.2124813347271919,0.37464441215295724,0.3001723093755568,0.0018517032407211966
A07,Theta_Clean,1,4.0-8.0Hz,0.3525349594155521,0.17581943035853384,0.16894263341003268,0.005280350476075564
A07,Theta_Clean,2,4.0-8.0Hz,0.25047200849331036,0.208256674020025,0.260376145202976,-0.0005776113657837954
A07,Theta_Clean,3,4.0-8.0Hz,0.2030277592270115,0.23245953301052835,0.339186522097331,-0.0012046007036864074
A07,Theta_Clean,4,4.0-8.0Hz,0.1420126977438239,0.2238726418536241,0.41001573048109796,-0.00025974380268564543
A07,Theta_Clean,5,4.0-8.0Hz,0.09733281394092005,0.20925783555880445,0.5175893954905227,0.00336988550243177
A07,Theta_Clean,6,4.0-8.0Hz,0.28650164461013117,0.08295063209445049,0.07219071123596481,0.010406851766261377
A07,Theta_Clean,7,4.0-8.0Hz,0.22914410609026092,0.12027109283940324,0.15544393741257817,0.0067274043634300675
A07,Theta_Clean,8,4.0-8.0Hz,0.1531124735551304,0.1435787881652938,0.2420792608686173,-0.0006517246949542295
A07,Theta_Clean,9,4.0-8.0Hz,0.12886671176586229,0.15101281181694365,0.3168187686851727,-0.005237858613984096
A07,Theta_Clean,10,4.0-8.0Hz,0.08915487690002247,0.15347918472818844,0.38826032633249336,-0.002214983916189845
A07,Theta_Clean,11,4.0-8.0Hz,0.05373185270937618,0.13062886478665708,0.47908755900543554,0.0028462253732787794
A07,Theta_Clean,12,4.0-8.0Hz,0.03853489403219191,0.0859302973823925,0.5745840240720558,0.0059053881671241835
A07,Theta_Clean,13,4.0-8.0Hz,0.07922933350292932,0.1051446258124906,0.1385656543214056,0.007412679834687064
A07,Theta_Clean,14,4.0-8.0Hz,0.050762980199948717,0.11905154801301171,0.21123319981753622,0.00025394286482996383
A07,Theta_Clean,15,4.0-8.0Hz,0.03340525967757767,0.12285300562267845,0.2672357642421307,-0.0034107955016686943
A07,Theta_Clean,16,4.0-8.0Hz,0.013180986018342321,0.11869718915269742,0.3334921911634741,-0.0008656895321427827
A07,Theta_Clean,17,4.0-8.0Hz,-0.004764346554100643,0.10391491474146991,0.40691455551909517,0.003592544421367634
A07,Theta_Clean,18,4.0-8.0Hz,-0.05385345388803436,0.11188569150021407,0.16783180230322342,0.003508629712714737
A07,Theta_Clean,19,4.0-8.0Hz,-0.03690776708337232,0.11448229862067685,0.22670937575640834,-0.000729809155641266
A07,Theta_Clean,20,4.0-8.0Hz,-0.06340049968291046,0.10587140826962138,0.27009583418195704,0.001141708331422712
A07,Theta_Clean,21,4.0-8.0Hz,-0.13557470310127664,0.1097359291999119,0.17077071303688385,-0.00028244571078763126
A07,Alpha_Mu_Clean,0,8.0-13.0Hz,0.11488295452531115,0.7089107973664899,0.16798478206040077,-0.001796217519572126
A07,Alpha_Mu_Clean,1,8.0-13.0Hz,0.333772175663154,0.41299123024124956,0.04186716483622568,-0.0036552646322074497
A07,Alpha_Mu_Clean,2,8.0-13.0Hz,0.20244634906641504,0.5208182617087628,0.1389521018032917,-0.004166166825481761
A07,Alpha_Mu_Clean,3,8.0-13.0Hz,0.14004627051147162,0.5634425448186314,0.2298495705677305,-0.0027704000930193454
A07,Alpha_Mu_Clean,4,8.0-13.0Hz,0.06670113386083427,0.5379260680809963,0.3281324412257501,-0.0026593025715819165
A07,Alpha_Mu_Clean,5,8.0-13.0Hz,0.02184759459322882,0.46544858567966507,0.4749900936558177,-0.0022082049081047273
A07,Alpha_Mu_Clean,6,8.0-13.0Hz,0.28830534783030204,0.16560073625605348,-0.030438292978411458,-0.0010267834943443602
A07,Alpha_Mu_Clean,7,8.0-13.0Hz,0.21651592386270727,0.2746199853810644,0.06378383306213643,-0.0029123214449337455
A07,Alpha_Mu_Clean,8,8.0-13.0Hz,0.13116932299367484,0.37329141342196376,0.1757754397609771,-0.0036521266902762675
A07,Alpha_Mu_Clean,9,8.0-13.0Hz,0.10155653331166713,0.40675593037032104,0.2751101960071311,-0.003471131024982383
A07,Alpha_Mu_Clean,10,8.0-13.0Hz,0.034093231343678386,0.4027589045236871,0.3700486343436666,-0.0032999582308337085
A07,Alpha_Mu_Clean,11,8.0-13.0Hz,-0.014800221183642392,0.319745644190659,0.5071067879728647,-0.003174457419105874
A07,Alpha_Mu_Clean,12,8.0-13.0Hz,-0.035513124577215976,0.21147811487121193,0.631189969300009,-0.0021172659619572874
A07,Alpha_Mu_Clean,13,8.0-13.0Hz,0.06886163367049426,0.2215640721106382,0.0982469935068498,-0.0007768778889418159
A07,Alpha_Mu_Clean,14,8.0-13.0Hz,0.041574544077041094,0.2825651328902849,0.1955562181277582,-0.0009843071301298258
A07,Alpha_Mu_Clean,15,8.0-13.0Hz,0.033128654460349544,0.2976851423601044,0.2817627214063912,-0.0005108568790662381
A07,Alpha_Mu_Clean,16,8.0-13.0Hz,-0.012495932328906698,0.28752274961703006,0.3796655199195088,-0.0012928632250930484
A07,Alpha_Mu_Clean,17,8.0-13.0Hz,-0.051086594777237,0.24216843166165647,0.48530504793774254,-0.001825282236416258
A07,Alpha_Mu_Clean,18,8.0-13.0Hz,-0.042967552234331845,0.2214616477136631,0.19930863785631558,0.002222986271644185
A07,Alpha_Mu_Clean,19,8.0-13.0Hz,-0.02812176586754485,0.243629520891535,0.27765095825018515,0.002783942114847655
A07,Alpha_Mu_Clean,20,8.0-13.0Hz,-0.057367399111508274,0.21145426130249328,0.3643542088148231,0.0019235110757535485
A07,Alpha_Mu_Clean,21,8.0-13.0Hz,-0.09737969896233678,0.1728405338424927,0.2782997783734719,0.0042051679988800985
A07,Beta_Clean,0,13.0-30.0Hz,0.035190330564116246,0.6599403768259429,0.07382442567533316,0.0016623593041417745
A07,Beta_Clean,1,13.0-30.0Hz,0.2236213825143696,0.4009110263232568,0.01652281312316595,0.0030705903294934883
A07,Beta_Clean,2,13.0-30.0Hz,0.10689582745923404,0.5042252601137193,0.0505118078322377,0.002671398350441754
A07,Beta_Clean,3,13.0-30.0Hz,0.055822217379877075,0.5413611192831832,0.0978688595287516,0.002223593943215669
A07,Beta_Clean,4,13.0-30.0Hz,0.0016035386553445248,0.5306994667005257,0.16090546542104198,0.0014219444287103336
A07,Beta_Clean,5,13.0-30.0Hz,-0.015949402884885285,0.482250617217026,0.26944233672768153,0.0018257774759330699
A07,Beta_Clean,6,13.0-30.0Hz,0.29137599038350975,0.14755656483035934,0.03528899617284127,0.00238882243662182
A07,Beta_Clean,7,13.0-30.0Hz,0.22005421601903322,0.22774035409763557,0.047952769839817666,0.0028744268477919853
A07,Beta_Clean,8,13.0-30.0Hz,0.12518727454254527,0.3310372369649512,0.08804633726948324,0.002722481821912842
A07,Beta_Clean,9,13.0-30.0Hz,0.0703779762479219,0.36690882068661806,0.12692125867513537,0.0028554893236622148
A07,Beta_Clean,10,13.0-30.0Hz,0.027052965673104,0.3825573330363843,0.18388103262493788,0.0020365380493352525
A07,Beta_Clean,11,13.0-30.0Hz,0.02715451596330507,0.3165566033028876,0.2825718760601006,0.0022260234338121955
A07,Beta_Clean,12,13.0-30.0Hz,0.028923447292484424,0.2407289418239349,0.3684802697680922,0.002023055188111147
A07,Beta_Clean,13,13.0-30.0Hz,0.1824856365090496,0.15033839195719184,0.08546998987805553,0.0026636671633197486
A07,Beta_Clean,14,13.0-30.0Hz,0.11729413208474847,0.21454695072114613,0.11411682376123604,0.0029092416650993965
A07,Beta_Clean,15,13.0-30.0Hz,0.0780395388270424,0.22725095331352557,0.14493877314475231,0.0035029151468521976
A07,Beta_Clean,16,13.0-30.0Hz,0.04699196885053375,0.24145889952226945,0.19527936255175793,0.0027074090342820377
A07,Beta_Clean,17,13.0-30.0Hz,0.04292476673988132,0.22389854837324613,0.26125015417238884,0.002043081000063753
A07,Beta_Clean,18,13.0-30.0Hz,0.11497133919975629,0.13583645080668494,0.13049750738436502,0.0026783676419664523
A07,Beta_Clean,19,13.0-30.0Hz,0.08920329874727417,0.16855640372635478,0.15544659977282785,0.0030793825943061593
A07,Beta_Clean,20,13.0-30.0Hz,0.06913936133782159,0.1557623813553399,0.19216196717875042,0.002187447574705494
A07,Beta_Clean,21,13.0-30.0Hz,0.10084807128289887,0.1019297211614538,0.1640685428359209,0.0014375801144401797
A07,Gamma_Clean,0,30.0-38.0Hz,0.06555505484104256,0.3362413453629085,0.09271464893126914,0.00021566454672499122
A07,Gamma_Clean,1,30.0-38.0Hz,0.16100838111208327,0.1881260059009046,0.05414514527050803,0.0005886577852048009
A07,Gamma_Clean,2,30.0-38.0Hz,0.08573698084205716,0.2353893165294981,0.06377860601141935,0.00044921162131280896
A07,Gamma_Clean,3,30.0-38.0Hz,0.061981100069415866,0.2472594417370475,0.09205560266485409,0.00042051312589650624
A07,Gamma_Clean,4,30.0-38.0Hz,0.02875356650359164,0.2569590819563297,0.12065980861898815,0.0002264319079218521
A07,Gamma_Clean,5,30.0-38.0Hz,0.019657916358496574,0.24543802676885673,0.1901406124445096,0.0003387786518322812
A07,Gamma_Clean,6,30.0-38.0Hz,0.18259496050756735,0.11373187505707391,0.03885366921139631,0.0004464183963009488
A07,Gamma_Clean,7,30.0-38.0Hz,0.13049330811408252,0.12283918300686,0.053063728488235366,0.000604320044075935
A07,Gamma_Clean,8,30.0-38.0Hz,0.07025471907654456,0.15710387875868903,0.06447323417607788,0.0004842551546486441
A07,Gamma_Clean,9,30.0-38.0Hz,0.05190581865240391,0.15867517265409922,0.08761707303781682,0.0005917092256475888
A07,Gamma_Clean,10,30.0-38.0Hz,0.026666810090604735,0.1798333900311665,0.11353436391922038,0.0003896961907706973
A07,Gamma_Clean,11,30.0-38.0Hz,0.024761098180187062,0.1680011997600598,0.1665114972467397,0.0004633841288874474
A07,Gamma_Clean,12,30.0-38.0Hz,0.013259772379264751,0.17319635681761292,0.2133920395491716,0.0004148865876673936
A07,Gamma_Clean,13,30.0-38.0Hz,0.08680579938086062,0.09513641394918347,0.06130672567816342,0.0005806325487806373
A07,Gamma_Clean,14,30.0-38.0Hz,0.05206984207244275,0.11319470149010477,0.06905005699006654,0.00035797270179391743
A07,Gamma_Clean,15,30.0-38.0Hz,0.044158519117390715,0.10651636400028008,0.08583611829594051,0.0004979426569195977
A07,Gamma_Clean,16,30.0-38.0Hz,0.029637257576785363,0.11988420870256022,0.10941518489190413,0.0003836407019436874
A07,Gamma_Clean,17,30.0-38.0Hz,0.024419005207692558,0.13524047968732558,0.1397998076831462,0.0003342028829086552
A07,Gamma_Clean,18,30.0-38.0Hz,0.045036353042112676,0.0813857858930317,0.07592350030739235,0.00023858256707182864
A07,Gamma_Clean,19,30.0-38.0Hz,0.03983469989495631,0.09271798491140285,0.08499222653020991,0.0002942964998968076
A07,Gamma_Clean,20,30.0-38.0Hz,0.03331234980130033,0.09703150760254747,0.09971065156868118,0.00031892438010664906
A07,Gamma_Clean,21,30.0-38.0Hz,0.037985951547612536,0.08298319172283582,0.08577155895820426,0.00023206238208089337
A08,All_Clean,0,4-38Hz,0.3216349860554725,0.5099437557068539,0.2589365207309045,-0.003348781493348667
A08,All_Clean,1,4-38Hz,0.49116069064771584,0.32217923792460784,0.18022256558097074,-0.0022998879468262056
A08,All_Clean,2,4-38Hz,0.4141352714703416,0.3790821076655655,0.25072486049934484,-0.001509767315750973
A08,All_Clean,3,4-38Hz,0.36662101810174885,0.4013680307559727,0.3099103071234137,-0.005469630041212938
A08,All_Clean,4,4-38Hz,0.30613982408937845,0.3710270228780006,0.38352503712179614,-0.004860710124192448
A08,All_Clean,5,4-38Hz,0.26368719744997277,0.32672567379227757,0.47541534483404563,-0.006413215321987102
A08,All_Clean,6,4-38Hz,0.5171981385334468,0.08297632762096946,0.11946971603669704,-0.001412326454884887
A08,All_Clean,7,4-38Hz,0.46213839381066385,0.18463280181689185,0.18599836880515522,-0.006160207220895759
A08,All_Clean,8,4-38Hz,0.40022428102475616,0.25600518117809923,0.2791368059812636,-0.00479454735359435
A08,All_Clean,9,4-38Hz,0.36861313623471564,0.2743865379395329,0.35903910207949535,-0.010051610680191376
A08,All_Clean,10,4-38Hz,0.31382568419627016,0.23394075594897068,0.4437142270132184,-0.00800247267635066
A08,All_Clean,11,4-38Hz,0.27019229019205604,0.1306474525980028,0.5716282753351389,-0.008960789577021417
A08,All_Clean,12,4-38Hz,0.24296532811776828,0.018941758592736502,0.6751074739226129,-0.001845035612684644
A08,All_Clean,13,4-38Hz,0.3668340181857155,0.05730291983777808,0.19944451444817757,-0.009704361900432116
A08,All_Clean,14,4-38Hz,0.33810892098820194,0.13269480591140326,0.30298045328951645,-0.009240971280755286
A08,All_Clean,15,4-38Hz,0.3227821079049746,0.13049727664102279,0.38923299335669465,-0.014260704348681305
A08,All_Clean,16,4-38Hz,0.29053084921162803,0.09305209058917163,0.4911435451359947,-0.013053964031740823
A08,All_Clean,17,4-38Hz,0.2559591750706263,0.005589603075298377,0.6001057194496471,-0.011491839431005152
A08,All_Clean,18,4-38Hz,0.2785326128638985,0.02555781216547834,0.32562007942629256,-0.01162421763205104
A08,All_Clean,19,4-38Hz,0.2815382779078025,0.0421963315563289,0.4077603007394088,-0.014128538952843866
A08,All_Clean,20,4-38Hz,0.2619495534767669,-0.0031816245785691866,0.4830016029398411,-0.01591801632846948
A08,All_Clean,21,4-38Hz,0.24893782817551394,-0.039507861458377896,0.41502760213001827,-0.01710341148108278
A08,Theta_Clean,0,4.0-8.0Hz,0.36854536783476355,0.40771798370828555,0.2909252470574515,-0.003995181870019352
A08,Theta_Clean,1,4.0-8.0Hz,0.46564265107096886,0.24809960967925787,0.22519073390644398,-0.0017597899506828843
A08,Theta_Clean,2,4.0-8.0Hz,0.4334133180081831,0.26301455235869803,0.2930360684692222,-0.0026671674244059646
A08,Theta_Clean,3,4.0-8.0Hz,0.4203727028017584,0.26549700392416015,0.3473124420590087,-0.006912573562937101
A08,Theta_Clean,4,4.0-8.0Hz,0.36742384893733593,0.252757909443043,0.38690102325784814,-0.006467453223865388
A08,Theta_Clean,5,4.0-8.0Hz,0.3335262416572014,0.2393457439185459,0.44740162219136137,-0.007313070733205668
A08,Theta_Clean,6,4.0-8.0Hz,0.371228099853445,0.11828498266142748,0.1404716514764136,0.0015904110526522308
A08,Theta_Clean,7,4.0-8.0Hz,0.3799089645853722,0.16043726369239827,0.2161635413016013,-0.0033691105907714385
A08,Theta_Clean,8,4.0-8.0Hz,0.38422432931641365,0.17219715685217404,0.29894453320521314,-0.0046587505358341745
A08,Theta_Clean,9,4.0-8.0Hz,0.3929087646514163,0.16286345168233612,0.3636855149558891,-0.01125421658015396
A08,Theta_Clean,10,4.0-8.0Hz,0.34684171700313304,0.1605060052486324,0.39502817075501245,-0.010519113530964358
A08,Theta_Clean,11,4.0-8.0Hz,0.2891286925126042,0.1284490690104268,0.4441472546005494,-0.011452155999752795
A08,Theta_Clean,12,4.0-8.0Hz,0.23111700325741008,0.07800401819696984,0.48673043250601694,-0.005070155714896938
A08,Theta_Clean,13,4.0-8.0Hz,0.23146687044698083,0.10180598511211825,0.187848269772989,-0.004958131387090912
A08,Theta_Clean,14,4.0-8.0Hz,0.27498252340710766,0.11242742198187888,0.27242871909017174,-0.00847533572902014
A08,Theta_Clean,15,4.0-8.0Hz,0.2864287463616775,0.09963296629831755,0.32405339905081565,-0.015642626303730676
A08,Theta_Clean,16,4.0-8.0Hz,0.2697866549449459,0.09522865162091854,0.36864071730681364,-0.01589663626541322
A08,Theta_Clean,17,4.0-8.0Hz,0.22240013009686568,0.07151022847953939,0.40005797103676455,-0.01473370383782059
A08,Theta_Clean,18,4.0-8.0Hz,0.15655118436979912,0.0678305085185324,0.231802372739032,-0.011382371793650932
A08,Theta_Clean,19,4.0-8.0Hz,0.202503664339326,0.065603199947294,0.2923933180625187,-0.016027586838839696
A08,Theta_Clean,20,4.0-8.0Hz,0.171521409612803,0.05155539592441724,0.31453721108638166,-0.019280716036396223
A08,Theta_Clean,21,4.0-8.0Hz,0.10758066925666586,0.02868930416219119,0.25450409291754567,-0.019569948266579495
A08,Alpha_Mu_Clean,0,8.0-13.0Hz,0.10151855104374176,1.0792777091884194,-0.014453370595097475,0.0009046253342186195
A08,Alpha_Mu_Clean,1,8.0-13.0Hz,0.33077607990839336,0.7888226618046525,-0.1015961621469032,-0.0029206397826228294
A08,Alpha_Mu_Clean,2,8.0-13.0Hz,0.1790246331145724,0.9745084660651115,-0.05359661315960915,-0.0004524139118195589
A08,Alpha_Mu_Clean,3,8.0-13.0Hz,0.0953135204226628,1.0512588482625056,0.004701613962837184,-0.00027782887671792773
A08,Alpha_Mu_Clean,4,8.0-13.0Hz,0.01925463233967547,0.9424220454482858,0.1580641389196797,0.0005236033750570085
A08,Alpha_Mu_Clean,5,8.0-13.0Hz,-0.006304636781280428,0.7728508187396197,0.3476586912777963,0.00040690473527864616
A08,Alpha_Mu_Clean,6,8.0-13.0Hz,0.4400370849150462,0.21027039654492163,-0.09004997826806102,-0.00633464302389638
A08,Alpha_Mu_Clean,7,8.0-13.0Hz,0.26838182207143374,0.520317358451702,-0.07163375684067899,-0.006907791266118703
A08,Alpha_Mu_Clean,8,8.0-13.0Hz,0.1115909502314918,0.7613779074584045,0.01436384214748177,-0.0030211386577566252
A08,Alpha_Mu_Clean,9,8.0-13.0Hz,0.0418189908236491,0.8453797016602855,0.11944354891831648,-0.0017346113402933584
A08,Alpha_Mu_Clean,10,8.0-13.0Hz,0.00945212079608173,0.6219564621602128,0.3724497681084282,-0.00019607804941841153
A08,Alpha_Mu_Clean,11,8.0-13.0Hz,0.015182065428247724,0.22331195622098687,0.7388908557707808,0.0006580058556528964
A08,Alpha_Mu_Clean,12,8.0-13.0Hz,0.045720681260130305,-0.13323044982509324,1.0192261720458704,0.0034981162449699986
A08,Alpha_Mu_Clean,13,8.0-13.0Hz,0.05474921843897099,0.2280774073044081,0.009818727859648968,-0.008946845480535046
A08,Alpha_Mu_Clean,14,8.0-13.0Hz,-0.02176221064866053,0.45689658974611513,0.14698295353796553,-0.004215187002478915
A08,Alpha_Mu_Clean,15,8.0-13.0Hz,-0.05236092885342786,0.44688016600364344,0.3213498725888203,-0.0024152808640015367
A08,Alpha_Mu_Clean,16,8.0-13.0Hz,-0.026514488163309556,0.21221567152217724,0.6177548530354575,-0.0005502750819617301
A08,Alpha_Mu_Clean,17,8.0-13.0Hz,-0.002204306479475237,-0.16419230627919257,0.9708482708116355,0.0008813856038653728
A08,Alpha_Mu_Clean,18,8.0-13.0Hz,-0.1561806405093095,0.17982441016047018,0.28761064051100693,-0.004296814745493901
A08,Alpha_Mu_Clean,19,8.0-13.0Hz,-0.1287370493039087,0.1885201100682522,0.454092523019996,-0.0024458147963247368
A08,Alpha_Mu_Clean,20,8.0-13.0Hz,-0.10774602305816375,-0.01518745918161385,0.685042785876567,-0.0015988582105338062
A08,Alpha_Mu_Clean,21,8.0-13.0Hz,-0.1936704573385626,-0.010361365033803971,0.5369571326139096,-0.003960460559474929
A08,Beta_Clean,0,13.0-30.0Hz,0.258266913106882,0.5852213955879649,0.1801579264797153,0.0012779295966574649
A08,Beta_Clean,1,13.0-30.0Hz,0.5478107901785786,0.3941510376085531,0.04636760105214941,0.0008746414112103832
A08,Beta_Clean,2,13.0-30.0Hz,0.38398598365939074,0.5068568123512225,0.11012421256113128,0.001690077593282553
A08,Beta_Clean,3,13.0-30.0Hz,0.27168449741253975,0.550597679396379,0.18738705118104443,0.00175308078497981
A08,Beta_Clean,4,13.0-30.0Hz,0.17874606876957005,0.5064039856833188,0.31414052443976437,0.0016484523186579116
A08,Beta_Clean,5,13.0-30.0Hz,0.11846059094857174,0.4125508316545051,0.47927723154797414,0.0012930997632289046
A08,Beta_Clean,6,13.0-30.0Hz,0.7369645244802088,0.062981637389037,0.05049853295795484,-0.00024068637081041608
A08,Beta_Clean,7,13.0-30.0Hz,0.5913486536237602,0.2401228753817346,0.08413574223857805,-0.00034761170954159866
A08,Beta_Clean,8,13.0-30.0Hz,0.4116673192099225,0.37897636127013085,0.1647500753033295,0.0006436518011146716
A08,Beta_Clean,9,13.0-30.0Hz,0.3095593157586368,0.4190121543586737,0.25185239307551754,0.0012130088805215747
A08,Beta_Clean,10,13.0-30.0Hz,0.22882878932578624,0.3509969032015068,0.39313336016982564,0.0019290981047934148
A08,Beta_Clean,11,13.0-30.0Hz,0.18581750933490698,0.16543017843905106,0.6230660182067288,0.0017604599532780236
A08,Beta_Clean,12,13.0-30.0Hz,0.18225248621053086,-0.04912430464583911,0.8305310923503884,0.0021377672601223317
A08,Beta_Clean,13,13.0-30.0Hz,0.5698474548695882,0.07739822239995914,0.1770543904983671,-0.0016909519026775152
A08,Beta_Clean,14,13.0-30.0Hz,0.41631766984514634,0.20652136238712482,0.2578737606720966,2.1471678912928797e-05
A08,Beta_Clean,15,13.0-30.0Hz,0.3479459834464289,0.20629560944363623,0.3565576072634462,0.0010021932974768122
A08,Beta_Clean,16,13.0-30.0Hz,0.2718541357257176,0.1512698312657304,0.49956542880297194,0.0017894497272085434
A08,Beta_Clean,17,13.0-30.0Hz,0.2351704200249717,0.002222140612672452,0.6842351593908939,0.001593587200800301
A08,Beta_Clean,18,13.0-30.0Hz,0.4303790100660444,0.020205383997416282,0.35714544778425966,-0.00027138799717451364
A08,Beta_Clean,19,13.0-30.0Hz,0.359811922945891,0.05883924856767725,0.43575236599160333,0.0007593774774111531
A08,Beta_Clean,20,13.0-30.0Hz,0.3338903204684836,-0.024912497458350558,0.5511292057088278,0.0009884829786312352
A08,Beta_Clean,21,13.0-30.0Hz,0.4039472867235382,-0.10862359561296897,0.4985075437912274,-0.00046394283660857816
A08,Gamma_Clean,0,30.0-38.0Hz,0.46107699798321766,0.05470807205541184,0.4387571831940519,0.000319765912321967
A08,Gamma_Clean,1,30.0-38.0Hz,0.5727173501638967,0.037552051764973476,0.3086033769409687,0.00048278211445940876
A08,Gamma_Clean,2,30.0-38.0Hz,0.5026605731201251,0.05772516386759108,0.3649368393916331,0.0004235131292849574
A08,Gamma_Clean,3,30.0-38.0Hz,0.45371826487720424,0.053060165968821404,0.42672786379224925,0.00046390823582939347
A08,Gamma_Clean,4,30.0-38.0Hz,0.3999600370634335,0.05034448544012021,0.48263572039378905,0.0003630278295087645
A08,Gamma_Clean,5,30.0-38.0Hz,0.3541042693749269,0.026500966014514515,0.5716756726906066,0.00036139130808439764
A08,Gamma_Clean,6,30.0-38.0Hz,0.6107745725187844,-0.0014546888941917302,0.2479903815640596,0.00029584325447778705
A08,Gamma_Clean,7,30.0-38.0Hz,0.5681885874136025,0.011004244497662047,0.30940351414478423,0.0005578233875197454
A08,Gamma_Clean,8,30.0-38.0Hz,0.5014542430022704,0.03415966957769179,0.3732445328300254,0.00050296409392329
A08,Gamma_Clean,9,30.0-38.0Hz,0.460440006245343,0.032139345784555795,0.4298810279290419,0.00045896856810607545
A08,Gamma_Clean,10,30.0-38.0Hz,0.41344806325525335,0.027585840964614028,0.4797587691314628,0.0003653086957789253
A08,Gamma_Clean,11,30.0-38.0Hz,0.3724256758526554,-0.0035715599573249435,0.5696906456613018,0.00028627071561179317
A08,Gamma_Clean,12,30.0-38.0Hz,0.3369878385765532,-0.025993017637659988,0.6343763629342827,5.743856039067826e-05
A08,Gamma_Clean,13,30.0-38.0Hz,0.5378289739786716,-0.017307046018903288,0.33914789121646155,0.0005757778484712185
A08,Gamma_Clean,14,30.0-38.0Hz,0.48725671178824187,0.0028014368908800824,0.3881312297355017,0.0004977454583475256
A08,Gamma_Clean,15,30.0-38.0Hz,0.4635205083526563,-0.003655039298339602,0.43757942660904575,0.00046037351842508463
A08,Gamma_Clean,16,30.0-38.0Hz,0.4272665897350245,-0.007917048029043694,0.4886119777077671,0.0003093399367669717
A08,Gamma_Clean,17,30.0-38.0Hz,0.39412552188441763,-0.023533850537816647,0.5449446309350955,0.0001918467660158119
A08,Gamma_Clean,18,30.0-38.0Hz,0.49304344579922826,-0.030150656456381764,0.40573691657795524,0.00038872874305835077
A08,Gamma_Clean,19,30.0-38.0Hz,0.4730970134467038,-0.022554959507053662,0.4393790640222028,0.00037882522841955677
A08,Gamma_Clean,20,30.0-38.0Hz,0.45468921011880203,-0.03314933509793394,0.46742023263401616,0.00035631078079756574
A08,Gamma_Clean,21,30.0-38.0Hz,0.48181598136598724,-0.04023036879614911,0.435378478058679,0.00031558319558963957
A09,All_Clean,0,4-38Hz,0.26775929597429715,0.5186376499049888,0.21687496097837775,-0.0006412938109628535
A09,All_Clean,1,4-38Hz,0.4993289646665302,0.3564068580581945,-0.03374727224384313,-0.0002695661197234971
A09,All_Clean,2,4-38Hz,0.36319863779443884,0.386535706013178,0.11385576569889436,-0.0025194318008909954
A09,All_Clean,3,4-38Hz,0.27892390991273025,0.39288617999916764,0.26043963665325987,-0.0037848604359018963
A09,All_Clean,4,4-38Hz,0.12492865028344168,0.3599559107398649,0.4539086352599362,-0.0024551816868776206
A09,All_Clean,5,4-38Hz,0.0030892924541577843,0.29932259945587214,0.6529477722004536,-0.0008054337108338314
A09,All_Clean,6,4-38Hz,0.4423097730492559,0.20263546859669185,-0.1534455077323027,0.005593492240521408
A09,All_Clean,7,4-38Hz,0.32827853267847434,0.2747884402556673,-0.06131968113616447,0.0029401762059025676
A09,All_Clean,8,4-38Hz,0.2297796095906353,0.3106289886419851,0.13068229087109903,-0.0021366339089701823
A09,All_Clean,9,4-38Hz,0.17085043708432654,0.3054756886216805,0.30572800150276636,-0.005168540265747691
A09,All_Clean,10,4-38Hz,0.023321509947953494,0.2480664494913103,0.5547451759041259,-0.0046904920426797635
A09,All_Clean,11,4-38Hz,-0.1465097822208565,0.1349891621168119,0.8574019836932949,-0.0028442390822045294
A09,All_Clean,12,4-38Hz,-0.211252104274482,0.05810680330392748,0.9924438281241927,0.0036685729179720336
A09,All_Clean,13,4-38Hz,0.07497560563759643,0.22344275961538926,-0.05298741847632458,0.004277382710402223
A09,All_Clean,14,4-38Hz,0.02713470659434417,0.24827021713705055,0.14582617676037488,-0.0027515708914946035
A09,All_Clean,15,4-38Hz,-0.021975035390791566,0.2361163892326093,0.33219999254244614,-0.006641216425366502
A09,All_Clean,16,4-38Hz,-0.11046757985614859,0.17065979702653217,0.5937844068577058,-0.006603924810188526
A09,All_Clean,17,4-38Hz,-0.2407037991570914,0.0673759653247773,0.888328654140494,-0.0040110415764950955
A09,All_Clean,18,4-38Hz,-0.17400088347458278,0.2124469334998264,0.13901059434481036,-0.0039809189085286524
A09,All_Clean,19,4-38Hz,-0.1911368805872028,0.198704080321367,0.3319553840595197,-0.008455036659560213
A09,All_Clean,20,4-38Hz,-0.242231488257697,0.1351329610624032,0.5492962121951069,-0.008292551180595681
A09,All_Clean,21,4-38Hz,-0.3005842141732513,0.17358097829890534,0.3120662418711667,-0.010549549082700367
A09,Theta_Clean,0,4.0-8.0Hz,0.2960543013301729,0.4351563620561033,0.2547987575347841,-0.00682056048407513
A09,Theta_Clean,1,4.0-8.0Hz,0.5025673960824463,0.2880246791615708,0.009209737407410531,-0.007105134182046145
A09,Theta_Clean,2,4.0-8.0Hz,0.35538206742628026,0.29742727569734895,0.15289022135670027,-0.010956832472628707
A09,Theta_Clean,3,4.0-8.0Hz,0.2778334911081861,0.2967571775108339,0.28471509731764444,-0.012274481947097364
A09,Theta_Clean,4,4.0-8.0Hz,0.13311457660031156,0.2834543627184814,0.4531746244279929,-0.00983562868999598
A09,Theta_Clean,5,4.0-8.0Hz,0.020861462459769043,0.2518645565570168,0.6225096550724605,-0.006486558297780048
A09,Theta_Clean,6,4.0-8.0Hz,0.4581041841083344,0.17361380183620617,-0.10164502454774464,0.0015017288146569555
A09,Theta_Clean,7,4.0-8.0Hz,0.29962228532546287,0.2187438442778186,0.0349672510989241,-0.0033733005230256407
A09,Theta_Clean,8,4.0-8.0Hz,0.20195444523050282,0.23190841258286538,0.1892909467950385,-0.00982266404824428
A09,Theta_Clean,9,4.0-8.0Hz,0.14758022372396526,0.21994015718813514,0.3230344216239544,-0.013837446296958104
A09,Theta_Clean,10,4.0-8.0Hz,0.04056945686773526,0.20276078713373769,0.473850017752989,-0.01283083498438531
A09,Theta_Clean,11,4.0-8.0Hz,-0.07511210018977686,0.1509189134015898,0.6632019885027732,-0.009381380099128029
A09,Theta_Clean,12,4.0-8.0Hz,-0.15683921229119702,0.08960170217485885,0.8276934698188942,-0.0007783648948874881
A09,Theta_Clean,13,4.0-8.0Hz,0.07953106913705664,0.19574077761423075,0.028570911562163428,2.378630546135127e-06
A09,Theta_Clean,14,4.0-8.0Hz,0.021977359349247626,0.20339212233109238,0.17031439189484332,-0.008353634999310446
A09,Theta_Clean,15,4.0-8.0Hz,-0.028935552881124746,0.1934581501252774,0.2949032324447923,-0.013105037320429568
A09,Theta_Clean,16,4.0-8.0Hz,-0.08974901120595219,0.16242021358874303,0.4542753208192373,-0.013523284893714928
A09,Theta_Clean,17,4.0-8.0Hz,-0.1725646832025143,0.11288193044683403,0.6396088181316378,-0.009697493052135473
A09,Theta_Clean,18,4.0-8.0Hz,-0.16836745539483572,0.19634057986533995,0.11106151199085738,-0.008361297733517669
A09,Theta_Clean,19,4.0-8.0Hz,-0.19236635434165109,0.18644906468060307,0.24256109766467635,-0.012915162438623068
A09,Theta_Clean,20,4.0-8.0Hz,-0.24810745347389823,0.15143414079443512,0.38113111830011065,-0.012786688596630227
A09,Theta_Clean,21,4.0-8.0Hz,-0.31671679282979853,0.18038547605485233,0.18141964810526495,-0.013034120334093579
A09,Alpha_Mu_Clean,0,8.0-13.0Hz,0.09001980287357161,0.9860916823309498,0.029614014416929117,-0.0002503841297121413
A09,Alpha_Mu_Clean,1,8.0-13.0Hz,0.4726642347095021,0.7303456715590726,-0.2917327522534807,-0.0012855183646531367
A09,Alpha_Mu_Clean,2,8.0-13.0Hz,0.223658194991374,0.8781662161345224,-0.13427569382765012,-0.0012803498477878628
A09,Alpha_Mu_Clean,3,8.0-13.0Hz,0.07380615132771401,0.9290983218497975,0.0581776911387566,-0.0022276227075349025
A09,Alpha_Mu_Clean,4,8.0-13.0Hz,-0.10601959139952814,0.8008761096075263,0.37132011052036146,-0.002563376124831489
A09,Alpha_Mu_Clean,5,8.0-13.0Hz,-0.21918841746644455,0.6073168473139332,0.6896050984185427,-0.0029791363178758297
A09,Alpha_Mu_Clean,6,8.0-13.0Hz,0.5536322486940201,0.3537564816718062,-0.38251158560987675,-0.0012642783052956624
A09,Alpha_Mu_Clean,7,8.0-13.0Hz,0.32669538544654453,0.5864934381833098,-0.3527435058685033,-0.002263478752597139
A09,Alpha_Mu_Clean,8,8.0-13.0Hz,0.08108062943195646,0.7675244153916444,-0.12155436498431668,-0.0029181618239457314
A09,Alpha_Mu_Clean,9,8.0-13.0Hz,-0.06984747165087857,0.8264466826616282,0.1208190344432052,-0.004106303807953989
A09,Alpha_Mu_Clean,10,8.0-13.0Hz,-0.2334866359147019,0.5741859953743595,0.609428359410002,-0.004079346319048019
A09,Alpha_Mu_Clean,11,8.0-13.0Hz,-0.4037253488296124,0.17892094966949135,1.1984612286880998,-0.005298460895510394
A09,Alpha_Mu_Clean,12,8.0-13.0Hz,-0.40512917094122336,-0.012887906203284505,1.369395835855691,-0.0017052498505954695
A09,Alpha_Mu_Clean,13,8.0-13.0Hz,-0.002662532007748514,0.4709972957160163,-0.2983256173967411,-0.00419283636772942
A09,Alpha_Mu_Clean,14,8.0-13.0Hz,-0.17974078060775234,0.606830450685798,-0.03164345680952764,-0.004467491954329114
A09,Alpha_Mu_Clean,15,8.0-13.0Hz,-0.2990550064844732,0.6132297183101026,0.2565541181366329,-0.00571171279738883
A09,Alpha_Mu_Clean,16,8.0-13.0Hz,-0.3623873661953298,0.35901790385610355,0.7589463826537952,-0.0057692522876791
A09,Alpha_Mu_Clean,17,8.0-13.0Hz,-0.4710685922447631,-0.01241024743118313,1.336778464487228,-0.00617307995430208
A09,Alpha_Mu_Clean,18,8.0-13.0Hz,-0.44548945467249307,0.49570996791185307,0.032844675532926665,-0.005779834383408291
A09,Alpha_Mu_Clean,19,8.0-13.0Hz,-0.49474261420917953,0.4743309409220985,0.340194912555644,-0.0065509339729356506
A09,Alpha_Mu_Clean,20,8.0-13.0Hz,-0.5097459756028383,0.25751315672366415,0.7479765641069337,-0.006344520793648824
A09,Alpha_Mu_Clean,21,8.0-13.0Hz,-0.6153361021060736,0.39642347127931243,0.37227714695443725,-0.007484164165932209
A09,Beta_Clean,0,13.0-30.0Hz,0.06288408135286397,0.7696666096457706,0.07642710298162309,0.0024461304300351094
A09,Beta_Clean,1,13.0-30.0Hz,0.3387432950845882,0.5398295458392539,-0.04032636167626722,-3.133837580677436e-07
A09,Beta_Clean,2,13.0-30.0Hz,0.19363437637946074,0.6553121404506251,0.024833579639029154,0.0012770213060581375
A09,Beta_Clean,3,13.0-30.0Hz,0.09023523496923375,0.7054165381603227,0.09730409716327434,0.002576182643928664
A09,Beta_Clean,4,13.0-30.0Hz,0.008595545506110934,0.63821991705895,0.22867390096020274,0.0035423813602571278
A09,Beta_Clean,5,13.0-30.0Hz,-0.040515039385921964,0.5012953398980975,0.4157885731452361,0.00393859721166283
A09,Beta_Clean,6,13.0-30.0Hz,0.3539617664999323,0.21783786597701302,-0.025135462100560932,-0.0019401629429458057
A09,Beta_Clean,7,13.0-30.0Hz,0.2898511877205645,0.3634973775236524,-0.005336068518531551,-0.0018577515043806032
A09,Beta_Clean,8,13.0-30.0Hz,0.16739341629710847,0.5095992312504838,0.07318230271057086,0.0002507860910722647
A09,Beta_Clean,9,13.0-30.0Hz,0.10114472954494255,0.5642479227899406,0.1549249070503759,0.0023006312388261893
A09,Beta_Clean,10,13.0-30.0Hz,0.022257190890670332,0.4948535981871778,0.31101724199109115,0.004256863584604165
A09,Beta_Clean,11,13.0-30.0Hz,-0.023705740671258718,0.3024481490964501,0.5578691643775867,0.005212643365284336
A09,Beta_Clean,12,13.0-30.0Hz,-0.03763729781227506,0.12130995609459228,0.7347592282721445,0.0029210521166457364
A09,Beta_Clean,13,13.0-30.0Hz,0.17708843496171386,0.13305109504029528,0.10532116118983402,-0.0005335962117868245
A09,Beta_Clean,14,13.0-30.0Hz,0.11603211818138227,0.29274647168264506,0.17065180733330598,0.0009098242511974699
A09,Beta_Clean,15,13.0-30.0Hz,0.0704349416666075,0.3446703985106908,0.26105306907252795,0.0030834913729900766
A09,Beta_Clean,16,13.0-30.0Hz,0.0006304748351670605,0.3157784434897038,0.3957107690658579,0.0046395443625818905
A09,Beta_Clean,17,13.0-30.0Hz,-0.04130222765429222,0.17028609910954307,0.6013251084369862,0.005150981409260823
A09,Beta_Clean,18,13.0-30.0Hz,0.028326894306342422,0.14362673537919501,0.2393243770138764,0.0025861210431868944
A09,Beta_Clean,19,13.0-30.0Hz,0.007936432831239244,0.1948098891795086,0.3232869099920383,0.0034363407993035573
A09,Beta_Clean,20,13.0-30.0Hz,-0.004569825494218851,0.13925906483398903,0.4493341738938171,0.0037084709690318194
A09,Beta_Clean,21,13.0-30.0Hz,-0.01990076838811211,0.07276297679684751,0.3543858890772057,0.003160938153700255
A09,Gamma_Clean,0,30.0-38.0Hz,0.07652905220696155,0.2635699106585355,0.1985669429927723,0.0001530010732372427
A09,Gamma_Clean,1,30.0-38.0Hz,0.07612336253140355,0.20531767931556555,0.16548038312001068,0.00018603101549536947
A09,Gamma_Clean,2,30.0-38.0Hz,0.052838722675499335,0.24334607001387293,0.1683462202466588,0.0001455215405444898
A09,Gamma_Clean,3,30.0-38.0Hz,0.062247444847620785,0.228178881792304,0.19426186202062962,0.00019988014345813284
A09,Gamma_Clean,4,30.0-38.0Hz,0.04539768765956757,0.21552363513976502,0.22265373677655612,0.00034796190229050917
A09,Gamma_Clean,5,30.0-38.0Hz,0.06267600443947723,0.1574827212123734,0.2803224143252304,0.00039068020412833605
A09,Gamma_Clean,6,30.0-38.0Hz,0.02656729255522975,0.19603402972522643,0.1323456431364322,0.0001800236957867599
A09,Gamma_Clean,7,30.0-38.0Hz,0.052956685796143925,0.1830359104041182,0.14849049603740036,0.00014593429181181035
A09,Gamma_Clean,8,30.0-38.0Hz,0.03217255547675946,0.20876126099920156,0.17047279063825313,0.0002019222377988962
A09,Gamma_Clean,9,30.0-38.0Hz,0.04536044931831606,0.18897832205414578,0.20017610365702848,0.0002746408995651494
A09,Gamma_Clean,10,30.0-38.0Hz,0.025825589416304136,0.17860178832552343,0.23879306168119543,0.0004589621831793211
A09,Gamma_Clean,11,30.0-38.0Hz,0.03707814098688722,0.11786829738499977,0.3044181993919157,0.0006746818824083337
A09,Gamma_Clean,12,30.0-38.0Hz,0.03197778749755009,0.12390870149817057,0.31296723639580454,0.0006147945666119363
A09,Gamma_Clean,13,30.0-38.0Hz,0.03960151854395195,0.11399397640550765,0.15195459635285682,0.00014179681852134963
A09,Gamma_Clean,14,30.0-38.0Hz,0.02269198029683531,0.14413621357166012,0.17690464607121445,0.000185498727165885
A09,Gamma_Clean,15,30.0-38.0Hz,0.035367939226328596,0.1251931238399865,0.21293209140084277,0.00024146313324502176
A09,Gamma_Clean,16,30.0-38.0Hz,0.01444576119462716,0.12060605712520794,0.2511797649840654,0.00044544084860433564
A09,Gamma_Clean,17,30.0-38.0Hz,0.006351296231704763,0.09327948267375546,0.29539309339979875,0.0005927619163372479
A09,Gamma_Clean,18,30.0-38.0Hz,0.02109954689204594,0.08336887172519208,0.1876977119673467,0.00030728908345481866
A09,Gamma_Clean,19,30.0-38.0Hz,0.028581854097709924,0.08908839343410144,0.2078604008211919,0.00032659148517130926
A09,Gamma_Clean,20,30.0-38.0Hz,0.040195067819736086,0.07644978616972262,0.2337443722715944,0.0003671431105103007
A09,Gamma_Clean,21,30.0-38.0Hz,0.04254429043119128,0.06335740359373371,0.20048184846357817,0.0003153402028336165
