Subject,Run,Trial,Onset,True_Class,Artifact,Theta_Baseline_R2,Theta_MI_R2,Theta_Change_R2,Alpha_Mu_Baseline_R2,Alpha_Mu_MI_R2,Alpha_Mu_Change_R2,Beta_Baseline_R2,Beta_MI_R2,Beta_Change_R2,Gamma_Baseline_R2,Gamma_MI_R2,Gamma_Change_R2
A01,3,1,251,1,0,0.5403795352206349,0.25075318802534957,-0.2896263471952853,0.23769357913556807,0.4933076593249237,0.2556140801893556,0.2378675336097629,0.14558395842813243,-0.09228357518163047,0.3440859041259152,0.1889476668703642,-0.155138237255551
A01,3,2,2254,2,0,0.3673205448129577,0.2043968703861664,-0.16292367442679132,0.3570467242697478,0.3350332784840819,-0.02201344578566594,0.2265380143845752,0.31517602001534745,0.08863800563077226,0.2687937980708304,0.24631513980460537,-0.022478658266225054
A01,3,3,4172,2,0,0.3616035121733133,0.3415846647310025,-0.020018847442310805,0.44768746278871985,0.257798362364407,-0.18988910042431284,0.058221689130205596,0.09324622898178536,0.035024539851579765,0.12617862763504797,0.268322365458915,0.14214373782386705
A01,3,4,6124,1,0,0.2284175349554421,0.18113673108497302,-0.04728080387046907,0.29693413360615456,0.42535321185919195,0.1284190782530374,0.2868090802491925,0.26732448620355936,-0.01948459404563313,0.19547915004138902,0.23636330767699112,0.0408841576356021
A01,3,5,8132,2,0,0.534642539329378,0.1320413217042477,-0.4026012176251303,0.35964533382573755,0.4820832482722795,0.12243791444654195,0.13264485143947796,0.24037297769129887,0.1077281262518209,0.13326660114102154,0.4581748543826763,0.32490825324165473
A01,3,6,10243,1,0,0.47394622490688526,0.36274603326533,-0.11120019164155526,0.5031748569334521,0.4163297630958607,-0.08684509383759137,0.10052553268778029,0.31571449965765325,0.21518896696987294,0.11486074054646608,0.18982327758959247,0.07496253704312639
A01,3,7,12160,2,0,0.35972256632047056,0.3070950140327427,-0.05262755228772786,0.3573246609761993,0.482823714885856,0.1254990539096567,0.2923743055511113,0.19848754538563038,-0.09388676016548095,0.14625157470408884,0.2116946159394119,0.06544304123532307
A01,3,8,14210,3,0,0.29100327983485513,0.17658800732218444,-0.1144152725126707,0.3935274332941737,0.24339783916166705,-0.15012959413250668,0.2612892048085033,0.4544833093358367,0.19319410452733338,0.24892762306894584,0.37746831301931694,0.1285406899503711
A01,3,9,16141,2,0,0.7923544925344551,0.44789128937348377,-0.34446320316097134,0.18151351788418488,0.37326295004118076,0.19174943215699589,0.12425642911414826,0.1816546346335665,0.057398205519418224,0.06014075967056687,0.21334644656604457,0.1532056868954777
A01,3,10,18139,4,0,0.46333588502380035,0.2712179602428805,-0.19211792478091988,0.26892967998158196,0.4203480180182363,0.15141833803665433,0.28472654356321814,0.14043682421566206,-0.14428971934755608,0.284730980343605,0.20115535299233925,-0.08357562735126575
A01,3,11,20045,1,0,0.25141468018679286,0.32026224374900863,0.06884756356221577,0.38795474204215835,0.347468948658957,-0.04048579338320135,0.25922817676828386,0.3072537143847084,0.04802553761642453,0.27301015188518696,0.24339012906278182,-0.02962002282240514
A01,3,12,21940,3,0,0.4245766647523244,0.29556357736826433,-0.1290130873840601,0.33522027512186475,0.396316169901143,0.06109589477927824,0.23475242251741743,0.3876044801092262,0.15285205759180878,0.3683983507687162,0.2706219752424707,-0.09777637552624546
A01,3,13,23912,2,0,0.6131275763568522,0.3580567550865954,-0.2550708212702568,0.3469221916015462,0.38831670014040315,0.041394508538856956,0.2225057382912621,0.3125357644363534,0.09003002614509129,0.1913405797192083,0.2301308418894548,0.0387902621702465
A01,3,14,25856,1,0,0.4099758809314773,0.5684665073844488,0.15849062645297152,0.45539161667808525,0.5033416105244426,0.04794999384635734,0.3147639342933539,0.4544515867313879,0.139687652438034,0.36455212795984615,0.38602444510875156,0.021472317148905407
A01,3,15,27823,4,0,0.34019902111128725,0.2613222314435384,-0.07887678966774886,0.36046872987491657,0.3006752782930974,-0.059793451581819146,0.20177025079096517,0.25190352443116576,0.05013327364020059,0.30499609532723637,0.2078433135588156,-0.09715278176842077
A01,3,16,29943,4,0,0.21396875750590613,0.3805015228567111,0.166532765350805,0.3604823573128746,0.5267455482255627,0.16626319091268815,0.33882585262043435,0.2610336153074045,-0.07779223731302987,0.16352237268484543,0.20454919927549817,0.04102682659065274
A01,3,17,31951,4,0,0.21301953135519738,0.5162920957736621,0.30327256441846473,0.17049166692249348,0.5257966738908951,0.3553050069684016,0.21291617145850011,0.34591350882585165,0.13299733736735153,0.5497971850120565,0.40465812093205156,-0.145139064080005
A01,3,18,34017,4,0,0.5016800544044866,0.2557877052064487,-0.24589234919803787,0.15744769450775736,0.33379278482303654,0.17634509031527917,0.3156129337862913,0.10751416693919151,-0.20809876684709977,0.21937829896070613,0.13780449092944028,-0.08157380803126585
A01,3,21,40189,3,0,0.16695035061980462,0.2573780630471463,0.09042771242734166,0.43021945186712546,0.3935889202518489,-0.036630531615276574,0.09510957104382843,0.22181948344953925,0.12670991240571083,0.5553676859357609,0.35999419543185807,-0.19537349050390285
A01,3,22,42269,2,0,0.3532969736723549,0.49772045940017773,0.14442348572782282,0.4928405345133106,0.565364804717096,0.07252427020378543,0.2334002517616845,0.4315268090532291,0.1981265572915446,0.47529970094007684,0.35870434938777196,-0.11659535155230488
A01,3,23,44181,1,0,0.3420768478595942,0.27333297155283975,-0.06874387630675444,0.30727344615053614,0.4892915110335593,0.18201806488302313,0.14019692101185935,0.13551678099529593,-0.004680140016563417,0.2172397177739164,0.16414658240229846,-0.053093135371617944
A01,3,24,46212,1,0,0.2731938308077048,0.3912066440737469,0.11801281326604207,0.35649855026997995,0.4833098103790743,0.12681126010909433,0.13747679655424905,0.1406614026827403,0.003184606128491252,0.1769379449682657,0.26621039049962153,0.08927244553135583
A01,3,25,48165,3,0,0.12358652137495507,0.2046533572082024,0.08106683583324734,0.25341893631262463,0.4766563111469929,0.22323737483436829,0.24954337001058402,0.3781291623221942,0.12858579231161016,0.11443776208686317,0.2039359055214942,0.08949814343463104
A01,3,26,50126,4,0,0.1104779671271038,0.48571812935065345,0.37524016222354967,0.278763485779072,0.4178708825736133,0.13910739679454132,0.1933237918763603,0.24408666821025563,0.05076287633389531,0.29448595600120064,0.2812361343620041,-0.013249821639196524
A01,3,27,52230,1,0,0.3299035305132629,0.15940428226041448,-0.1704992482528484,0.27074195262798084,0.6255948303908573,0.35485287776287644,0.11355444075643559,0.2693881002007737,0.1558336594443381,0.22956590133484206,0.3126440673501234,0.08307816601528134
A01,3,28,54234,3,0,0.33911646172713533,0.18477147146489142,-0.1543449902622439,0.395512507927488,0.3732976510440858,-0.02221485688340219,0.24236995747156267,0.229992403347435,-0.012377554124127665,0.1384215147633458,0.4175702632145648,0.279148748451219
A01,3,29,56209,3,0,0.19148567171659575,0.27454172484870387,0.08305605313210812,0.3015118736292292,0.2611391692678718,-0.040372704361357425,0.23136282573976535,0.19714171902823635,-0.034221106711529004,0.17898774396033876,0.29474858040835183,0.11576083644801308
A01,3,30,58235,3,0,0.27864032537959055,0.33756768615452104,0.05892736077493049,0.28978099387924916,0.18735473323272456,-0.1024262606465246,0.2095311014043106,0.3596178612434447,0.15008675983913408,0.3331004394637461,0.23627818820655083,-0.09682225125719529
A01,3,31,60306,1,0,0.10524121026034716,0.5103640874759156,0.4051228772155684,0.2241812618257784,0.4911743302090018,0.2669930683832234,0.22313777597455348,0.31816538855280524,0.09502761257825176,0.1744267605489202,0.3442005389973569,0.16977377844843672
A01,3,32,62413,2,0,0.31194272708994764,0.11556349300509483,-0.1963792340848528,0.6921257777131943,0.5678100042918105,-0.12431577342138378,0.19902854442765777,0.3394167785837564,0.14038823415609863,0.2552338749420245,0.19049761507998,-0.06473625986204448
A01,3,33,64505,1,0,0.31699070968286425,0.4262790016963684,0.10928829201350415,0.5650449908842748,0.3641016126248204,-0.20094337825945446,0.25739056711328845,0.2470659231126909,-0.010324644000597544,0.3480113708838516,0.2257825785143273,-0.1222287923695243
A01,3,35,68639,2,0,0.2931158840093212,0.16376443889391792,-0.12935144511540328,0.4152605715910382,0.3734742367177191,-0.041786334873319064,0.2156259396064319,0.2886301130052695,0.07300417339883758,0.28403449193135166,0.15939816302216367,-0.124636328909188
A01,3,36,70703,1,0,0.34948181926306315,0.48754491073595513,0.13806309147289197,0.24860185743855642,0.5009310161913457,0.2523291587527893,0.2007139462114991,0.30433361682782906,0.10361967061632996,0.15318037381906255,0.2523659237908383,0.09918554997177573
A01,3,37,72723,2,0,0.3255041697479358,0.16494746845028013,-0.16055670129765565,0.3981034496341137,0.5763735938284843,0.1782701441943706,0.2655904326563652,0.2939750981634654,0.02838466550710017,0.17540161557243752,0.359986567256735,0.18458495168429748
A01,3,38,74695,3,0,0.24644051335008393,0.38638294744794244,0.1399424340978585,0.4151714005678676,0.29522314409924444,-0.11994825646862317,0.22178607404300227,0.21550414940989102,-0.006281924633111252,0.22607748939713604,0.4250221932830741,0.19894470388593807
A01,3,39,76658,2,0,0.6917785239687845,0.3168367082721831,-0.3749418156966014,0.2401512368889472,0.3910054960940518,0.15085425920510456,0.1605441450761034,0.2855263013241445,0.12498215624804113,0.27398541820084754,0.25112462432195454,-0.022860793878893004
A01,3,40,78583,3,0,0.1280338733312758,0.4992343664050495,0.3712004930737737,0.33126930025391393,0.3374793221340812,0.006210021880167282,0.38536255409853065,0.089116591299457,-0.29624596279907367,0.36752471926326447,0.07426708780898984,-0.29325763145427464
A01,3,41,80664,3,0,0.43564364770814984,0.3325568245352309,-0.10308682317291895,0.1929579766630737,0.4335894493280388,0.24063147266496507,0.15275886674356665,0.24004213552873482,0.08728326878516818,0.3217590817869579,0.2014353988890733,-0.12032368289788459
A01,3,42,82642,4,0,0.19624357631828154,0.3037952263885888,0.10755165007030726,0.3676758292329885,0.16774340103858718,-0.19993242819440135,0.12177392121221829,0.2519107373063168,0.1301368160940985,0.24419722193043775,0.18647871726415113,-0.05771850466628661
A01,3,43,84632,3,0,0.1673944701826223,0.5159619678268892,0.34856749764426687,0.3100558785917623,0.3907286908638146,0.08067281227205231,0.16991934496831654,0.27857774190313844,0.1086583969348219,0.3258856148797532,0.24543980174708402,-0.08044581313266919
A01,3,44,86751,3,0,0.6487804383565109,0.38522632697151316,-0.26355411138499774,0.30030695832183607,0.24817332877179624,-0.052133629550039834,0.2915835198814631,0.2355230310353684,-0.056060488846094686,0.1270477904555607,0.20799822916366664,0.08095043870810595
A01,3,45,88657,4,0,0.2079165446756183,0.218689400974579,0.010772856298960715,0.5431807039209644,0.3287254461539823,-0.2144552577669821,0.2758033819168331,0.1754802396135316,-0.10032314230330153,0.24981243018483326,0.10209380753535868,-0.14771862264947458
A01,3,46,90585,4,0,0.33912420535666815,0.2635536516963538,-0.07557055366031434,0.6220093235792018,0.35844306766379674,-0.26356625591540506,0.17784460549248854,0.21962767993725457,0.04178307444476603,0.2794289225860324,0.2246022330471784,-0.054826689538854
A01,3,47,92699,4,0,0.5472740425853911,0.24220727912112897,-0.3050667634642622,0.21485745411624224,0.5530620822878474,0.3382046281716051,0.11698334232613095,0.3633150483220984,0.24633170599596743,0.25993531582727014,0.1763250893738382,-0.08361022645343194
A01,3,48,94758,4,0,0.09878731390347348,0.2603098573254585,0.16152254342198505,0.2939535245486732,0.3649254155727408,0.07097189102406759,0.3576713695984978,0.2744646695591409,-0.08320670003935693,0.34336854546399703,0.2900952061062118,-0.05327333935778522
A01,4,1,251,4,0,0.8083289259533325,0.12408671559695243,-0.6842422103563801,0.7456047272161553,0.4547834782473935,-0.2908212489687618,0.41531623904691967,0.2069479387432381,-0.20836830030368156,0.6867790767506181,0.5697588898764562,-0.11702018687416194
A01,4,2,2254,3,0,0.5500909810784936,0.29142738380405564,-0.258663597274438,0.40827914059227616,0.2217493369037415,-0.18652980368853467,0.2563131176165429,0.3960080180703027,0.13969490045375982,0.260277765493276,0.5125964781308072,0.2523187126375312
A01,4,3,4172,2,0,0.13619806463447662,0.1756624653487347,0.03946440071425808,0.1951129466166524,0.47778979382942205,0.28267684721276964,0.3834585722906093,0.32760174267861597,-0.05585682961199334,0.6985741505252518,0.45307498671380914,-0.2454991638114427
A01,4,4,6124,1,0,0.5143657630109285,0.3421299483866809,-0.17223581462424759,0.254193152648363,0.37307441943904934,0.11888126679068634,0.3781696403146538,0.2842522098253191,-0.09391743048933465,0.4004934296087437,0.2657862278895337,-0.13470720171920997
A01,4,5,8132,1,0,0.2948110677722723,0.17060809631400747,-0.12420297145826481,0.2698245054616736,0.21632280557690284,-0.05350169988477074,0.18371013742588854,0.2817773753432227,0.09806723791733418,0.18247850186841183,0.2653770689951411,0.08289856712672924
A01,4,6,10243,2,0,0.448240967257622,0.2986011327626677,-0.14963983449495433,0.12924791192630686,0.6266279413359614,0.4973800294096546,0.3025059251060133,0.18430688568751055,-0.11819903941850277,0.38489453703755083,0.2621578219789649,-0.12273671505858591
A01,4,8,14210,4,0,0.418401074443695,0.08432798227062506,-0.33407309217306996,0.3012803735604869,0.5537947728649376,0.2525143993044507,0.299534323596442,0.5372187837840349,0.23768446018759287,0.5771522095607707,0.5862217523084892,0.009069542747718429
A01,4,9,16141,2,0,0.39637884082509,0.36012102230976856,-0.03625781851532145,0.24159923107165668,0.35036576243615997,0.10876653136450329,0.3769567554197849,0.40137641815852454,0.024419662738739634,0.5922572467792689,0.5765298434598484,-0.015727403319420574
A01,4,10,18139,3,0,0.160086372076355,0.41312578694802876,0.25303941487167375,0.6608449230821327,0.376512817721587,-0.2843321053605457,0.3949184391766281,0.3104593267880249,-0.08445911238860321,0.3076779175984528,0.46384412248909734,0.15616620489064453
A01,4,11,20045,1,0,0.10778241418344477,0.1409863509621405,0.03320393677869572,0.38543725850445004,0.544686003481577,0.159248744977127,0.2449171045662276,0.36540162962155287,0.12048452505532528,0.48302138984973436,0.4302229315114527,-0.05279845833828167
A01,4,12,21940,1,0,0.09837167785483068,0.3567725795631456,0.2584009017083149,0.3743797382320356,0.30531340937751034,-0.06906632885452524,0.18978883714617187,0.45744967699404565,0.2676608398478738,0.28573528105169393,0.43120386737110067,0.14546858631940673
A01,4,13,23912,1,0,0.546741081023269,0.32949933810961685,-0.21724174291365217,0.23051072562818375,0.46237698982534825,0.2318662641971645,0.2723194724069797,0.2960038547398858,0.023684382332906095,0.62823295256601,0.5092102826174689,-0.11902266994854105
A01,4,14,25856,4,0,0.3088819558585213,0.38775103658151816,0.07886908072299686,0.579727252726583,0.4194169521519377,-0.1603103005746453,0.1828508279030449,0.39042247483506504,0.20757164693202013,0.20710792315304877,0.539730350080314,0.33262242692726524
A01,4,15,27823,2,0,0.27460952517671033,0.2581557187857579,-0.016453806390952452,0.48010261228265527,0.14176959887619947,-0.33833301340645583,0.3478016364300117,0.2587076122358098,-0.08909402419420193,0.2643763537910475,0.5905234295218529,0.32614707573080537
A01,4,16,29943,2,0,0.31733770279904705,0.17998417007735432,-0.13735353272169273,0.4993423979709223,0.2315130210730494,-0.2678293768978729,0.2989045469539335,0.34747150000781757,0.04856695305388409,0.5658989402793192,0.48266787080186635,-0.08323106947745285
A01,4,17,31951,1,0,0.42209745747910266,0.20438332317228675,-0.2177141343068159,0.26630020905216517,0.40022455424949316,0.133924345197328,0.3608294505974845,0.43410556342010803,0.07327611282262353,0.2509083493293608,0.6224700296550043,0.3715616803256435
A01,4,18,34017,1,0,0.2656859507564645,0.3672304973858654,0.10154454662940088,0.2565081961795764,0.6260472987839713,0.3695391026043949,0.3892426163439709,0.5316526652429093,0.14241004889893843,0.24904934975863682,0.6290176902086039,0.3799683404499671
A01,4,19,36053,3,0,0.20775082820260377,0.47810791983678685,0.2703570916341831,0.2568316884632758,0.16794220572991816,-0.08888948273335764,0.19091390527184857,0.2403753500173693,0.04946144474552072,0.1017211128779505,0.4156522874017256,0.3139311745237751
A01,4,20,38119,1,0,0.3150890075613178,0.07103622745344111,-0.24405278010787668,0.2644630049963584,0.6847532817385773,0.4202902767422189,0.4183043031185176,0.3393366202040728,-0.07896768291444478,0.5943197180661505,0.45754572265267435,-0.13677399541347612
A01,4,22,42269,4,0,0.2850571799798352,0.4771222081035812,0.19206502812374598,0.3325306409784013,0.39999503450324314,0.06746439352484185,0.2104379727373785,0.27405709916502413,0.06361912642764564,0.2661824949567646,0.288374777591309,0.02219228263454437
A01,4,23,44181,4,0,0.41812134216101365,0.3624194558690793,-0.055701886291934344,0.3641751628828785,0.5066736140538226,0.14249845117094412,0.269700083635931,0.31317741453678,0.04347733090084899,0.14463432599080944,0.24197623784214914,0.0973419118513397
A01,4,24,46212,3,0,0.35430861574364736,0.1541048721264294,-0.20020374361721796,0.4660138295948939,0.24002338729286374,-0.22599044230203016,0.3332928980204553,0.279928415546168,-0.05336448247428732,0.37253632726856534,0.431112313737951,0.058575986469385666
A01,4,25,48165,1,0,0.46846982894677114,0.2675944235014834,-0.20087540544528776,0.226731438474481,0.4326919756811627,0.2059605372066817,0.3090194640336893,0.3606081527564798,0.05158868872279049,0.3657261149159428,0.36412368905485565,-0.0016024258610871644
A01,4,26,50126,4,0,0.09166360523501763,0.3947817892003459,0.3031181839653283,0.4126201129398798,0.5736617730319871,0.16104166009210724,0.19722977282320486,0.38484772137505213,0.18761794855184727,0.20790685868439132,0.5070886489383365,0.2991817902539452
A01,4,27,52230,4,0,0.42052670851751733,0.3933373947900206,-0.027189313727496722,0.49063786456765923,0.5567154802715464,0.06607761570388715,0.40576328113816945,0.34371080313753144,-0.06205247800063801,0.32530580680885385,0.3981494793841615,0.07284367257530766
A01,4,28,54234,2,0,0.11996121661765034,0.37732653029419755,0.2573653136765472,0.41865170282279507,0.48747255752332064,0.06882085470052557,0.2308051676202108,0.24842838821270005,0.017623220592489247,0.2321784119069514,0.19321760281301364,-0.03896080909393776
A01,4,29,56209,4,0,0.2976419599363685,0.5596834071181158,0.2620414471817473,0.4496669570613549,0.31522656645967995,-0.13444039060167495,0.057089091960562555,0.36090607174710854,0.303816979786546,0.2667404192278143,0.32516579783206173,0.05842537860424746
A01,4,30,58235,4,0,0.0738027557589285,0.20916616241275737,0.13536340665382887,0.4471710477425862,0.43953650147753176,-0.007634546265054443,0.29746949199356126,0.2679068637120027,-0.02956262828155859,0.31135144143317717,0.469604429592613,0.15825298815943584
A01,4,31,60306,2,0,0.3926441287344257,0.23133393048870138,-0.16131019824572435,0.1508157583908094,0.4998157102859945,0.34899995189518507,0.38744024640603886,0.26333400021095116,-0.1241062461950877,0.28061455672360575,0.5114282181986336,0.23081366147502785
A01,4,32,62413,1,0,0.39382707176971976,0.3501229138752683,-0.04370415789445148,0.4866560127946196,0.47359554986510904,-0.013060462929510575,0.17112021168812527,0.21571580845296418,0.0445955967648389,0.23651322460706176,0.3545332848374529,0.11802006023039113
A01,4,33,64505,2,0,0.5194185939921192,0.34930138199022576,-0.17011721200189345,0.1868839313430673,0.3851050848614935,0.19822115351842617,0.1827761715948372,0.21001566481292797,0.02723949321809077,0.5085801068228712,0.2556230644673186,-0.25295704235555266
A01,4,34,66596,3,0,0.23701312245577114,0.25426811304267644,0.0172549905869053,0.2828816210353275,0.24512711216022315,-0.03775450887510434,0.2593597458991979,0.20292217443021793,-0.056437571468979986,0.21192800776168536,0.3288738661114066,0.11694585834972127
A01,4,35,68639,3,0,0.39278299023297025,0.24787532383902988,-0.14490766639394037,0.4057242668376082,0.37100169173806463,-0.03472257509954357,0.28377757031484485,0.3427255783396555,0.05894800802481065,0.4173464958229499,0.28684173723346634,-0.13050475858948357
A01,4,36,70703,3,0,0.38547439169479214,0.32598260637067344,-0.059491785324118696,0.22561759074759496,0.3400238921753565,0.11440630142776154,0.25011667486360734,0.06509910445458507,-0.18501757040902228,0.40230825305144224,0.33269753840512994,-0.0696107146463123
A01,4,37,72723,4,0,0.32513895162790174,0.253723399685085,-0.07141555194281674,0.4792982636448224,0.4618073233115361,-0.017490940333286298,0.2817094445870445,0.16722596299416423,-0.11448348159288027,0.2451488864359362,0.30308968122807517,0.05794079479213898
A01,4,38,74695,3,0,0.21118565844359521,0.22415777807646417,0.012972119632868956,0.6710331975324676,0.3825614703481439,-0.2884717271843237,0.24207659418207392,0.2434723966931566,0.0013958025110826777,0.16478120231586532,0.23482955795351118,0.07004835563764586
A01,4,39,76658,1,0,0.4799059569758913,0.3887605872142571,-0.09114536976163418,0.4672120845109279,0.47576052490316917,0.008548440392241285,0.23427946973184532,0.27291363184739337,0.03863416211554804,0.5584154894044027,0.20021321616694482,-0.35820227323745785
A01,4,40,78583,4,0,0.21690255441578854,0.21433860711083744,-0.002563947304951103,0.5119428584042567,0.41423542399338137,-0.09770743441087532,0.18451865963917694,0.1320000505448742,-0.052518609094302726,0.3360156197769014,0.25970475081725103,-0.07631086895965039
A01,4,41,80664,2,0,0.1032694384140982,0.35464867167468317,0.251379233260585,0.35461417439532916,0.2336708669369504,-0.12094330745837875,0.34883479319566996,0.21421576275056822,-0.13461903044510173,0.28639555358119306,0.40703770783295673,0.12064215425176367
A01,4,42,82642,3,0,0.5012659712780663,0.6236149816222506,0.12234901034418433,0.3544105100603153,0.36156145009525187,0.007150940034936548,0.22853631607340655,0.29486553149595823,0.06632921542255169,0.31357272689565285,0.27962213937266717,-0.03395058752298569
A01,4,43,84632,2,0,0.15131229355560435,0.16487475949993127,0.013562465944326918,0.2547444737837376,0.3533720399829017,0.09862756619916407,0.29149182609782975,0.2709850146382418,-0.020506811459587937,0.15764224515228714,0.4209081625637787,0.2632659174114916
A01,4,44,86751,3,0,0.6279271746264501,0.2579889939354216,-0.3699381806910285,0.4473656527395536,0.3357994314504706,-0.111566221289083,0.1856493865407671,0.18756709759224163,0.0019177110514745355,0.41588126810178966,0.26899493808950564,-0.14688633001228402
A01,4,45,88657,4,0,0.12331767034494433,0.18480172983642212,0.0614840594914778,0.28926316078366504,0.381654074554982,0.09239091377131697,0.22384114118324278,0.21285137361023687,-0.010989767573005904,0.363435404958585,0.31927401344151457,-0.044161391517070436
A01,4,46,90585,2,0,0.14079233316060136,0.3726704793325154,0.23187814617191405,0.34942723965175526,0.4897377763618878,0.14031053671013255,0.29012884106312303,0.3865097014660773,0.0963808604029543,0.12398042602525894,0.30273622942894934,0.1787558034036904
A01,4,47,92699,3,0,0.57744349710301,0.14623710862497497,-0.43120638847803505,0.4613011819586919,0.40955468502671355,-0.05174649693197836,0.20640671886928402,0.20360062061399292,-0.0028060982552911007,0.41410810337582543,0.21461122807218982,-0.1994968753036356
A01,4,48,94758,1,0,0.10373291679694781,0.3550990074148861,0.2513660906179383,0.29872099672450325,0.1380027732362726,-0.16071822348823064,0.1083586230725011,0.21752449972160812,0.10916587664910701,0.19784758710386433,0.23424182197732532,0.036394234873460996
A01,5,1,251,1,0,0.22496630931357764,0.34086829062195995,0.11590198130838231,0.41563151067083143,0.37222619614738756,-0.04340531452344387,0.4212361214513284,0.3939969265974317,-0.027239194853896698,0.3086247139686465,0.42732184164621956,0.11869712767757307
A01,5,2,2254,1,0,0.3479213273211788,0.33109317513132,-0.01682815218985878,0.45054940211995037,0.31300693822247766,-0.1375424638974727,0.23778555655056519,0.2530184539879416,0.015232897437376408,0.2723593581173731,0.36741312622161704,0.09505376810424393
A01,5,3,4172,4,0,0.5667331161821264,0.21143738074191273,-0.35529573544021364,0.2759733554921629,0.38247784929958467,0.10650449380742177,0.2448442725112351,0.24381399979435608,-0.001030272716879027,0.4429519095331401,0.4126318988259237,-0.030320010707216405
A01,5,4,6124,2,0,0.2017953705185333,0.14121438056515903,-0.06058098995337427,0.30908248118451687,0.46921618886124633,0.16013370767672946,0.1219105781795704,0.1738434399732785,0.051932861793708096,0.07408079880938047,0.3013442334099626,0.22726343460058213
A01,5,5,8132,1,0,0.505383907168667,0.3718541873828232,-0.13352971978584377,0.2504134535295048,0.4519815168136718,0.20156806328416704,0.1655648646355221,0.27386020170288367,0.10829533706736155,0.36489662795078737,0.25784687530518985,-0.10704975264559752
A01,5,6,10243,3,0,0.664066096190694,0.5615633947822803,-0.10250270140841367,0.5095056405693978,0.3640709344884368,-0.14543470608096104,0.1660434736098162,0.219418513815897,0.053375040206080804,0.17317761777963764,0.2885239606394286,0.11534634285979095
A01,5,7,12160,1,0,0.3400186404846855,0.4376139420963248,0.09759530161163932,0.19232598329549702,0.4087645502738119,0.2164385669783149,0.24674292589439029,0.2300636437301374,-0.01667928216425288,0.12337884411991813,0.11929081327868721,-0.004088030841230925
A01,5,8,14210,3,0,0.36939392097684404,0.4560922317243739,0.08669831074752987,0.4679322475765168,0.07335015555876145,-0.39458209201775535,0.33930535649336363,0.2661874583816683,-0.07311789811169533,0.19103830732841784,0.22284386733982525,0.03180556001140741
A01,5,9,16141,2,0,0.3525309783999084,0.38027460527840845,0.02774362687850007,0.36149129410597236,0.4631703460379654,0.10167905193199306,0.3153517668860632,0.38481505055603143,0.06946328366996823,0.08722337160607904,0.28262575865753553,0.1954023870514565
A01,5,10,18139,4,0,0.3283306267908338,0.16884353571755314,-0.15948709107328066,0.4638922465765619,0.2838108476732198,-0.18008139890334213,0.25706002580771936,0.16310209437825973,-0.09395793142945963,0.1528173701591455,0.20605122371512966,0.053233853555984145
A01,5,11,20045,1,0,0.42913865460754824,0.42561430807621015,-0.003524346531338096,0.17091948792330242,0.33921055632998226,0.16829106840667984,0.18444680319767137,0.3591086702498978,0.17466186705222642,0.2902967670517714,0.4800242315892264,0.18972746453745504
A01,5,12,21940,3,0,0.2544391048555399,0.28244036722450605,0.028001262368966162,0.2959275834005362,0.2705067527340174,-0.02542083066651879,0.2073614570911601,0.25539072847380506,0.048029271382644956,0.11528377107194202,0.37886685215782245,0.26358308108588047
A01,5,13,23912,3,0,0.5311784237379775,0.20084137397889945,-0.33033704975907807,0.39436416189781504,0.47915331951424023,0.08478915761642519,0.29215530286927355,0.27481008912623,-0.01734521374304354,0.05385347901104682,0.4283571905305932,0.37450371151954637
A01,5,14,25856,1,0,0.4095530997563257,0.34746087272024523,-0.06209222703608047,0.31322912586767354,0.4112337834891644,0.09800465762149085,0.25033804043028185,0.23362013378801358,-0.01671790664226827,0.14665195711639692,0.2148004307598677,0.06814847364347079
A01,5,15,27823,3,0,0.42354398704885815,0.28523963679200653,-0.13830435025685162,0.5613384108803988,0.275366555064177,-0.2859718558162218,0.22421401244801206,0.15616685179910342,-0.06804716064890864,0.2715732285389661,0.3024079485777299,0.030834720038763808
A01,5,16,29943,2,0,0.3261881998803359,0.4456224405316264,0.11943424065129049,0.1680708745382005,0.39469704351953794,0.22662616898133744,0.12573228601143185,0.2837982542193482,0.15806596820791632,0.33031022974069313,0.24755897480208164,-0.08275125493861149
A01,5,17,31951,4,0,0.21877075686313477,0.07976157383396633,-0.13900918302916843,0.5220003218072709,0.34508452613095597,-0.17691579567631488,0.17969831551386958,0.2652745246259427,0.08557620911207311,0.26449690638062057,0.30823701805241,0.04374011167178943
A01,5,18,34017,4,0,0.39261346982919976,0.26515353742481407,-0.1274599324043857,0.500606479315803,0.382216503391679,-0.11838997592412404,0.2888946483540557,0.1359587158964195,-0.1529359324576362,0.24964931598734738,0.41384734912089777,0.1641980331335504
A01,5,19,36053,4,0,0.410273075631033,0.16215806207649444,-0.24811501355453855,0.5952191358611193,0.3644070967816032,-0.23081203907951608,0.19214899997148813,0.2497528636862902,0.057603863714802084,0.22530893897797075,0.15485089609748506,-0.07045804288048568
A01,5,20,38119,3,0,0.1608723383726867,0.13146058909517572,-0.029411749277510973,0.48058537257736844,0.28587206502713547,-0.19471330755023297,0.22329496283005665,0.23809113245384325,0.014796169623786604,0.20900639022800307,0.36412988403955915,0.15512349381155607
A01,5,21,40189,1,0,0.19511780574644538,0.3018278358987448,0.1067100301522994,0.29303450861688113,0.3618936984564094,0.06885918983952827,0.23130233990884416,0.25623551111180654,0.024933171202962373,0.25827634662945315,0.22948174053604267,-0.028794606093410474
A01,5,22,42269,4,0,0.11455498795913788,0.5075570614237227,0.3930020734645848,0.3002701710194239,0.3462872975517118,0.0460171265322879,0.20132642162899228,0.22619528247778625,0.024868860848793972,0.31231229450914505,0.1778291368412735,-0.13448315766787156
A01,5,23,44181,2,0,0.15347003563683032,0.38607793977059324,0.23260790413376292,0.210651306646707,0.4541994363710952,0.24354812972438822,0.2568886493154619,0.290577671045015,0.03368902172955307,0.15481410591490086,0.3472941564838902,0.19248005056898937
A01,5,24,46212,4,0,0.15518990739305322,0.41862652613220497,0.26343661873915175,0.2592707072459489,0.4561089953922527,0.19683828814630377,0.274251322340176,0.3738388163309906,0.09958749399081457,0.1790219240581827,0.3093991440726479,0.1303772200144652
A01,5,25,48165,2,0,0.34355049219423645,0.4180718494336669,0.07452135723943043,0.39020727421388784,0.49994777072839086,0.10974049651450302,0.29146401608902484,0.18725535084193812,-0.10420866524708672,0.16600367481441006,0.38624849813452483,0.22024482332011477
A01,5,26,50126,1,0,0.27230134001891854,0.17331340587745897,-0.09898793414145957,0.3905954124390787,0.41309158924105116,0.022496176801972467,0.12655206035423847,0.2594361912442372,0.13288413088999876,0.23310125685602176,0.4347836559943043,0.20168239913828254
A01,5,28,54234,2,0,0.6340452533997156,0.4238918390034251,-0.21015341439629054,0.5621941031368639,0.5046598980180057,-0.057534205118858206,0.2004996709440087,0.27095387651582054,0.07045420557181184,0.14746463819430553,0.34219970572885533,0.1947350675345498
A01,5,29,56209,1,0,0.6833662458858718,0.3384684275688389,-0.3448978183170329,0.2892923014709523,0.421704069815322,0.13241176834436968,0.14463968296103896,0.24825264085422166,0.1036129578931827,0.16765331502972897,0.3461763110931376,0.17852299606340866
A01,5,30,58235,3,0,0.1894883163343278,0.13422768031725626,-0.05526063601707154,0.30852934995473413,0.31178256403936544,0.0032532140846313062,0.38438650534665786,0.16268165576010005,-0.2217048495865578,0.11024585431213471,0.20516944282228675,0.09492358851015203
A01,5,31,60306,3,0,0.2814794928010082,0.23133368974110002,-0.05014580305990818,0.44039981581236987,0.23661209270307432,-0.20378772310929555,0.3072977425254721,0.1901987519147328,-0.1170989906107393,0.3272055715101593,0.07633082526341907,-0.2508747462467402
A01,5,32,62413,1,0,0.27837973477963995,0.16079135266708075,-0.1175883821125592,0.37497808188437876,0.3291227722251523,-0.04585530965922646,0.2779682352481022,0.2255520283790809,-0.05241620686902132,0.30045132262613944,0.24797615332841833,-0.052475169297721114
A01,5,33,64505,3,0,0.2741375769818643,0.5021250062952612,0.22798742931339694,0.41210981626565335,0.38725551371095174,-0.024854302554701613,0.4780951729321435,0.160943680914125,-0.3171514920180185,0.3138871002369964,0.07927385499303198,-0.23461324524396443
A01,5,34,66596,4,0,0.3553265190149096,0.30500403275229787,-0.05032248626261171,0.16902412990675114,0.3310034975279809,0.16197936762122978,0.06337980532338312,0.25105939557361345,0.18767959025023034,0.21800834492453758,0.2050976414690267,-0.012910703455510875
A01,5,35,68639,4,0,0.1531560729932611,0.4729409524080564,0.3197848794147953,0.4094905014719686,0.3947041368501341,-0.014786364621834469,0.2619834475472591,0.30072594048821816,0.03874249294095905,0.26877547280791025,0.35114789543457403,0.08237242262666378
A01,5,36,70703,2,0,0.5624663757181944,0.23926139031565213,-0.3232049854025422,0.3357929244581724,0.1758427870665047,-0.1599501373916677,0.2018881078512543,0.2227320055577466,0.02084389770649231,0.34203618244736717,0.3285468984385723,-0.013489284008794844
A01,5,37,72723,1,0,0.2564416294155548,0.23693364197296768,-0.019507987442587138,0.4064648699104127,0.4141483612938956,0.007683491383482899,0.17855262000881583,0.3272354861396907,0.1486828661308749,0.05063231396832525,0.24660421619968273,0.19597190223135746
A01,5,38,74695,2,0,0.23214156929584853,0.17999553531017196,-0.052146033985676576,0.4789904939368173,0.2316703382998784,-0.2473201556369389,0.3254111889884729,0.1995266777421838,-0.12588451124628908,0.2712753643620749,0.1940681559813804,-0.07720720838069448
A01,5,39,76658,4,0,0.23422571267251988,0.26833179257525985,0.03410607990273998,0.49862356937322655,0.320214861518704,-0.17840870785452256,0.09960573081853333,0.2684374970099582,0.1688317661914249,0.3097872764836332,0.2131206004014887,-0.09666667608214449
A01,5,40,78583,2,0,0.43267657749674776,0.163204265779483,-0.26947231171726477,0.40543103770175287,0.20756752521883617,-0.1978635124829167,0.3656745525274226,0.26690618319318016,-0.09876836933424243,0.13673874093646265,0.223223576085184,0.08648483514872135
A01,5,41,80664,4,0,0.3398428367337659,0.3631055263950948,0.023262689661328884,0.32196830573868596,0.2905371688707507,-0.03143113686793525,0.28035441008074746,0.17517816518267362,-0.10517624489807384,0.2564342898362587,0.09467526352306553,-0.16175902631319317
A01,5,42,82642,3,0,0.10601117114788774,0.42857059995844743,0.32255942881055966,0.355586178645738,0.47753545764011757,0.12194927899437957,0.2193043003080662,0.10769484814298502,-0.11160945216508117,0.25638833918723225,0.19635345461410703,-0.060034884573125225
A01,5,43,84632,2,0,0.7112110451559889,0.21524334091348857,-0.4959677042425003,0.3075472656516697,0.5897435112403386,0.28219624558866896,0.16302406184618512,0.2376810449125298,0.07465698306634469,0.28966581108341966,0.3436348237078849,0.05396901262446524
A01,5,44,86751,2,0,0.5285289860819747,0.3922729722833786,-0.13625601379859614,0.3008113536162436,0.5599824685816116,0.259171114965368,0.22908854405889428,0.35050725522007753,0.12141871116118325,0.2412093423793348,0.27110543608961973,0.029896093710284927
A01,5,45,88657,2,0,0.17011967731218341,0.3351930849755419,0.16507340766335848,0.37261696382108045,0.6531585519160635,0.2805415880949831,0.17633946522514737,0.2282972552201852,0.051957789995037834,0.24375449589869533,0.09835056429157808,-0.14540393160711723
A01,5,46,90585,3,0,0.050848430632032184,0.264278970284645,0.2134305396526128,0.334226567159818,0.442560843672735,0.108334276512917,0.2908425730757786,0.1950408293368997,-0.0958017437388789,0.22544170506813227,0.49104043142701415,0.2655987263588819
A01,5,47,92699,4,0,0.061167388556454094,0.3369701956010042,0.2758028070445501,0.39033466554378426,0.49296629130058933,0.10263162575680507,0.17217296264752213,0.24827227906328722,0.07609931641576509,0.295338072702551,0.20409588107140655,-0.09124219163114447
A01,5,48,94758,1,0,0.6142773102950565,0.37605422149202195,-0.23822308880303456,0.22415711537204525,0.48649783120682527,0.26234071583478,0.16539818355665759,0.18205746878466839,0.0166592852280108,0.17689685739612265,0.21366902486505604,0.03677216746893339
A01,6,1,251,2,0,0.4410884473375462,0.34932127219016035,-0.09176717514738586,0.4657248091841808,0.49313220104197475,0.02740739185779395,0.3351199305957203,0.5743131288944577,0.23919319829873742,0.5966585934729622,0.5556851605716361,-0.04097343290132616
A01,6,2,2254,4,0,0.31289684472500806,0.2966802342427295,-0.01621661048227857,0.6090453609509124,0.26268536430941103,-0.3463599966415014,0.27658398347410934,0.5055867303370236,0.22900274686291427,0.27529248960485414,0.6079256940442638,0.33263320443940964
A01,6,3,4172,1,0,0.087555348588283,0.19276099681788736,0.10520564822960436,0.3346886747915251,0.45025755458341366,0.11556887979188857,0.42084509915366003,0.2633211724546668,-0.15752392669899323,0.6666981194052121,0.71080332245511,0.044105203049897956
A01,6,4,6124,3,0,0.46208551778727625,0.18619129825509925,-0.27589421953217697,0.3824647811056789,0.39679288740010843,0.014328106294429543,0.39686568413557566,0.4491720208226663,0.052306336687090615,0.5355445596600916,0.7040578309385861,0.16851327127849447
A01,6,5,8132,3,0,0.5422472358274473,0.2017551323408134,-0.34049210348663383,0.1277744210576898,0.41685856336195126,0.2890841423042615,0.28063496721555387,0.4742816524868139,0.19364668527126006,0.6246589482116877,0.516009153707587,-0.10864979450410062
A01,6,6,10243,4,0,0.25892948888714035,0.18750377455398182,-0.07142571433315853,0.19012987296699266,0.38050717287927804,0.19037729991228539,0.382239392679812,0.4110881610988747,0.028848768419062698,0.6160047796482865,0.6360284427254302,0.02002366307714376
A01,6,7,12160,1,0,0.4834320657043364,0.08052042917763279,-0.4029116365267036,0.3459724388452848,0.41821523589145887,0.07224279704617409,0.4202710970248112,0.5589502808228242,0.13867918379801297,0.573872001095429,0.4991181399428358,-0.07475386115259319
A01,6,8,14210,1,0,0.4321371356930677,0.07235483398439324,-0.3597823017086745,0.3885565984261715,0.7285256520704033,0.3399690536442318,0.20031079212958014,0.5266430955107458,0.3263323033811657,0.34057174239978105,0.6156005248154486,0.2750287824156675
A01,6,9,16141,3,0,0.35499101113673037,0.29671182431180404,-0.05827918682492633,0.6154959075557439,0.41674134490226494,-0.19875456265347896,0.3191895996169644,0.451862355956028,0.13267275633906356,0.2873356834888843,0.580442274388078,0.2931065908991938
A01,6,10,18139,2,0,0.49823860648783364,0.4215901319060872,-0.07664847458174645,0.47898481598659004,0.43041568172403916,-0.048569134262550884,0.35784279499224286,0.47564533024510813,0.11780253525286527,0.37235249030874,0.7265939077092474,0.35424141740050735
A01,6,11,20045,4,0,0.5629260955461812,0.25134981262408307,-0.31157628292209816,0.2558050289126132,0.38533562871417254,0.12953059980155934,0.47037306617694863,0.43220634711685746,-0.03816671906009117,0.5004411586507357,0.6986914784617628,0.19825031981102714
A01,6,12,21940,4,0,0.5421232983075205,0.12191576140344697,-0.42020753690407353,0.6355041255847401,0.37703484956859107,-0.25846927601614905,0.22342971380587676,0.5507193193604648,0.3272896055545881,0.5748693171813224,0.5933833449657815,0.018514027784459097
A01,6,13,23912,4,0,0.09491825252830191,0.4131647496013295,0.31824649707302755,0.46101467375237404,0.29845425551649163,-0.1625604182358824,0.3714886197844463,0.43201204879510346,0.06052342901065716,0.33030203834853694,0.48093387911418867,0.15063184076565173
A01,6,14,25856,2,0,0.620959988838931,0.40232636933631494,-0.21863361950261606,0.29541457684308053,0.4975371300045914,0.20212255316151084,0.41465993019497904,0.4316599237935099,0.016999993598530883,0.48259098192747685,0.7112377263916297,0.2286467444641529
A01,6,15,27823,1,0,0.42759096114066397,0.07613266723581387,-0.3514582939048501,0.5022324764356153,0.45951937596111075,-0.04271310047450455,0.4564531033466874,0.3582460816000072,-0.09820702174668022,0.676361604235837,0.7168000624436323,0.040438458207795236
A01,6,16,29943,3,0,0.5547699799165003,0.27541225514151446,-0.2793577247749859,0.3947351475164021,0.46219942801604175,0.06746428049963965,0.4131707417495057,0.4995503532968166,0.08637961154731089,0.5653389021329335,0.7610387982034054,0.1956998960704719
A01,6,17,31951,2,0,0.5416809746050129,0.2336959763231363,-0.30798499828187653,0.4148554052566168,0.4158749467708618,0.0010195415142449926,0.27840635239237305,0.4807356085584415,0.20232925616606845,0.42861611725304705,0.5225815249403604,0.09396540768731332
A01,6,18,34017,4,0,0.2867387641382107,0.17331528738067695,-0.11342347675753375,0.30820047216457674,0.4140354875462326,0.10583501538165585,0.3037600016593817,0.5624134770925253,0.2586534754331436,0.5998319959774178,0.7783723454219749,0.1785403494445571
A01,6,19,36053,1,0,0.2617617753139921,0.29040190615874717,0.028640130844755085,0.26383217289768296,0.3371748731272572,0.07334270022957423,0.20102367002650895,0.5626714057485026,0.36164773572199366,0.4426251955103856,0.6009745282484761,0.1583493327380905
A01,6,20,38119,4,0,0.3294726088312884,0.21174247244558067,-0.11773013638570776,0.38531635100922385,0.5464017197593523,0.1610853687501284,0.38640687288207676,0.3529396866187961,-0.03346718626328066,0.7045017706743286,0.5400277505041889,-0.16447402017013968
A01,6,21,40189,3,0,0.41343998990931025,0.35855610682426126,-0.05488388308504899,0.4791769226302726,0.5973193165552543,0.11814239392498166,0.44396553783245324,0.40845953819987063,-0.03550599963258261,0.6925249615045077,0.6743692521452376,-0.018155709359270134
A01,6,22,42269,2,0,0.2834591786766713,0.12307342475681923,-0.16038575391985208,0.1482824496470518,0.4946527701095026,0.34637032046245075,0.5348097873075657,0.6115033790967893,0.07669359178922364,0.623755238826163,0.5678591156187239,-0.055896123207439086
A01,6,23,44181,4,0,0.25261108526516723,0.17995296842341335,-0.07265811684175388,0.11165282785401268,0.35843286039927774,0.24678003254526507,0.2965005096627868,0.4828026384658453,0.18630212880305852,0.44612910314333293,0.5064347701233057,0.060305666979972805
A01,6,24,46212,4,0,0.22438855833308752,0.06004705051156085,-0.16434150782152668,0.22333017315245818,0.3302355345117344,0.1069053613592762,0.38903057998029794,0.46080822864514864,0.0717776486648507,0.41752445596608606,0.5925845469894231,0.17506009102333703
A01,6,25,48165,1,0,0.3583873167671539,0.3777755164833774,0.01938819971622352,0.4632232718143699,0.3835814045871922,-0.0796418672271777,0.2885464514584991,0.5747432273807137,0.2861967759222146,0.5718049480095938,0.6521474146860847,0.08034246667649092
A01,6,26,50126,2,0,0.7272581430016233,0.10472309575578619,-0.6225350472458371,0.317130683146999,0.2807516684031633,-0.0363790147438357,0.46825318658152365,0.36817785557623,-0.10007533100529364,0.7664388608281233,0.727967781499259,-0.03847107932886429
A01,6,27,52230,2,0,0.13643024194996325,0.26062202388011596,0.1241917819301527,0.5224372492075149,0.3259258786224498,-0.19651137058506507,0.4670549920388001,0.4391131053260836,-0.02794188671271647,0.5723896398189712,0.6813583249343552,0.10896868511538405
A01,6,28,54234,3,0,0.42662052610350376,0.31951449773252916,-0.1071060283709746,0.5319067975656856,0.4787239775053978,-0.053182820060287794,0.4623891258317475,0.5029617321252192,0.0405726062934717,0.4496578216155411,0.6262206232731623,0.17656280165762123
A01,6,29,56209,4,0,0.46068622177394164,0.38862100682223655,-0.07206521495170509,0.45524198577009944,0.4859919641101433,0.030749978340043838,0.5031927603540003,0.532235793541551,0.02904303318755075,0.44307655239001065,0.802241588049971,0.3591650356599604
A01,6,30,58235,2,0,0.1962682559656721,0.24195749837970176,0.04568924241402966,0.4571521750920135,0.47137885607705127,0.014226680985037765,0.3974461568321343,0.46472693299587775,0.06728077616374345,0.6850875775718178,0.705050891213637,0.019963313641819136
A01,6,31,60306,1,0,0.25536433273994896,0.44179392026293784,0.18642958752298888,0.4511870315174394,0.5298275017806694,0.07864047026323001,0.3782153812977583,0.5045344584991721,0.12631907720141383,0.14779755070127779,0.6764668443348916,0.5286692936336138
A01,6,32,62413,1,0,0.34616856481043445,0.406680713221483,0.06051214841104857,0.44673265883720176,0.4952617742523631,0.04852911541516136,0.4025401672013817,0.4916006483298064,0.08906048112842468,0.3944951568230493,0.6477205837232373,0.25322542690018796
A01,6,33,64505,4,0,0.3712733277675221,0.3155105581447234,-0.05576276962279869,0.2806848705013749,0.314023706968494,0.033338836467119104,0.4309812959898632,0.537225864609696,0.10624456861983284,0.5885639676406882,0.7291523011198928,0.14058833347920463
A01,6,34,66596,2,0,0.24336100412468134,0.2252115256259011,-0.018149478498780236,0.39639800241695106,0.4898766611196817,0.09347865870273064,0.29976269968288555,0.300067594554693,0.00030489487180745956,0.4580713535341501,0.6425502322325735,0.18447887869842333
A01,6,35,68639,1,0,0.4211723875507446,0.2413141335325108,-0.1798582540182338,0.5054749606237511,0.5313305282450546,0.025855567621303477,0.46225890926396856,0.540938538360146,0.07867962909617748,0.3920457252102699,0.5143238412699133,0.12227811605964334
A01,6,36,70703,3,0,0.2525918372451064,0.15358271887160121,-0.0990091183735052,0.5443048754419454,0.4447622529536967,-0.09954262248824869,0.3893344469450501,0.31451945973751433,-0.07481498720753577,0.5656401636699024,0.5232637092134275,-0.04237645445647498
A01,6,37,72723,2,0,0.22195892479855037,0.33074396244798226,0.1087850376494319,0.5560954289432728,0.4956695017584315,-0.0604259271848413,0.3077571754002637,0.566794931643283,0.2590377562430193,0.5143063077424884,0.4009950504857151,-0.11331125725677332
A01,6,38,74695,2,0,0.1302416585921042,0.5444489510654875,0.4142072924733833,0.18537403434775965,0.7464563024751751,0.5610822681274155,0.345094425177377,0.3526518765739036,0.007557451396526638,0.4367013664136225,0.4667237067527266,0.030022340339104114
A01,6,40,78583,1,0,0.30520069538998296,0.2750290213159538,-0.030171674074029153,0.45167677914686155,0.45330309721522954,0.0016263180683679934,0.25311347190508326,0.39916150428075736,0.1460480323756741,0.47153715953624825,0.41812169548269834,-0.05341546405354991
A01,6,41,80664,4,0,0.06830140188599805,0.25877182052125386,0.19047041863525582,0.20623904048417846,0.5189884529489388,0.31274941246476035,0.4001933904545137,0.3959261284258977,-0.004267262028615992,0.2587736756199578,0.5159113142212318,0.25713763860127403
A01,6,42,82642,3,0,0.36462786810987463,0.39607995706938,0.03145208895950535,0.26378586521971886,0.2808597552622373,0.017073890042518414,0.330735335328917,0.1548489054482148,-0.17588642988070222,0.40904981074462315,0.41093651399565706,0.0018867032510339055
A01,6,43,84632,3,0,0.5744060448523457,0.4161197437001259,-0.1582863011522198,0.17224860473293463,0.36797617174424063,0.195727567011306,0.3870242248497008,0.2764242656639899,-0.11059995918571086,0.3414375314634911,0.47655914257189186,0.13512161110840076
A01,6,44,86751,3,0,0.3921484072518277,0.3352705875025424,-0.0568778197492853,0.35185675538834527,0.45293042803094047,0.1010736726425952,0.32880423175409845,0.4466681178626513,0.11786388610855286,0.6065597143598868,0.6947324759122989,0.08817276155241216
A01,6,45,88657,3,0,0.2401634680450733,0.21129061824218764,-0.028872849802885653,0.12861365214012158,0.2888167800455089,0.16020312790538735,0.2982164197497991,0.25711734420562626,-0.04109907554417286,0.41100919215568993,0.4173713547157306,0.006362162560040685
A01,6,46,90585,1,0,0.23001786895782983,0.24893281046951704,0.01891494151168721,0.4189091200024304,0.22678675932445294,-0.19212236067797747,0.12982343531337956,0.39352942887836667,0.26370599356498714,0.4510178931095078,0.611784198973094,0.1607663058635862
A01,6,47,92699,2,0,0.43190310785315,0.6045473954470275,0.1726442875938775,0.3328005046325916,0.4119904981760336,0.07918999354344203,0.12836049163277657,0.3657832672040717,0.23742277557129515,0.27254960180744553,0.6097454710347875,0.33719586922734196
A01,6,48,94758,1,0,0.22125047210334145,0.3490173531765518,0.12776688107321035,0.13536190050661814,0.3340106065711862,0.19864870606456805,0.4149465232896456,0.48032905975652745,0.06538253646688186,0.41516230879166616,0.4573920187857593,0.042229709994093145
A01,7,1,251,2,0,0.3672307698776041,0.15492253412823434,-0.21230823574936977,0.3371405608363632,0.2833474621936417,-0.05379309864272147,0.2636615450983732,0.556233292428871,0.2925717473304978,0.5688799598956155,0.6650013207764481,0.09612136088083267
A01,7,2,2254,1,0,0.39083212971786796,0.3230075476963415,-0.06782458202152647,0.3343598065236755,0.5292048788523794,0.19484507232870396,0.6202228587077612,0.530666822989479,-0.08955603571828219,0.4023289452917802,0.7206928318750055,0.31836388658322534
A01,7,3,4172,1,0,0.5060153292658007,0.2496859758780768,-0.2563293533877239,0.2921123588432152,0.3666682257050297,0.07455586686181453,0.49385633681652086,0.4785680085082401,-0.015288328308280752,0.5956955388099126,0.764224136051606,0.16852859724169345
A01,7,4,6124,3,0,0.42406194635481953,0.47961666670292474,0.05555472034810521,0.2694583987611544,0.461073990617967,0.1916155918568126,0.5674959020594936,0.47549064408530184,-0.09200525797419179,0.6777197605809043,0.6110053320638131,-0.0667144285170912
A01,7,5,8132,3,0,0.3913171047102999,0.2731737997907817,-0.11814330491951819,0.2992045206968607,0.20466865246877733,-0.09453586822808338,0.52240477545,0.5401482856257572,0.01774351017575726,0.7273316772584142,0.7588914669697772,0.03155978971136297
A01,7,6,10243,2,0,0.5750912362916571,0.33822171406586554,-0.2368695222257916,0.6379434560068383,0.4382380663826756,-0.19970538962416273,0.5201703830201503,0.5259059944247254,0.005735611404575125,0.38095796993375036,0.7550627113487369,0.37410474141498656
A01,7,7,12160,3,0,0.5251295162084871,0.5511164967775921,0.025986980569104978,0.36067472493336344,0.1788872740666563,-0.18178745086670714,0.5825850115318337,0.4177354944519972,-0.16484951707983653,0.6738796870382674,0.7948009580023371,0.12092127096406968
A01,7,8,14210,4,0,0.4039926989099682,0.16654173622674742,-0.23745096268322077,0.3572836794564909,0.4298722196659627,0.07258854020947175,0.36730723343612465,0.577830566247162,0.21052333281103736,0.7069720620948888,0.7740846620124454,0.06711259991755658
A01,7,9,16141,1,0,0.4575525069821654,0.3487403694005002,-0.10881213758166519,0.41568841178840177,0.420829289490308,0.0051408777019062435,0.48465535360559187,0.577745484230918,0.09309013062532612,0.6306081837532819,0.7590581732728705,0.12844998951958864
A01,7,10,18139,4,0,0.3890660416146778,0.293847280807267,-0.09521876080741076,0.4032998739636754,0.43269481987785924,0.029394945914183845,0.48683231956488615,0.5722833577445129,0.08545103817962674,0.5635070062713717,0.7911343815706268,0.22762737529925503
A01,7,11,20045,1,0,0.47885571543144895,0.476654623718341,-0.00220109171310795,0.30634006347287673,0.6996810287993308,0.3933409653264541,0.43338157159057394,0.5423616500073895,0.1089800784168155,0.750560225671995,0.7251508635254549,-0.025409362146540104
A01,7,12,21940,1,0,0.24254327295059014,0.4638319986509912,0.22128872570040103,0.5299298201318857,0.47952902178349033,-0.05040079834839539,0.5528595685561145,0.4243911457905392,-0.1284684227655753,0.6342685907711373,0.7929925536896898,0.1587239629185525
A01,7,13,23912,2,0,0.25348624921320534,0.4050199264323611,0.15153367721915578,0.41299825672245355,0.4717209786965905,0.05872272197413697,0.5426933441203049,0.5413746978451014,-0.0013186462752035055,0.6281635024667077,0.6270596661885098,-0.0011038362781978783
A01,7,14,25856,4,0,0.2918523869762237,0.3032493253199363,0.011396938343712637,0.2955063530078064,0.3909871015667462,0.09548074855893979,0.6615514916960332,0.5123486170938395,-0.14920287460219372,0.7104934024597468,0.6510338112017054,-0.059459591258041344
A01,7,15,27823,3,0,0.549519378971345,0.33155082084740367,-0.21796855812394128,0.47854052063797087,0.407120182697872,-0.07142033794009889,0.5026615082569673,0.45975789723804755,-0.04290361101891976,0.7426870843843066,0.7457105975754909,0.003023513191184213
A01,7,16,29943,2,0,0.15004292331008803,0.4609799548837263,0.3109370315736383,0.4997139197444869,0.5867800748702197,0.08706615512573274,0.3165786241105935,0.46837033787256604,0.15179171376197254,0.6766362309071992,0.8139719175065336,0.13733568659933448
A01,7,17,31951,4,0,0.41557033606196786,0.19886626314172887,-0.216704072920239,0.48356487225855077,0.35574395144963805,-0.12782092080891272,0.5096134643378469,0.5141975713766278,0.004584107038780871,0.6856267836378507,0.6736881066023866,-0.01193867703546403
A01,7,18,34017,3,0,0.4205192743249869,0.24272997471277305,-0.17778929961221387,0.2170098618846717,0.2370161437198212,0.020006281835149492,0.6234412805123533,0.5588964871538956,-0.06454479335845764,0.7010278867572739,0.7152745499359335,0.014246663178659635
A01,7,19,36053,4,0,0.3908305585969588,0.1598749678420635,-0.2309555907548953,0.4877351792292311,0.2825264286990787,-0.20520875053015242,0.513368948277115,0.5517779763113696,0.03840902803425461,0.6701815700542125,0.8008756206960903,0.13069405064187778
A01,7,20,38119,3,0,0.10971895505095519,0.4646233577252193,0.3549044026742641,0.2837587224424655,0.38531592984008256,0.10155720739761703,0.5734614871641669,0.5185040236157218,-0.05495746354844511,0.7113296633385489,0.8011366244915747,0.08980696115302589
A01,7,21,40189,4,0,0.43520840853284565,0.3076455792393448,-0.12756282929350082,0.6228064198393005,0.1723656753569371,-0.45044074448236343,0.5432833591326433,0.5834356191809059,0.04015226004826267,0.7135549915103594,0.6579686948472274,-0.05558629666313197
A01,7,22,42269,2,0,0.4248463437277262,0.41481837794249493,-0.010027965785231241,0.3090211797096339,0.4102173897390828,0.1011962100294489,0.4710507946546235,0.6477486257690632,0.1766978311144397,0.6909773657341512,0.7229116545923359,0.03193428885818461
A01,7,23,44181,2,0,0.44545135019936766,0.3479681998297626,-0.09748315036960503,0.5438991855485927,0.3159945184233163,-0.22790466712527646,0.6071010993892166,0.5159956129566211,-0.09110548643259553,0.7388774833285078,0.7746050350631332,0.035727551734625385
A01,7,24,46212,4,0,0.5589637718576217,0.25945425301122343,-0.29950951884639826,0.6324869009397883,0.3367469813452994,-0.2957399195944889,0.6052298909267916,0.5461407397736917,-0.05908915115309987,0.7091765811678022,0.7662554347928106,0.05707885362500831
A01,7,25,48165,1,0,0.4322541557619433,0.2454488086422007,-0.18680534711974262,0.42745508808822574,0.40871853789809887,-0.018736550190126877,0.527081913337529,0.708964900590194,0.18188298725266505,0.5548949714075336,0.8198916089529311,0.2649966375453975
A01,7,26,50126,2,0,0.32492842724399723,0.09757900076265573,-0.2273494264813415,0.40655067751745294,0.4183334231316108,0.011782745614157875,0.6148456514606788,0.4609473859841075,-0.15389826547657132,0.7652620226208212,0.6873540644600773,-0.07790795816074392
A01,7,27,52230,2,0,0.3510255816474889,0.26089173833949536,-0.09013384330799357,0.6038464238418879,0.41645126852048925,-0.18739515532139867,0.3750979507443605,0.5846723884326579,0.20957443768829742,0.6418022383436026,0.7516166375559236,0.10981439921232095
A01,7,28,54234,2,0,0.2549612479276449,0.13940554798676785,-0.11555569994087705,0.3430206925983626,0.5084410091327002,0.16542031653433759,0.42872811669894445,0.7003425211834013,0.2716144044844569,0.6420725229019645,0.7618829021899958,0.11981037928803129
A01,7,29,56209,3,0,0.11888143716034397,0.3623284068857502,0.24344696972540622,0.34795998515926724,0.3351882810668839,-0.012771704092383318,0.4885434111448642,0.5585009273122566,0.06995751616739243,0.7767643408676739,0.7706400829718063,-0.006124257895867569
A01,7,30,58235,4,0,0.19413641582936342,0.2629291037101795,0.0687926878808161,0.5493967182527545,0.3079249300816556,-0.24147178817109888,0.6062848099163514,0.5116414794893324,-0.094643330427019,0.6710939221566596,0.7169076685830539,0.04581374642639424
A01,7,31,60306,1,0,0.5632606849556947,0.13982569035146006,-0.4234349946042346,0.4504984011475554,0.4953267704324262,0.04482836928487077,0.45586793040848966,0.6189276198026433,0.16305968939415366,0.5113573181715071,0.7745177299808214,0.26316041180931427
A01,7,32,62413,4,0,0.6019032981712336,0.3085851404223368,-0.29331815774889675,0.6422308950723552,0.44336122703031416,-0.19886966804204104,0.44763962679094743,0.5754441077877134,0.12780448099676595,0.6842780569842551,0.599768178430835,-0.08450987855342018
A01,7,33,64505,1,0,0.5095284695679034,0.19158821860368594,-0.3179402509642175,0.6017606674217774,0.39503927894194996,-0.2067213884798274,0.5697581087123283,0.5994785622248562,0.029720453512527834,0.3866823856256686,0.6647174698043793,0.2780350841787107
A01,7,34,66596,3,0,0.5129970493458395,0.3768457647513603,-0.13615128459447917,0.5474233198382968,0.3080497839084623,-0.2393735359298345,0.47235656316403624,0.4134671381198695,-0.05888942504416672,0.5235988372193832,0.6390750322656066,0.11547619504622342
A01,7,35,68639,1,0,0.38246667213090724,0.3303339952030622,-0.05213267692784501,0.34206925752187944,0.4303441083224287,0.08827485080054925,0.4206001685074114,0.5953302467383027,0.17473007823089132,0.6673318132651982,0.6607252125367171,-0.006606600728481071
A01,7,36,70703,4,0,0.39263195210187757,0.4112845153153555,0.018652563213477913,0.2076778884909147,0.5450322243807885,0.33735433588987374,0.4342972916445004,0.5402504810684436,0.10595318942394322,0.6648145485838975,0.5981392331086708,-0.06667531547522676
A01,7,37,72723,1,0,0.2626519886233713,0.5765985973276303,0.313946608704259,0.17723468950810517,0.4882753311661348,0.31104064165802964,0.43962734029077283,0.557833543615723,0.11820620332495019,0.7395351602312742,0.7335285051766479,-0.006006655054626275
A01,7,38,74695,3,0,0.5819540405043593,0.46372507101523447,-0.11822896948912481,0.5314652932174884,0.2388340505261901,-0.29263124269129825,0.3766410277625379,0.39386466220911664,0.01722363444657876,0.6285704297383142,0.6278441381814306,-0.0007262915568836403
A01,7,39,76658,1,0,0.08693314449366137,0.3219558409127647,0.23502269641910334,0.19308888624713522,0.42251171760106815,0.22942283135393293,0.49190396191343905,0.4303558437408736,-0.06154811817256545,0.5613046347478076,0.6385184545869267,0.07721381983911912
A01,7,40,78583,2,0,0.25279910910867315,0.25435376628100664,0.0015546571723334957,0.2267755497487167,0.3964850300298521,0.1697094802811354,0.5247716806509406,0.4935333762054439,-0.03123830444549669,0.5795466361992061,0.6822894532595131,0.10274281706030697
A01,7,41,80664,3,0,0.4900358120740558,0.409925421824227,-0.0801103902498288,0.3472145371171904,0.2537396164532684,-0.09347492066392199,0.45543226694779293,0.5967631439927571,0.14133087704496416,0.6808790848110661,0.653515871966585,-0.027363212844481066
A01,7,42,82642,3,0,0.3586427895658453,0.2584890680699397,-0.10015372149590557,0.4379733527086631,0.24869021256455826,-0.18928314014410486,0.4914445532782109,0.5672689011543931,0.0758243478761822,0.539041191498945,0.6306020838103537,0.09156089231140863
A01,7,43,84632,4,0,0.45141613828299276,0.2995264223529969,-0.15188971592999584,0.20237635115883532,0.46827891048939413,0.26590255933055884,0.36678614807497406,0.5361731012549077,0.16938695317993363,0.5457703246257435,0.7048589317744886,0.15908860714874506
A01,7,44,86751,1,0,0.2799337179410847,0.185409116304646,-0.0945246016364387,0.5743171515914928,0.5915097218324027,0.01719257024090992,0.46188660214466337,0.6539590026897477,0.19207240054508434,0.4874685172061688,0.7470874019426793,0.2596188847365105
A01,7,45,88657,2,0,0.5283147039436844,0.33636827567363065,-0.19194642827005376,0.4028139328088654,0.5774507239837288,0.17463679117486336,0.5460112113636145,0.5741906263504187,0.028179414986804208,0.6531842781810066,0.6444212611659382,-0.00876301701506832
A01,7,46,90585,4,0,0.30157641256894063,0.5918282646214622,0.2902518520525216,0.3052809267947217,0.35058507490378504,0.04530414810906336,0.49665257439454435,0.5506522172256527,0.05399964283110836,0.6676016697366945,0.6875418968553096,0.019940227118615095
A01,7,47,92699,2,0,0.18024901213346484,0.30016175937542194,0.11991274724195711,0.28158957993038525,0.4835262213479855,0.20193664141760026,0.5262762638339445,0.4321788444853656,-0.09409741934857896,0.654977210455323,0.7649870305207865,0.11000982006546356
A01,7,48,94758,3,0,0.18784104625835912,0.2834863976990037,0.09564535144064457,0.508535237106387,0.18770689552463635,-0.32082834158175066,0.6128164987440835,0.584430839124788,-0.02838565961929551,0.6413998029862803,0.6944816444899147,0.053081841503634375
A01,8,1,251,3,0,0.4407598631358252,0.1841908979025829,-0.25656896523324235,0.37921423768624496,0.2452500372662351,-0.13396420042000987,0.48386316166172944,0.5268985228765123,0.04303536121478285,0.8312753651128444,0.578492845785062,-0.2527825193277824
A01,8,2,2254,1,0,0.3789963013829383,0.2046038979120919,-0.17439240347084642,0.4111443279575167,0.6104591701785093,0.19931484222099255,0.48960737785069514,0.6050190495925509,0.11541167174185579,0.6943659852053143,0.5595305938878955,-0.13483539131741884
A01,8,3,4172,4,0,0.30369054750768926,0.17683767734240521,-0.12685287016528404,0.3967349906244589,0.5467094590881005,0.14997446846364165,0.63998736943665,0.5026473990668677,-0.1373399703697823,0.415299992082224,0.7134071645640064,0.2981071724817824
A01,8,4,6124,2,0,0.3295678850272988,0.4695836318254342,0.14001574679813544,0.4414266591357582,0.5152106086800462,0.07378394954428802,0.274219021485452,0.5635772883555215,0.28935826687006944,0.31558051494130457,0.671228080217079,0.35564756527577446
A01,8,5,8132,4,0,0.16838164292623517,0.30345952041843555,0.13507787749220038,0.42025955700351636,0.3926155051381259,-0.027644051865390484,0.3370007793510664,0.5265501951948421,0.18954941584377571,0.5282530697309886,0.636620017542298,0.1083669478113094
A01,8,6,10243,1,0,0.21159701991770033,0.4147828025204518,0.20318578260275147,0.6275340477222844,0.4172377257719396,-0.21029632195034476,0.3788561776467074,0.5399312774896666,0.1610750998429592,0.2694485510014486,0.7805614220258399,0.5111128710243913
A01,8,7,12160,1,0,0.4734947494461886,0.22278215190167797,-0.2507125975445106,0.1944066941111346,0.473622124890087,0.2792154307789524,0.2212202181794856,0.5778814336603271,0.3566612154808415,0.6267220371048007,0.7698359972971234,0.1431139601923227
A01,8,8,14210,3,0,0.2197127540625114,0.32116570853368903,0.10145295447117764,0.34940549468236676,0.5249688115595056,0.17556331687713883,0.47363200105990194,0.3133320441736956,-0.16029995688620635,0.688855517700123,0.5494095110084241,-0.13944600669169893
A01,8,9,16141,3,0,0.17949354843273196,0.37384880377933144,0.19435525534659948,0.31159043272743175,0.304675512083914,-0.00691492064351773,0.42939539937650345,0.3596315614467998,-0.06976383792970364,0.5919390130866196,0.5832625755400371,-0.008676437546582427
A01,8,10,18139,2,0,0.27594438003631916,0.10223604647788102,-0.17370833355843812,0.24144746323246621,0.3124117832845531,0.07096432005208689,0.32334656046726906,0.5349504550356146,0.2116038945683455,0.580676776618415,0.6414421901463447,0.060765413527929746
A01,8,11,20045,4,0,0.20019122505506695,0.40497787331573026,0.2047866482606633,0.4815441554271196,0.4329864105614493,-0.04855774486567027,0.40117007351562733,0.4917956708002787,0.09062559728465136,0.4375457115763057,0.6581910947111332,0.22064538313482757
A01,8,12,21940,2,0,0.2556454388407249,0.35241316319635746,0.09676772435563258,0.24929726773871477,0.4080008400845255,0.1587035723458107,0.5465874786927468,0.4520640145338478,-0.094523464158899,0.5175236765031934,0.48110006249876786,-0.036423614004425564
A01,8,13,23912,2,0,0.3747795573262671,0.3368795703338109,-0.037899986992456225,0.3700975030101035,0.38977411347503255,0.019676610464929023,0.4123716120486235,0.47925645701250524,0.06688484496388175,0.7191210922419925,0.6175335510971729,-0.1015875411448196
A01,8,14,25856,1,0,0.19852637097664588,0.22832942718927793,0.029803056212632045,0.31848769567305685,0.38664643348535194,0.06815873781229509,0.33447583069146497,0.33744838334815036,0.00297255265668539,0.5909439089863237,0.626172450938009,0.035228541951685344
A01,8,15,27823,2,0,0.4682174180710727,0.3768425112296825,-0.09137490684139021,0.5169377450864056,0.4529099863222585,-0.06402775876414707,0.3999906901706684,0.41097591497571556,0.010985224805047156,0.6481931822466958,0.5976613212855437,-0.05053186096115203
A01,8,16,29943,4,0,0.7700952570047093,0.3179148997969566,-0.4521803572077527,0.43605456867860337,0.33172371582509325,-0.10433085285351013,0.3497420119848029,0.4923971133556047,0.14265510137080178,0.5174017391762646,0.5421005381077189,0.024698798931454213
A01,8,17,31951,4,0,0.5569529623646556,0.07376813980278606,-0.48318482256186956,0.27555149777409943,0.3841160019777776,0.10856450420367819,0.2646860220633363,0.45325569308694064,0.18856967102360433,0.4982122343677628,0.6538099941088236,0.15559775974106077
A01,8,18,34017,2,0,0.5582870866908328,0.11376981495259687,-0.44451727173823596,0.38092460033255804,0.3444007604425453,-0.03652383989001273,0.3769291569625371,0.4870208750169717,0.11009171805443463,0.5220209079320737,0.6428789878493877,0.12085807991731401
A01,8,19,36053,2,0,0.5169374850580738,0.27481582737746524,-0.24212165768060856,0.46449853223360094,0.407042634166946,-0.05745589806665491,0.4689373501875037,0.4085976240095521,-0.060339726177951636,0.20747641320242424,0.5265109672283979,0.3190345540259736
A01,8,20,38119,2,0,0.21798479702001122,0.1238400741624174,-0.09414472285759383,0.6263153150550037,0.4164212940680528,-0.20989402098695092,0.43032495367784834,0.5374998703822597,0.10717491670441132,0.359565644266751,0.6655992330731271,0.30603358880637604
A01,8,21,40189,2,0,0.35533414548884995,0.21344905858967872,-0.14188508689917123,0.1914877646470097,0.6212845118839373,0.4297967472369276,0.31718717585788536,0.4455443689919091,0.12835719313402372,0.4506436450309839,0.6331163940423824,0.18247274901139848
A01,8,22,42269,4,0,0.31061027486664494,0.2678199695938858,-0.04279030527275912,0.3671131658827698,0.49755429778552607,0.13044113190275625,0.3341803797756011,0.4974240789850154,0.16324369920941428,0.41180373443437496,0.5757433937752473,0.16393965934087235
A01,8,23,44181,4,0,0.3638948201571402,0.2789553951341018,-0.08493942502303842,0.5625747224950357,0.49506909054112275,-0.06750563195391296,0.35272146623552764,0.36873197239320205,0.01601050615767441,0.5103221909736216,0.5946338022220382,0.08431161124841657
A01,8,24,46212,3,0,0.541392124197093,0.3829699422846436,-0.15842218191244944,0.5641983247849834,0.3210563611858847,-0.24314196359909873,0.3649394893467384,0.41360769106139417,0.048668201714655746,0.48129925253627104,0.5174611902861302,0.03616193774985921
A01,8,25,48165,4,0,0.13415180969088913,0.16918543447122122,0.03503362478033209,0.26276837712421447,0.4036276773142312,0.14085930019001675,0.31341126447813095,0.5648400118583404,0.2514287473802095,0.6305381306738982,0.5504714154748215,-0.08006671519907671
A01,8,26,50126,1,0,0.17303264745482835,0.48099545618735845,0.3079628087325301,0.4862078306551517,0.43098554876018724,-0.055222281894964476,0.3073471570862149,0.4930954553596817,0.18574829827346678,0.41526357706121025,0.5917854679678883,0.17652189090667808
A01,8,27,52230,2,0,0.09000589059396998,0.4411434483282645,0.35113755773429456,0.37402344505633495,0.3963361995517362,0.022312754495401266,0.2328193556659714,0.4925330064258066,0.2597136507598352,0.38299840168717864,0.5628006032066336,0.17980220151945497
A01,8,28,54234,3,0,0.30934977466551833,0.1158912066131512,-0.19345856805236714,0.3628912954471964,0.5106488484363976,0.14775755298920118,0.5504409350614521,0.43112281958969956,-0.11931811547175253,0.6651245799908325,0.5161203633558646,-0.14900421663496788
A01,8,29,56209,2,0,0.3625574440313248,0.36957671660078667,0.007019272569461887,0.23440178360913397,0.4202780472004597,0.18587626359132572,0.27841345501362025,0.4589382619726382,0.18052480695901796,0.3495219288864973,0.6053827425393321,0.2558608136528348
A01,8,30,58235,1,0,0.12881128934904895,0.2144732118980211,0.08566192254897215,0.437880705049044,0.6587159403770605,0.22083523532801652,0.27766829699322343,0.45175208491032504,0.1740837879171016,0.6076472621509107,0.773811781989853,0.16616451983894232
A01,8,31,60306,4,0,0.38699731388367936,0.26497190262760056,-0.1220254112560788,0.23078467212130657,0.5075584864117569,0.27677381429045034,0.41382905511882756,0.3941111594974063,-0.019717895621421233,0.44090228007566196,0.5114078343297106,0.07050555425404864
A01,8,32,62413,1,0,0.20735645048386417,0.3886972512850955,0.18134080080123136,0.37563891763991547,0.5070030963379514,0.1313641786980359,0.19454320644364595,0.5479657897048408,0.3534225832611948,0.4451228385872139,0.7042426824842735,0.25911984389705955
A01,8,33,64505,4,0,0.2144168446756455,0.4749870639000253,0.26057021922437984,0.5500446060795642,0.37461921026354755,-0.17542539581601663,0.4849439000250503,0.5439502303271898,0.05900633030213953,0.4416359505795987,0.4876361739952391,0.04600022341564042
A01,8,34,66596,1,0,0.5153499118416102,0.14786574165718294,-0.36748417018442725,0.4588331420510041,0.36403216083485457,-0.09480098121614955,0.4167766138110675,0.3576004929520802,-0.059176120858987324,0.41697367341373553,0.6841058132300278,0.2671321398162923
A01,8,35,68639,1,0,0.2488257479620339,0.2886406321272212,0.039814884165187275,0.26991454479473703,0.5468955146906788,0.27698096989594173,0.2709879259142401,0.4474174455409442,0.1764295196267041,0.45513363665436196,0.5046011091981148,0.04946747254375289
A01,8,36,70703,1,0,0.42706868327657743,0.23110762016780148,-0.19596106310877595,0.25459956842265774,0.3300788196081588,0.07547925118550108,0.42299483639918734,0.3437094560437169,-0.07928538035547045,0.5591177709600739,0.3851975761734521,-0.17392019478662174
A01,8,37,72723,1,0,0.1523038502857267,0.1449962923102265,-0.007307557975500201,0.33994947483685145,0.40931500934581855,0.0693655345089671,0.3560032023357268,0.42913596359825545,0.07313276126252866,0.42370377033141765,0.5300417480069336,0.10633797767551595
A01,8,38,74695,3,0,0.12101343799710448,0.2351755326641422,0.11416209466703772,0.22691363504732123,0.36386962301769493,0.1369559879703737,0.3807363817889446,0.3619304066477916,-0.01880597514115301,0.36629921331727866,0.589433760724298,0.22313454740701932
A01,8,39,76658,3,0,0.5465334317912752,0.28077346355531885,-0.2657599682359564,0.31946859309342585,0.6031986388640543,0.2837300457706285,0.23548158794589513,0.5064954501330424,0.2710138621871473,0.4658203403630456,0.6966308101666023,0.23081046980355674
A01,8,40,78583,4,0,0.6263519805292977,0.1937597491804313,-0.4325922313488665,0.35269866658704163,0.31345352842804036,-0.03924513815900127,0.3363635554301577,0.30281923215511763,-0.03354432327504009,0.189368335398967,0.3419533826189043,0.1525850472199373
A01,8,41,80664,2,0,0.3013203797169809,0.3601635340463436,0.05884315432936271,0.6487112547568055,0.6160055511649317,-0.03270570359187375,0.41524558738227324,0.39685345429593066,-0.018392133086342577,0.26244595179234137,0.7414763890051616,0.4790304372128202
A01,8,42,82642,3,0,0.10701977192293578,0.38054988745356283,0.27353011553062706,0.3058761414008847,0.26429604115185446,-0.04158010024903025,0.23944566946167972,0.3072452737212791,0.06779960425959936,0.33316509794586324,0.6109255167587248,0.2777604188128615
A01,8,43,84632,3,0,0.44482367016498564,0.19064689504448304,-0.25417677512050263,0.4763161034784202,0.3729149412196823,-0.10340116225873786,0.4294298958457436,0.40287414895727747,-0.026555746888466125,0.3902978306771687,0.5419387660481906,0.15164093537102186
A01,8,44,86751,3,0,0.2693092675112,0.22365173930755092,-0.04565752820364907,0.5465674356280233,0.33597862572520504,-0.2105888099028183,0.33424098401404734,0.44173171675991274,0.1074907327458654,0.5708172945624594,0.5829968835466678,0.012179588984208345
A01,8,45,88657,4,0,0.14253242872629646,0.19349117449640676,0.05095874577011031,0.44694450749592435,0.16043802513153946,-0.2865064823643849,0.35159772882390933,0.3599217314127112,0.008324002588801893,0.45788732295033036,0.5770761893427022,0.11918886639237186
A01,8,46,90585,3,0,0.15141137257331985,0.24765741809417402,0.09624604552085417,0.3560305702706274,0.5335634864860521,0.17753291621542472,0.26398537133697736,0.38110748491026886,0.1171221135732915,0.5707789489088396,0.738651691022147,0.16787274211330738
A01,8,47,92699,1,0,0.5699071442177978,0.08551212795445348,-0.48439501626334425,0.5978857627000466,0.4502521409132058,-0.14763362178684075,0.5223624852989417,0.46073542837003284,-0.06162705692890885,0.631992407344413,0.5626388912520774,-0.06935351609233553
A01,8,48,94758,3,0,0.4754894512904184,0.12152927566613272,-0.3539601756242857,0.3580410825816164,0.274623105997995,-0.08341797658362138,0.3118113772708217,0.3172837924847011,0.005472415213879422,0.656083496964005,0.6250402265249413,-0.03104327043906374
A02,3,1,251,1,0,0.6306806650954396,0.38498061146825996,-0.24570005362717967,0.6124394627126301,0.8179042852392415,0.20546482252661147,0.6172537651867293,0.7916609378559896,0.1744071726692603,0.8107695692821902,0.9236096328434028,0.11284006356121257
A02,3,2,2254,2,0,0.1762060915710128,0.2379110931901505,0.061705001619137695,0.5592140099782347,0.7228826178852623,0.16366860790702764,0.740897037773128,0.7786176693271322,0.03772063155400418,0.7982705154773523,0.91740964799854,0.11913913252118769
A02,3,3,4172,2,0,0.5584253806128749,0.37058841388460495,-0.18783696672827,0.6507051241088105,0.7208468320538961,0.07014170794508556,0.7908450925915378,0.689459930761466,-0.10138516183007173,0.9095617299121075,0.8819943513947734,-0.02756737851733404
A02,3,4,6124,1,0,0.24353744897317947,0.4555549645588527,0.21201751558567322,0.5871484705187574,0.3871283753794087,-0.2000200951393487,0.6599147071919698,0.6780387847684956,0.018124077576525788,0.6577474182483891,0.741603414689594,0.0838559964412049
A02,3,5,8132,2,0,0.493307642931019,0.31444095945757766,-0.1788666834734413,0.43390759887202124,0.6846318778435767,0.25072427897155547,0.6524175904338033,0.6621159480409203,0.009698357607117014,0.7742293138852319,0.793487515721985,0.019258201836753086
A02,3,6,10243,1,0,0.15721633865960877,0.34594738728669255,0.1887310486270838,0.898542493875463,0.7884120121765373,-0.1101304816989257,0.5787281809669939,0.709155480602741,0.13042729963574717,0.8774645792564714,0.8362914749608122,-0.041173104295659124
A02,3,7,12160,2,0,0.11026611616462843,0.13390523903304613,0.023639122868417697,0.36667557185446015,0.6870918767446381,0.32041630489017797,0.5349482318202294,0.5782659874034594,0.04331775558322992,0.6305205856566012,0.8032777365272591,0.1727571508706579
A02,3,8,14210,3,0,0.4086203131624799,0.30867066643766733,-0.09994964672481255,0.3325646155034198,0.672734332535428,0.3401697170320082,0.5319016433862814,0.5217049411345648,-0.01019670225171665,0.40293488699912267,0.7950943109622634,0.3921594239631407
A02,3,9,16141,2,0,0.4546340709790803,0.28576699289460405,-0.16886707808447626,0.5103707343821228,0.7283997651473629,0.21802903076524016,0.27135490468986306,0.4053641801410482,0.13400927545118513,0.6056050310555394,0.735471288056379,0.12986625700083954
A02,3,10,18139,4,0,0.18195891295220953,0.48630786358222217,0.30434895063001266,0.6449611939034366,0.565437842951319,-0.0795233509521176,0.3465650397602862,0.5098791095966704,0.1633140698363842,0.7732362640649614,0.7588544175921265,-0.014381846472834914
A02,3,11,20045,1,0,0.26512924286072215,0.16841262767440715,-0.096716615186315,0.8580179818788254,0.6622107566289849,-0.1958072252498405,0.4936808017355904,0.549300842400283,0.05562004066469256,0.6520469991152569,0.837907503178364,0.18586050406310717
A02,3,12,21940,3,0,0.18848984878369499,0.48074531471662546,0.2922554659329305,0.6750232242542283,0.6512518834205885,-0.023771340833639854,0.44236269768674,0.5757910634269228,0.13342836574018274,0.65618553255542,0.6853880760368641,0.029202543481444132
A02,3,13,23912,2,0,0.5379797316134389,0.49486827292933094,-0.043111458684107984,0.8065291935752921,0.6081237059840578,-0.19840548759123422,0.4433198406247262,0.5025576844069931,0.05923784378226693,0.6141686626592485,0.8262689502290612,0.2121002875698127
A02,3,14,25856,1,0,0.4389818389304811,0.3736825926745414,-0.06529924625593969,0.40020932573370016,0.7785548037057978,0.3783454779720976,0.5881369756326403,0.5474622144703314,-0.04067476116230895,0.7441755014403009,0.850442293398288,0.10626679195798716
A02,3,15,27823,4,0,0.27353646102852586,0.2043729777524788,-0.06916348327604704,0.8806420161447506,0.45676557278555446,-0.4238764433591961,0.6092295977471992,0.6298372008476749,0.020607603100475713,0.6784869221164053,0.7770372970119936,0.09855037489558838
A02,3,16,29943,4,0,0.34859183209264843,0.3385498111636139,-0.010042020929034556,0.6018538481733928,0.6769609770492551,0.07510712887586224,0.33708656965558725,0.6139376575694139,0.2768510879138266,0.32220127575139507,0.7117284446920039,0.38952716894060885
A02,3,17,31951,4,0,0.768895196732146,0.5409102495916394,-0.22798494714050666,0.49722003509124096,0.7400509457011305,0.24283091060988954,0.35841811450698596,0.6177210539093126,0.2593029394023267,0.7413142321368179,0.6877576207392203,-0.0535566113975976
A02,3,18,34017,4,0,0.39614559267423755,0.559555866889856,0.1634102742156185,0.6667056398523308,0.7460625426951678,0.07935690284283703,0.6373274101526423,0.6013840728421689,-0.03594333731047339,0.7865767796690164,0.8308905315097105,0.04431375184069408
A02,3,19,36053,4,0,0.3394857144191289,0.17956233594893306,-0.15992337847019583,0.5466071512553803,0.6893949461197605,0.1427877948643802,0.671887601760181,0.6018341552607224,-0.07005344649945866,0.732202987643342,0.8180644181015843,0.08586143045824224
A02,3,20,38119,1,0,0.19874054923145829,0.3295178197408611,0.1307772705094028,0.8708237836012184,0.6827174772482053,-0.18810630635301306,0.5868926873247651,0.5112081544555996,-0.07568453286916543,0.7277482926284132,0.8675572393225529,0.13980894669413968
A02,3,21,40189,3,0,0.6631081575859449,0.2267724698582197,-0.4363356877277252,0.4469781946559772,0.732128898551747,0.2851507038957698,0.581849724733675,0.4728074744907304,-0.10904225024294462,0.5364008998267827,0.8015157580831946,0.2651148582564119
A02,3,22,42269,2,0,0.6639188604664661,0.5271217325871002,-0.13679712787936593,0.22639741364258134,0.5555976902864329,0.32920027664385154,0.50400303069873,0.5080906242386667,0.004087593539936707,0.6638229764935167,0.8049548871077651,0.14113191061424835
A02,3,23,44181,1,0,0.18748484600842177,0.3527457552421818,0.16526090923376005,0.5403985949237111,0.7568836089882145,0.21648501406450338,0.5113012920097499,0.5450474808088438,0.03374618879909386,0.4815752860341333,0.7808814471006358,0.2993061610665025
A02,3,24,46212,1,0,0.2950936982540974,0.24777607416530759,-0.04731762408878984,0.2644010472309467,0.6075746414366084,0.34317359420566174,0.41017084208594634,0.5287282264887727,0.11855738440282637,0.5647804983287782,0.7919945741431093,0.22721407581433106
A02,3,25,48165,3,0,0.6029807660768379,0.30860078592281176,-0.29437998015402617,0.6897320700196826,0.73882452445371,0.04909245443402743,0.4971667125977302,0.5655722545542259,0.06840554195649567,0.6091126114172545,0.7938940583746712,0.18478144695741672
A02,3,26,50126,4,0,0.3006123274395751,0.376102481296149,0.07549015385657387,0.7586345990730096,0.7898908885135116,0.03125628944050207,0.5346233552804389,0.6875768958950148,0.1529535406145759,0.5980535091591586,0.8146069588435709,0.21655344968441237
A02,3,27,52230,1,0,0.6154566786178549,0.22928005783845787,-0.3861766207793971,0.5002585741493927,0.6173675545189817,0.11710898036958906,0.5763734839732069,0.4885720363620439,-0.08780144761116299,0.6470117130617439,0.8258568233997243,0.17884511033798045
A02,3,28,54234,3,0,0.5737267896913423,0.3448370766599193,-0.22888971303142297,0.7057880184253206,0.5467366155899419,-0.15905140283537866,0.5400218272734775,0.5006963753837822,-0.03932545188969527,0.4481079087928637,0.6999585659054759,0.2518506571126122
A02,3,29,56209,3,0,0.22577991762268246,0.2071410028833063,-0.01863891473937615,0.5834020612944594,0.7585557734144357,0.17515371211997632,0.5288717903897817,0.5842426523031422,0.05537086191336049,0.8058042923334124,0.7558251836610259,-0.04997910867238653
A02,3,30,58235,3,0,0.37426313019352847,0.2248905130548817,-0.14937261713864677,0.8271500422799575,0.7148400809644926,-0.11230996131546489,0.6886080179528076,0.515762451016874,-0.17284556693593356,0.7473954463269968,0.8199910628494882,0.07259561652249136
A02,3,31,60306,1,0,0.43543152028415083,0.39196590509573054,-0.04346561518842029,0.7836516304136344,0.6179077132669722,-0.16574391714666215,0.39972790682586135,0.5534597713164401,0.15373186449057874,0.6316783229513006,0.663206478518564,0.031528155567263405
A02,3,32,62413,2,0,0.5209708794385473,0.09867999999569892,-0.4222908794428483,0.6219317460589437,0.6097335966817269,-0.01219814937721686,0.49813384493228696,0.5285978765424828,0.03046403161019584,0.5474753164004476,0.6765422356494827,0.12906691924903513
A02,3,33,64505,1,0,0.43389436671483256,0.6285451648326765,0.19465079811784397,0.4467949150186211,0.49527151264681873,0.048476597628197615,0.4794982854369187,0.3747501013287243,-0.10474818410819436,0.6458155782609561,0.7604807464015823,0.1146651681406261
A02,3,35,68639,2,0,0.6078367959397912,0.2838143862873617,-0.3240224096524295,0.6344659401961854,0.7236727307033828,0.08920679050719738,0.481390823250865,0.6505282326507127,0.16913740939984767,0.5062042452037456,0.8636728818483509,0.35746863664460526
A02,3,36,70703,1,0,0.2929963070064553,0.24977996989864293,-0.043216337107812364,0.6947262281859022,0.7318539678813991,0.037127739695496875,0.5206042010711353,0.6170504380567534,0.09644623698561816,0.5740621784654102,0.8563464678475181,0.2822842893821079
A02,3,37,72723,2,0,0.731150048325104,0.1775729590049184,-0.5535770893201856,0.662427953137482,0.5314630334967066,-0.1309649196407754,0.6095206298335217,0.5855913691585991,-0.023929260674922626,0.7210775162712851,0.7490544053702118,0.027976889098926705
A02,3,39,76658,2,0,0.2179554263051703,0.5297505305564061,0.3117951042512358,0.7993867587263617,0.8485285111327033,0.049141752406341666,0.5959267094668189,0.6396268066668099,0.04370009719999102,0.5044668761884078,0.849058493391866,0.3445916172034582
A02,3,40,78583,3,0,0.5196394027671382,0.384209647112172,-0.13542975565496618,0.8312166121605571,0.6807956459399583,-0.15042096622059875,0.6083206052301943,0.5997175263191225,-0.008603078911071815,0.6019253898343662,0.6531335911691708,0.05120820133480464
A02,3,41,80664,3,0,0.5121051858733632,0.14460016996656178,-0.3675050159068014,0.6906929009808167,0.6169241773071984,-0.07376872367361831,0.5900086128080619,0.5823140418618369,-0.0076945709462250544,0.5644570766349297,0.7567605686564766,0.19230349202154684
A02,3,42,82642,4,0,0.5380994647475092,0.2745742912004595,-0.26352517354704974,0.7450986647004398,0.5536618618995551,-0.1914368028008847,0.6412273070363371,0.5177651772262715,-0.12346212981006566,0.6296180881767123,0.4942418367006098,-0.1353762514761025
A02,3,43,84632,3,0,0.6047094347232707,0.5027110032790083,-0.10199843144426235,0.6772822293677995,0.6528475753786367,-0.02443465398916278,0.4200726860142176,0.6164084255307412,0.19633573951652356,0.5928135983376702,0.7702933828039554,0.1774797844662852
A02,3,44,86751,3,0,0.5507389196873735,0.23512069297377755,-0.31561822671359596,0.7106193302212133,0.5736270887554913,-0.13699224146572198,0.5303608396469794,0.5709248388492948,0.04056399920231535,0.5758945185430422,0.6777196578938174,0.1018251393507752
A02,3,45,88657,4,0,0.25203522218841035,0.5039409466027293,0.2519057244143189,0.21420989063029117,0.7825269757111,0.5683170850808088,0.4785225668543486,0.49997829323400694,0.02145572637965837,0.40154952861634763,0.6851045936396645,0.28355506502331684
A02,3,46,90585,4,0,0.40706712984005694,0.33053914659820954,-0.0765279832418474,0.5373842629662342,0.7115369575847448,0.17415269461851057,0.6226021506070035,0.4840752498509521,-0.1385269007560514,0.6434331361868709,0.6764051558201187,0.03297201963324781
A02,3,47,92699,4,0,0.5050530062817128,0.5067979387010485,0.0017449324193357096,0.6973645409618972,0.42513439260529606,-0.2722301483566011,0.61296264825807,0.5134224505251611,-0.0995401977329089,0.5007655787677392,0.7390290162472398,0.23826343747950063
A02,3,48,94758,4,0,0.5321813811569451,0.1714769161088084,-0.3607044650481367,0.6065522346914223,0.6463146960336935,0.03976246134227124,0.3418914557341483,0.5147179122865745,0.17282645655242618,0.43913699170179055,0.671218108315095,0.23208111661330444
A02,4,1,251,4,0,0.3990523651879734,0.45494196304131285,0.05588959785333947,0.7535990841950335,0.6484348354716502,-0.10516424872338337,0.9087056327177018,0.902618526273839,-0.006087106443862789,0.9628292676725876,0.9427989576257195,-0.02003031004686806
A02,4,3,4172,2,0,0.5274416761685393,0.36387344960397805,-0.16356822656456127,0.8974608926745038,0.8549050489806669,-0.042555843693836914,0.9381677680766982,0.9309942759541974,-0.007173492122500846,0.9668761273219632,0.9782159573445196,0.011339830022556452
A02,4,4,6124,1,0,0.19462797990913602,0.12925275352512886,-0.06537522638400717,0.8631247965667709,0.86267372585284,-0.00045107071393091225,0.9185620188126017,0.9450926118534364,0.026530593040834716,0.9540203708936623,0.9824826804760566,0.028462309582394263
A02,4,5,8132,1,0,0.08556857941373693,0.19046644296765614,0.10489786355391921,0.8292228447974062,0.8517546826086575,0.022531837811251343,0.9301065638167444,0.9567002269220293,0.02659366310528488,0.9644758111804071,0.9788855226366243,0.014409711456217167
A02,4,6,10243,2,0,0.37112198817344944,0.17544012677853346,-0.19568186139491597,0.7451718132062571,0.8431139580424875,0.09794214483623032,0.917941931975541,0.954510983125292,0.036569051149751064,0.9434095673769087,0.9672783138557213,0.02386874647881254
A02,4,7,12160,3,0,0.4394206102679055,0.47174199713674597,0.03232138686884045,0.6599484372201267,0.793575118101604,0.13362668088147722,0.9292334740856767,0.943543294569287,0.014309820483610292,0.9641393789869218,0.9779526115388527,0.013813232551930898
A02,4,8,14210,4,0,0.5526907449007586,0.5557011240982214,0.0030103791974627203,0.7645432613403401,0.7644938539089069,-4.940743143322379e-05,0.9131555585990305,0.9497704198773257,0.03661486127829516,0.9789600419313572,0.9787240634908165,-0.00023597844054068506
A02,4,9,16141,2,0,0.2147067995515322,0.4953507822362845,0.28064398268475227,0.788969029982392,0.8835577918017721,0.09458876181938003,0.9182578154046167,0.9405638595599518,0.022306044155335103,0.9683191856559129,0.9828294215424277,0.014510235886514788
A02,4,10,18139,3,0,0.4803904705691234,0.3467212572865125,-0.1336692132826109,0.8345648195180847,0.8148214438563594,-0.01974337566172535,0.9410212057241674,0.942013440883245,0.000992235159077648,0.9616941320932902,0.9859437764361002,0.02424964434280996
A02,4,11,20045,1,0,0.24378824922667433,0.41238435451471694,0.1685961052880426,0.8594276127091941,0.8423208446602841,-0.01710676804890998,0.9404939053309238,0.9505634262703202,0.010069520939396392,0.9796247067580567,0.9838523156448822,0.004227608886825496
A02,4,12,21940,1,0,0.29467320405070146,0.45599840751617976,0.1613252034654783,0.9102269690582515,0.8455685156871244,-0.06465845337112708,0.9309363379058597,0.9596157847245932,0.028679446818733467,0.9836557039828708,0.9913076078606939,0.0076519038778231074
A02,4,13,23912,1,0,0.2362521410909377,0.3938110489826401,0.15755890789170238,0.7613876302483646,0.8381256391071926,0.07673800885882798,0.9350510837356183,0.9481772674741864,0.013126183738568109,0.9769626181416287,0.9855855538801352,0.008622935738506587
A02,4,14,25856,4,0,0.3503503944825845,0.3604711405689937,0.010120746086409227,0.7354343831573715,0.8782877193983755,0.14285333624100394,0.9119469411436774,0.9624648719309848,0.050517930787307486,0.9831893257514589,0.982734138747498,-0.0004551870039608552
A02,4,15,27823,2,0,0.4971961699121864,0.33158753689278647,-0.16560863301939993,0.8162325977012124,0.778286285030456,-0.03794631267075632,0.9708418750020976,0.953638445640272,-0.017203429361825617,0.9845714773982962,0.9763671834330563,-0.008204293965239917
A02,4,16,29943,2,0,0.6748951141712606,0.3957087466662482,-0.27918636750501236,0.8258000529369107,0.7999586377449123,-0.02584141519199845,0.9262613065872243,0.9229427020772357,-0.003318604509988554,0.931561573864786,0.9750252575922136,0.04346368372742759
A02,4,17,31951,1,0,0.203819131500719,0.3222356413131672,0.11841650981244817,0.8717729010558937,0.6573887523302286,-0.21438414872566502,0.9235544148660261,0.9036545800353794,-0.019899834830646723,0.9395193161061213,0.9687240178635846,0.02920470175746337
A02,4,18,34017,1,0,0.6442410107724672,0.42523643483785106,-0.21900457593461614,0.685972565729384,0.7119780259108478,0.02600546018146377,0.842715207101414,0.9180858502030705,0.07537064310165653,0.8812482302612674,0.990833874265542,0.10958564400427462
A02,4,19,36053,3,0,0.5807826228246032,0.5907251141442639,0.009942491319660629,0.6162035802004154,0.649131971534729,0.03292839133431358,0.9476855693683556,0.8760392717362382,-0.07164629763211738,0.9830930365586774,0.9724163657428376,-0.010676670815839784
A02,4,20,38119,1,0,0.6753546203895072,0.39212374819945633,-0.2832308721900509,0.7951074584426421,0.8606196040439678,0.06551214560132568,0.9436201830253567,0.9106607953752276,-0.03295938765012907,0.9758585419796038,0.9738948220123463,-0.0019637199672574157
A02,4,21,40189,2,0,0.45319539349342086,0.5744416871231455,0.12124629362972461,0.8374124521898276,0.6883058062220985,-0.14910664596772916,0.87934041647682,0.9147016454685166,0.03536122899169658,0.9348727884769391,0.9806029002638482,0.04573011178690911
A02,4,22,42269,4,0,0.5178469920589908,0.33941524451324984,-0.17843174754574093,0.7986303612790095,0.831139639188334,0.03250927790932445,0.8953130471154944,0.8923520803592458,-0.002960966756248573,0.969832487024903,0.9330721211638838,-0.03676036586101916
A02,4,23,44181,4,0,0.6874354836288853,0.3311957021172045,-0.3562397815116808,0.5700657296489154,0.698734699551499,0.12866896990258359,0.9146092940657783,0.8995959600749176,-0.015013333990860689,0.9822255375861292,0.96984948612116,-0.012376051464969229
A02,4,24,46212,3,0,0.4196285371645736,0.293754014346938,-0.12587452281763561,0.8998272378667744,0.6290543912790331,-0.27077284658774137,0.770388664844225,0.7330143366386433,-0.03737432820558162,0.8552484024190895,0.9118825634523995,0.05663416103330998
A02,4,25,48165,1,0,0.08450343724383354,0.4705695222596396,0.3860660850158061,0.5381743272224259,0.7734343935458728,0.23526006632344698,0.8225994808865263,0.875399995083739,0.052800514197212656,0.8098016780009852,0.942901654908306,0.13309997690732078
A02,4,26,50126,4,0,0.33250679799521493,0.5140027028551966,0.18149590485998163,0.5486980081334718,0.7690476356574708,0.220349627523999,0.7088891066683612,0.8626228374086817,0.15373373074032048,0.8525977363901364,0.9304203283664995,0.0778225919763631
A02,4,27,52230,4,0,0.20971212746414408,0.4375937256441484,0.2278815981800043,0.7999236064844314,0.6070259610689608,-0.1928976454154706,0.8059316388772891,0.8622783666957553,0.05634672781846617,0.8764529309395666,0.9664386323206929,0.08998570138112638
A02,4,28,54234,2,0,0.33356849237271635,0.3535990214175554,0.02003052904483904,0.6769630533759253,0.8320602215442159,0.15509716816829056,0.6860076704430431,0.8846649802119174,0.1986573097688743,0.9286322611924895,0.9572639913897627,0.028631730197273164
A02,4,29,56209,4,0,0.37874710749522017,0.262196243534262,-0.11655086396095815,0.7344868477045657,0.7741757863674525,0.03968893866288681,0.8434786299371896,0.9227535584640499,0.07927492852686036,0.8550239863400536,0.9525178803594273,0.0974938940193737
A02,4,30,58235,4,0,0.19011833484247523,0.10305611827282489,-0.08706221656965034,0.6791778180726566,0.7593359829008027,0.08015816482814608,0.770302598954982,0.8677992253701738,0.09749662641519186,0.9177438801418892,0.963818233477675,0.0460743533357858
A02,4,31,60306,2,0,0.5295145542882694,0.22332224336238132,-0.3061923109258881,0.8537491903971477,0.6436650978188064,-0.21008409257834126,0.8089497140293762,0.8714679060653704,0.06251819203599418,0.9137481496723908,0.9421739688940898,0.028425819221698956
A02,4,32,62413,1,0,0.5975769574756751,0.3972306490056389,-0.20034630847003615,0.7188285437850042,0.703578619217225,-0.015249924567779183,0.8494019519270467,0.8530797233506531,0.0036777714236063686,0.8877512491130147,0.9348113452958502,0.047060096182835465
A02,4,33,64505,2,0,0.6300890505640371,0.3626678229496631,-0.267421227614374,0.5895463408515793,0.6165174341483953,0.026971093296816018,0.8844806448436289,0.7618436650272932,-0.1226369798163357,0.9692407426319111,0.8877681038617203,-0.08147263877019073
A02,4,34,66596,3,0,0.20034691244469163,0.4022032598445139,0.20185634739982225,0.5132831405746309,0.7918242269367033,0.2785410863620724,0.8736537375388317,0.8497707649587056,-0.02388297258012606,0.9113162708831101,0.9599248557832674,0.04860858490015729
A02,4,35,68639,3,0,0.35324014217774863,0.3079247731214756,-0.045315369056273036,0.7523813226420707,0.7215494413797593,-0.0308318812623114,0.870284608393629,0.8520390857990928,-0.018245522594536157,0.9227216911027745,0.9609818341926287,0.03826014308985426
A02,4,36,70703,3,0,0.5582273811614911,0.33745986457451493,-0.22076751658697613,0.7971090510106337,0.792321126429739,-0.00478792458089472,0.8594866608106527,0.8660629888556102,0.006576328044957447,0.8901773436459027,0.9330630741198573,0.04288573047395461
A02,4,37,72723,4,0,0.6461932263111823,0.683905849360567,0.03771262304938472,0.7567990963750733,0.7779129364021778,0.02111384002710459,0.8146146837559297,0.8956523255516805,0.08103764179575079,0.8889023508022699,0.9361361275771786,0.0472337767749087
A02,4,38,74695,3,0,0.6702004332225712,0.38427015873401643,-0.28593027448855474,0.812336338654263,0.723551863363567,-0.088784475290696,0.8011014975437055,0.767711167322559,-0.03339033022114657,0.8161218312806394,0.9126766438322301,0.09655481255159071
A02,4,39,76658,1,0,0.6641742653441156,0.16298833838813365,-0.501185926955982,0.7682576538268316,0.6208356034041272,-0.1474220504227044,0.7976017697098065,0.7825831720423145,-0.015018597667491917,0.901078985710977,0.8925706647339854,-0.008508320976991612
A02,4,40,78583,4,0,0.22820525615057402,0.5521230183946113,0.3239177622440373,0.8088700322903435,0.6100134540972438,-0.19885657819309965,0.7823826880970863,0.8410442681947663,0.058661580097679966,0.8056492124156446,0.9524841555423958,0.14683494312675127
A02,4,41,80664,2,0,0.6463416692391745,0.29837920927781536,-0.3479624599613591,0.6595491715675053,0.7978458684417044,0.1382966968741991,0.808861488558951,0.8581522544427163,0.04929076588376524,0.9098402490966048,0.916407483731505,0.006567234634900276
A02,4,42,82642,3,0,0.5306591787927453,0.3988805420238098,-0.13177863676893548,0.610651073748257,0.7105669324678734,0.09991585871961639,0.759308645633636,0.8284330116673118,0.06912436603367578,0.7738649420229776,0.9381355679060422,0.16427062588306462
A02,4,43,84632,2,0,0.3559899803576654,0.3292302383637092,-0.0267597419939562,0.4802611123726808,0.6221526224528721,0.14189151008019124,0.8277384681914516,0.8678815488154751,0.0401430806240235,0.7713856686585153,0.9119883407011005,0.14060267204258514
A02,4,44,86751,3,0,0.7688843791511221,0.3059125320009666,-0.4629718471501555,0.5917530677410715,0.6215756292097464,0.029822561468674902,0.7322331561049176,0.7732024709517864,0.04096931484686883,0.854992213267678,0.8889626332035244,0.033970419935846374
A02,4,45,88657,4,0,0.21055662994101448,0.42005355186303456,0.20949692192202007,0.6958788127991726,0.7878845625414019,0.0920057497422293,0.7778858570586402,0.7894218887521837,0.011536031693543447,0.9074982781412732,0.9209755288430824,0.013477250701809274
A02,4,46,90585,2,0,0.3285417513965174,0.4734985357514668,0.14495678435494935,0.7628950435193023,0.6431235543119069,-0.11977148920739533,0.8300147068755106,0.8346676026161559,0.004652895740645313,0.8702583493918097,0.894915949742316,0.024657600350506348
A02,4,47,92699,3,0,0.525948938303084,0.5265768998716439,0.0006279615685599316,0.8326647621774746,0.6983605168734995,-0.1343042453039751,0.7647085772566122,0.810133052122018,0.045424474865405795,0.9003475725814009,0.8833435658251466,-0.017004006756254242
A02,4,48,94758,1,0,0.39090275111543304,0.445685115133279,0.054782364017845975,0.6055626912529115,0.6188449650754789,0.013282273822567414,0.8313938734151736,0.8121416960251884,-0.019252177389985192,0.8373301353010735,0.886500729669398,0.049170594368324494
A02,5,2,2254,1,0,0.6232246878200028,0.4709089591151673,-0.15231572870483556,0.8481041627483333,0.8486890421970952,0.0005848794487618436,0.9215185552758783,0.9645661870540663,0.043047631778187934,0.891910333169015,0.9754431247365716,0.08353279156755655
A02,5,3,4172,4,0,0.33360490175971463,0.2861144323351565,-0.047490469424558146,0.7588642996139561,0.9335433018345726,0.1746790022206165,0.9547284196755996,0.9644157730139936,0.00968735333839399,0.9828363755936202,0.9804676668610878,-0.0023687087325324763
A02,5,4,6124,2,0,0.3542448258635074,0.1547006345219081,-0.19954419134159931,0.8826984980622425,0.9150148221604603,0.03231632409821772,0.9575123382123124,0.9656022396706716,0.008089901458359194,0.9712204515845941,0.977549710558628,0.006329258974033913
A02,5,5,8132,1,0,0.2944609950944029,0.4163812593043207,0.1219202642099178,0.8883108535453,0.8167421380579797,-0.07156871548732036,0.914120915625951,0.9596674297392794,0.04554651411332844,0.9726636881787762,0.9838738274238873,0.01121013924511105
A02,5,6,10243,3,0,0.27178585641799663,0.4673458774517325,0.19556002103373588,0.8539956911246606,0.846457724985017,-0.007537966139643526,0.9527839215376358,0.9666919986705381,0.013908077132902319,0.979210425769206,0.9912726856889613,0.012062259919755292
A02,5,7,12160,1,0,0.5932634211836667,0.38382662127456996,-0.20943679990909675,0.8007789668252296,0.7364351225249368,-0.06434384430029283,0.9378837074940188,0.9576370713632286,0.019753363869209783,0.9737737013173886,0.979886141956951,0.0061124406395624
A02,5,8,14210,3,0,0.6513421708991168,0.31513575266115706,-0.33620641823795977,0.8273510777664235,0.753503697545673,-0.07384738022075044,0.9541642158296538,0.9146967489332823,-0.039467466896371484,0.9769440348712235,0.9767929446711554,-0.0001510902000680936
A02,5,9,16141,2,0,0.23435831763535392,0.15536461751479977,-0.07899370012055415,0.8178002592182312,0.8068974273893093,-0.010902831828921933,0.9386297085386711,0.9385370381493546,-9.267038931648486e-05,0.9649315164199861,0.9756405242898541,0.010709007869868059
A02,5,10,18139,4,0,0.1892446901008912,0.474133536878493,0.28488884677760185,0.8584362158633869,0.8212877824174176,-0.0371484334459693,0.9365379909224455,0.9206998935257976,-0.015838097396647877,0.9801776691719274,0.9828472547594007,0.002669585587473322
A02,5,11,20045,1,0,0.41737463584123863,0.15818542342722544,-0.25918921241401316,0.6541854096918251,0.7522081762271474,0.09802276653532227,0.9201450998816717,0.9385296124384591,0.018384512556787413,0.9524311705070817,0.9680515992901993,0.015620428783117646
A02,5,12,21940,3,0,0.49388143854387717,0.2905699265323075,-0.20331151201156966,0.8486256726485679,0.8344811867027389,-0.014144485945829066,0.9377403002340003,0.9257366227240834,-0.012003677509916932,0.9426408173125745,0.9712945180090354,0.028653700696460893
A02,5,13,23912,3,0,0.45790615785086936,0.406676712512757,-0.051229445338112356,0.7734825742634149,0.8965286229182151,0.12304604865480018,0.8648399903596088,0.9338924228883317,0.06905243252872295,0.9729888015201125,0.9715240267370288,-0.001464774783083711
A02,5,14,25856,1,0,0.4575691646226648,0.5039485603126125,0.0463793956899477,0.8675057519060335,0.8035897218574551,-0.06391603004857838,0.945631803579359,0.9463146890822104,0.0006828855028513381,0.9809022169737337,0.9774146259733436,-0.003487591000390089
A02,5,15,27823,3,0,0.40041361263683306,0.26749853859224254,-0.13291507404459052,0.8408951902283198,0.8066465663611027,-0.034248623867217165,0.88845569425668,0.9455698467637877,0.05711415250710772,0.9666310420164482,0.9752625692147904,0.008631527198342148
A02,5,16,29943,2,0,0.6215327777340602,0.41962459643405453,-0.2019081813000057,0.6935993440193667,0.7646666982542435,0.07106735423487676,0.912495881764392,0.9304983538871008,0.01800247212270878,0.9649946018532854,0.9744821750573706,0.009487573204085109
A02,5,17,31951,4,0,0.24369893089322625,0.5492756081843694,0.30557667729114313,0.7407298908151033,0.8012443912722593,0.060514500457156006,0.8725488881462243,0.9205326431258963,0.047983754979672,0.9548479703110248,0.9582984647552848,0.003450494444260044
A02,5,18,34017,4,0,0.4008824149747836,0.40988510262085753,0.009002687646073926,0.6646618725042749,0.6880133012925523,0.02335142878827745,0.9134304540745355,0.8975319079215079,-0.01589854615302755,0.9221971962926198,0.9636657284801122,0.04146853218749247
A02,5,19,36053,4,0,0.5952723525887806,0.3910187032477923,-0.20425364934098833,0.9059132067913251,0.49263569645230676,-0.4132775103390184,0.9241757124315672,0.898390311199792,-0.025785401231775196,0.9647217716741378,0.9740764755727037,0.009354703898565964
A02,5,20,38119,3,0,0.32497385991216293,0.3674121264338277,0.04243826652166477,0.8647844521222174,0.8639569417130136,-0.0008275104092038132,0.9064873355091759,0.8702565075849712,-0.036230827924204734,0.9664704902928342,0.9681558578287116,0.0016853675358774467
A02,5,21,40189,1,0,0.5040965746249173,0.3400291538261183,-0.164067420798799,0.7855903041298467,0.8214506660739346,0.035860361944087926,0.800252183335559,0.9062919881172888,0.10603980478172981,0.8809298309697794,0.9705235922390871,0.08959376126930774
A02,5,22,42269,4,0,0.48124687681488815,0.3301013978756496,-0.15114547893923852,0.6910544413528028,0.8224791959728884,0.13142475462008563,0.8749105114596312,0.8766122969361311,0.0017017854764999063,0.8777284016730055,0.9430499003055246,0.06532149863251913
A02,5,23,44181,2,0,0.4883308664589102,0.4529140522942468,-0.03541681416466341,0.9171419480834536,0.7046567038041179,-0.21248524427933568,0.8694433169043242,0.8951300572852362,0.02568674038091201,0.8733800581173105,0.9341433689609527,0.06076331084364228
A02,5,24,46212,4,0,0.33341741233627037,0.49140847976551644,0.15799106742924607,0.4362780663025382,0.8264376878270133,0.39015962152447514,0.6543224385571319,0.8779542516850029,0.22363181312787095,0.8584295266571288,0.9294689220994953,0.07103939544236648
A02,5,25,48165,2,0,0.5313185971264097,0.255840018642461,-0.27547857848394874,0.7967081326410843,0.7508079776079668,-0.04590015503311751,0.8673127824587322,0.8100923587758952,-0.057220423682836974,0.9083226762974955,0.9588807646699958,0.05055808837250031
A02,5,26,50126,1,0,0.5618126393011507,0.38119641950000843,-0.18061621980114223,0.784862800005423,0.7332407251139552,-0.05162207489146775,0.7227932809611792,0.8382144470918694,0.1154211661306902,0.8707780228426183,0.9388083485682086,0.06803032572559031
A02,5,27,52230,3,0,0.384302015219406,0.5447881726881222,0.1604861574687162,0.8364497774687804,0.8317719549559186,-0.004677822512861751,0.8023239742929947,0.8468111703960436,0.044487196103048854,0.8914929766531549,0.8794416150690108,-0.012051361584144105
A02,5,28,54234,2,0,0.463770117595227,0.5923396250686866,0.12856950747345963,0.7900251335099574,0.8036109442408461,0.013585810730888714,0.798775320450193,0.7846825527535929,-0.014092767696600061,0.9090151792085261,0.8926753520388481,-0.01633982716967808
A02,5,29,56209,1,0,0.29470788832580624,0.5016031685676996,0.20689528024189335,0.7984533192530108,0.7199795587148043,-0.07847376053820643,0.7707903998268115,0.8286524738252924,0.05786207399848087,0.8639337471850618,0.824276047163011,-0.039657700022050824
A02,5,30,58235,3,0,0.526818691010339,0.32673065140229085,-0.2000880396080481,0.6169630680951789,0.6949186673524614,0.07795559925728257,0.8135855649640004,0.7493976864628884,-0.06418787850111196,0.8537730007310037,0.8955934591126212,0.04182045838161752
A02,5,31,60306,3,0,0.4045198181386923,0.41266192543528046,0.008142107296588152,0.7275051450963783,0.4697462747822007,-0.2577588703141776,0.6293363872273058,0.7805291994117687,0.1511928121844629,0.8817411094565025,0.9198385197056217,0.03809741024911917
A02,5,32,62413,1,0,0.38439962899989716,0.21765162357005957,-0.1667480054298376,0.8919541474920127,0.5092674105858072,-0.3826867369062056,0.739698280048486,0.859686383413183,0.11998810336469701,0.8743410721586505,0.9386440501137935,0.06430297795514295
A02,5,33,64505,3,0,0.5369520093170386,0.5084645266394908,-0.02848748267754775,0.8163994227836332,0.7525950738808813,-0.06380434890275188,0.7888278030724413,0.7825057721384063,-0.006322030934034939,0.8321818680937507,0.8462382986596294,0.014056430565878686
A02,5,34,66596,4,0,0.42238087795237933,0.5170799638101242,0.09469908585774489,0.7391247018463256,0.4956571289933511,-0.2434675728529745,0.825231063303854,0.784469589054991,-0.040761474248863006,0.845552277631809,0.8581210603147501,0.012568782682941149
A02,5,35,68639,4,0,0.424205467488144,0.5886039842382248,0.16439851675008083,0.6742557638503117,0.6466188636439894,-0.027636900206322368,0.726485812536888,0.747065844311243,0.020580031774354968,0.8325543482004446,0.82338053975617,-0.009173808444274623
A02,5,36,70703,2,0,0.5659031517679972,0.46269167034658837,-0.10321148142140885,0.641206292477696,0.6964794782056009,0.05527318572790485,0.7739976633789976,0.8404235329306704,0.06642586955167284,0.9007979608574551,0.9268491341424945,0.026051173285039364
A02,5,37,72723,1,0,0.5587297622042156,0.43157989119539625,-0.1271498710088193,0.7034863079137409,0.7102513852748334,0.006765077361092553,0.6410990844616414,0.7744984796164088,0.1333993951547674,0.9170380557583815,0.8668133003433339,-0.05022475541504756
A02,5,38,74695,2,0,0.23031629184466354,0.43978316218214986,0.20946687033748632,0.4052735823245585,0.6836311377545099,0.2783575554299514,0.852041763318313,0.8119127213947985,-0.04012904192351452,0.8911556991303071,0.9117968545043312,0.02064115537402411
A02,5,39,76658,4,0,0.18646266445010054,0.4469030768853988,0.26044041243529825,0.8442873469477352,0.8581902064967059,0.013902859548970636,0.664130756910546,0.8119808207039093,0.1478500637933633,0.8366908408733339,0.8737337299651692,0.037042889091835285
A02,5,40,78583,2,0,0.18198094029912415,0.19013314770491369,0.008152207405789536,0.6348607542142253,0.8100796915225896,0.17521893730836435,0.7378205969652338,0.8343099749116217,0.0964893779463879,0.8993232200655009,0.9261237929313724,0.026800572865871453
A02,5,41,80664,4,0,0.2957900722831171,0.3735795810540702,0.07778950877095309,0.542860027632528,0.776361592180951,0.23350156454842297,0.7828991587953811,0.7328793866849053,-0.05001977211047581,0.8007063283817398,0.9195085672991729,0.11880223891743302
A02,5,42,82642,3,0,0.42095425389611024,0.5858804002510809,0.16492614635497066,0.5501536659361388,0.6564277514407449,0.10627408550460615,0.7644635702794635,0.818717211960499,0.054253641681035414,0.881292311901925,0.8720898738538595,-0.009202438048065531
A02,5,43,84632,2,0,0.08715773660005748,0.27949587379041263,0.19233813719035514,0.7557696470934248,0.6464204133316672,-0.10934923376175754,0.8097191107893558,0.7529475253133942,-0.05677158547596162,0.7910859353247609,0.9301960171773772,0.1391100818526163
A02,5,44,86751,2,0,0.6022678860303368,0.24051132431423758,-0.36175656171609916,0.7918969979812213,0.6648979576190287,-0.12699904036219256,0.7978216929924342,0.8364038319783857,0.03858213898595153,0.7423378776849177,0.8824292100171315,0.14009133233221382
A02,5,45,88657,2,0,0.6605278630792482,0.3492636642754631,-0.31126419880378503,0.7956340092667723,0.7371028721430186,-0.058531137123753685,0.8005175510818843,0.7947346371075084,-0.005782913974375914,0.7027076382892984,0.7592913011547698,0.05658366286547145
A02,5,46,90585,3,0,0.18699383130956823,0.2643525031472995,0.07735867183773129,0.6416296451984695,0.6609676993282367,0.01933805412976719,0.6720129497899496,0.5337613537479797,-0.1382515960419699,0.6536422384237116,0.7989230747869189,0.14528083636320732
A02,5,47,92699,4,0,0.043167954516749076,0.4537281018638401,0.410560147347091,0.7092240937097796,0.7823288504337752,0.07310475672399563,0.4098128541403954,0.6765850271659998,0.26677217302560435,0.5656563541223146,0.7608480763349963,0.19519172221268166
A02,5,48,94758,1,0,0.41018098268309006,0.17971808046100127,-0.2304629022220888,0.726866161598273,0.6571063261658595,-0.06975983543241349,0.5932153996525156,0.7601295424211333,0.1669141427686177,0.8098134104332692,0.9106391395410808,0.10082572910781162
A02,6,1,251,2,0,0.4355088093598665,0.5792317458241286,0.1437229364642621,0.8604392801779511,0.8834804448881542,0.02304116471020312,0.960778623105827,0.9427632013224477,-0.018015421783379226,0.9651640884716547,0.9749668447761023,0.009802756304447602
A02,6,2,2254,4,0,0.47176508410494045,0.3862822080872377,-0.08548287601770277,0.6974079851331084,0.8973838789786416,0.19997589384553316,0.9346043852156287,0.9587722378480442,0.0241678526324155,0.9851541793006228,0.9888153721316881,0.003661192831065363
A02,6,3,4172,1,0,0.4193132349824228,0.23009158977762678,-0.189221645204796,0.8940558551066236,0.8892097695636044,-0.00484608554301913,0.952404305155672,0.9543988621791677,0.0019945570234957133,0.9823383996318741,0.9848933733909703,0.0025549737590961907
A02,6,4,6124,3,0,0.1466806354596582,0.41958319129110694,0.27290255583144873,0.8842108103437482,0.8243887509221793,-0.05982205942156882,0.9340796254533767,0.9352644627355737,0.0011848372821969821,0.962724473297014,0.9821131904563977,0.019388717159383617
A02,6,5,8132,3,0,0.821544545413507,0.39142809835602105,-0.4301164470574859,0.8592665548649886,0.6835571980518431,-0.17570935681314548,0.8875135261347168,0.9069978059980246,0.019484279863307807,0.9585095547072233,0.9536068285309449,-0.004902726176278405
A02,6,6,10243,4,0,0.393464043431941,0.1436931919580304,-0.24977085147391062,0.7616049313004483,0.6672960193073667,-0.09430891199308156,0.8925772218347904,0.875886332228485,-0.01669088960630538,0.9663364975989658,0.949908468902332,-0.016428028696633734
A02,6,7,12160,1,0,0.629191873488889,0.28859466660071026,-0.3405972068881788,0.76517330908358,0.7487670509484561,-0.016406258135123974,0.7888519157074734,0.8167134400274624,0.027861524319989006,0.9396543707624343,0.9609875662950281,0.02133319553259383
A02,6,8,14210,1,0,0.5922731025264131,0.0922419871744765,-0.5000311153519366,0.794995681091798,0.6954526718509909,-0.09954300924080706,0.867961646707388,0.8104713960517269,-0.057490250655661046,0.9221493937352496,0.9205882602110288,-0.0015611335242208257
A02,6,9,16141,3,0,0.4850922954480465,0.3276846785645251,-0.1574076168835214,0.6432599952669412,0.7379748979954078,0.09471490272846661,0.7652935881021277,0.8644404352040723,0.09914684710194466,0.916393137290914,0.9429588388675951,0.026565701576681144
A02,6,10,18139,2,0,0.47787131811471056,0.391315488992948,-0.08655582912176257,0.629159781045259,0.6832946918317739,0.05413491078651489,0.7306409585067736,0.8629434460979366,0.13230248759116303,0.8699815066971921,0.9766521042760045,0.10667059757881237
A02,6,11,20045,4,0,0.32895547204894,0.27307087783942585,-0.05588459420951414,0.6583643595177602,0.8067610157701522,0.14839665625239207,0.6295016226437633,0.860805038076929,0.23130341543316568,0.864955114846128,0.9729125394190589,0.1079574245729309
A02,6,12,21940,4,0,0.2632064164104385,0.6414582045098756,0.37825178809943705,0.7527350728110164,0.6417356103772222,-0.11099946243379422,0.7408099440301201,0.747030641616106,0.006220697585985868,0.8968659983846862,0.9364039037572233,0.0395379053725371
A02,6,13,23912,4,0,0.5254967853983458,0.5280013252999572,0.00250453990161148,0.5870979794263989,0.7238067604136915,0.13670878098729267,0.7719727614297935,0.7990742078399938,0.02710144641020029,0.8435270418989477,0.8197593915426189,-0.023767650356328773
A02,6,14,25856,2,0,0.4296431752518793,0.4298145385364558,0.00017136328457650896,0.6314146404995854,0.7768836558504874,0.14546901535090195,0.5751867811241433,0.6657026169352871,0.09051583581114375,0.7224726964464033,0.8582934947314099,0.1358207982850066
A02,6,15,27823,1,0,0.27178481772530194,0.41576738074412595,0.143982563018824,0.7467256766399623,0.633454194010002,-0.11327148262996023,0.5338640798139522,0.7168535239440136,0.18298944413006135,0.7066647071073177,0.886237384695767,0.1795726775884493
A02,6,16,29943,3,0,0.5251912945877887,0.3058195718043838,-0.2193717227834049,0.7007029250001625,0.6344356149707693,-0.06626731002939323,0.6862795217550612,0.6261328287218111,-0.060146693033250154,0.7209148997397528,0.793583958445098,0.07266905870534524
A02,6,17,31951,2,0,0.3388987376821041,0.4573789930375627,0.11848025535545859,0.6193548881250182,0.6898572665467834,0.07050237842176521,0.6747023891210349,0.7128909317279912,0.038188542606956366,0.881540711599948,0.7578604383315328,-0.12368027326841513
A02,6,18,34017,4,0,0.4153857511632381,0.3523305977928141,-0.063055153370424,0.6784666587780765,0.7371505583877164,0.05868389960963982,0.44540511407148775,0.6444119134104682,0.19900679933898047,0.7425882629164918,0.7890522189054723,0.046463955988980454
A02,6,19,36053,1,0,0.4455674708278137,0.5594254666592435,0.1138579958314298,0.5967033591450017,0.4785922348751662,-0.1181111242698355,0.5521580702112454,0.7613187065991172,0.20916063638787175,0.7702239848524605,0.844395285744846,0.07417130089238555
A02,6,20,38119,4,0,0.6201564570003585,0.20775461408373358,-0.4124018429166249,0.7867884956750043,0.7013037840598242,-0.08548471161518012,0.4526763386878273,0.6500016355271858,0.1973252968393585,0.8522359245518878,0.7326693360251536,-0.11956658852673419
A02,6,21,40189,3,0,0.29340773272231574,0.5057600935308956,0.21235236080857983,0.7382197344729367,0.7119378775728613,-0.02628185690007534,0.5677359235588019,0.6246141308010299,0.05687820724222803,0.5585100196027394,0.8422184062940907,0.28370838669135134
A02,6,22,42269,2,0,0.5201997989728905,0.36382333519489357,-0.1563764637779969,0.6268296600144401,0.7908728563373394,0.16404319632289932,0.3695675501512214,0.6928797478245826,0.3233121976733612,0.7241615531674295,0.813387720062183,0.08922616689475349
A02,6,23,44181,4,0,0.6467532482321928,0.22296416557574011,-0.4237890826564527,0.822516623076937,0.688387861392033,-0.13412876168490395,0.6265991142465365,0.6932145961457651,0.06661548189922861,0.7566872674482857,0.8163015669883744,0.05961429954008868
A02,6,24,46212,4,0,0.6500490864759038,0.42878353387465706,-0.2212655526012467,0.8230188292642279,0.6990905230457669,-0.12392830621846096,0.4706745428112078,0.5482559878185816,0.07758144500737385,0.7315143830034163,0.6481592416967449,-0.08335514130667143
A02,6,25,48165,1,0,0.3441413182925901,0.2695330459692774,-0.07460827232331269,0.7169720989065408,0.7692227808616484,0.052250681955107625,0.5201793879147548,0.6519193611701101,0.13173997325535525,0.7355401527643309,0.8401960375607628,0.10465588479643184
A02,6,26,50126,2,0,0.35370581692651537,0.5593304095716506,0.20562459264513522,0.6210006397558777,0.7580086518774477,0.13700801212157,0.7077761768046091,0.6021515203924085,-0.10562465641220065,0.6593141000762085,0.7389564349935551,0.07964233491734662
A02,6,27,52230,2,0,0.7397214332945106,0.48189005949137703,-0.25783137380313353,0.5643782537738079,0.8140929877875452,0.24971473401373734,0.5702679514457338,0.6664149950747155,0.09614704362898163,0.8153995138703104,0.7478507661436202,-0.06754874772669017
A02,6,28,54234,3,0,0.5140354007620991,0.37926975499991666,-0.13476564576218242,0.5488606216219913,0.5587519497013981,0.009891328079406736,0.7125039947202353,0.6940535476374426,-0.018450447082792643,0.7544648697796885,0.8371781008563755,0.08271323107668693
A02,6,29,56209,4,0,0.45345816056675214,0.3911175893812561,-0.06234057118549602,0.7374315033265735,0.37622097015504846,-0.361210533171525,0.5439699611075881,0.6689444348824163,0.12497447377482818,0.7513245297275908,0.7630788886190711,0.011754358891480354
A02,6,30,58235,2,0,0.381057635891165,0.4375693507554158,0.05651171486425083,0.49341129542300044,0.8065530404462476,0.3131417450232472,0.6544118905791195,0.745584830743445,0.09117294016432542,0.7829423982700062,0.8802220447580636,0.09727964648805743
A02,6,31,60306,1,0,0.6324818241568018,0.4982707215634769,-0.13421110259332486,0.8722277191304454,0.6448202125037185,-0.22740750662672693,0.5248112259074104,0.6332167337594071,0.10840550785199676,0.7378175978173392,0.7296835801895627,-0.008134017627776546
A02,6,32,62413,1,0,0.38931734294962556,0.533513457907272,0.14419611495764645,0.6718701049472902,0.8376662616522073,0.1657961567049171,0.41310626169372966,0.6846879905368887,0.271581728843159,0.7869251000902278,0.8580881675990722,0.07116306750884449
A02,6,33,64505,4,0,0.6611042099489438,0.6946605731589892,0.0335563632100454,0.8779084405956732,0.8556394706284195,-0.022268969967253693,0.7976112637083137,0.6765822487231071,-0.12102901498520657,0.8371701468051975,0.7466132980829114,-0.09055684872228609
A02,6,34,66596,2,0,0.4916089569829717,0.3940931113402005,-0.09751584564277122,0.5342021868579547,0.7651249564674707,0.23092276960951597,0.65195257315871,0.6216298858840624,-0.030322687274647597,0.7100812294867666,0.6643841472562736,-0.04569708223049296
A02,6,35,68639,1,0,0.5564381621998332,0.44339558828122555,-0.11304257391860767,0.8481968014571368,0.698484724827324,-0.14971207662981278,0.6986514718114823,0.6440797945173921,-0.05457167729409029,0.6693802864708636,0.7864138760622523,0.11703358959138876
A02,6,36,70703,3,0,0.12253906717672662,0.18565224019279755,0.06311317301607093,0.7152538663738136,0.5542527470373543,-0.16100111933645933,0.6791636159689227,0.6734429440980039,-0.0057206718709188475,0.7062621080715762,0.8094735974308379,0.10321148935926172
A02,6,37,72723,2,0,0.18585791197393606,0.34951717226485857,0.1636592602909225,0.6837446966631203,0.7308999740605504,0.047155277397430084,0.4703873254681937,0.5630756704903377,0.09268834502214401,0.5666935648574671,0.6721198656529238,0.10542630079545667
A02,6,38,74695,2,0,0.5557724141935307,0.5411897101097657,-0.014582704083765052,0.7791953835604041,0.8105132255309339,0.03131784197052978,0.4799572123231633,0.6477363701936227,0.16777915787045944,0.7060778127971942,0.7705276192437999,0.0644498064466057
A02,6,39,76658,3,0,0.7514367163617576,0.35840289404802433,-0.39303382231373324,0.8113651420827485,0.6727129070217958,-0.1386522350609527,0.4413509886268004,0.6095386813409888,0.16818769271418837,0.6836736208276882,0.7050766756020269,0.02140305477433868
A02,6,40,78583,1,0,0.6169565053991091,0.6518246649591234,0.03486815956001432,0.8329642651095316,0.8593172629510966,0.026352997841564973,0.6510845486426659,0.5650188023168592,-0.08606574632580666,0.7810867560222831,0.8470968631294348,0.06601010710715172
A02,6,41,80664,4,0,0.4575117171518417,0.5514598883292788,0.09394817117743715,0.5231461215869992,0.6289738703780297,0.10582774879103041,0.5343002859663473,0.6382804066788148,0.10398012071246754,0.7186687884062916,0.7725159119729798,0.05384712356668819
A02,6,42,82642,3,0,0.3194646486864446,0.5333000744180715,0.2138354257316269,0.6198625400354262,0.7198433774280696,0.0999808373926434,0.6188767417327389,0.5903430786760114,-0.028533663056727443,0.6698892354695793,0.6835696605524019,0.013680425082822523
A02,6,43,84632,3,0,0.5841529634700132,0.4440507847659818,-0.1401021787040314,0.6191963604386501,0.7798610834957653,0.1606647230571152,0.5268079518795087,0.5669013828916729,0.04009343101216423,0.6594014094872882,0.831261950363267,0.1718605408759788
A02,6,44,86751,3,0,0.5736140595932043,0.38742553693478704,-0.1861885226584173,0.6911679288544296,0.7154431126450845,0.024275183790654964,0.5119000199595003,0.5398927983115935,0.02799277835209324,0.5145836008053628,0.5094335663122559,-0.005150034493106914
A02,6,45,88657,3,0,0.26359913041633826,0.30270424959518066,0.03910511917884241,0.7355451408931477,0.7605117843052114,0.02496664341206367,0.5703949819622809,0.7046248769935569,0.13422989503127603,0.5436720588030253,0.7132230257416643,0.16955096693863903
A02,6,46,90585,1,0,0.5960641844839155,0.10933947046616124,-0.4867247140177543,0.6127138434116279,0.781404690088526,0.16869084667689804,0.6145351207304813,0.6978934684013751,0.08335834767089378,0.6710085381111534,0.8244470261221164,0.15343848801096305
A02,6,47,92699,2,0,0.6388081315151987,0.4670733422443348,-0.17173478927086389,0.6853672193533206,0.6372738314907408,-0.04809338786257977,0.6211638190683322,0.5930680113403747,-0.0280958077279575,0.5781657890682447,0.7244430207783088,0.14627723171006413
A02,6,48,94758,1,0,0.5447945690569178,0.24841985151829846,-0.2963747175386193,0.6775420255206791,0.6240914541960159,-0.05345057132466324,0.6547750220242037,0.6415540535901336,-0.013220968434070057,0.6436719169757558,0.7233075289429853,0.07963561196722957
A02,7,1,251,2,0,0.8038520894075066,0.6751276767954303,-0.12872441261207634,0.8963660385374664,0.8969540455407797,0.0005880070033132956,0.9486722046870655,0.9553080720456053,0.0066358673585398265,0.9802563398843601,0.9848752811476865,0.004618941263326404
A02,7,2,2254,1,0,0.3079527274386255,0.3310977948163391,0.023145067377713602,0.892718250992628,0.874061231125682,-0.018657019866946012,0.9308495741657051,0.9594064193785689,0.028556845212863724,0.9546999382060359,0.9871245188399397,0.03242458063390374
A02,7,3,4172,1,0,0.2868827789558169,0.479553083535901,0.1926703045800841,0.7371638375031386,0.7665395211726482,0.0293756836695096,0.9431433856738042,0.9647925173397486,0.0216491316659444,0.9705352362313634,0.986570719619466,0.016035483388102567
A02,7,4,6124,3,0,0.4251733457590902,0.3760292268007777,-0.0491441189583125,0.8357650139508651,0.7082930264201099,-0.12747198753075517,0.9270753846396848,0.9388398528220485,0.011764468182363763,0.9692270150757673,0.9827883920244308,0.01356137694866355
A02,7,5,8132,3,0,0.6079339969099066,0.3160791508080575,-0.2918548461018491,0.8592954695827567,0.8430773297336343,-0.01621813984912246,0.937673536665103,0.8435437441733675,-0.09412979249173548,0.9553954971606613,0.970357047957365,0.014961550796703693
A02,7,6,10243,2,0,0.45307935055123194,0.5349102301873495,0.08183087963611757,0.7692737529589169,0.8774696117464139,0.10819585878749705,0.9112522996550844,0.9277061511458676,0.016453851490783267,0.9720098100122858,0.9758035712680709,0.003793761255785122
A02,7,7,12160,3,0,0.554151379395262,0.4148723061597884,-0.13927907323547367,0.845617172023525,0.837295213229482,-0.008321958794043072,0.9042835815507845,0.8185207438912795,-0.08576283765950499,0.9576681631284822,0.9543492181969346,-0.003318944931547607
A02,7,8,14210,4,0,0.3363124058716332,0.5027460642953164,0.16643365842368324,0.6823685151753535,0.7717878670025178,0.08941935182716432,0.8480244643288827,0.9130494341815478,0.06502496985266515,0.960651416221032,0.9673195759363835,0.006668159715351507
A02,7,9,16141,1,0,0.46903260546102554,0.5034745467226205,0.034441941261594944,0.7256336489772769,0.7855514208018866,0.05991777182460967,0.9211622420091208,0.8741560769719833,-0.047006165037137504,0.9609691476264067,0.9539089689250917,-0.007060178701315034
A02,7,10,18139,4,0,0.45219457673714747,0.2309717861228209,-0.22122279061432656,0.6426428368607654,0.6764962979566312,0.033853461095865844,0.7965406062724837,0.8437412459309568,0.0472006396584731,0.9705252056477108,0.9340567717296263,-0.03646843391808452
A02,7,11,20045,1,0,0.41175794887507794,0.5347105691890218,0.12295262031394388,0.8293238597075417,0.7442284044128217,-0.08509545529472007,0.8176322098892744,0.8677278023632028,0.05009559247392836,0.9131801728300764,0.9553883931915241,0.04220822036144778
A02,7,12,21940,1,0,0.3101121322743103,0.4510586079727519,0.1409464756984416,0.6385290240083462,0.835027278369768,0.19649825436142176,0.8657227696074582,0.8220259606091441,-0.043696808998314074,0.9630953107379522,0.9329597214173232,-0.030135589320628986
A02,7,13,23912,2,0,0.46012969715437446,0.2758867751414761,-0.18424292201289838,0.7694563432717796,0.8873367747837472,0.11788043151196759,0.8609455983465475,0.9085453737552224,0.04759977540867488,0.8786967045755253,0.9489463053461569,0.07024960077063158
A02,7,14,25856,4,0,0.5673918752338586,0.33336683318157206,-0.23402504205228652,0.8284383540520561,0.7764814644391966,-0.05195688961285949,0.6945915651700706,0.8931331111600743,0.19854154599000373,0.8792117741679724,0.9768646734228982,0.09765289925492582
A02,7,15,27823,3,0,0.4838783730229953,0.32200263942653334,-0.16187573359646196,0.8647905086720644,0.7153306985289013,-0.14945981014316312,0.8255819208278031,0.8100364817773862,-0.015545439050416943,0.9729935966872681,0.9198792416416912,-0.05311435504557693
A02,7,16,29943,2,0,0.6443782427981223,0.405926023644838,-0.2384522191532843,0.8216989061819077,0.848182343973136,0.026483437791228304,0.7543447663572501,0.8350596396594941,0.08071487330224403,0.8786650249386118,0.8799501445602964,0.0012851196216846494
A02,7,17,31951,4,0,0.6733334036205179,0.30376009503427154,-0.3695733085862463,0.8011607218848075,0.835875608453655,0.03471488656884758,0.5503116824530965,0.8168187423295391,0.26650705987644263,0.7845308120197899,0.9324057124184435,0.14787490039865359
A02,7,18,34017,3,0,0.7709696635115122,0.5528385669142486,-0.2181310965972636,0.43384728247284604,0.8383914377826525,0.4045441553098064,0.7834283075714904,0.8545527947209975,0.07112448714950714,0.908427681096274,0.8963859154166939,-0.012041765679580152
A02,7,19,36053,4,0,0.7153703336386865,0.5804124684528328,-0.13495786518585373,0.796107322419035,0.665481553233933,-0.13062576918510205,0.8294833459604093,0.8277373958706041,-0.0017459500898051594,0.9196973664276299,0.9243607098451795,0.0046633434175495925
A02,7,20,38119,3,0,0.33382238203765086,0.2880052712429109,-0.045817110794739935,0.5911962833323621,0.6224282629906358,0.031231979658273734,0.7967236374164341,0.8156038200119514,0.01888018259551727,0.8917167266878346,0.9109933234035951,0.01927659671576043
A02,7,21,40189,4,0,0.3950599558547817,0.46499002670607165,0.06993007085128994,0.8268017776974341,0.8212078900659882,-0.005593887631445971,0.8164238036353272,0.7718529695290935,-0.04457083410623364,0.9014924639094524,0.9265645353578797,0.02507207144842738
A02,7,22,42269,2,0,0.3901808301495608,0.41921055163023085,0.029029721480670068,0.6837281079163711,0.6845946610252156,0.0008665531088445366,0.771116678625435,0.8380837578861087,0.06696707926067369,0.8891593058097749,0.9106162054192588,0.021456899609483937
A02,7,23,44181,2,0,0.3462804368236051,0.23435643911171417,-0.11192399771189093,0.8253996868164649,0.5732732325345938,-0.2521264542818711,0.7792865029300554,0.7822497291435824,0.0029632262135269594,0.8987025461110493,0.9090066775553975,0.010304131444348275
A02,7,24,46212,4,0,0.5476740964256889,0.46599565592657033,-0.08167844049911854,0.7082032915979155,0.6530541973813702,-0.05514909421654535,0.7841240225757523,0.8586471209695892,0.07452309839383686,0.9469726660680459,0.9204091813745432,-0.02656348469350267
A02,7,25,48165,1,0,0.5388942441470908,0.4315052808177774,-0.10738896332931336,0.7527947878325906,0.6483607988997591,-0.10443398893283151,0.7263088587896062,0.768234939210968,0.04192608042136181,0.9098535188098704,0.9369391441827017,0.027085625372831323
A02,7,26,50126,2,0,0.08791541438132604,0.672229333971907,0.584313919590581,0.816136035568925,0.5150528265451296,-0.3010832090237954,0.7311931775667867,0.8351170167004366,0.10392383913364989,0.8692946509907246,0.9453304744673346,0.07603582347661009
A02,7,27,52230,2,0,0.155976721370817,0.6935013515887274,0.5375246302179104,0.6230286730461311,0.6994420407981119,0.07641336775198082,0.7261022467393625,0.8101026332094847,0.0840003864701222,0.8332123065264186,0.9094805216443628,0.07626821511794413
A02,7,28,54234,2,0,0.5048688259196491,0.21673408598590016,-0.28813473993374894,0.8194683954867428,0.8280026148100392,0.008534219323296455,0.6908207687373,0.8884158784436459,0.19759510970634586,0.8924507986302767,0.944253932734221,0.051803134103944326
A02,7,29,56209,3,0,0.6253181055181428,0.5303479965698806,-0.09497010894826219,0.6258330130304889,0.8884416104910887,0.26260859746059984,0.7435916755193512,0.8219202607783377,0.07832858525898645,0.8376254753976735,0.8787988295461134,0.04117335414843992
A02,7,30,58235,4,0,0.3121935430859209,0.5008230766340314,0.18862953354811046,0.6316254301265358,0.7246124257469134,0.0929869956203776,0.6715132278439733,0.8152367101796523,0.143723482335679,0.7458558169664975,0.8900003593082765,0.14414454234177898
A02,7,31,60306,1,0,0.3949589597230178,0.43543214234598376,0.04047318262296595,0.5120390540121299,0.35808786759174316,-0.15395118642038674,0.6658605840390251,0.7850849575001752,0.11922437346115,0.751387827187464,0.9359074664450463,0.1845196392575823
A02,7,32,62413,4,0,0.627563272258134,0.28376080607359183,-0.3438024661845422,0.7772671353198876,0.8225306254407094,0.04526349012082187,0.7593557530997996,0.8370852933518638,0.07772954025206413,0.8973851278406718,0.9218647614518484,0.024479633611176554
A02,7,33,64505,1,0,0.5254584814023003,0.5953468691090961,0.06988838770679573,0.6761850475120521,0.7377834010093516,0.061598353497299474,0.7061449724904916,0.7820153638143863,0.07587039132389473,0.8667932417951165,0.9026802125883572,0.03588697079324066
A02,7,34,66596,3,0,0.638410801175727,0.168982135147391,-0.469428666028336,0.7882758882049028,0.729125996680973,-0.0591498915239298,0.774471771003624,0.6966148869694037,-0.07785688403422031,0.8584507025235799,0.8755316240793961,0.017080921555816198
A02,7,35,68639,1,0,0.35341413692121654,0.34536782034694635,-0.008046316574270185,0.6091268495599084,0.7628083109687909,0.1536814614088825,0.745574444004361,0.7693309825324383,0.023756538528077242,0.8970672227288794,0.913436197469116,0.016368974740236575
A02,7,36,70703,4,0,0.6272211041789699,0.6561224681004877,0.028901363921517764,0.7010492319431805,0.6448528067071749,-0.05619642523600554,0.725276269282217,0.8509747170692761,0.12569844778705908,0.8499231795829303,0.9584354562385494,0.10851227665561913
A02,7,37,72723,1,0,0.4273736622039271,0.47946344308186545,0.05208978087793836,0.7954662165651042,0.6509848876988418,-0.14448132886626242,0.7871378411150861,0.8003647234736379,0.01322688235855174,0.8338222036865853,0.963231227951678,0.1294090242650927
A02,7,38,74695,3,0,0.24900998240480582,0.4642097655722989,0.2151997831674931,0.6720503731018445,0.6860444358559832,0.013994062754138725,0.8888522969569418,0.7743845419002311,-0.1144677550567107,0.9078847730895757,0.9292821064366158,0.02139733334704008
A02,7,39,76658,1,0,0.32958144130537764,0.3191149483596346,-0.010466492945743033,0.7493868806482021,0.6018394975482259,-0.14754738309997628,0.7620202939417132,0.7383859125216173,-0.023634381420095885,0.8472306480582696,0.8808784224987992,0.033647774440529576
A02,7,40,78583,2,0,0.5242528566173383,0.39304754810551307,-0.13120530851182527,0.6145241838518741,0.7274230075131504,0.11289882366127624,0.7305250800136189,0.7783874259028478,0.047862345889228886,0.893179885989901,0.9597893909805233,0.06660950499062235
A02,7,41,80664,3,0,0.2854646541309682,0.6409858481241771,0.3555211939932089,0.6303885439427946,0.7688663137982311,0.13847776985543647,0.7755504171514697,0.7696571796385994,-0.005893237512870297,0.8817308702164511,0.9202861944766101,0.03855532426015895
A02,7,42,82642,3,0,0.5394096092415539,0.4048348643473677,-0.1345747448941862,0.8721721649920573,0.6777115665527832,-0.1944605984392741,0.7991735394171443,0.815935695753916,0.016762156336771694,0.9275125819246701,0.9383332614802633,0.010820679555593182
A02,7,43,84632,4,0,0.2861633870055238,0.43138296981294827,0.14521958280742447,0.6283457603399197,0.7254852605293942,0.09713950018947448,0.7224983820630385,0.8853381745189866,0.16283979245594804,0.8739162339428835,0.8958414490952117,0.021925215152328148
A02,7,44,86751,1,0,0.3310519424044558,0.34678183037391624,0.015729887969460454,0.7130322274764264,0.6448988766243119,-0.06813335085211447,0.7054475527986039,0.8389001776663544,0.13345262486775045,0.8489098420023983,0.9417321546341874,0.09282231263178908
A02,7,45,88657,2,0,0.2900400183850621,0.3147626641818907,0.02472264579682859,0.6783967944621537,0.5976944078459491,-0.08070238661620466,0.7290440816324454,0.7807349087451806,0.051690827112735205,0.7018723766593314,0.8655721305781742,0.16369975391884273
A02,7,46,90585,4,0,0.4839067493699306,0.4700416464672989,-0.01386510290263171,0.5622712033166614,0.8732626632134552,0.3109914598967939,0.8112542674405478,0.7117021733702026,-0.09955209407034527,0.8628898105209367,0.927590956546448,0.06470114602551125
A02,7,47,92699,2,0,0.486766853281157,0.25934133042573715,-0.22742552285541984,0.818831437113661,0.7139231351875376,-0.10490830192612344,0.7233758370225736,0.8529634986905611,0.12958766166798752,0.8063430025570872,0.921360136315964,0.11501713375887679
A02,7,48,94758,3,0,0.6082765546934492,0.6747079913885974,0.06643143669514817,0.7304518179492876,0.7596830783107666,0.02923126036147905,0.704191986875571,0.8002700329342778,0.09607804605870673,0.8960853365889093,0.8624080873090778,-0.03367724927983151
A02,8,1,251,3,0,0.7362739513173863,0.2727862565066594,-0.4634876948107269,0.9191228164133465,0.7896508497436209,-0.1294719666697256,0.9428869426596024,0.965849333909027,0.022962391249424674,0.9761246917384404,0.985637532547959,0.009512840809518641
A02,8,2,2254,1,0,0.6681057725609225,0.6409491170933104,-0.027156655467612145,0.8807338130313379,0.782590770727831,-0.0981430423035069,0.9501275633182459,0.9572409168095052,0.0071133534912593,0.972352153781647,0.9811369016950264,0.008784747913379465
A02,8,3,4172,4,0,0.6464599369571367,0.39699706660476947,-0.2494628703523672,0.6768112067959403,0.8594935186782807,0.1826823118823404,0.8915867091867958,0.9380409990845778,0.046454289897782,0.9321091555947187,0.9701226367409902,0.038013481146271455
A02,8,4,6124,2,0,0.4363555662680593,0.4906996198495417,0.054344053581482366,0.7852865904217585,0.9118372835919886,0.12655069317023004,0.830931694867087,0.9448411338967492,0.11390943902966222,0.916002452094526,0.9867350055719945,0.07073255347746843
A02,8,5,8132,4,0,0.4050998189625927,0.3847177580139443,-0.02038206094864836,0.6537966743236436,0.698666060039032,0.044869385715388344,0.861706253004623,0.8856222733218038,0.023916020317180764,0.9075716637655814,0.9654888199127983,0.05791715614721693
A02,8,6,10243,1,0,0.3208491599240804,0.23625006158990036,-0.08459909833418006,0.7894426658159521,0.7832486297661473,-0.006194036049804841,0.8464099272875991,0.8775802852194552,0.031170357931856074,0.9292982094361399,0.9249214084550975,-0.004376800981042428
A02,8,7,12160,1,0,0.5377926352950996,0.4849653461162332,-0.052827289178866366,0.7535546385064785,0.8332714488450808,0.07971681033860223,0.7686739982588028,0.8326386662624854,0.06396466800368261,0.8829966992698397,0.909956159921415,0.026959460651575284
A02,8,8,14210,3,0,0.42274172316772546,0.209963683982789,-0.21277803918493646,0.6776535893162838,0.6736674239958435,-0.003986165320440382,0.7847712477308574,0.7768412711888111,-0.007929976542046302,0.8876177040246956,0.9519780302831247,0.06436032625842902
A02,8,9,16141,3,0,0.5214341092325883,0.2637179169522404,-0.25771619228034787,0.7907804306013765,0.6255722316740265,-0.16520819892734995,0.7625490168984038,0.6933750913841544,-0.06917392551424939,0.8792313529181749,0.8588687221253419,-0.02036263079283296
A02,8,10,18139,2,0,0.4484936580288251,0.21717000185425497,-0.23132365617457015,0.7580640273334929,0.6628237881074257,-0.09524023922606717,0.6480369579195049,0.6626517709421639,0.01461481302265899,0.7907127801712301,0.8414619637877558,0.050749183616525695
A02,8,11,20045,4,0,0.25841233266733693,0.33855950161660797,0.08014716894927104,0.5226377222070565,0.6388566489725446,0.11621892676548806,0.49416850271307056,0.5344241959463969,0.04025569323332634,0.693291811782772,0.7995149616352109,0.10622314985243886
A02,8,12,21940,2,0,0.5640761170138646,0.39793562975838326,-0.16614048725548136,0.7450662412491832,0.7085978974951063,-0.036468343754076926,0.599942369647095,0.4816224039059692,-0.1183199657411258,0.7813628434837865,0.6026933294021906,-0.17866951408159593
A02,8,13,23912,2,0,0.5388487135920876,0.5456183456765358,0.006769632084448141,0.846968230594203,0.8249594972233533,-0.022008733370849742,0.4196107450857549,0.3015519660406986,-0.1180587790450563,0.7072767550991218,0.4794419678971919,-0.2278347872019299
A02,8,14,25856,1,0,0.5057492827772637,0.23221813254554036,-0.27353115023172336,0.6444898818793712,0.8118447678777384,0.16735488599836723,0.3696601563165001,0.38973215959492513,0.02007200327842501,0.24091033685361346,0.648345219886309,0.40743488303269554
A02,8,15,27823,2,0,0.4630454610408016,0.3467819339274839,-0.11626352711331767,0.5433157773132138,0.7831877931512663,0.2398720158380525,0.08690955601524784,0.29564845727229055,0.2087389012570427,0.38575947524582876,0.40374606491825143,0.01798658967242267
A02,8,16,29943,4,0,0.588790844592795,0.2932764156754392,-0.29551442891735574,0.7150332913707977,0.7550362505465646,0.040002959175766906,0.3006934547520127,0.42008683747168074,0.11939338271966804,0.4607813212528254,0.4354103771823267,-0.02537094407049867
A02,8,17,31951,4,0,0.5068198647033458,0.30039424873336484,-0.206425615969981,0.9022462752448837,0.6653215016972089,-0.23692477354767472,0.30688410771394803,0.42863385197722553,0.1217497442632775,0.458633499963405,0.4765488890464042,0.017915389082999167
A02,8,18,34017,2,0,0.32813159210868487,0.32243681390082163,-0.005694778207863238,0.675852016747252,0.7028933905386874,0.02704137379143534,0.4260023231468712,0.30964726698305617,-0.11635505616381503,0.4966947096274999,0.5272435762383012,0.030548866610801306
A02,8,19,36053,2,0,0.23412194868012864,0.31246221053814904,0.0783402618580204,0.7162253098191051,0.7348043763571931,0.01857906653808794,0.28711582375228006,0.4104346005795096,0.12331877682722953,0.32777044900739355,0.437271478081981,0.10950102907458747
A02,8,20,38119,2,0,0.2484276251706599,0.33471961741124795,0.08629199224058806,0.7249088183893255,0.7349518527451923,0.010043034355866731,0.25302766502992363,0.31038555831348585,0.05735789328356222,0.32933962487059115,0.384484427030821,0.05514480216022982
A02,8,21,40189,2,0,0.4804164282013154,0.41192149939306005,-0.06849492880825536,0.7830658434861029,0.7771616446818342,-0.005904198804268623,0.43027745860118294,0.37424407075064725,-0.05603338785053569,0.6412278232380578,0.6262867350375508,-0.014941088200506991
A02,8,22,42269,4,0,0.6183982090134844,0.4418838568710283,-0.1765143521424561,0.8389475992409589,0.7272676606355569,-0.11167993860540193,0.4636253779591139,0.4053251595370001,-0.0583002184221138,0.43544453141207,0.47675078587400066,0.04130625446193065
A02,8,23,44181,4,0,0.8239910599191317,0.3850043082797256,-0.4389867516394061,0.7745736641449642,0.7066995126123075,-0.06787415153265675,0.17863363695744744,0.25260464601545907,0.07397100905801163,0.09903337109666778,0.42205762339227454,0.3230242522956068
A02,8,24,46212,3,0,0.8266190044200092,0.3080034174077613,-0.518615587012248,0.5069945430641485,0.8105267711125475,0.30353222804839897,0.2085071434304484,0.29695899282423566,0.08845184939378725,0.4203996215154598,0.3923626165815743,-0.0280370049338855
A02,8,25,48165,4,0,0.3784655419416823,0.5667508636718296,0.18828532173014728,0.7275030378399,0.6973121908891674,-0.030190846950732597,0.3481378835816164,0.24289056995159902,-0.10524731363001738,0.25850200684260155,0.23938935279000959,-0.019112654052591965
A02,8,26,50126,1,0,0.17033112555117302,0.47831149732626915,0.30798037177509613,0.5731062692652239,0.6826198256191371,0.10951355635391324,0.2284501717323993,0.2815339148847595,0.0530837431523602,0.44161005576018475,0.4118533166020008,-0.029756739158183942
A02,8,27,52230,2,0,0.3354083801692977,0.46150212400767543,0.12609374383837774,0.6619099267997173,0.6086626335859258,-0.05324729321379151,0.2539408644030256,0.14022539421294095,-0.11371547019008466,0.2729558818210514,0.36066635062396196,0.08771046880291056
A02,8,28,54234,3,0,0.6534691023439686,0.39448620332045115,-0.25898289902351745,0.7490897052940966,0.46615610444358424,-0.28293360085051233,0.32034902023438167,0.31665174944268876,-0.003697270791692908,0.28663962565248974,0.5830865837692519,0.2964469581167622
A02,8,29,56209,2,0,0.5169382104834491,0.42301652703482695,-0.09392168344862217,0.868711654809527,0.7525235688455977,-0.11618808596392927,0.3159319772218641,0.34474194822208715,0.028809971000223034,0.5645498425428092,0.47694451188752407,-0.08760533065528509
A02,8,30,58235,1,0,0.4647278519339982,0.565116438238173,0.10038858630417485,0.668821298370552,0.7368851323706022,0.06806383400005012,0.31650396191759933,0.43681192688202886,0.12030796496442953,0.2781322327535087,0.6046383023505648,0.32650606959705614
A02,8,31,60306,4,0,0.3028681664482312,0.3547281669030201,0.05186000045478889,0.5015317067305489,0.6994466209622943,0.19791491423174534,0.27793275773001586,0.36178243887986794,0.08384968114985208,0.4499340849776267,0.5152009663605313,0.06526688138290454
A02,8,32,62413,1,0,0.38084420729773655,0.4578971831325198,0.07705297583478327,0.827806594636547,0.7975280597952568,-0.030278534841290283,0.3274508513296623,0.36004129047261707,0.032590439142954786,0.2016814767750142,0.38993334850831385,0.18825187173329966
A02,8,33,64505,4,0,0.1347544279036426,0.4986922524007445,0.3639378244971019,0.7091062613038799,0.6916506560995447,-0.0174556052043352,0.24653661301458987,0.4348842073552565,0.18834759434066664,0.309190580669669,0.2962154212266132,-0.012975159443055773
A02,8,34,66596,1,0,0.7051645738012332,0.5025611119682504,-0.20260346183298283,0.7784252899283526,0.401804350903884,-0.3766209390244686,0.37358548459588353,0.36920318080668313,-0.0043823037892004035,0.49551984500771123,0.40181841735898394,-0.0937014276487273
A02,8,35,68639,1,0,0.5742516553264092,0.692064505761703,0.11781285043529377,0.5482093306607574,0.7714035757030661,0.22319424504230867,0.3307716408819025,0.3518571221460412,0.021085481264138728,0.18525527516296006,0.5381897235936179,0.3529344484306579
A02,8,36,70703,1,0,0.6663689794249914,0.7120297534347928,0.0456607740098014,0.6249366514324123,0.6531450982738229,0.02820844684141066,0.49065586160237235,0.27934676643454276,-0.21130909516782959,0.4191473620807294,0.25707248734209226,-0.16207487473863713
A02,8,37,72723,1,0,0.6580839391293134,0.44861939125821976,-0.20946454787109364,0.765643021603281,0.7810290944872855,0.015386072884004509,0.29687149700137944,0.1869091371202582,-0.10996235988112124,0.37179098753547973,0.3376826041451228,-0.03410838339035693
A02,8,38,74695,3,0,0.7586399971319061,0.5386377971037704,-0.22000220002813575,0.8262953192079018,0.7251744942076658,-0.101120825000236,0.2084527916585797,0.21814561504713778,0.009692823388558092,0.21114986057085908,0.527361293636388,0.3162114330655289
A02,8,40,78583,4,0,0.49356897360593793,0.47320058932636183,-0.0203683842795761,0.7139558126138509,0.695128575913837,-0.01882723670001385,0.2721670530435857,0.3685860643518875,0.09641901130830183,0.34338953319689086,0.18871881775731342,-0.15467071543957744
A02,8,41,80664,2,0,0.4545990232601748,0.6585751250837276,0.2039761018235528,0.5370785072722938,0.5991715078464714,0.06209300057417766,0.17274666059868002,0.20670199850566257,0.03395533790698255,0.31767400029630366,0.36050842801455474,0.04283442771825108
A02,8,42,82642,3,0,0.5423918606112671,0.179582838197166,-0.36280902241410107,0.5286839630756343,0.5380379845721841,0.009354021496549847,0.26929437065683715,0.2804099734848768,0.011115602828039639,0.560037552007277,0.5071812104436385,-0.0528563415636385
A02,8,43,84632,3,0,0.31933204309858826,0.27016983435204833,-0.049162208746539926,0.6714380465863607,0.7294733780814611,0.05803533149510032,0.388528852776403,0.2901694394041567,-0.0983594133722463,0.4264241965921648,0.7562449450082038,0.32982074841603903
A02,8,44,86751,3,0,0.49891026169413744,0.37786641244394653,-0.1210438492501909,0.47075138296470737,0.5653726788163541,0.09462129585164675,0.3032139398514452,0.3497450223031899,0.0465310824517447,0.24099839106744184,0.38005928773755443,0.1390608966701126
A02,8,45,88657,4,0,0.6108557018277507,0.197228304858006,-0.4136273969697447,0.7664427800741651,0.7449770476534752,-0.021465732420689942,0.2861437523491347,0.4610883255532971,0.1749445732041624,0.35898320812741397,0.5403104274827172,0.18132721935530322
A02,8,46,90585,3,0,0.3788012600718767,0.47567453224760964,0.09687327217573294,0.45186480438044835,0.7852492377711628,0.3333844333907145,0.3018530643089257,0.2700981361376739,-0.031754928171251806,0.39806930449121297,0.370268677630183,-0.027800626861029964
A02,8,47,92699,1,0,0.34191682761961534,0.4041173164844648,0.06220048886484947,0.616508420143447,0.585280287187708,-0.031228132955739007,0.3046173243088665,0.3951092341277085,0.09049190981884198,0.19744988728011298,0.5758903994824393,0.3784405122023263
A02,8,48,94758,3,0,0.6999931385663849,0.4592705688747633,-0.2407225696916216,0.6608366256050466,0.6948548627206872,0.03401823711564056,0.1294042935804372,0.2831393774664112,0.153735083885974,0.3378605239953124,0.25777543163211963,-0.08008509236319278
A03,3,1,251,1,0,0.36247970170421767,0.2764587964448357,-0.086020905259382,0.26239599394280244,0.5280872125649853,0.2656912186221828,0.5182483839433657,0.8005613642937387,0.282312980350373,0.7537038121671564,0.8449647252635205,0.09126091309636408
A03,3,2,2254,2,0,0.5162700059270218,0.348995712288484,-0.1672742936385378,0.49987060085820445,0.49008062434971905,-0.009789976508485398,0.7460300572279385,0.8294039755985131,0.08337391837057462,0.7645257975064609,0.8348243439763297,0.07029854646986877
A03,3,4,6124,1,0,0.6661035129262959,0.11890073230398282,-0.5472027806223131,0.23128045130722477,0.48543331579770344,0.2541528644904787,0.6870692418705666,0.8405468300874996,0.15347758821693303,0.7839839476323256,0.7538606764551717,-0.030123271177153854
A03,3,5,8132,2,0,0.46022099715723386,0.21697657461029246,-0.2432444225469414,0.15864808462720822,0.12023978354176737,-0.038408301085440855,0.6306366926206112,0.7497421875783353,0.11910549495772416,0.8141927477401741,0.8276836307975984,0.013490883057424297
A03,3,6,10243,1,0,0.5578046175638168,0.3176811491921779,-0.24012346837163895,0.3009314107702353,0.4375374519650133,0.13660604119477804,0.62962574891141,0.8255022629497717,0.1958765140383617,0.6398377463212024,0.735151523462101,0.09531377714089861
A03,3,7,12160,2,0,0.22576517095063828,0.27758086136439136,0.051815690413753085,0.3143732911498898,0.5391502819677967,0.22477699081790686,0.5920838075344009,0.8202538352166064,0.2281700276822055,0.709408984604641,0.7782698948866175,0.0688609102819765
A03,3,8,14210,3,0,0.33643473507956984,0.2308293489085611,-0.10560538617100873,0.2098258296765562,0.31563213249431243,0.10580630281775624,0.6005590595004308,0.7401581973181587,0.13959913781772793,0.7204827538924502,0.7280727350219406,0.007589981129490386
A03,3,9,16141,2,0,0.26033848224184364,0.3946182748287305,0.13427979258688688,0.2443764911455311,0.5743730827331175,0.32999659158758643,0.7629175493352598,0.8091051476681577,0.04618759833289787,0.7105070018870592,0.81087423852688,0.10036723663982083
A03,3,10,18139,4,0,0.31624321851048964,0.2061172885130744,-0.11012592999741525,0.36537875954267346,0.22689330453764248,-0.13848545500503098,0.6564668223163179,0.8571899446080826,0.2007231222917647,0.7247984491958099,0.8159309611534489,0.09113251195763894
A03,3,12,21940,3,0,0.2440019600234768,0.14453990107236,-0.09946205895111679,0.3337991085510867,0.3179764085265851,-0.01582270002450159,0.6706143142006452,0.85586127627915,0.18524696207850477,0.7671551436963483,0.8009989770056044,0.03384383330925611
A03,3,13,23912,2,0,0.3308098567761774,0.2942060630572317,-0.03660379371894573,0.14984095222496424,0.5648974302223004,0.4150564779973362,0.6652068652971944,0.8441555397268056,0.17894867442961115,0.7070320143750353,0.7754549555876907,0.06842294121265546
A03,3,14,25856,1,0,0.3520089151280348,0.43142608367858165,0.07941716855054687,0.31684370490032154,0.5967014841057582,0.27985777920543664,0.7002777759214416,0.8104450323962544,0.11016725647481285,0.8095553980285295,0.7224148527034053,-0.08714054532512416
A03,3,15,27823,4,0,0.05826183453094121,0.40431015762664335,0.34604832309570216,0.2383330092203185,0.2785787523637757,0.04024574314345722,0.7326362760736151,0.8261797034579635,0.0935434273843484,0.7661749090995876,0.7933194568563442,0.027144547756756565
A03,3,16,29943,4,0,0.3331267410037596,0.2013476279476012,-0.13177911305615841,0.11109816372420896,0.3539609854042798,0.24286282168007084,0.7455481287553223,0.6363263338506643,-0.109221794904658,0.8212170327681544,0.7275711244942631,-0.0936459082738913
A03,3,17,31951,4,0,0.5232091262536593,0.2119845797060991,-0.31122454654756027,0.2296798913426965,0.23437192131857376,0.004692029975877254,0.7248229977496534,0.768400863740716,0.043577865991062614,0.7719484431936809,0.817288280314002,0.04533983712032108
A03,3,18,34017,4,0,0.3934518251436055,0.41128332091863223,0.01783149577502674,0.4092392674367101,0.2967731209631062,-0.11246614647360387,0.7086919173013969,0.6652314813315403,-0.0434604359698566,0.7466345533168839,0.7996854038140532,0.05305085049716929
A03,3,19,36053,4,0,0.4350597953190887,0.21399988979352516,-0.22105990552556357,0.2684213558056213,0.15104089521568861,-0.1173804605899327,0.6795627867831745,0.6793169811615687,-0.0002458056216058102,0.8540778781614395,0.8756710537682627,0.021593175606823167
A03,3,20,38119,1,0,0.4958935084489627,0.23179664182128473,-0.26409686662767795,0.258691766831934,0.48059662238643813,0.22190485555450412,0.5839758689793355,0.7457150458758977,0.16173917689656214,0.7773804025038474,0.8548256786820795,0.07744527617823205
A03,3,21,40189,3,0,0.3838175700145773,0.40239863790255054,0.018581067887973257,0.4936853507196381,0.5018129451953499,0.008127594475711819,0.723584652358844,0.779044186609201,0.0554595342503571,0.8298219188371433,0.8425472908719921,0.012725372034848803
A03,3,22,42269,2,0,0.2585186406459306,0.30223357601139805,0.043714935365467444,0.2522133269929062,0.3915979651080538,0.13938463811514756,0.6271724613473175,0.7863299750942021,0.15915751374688458,0.8567022386647044,0.8786556243671375,0.021953385702433104
A03,3,23,44181,1,0,0.3700578341666234,0.373624781127717,0.003566946961093609,0.2567968774656561,0.4010097455644797,0.1442128680988236,0.5838234326543669,0.7810698094559847,0.19724637680161783,0.8376737688431722,0.8712595394607502,0.03358577061757795
A03,3,24,46212,1,0,0.29503007012212834,0.20486084369386637,-0.09016922642826197,0.456352125941971,0.5988279909722183,0.14247586503024728,0.7199458198502479,0.7740145266616939,0.05406870681144604,0.7358243701121222,0.8426594873890656,0.10683511727694339
A03,3,25,48165,3,0,0.6426514112398796,0.06277024841000753,-0.579881162829872,0.20256504652475613,0.4415404710262611,0.23897542450150497,0.6829918148563705,0.7976504312074749,0.11465861635110441,0.7130813439962419,0.8091478341706803,0.09606649017443836
A03,3,26,50126,4,0,0.17901804497942317,0.32055700914955115,0.14153896417012798,0.4207104201748385,0.2972033056340531,-0.12350711454078539,0.5869167675926927,0.7765573065550081,0.18964053896231536,0.7775307810324106,0.7779397969008414,0.0004090158684307843
A03,3,27,52230,1,0,0.4953187224770845,0.17647159057457934,-0.3188471319025052,0.3506426306099138,0.48718593608970917,0.13654330547979537,0.7393539469163973,0.7727967817864064,0.0334428348700091,0.8444163598646443,0.8471693557739197,0.0027529959092754686
A03,3,28,54234,3,0,0.504595073299878,0.23504627704931622,-0.2695487962505617,0.3561295905852804,0.36095411775190817,0.00482452716662779,0.7431773394786249,0.7404235150005698,-0.002753824478055056,0.8357506559245349,0.8194228363201344,-0.01632781960440055
A03,3,29,56209,3,0,0.4053102111614107,0.14356438183984047,-0.2617458293215702,0.4786567878305103,0.2128668186818407,-0.2657899691486696,0.7323551397209492,0.8080848587015527,0.07572971898060343,0.8853618965090112,0.7749933174903818,-0.1103685790186294
A03,3,30,58235,3,0,0.3720631651973112,0.4209012592379747,0.04883809404066353,0.19837309831941408,0.48452203898228563,0.28614894066287155,0.6986604234102524,0.7638689771172812,0.06520855370702883,0.7934315745736337,0.8462180286047756,0.052786454031141905
A03,3,31,60306,1,0,0.5145396396033985,0.17574344911435164,-0.3387961904890469,0.2501809343578555,0.23594628903199308,-0.01423464532586241,0.5967112606899379,0.7073836819103123,0.11067242122037446,0.7348361791022736,0.8086806092830419,0.07384443018076825
A03,3,32,62413,2,0,0.622420736815754,0.22856224915098805,-0.393858487664766,0.3194304509083766,0.5574580312387474,0.2380275803303708,0.5649077303295246,0.8263166329007061,0.26140890257118155,0.7968163476705262,0.8881152617796235,0.0912989141090973
A03,3,33,64505,1,0,0.13234987632367354,0.24877502561488343,0.1164251492912099,0.32965698251864445,0.5491280601331121,0.21947107761446766,0.6790930705376101,0.7750406331213558,0.0959475625837457,0.8130536041762849,0.8083147315693279,-0.004738872606957045
A03,3,34,66596,2,0,0.3214126350976387,0.1433531408227993,-0.17805949427483939,0.4917918151942949,0.47584185536969387,-0.015949959824601012,0.7221006484318961,0.6949038129698205,-0.02719683546207563,0.6650545674671705,0.7512228379938056,0.08616827052663512
A03,3,35,68639,2,0,0.5376642651879934,0.27080798851602134,-0.26685627667197204,0.320732144239401,0.35741282998597806,0.03668068574657707,0.6048098531450288,0.7793251429590435,0.17451528981401476,0.8031225176139306,0.802675117836391,-0.00044739977753960325
A03,3,36,70703,1,0,0.31827776656963497,0.5430024830288138,0.22472471645917885,0.4221618708482793,0.49584674467322465,0.07368487382494537,0.6948758956830281,0.7978981966770863,0.10302230099405818,0.7917052048988246,0.8928197472238797,0.10111454232505512
A03,3,37,72723,2,0,0.4085917646632856,0.4475541250527254,0.03896236038943979,0.36469647947794437,0.5256787056464288,0.16098222616848445,0.6456969688142034,0.7371548055098499,0.09145783669564655,0.8713434667398595,0.7484851342432485,-0.12285833249661104
A03,3,38,74695,3,0,0.3531405546227869,0.46317375592435706,0.11003320130157018,0.2611836908619438,0.3697136093473835,0.10852991848543969,0.6382125136061,0.6597147506932256,0.02150223708712562,0.7498914690393035,0.7091465081331931,-0.04074496090611035
A03,3,39,76658,2,0,0.07782232139653335,0.42857328614153356,0.3507509647450002,0.2282516618028268,0.2879903429813006,0.05973868117847381,0.7214979162715098,0.7767491369793957,0.055251220707885906,0.6999706410256669,0.8159927493057145,0.11602210828004766
A03,3,40,78583,3,0,0.2718257345632198,0.4758963581484887,0.2040706235852689,0.3224230528956122,0.306868766942208,-0.01555428595340419,0.5761928151583385,0.7027155175451304,0.12652270238679186,0.8808503142742105,0.7986705140838638,-0.08217980019034665
A03,3,41,80664,3,0,0.4563331451865477,0.4516978755961026,-0.004635269590445135,0.29422722641434346,0.4336154677381776,0.13938824132383415,0.6107210299934014,0.7389780457758698,0.1282570157824684,0.7695803028494473,0.796096739521798,0.026516436672350707
A03,3,42,82642,4,0,0.4273860265845063,0.22386577538378022,-0.2035202512007261,0.2921206285027377,0.33594483444758144,0.043824205944843764,0.6859778795493748,0.6986409679329457,0.012663088383570886,0.8252677329984088,0.8069966357824242,-0.018271097215984633
A03,3,43,84632,3,0,0.5800995415818578,0.5104165960808656,-0.06968294550099219,0.2644287916820156,0.3796842225706648,0.1152554308886492,0.7156757828595381,0.7099918632634477,-0.005683919596090492,0.736309789359974,0.7190867876239787,-0.017223001735995336
A03,3,44,86751,3,0,0.34443040821595694,0.3981468226722873,0.05371641445633035,0.3126015233929143,0.291876138045524,-0.020725385347390324,0.6288190621699143,0.6951530449043754,0.066333982734461,0.5831693444489009,0.8433314041539496,0.2601620597050487
A03,3,45,88657,4,0,0.21365729965082456,0.4061009664048627,0.19244366675403815,0.22086991910829143,0.2578698676433938,0.036999948535102384,0.7114973022205592,0.7053019973173825,-0.006195304903176657,0.7866968676558598,0.6673600059748243,-0.11933686168103552
A03,3,46,90585,4,0,0.10281035218159182,0.2753913760600433,0.1725810238784515,0.14476329505807903,0.2316192543239753,0.08685595926589626,0.6612178968812866,0.5419318263124759,-0.11928607056881069,0.7842533054425056,0.768919274898385,-0.015334030544120636
A03,3,47,92699,4,0,0.3281612771031376,0.2122113714959879,-0.11594990560714968,0.34178310163651604,0.2923501537547785,-0.04943294788173752,0.6031025167213769,0.7550737753484722,0.15197125862709526,0.6857988634417153,0.744585973910769,0.058787110469053716
A03,3,48,94758,4,0,0.38600982951081303,0.3236976056731236,-0.06231222383768942,0.1895366301699812,0.2766626672299232,0.08712603705994201,0.6185472725099245,0.7173518237768767,0.0988045512669522,0.8523802773625407,0.8248155130694597,-0.02756476429308108
A03,4,1,251,4,0,0.3404523860962911,0.40581155105112837,0.06535916495483729,0.15838911253294682,0.363004965065672,0.20461585253272516,0.4376258854071467,0.6677160077654746,0.23009012235832788,0.4845306661401484,0.6800999030204843,0.1955692368803359
A03,4,2,2254,3,0,0.15771908071936974,0.3672064740782001,0.20948739335883038,0.1700310515689519,0.2375102018726381,0.0674791503036862,0.40564113091400517,0.4483451532809916,0.04270402236698645,0.5353730424756757,0.569217088044207,0.03384404556853127
A03,4,3,4172,2,0,0.21021697451736168,0.35671348780862344,0.14649651329126176,0.22029546450836493,0.6147621761505994,0.39446671164223446,0.40345527277526383,0.48668593406555016,0.08323066129028633,0.6296592822662073,0.42238953904441684,-0.20726974322179043
A03,4,4,6124,1,0,0.15786805521492253,0.45772834087193204,0.2998602856570095,0.2882399830181425,0.34297984334492154,0.05473986032677902,0.480872061906105,0.5548336388355086,0.07396157692940364,0.40338108938945333,0.5793587686429494,0.1759776792534961
A03,4,6,10243,2,0,0.30079266758976064,0.2078564352704006,-0.09293623231936005,0.39601912132688055,0.46982002579624954,0.07380090446936899,0.3727578685830041,0.461141065913925,0.08838319733092093,0.6837568502987059,0.5611826384990511,-0.12257421179965478
A03,4,7,12160,3,0,0.2686498522527267,0.3009204819795341,0.03227062972680739,0.2576712622707243,0.3048574596858793,0.04718619741515501,0.32490711923644405,0.5633820208334626,0.2384749015970185,0.43121939532533127,0.6032716131295862,0.17205221780425495
A03,4,9,16141,2,0,0.23178981224515136,0.3203073510254471,0.08851753878029575,0.2891994290376935,0.19707223942311877,-0.09212718961457475,0.5368516843512873,0.5084732864645298,-0.028378397886757445,0.49946465914313215,0.6235426648167278,0.12407800567359567
A03,4,10,18139,3,0,0.500853023351328,0.3047370156905333,-0.19611600766079468,0.13076222852298475,0.4030189188983098,0.27225669037532507,0.38938263323528916,0.46679161745513814,0.07740898421984899,0.41565700344832396,0.6431149139915358,0.2274579105432118
A03,4,11,20045,1,0,0.12849981564316326,0.22614695182600533,0.09764713618284207,0.39663829153889907,0.27198902006713127,-0.1246492714717678,0.4264144319447237,0.49782629971407105,0.07141186776934733,0.35616955544655376,0.662039007197639,0.3058694517510852
A03,4,12,21940,1,0,0.14839415737874134,0.1356468086836447,-0.012747348695096639,0.27003227755239717,0.264983960602624,-0.005048316949773146,0.4282029806147896,0.535064749887956,0.10686176927316643,0.39791278134869074,0.48594629588483607,0.08803351453614533
A03,4,13,23912,1,0,0.4590500086065717,0.37279617617179456,-0.08625383243477713,0.10273941357982348,0.43970494194153453,0.33696552836171106,0.4129705043555916,0.5973131831173176,0.184342678761726,0.4608963626916495,0.6438324297646328,0.18293606707298332
A03,4,14,25856,4,0,0.10853982628782004,0.5104786124760097,0.4019387861881896,0.2778457001898236,0.15645143313371523,-0.12139426705610834,0.499880792745555,0.5468558166704313,0.046975023924876236,0.5216050525101616,0.6879749263457571,0.16636987383559543
A03,4,15,27823,2,0,0.2277522953866613,0.307517663775924,0.07976536838926268,0.22229221400822483,0.5113220506595775,0.2890298366513526,0.6256875074156986,0.6384816722772959,0.012794164861597346,0.6605233215490129,0.679685000005918,0.019161678456905085
A03,4,16,29943,2,0,0.24497820241914273,0.23602473546224736,-0.008953466956895362,0.20401566926866557,0.56858994500927,0.3645742757406044,0.48287355124792564,0.6089181320625,0.12604458081457437,0.658434690473082,0.5501155084658762,-0.1083191820072058
A03,4,17,31951,1,0,0.5493589276033347,0.2014110997324027,-0.34794782787093204,0.21413146022065752,0.3876983137635948,0.1735668535429373,0.46386361437724066,0.6749641282837372,0.21110051390649653,0.6420322853435941,0.70588149585728,0.06384921051368586
A03,4,18,34017,1,0,0.37488100391718077,0.14347347921208264,-0.23140752470509812,0.20864666924165193,0.20178196310873078,-0.0068647061329211445,0.2992728429218178,0.5198821901156666,0.22060934719384878,0.5851652413425592,0.6707286812652525,0.08556343992269333
A03,4,19,36053,3,0,0.5374209466368446,0.5140567364395542,-0.023364210197290403,0.1816916078517943,0.20080723536378486,0.019115627511990557,0.39567316853111134,0.569592639319251,0.17391947078813963,0.5589171470214923,0.7363276813803409,0.17741053435884857
A03,4,20,38119,1,0,0.4288474414667692,0.16644838571139195,-0.26239905575537725,0.2642888327588585,0.5492658324027496,0.2849769996438911,0.357907852449551,0.6672150948459208,0.3093072423963698,0.730294515009391,0.8082074920097623,0.07791297700037125
A03,4,21,40189,2,0,0.5010199381830984,0.6287055140389326,0.12768557585583418,0.4494484734103856,0.37090943968993434,-0.07853903372045123,0.46061589717525825,0.6819530148878835,0.22133711771262526,0.8294810948777526,0.7135683637415251,-0.11591273113622746
A03,4,22,42269,4,0,0.295895447987749,0.3125472945808553,0.016651846593106256,0.10027934592807727,0.35801342011966,0.2577340741915827,0.4196236633333673,0.6942347822661177,0.27461111893275036,0.6637349498457056,0.8561272486137319,0.19239229876802633
A03,4,23,44181,4,0,0.16644866281769216,0.15330966598692233,-0.013138996830769828,0.2128253862894185,0.38296795086176694,0.17014256457234844,0.562534903077679,0.6141073029796943,0.05157239990201534,0.6524185705665054,0.7525067380703063,0.1000881675038009
A03,4,24,46212,3,0,0.2232074723521063,0.2730635307847656,0.04985605843265928,0.29463451600758067,0.46172898407283497,0.1670944680652543,0.6409257663785091,0.6256862714293013,-0.015239494949207733,0.8041596451637548,0.7787104866517595,-0.025449158511995362
A03,4,25,48165,1,0,0.268601679581611,0.3407351233613583,0.07213344377974729,0.18708798979378408,0.4884716171186555,0.30138362732487145,0.7010344448092345,0.7233968182476529,0.022362373438418404,0.7787556867579298,0.7847817596081624,0.0060260728502326
A03,4,26,50126,4,0,0.3422731479501521,0.2824259754495518,-0.05984717250060034,0.29297667032386177,0.2636281854410695,-0.02934848488279229,0.39215803408210664,0.662115523503983,0.2699574894218763,0.6863009474497452,0.8403579201683432,0.15405697271859797
A03,4,27,52230,4,0,0.30021383804914176,0.4086535555128407,0.10843971746369896,0.2802094212358922,0.3863382422297268,0.10612882099383458,0.5166075500724453,0.7288589007229209,0.21225135065047562,0.7295442144259642,0.811675134777101,0.08213092035113678
A03,4,28,54234,2,0,0.46028682452223874,0.3291283736242193,-0.13115845089801942,0.409450727702957,0.551088933485091,0.14163820578213404,0.5849773002719826,0.6399736419954551,0.054996341723472564,0.6417689013027797,0.8233630319634375,0.18159413066065777
A03,4,29,56209,4,0,0.6329351669936486,0.3276522191618238,-0.3052829478318248,0.2674612107214292,0.1874545472881915,-0.0800066634332377,0.5138350444624394,0.5865994712848651,0.07276442682242568,0.5893499981480241,0.7636468657502833,0.17429686760225915
A03,4,30,58235,4,0,0.33020841137245893,0.23801991070594505,-0.09218850066651388,0.202525197447256,0.19712893212191146,-0.00539626532534454,0.4543890068649988,0.6969218199269288,0.24253281306193003,0.7497133595335346,0.8876328516428312,0.13791949210929666
A03,4,31,60306,2,0,0.49085371561436897,0.1751211023768631,-0.3157326132375059,0.3235338229345385,0.552336924768939,0.22880310183440056,0.566519219047458,0.7859893242117568,0.21947010516429888,0.7257696191404908,0.7277998804794444,0.002030261338953676
A03,4,32,62413,1,0,0.3751734464247364,0.3938949146232908,0.018721468198554414,0.4085465466073749,0.29996753061676024,-0.10857901599061465,0.5493808973355208,0.6181594048007183,0.06877850746519754,0.7025436307703055,0.7881988143073222,0.08565518353701673
A03,4,33,64505,2,0,0.13525713714551255,0.13085010782885723,-0.00440702931665532,0.21741760267034604,0.44178842437253507,0.22437082170218903,0.533239382552962,0.6795137478703247,0.1462743653173627,0.7191408403118341,0.6932680066560462,-0.025872833655787963
A03,4,34,66596,3,0,0.23084699976821024,0.3814632994912613,0.15061629972305104,0.3120156496495974,0.24838196241842941,-0.06363368723116797,0.5377180706061341,0.6182376713267683,0.08051960072063424,0.6424652998207133,0.7443318698131366,0.10186656999242327
A03,4,35,68639,3,0,0.3830655167880308,0.2581516214513819,-0.12491389533664893,0.17319601397545567,0.34053470486192694,0.16733869088647127,0.557351107789368,0.5542998232429256,-0.0030512845464424343,0.6599396253058177,0.7615458810527908,0.10160625574697302
A03,4,36,70703,3,0,0.4799872196657728,0.390818319139487,-0.08916890052628579,0.25030471515909136,0.36866070500818954,0.11835598984909818,0.6161024602217829,0.6825323767469855,0.06642991652520258,0.7318188912500906,0.8044472861576512,0.07262839490756057
A03,4,37,72723,4,0,0.4931602243665583,0.4592837845875782,-0.03387643977898014,0.22837033892857286,0.19348612452921848,-0.03488421439935438,0.5904007486998125,0.6770352555917897,0.08663450689197716,0.7887609150496528,0.8540312630321766,0.06527034798252374
A03,4,38,74695,3,0,0.28366701050586923,0.16887635531945686,-0.11479065518641238,0.5172894561971952,0.5668690899793039,0.04957963378210861,0.5129032954617955,0.7236313740323858,0.21072807857059028,0.8405760913289403,0.8078416475089993,-0.03273444381994095
A03,4,39,76658,1,0,0.4373786263980704,0.34109494539049834,-0.09628368100757206,0.07722445153274426,0.3672080377742706,0.2899835862415263,0.6314694476294137,0.6500364421795342,0.018566994550120453,0.7670658018533985,0.7802305352727502,0.01316473341935176
A03,4,40,78583,4,0,0.3326886995957434,0.5022297084881814,0.169541008892438,0.3228714854263431,0.24416611300106278,-0.0787053724252803,0.650031307136018,0.6905831662063254,0.04055185907030745,0.8064867975677492,0.7785951206531424,-0.02789167691460681
A03,4,41,80664,2,0,0.35363398088958636,0.20837362569862355,-0.1452603551909628,0.1520983509570303,0.20171554384174056,0.049617192884710254,0.6365809494234531,0.6470182270367241,0.010437277613270957,0.6377969378226377,0.7695108853981817,0.131713947575544
A03,4,43,84632,2,0,0.5337030279976765,0.30339487993778,-0.23030814805989652,0.1536271435961318,0.6599390880195848,0.506311944423453,0.7045993593573655,0.7006295241755043,-0.003969835181861225,0.80642179284432,0.7589867492598155,-0.047435043584504566
A03,4,46,90585,2,0,0.19985756902575957,0.6085438990751209,0.4086863300493613,0.1286496560659251,0.2749014953938859,0.14625183932796082,0.6238839560519874,0.6345595064166544,0.010675550364666941,0.6978725615127217,0.7227073264416004,0.024834764928878705
A03,4,47,92699,3,0,0.31365889014558995,0.14611883376011128,-0.16754005638547867,0.322740194757615,0.42395418521741624,0.10121399045980123,0.5679145076292885,0.6670976583201726,0.09918315069088413,0.7516639297252729,0.8361523358147153,0.08448840608944241
A03,4,48,94758,1,0,0.3288654838808708,0.32206319466239874,-0.006802289218472035,0.382927165930343,0.423520982537256,0.040593816606913025,0.43999814435603185,0.7168793309847737,0.2768811866287419,0.8014339744379909,0.8403897982057409,0.038955823767749975
A03,5,1,251,1,0,0.10334997340184338,0.339222472173278,0.23587249877143462,0.2995104120720726,0.24716306342644048,-0.05234734864563209,0.689746401857846,0.6507751558158207,-0.03897124604202529,0.6558067074050472,0.8102592402472251,0.15445253284217786
A03,5,2,2254,1,0,0.12775717986715657,0.2887708621106965,0.16101368224353996,0.18622780692618793,0.16949811884714253,-0.0167296880790454,0.6768745009888939,0.6314243325372851,-0.04545016845160876,0.7324176693651082,0.8664867655983463,0.13406909623323804
A03,5,3,4172,4,0,0.1659381793771546,0.2673262797353723,0.10138810035821771,0.29772745519993987,0.13264377390959148,-0.1650836812903484,0.6840396218584833,0.7191778813254412,0.03513825946695792,0.8632680003453765,0.6554448343952319,-0.2078231659501446
A03,5,4,6124,2,0,0.5257097056965924,0.14764302412354244,-0.3780666815730499,0.40408102324782424,0.5022964514515386,0.09821542820371432,0.602023109799748,0.6875491419250925,0.08552603212534449,0.8459475672394444,0.8195365408393164,-0.026411026400128046
A03,5,5,8132,1,0,0.21823357562002338,0.4551154599924869,0.23688188437246355,0.270068021450634,0.2836233061824979,0.013555284731863904,0.6357011653019499,0.7424581775497786,0.10675701224782874,0.8564884979881315,0.7790006848001442,-0.07748781318798736
A03,5,6,10243,3,0,0.4269385482129805,0.4011721746211236,-0.025766373591856906,0.1906606310465245,0.2565909390997373,0.06593030805321279,0.6405338395186677,0.6545349895716652,0.014001150052997513,0.7175244879572362,0.7685552792293591,0.051030791272122844
A03,5,7,12160,1,0,0.5509916355296781,0.2529642624422412,-0.29802737308743693,0.37713442278492104,0.40918279049467016,0.032048367709749115,0.7589509177089357,0.6970263081585403,-0.06192460955039547,0.8603967234712319,0.6018221012716234,-0.2585746221996085
A03,5,8,14210,3,0,0.1832263193991299,0.30887435403014113,0.12564803463101124,0.1306326984650287,0.09884470029466108,-0.03178799817036762,0.7044652113770421,0.7298421061459032,0.02537689476886107,0.8827453137618845,0.8329484966816073,-0.04979681708027717
A03,5,9,16141,2,0,0.3122006603389251,0.22415618899614406,-0.08804447134278101,0.2057133813586915,0.4404165405312801,0.2347031591725886,0.6760575991202368,0.7216710123986274,0.045613413278390635,0.7552921533363891,0.7014466067156684,-0.05384554662072072
A03,5,10,18139,4,0,0.44657819885215355,0.41743999495616324,-0.02913820389599031,0.26522268638970575,0.3526672264416822,0.08744454005197644,0.6447281604242223,0.6235050755487157,-0.021223084875506615,0.7215979028858746,0.6316226355351294,-0.08997526735074513
A03,5,11,20045,1,0,0.6029967535054986,0.30392858178442805,-0.2990681717210706,0.18498073276591653,0.3065278017597837,0.12154706899386719,0.4485153900965679,0.6717395640425913,0.2232241739460234,0.8131370252546465,0.756717905214415,-0.05641912004023153
A03,5,12,21940,3,0,0.2527130383730572,0.49403168269622977,0.24131864432317257,0.42187753615358853,0.2958984390047953,-0.12597909714879324,0.6570871956951395,0.6853360181570025,0.028248822461863,0.8563287821601483,0.7448870313591597,-0.11144175080098861
A03,5,13,23912,3,0,0.49194218698159686,0.08811428839373563,-0.4038278985878612,0.21665552446291153,0.11868397869880166,-0.09797154576410987,0.5964757370885913,0.6027162691835545,0.006240532094963225,0.8693940178891261,0.7430546310762771,-0.12633938681284895
A03,5,14,25856,1,0,0.18849758130762287,0.21754537680591873,0.029047795498295864,0.3718939967997161,0.2412297407753939,-0.13066425602432216,0.7341866623888998,0.6871040144085823,-0.04708264798031758,0.8008530057325124,0.7938936461092939,-0.006959359623218475
A03,5,15,27823,3,0,0.09301487764086014,0.5954558952842655,0.5024410176434053,0.20154111022861557,0.23177832223091896,0.030237212002303393,0.7219526552481518,0.6912873018145405,-0.03066535343361132,0.8581496135226215,0.7540467705765076,-0.10410284294611394
A03,5,16,29943,2,0,0.3422561579992239,0.14639994714160096,-0.19585621085762292,0.16074868809591353,0.15825423906804575,-0.0024944490278677733,0.7520299682956441,0.7196721018173875,-0.03235786647825656,0.8259976006705498,0.8947636816769136,0.06876608100636372
A03,5,17,31951,4,0,0.4802628865933495,0.5319423163261409,0.05167942973279138,0.20067998010171495,0.24649003545593753,0.045810055354222584,0.6984446944140209,0.6669541023100826,-0.03149059210393834,0.7962793015386095,0.7501623885302837,-0.046116913008325766
A03,5,18,34017,4,0,0.33728267932566475,0.23584919916412486,-0.10143348016153989,0.27339768606742265,0.29855099665171936,0.025153310584296706,0.5754031973078682,0.6299340961621108,0.05453089885424267,0.7280421031328872,0.7332110485808576,0.005168945447970419
A03,5,19,36053,4,0,0.4708970326465852,0.46367613465743673,-0.007220897989148489,0.4387994850867779,0.22839831948273998,-0.21040116560403793,0.7101419236424541,0.6173205220386723,-0.09282140160378183,0.7466154977912071,0.7541272800828388,0.007511782291631741
A03,5,20,38119,3,0,0.431475170336289,0.3884476152820046,-0.043027555054284405,0.15944631323374164,0.2527636042668164,0.09331729103307473,0.5617936999215848,0.6995605280866358,0.13776682816505104,0.8207831233078741,0.7688521296648004,-0.05193099364307363
A03,5,21,40189,1,0,0.15755593820546457,0.20675000854567555,0.04919407034021098,0.14727777894045455,0.2426682560474998,0.09539047710704526,0.5638913657836941,0.7586818661445955,0.1947905003609014,0.7191587239310426,0.7169466318464173,-0.002212092084625361
A03,5,22,42269,4,0,0.33243019956712355,0.3852841173975397,0.05285391783041615,0.3596623598140512,0.14865975653025507,-0.21100260328379614,0.6726471587539308,0.6710925670418167,-0.0015545917121140285,0.7699889019032552,0.6488177113353574,-0.12117119056789782
A03,5,23,44181,2,0,0.18645186911813788,0.2773339396742594,0.09088207055612152,0.25392770485034105,0.17698940702673957,-0.07693829782360148,0.7289091952786071,0.7317806352022398,0.0028714399236327015,0.8510349948866825,0.8132760524611415,-0.03775894242554101
A03,5,24,46212,4,0,0.47137155055256014,0.5840990325844324,0.11272748203187227,0.26043941558587846,0.21911260450257716,-0.0413268110833013,0.6728913033590825,0.6684136811670466,-0.004477622192035957,0.7503756804221232,0.8632675595308658,0.11289187910874254
A03,5,25,48165,2,0,0.5354491144210537,0.5947718337674718,0.059322719346418085,0.43710380611050265,0.4945529320738352,0.05744912596333257,0.6364799748786412,0.6958366127162074,0.059356637837566284,0.6992851941330759,0.8400821666348846,0.14079697250180867
A03,5,26,50126,1,0,0.48845973672615367,0.18745518265796024,-0.30100455406819343,0.5187426583935714,0.10037954865014131,-0.41836310974343005,0.6535108721602356,0.7616470043050576,0.10813613214482198,0.6792571249714593,0.7415447010868655,0.06228757611540625
A03,5,27,52230,3,0,0.38348791059260584,0.29112310037588757,-0.09236481021671827,0.2786734988104681,0.377966423948709,0.0992929251382409,0.7032193808713474,0.6550358561640419,-0.04818352470730547,0.759217985218403,0.7749731484597111,0.0157551632413081
A03,5,28,54234,2,0,0.5993709293934005,0.26824108515982337,-0.33112984423357716,0.23122377304935712,0.276227735262689,0.04500396221333189,0.7104050348785043,0.771593292445093,0.061188257566588744,0.8734666628931864,0.8087960111805625,-0.06467065171262387
A03,5,29,56209,1,0,0.28923139056231856,0.16558713570974248,-0.12364425485257607,0.3038538753895063,0.1774767883695612,-0.1263770870199451,0.7525651035977649,0.6886161908056453,-0.06394891279211956,0.8744914504369533,0.852970134031429,-0.02152131640552435
A03,5,30,58235,3,0,0.3876391379581617,0.5329670462081788,0.14532790825001712,0.2034751849875975,0.27740483429264223,0.07392964930504473,0.6528856475923369,0.7753136880565082,0.12242804046417133,0.8608734028214505,0.7055732692798344,-0.1553001335416161
A03,5,31,60306,3,0,0.13683664292197995,0.35521651760029055,0.2183798746783106,0.25817455336785905,0.24307803695598254,-0.01509651641187651,0.6885265688618715,0.7351891808630562,0.04666261200118471,0.8088630088061309,0.8283510149808981,0.019488006174767203
A03,5,32,62413,1,0,0.1495639141719314,0.3387096586577356,0.1891457444858042,0.31613295194924557,0.3022346729977906,-0.013898278951454957,0.6489311183072223,0.8412263995525681,0.19229528124534578,0.8646873812702449,0.8320084608705001,-0.03267892039974485
A03,5,33,64505,3,0,0.25769963901368803,0.343931340758418,0.08623170174473,0.22923713112570482,0.1075513269859159,-0.12168580413978893,0.5950410458426074,0.6556239654442982,0.06058291960169082,0.7918669305271394,0.6795150160990957,-0.11235191442804371
A03,5,34,66596,4,0,0.670847751959972,0.271863117784691,-0.398984634175281,0.33846422505861157,0.17005603446376436,-0.1684081905948472,0.6626960058375401,0.7409859159472296,0.07828991010968955,0.8004714578325605,0.745948468001892,-0.0545229898306685
A03,5,35,68639,4,0,0.27422954269739025,0.43457941036673403,0.16034986766934378,0.2396080094569339,0.25871885466134936,0.019110845204415472,0.6505317997759134,0.6729444558064716,0.022412656030558198,0.8709579098888954,0.8412784048344971,-0.029679505054398314
A03,5,36,70703,2,0,0.5710222684202703,0.36730538043486466,-0.2037168879854056,0.25246294702862476,0.5390500451379482,0.2865870981093234,0.6389442931415493,0.7970348546406127,0.15809056149906342,0.8038769093600175,0.8433938039797041,0.03951689461968655
A03,5,37,72723,1,0,0.21284461284868542,0.44450053705106407,0.23165592420237865,0.403595276010031,0.22279976559471912,-0.18079551041531186,0.7347148325565234,0.7097602420122298,-0.02495459054429361,0.8883586930461347,0.7770465631003864,-0.11131212994574824
A03,5,38,74695,2,0,0.2323297090408253,0.2849838505037189,0.05265414146289357,0.2327953432466819,0.13681368355732534,-0.09598165968935657,0.7032795796564848,0.7027102629563756,-0.0005693167001091792,0.7891382074282323,0.7878189567557642,-0.0013192506724680753
A03,5,39,76658,4,0,0.47740402723685715,0.3945574106291061,-0.08284661660775106,0.6064730430954083,0.38679584340162815,-0.21967719969378013,0.7471989956919523,0.6435052451937462,-0.10369375049820606,0.7246998425600367,0.8052147462433246,0.08051490368328784
A03,5,40,78583,2,0,0.2815539206424589,0.3527072056017896,0.07115328495933071,0.2492815882843005,0.31528453805575885,0.06600294977145835,0.7312028974936212,0.7223548408240607,-0.008848056669560567,0.8944645924635207,0.804443537024443,-0.09002105543907768
A03,5,41,80664,4,0,0.2660394071477697,0.34690815806083924,0.08086875091306955,0.29310976728873517,0.311303675886162,0.01819390859742681,0.7233420872968506,0.6216925514143191,-0.10164953588253145,0.7527039982661134,0.7745071408355967,0.021803142569483236
A03,5,42,82642,3,0,0.22831884409621786,0.48903343839567637,0.26071459429945854,0.3474746913126104,0.3595658349099265,0.012091143597316112,0.7308109908253319,0.7990858397150541,0.06827484888972224,0.6948915659796123,0.7129595671825061,0.018068001202893758
A03,5,43,84632,2,0,0.1843697613082702,0.1774196092294826,-0.0069501520787876025,0.10968149763650001,0.40081548053069466,0.2911339828941947,0.6062062737985,0.8415416605548467,0.2353353867563467,0.7533058599635678,0.757432092619048,0.004126232655480178
A03,5,44,86751,2,0,0.37770674989507125,0.4108494509829472,0.033142701087875925,0.5454452693488892,0.548912881759219,0.00346761241032989,0.7280637111325038,0.8132640737045974,0.08520036257209362,0.7814400173597692,0.8508915807273655,0.06945156336759628
A03,5,45,88657,2,0,0.22842530487404872,0.27893333640950774,0.05050803153545902,0.32137625055864644,0.37602734249912917,0.05465109194048273,0.6083137092900188,0.7497335664201754,0.1414198571301566,0.8144512000959071,0.7236980482518194,-0.09075315184408772
A03,5,46,90585,3,0,0.23076288365405898,0.2544822752134733,0.0237193915594143,0.39070752933573577,0.12069621266774652,-0.2700113166679893,0.8368337502338343,0.7133015797777011,-0.12353217045613318,0.8494457957103853,0.8139784614713672,-0.035467334239018045
A03,5,47,92699,4,0,0.4334957060645111,0.3631097067003916,-0.07038599936411949,0.20988258834673318,0.4001908030384227,0.19030821469168951,0.6794057335437079,0.7100715585166376,0.03066582497292969,0.630065245787138,0.7927055943294465,0.16264034854230858
A03,5,48,94758,1,0,0.28015897432576936,0.40670696429856906,0.1265479899727997,0.33409459268399655,0.49490749492776487,0.16081290224376832,0.7835145377313673,0.7591854300791344,-0.02432910765223284,0.7055313812685513,0.7589983381752848,0.05346695690673353
A03,6,1,251,2,0,0.2899562544234439,0.27919061893002384,-0.010765635493420078,0.4908803403780033,0.5963745963343706,0.1054942559563673,0.6213847623192607,0.7796057931692584,0.15822103084999772,0.7458830085265191,0.8351303148537494,0.08924730632723032
A03,6,2,2254,4,0,0.41332107705264487,0.3590846513252885,-0.054236425727356374,0.4486607593227334,0.23250211087967934,-0.21615864844305407,0.6363092473497691,0.7700151884228482,0.1337059410730791,0.7199295464719221,0.7510616475652673,0.031132101093345188
A03,6,3,4172,1,0,0.37335364306344676,0.3611323504582333,-0.012221292605213485,0.3606617177727746,0.2568663177034628,-0.10379540006931182,0.6196173513872633,0.759209078822953,0.1395917274356897,0.7173143326243947,0.6969179703811645,-0.02039636224323016
A03,6,4,6124,3,0,0.13019191128659438,0.45923456857428946,0.3290426572876951,0.2300315479662756,0.4629579000747054,0.2329263521084298,0.4879094000331171,0.6746641367984612,0.18675473676534404,0.7746467531060084,0.7730036371660257,-0.0016431159399826756
A03,6,5,8132,3,0,0.3606907132707513,0.2649109584574814,-0.09577975481326989,0.3493227135614149,0.38755418521335994,0.038231471651945015,0.6375569594678347,0.6922654178245351,0.05470845835670035,0.6590518788156766,0.7411245943141929,0.08207271549851625
A03,6,6,10243,4,0,0.17626260909927513,0.20396628738920614,0.027703678289931005,0.22184104032656743,0.07755092669436647,-0.14429011363220096,0.6564856991377123,0.6575934780540952,0.0011077789163829177,0.7927086428244665,0.7063751748873505,-0.08633346793711605
A03,6,7,12160,1,0,0.5866691851151992,0.2634751475921398,-0.32319403752305936,0.2350662164013695,0.45158768628914975,0.21652146988778026,0.732094943188086,0.7829993983499283,0.05090445516184228,0.7947855230343458,0.7792682100981013,-0.015517312936244476
A03,6,8,14210,1,0,0.29836464675864593,0.21529297295606664,-0.0830716738025793,0.41258726539743024,0.45836409616443696,0.045776830767006726,0.6534129812679633,0.7244473014317394,0.07103432016377609,0.7022369099617344,0.8427256853862345,0.1404887754245001
A03,6,9,16141,3,0,0.3585170367581022,0.4110594749624998,0.05254243820439758,0.471914576148819,0.4972606856616158,0.02534610951279681,0.7039158892633653,0.6990235452224276,-0.004892344040937746,0.801809488084397,0.7856093816488442,-0.016200106435552808
A03,6,10,18139,2,0,0.33298649244064127,0.447916486379909,0.11492999393926773,0.1517374922572435,0.3392722119427548,0.1875347196855113,0.698451113410736,0.7417073085170607,0.043256195106324724,0.7261301481084506,0.769611898745849,0.04348175063739845
A03,6,11,20045,4,0,0.39910080981065427,0.44240083139503567,0.0433000215843814,0.16858923006697293,0.2688936633315372,0.10030443326456426,0.5161314876076225,0.5629473021624213,0.046815814554798774,0.7479560503534701,0.7391206432462606,-0.008835407107209536
A03,6,12,21940,4,0,0.4031094694284,0.32374156658443604,-0.07936790284396394,0.2973977444084238,0.32171951602875865,0.02432177162033483,0.5647754582189256,0.7060842427168118,0.1413087844978862,0.6614165202664449,0.6947781638660355,0.033361643599590596
A03,6,13,23912,4,0,0.3506934903149501,0.1791241692187999,-0.17156932109615022,0.2519718635136109,0.10727064445793062,-0.14470121905568029,0.6795004404396842,0.6850637060492591,0.0055632656095749855,0.8290910641288012,0.7744902968740291,-0.05460076725477203
A03,6,14,25856,2,0,0.7095015161808532,0.4068173285333489,-0.3026841876475043,0.4004486256482216,0.35623569041568487,-0.04421293523253672,0.6505370073244177,0.7046348158256881,0.05409780850127044,0.7490973876354554,0.733578508123325,-0.015518879512130379
A03,6,15,27823,1,0,0.15849842199674974,0.40644702951317235,0.24794860751642261,0.2923490977492747,0.34146357202298877,0.04911447427371407,0.5726846900223317,0.7812070748671704,0.20852238484483876,0.8190847383611979,0.842303358585624,0.023218620224426112
A03,6,16,29943,3,0,0.21046725316434794,0.31170342842369153,0.10123617525934359,0.46789578735190085,0.4879394438586709,0.020043656506770036,0.7340675056318725,0.8052723231908991,0.07120481755902663,0.7285183734919116,0.8075665424965033,0.07904816900459166
A03,6,17,31951,2,0,0.47061600660234265,0.42998487992397394,-0.04063112667836871,0.4387699550221787,0.5463881337151811,0.10761817869300244,0.7172513332095217,0.7208139486648439,0.0035626154553222156,0.8956336126710862,0.7250289181497174,-0.17060469452136884
A03,6,19,36053,1,0,0.3116672386239898,0.22641528977971528,-0.08525194884427453,0.3186255122793256,0.16005756746495742,-0.1585679448143682,0.5991112477436243,0.7336212097599102,0.13450996201628584,0.8359083977982855,0.8450371795084698,0.009128781710184275
A03,6,20,38119,4,0,0.1372740050325608,0.341961543704155,0.2046875386715942,0.2393209794932202,0.37865016048582356,0.13932918099260336,0.5973157100859232,0.7305604322008458,0.13324472211492255,0.8434984428395025,0.8012477647400404,-0.042250678099462036
A03,6,21,40189,3,0,0.3347354752422659,0.24139226204466852,-0.09334321319759736,0.252981522833079,0.1992601627968267,-0.0537213600362523,0.5927377747244199,0.7006383077189888,0.10790053299456892,0.8909545266621434,0.6926953598044323,-0.19825916685771106
A03,6,22,42269,2,0,0.4748528392766861,0.16902169399463104,-0.305831145282055,0.19103826338002938,0.498444066063195,0.30740580268316564,0.6995400751384926,0.778400830078359,0.07886075493986644,0.802196676924761,0.8079316399795606,0.005734963054799591
A03,6,24,46212,4,0,0.47058376152169507,0.3730101583283731,-0.09757360319332198,0.42161315938301946,0.25131149698104055,-0.17030166240197891,0.6377748295843794,0.728532689876616,0.09075786029223665,0.8531840603872313,0.7202827912062532,-0.1329012691809781
A03,6,25,48165,1,0,0.47561315894717965,0.2040139946411536,-0.27159916430602604,0.176245209593518,0.4711917223817161,0.29494651278819806,0.6309404162714111,0.7950815616250118,0.1641411453536007,0.8340447613213928,0.7922013017721581,-0.04184345954923474
A03,6,26,50126,2,0,0.231163245612368,0.22668823959123893,-0.004475006021129074,0.30170253192919827,0.3495651864200841,0.047862654490885836,0.7787026931622337,0.7539460689961025,-0.024756624166131225,0.7721129576401752,0.7635903004347443,-0.008522657205430884
A03,6,27,52230,2,0,0.3656505061507825,0.2021970738398136,-0.16345343231096887,0.2597145185906759,0.37800694101792515,0.11829242242724924,0.6244174603407586,0.7815660461641482,0.15714858582338953,0.7293546856324822,0.8419293955420059,0.11257470990952367
A03,6,28,54234,3,0,0.4568727101958513,0.44975781625503447,-0.007114893940816824,0.1707709090935898,0.20658273653897433,0.035811827445384525,0.5489140083955533,0.6844186502667686,0.13550464187121536,0.8211152491715911,0.8472628180284278,0.026147568856836778
A03,6,29,56209,4,0,0.19981069702354648,0.5050275776550457,0.3052168806314992,0.27047842150814494,0.3110364564010126,0.040558034892867634,0.5496404078551154,0.6956889057976297,0.1460484979425143,0.7630174945230399,0.8493801176172254,0.08636262309418552
A03,6,30,58235,2,0,0.4542905788560381,0.3559425633934274,-0.09834801546261068,0.37808775606450357,0.1149333681441396,-0.26315438792036394,0.6695454111649106,0.7789771894074372,0.10943177824252659,0.8467677387711591,0.8342328343922816,-0.012534904378877498
A03,6,31,60306,1,0,0.3326059103126213,0.35997682012728577,0.027370909814664446,0.16336640735339408,0.4401613697528001,0.27679496239940604,0.7411937627266695,0.7441505880580334,0.002956825331363877,0.8486469409244577,0.727234843602975,-0.12141209732148273
A03,6,32,62413,1,0,0.24440107179963402,0.3257304143171739,0.0813293425175399,0.3223065356355315,0.3180142757757232,-0.004292259859808301,0.6818511428635735,0.6945729839952043,0.012721841131630773,0.8204166774672322,0.7080122757014694,-0.11240440176576283
A03,6,33,64505,4,0,0.2535365919990366,0.06606554446939218,-0.18747104752964444,0.36426900205084006,0.22881549741633458,-0.13545350463450548,0.6405987032614698,0.664080499868663,0.023481796607193184,0.8309077930463998,0.8516182324651265,0.020710439418726634
A03,6,34,66596,2,0,0.22664525328540325,0.13069770408023412,-0.09594754920516912,0.38303565426484365,0.49025476220318376,0.10721910793834011,0.6377776791021921,0.7335839379896765,0.0958062588874844,0.8375833320957048,0.7884207646192455,-0.04916256747645931
A03,6,36,70703,3,0,0.5256196147334606,0.18239668367132206,-0.3432229310621386,0.13323525351689489,0.3243197733788638,0.19108451986196892,0.5632068558301515,0.6010508610606725,0.037844005230521005,0.7002249873595484,0.8328016796537366,0.13257669229418823
A03,6,37,72723,2,0,0.6806423827184191,0.527747937288862,-0.1528944454295571,0.3643903137816391,0.4239206432631945,0.0595303294815554,0.7531823334515056,0.7737840860925062,0.020601752641000504,0.7129951119131765,0.7453070002820742,0.032311888368897645
A03,6,38,74695,2,0,0.2635139198110241,0.24497559326200344,-0.018538326549020684,0.332487764133786,0.40026689391151343,0.06777912977772743,0.680855761106909,0.6320473197930109,-0.048808441313898165,0.7553010547804446,0.7453222029575396,-0.009978851822905033
A03,6,39,76658,3,0,0.4639568009935144,0.3384351782564747,-0.1255216227370397,0.2556652334678299,0.4153381472832184,0.1596729138153885,0.5916849171735958,0.6467558752546682,0.05507095808107232,0.8052718547613338,0.8476537831055995,0.042381928344265685
A03,6,40,78583,1,0,0.5416080139362275,0.40291308827111955,-0.13869492566510794,0.2949408445472092,0.4562988135204086,0.16135796897319937,0.6731370294644868,0.759023339894536,0.08588631043004913,0.7868310916096879,0.7061505402502716,-0.08068055135941632
A03,6,41,80664,4,0,0.20193054481170897,0.15055996552023146,-0.05137057929147751,0.11510386357697396,0.4005365093572673,0.28543264578029337,0.641270699602652,0.6523167777673962,0.011046078164744122,0.5391578053876318,0.7899906241676548,0.25083281878002295
A03,6,42,82642,3,0,0.11531452143168522,0.2891730460195933,0.1738585245879081,0.6693099412627375,0.6166995786702285,-0.05261036259250895,0.673769362177955,0.6959187574562663,0.02214939527831128,0.8276081168704047,0.8068841577756144,-0.0207239590947903
A03,6,43,84632,3,0,0.31183517984838355,0.3036381537010248,-0.008197026147358732,0.3320256044344253,0.3172378898743477,-0.014787714560077603,0.486660635202201,0.7367739423899385,0.25011330718773755,0.6676971897839297,0.787898902758534,0.12020171297460436
A03,6,44,86751,3,0,0.24357671335249215,0.5013900507462277,0.2578133373937355,0.30772679241254375,0.3300723109309645,0.02234551851842076,0.6763799885802737,0.7024258128010642,0.026045824220790492,0.7728373150054333,0.7502215520183769,-0.022615762987056365
A03,6,45,88657,3,0,0.46234483481157934,0.22874707258529534,-0.233597762226284,0.40611109886195,0.3688139522658941,-0.03729714659605593,0.6537370410130593,0.7949905967251011,0.1412535557120418,0.806758980485408,0.8428328038654704,0.036073823380062486
A03,6,47,92699,2,0,0.2247730503700212,0.1808950815339181,-0.04387796883610312,0.21585549911950666,0.4371755018760829,0.22132000275657623,0.625892897433082,0.7426008609457042,0.11670796351262225,0.8005240806952415,0.7445052178256233,-0.05601886286961821
A03,6,48,94758,1,0,0.4846054088283626,0.46416685364650856,-0.020438555181854057,0.47922140795076756,0.34846342248874285,-0.13075798546202472,0.6184933099447478,0.7602288079712883,0.1417354980265405,0.7618054184661658,0.688278582115248,-0.07352683635091783
A03,7,1,251,2,0,0.5445747628584919,0.1517167223250244,-0.3928580405334675,0.668555639905768,0.13675187689343962,-0.5318037630123285,0.644009349684404,0.77450752032669,0.13049817064228597,0.6319312048168262,0.8889426462972229,0.2570114414803967
A03,7,2,2254,1,0,0.30197508734818823,0.32580724091953284,0.023832153571344605,0.19631456273354195,0.4257673423533416,0.22945277961979968,0.7138528328976564,0.8400623556371881,0.12620952273953168,0.8035019998707289,0.902933555362428,0.09943155549169913
A03,7,3,4172,1,0,0.3010929482315366,0.18143729966229302,-0.11965564856924357,0.1549982459653119,0.3587778270660281,0.20377958110071623,0.7340525162305563,0.8245881457552876,0.09053562952473126,0.8586412998977975,0.8701900185498435,0.011548718652045986
A03,7,4,6124,3,0,0.3878022938440428,0.373209535937698,-0.014592757906344789,0.17315599679192198,0.3227445627707106,0.14958856597878864,0.7554537331412209,0.7217575588421242,-0.03369617429909666,0.8424907394567208,0.856303983119511,0.013813243662790131
A03,7,5,8132,3,0,0.49186885374607087,0.4761152913074467,-0.01575356243862419,0.2951969892458912,0.16065417848704727,-0.13454281075884394,0.7836563571743772,0.735419632574032,-0.04823672460034523,0.8442833994939195,0.8518834278872205,0.007600028393300984
A03,7,6,10243,2,0,0.10885816572972969,0.3048134673688803,0.19595530163915065,0.2550992099589871,0.28720305398440976,0.032103844025422656,0.7392053738221396,0.8085902996900932,0.06938492586795364,0.8393563118118103,0.8051822863188095,-0.03417402549300075
A03,7,7,12160,3,0,0.5335300762542838,0.20940454593342794,-0.3241255303208559,0.28712586590915945,0.13288799749849756,-0.1542378684106619,0.7661305227822434,0.7314494860998172,-0.03468103668242617,0.8766683838553927,0.8190609969609636,-0.057607386894429125
A03,7,8,14210,4,0,0.5518178744709451,0.26880611337982224,-0.28301176109112286,0.09203577818534024,0.20769725120813917,0.11566147302279893,0.7377267126775963,0.7446741606619164,0.006947447984320121,0.9079204218036105,0.8595949914766708,-0.0483254303269397
A03,7,9,16141,1,0,0.345623110480911,0.3759648862961856,0.030341775815274585,0.12473282554321388,0.5025775425355653,0.37784471699235145,0.7861500183109846,0.7286675572220837,-0.05748246108890098,0.8052148121466306,0.8933677856609149,0.0881529735142843
A03,7,10,18139,4,0,0.425270990548923,0.4131502948807232,-0.012120695668199788,0.2802395919059793,0.18533791066142258,-0.09490168124455672,0.7806913570985291,0.7457929148825437,-0.03489844221598537,0.8320504089310349,0.8617003780024015,0.029649969071366633
A03,7,11,20045,1,0,0.45780313609649287,0.35863083980915345,-0.09917229628733942,0.4766382470891916,0.5743283530655525,0.09769010597636091,0.8189233244207298,0.8602799605360014,0.04135663611527163,0.8924288292735978,0.8113564161805921,-0.08107241309300572
A03,7,12,21940,1,0,0.27525220708329884,0.3050000266621117,0.02974781957881284,0.22489161145503025,0.21036108080254395,-0.014530530652486301,0.7652009359780537,0.7840461419734999,0.018845205995446146,0.7689774148757115,0.8728949879522686,0.10391757307655713
A03,7,13,23912,2,0,0.2653445406803242,0.16719003339763322,-0.09815450728269098,0.34315576774236245,0.3667666005057999,0.02361083276343745,0.7703081688160138,0.8058768465123377,0.03556867769632388,0.8900296786323201,0.9142895847958108,0.02425990616349072
A03,7,14,25856,4,0,0.5752493406543756,0.4247366738024399,-0.1505126668519357,0.16782430084637243,0.37123570422299135,0.20341140337661892,0.7830502876871811,0.7691138549046592,-0.01393643278252188,0.7519644986970835,0.8531684918614779,0.10120399316439443
A03,7,15,27823,3,0,0.3249945343029926,0.47916168678308907,0.1541671524800965,0.29424908678313055,0.4208220221588455,0.12657293537571496,0.7172884161856069,0.8186146247143488,0.10132620852874186,0.8772962539248027,0.8156614125286235,-0.06163484139617925
A03,7,16,29943,2,0,0.4130184836881695,0.3046090679301353,-0.1084094157580342,0.4014641913229894,0.3978911053109546,-0.003573086012034765,0.799329129732202,0.8105201379793783,0.011191008247176226,0.8329199903671054,0.9252583093557067,0.09233831898860134
A03,7,17,31951,4,0,0.5132115011679987,0.3443344710877652,-0.16887703008023353,0.35491843641399445,0.3135793998205062,-0.041339036593488254,0.7997005729249939,0.8649792126783791,0.06527863975338521,0.8175172826816066,0.8299289759811612,0.012411693299554605
A03,7,18,34017,3,0,0.5564768328676021,0.23495452284790191,-0.32152231001970016,0.41629363261837543,0.21106525839982332,-0.2052283742185521,0.8021922431213703,0.7859909452839492,-0.01620129783742108,0.8806108922830319,0.8649931140744889,-0.015617778208543043
A03,7,19,36053,4,0,0.28241786119300405,0.31422159749543443,0.031803736302430385,0.294367467884066,0.35416188838512436,0.059794420501058376,0.7865296919486405,0.7100271497715587,-0.07650254217708186,0.8674789874660485,0.9138631174418587,0.04638412997581021
A03,7,20,38119,3,0,0.2867224864883204,0.39372083996635937,0.10699835347803899,0.26184162703086783,0.27734851398950106,0.015506886958633226,0.7165956653839611,0.7005744351148111,-0.016021230269150033,0.8336100531159444,0.8901084050716614,0.05649835195571706
A03,7,21,40189,4,0,0.227222458339488,0.26212691852611025,0.034904460186622244,0.3247644481772545,0.21931112805908207,-0.10545332011817246,0.711061172537316,0.7418842079449848,0.03082303540766873,0.8879703132431073,0.8479396985445703,-0.04003061469853697
A03,7,22,42269,2,0,0.21375660680782954,0.41543234424800735,0.2016757374401778,0.2776755774220338,0.25230899768850207,-0.025366579733531736,0.8211081668637655,0.7454270313068071,-0.07568113555695843,0.8203188692508652,0.903176562662977,0.0828576934121118
A03,7,23,44181,2,0,0.2741433672521044,0.5282899483361164,0.254146581084012,0.2193324318647106,0.32627858903062057,0.10694615716590997,0.7441890249764759,0.7773835351983321,0.033194510221856266,0.9091030890547342,0.8353509213573493,-0.07375216769738491
A03,7,24,46212,4,0,0.27162755204388445,0.3361669976285535,0.06453944558466906,0.28509332022269884,0.37495957194967044,0.0898662517269716,0.7814403941444823,0.819848984308213,0.03840859016373066,0.8843333579700193,0.870068665568881,-0.014264692401138368
A03,7,25,48165,1,0,0.42786432003950603,0.2627288287287184,-0.16513549131078764,0.08193105569523532,0.34625717284536833,0.264326117150133,0.7441492041911998,0.8558301371462839,0.11168093295508408,0.9062647047472719,0.8467802294167779,-0.05948447533049406
A03,7,26,50126,2,0,0.1946424376162542,0.3876154786067582,0.19297304099050402,0.3602150907825052,0.5935353797571331,0.23332028897462792,0.8466820833336887,0.8690550221257436,0.02237293879205493,0.9329333605790323,0.9052186997288146,-0.027714660850217676
A03,7,27,52230,2,0,0.21576380786340574,0.12938412631315838,-0.08637968155024736,0.2987496778250525,0.41490332734685875,0.11615364952180623,0.7897334229476554,0.8179336635384006,0.028200240590745218,0.9405332337817273,0.8593154164673698,-0.08121781731435751
A03,7,28,54234,2,0,0.561374315204702,0.22844527856027222,-0.33292903664442985,0.37922793417843587,0.602475901786993,0.22324796760855709,0.7522538527492318,0.7467271464464813,-0.005526706302750539,0.9340821155166461,0.8996511242010738,-0.03443099131557226
A03,7,29,56209,3,0,0.3793557483338215,0.25011486593045557,-0.12924088240336595,0.19787142268955002,0.4588594476770224,0.2609880249874724,0.7848173062614244,0.7907387223629787,0.005921416101554278,0.9111663813951629,0.8993461826153312,-0.011820198779831759
A03,7,30,58235,4,0,0.3185883997382147,0.12346086805964211,-0.19512753167857255,0.13556197169938902,0.4391869314491705,0.30362495974978143,0.7402813691686214,0.8122676308956823,0.07198626172706091,0.8424370643221611,0.751825198056469,-0.09061186626569218
A03,7,31,60306,1,0,0.6510623060708303,0.5319516232806327,-0.11911068279019754,0.37725280724630256,0.3516290108511093,-0.025623796395193243,0.7507854402745304,0.823515834709624,0.07273039443509355,0.908909769930777,0.875870416786159,-0.03303935314461803
A03,7,32,62413,4,0,0.2166322923402423,0.3662329147878533,0.149600622447611,0.37725258740647505,0.35053823528723543,-0.026714352119239615,0.8453747708286865,0.7561056766548476,-0.08926909417383888,0.783480977138302,0.8888123318582064,0.1053313547199044
A03,7,33,64505,1,0,0.3227578332902635,0.33864981899223257,0.01589198570196909,0.28419551606174404,0.25420729692987176,-0.029988219131872274,0.7634483223107035,0.7977499731505752,0.03430165083987169,0.934858645416157,0.9225487059960822,-0.012309939420074856
A03,7,34,66596,3,0,0.46604931280309286,0.16661130337891286,-0.29943800942418,0.3123279215627918,0.157754458790374,-0.15457346277241782,0.7290878438210849,0.7220300064178632,-0.007057837403221745,0.8677571393592879,0.8764977833792177,0.0087406440199298
A03,7,35,68639,1,0,0.18133341964363572,0.22904773348247492,0.0477143138388392,0.37583301644607736,0.15001785160567663,-0.22581516484040073,0.8105226353503124,0.8023873205856809,-0.008135314764631585,0.8951962026106034,0.8422047652790418,-0.05299143733156164
A03,7,36,70703,4,0,0.5344209129374033,0.355248574638725,-0.17917233829867835,0.18618194538717509,0.3878040330837214,0.20162208769654633,0.7221175296637478,0.679202654132475,-0.04291487553127271,0.8708972911732749,0.8992369479207228,0.028339656747447983
A03,7,37,72723,1,0,0.2487847894327086,0.34681027358575056,0.09802548415304196,0.62706080979616,0.3151251835140055,-0.3119356262821545,0.8055148319132649,0.8206725663398012,0.01515773442653634,0.9407315676196256,0.8648878462035611,-0.07584372141606455
A03,7,38,74695,3,0,0.053569146736498645,0.43365769240464985,0.3800885456681512,0.17764031309501346,0.35951717071574685,0.18187685762073338,0.8280305727915744,0.7642152378542258,-0.06381533493734859,0.9052995480635999,0.9043021648254461,-0.0009973832381537928
A03,7,39,76658,1,0,0.5263811122046169,0.48952078536024907,-0.03686032684436785,0.1913489831099732,0.44389723516666957,0.2525482520566964,0.8120518238760522,0.8521782565161377,0.04012643264008542,0.9378369416332256,0.9252566528746488,-0.012580288758576863
A03,7,40,78583,2,0,0.20879731821682768,0.239966698953242,0.031169380736414315,0.10132054732851939,0.3720615810074487,0.2707410336789293,0.6851384448407506,0.8472360315135854,0.1620975866728348,0.8197552070601469,0.9022279070632316,0.08247270000308471
A03,7,41,80664,3,0,0.4420236804520058,0.15107445066699549,-0.2909492297850103,0.36041446340886235,0.08270471962448701,-0.27770974378437535,0.7719544112033347,0.7632051078239698,-0.00874930337936497,0.9381963949819514,0.9092331610419729,-0.02896323393997846
A03,7,42,82642,3,0,0.2817668623992164,0.2271452945049668,-0.0546215678942496,0.33180240428747493,0.33110417604762526,-0.0006982282398496631,0.7647189593437185,0.8082046054279931,0.04348564608427463,0.946130260559424,0.8510105501234951,-0.09511971043592882
A03,7,43,84632,4,0,0.3336103696134893,0.30727651956130536,-0.026333850052183916,0.1885783423622333,0.16544334444986367,-0.023134997912369643,0.8135499776718735,0.7831293288074473,-0.030420648864426192,0.8710502076967155,0.9264561582275006,0.05540595053078512
A03,7,44,86751,1,0,0.43955725581146465,0.350057461940671,-0.08949979387079365,0.12475250655813286,0.329253636368382,0.20450112981024915,0.8185916216951961,0.8014833495885448,-0.017108272106651223,0.9007771896448267,0.8996926757447771,-0.0010845139000495996
A03,7,45,88657,2,0,0.32781876021016315,0.2463515988530046,-0.08146716135715856,0.43996102483181787,0.2363169928199938,-0.20364403201182407,0.763545607898898,0.821409779273195,0.057864171374297,0.8986344589217347,0.8932485162010103,-0.005385942720724346
A03,7,46,90585,4,0,0.6162754768933463,0.2333193631310717,-0.38295611376227456,0.28049380457407647,0.1390544831305951,-0.14143932144348137,0.8350121967617552,0.7515451730570327,-0.08346702370472248,0.934389253887793,0.9146539697424763,-0.019735284145316778
A03,7,47,92699,2,0,0.3892401986686115,0.20748050581098929,-0.1817596928576222,0.1981504134512224,0.3214982628168493,0.1233478493656269,0.7257887812115376,0.7906691980396147,0.0648804168280771,0.9100294079454418,0.9010421389542058,-0.00898726899123603
A03,7,48,94758,3,0,0.37859499415060205,0.4426850337429909,0.06409003959238885,0.20839623957782713,0.3459192029981802,0.13752296342035306,0.8665495389616534,0.8106576683356567,-0.055891870625996765,0.9196306986700792,0.9254403011825557,0.0058096025124765305
A03,8,1,251,3,0,0.15957096375040497,0.1858479104824816,0.026276946732076617,0.2872386261920698,0.15281505404520318,-0.13442357214686662,0.2715318714792214,0.37962289169028224,0.10809102021106082,0.34724025940065634,0.32840749654051077,-0.01883276286014557
A03,8,2,2254,1,0,0.42076936277178095,0.13118652304092165,-0.2895828397308593,0.12773729057068542,0.14664951231074763,0.018912221740062213,0.433469282343736,0.3179003409039884,-0.11556894143974761,0.40749328208038677,0.32354268766969874,-0.08395059441068803
A03,8,3,4172,4,0,0.3436707510006972,0.13989507416717922,-0.203775676833518,0.08121395691692804,0.15010433853327337,0.06889038161634534,0.29363334182122897,0.22658577649021844,-0.06704756533101053,0.2746859831818153,0.40339590460115904,0.12870992141934373
A03,8,5,8132,4,0,0.35216764726289146,0.26932735661469537,-0.08284029064819609,0.12687850576941193,0.3560641129000728,0.22918560713066086,0.07986245282702352,0.22900187600890565,0.1491394231818821,0.13319637264369197,0.5105872577600905,0.3773908851163985
A03,8,6,10243,1,0,0.10634263983485272,0.4032476215827856,0.2969049817479329,0.13676257894218255,0.2961681007939652,0.15940552185178267,0.321459735710048,0.35360622495301514,0.03214648924296715,0.45481798439873444,0.5030546832776801,0.04823669887894566
A03,8,7,12160,1,0,0.23252978741362648,0.23214933587339764,-0.00038045154022883776,0.3660846588543407,0.26641649841616794,-0.09966816043817278,0.3633682511741035,0.4883985286109276,0.1250302774368241,0.37198575254768357,0.3960068245146217,0.024021071966938146
A03,8,8,14210,3,0,0.4688849835570884,0.3040494707681722,-0.16483551278891623,0.1767850393106532,0.09607283249399967,-0.08071220681665353,0.3613013370755768,0.3510072657313751,-0.010294071344201738,0.32604775155569193,0.3071745290126246,-0.018873222543067336
A03,8,9,16141,3,0,0.24373369080575252,0.25494169776937486,0.011208006963622341,0.29868344656329626,0.07344655008781671,-0.22523689647547956,0.3386981662298019,0.34110208840058565,0.0024039221707837233,0.4695536230411001,0.34431354287273563,-0.12524008016836446
A03,8,10,18139,2,0,0.34574559022678725,0.32840896225937655,-0.0173366279674107,0.045141333865470736,0.29494967528131416,0.24980834141584343,0.2516412332770385,0.3484485419866599,0.0968073087096214,0.35075980006844926,0.2590369523519157,-0.09172284771653355
A03,8,11,20045,4,0,0.34512774734817747,0.3091182357010555,-0.03600951164712196,0.27830057239238304,0.12794282012383432,-0.15035775226854872,0.43991267137826967,0.30162345570733856,-0.1382892156709311,0.2857764466697822,0.3201284847827358,0.03435203811295362
A03,8,12,21940,2,0,0.3908726280113571,0.44833376596218155,0.05746113795082447,0.3042226701414202,0.45687287605172644,0.15265020591030626,0.25758334740463623,0.31253529663783414,0.054951949233197905,0.328214139476081,0.5298172211410541,0.2016030816649731
A03,8,13,23912,2,0,0.2688866691886195,0.21998993829389143,-0.04889673089472804,0.16305851630268173,0.20769110531790738,0.044632589015225654,0.3441713140302074,0.29617328045419855,-0.04799803357600885,0.29911978533310235,0.4024032167078158,0.10328343137471346
A03,8,14,25856,1,0,0.24473924021499194,0.09742548572581065,-0.14731375448918127,0.2461157165105679,0.2640790688062202,0.01796335229565227,0.31871738812078704,0.30363938149853287,-0.01507800662225417,0.3211472148505519,0.36375734473081256,0.04261012988026064
A03,8,15,27823,2,0,0.49771003873740166,0.3615691269614726,-0.13614091177592907,0.31680303178808134,0.30907124419430493,-0.007731787593776407,0.42850990356891583,0.24367351664112316,-0.18483638692779267,0.2867921979403186,0.47581555123470615,0.18902335329438752
A03,8,16,29943,4,0,0.14884830991913914,0.6227075899897887,0.4738592800706496,0.43523704674719454,0.19977194396807338,-0.23546510277912117,0.3310988589161537,0.328514903814856,-0.002583955101297719,0.31446210642613587,0.3765578710586563,0.06209576463252042
A03,8,17,31951,4,0,0.5642893929209237,0.29796468412249755,-0.2663247087984262,0.346675080692407,0.20727407432867745,-0.13940100636372954,0.3166312587273477,0.31666838903156896,3.713030422125563e-05,0.2790925339990599,0.45030926152241985,0.17121672752335992
A03,8,18,34017,2,0,0.4967898829981571,0.573412371092482,0.07662248809432493,0.15560881929618356,0.46417365214101586,0.30856483284483227,0.2520154411729192,0.3328470301445014,0.08083158897158221,0.38453776172513404,0.4830003892430795,0.09846262751794543
A03,8,19,36053,2,0,0.6372304295964393,0.33192923300394395,-0.3053011965924953,0.3589152986951003,0.48901612637124997,0.13010082767614967,0.1841611739704574,0.41399586877358147,0.22983469480312407,0.12164079930415952,0.26552724508120956,0.14388644577705004
A03,8,20,38119,2,0,0.29773314499148834,0.23575955958596076,-0.06197358540552758,0.31079611530489526,0.2991404444785733,-0.011655670826321962,0.2898451246516164,0.31811149819104745,0.028266373539431067,0.38736461447891457,0.34272198632034484,-0.04464262815856973
A03,8,21,40189,2,0,0.347846085188429,0.2129228393714583,-0.1349232458169707,0.05446372456058056,0.07478823456279028,0.020324510002209722,0.2319981352754507,0.3887790510656424,0.1567809157901917,0.27177982293028696,0.2767359716092918,0.004956148679004846
A03,8,22,42269,4,0,0.10060583892201469,0.22946775699521785,0.12886191807320316,0.19546958412647555,0.3432882372106057,0.14781865308413014,0.46311425226193836,0.4897578895352182,0.02664363727327984,0.20358142706088073,0.4092031648700871,0.2056217378092064
A03,8,23,44181,4,0,0.23583511387226813,0.2209523450829042,-0.014882768789363926,0.29090012018387623,0.3254572213238423,0.03455710113996607,0.3848262234527085,0.48935569709826826,0.10452947364555976,0.3507066362566719,0.21932984735471495,-0.13137678890195698
A03,8,24,46212,3,0,0.24524272147371887,0.4805802555838236,0.23533753411010475,0.4973187968521802,0.34532355507975776,-0.15199524177242246,0.36272171898742106,0.21979682631406247,-0.1429248926733586,0.3026675755416272,0.14477783935890956,-0.15788973618271765
A03,8,25,48165,4,0,0.39760052598725093,0.2813852430233582,-0.11621528296389272,0.2670933835594939,0.2094588087340079,-0.05763457482548601,0.5761779370788689,0.31701605478016165,-0.25916188229870724,0.3556993201211328,0.3941618101531184,0.0384624900319856
A03,8,26,50126,1,0,0.4807898108454844,0.4552986024737114,-0.02549120837177299,0.3404675168940457,0.4503116831665774,0.10984416627253168,0.4538059682502252,0.4409823372210809,-0.0128236310291443,0.4362860716683602,0.38085164911630676,-0.05543442255205344
A03,8,27,52230,2,0,0.3095581307958696,0.09238422702253486,-0.21717390377333473,0.40976436234051494,0.6523998989426821,0.2426355366021672,0.3133879099842547,0.5115736377022776,0.1981857277180229,0.2649691812348453,0.40444839586355613,0.13947921462871082
A03,8,28,54234,3,0,0.19506507451470384,0.2331068679577746,0.038041793443070765,0.11019406722539192,0.47997946775470235,0.3697854005293104,0.2861683469874444,0.4246945432691337,0.13852619628168927,0.5527996004973001,0.30765956879125395,-0.2451400317060462
A03,8,29,56209,2,0,0.4027639857235695,0.4617244394975314,0.05896045377396192,0.37219129093659065,0.4525884322923054,0.08039714135571474,0.3745207388540695,0.4767786413971641,0.10225790254309458,0.4366683122365873,0.3090525999645254,-0.12761571227206192
A03,8,30,58235,1,0,0.3130000849287992,0.414170254105156,0.1011701691763568,0.29465744936424537,0.40077575400392196,0.10611830463967659,0.15855002816530941,0.3907207650166957,0.2321707368513863,0.33209081908113525,0.4232741633793191,0.09118334429818387
A03,8,31,60306,4,0,0.21503814066357177,0.3815653158887562,0.16652717522518443,0.4500646964160712,0.12367904897052229,-0.32638564744554893,0.3587168879242144,0.4196577076147166,0.06094081969050219,0.4478664548366333,0.2823260146787709,-0.1655404401578624
A03,8,32,62413,1,0,0.25020409712258906,0.45410801397651757,0.2039039168539285,0.24419561782375004,0.3292064477595213,0.08501082993577125,0.3923519490465437,0.30613966272865684,-0.08621228631788685,0.4437204762232158,0.2712773159131035,-0.1724431603101123
A03,8,33,64505,4,0,0.31318209143303716,0.20687968366483547,-0.10630240776820168,0.45723937179196966,0.07031458374718198,-0.3869247880447877,0.3031483044246693,0.47632520031578657,0.1731768958911173,0.467266536678426,0.4575413323728936,-0.009725204305532364
A03,8,34,66596,1,0,0.46344813137451357,0.33496638602098194,-0.12848174535353163,0.4386809248489681,0.28357823259662424,-0.15510269225234385,0.20803903777677446,0.3767227452018885,0.16868370742511402,0.22790737617794837,0.4456952049105834,0.21778782873263502
A03,8,35,68639,1,0,0.3376479133631508,0.29074546649433813,-0.046902446868812675,0.3434429847352311,0.35308872847424233,0.009645743739011226,0.3508799304737898,0.4276829231960803,0.07680299272229052,0.5021564231326167,0.4933171427960136,-0.008839280336603084
A03,8,36,70703,1,0,0.30285410105452776,0.34060727409775593,0.03775317304322817,0.3418764983595127,0.4554439156073871,0.11356741724787439,0.3619315855125754,0.3723289044315204,0.010397318918944964,0.38635600814899057,0.3637524228038761,-0.022603585345114474
A03,8,38,74695,3,0,0.2648510167663007,0.5928286643939474,0.32797764762764675,0.12232976918868961,0.2936469164039156,0.171317147215226,0.42441632022351244,0.35060698152802866,-0.07380933869548378,0.533637182952577,0.5809035197260615,0.04726633677348446
A03,8,39,76658,3,0,0.491932426516854,0.1686880431122411,-0.3232443834046129,0.4059529067973696,0.3638678907644715,-0.042085016032898104,0.29127807681227463,0.3747875939809861,0.08350951716871147,0.4308220137755207,0.5049999052980165,0.07417789152249582
A03,8,40,78583,4,0,0.2425418153721349,0.41935035171612606,0.17680853634399116,0.30074982856964577,0.24598948774154966,-0.05476034082809611,0.3188863492841712,0.4988360096298298,0.17994966034565862,0.33171314775522015,0.6141368116286358,0.2824236638734156
A03,8,41,80664,2,0,0.17011280513150048,0.41209264664939277,0.24197984151789229,0.377718399855569,0.47157865492442436,0.09386025506885537,0.3798404091895583,0.4458485495526311,0.06600814036307279,0.42474701403511855,0.49659869424130265,0.0718516802061841
A03,8,44,86751,3,0,0.208053177313232,0.2895071422132661,0.08145396490003412,0.322282404718877,0.38798712353463266,0.06570471881575568,0.24727072480392984,0.43981935399443345,0.1925486291905036,0.4478100747484239,0.6075520998877949,0.15974202513937102
A03,8,45,88657,4,0,0.3239282426754363,0.3765894280199891,0.05266118534455283,0.24128778106221338,0.3497089334532207,0.1084211523910073,0.325510935063507,0.5192173637064813,0.19370642864297433,0.364766532231481,0.729530691589497,0.36476415935801604
A03,8,46,90585,3,0,0.26364496959602207,0.1757670789636902,-0.08787789063233187,0.5739719687259548,0.27682908564901326,-0.29714288307694153,0.2060855966138105,0.458748734324439,0.25266313771062854,0.4033382574579775,0.49374863868156627,0.09041038122358874
A03,8,47,92699,1,0,0.20153453704534913,0.23133235311572836,0.029797816070379235,0.17770069429007337,0.285046593125132,0.1073458988350586,0.286997783784927,0.3913902948425837,0.10439251105765668,0.2821049303808362,0.6545898570714527,0.37248492669061645
A03,8,48,94758,3,0,0.45972040830213234,0.3634258952907465,-0.09629451301138586,0.26580331089085707,0.42679846525010845,0.16099515435925138,0.34575717724116195,0.4210817829054859,0.07532460566432397,0.41013091094205517,0.5624939008017565,0.15236298985970137
A04,3,1,251,4,0,0.7245314122634541,0.29529697593211973,-0.42923443633133435,0.4246333751017889,0.38465867405842136,-0.03997470104336753,0.2751952423903757,0.535567698368579,0.2603724559782033,0.6321165833578319,0.8704674330679383,0.23835084971010634
A04,3,2,2254,3,0,0.2822904547965341,0.14217672242852047,-0.1401137323680136,0.18085668962568358,0.30820248007369805,0.12734579044801447,0.4087803379545637,0.5474054507357028,0.1386251127811391,0.5972481196613356,0.5796032453198705,-0.01764487434146511
A04,3,3,4172,2,0,0.4488250532549386,0.2598756109684487,-0.1889494422864899,0.4055305787352803,0.5423106985285827,0.1367801197933024,0.462914795239305,0.5429545946599763,0.0800397994206713,0.4289912260733094,0.6465957148407904,0.21760448876748095
A04,3,4,6124,1,0,0.7265506704897824,0.3893286416136529,-0.3372220288761295,0.3546463831898411,0.35412052573772396,-0.00052585745211714,0.45090207882516237,0.45228231569034877,0.0013802368651864017,0.637762281725757,0.624108059945567,-0.013654221780190046
A04,3,5,8132,1,0,0.40394448425148716,0.38064922567552234,-0.023295258575964817,0.41583946360690366,0.5023648001653865,0.08652533655848288,0.26099962424252265,0.5151024525360404,0.2541028282935177,0.33402655543590143,0.5382503857450145,0.20422383030911306
A04,3,6,10243,2,0,0.3828836135821863,0.3594016626199427,-0.023481950962243592,0.34621278880843054,0.5824099849967299,0.23619719618829937,0.16199573211174728,0.1658341616352405,0.0038384295234932253,0.32098787814148527,0.28228954094544695,-0.038698337196038324
A04,3,7,12160,3,0,0.18574294724402593,0.436153486759458,0.250410539515432,0.35726232823934,0.3689174828834985,0.011655154644158505,0.3126583564467726,0.26144958854122935,-0.05120876790554324,0.49685248813458116,0.5049970580698979,0.008144569935316759
A04,3,9,16141,2,0,0.08738752013793724,0.4471800227659439,0.35979250262800666,0.3962896404934229,0.3979717081278169,0.001682067634393991,0.2093126418220367,0.44436526823898104,0.23505262641694433,0.2506744563890088,0.5122967491658289,0.2616222927768201
A04,3,11,20045,1,0,0.39854236422978756,0.2950542062953974,-0.10348815793439015,0.20972980125794763,0.2544668949835519,0.04473709372560428,0.16770083381654732,0.3349038713663118,0.16720303754976445,0.2400337545992217,0.6135460639798048,0.3735123093805831
A04,3,12,21940,1,0,0.4528462752199608,0.18058210420996637,-0.27226417100999445,0.38119066591232886,0.46650773351044583,0.08531706759811697,0.13420807268553295,0.3305122670758057,0.19630419439027277,0.1945266403491716,0.21781024200701335,0.02328360165784174
A04,3,13,23912,1,0,0.5315799259887578,0.32015681044859967,-0.21142311554015814,0.16333909813924707,0.09426109195552423,-0.06907800618372284,0.30739287443999663,0.2244184494457471,-0.08297442499424953,0.1778570476246495,0.4169490138065921,0.23909196618194262
A04,3,15,27823,2,0,0.23463056406020968,0.4482500318373222,0.21361946777711252,0.5270701524370922,0.31002493592925856,-0.21704521650783365,0.255008410062087,0.4391315761600841,0.18412316609799706,0.44505143885209203,0.5030640329821667,0.0580125941300747
A04,3,16,29943,2,0,0.6517984205162374,0.3700184595005819,-0.2817799610156555,0.15098757353727535,0.5355502959959043,0.384562722458629,0.142835500012303,0.358119596637181,0.21528409662487802,0.20646991421785113,0.2948926709989291,0.08842275678107794
A04,3,17,31951,1,0,0.21887482332633315,0.46472438652523057,0.24584956319889742,0.3251494741050617,0.45289936848410445,0.12774989437904277,0.3668607894938119,0.32408210122070197,-0.04277868827310993,0.16972706933522266,0.31878343286419336,0.1490563635289707
A04,3,18,34017,1,0,0.17354749808797193,0.5254381339006077,0.35189063581263574,0.17964369157179336,0.44143386775564813,0.2617901761838548,0.2404904942136052,0.3699488833108305,0.1294583890972253,0.5765571115501613,0.4253380069735764,-0.15121910457658494
A04,3,19,36053,3,0,0.19514557152353504,0.4932245512009474,0.29807897967741237,0.33501054685415393,0.47799172631232734,0.1429811794581734,0.3184226655003357,0.4757565739831412,0.15733390848280548,0.15630600944765288,0.3762469664359616,0.21994095698830873
A04,3,20,38119,1,0,0.297712374241823,0.2260034839735002,-0.0717088902683228,0.49612803029631486,0.6215665265774296,0.12543849628111475,0.10464772642159358,0.3037582314030017,0.1991105049814081,0.21883609700121046,0.5138689618619494,0.295032864860739
A04,3,21,40189,2,0,0.40133483065119757,0.33253975372067995,-0.06879507693051762,0.27872247522748,0.20988750555856692,-0.06883496966891309,0.2576639420965117,0.35212053453943615,0.09445659244292443,0.02396583746772802,0.33674733159432046,0.31278149412659245
A04,3,22,42269,4,0,0.18316057411965175,0.6268923449592909,0.44373177083963916,0.12940230395789118,0.5091288671955375,0.3797265632376463,0.24860016658179207,0.281632741363422,0.03303257478162991,0.04873572516660445,0.1293827181028136,0.08064699293620914
A04,3,23,44181,4,0,0.5936257854651096,0.16177068634379946,-0.43185509912131015,0.4814978032756042,0.6091341939003813,0.12763639062477705,0.1779613002658256,0.2702907670863751,0.09232946682054952,0.11847906128104731,0.3171490076034985,0.19866994632245122
A04,3,26,50126,4,0,0.6244535522187455,0.261031358053967,-0.36342219416477856,0.5460834664696552,0.5068790683445464,-0.039204398125108786,0.21267098225936007,0.4093944088721522,0.19672342661279216,0.22667249467870243,0.1762317660917795,-0.05044072858692292
A04,3,28,54234,2,0,0.5081966674848954,0.5373784360346423,0.029181768549746856,0.31254306942914706,0.4960698893221176,0.18352681989297054,0.23855458354396086,0.33909129071654653,0.10053670717258567,0.23815854709133483,0.422955409515472,0.18479686242413718
A04,3,29,56209,4,0,0.5066322870393585,0.4984897273442637,-0.008142559695094753,0.5668336547588841,0.2747476651687618,-0.29208598959012233,0.22507982890341677,0.2687188226592054,0.04363899375578861,0.34881466972029884,0.29710083373745977,-0.051713835982839074
A04,3,31,60306,2,0,0.3200857929161353,0.5033972108371977,0.18331141792106237,0.13706161009420972,0.3773530368804037,0.240291426786194,0.2767580578225118,0.29774351652243236,0.02098545869992058,0.14784326247802002,0.45231628046194616,0.3044730179839261
A04,3,35,68639,3,0,0.35442879251957915,0.31700647297748014,-0.037422319542099014,0.35717662597569894,0.2538694350394638,-0.10330719093623514,0.3517368811915806,0.4628963506427636,0.11115946945118299,0.33747754375786493,0.5030785543004794,0.1656010105426145
A04,3,36,70703,3,0,0.48370116476096137,0.18256221093379515,-0.3011389538271662,0.278519907839104,0.38850653269863117,0.10998662485952715,0.25110649688597814,0.2569692793410599,0.005862782455081761,0.21505020568082164,0.2915413233635075,0.07649111768268588
A04,3,38,74695,3,0,0.5138220452602652,0.18729050108518722,-0.326531544175078,0.47188006729915916,0.4199768925917161,-0.051903174707443045,0.24535064482680755,0.2308151861688834,-0.014535458657924133,0.17893348701915057,0.49658710357901636,0.3176536165598658
A04,3,39,76658,1,0,0.3294744422299366,0.29793985578672316,-0.03153458644321344,0.2260936872347237,0.3759149044373028,0.1498212172025791,0.10540644029453858,0.3664932754315691,0.26108683513703057,0.11988086932013194,0.5576630039171449,0.43778213459701293
A04,3,40,78583,4,0,0.17332808636096506,0.32120719687228444,0.14787911051131938,0.23539976796515477,0.2739644029617801,0.038564634996625324,0.2878909811179106,0.2665197521432608,-0.021371228974649825,0.2040641380634663,0.3865207919463339,0.18245665388286758
A04,3,41,80664,2,0,0.23366774170075136,0.16295273039418884,-0.07071501130656252,0.24068176224168353,0.3789679825648517,0.13828622032316817,0.18168950131608655,0.40601505260969606,0.2243255512936095,0.11174376294605969,0.4494318742553988,0.3376881113093391
A04,3,42,82642,3,0,0.35441253157470465,0.4534851082763415,0.09907257670163683,0.35030301565386107,0.13583155052626916,-0.2144714651275919,0.19752490463261932,0.251613804988242,0.054088900355622666,0.23015498030714432,0.27041320031502053,0.04025822000787621
A04,3,44,86751,3,0,0.5236678247304315,0.30885884022486587,-0.21480898450556563,0.3783830286545366,0.39972130579767234,0.021338277143135742,0.27715591633235415,0.3068679677430804,0.029712051410726248,0.2671042191594304,0.3277037212800124,0.060599502120582016
A04,3,46,90585,2,0,0.4794836098616683,0.32032713825652587,-0.15915647160514246,0.32003442870210247,0.2772817675594152,-0.042752661142687276,0.12281405057442221,0.2796710871842073,0.1568570366097851,0.2756599071067625,0.31246189020139825,0.036801983094635726
A04,3,47,92699,3,0,0.5138849218963353,0.15390350580181572,-0.35998141609451956,0.11080863984260474,0.20202084608950951,0.09121220624690478,0.13341345124482631,0.24241757614572818,0.10900412490090186,0.28970411666212154,0.4393864358980263,0.14968231923590475
A04,3,48,94758,1,0,0.6373986346589532,0.583585362105093,-0.05381327255386015,0.1803304370503309,0.3314910087706466,0.1511605717203157,0.262475834831681,0.23704690246401494,-0.02542893236766608,0.05691980946736032,0.36631504973074136,0.30939524026338106
A04,4,1,251,1,0,0.6181962666122426,0.5412581216080261,-0.07693814500421647,0.46303012322898435,0.5177416339353628,0.05471151070637842,0.30524578297667315,0.5893185356199747,0.28407275264330156,0.3258787647818802,0.5986700813662813,0.2727913165844011
A04,4,2,2254,1,0,0.35729623102102753,0.2907971168201459,-0.06649911420088161,0.3424633555940092,0.5408552149010469,0.19839185930703773,0.45573264504130434,0.5299104931550705,0.07417784811376621,0.5799656621608923,0.7132264698850036,0.1332608077241113
A04,4,3,4172,4,0,0.11824710149401765,0.27821780061394236,0.1599706991199247,0.21291840362597234,0.4760910416448908,0.26317263801891844,0.3423635133503319,0.33358661730303446,-0.008776896047297422,0.5005447431151998,0.3702924570734064,-0.1302522860417934
A04,4,4,6124,2,0,0.5265117543865042,0.2271186806817132,-0.299393073704791,0.40589166396570076,0.2790905403684366,-0.12680112359726414,0.33973126440445484,0.3764106579049953,0.03667939350054045,0.4535781229432074,0.571065345324126,0.11748722238091863
A04,4,5,8132,1,0,0.3064509372640006,0.26445219717582696,-0.041998740088173614,0.035059303137647886,0.4606002649546607,0.42554096181701284,0.18689660864442834,0.3358384355965826,0.14894182695215427,0.4380042522640725,0.603609671970394,0.16560541970632142
A04,4,6,10243,3,0,0.16917699910507014,0.17426053978592554,0.005083540680855397,0.207027798316936,0.3669311245877302,0.1599033262707942,0.3649984254600992,0.35827843572340695,-0.0067199897366922445,0.4708315725808311,0.39939160797249357,-0.07143996460833751
A04,4,7,12160,1,0,0.40317698227471105,0.5090919953599776,0.10591501308526657,0.3800192187925361,0.2962827455994338,-0.08373647319310229,0.37197229748647215,0.4170620526300194,0.04508975514354724,0.2882404506886836,0.5322416166846168,0.2440011659959332
A04,4,9,16141,2,0,0.2889995092421368,0.18445291136999367,-0.10454659787214313,0.32369995817627434,0.36796660373888296,0.04426664556260862,0.18600452885706067,0.4552758031864834,0.26927127432942277,0.566847371308681,0.698874905511847,0.13202753420316604
A04,4,10,18139,4,0,0.42810558207342636,0.4664326093808076,0.038327027307381245,0.40813710319500884,0.4196335145254534,0.011496411330444545,0.08868210879863805,0.40538133573683016,0.3166992269381921,0.06228862632132405,0.46969034984506564,0.4074017235237416
A04,4,11,20045,1,0,0.09455016073644895,0.18161762866650516,0.08706746793005621,0.5026356851487338,0.5620515175493938,0.05941583240065995,0.27931171338121324,0.4607798879741301,0.18146817459291686,0.4090950271421394,0.6922795742159998,0.2831845470738604
A04,4,12,21940,3,0,0.3490492064022081,0.4952175350090076,0.1461683286067995,0.36610221207160293,0.54550840649367,0.17940619442206712,0.10013256341601617,0.3582654184037202,0.25813285498770405,0.4304365795559848,0.40367514883173616,-0.026761430724248636
A04,4,14,25856,1,0,0.24438783024685382,0.11170507373132262,-0.13268275651553119,0.3685455128303681,0.5483935140066619,0.1798480011762938,0.315739532916422,0.3302370885711368,0.014497555654714833,0.4586376577733327,0.13288788531729337,-0.3257497724560393
A04,4,15,27823,3,0,0.1330503944439018,0.4948120522848255,0.36176165784092373,0.4316400058784832,0.2594711702365566,-0.17216883564192664,0.2706331923097859,0.17761578193457392,-0.09301741037521197,0.11680535006393644,0.24732940948974313,0.1305240594258067
A04,4,17,31951,4,0,0.4466359013919222,0.29428458128891855,-0.15235132010300367,0.4839708623288667,0.5092988673168292,0.02532800498796245,0.24326857376825453,0.35364518169967046,0.11037660793141593,0.1691872136274886,0.5352657175929192,0.3660785039654306
A04,4,20,38119,3,0,0.6896771869751105,0.31783293249991174,-0.37184425447519875,0.3288838945844705,0.28805799059206144,-0.04082590399240904,0.376155039250679,0.32989607663681336,-0.04625896261386564,0.4567234725149252,0.5662887433335241,0.1095652708185989
A04,4,21,40189,1,0,0.5064663311038587,0.24210857573136146,-0.2643577553724973,0.42204710675072427,0.48000843315782254,0.05796132640709828,0.39841245001850484,0.3510674581497641,-0.04734499186874075,0.10688294393328793,0.2949672638074527,0.18808431987416477
A04,4,22,42269,4,0,0.41925217120446706,0.46506744258603866,0.0458152713815716,0.5272396139580441,0.42630664855055767,-0.10093296540748642,0.09893848979312174,0.23463522655893304,0.1356967367658113,0.2329563570998682,0.3493637866553939,0.11640742955552572
A04,4,23,44181,2,0,0.40162454792584484,0.24832846896224575,-0.1532960789635991,0.4406774763073083,0.34539497064112323,-0.09528250566618507,0.2621618287303301,0.27318999180623005,0.011028163075899933,0.27331070564255167,0.5838031581515759,0.31049245250902424
A04,4,24,46212,4,0,0.37779921335545835,0.3104420757602922,-0.06735713759516615,0.20064795198568067,0.30309136641168566,0.10244341442600499,0.2386501339497029,0.26399264556836355,0.025342511618660662,0.09274868844143631,0.645497587495102,0.5527488990536656
A04,4,26,50126,1,0,0.5567289926278881,0.48418973391236114,-0.07253925871552697,0.38115030592921784,0.5660998319626651,0.18494952603344728,0.17081478879706116,0.36368810434224746,0.1928733155451863,0.10371559411056668,0.3824536812097038,0.2787380870991371
A04,4,27,52230,3,0,0.14073740859535816,0.346463956718345,0.20572654812298685,0.25037820129367283,0.6178539044450062,0.3674757031513334,0.2851397305510039,0.3476477771296455,0.06250804657864162,0.2850423705058394,0.5341344501495017,0.24909207964366226
A04,4,29,56209,1,0,0.19436969315605243,0.12313121694951978,-0.07123847620653265,0.41889491446886923,0.45491980887779054,0.036024894408921315,0.24406298523488237,0.3702742755049969,0.12621129027011455,0.2941184005251465,0.25027689054761026,-0.04384150997753622
A04,4,30,58235,3,0,0.39133281637295575,0.4641816583141007,0.07284884194114494,0.09283854415660968,0.4244314482848444,0.3315929041282347,0.31529358255745205,0.3106424972470386,-0.004651085310413472,0.3700797906135855,0.4761904425334481,0.10611065191986263
A04,4,31,60306,3,0,0.19881866197846385,0.3419286573306977,0.14310999535223387,0.10946225392377595,0.4961889366194149,0.3867266826956389,0.2514766092769577,0.39807202352810844,0.14659541425115075,0.22699631321583705,0.14387176154791328,-0.08312455166792376
A04,4,32,62413,1,0,0.2495904130633648,0.2339097600362386,-0.015680653027126207,0.30568096448741283,0.547330247814116,0.24164928332670316,0.404037776586721,0.2976154088395854,-0.1064223677471356,0.2673221417629213,0.2919317281292894,0.02460958636636812
A04,4,33,64505,3,0,0.6291076458130532,0.3528005171540237,-0.2763071286590295,0.6346926509374072,0.38403234493217936,-0.2506603060052279,0.1282310591551618,0.15519711839540934,0.02696605924024753,0.46777120450189486,0.3116237581580555,-0.15614744634383937
A04,4,35,68639,4,0,0.47456121108883714,0.4592007395101669,-0.015360471578670265,0.5126504289078954,0.34440684493967894,-0.16824358396821643,0.3024406656731185,0.41819430009864206,0.11575363442552355,0.16830216370497014,0.5202212567673797,0.3519190930624096
A04,4,36,70703,2,0,0.20289997438157645,0.11542261268969546,-0.08747736169188099,0.4845589785412895,0.2522791659529663,-0.2322798125883232,0.3094975590722543,0.21994176312587424,-0.08955579594638005,0.44304389880004547,0.20309090753553122,-0.23995299126451425
A04,4,37,72723,1,0,0.25595196456952396,0.4763351160894857,0.22038315151996174,0.18220144152139064,0.5921555983804201,0.4099541568590295,0.19218923360751505,0.10431159389772508,-0.08787763970978997,0.30306044702438445,0.06791863429558424,-0.2351418127288002
A04,4,39,76658,4,0,0.3867633695069187,0.2346788530586969,-0.1520845164482218,0.3256525128459318,0.270910839889372,-0.054741672956559795,0.3745172916169219,0.3792959384700652,0.004778646853143331,0.6122936040771662,0.3529900487837333,-0.25930355529343285
A04,4,40,78583,2,0,0.1471467874212522,0.2289679056688539,0.08182111824760169,0.18087658309077273,0.36951649541168063,0.1886399123209079,0.23026493827348957,0.30680259710045543,0.07653765882696587,0.19062320609645195,0.3970560210078372,0.20643281491138527
A04,4,41,80664,4,0,0.3080560388921322,0.4756267104357777,0.16757067154364552,0.7064892108510772,0.49172114126731736,-0.21476806958375982,0.21110330452973367,0.2296557845254359,0.018552479995702226,0.2667481134500827,0.40669919621257183,0.13995108276248913
A04,4,42,82642,3,0,0.5905237996586928,0.23051442223635132,-0.3600093774223415,0.40556047946841084,0.4920553089267293,0.08649482945831843,0.3705735276834895,0.3186921601110666,-0.0518813675724229,0.2763804672769604,0.43800030891432545,0.16161984163736504
A04,4,43,84632,2,0,0.4283298976269712,0.31204674746237565,-0.11628315016459556,0.25473922309030395,0.41646618167354693,0.16172695858324299,0.36666973995350094,0.3480390409165817,-0.018630699036919218,0.3147511824478397,0.5249129347585885,0.2101617523107488
A04,4,44,86751,2,0,0.3567625978213477,0.42729222422365876,0.07052962640231103,0.37082217944999335,0.34055295529347823,-0.030269224156515118,0.2736108073056029,0.36195165317006806,0.08834084586446517,0.30376134675574556,0.2974101824160168,-0.006351164339728765
A04,4,45,88657,2,0,0.4238709696382244,0.33177371391005633,-0.09209725572816807,0.5000689653878643,0.49645672291469445,-0.0036122424731698244,0.1969031722756783,0.21936524594694187,0.02246207367126357,0.1615794036545364,0.28712987548705,0.12555047183251358
A04,4,48,94758,1,0,0.31885614836071813,0.44023503942096187,0.12137889106024374,0.2902698769811941,0.7085100875827205,0.4182402106015264,0.10213327843516957,0.41071607990092346,0.3085828014657539,0.1959865872939631,0.3269276492529566,0.1309410619589935
A04,5,1,251,2,0,0.22131302908353723,0.25281502180962206,0.03150199272608484,0.42177444938605674,0.4024844112618942,-0.019290038124162523,0.534905134198205,0.5233919944718766,-0.011513139726328392,0.7038473446048098,0.7447613833018725,0.04091403869706267
A04,5,2,2254,4,0,0.30976992557608146,0.3520894613421577,0.04231953576607622,0.3160115237642067,0.23344698576976855,-0.08256453799443816,0.3516201991898142,0.43108573194513766,0.07946553275532348,0.628710090637358,0.5811271955980102,-0.04758289503934787
A04,5,3,4172,1,0,0.6903148124490709,0.35530902979134915,-0.33500578265772174,0.42981031088586114,0.5600213706748415,0.13021105978898034,0.3705396309865615,0.47453918117474025,0.10399955018817875,0.6303843353420454,0.6554155048608157,0.02503116951877027
A04,5,4,6124,3,0,0.2519206058297265,0.38142083678822275,0.12950023095849628,0.4448129342430477,0.5257709285193803,0.08095799427633266,0.20711481027768433,0.5007050618366609,0.29359025155897656,0.1813951723074839,0.470424788794917,0.2890296164874331
A04,5,5,8132,3,0,0.7345310486620527,0.502344432260276,-0.23218661640177662,0.3415922089600495,0.5192538614142373,0.17766165245418786,0.3790677060466593,0.5037717023067492,0.12470399626008988,0.5048063698051931,0.8064575614520415,0.3016511916468484
A04,5,6,10243,4,0,0.4658362177203354,0.06512947163261233,-0.40070674608772305,0.6349672949861906,0.26351193085980584,-0.3714553641263848,0.44999239637261607,0.17834273706390041,-0.27164965930871565,0.5405782056743739,0.29198094231828,-0.2485972633560939
A04,5,7,12160,1,0,0.41136967866485513,0.39449057268257676,-0.016879105982278375,0.5790287333388878,0.5138441478100929,-0.06518458552879491,0.4638454033500136,0.393264259951978,-0.07058114339803562,0.4999127717710863,0.7108970520894147,0.2109842803183284
A04,5,8,14210,1,0,0.4463693543530648,0.38574095671754394,-0.06062839763552086,0.5738536547300956,0.15017100290029037,-0.42368265182980525,0.2859350890292281,0.18512181887640017,-0.10081327015282793,0.3775613817383275,0.2879820289860379,-0.08957935275228956
A04,5,9,16141,3,0,0.5724509538619695,0.3569499649640876,-0.21550098889788194,0.348541721016138,0.2832911956856265,-0.06525052533051151,0.3730819437652525,0.3680232663926239,-0.005058677372628606,0.3580754034240508,0.3365896900208755,-0.02148571340317529
A04,5,11,20045,4,0,0.30172641771265385,0.2780918750476999,-0.02363454266495396,0.34158709605379034,0.5476295268845729,0.20604243083078255,0.24864308774489796,0.2277563817384563,-0.020886706006441658,0.16392212025441838,0.3622530420800016,0.1983309218255832
A04,5,12,21940,4,0,0.2723412532293513,0.4158384438896027,0.1434971906602514,0.23665927056899116,0.23811400447003,0.0014547339010388405,0.4351900732512056,0.3226766184270659,-0.11251345482413971,0.17600754262716986,0.07867189446247133,-0.09733564816469853
A04,5,14,25856,2,0,0.22308939967730157,0.3665737815591696,0.14348438188186802,0.2709638631180752,0.5428170573971871,0.2718531942791119,0.29564144441810253,0.27306185199992833,-0.0225795924181742,0.10317578999129876,0.21412963868890458,0.11095384869760583
A04,5,15,27823,1,0,0.48805331817335074,0.12868161946773854,-0.3593716987056122,0.35772791364389583,0.6275480615459739,0.26982014790207803,0.23302663987032632,0.26391304878893435,0.030886408918608027,0.2399652658048653,0.1779571947386867,-0.06200807106617859
A04,5,16,29943,3,0,0.4140942843521293,0.20775751563123285,-0.20633676872089646,0.49371247005514923,0.4859721671530828,-0.007740302902066454,0.33417058915949777,0.38104792108855273,0.046877331929054966,0.25873049693792327,0.40574994071809983,0.14701944378017656
A04,5,17,31951,2,0,0.2770107680283776,0.37350468678786763,0.09649391875949004,0.31419488073164487,0.3022283938201569,-0.011966486911487939,0.20192182040248488,0.18448290635615866,-0.01743891404632622,0.25763418671116955,0.2832371249841017,0.02560293827293214
A04,5,18,34017,4,0,0.38582033956997835,0.18282488817370726,-0.2029954513962711,0.4246823996349729,0.23341529861837737,-0.19126710101659553,0.17790194537101203,0.2318987515816264,0.05399680621061437,0.34317498906907346,0.4304106733768808,0.08723568430780737
A04,5,19,36053,1,0,0.46642368660080086,0.3048129237850562,-0.16161076281574466,0.407132657285256,0.5621962202442117,0.15506356295895568,0.253757942114671,0.15232437332549126,-0.10143356878917975,0.13655018177014913,0.13280335849655148,-0.0037468232735976548
A04,5,22,42269,2,0,0.26301134931767595,0.2118850812743169,-0.05112626804335904,0.6025968293721092,0.164801208089865,-0.43779562128224425,0.2726357352526731,0.3678181993334401,0.09518246408076703,0.2915377593363906,0.45900106322513373,0.16746330388874314
A04,5,23,44181,4,0,0.5065334372153842,0.4694289848661163,-0.03710445234926796,0.3076154348419328,0.3080027541476234,0.00038731930569058104,0.23512682784152064,0.28358174499337335,0.04845491715185271,0.07046963996094378,0.26595995927604077,0.19549031931509697
A04,5,25,48165,1,0,0.4223502448717507,0.04425712650956014,-0.37809311836219056,0.5504459182562661,0.1674429699915216,-0.38300294826474446,0.33642112903421545,0.24268831035578176,-0.0937328186784337,0.17650819565932688,0.534526882134249,0.3580186864749222
A04,5,26,50126,2,0,0.543065140704963,0.3880426698480336,-0.15502247085692944,0.18077056757331897,0.2680631354076775,0.08729256783435854,0.28393502500167533,0.19972709894381943,-0.0842079260578559,0.23056434945933943,0.19849713643428624,-0.03206721302505319
A04,5,27,52230,2,0,0.34363917840736136,0.3382822689414374,-0.005356909465923931,0.18131447791509422,0.43406273260712197,0.2527482546920278,0.303487911833339,0.2614062556588757,-0.0420816561744633,0.18741348301877103,0.15211376733088963,-0.0352997156878814
A04,5,31,60306,1,0,0.7392002328694984,0.3702665113306633,-0.36893372153883514,0.22467901431862128,0.36788559063494386,0.14320657631632258,0.24313218169639278,0.4559265358896966,0.21279435419330384,0.19306895085728484,0.5850729977449968,0.39200404688771195
A04,5,32,62413,1,0,0.6437440873903293,0.3503168160581761,-0.2934272713321532,0.4963769757423397,0.3785165733486699,-0.1178604023936698,0.20984205145093432,0.27259540770933194,0.06275335625839762,0.05418787251403794,0.3051772003207134,0.25098932780667543
A04,5,33,64505,4,0,0.7069931909034036,0.16073725742465728,-0.5462559334787463,0.41569620628764076,0.5102329865941149,0.09453678030647411,0.32301538459249696,0.2820920931063719,-0.04092329148612506,0.43245785952280613,0.5625827792722956,0.13012491974948948
A04,5,34,66596,2,0,0.6297046919870428,0.5275813647271024,-0.10212332725994044,0.511823034978378,0.5396591223823537,0.027836087403975696,0.2421050748494678,0.38815624352521655,0.14605116867574874,0.37637753529346424,0.3126532291336276,-0.06372430615983665
A04,5,35,68639,1,0,0.340298979730962,0.08556883874226488,-0.2547301409886971,0.5081779244815443,0.19540240366669304,-0.31277552081485127,0.2367852979671803,0.3214750033910402,0.08468970542385987,0.3578408098246665,0.5266303226262531,0.1687895128015866
A04,5,37,72723,2,0,0.25288935369036475,0.4000468095007596,0.14715745581039485,0.2475568552739152,0.5483502771161545,0.3007934218422393,0.2990174514033634,0.34840661399264244,0.049389162589279056,0.04394474277826353,0.4591754466943428,0.41523070391607925
A04,5,39,76658,3,0,0.3277159457344097,0.27662042909431356,-0.05109551664009615,0.3596596132816438,0.441097774068883,0.0814381607872392,0.2452067609679979,0.2583099138977308,0.01310315292973288,0.3206967143571479,0.492441264772295,0.17174455041514708
A04,5,41,80664,4,0,0.11903948055183412,0.39512301999156946,0.27608353943973535,0.5099749604821685,0.4768623801002743,-0.033112580381894186,0.31345829993906354,0.21417745392327886,-0.09928084601578469,0.4189225716389826,0.5660527440115957,0.14713017237261306
A04,5,42,82642,3,0,0.25873499611792933,0.4780542954130032,0.21931929929507388,0.3934371444604871,0.10117306751094136,-0.29226407694954576,0.3396521354667014,0.32581124717703686,-0.013840888289664566,0.47430274684935775,0.441890037781997,-0.03241270906736077
A04,5,43,84632,3,0,0.24010927911947494,0.14071541732607273,-0.0993938617934022,0.15550404001986,0.4061022114328962,0.2505981714130362,0.17409564026295862,0.3675087774369799,0.19341313717402128,0.29405307471900255,0.2937676532493892,-0.0002854214696133561
A04,5,44,86751,3,0,0.3694513705387176,0.24413947819989193,-0.1253118923388257,0.5617846651301597,0.21923940237921227,-0.34254526275094743,0.3078830246868719,0.5003100709267638,0.19242704623989193,0.24753555354714982,0.5172144776708791,0.2696789241237293
A04,5,45,88657,3,0,0.1120696332797678,0.19266775310729675,0.08059811982752896,0.1777680646508675,0.4374881302049523,0.2597200655540848,0.16685758792767716,0.3977491632801517,0.23089157535247454,0.4099449175800265,0.2588993070535764,-0.1510456105264501
A04,5,46,90585,1,0,0.55905199734252,0.2155240848609381,-0.3435279124815819,0.18305515629296215,0.37889151037251007,0.19583635407954791,0.15493458163243448,0.275889669442454,0.12095508781001954,0.10547930611343667,0.41070036311779184,0.3052210570043552
A04,5,47,92699,2,0,0.6567472572209011,0.3817283420682231,-0.275018915152678,0.47325123129930435,0.4951507918168326,0.021899560517528227,0.25192874520821784,0.3684280529547076,0.11649930774648976,0.19253478833734125,0.5543844169558377,0.36184962861849645
A04,6,1,251,2,0,0.3083515419528222,0.3513477439466248,0.04299620199380261,0.45047212770564843,0.43832390936553633,-0.012148218340112094,0.5264640766893962,0.5530495003056298,0.026585423616233617,0.7413025500187801,0.7895920987260133,0.04828954870723323
A04,6,2,2254,1,0,0.5310490120435722,0.399431811810306,-0.13161720023326623,0.525173576731772,0.3707574186124289,-0.15441615811934312,0.33750201253810197,0.5971339301342686,0.25963191759616666,0.40184224212453756,0.4469100025815687,0.04506776045703115
A04,6,4,6124,3,0,0.3375205982811226,0.09033635957708083,-0.24718423870404174,0.4469223070344905,0.38275054405498504,-0.06417176297950544,0.36259618542443073,0.3053066242720602,-0.05728956115237055,0.40750074592114544,0.5417015601617869,0.1342008142406415
A04,6,5,8132,3,0,0.2237821835621913,0.3320429271359019,0.1082607435737106,0.31610002953229355,0.4722561493874801,0.15615611985518657,0.3557967885673522,0.3433321122530432,-0.012464676314308976,0.36789340606187654,0.4798216006686214,0.11192819460674486
A04,6,6,10243,2,0,0.4363433937459443,0.2637331853417347,-0.1726102084042096,0.27188469702871104,0.43289649711088873,0.1610118000821777,0.3193268866080852,0.17598352191973404,-0.14334336468835118,0.35941167133427543,0.5386491966044565,0.1792375252701811
A04,6,9,16141,1,0,0.5461746268323787,0.4672119057457092,-0.07896272108666952,0.4073157501509458,0.4537569070586347,0.04644115690768891,0.24543217010199656,0.10735228117870464,-0.13807988892329193,0.30343616779958704,0.23412755605061977,-0.06930861174896727
A04,6,10,18139,4,0,0.3127131066752014,0.4040915382516751,0.09137843157647368,0.3075636574906631,0.4589356651854485,0.15137200769478537,0.09831723479714789,0.23871271089352547,0.1403954760963776,0.33153559953314143,0.2896744799812706,-0.04186111955187083
A04,6,11,20045,1,0,0.31926186608354606,0.4828920822988196,0.16363021621527352,0.2575192589191562,0.6795648525554626,0.4220455936363064,0.13370083604282681,0.3392555878944957,0.2055547518516689,0.38738133080884285,0.19414431875787055,-0.1932370120509723
A04,6,12,21940,1,0,0.24416165752337463,0.4199534461263555,0.17579178860298086,0.4421854712238938,0.27625117291346185,-0.16593429831043194,0.12643755941505935,0.32734194107031866,0.2009043816552593,0.3313649234543644,0.28348436955802814,-0.047880553896336275
A04,6,13,23912,2,0,0.3385378238705367,0.27083737049776896,-0.06770045337276775,0.3966554024798298,0.6012040798582606,0.20454867737843085,0.2938484296566139,0.23127780486323288,-0.06257062479338102,0.30560748435067536,0.22025664575091325,-0.08535083859976211
A04,6,14,25856,4,0,0.2640809524927443,0.34396933748190744,0.07988838498916312,0.542425365238971,0.545469363995662,0.0030439987566910354,0.33703304404678985,0.23028688781420434,-0.10674615623258552,0.22961575368342454,0.17739334745944252,-0.052222406223982026
A04,6,15,27823,3,0,0.39512665618295767,0.5165118953665386,0.12138523918358096,0.18022951450961783,0.15149620786371942,-0.028733306645898404,0.18155511220820683,0.39799588919908746,0.21644077699088063,0.24121087439012054,0.28691061250228866,0.045699738112168126
A04,6,16,29943,2,0,0.28543577954781296,0.19665457729726551,-0.08878120225054745,0.08784818710410629,0.22667339326063835,0.13882520615653204,0.25070616500588694,0.35301876767872875,0.10231260267284181,0.3848636520086784,0.4221474682475637,0.037283816238885326
A04,6,18,34017,3,0,0.1951261697288979,0.2151956806492472,0.02006951092034931,0.22029811560958937,0.13699879012819524,-0.08329932548139413,0.2899190843299514,0.3150454582159066,0.025126373885955233,0.4053845429467734,0.14677067984118525,-0.25861386310558815
A04,6,19,36053,4,0,0.18199513341795162,0.526239223023996,0.34424408960604436,0.40401864679744753,0.5039288289092425,0.09991018211179498,0.35171485162792715,0.28584856641071166,-0.06586628521721549,0.2291594374355419,0.125164336341407,-0.1039951010941349
A04,6,20,38119,3,0,0.35430791414153623,0.1755930435412667,-0.17871487060026953,0.6633720989607479,0.4981800609016818,-0.16519203805906607,0.10844116150787034,0.20730156847628387,0.09886040696841353,0.15915962297754072,0.26618349499218374,0.10702387201464303
A04,6,21,40189,4,0,0.42358896964297127,0.44390272108891876,0.020313751445947492,0.3125999593709121,0.48598911353593416,0.17338915416502204,0.2389261144732571,0.18943842008372533,-0.04948769438953177,0.2166078011679073,0.35243250685224464,0.13582470568433735
A04,6,22,42269,2,0,0.3574224732319346,0.3983305697664679,0.04090809653453331,0.6884342024768806,0.39150659254062825,-0.29692760993625233,0.23678157015947413,0.32741673792677134,0.09063516776729721,0.178913484987148,0.29388646628236026,0.11497298129521225
A04,6,23,44181,2,0,0.09404292343592811,0.47218640545552587,0.37814348201959774,0.1866846159608946,0.6571484140401351,0.47046379807924055,0.4034649893124418,0.21537548428368566,-0.18808950502875613,0.23576193209977445,0.3519432371725563,0.11618130507278188
A04,6,24,46212,4,0,0.2707486289398105,0.14498771062526358,-0.12576091831454692,0.42427881767059106,0.5821856525248041,0.15790683485421309,0.20856162917970014,0.30844230812651524,0.0998806789468151,0.0722592316779334,0.24810175383086838,0.175842522152935
A04,6,25,48165,1,0,0.41996941057645937,0.18421480147538632,-0.23575460910107304,0.20762443075044348,0.5814261603366546,0.37380172958621116,0.10493639447314826,0.32023116702623783,0.21529477255308957,0.2431876582096912,0.32821078008750326,0.08502312187781205
A04,6,26,50126,2,0,0.6957843852372516,0.3603340680341666,-0.335450317203085,0.4053646190328961,0.6040607968342631,0.19869617780136695,0.27937934758831745,0.26367609074265347,-0.015703256845663982,0.06867865100959684,0.059777319735297985,-0.00890133127429886
A04,6,27,52230,2,0,0.4909981026456341,0.3358251000975268,-0.15517300254810729,0.26992767635638526,0.3050489297339398,0.03512125337755456,0.29916580077846827,0.13341906070323434,-0.16574674007523393,0.20851346573904422,0.09112705436242405,-0.11738641137662018
A04,6,28,54234,2,0,0.4992272536740647,0.2868988883853839,-0.21232836528868076,0.3088697618362791,0.5917639718038237,0.28289420996754455,0.14354635412857647,0.23136249066209277,0.0878161365335163,0.14184430009248025,0.20877483170641792,0.06693053161393767
A04,6,29,56209,3,0,0.4256549144474455,0.5728431348126745,0.14718822036522894,0.2507276353037384,0.2132493134214439,-0.037478321882294524,0.2218172676977905,0.23435552685713462,0.012538259159344117,0.4592065166648673,0.3719759805691453,-0.08723053609572196
A04,6,30,58235,4,0,0.6439080593560248,0.3996894767458504,-0.24421858261017437,0.053361236161349454,0.4396889914698243,0.38632775530847485,0.13599692590699392,0.3931526202499639,0.25715569434297,0.2226510696285349,0.19387176834129027,-0.028779301287244624
A04,6,31,60306,1,0,0.23472147735626622,0.3916293504618074,0.1569078731055412,0.43465793264559155,0.4777197933845841,0.04306186073899254,0.1455320988240918,0.3184643167959028,0.17293221797181102,0.21977708970596183,0.19070013401442235,-0.02907695569153948
A04,6,32,62413,4,0,0.17094353890080174,0.6781007542615044,0.5071572153607027,0.3905838833320005,0.25654724300802206,-0.13403664032397844,0.3421481762458054,0.39489162534489786,0.052743449099092454,0.2823784285231147,0.29014512887196436,0.007766700348849687
A04,6,33,64505,1,0,0.4717841374247473,0.3142431265262554,-0.15754101089849187,0.5708537761885913,0.5710173483188739,0.00016357213028250772,0.2772534925857576,0.3614440432758158,0.08419055069005821,0.30017061358460145,0.3186807589186019,0.018510145334000472
A04,6,34,66596,3,0,0.5428730449149539,0.2512494288218462,-0.2916236160931077,0.07577617033678337,0.4609914155081255,0.38521524517134215,0.3468596759063177,0.26027391308141995,-0.08658576282489777,0.41085383010227644,0.32059570395387105,-0.0902581261484054
A04,6,35,68639,1,0,0.6069026399102339,0.2690789719789835,-0.33782366793125035,0.5375895446949853,0.22547897425021055,-0.31211057044477475,0.14302034210882095,0.3024692629059933,0.15944892079717235,0.29765138753920367,0.3205376104092436,0.02288622287003994
A04,6,38,74695,3,0,0.42014465589917427,0.3624401133108117,-0.05770454258836255,0.3657027758656165,0.6026614488671852,0.2369586730015687,0.2758529476290894,0.3913749628571151,0.11552201522802569,0.41656098258658986,0.3385619955359355,-0.07799898705065433
A04,6,39,76658,1,0,0.5009014316838085,0.2634626239861791,-0.23743880769762943,0.2999903327691715,0.39689241309172996,0.09690208032255848,0.29144282142610606,0.19086536860792952,-0.10057745281817654,0.3271427856242474,0.3811031907577783,0.0539604051335309
A04,6,40,78583,2,0,0.17245455596623033,0.38231300488497993,0.2098584489187496,0.07461465210534947,0.6226389086858709,0.5480242565805215,0.22904627772552302,0.1993837522088344,-0.02966252551668863,0.3048772636481113,0.2776341080200072,-0.027243155628104088
A04,6,42,82642,3,0,0.40827296719585743,0.4094953485761811,0.001222381380323656,0.28488190828873916,0.6623015219573192,0.37741961366858,0.28505907388997903,0.3105012207364543,0.025442146846475278,0.3708479222259539,0.1020546547013603,-0.26879326752459365
A04,6,43,84632,4,0,0.49804101260016226,0.22674689069130086,-0.2712941219088614,0.46732400404205965,0.3627777653533236,-0.10454623868873603,0.11647917402650891,0.3417138359347617,0.22523466190825275,0.28501126230534085,0.42022748029551843,0.13521621799017758
A04,6,45,88657,2,0,0.3517628167752415,0.37415311163126475,0.02239029485602323,0.47932889031842724,0.4157109550250234,-0.06361793529340382,0.205813886810918,0.13313476144324826,-0.07267912536766974,0.05133862888390017,0.19801348052512832,0.14667485164122815
A04,6,46,90585,4,0,0.41576606620200934,0.37326804001536307,-0.042498026186646276,0.283272712804756,0.44904313843824534,0.16577042563348932,0.22661453190927835,0.2731960815120699,0.04658154960279157,0.22204395697523444,0.14891998688928196,-0.07312397008595248
A04,6,47,92699,2,0,0.5269824039582724,0.33352111260995565,-0.1934612913483168,0.5922508710984226,0.1599503733773871,-0.43230049772103546,0.13759388526096514,0.2304347462576561,0.09284086099669095,0.265836144607975,0.07901966274966518,-0.18681648185830982
A04,6,48,94758,3,0,0.14989362254226823,0.041117038012483995,-0.10877658452978424,0.2656055052049938,0.5666826332779827,0.3010771280729889,0.14200420297492408,0.20713679223077852,0.06513258925585444,0.33882139579912046,0.2760358405567226,-0.06278555524239787
A04,7,1,251,3,0,0.23707485539522452,0.24162354034037875,0.00454868494515423,0.23730206901519077,0.23361601050626893,-0.003686058508921841,0.5359375539983816,0.5514287479984041,0.015491194000022523,0.7198523541591023,0.8100784630952617,0.09022610893615934
A04,7,2,2254,1,0,0.4750327618661453,0.24477094053493526,-0.23026182133121004,0.42772303722910776,0.5172588509297967,0.08953581370068897,0.5517568540593597,0.4617667084176917,-0.08999014564166802,0.576728269372757,0.54431323567864,-0.032415033694117024
A04,7,3,4172,4,0,0.5750622129029972,0.3887073529261766,-0.1863548599768206,0.4559052619018677,0.39469787782961646,-0.061207384072251236,0.5626360204248815,0.4332348564354775,-0.129401163989404,0.6093380834396831,0.5872207726056333,-0.022117310834049775
A04,7,4,6124,2,0,0.6626662685414919,0.22716258482855128,-0.4355036837129406,0.4914926991494223,0.33753565771381266,-0.15395704143560962,0.34153637726655456,0.5082052195068435,0.16666884224028894,0.5723199929766682,0.653936360708932,0.08161636773226377
A04,7,5,8132,4,0,0.31309660276312756,0.16269102665871035,-0.1504055761044172,0.41742065643069903,0.43745060239659156,0.020029945965892526,0.4885905174716211,0.4190083899169359,-0.06958212755468518,0.7526100128057925,0.6930957773551505,-0.05951423545064205
A04,7,6,10243,1,0,0.5379302964734917,0.4568148631184428,-0.08111543335504884,0.4672917444639199,0.3439378916916474,-0.12335385277227251,0.4616198021974581,0.28173474878341975,-0.17988505341403832,0.46114981629865875,0.5033370438708648,0.042187227572206
A04,7,8,14210,3,0,0.6378727954759992,0.23362241120126573,-0.4042503842747335,0.10534147305846885,0.3980230293382859,0.29268155627981707,0.2074303159502667,0.20252046764747306,-0.004909848302793646,0.41246238530440843,0.5558927420344798,0.14343035673007137
A04,7,9,16141,3,0,0.22864196712644108,0.053082275349336926,-0.17555969177710415,0.22776921983090545,0.4941020012001118,0.26633278136920635,0.4594318728053018,0.3351379244812231,-0.1242939483240787,0.5311521569441979,0.5565894292090002,0.025437272264802302
A04,7,11,20045,4,0,0.14974353536319565,0.3099007109892363,0.16015717562604068,0.46829148703742546,0.5299303007083258,0.06163881367090035,0.18451278125551449,0.3772824982744406,0.19276971701892612,0.41421595247366927,0.34451756383828647,-0.0696983886353828
A04,7,12,21940,2,0,0.5479276954786104,0.4131848292265225,-0.13474286625208792,0.6815409244393236,0.5809057157136477,-0.10063520872567588,0.2392792308970843,0.36984839466316827,0.13056916376608396,0.3863227318046025,0.47827882177082087,0.09195608996621835
A04,7,17,31951,4,0,0.105469495675881,0.18149617775903973,0.07602668208315873,0.31352296214649034,0.22458812886351012,-0.08893483328298021,0.3471945072288177,0.34488755803457677,-0.0023069491942409037,0.4138996815545897,0.4818020327746571,0.06790235122006738
A04,7,18,34017,2,0,0.2125469596583029,0.16784037610028493,-0.04470658355801796,0.15355352415387755,0.5092188629178072,0.3556653387639296,0.2607849859206618,0.17388444367718942,-0.08690054224347238,0.33631841590576567,0.4262253670152315,0.08990695110946584
A04,7,20,38119,2,0,0.7372421996215047,0.20821023741804293,-0.5290319622034618,0.34544723915757,0.4144679995251228,0.06902076036755284,0.347987647158798,0.3170474631788616,-0.030940183979936364,0.3780887203436728,0.24687913000133735,-0.13120959034233545
A04,7,21,40189,2,0,0.47070044428314073,0.03489251173997881,-0.4358079325431619,0.19978876337057963,0.6487172430514309,0.44892847968085126,0.18057928536375645,0.3355918458128541,0.15501256044909767,0.12311978329975563,0.2651306739190128,0.14201089061925715
A04,7,22,42269,4,0,0.27904823939841267,0.3247267499988781,0.045678510600465405,0.3974823027668722,0.2806793808829791,-0.11680292188389307,0.14307526163061007,0.2952512087573594,0.1521759471267493,0.12013608391512738,0.23661885983777017,0.11648277592264279
A04,7,23,44181,4,0,0.1809391737902843,0.2395849324346258,0.05864575864434152,0.3625458611490959,0.3675937951517113,0.005047934002615384,0.31545526681734654,0.21574756754363622,-0.09970769927371032,0.1766853941774563,0.2505860115431216,0.0739006173656653
A04,7,24,46212,3,0,0.1705211978458911,0.4349812250491369,0.2644600272032458,0.635946229522465,0.3925328777883003,-0.24341335173416473,0.15392965925313426,0.19154027518599331,0.037610615932859054,0.05230606844658444,0.06858409345721625,0.01627802501063181
A04,7,25,48165,4,0,0.2758145008326576,0.3150741849371142,0.03925968410445657,0.1887063180125826,0.124005231339105,-0.06470108667347761,0.2606818463204945,0.3655094390366752,0.1048275927161807,0.15777397848983796,0.07184139659593301,-0.08593258189390494
A04,7,26,50126,1,0,0.5118733904875147,0.2998285389097187,-0.21204485157779596,0.5449470612612888,0.09286259328139679,-0.452084467979892,0.24042265029191934,0.3626351109304288,0.12221246063850943,0.10752658581646553,0.13264838616175678,0.025121800345291254
A04,7,27,52230,2,0,0.40238039273757636,0.41430632062791084,0.011925927890334476,0.32982091325016766,0.320082188033935,-0.009738725216232647,0.11473334743795881,0.24441624978112927,0.12968290234317048,0.16413961292918477,0.09360176147019554,-0.07053785145898923
A04,7,28,54234,3,0,0.37025735453366104,0.46086401003366095,0.09060665549999991,0.050377443852408374,0.2575951991326086,0.2072177552802002,0.24037556477246427,0.3353785135699771,0.09500294879751284,0.2595448820118692,0.2424992742167624,-0.017045607795106804
A04,7,29,56209,2,0,0.37675790686386484,0.4452144590766044,0.06845655221273955,0.4261791115107486,0.4102224470321317,-0.015956664478616933,0.18821648659027526,0.27181036092439653,0.08359387433412127,0.2583051552981361,0.12393862172120072,-0.13436653357693534
A04,7,30,58235,1,0,0.26250566852856977,0.36172641590070986,0.0992207473721401,0.4845420111910344,0.6371225700214608,0.15258055883042637,0.3489071587007988,0.2569934047634048,-0.09191375393739398,0.20289867479898477,0.18183249846563038,-0.02106617633335439
A04,7,31,60306,4,0,0.39724164185314464,0.26334204734255307,-0.13389959451059158,0.42413980929357303,0.5115298770172831,0.08739006772371011,0.32096334874538474,0.31587044466922926,-0.00509290407615548,0.15660557427324368,0.2841071132278748,0.12750153895463112
A04,7,32,62413,1,0,0.4311666910505728,0.3630295394386012,-0.06813715161197159,0.40930268720087065,0.5788323192515569,0.16952963205068622,0.2585212514154598,0.3323923180589373,0.07387106664347753,0.46504924618726723,0.4837905813599477,0.01874133517268045
A04,7,36,70703,1,0,0.48116868005019064,0.36866482514343485,-0.1125038549067558,0.525559510102106,0.15172316975928074,-0.37383634034282526,0.2148096294678752,0.17281520605935788,-0.041994423408517334,0.14614621719530185,0.17360508541444292,0.027458868219141064
A04,7,38,74695,3,0,0.12079112953536421,0.18737741502113722,0.06658628548577301,0.49674975521381104,0.2602757673966188,-0.23647398781719225,0.12653037501152,0.29335246385952585,0.16682208884800584,0.22015504158960772,0.2254612329399381,0.0053061913503303915
A04,7,40,78583,4,0,0.43956824735927913,0.3121590104795284,-0.12740923687975075,0.3480013605463816,0.6523513453398634,0.3043499847934818,0.3176361321735757,0.33635800910700403,0.018721876933428305,0.2998587678845556,0.39376388507427806,0.09390511718972244
A04,7,41,80664,2,0,0.2227867544929706,0.3134521484977351,0.0906653940047645,0.1220794898606267,0.3110057432719306,0.1889262534113039,0.20887456672874966,0.30298958626365036,0.0941150195349007,0.2772592759008906,0.09668927199844615,-0.18057000390244446
A04,7,42,82642,3,0,0.2979828431727885,0.3641373900161578,0.0661545468433693,0.6320110829805132,0.332172377028706,-0.2998387059518072,0.21894565730001755,0.1504534950312402,-0.06849216226877736,0.18618031117508668,0.20083773526628798,0.014657424091201299
A04,7,43,84632,3,0,0.36509378507208295,0.6431309940580923,0.2780372089860093,0.08317381971519977,0.3399749419193849,0.2568011222041851,0.33364269454648465,0.36059154337293126,0.026948848826446603,0.13665735915823027,0.18453073411386958,0.047873374955639314
A04,7,44,86751,3,0,0.3934659459911967,0.35859221012859155,-0.03487373586260517,0.2548322622722908,0.42242497399144874,0.16759271171915796,0.18855963975878012,0.08641277836305632,-0.1021468613957238,0.2526912659593848,0.2879501597381018,0.03525889377871699
A04,7,45,88657,4,0,0.5785446225567228,0.2881203644661015,-0.2904242580906213,0.17479998064088903,0.3697695874384073,0.1949696067975183,0.19260749373729455,0.29172605219859676,0.09911855846130221,0.40112560444084816,0.4613259953740121,0.06020039093316393
A04,7,46,90585,3,0,0.177297381068411,0.35391685088390545,0.17661946981549445,0.18992514985407546,0.3749223779710437,0.18499722811696825,0.3243225041489473,0.39859315072759616,0.07427064657864885,0.31358573987271937,0.20520360866694215,-0.10838213120577722
A04,7,47,92699,1,0,0.3189784799032237,0.05431893454624147,-0.2646595453569822,0.3573542405441675,0.37885796111500436,0.02150372057083688,0.16254446693491986,0.24219260261083125,0.07964813567591139,0.15184516865435363,0.11305831758814319,-0.03878685106621044
A04,7,48,94758,3,0,0.30338292437464337,0.24596499371312727,-0.0574179306615161,0.42981978811197225,0.3967923822017316,-0.03302740591024067,0.2634158221607867,0.1637629501140923,-0.09965287204669437,0.34241366855613903,0.2970253866328293,-0.04538828192330974
A04,8,1,251,1,0,0.6227512589193515,0.2998247517694092,-0.32292650714994225,0.04204682312178248,0.3743687157205296,0.3323218925987471,0.4606212658226879,0.5061901674458975,0.04556890162320959,0.7031317377080057,0.7472668384841208,0.044135100776115044
A04,8,2,2254,4,0,0.34191155860160244,0.11186933921807603,-0.23004221938352643,0.44777289626384637,0.5389708900095427,0.09119799374569632,0.4118758456522884,0.39972182606996187,-0.012154019582326536,0.623235928612054,0.8117133768139747,0.1884774482019207
A04,8,4,6124,4,0,0.16640831487239557,0.4886529875029879,0.3222446726305923,0.3284817643211377,0.41532913615512385,0.08684737183398616,0.40825477318539566,0.39978792147428227,-0.008466851711113388,0.4823328651700333,0.6759154532361233,0.19358258806609002
A04,8,5,8132,4,0,0.39088514433213545,0.15449817793653195,-0.2363869663956035,0.43417632068081147,0.4119753177945479,-0.022201002886263588,0.25798967057408545,0.2572108903491033,-0.000778780224982123,0.43032389427247314,0.7218683945568064,0.29154450028433326
A04,8,6,10243,3,0,0.6092070973565276,0.30816591305449625,-0.3010411843020313,0.29205263576219653,0.5267834461789591,0.23473081041676258,0.32361818023093797,0.4637480032748815,0.14012982304394356,0.2906797144052097,0.5972630996228224,0.30658338521761275
A04,8,7,12160,4,0,0.3491246727977889,0.4501250535839277,0.10100038078613877,0.28099508496787307,0.09171838762149022,-0.18927669734638286,0.1653358809328522,0.36432104170327656,0.19898516077042436,0.4758412844095893,0.6421461273136083,0.16630484290401903
A04,8,8,14210,4,0,0.6438357724372334,0.23291124650414202,-0.4109245259330914,0.2846646837007207,0.36442997764348994,0.07976529394276927,0.1889157258785627,0.20683415116869022,0.01791842529012752,0.35353624933598804,0.4373711798625212,0.08383493052653318
A04,8,9,16141,3,0,0.6867901144898623,0.12981379117832278,-0.5569763233115395,0.32836002608077763,0.32882445571839725,0.0004644296376196122,0.31459967000118627,0.3272818958158635,0.012682225814677206,0.38271617679582254,0.7182128976474379,0.33549672085161536
A04,8,10,18139,2,0,0.5256146409527032,0.13681873939031475,-0.3887959015623884,0.35062627058182716,0.15186432270233377,-0.1987619478794934,0.31271947032648206,0.25299378996681054,-0.05972568035967152,0.38174657720468735,0.5158630243301101,0.13411644712542276
A04,8,11,20045,4,0,0.3807932370365309,0.2435009671780374,-0.1372922698584935,0.15249326839344948,0.38699729819422235,0.23450402980077287,0.2205708808969967,0.23996059934495126,0.019389718447954563,0.27621945748074506,0.5397844450121586,0.26356498753141355
A04,8,13,23912,1,0,0.29968817484507015,0.2098065365657929,-0.08988163827927725,0.3128779379984779,0.3470782345663518,0.03420029656787388,0.09827533637329242,0.2840293333741864,0.18575399700089398,0.23739221012724962,0.4561320573465865,0.2187398472193369
A04,8,14,25856,2,0,0.18871419682361484,0.3861680780197143,0.19745388119609947,0.18931033369850564,0.4272390619351912,0.23792872823668554,0.13399695850526996,0.3522735768293507,0.2182766183240807,0.3414806197643293,0.2681867637268156,-0.0732938560375137
A04,8,15,27823,2,0,0.30802490138778144,0.4730497953608375,0.16502489397305609,0.19752727001405415,0.32259506613985006,0.1250677961257959,0.32155209272690505,0.16495486572798454,-0.1565972269989205,0.2364245401165054,0.2755483966980417,0.039123856581536304
A04,8,16,29943,2,0,0.3983875215236547,0.6199890962417112,0.22160157471805647,0.206128590846944,0.4458669881637412,0.23973839731679722,0.3210994403284642,0.3496267567261636,0.028527316397699398,0.11920243730677438,0.28980623408393263,0.17060379677715826
A04,8,17,31951,3,0,0.5474739856153567,0.5227001099705881,-0.024773875644768517,0.5510896893072869,0.11594882199290299,-0.43514086731438384,0.18049277985322584,0.35249272690811406,0.17199994705488822,0.23741753349779446,0.4811134920664931,0.24369595856869866
A04,8,19,36053,4,0,0.32673289141714484,0.3837750996623484,0.05704220824520356,0.5258557396027638,0.4006984440896853,-0.12515729551307847,0.31149266236775636,0.29004082687077354,-0.02145183549698282,0.15618560714269045,0.45500000298396026,0.2988143958412698
A04,8,20,38119,3,0,0.3732810704420367,0.532362730878413,0.15908166043637634,0.2902559236739548,0.11025215188893987,-0.18000377178501492,0.2167342480291104,0.37814626164644316,0.16141201361733276,0.07615866556076105,0.32400799910271577,0.2478493335419547
A04,8,21,40189,4,0,0.6362436948826176,0.5286069420357068,-0.10763675284691077,0.39271207231921473,0.43585285311678174,0.043140780797567,0.14681452679937262,0.37787233374120416,0.23105780694183153,0.0759142621307214,0.45009126217283246,0.3741770000421111
A04,8,22,42269,2,0,0.23647133314052354,0.24060933197151524,0.004137998830991696,0.18755816764226765,0.2339096917230447,0.04635152408077706,0.21550134290757586,0.4249599271461496,0.20945858423857375,0.19314726113253305,0.38861222598941847,0.19546496485688541
A04,8,23,44181,3,0,0.4970389581347507,0.2843194423959513,-0.21271951573879938,0.17857528375979198,0.15825250631434037,-0.020322777445451606,0.17722043643441646,0.27286457569176686,0.09564413925735041,0.32715770887466433,0.33178262975542533,0.0046249208807609965
A04,8,24,46212,1,0,0.44309041787918657,0.13516342253575747,-0.3079269953434291,0.4170385076160957,0.2519016449120882,-0.16513686270400746,0.21266244093173675,0.14960530772680913,-0.06305713320492762,0.4637600272679436,0.08879138546585592,-0.37496864180208767
A04,8,25,48165,4,0,0.5718234932209681,0.3325087886710008,-0.23931470454996734,0.17784578345363106,0.23969818218449696,0.0618523987308659,0.2562778671855251,0.14546585582534677,-0.11081201136017832,0.48288273221441136,0.24652188145914167,-0.2363608507552697
A04,8,26,50126,1,0,0.6025470012389762,0.5472137686705996,-0.055333232568376634,0.10369266494768171,0.2941924691642331,0.19049980421655138,0.2524579599521174,0.27549294170921573,0.02303498175709834,0.16043209899730032,0.5180800755209548,0.3576479765236545
A04,8,27,52230,3,0,0.39570065972444757,0.5423714278434072,0.14667076811895963,0.662020671421045,0.4052180198179625,-0.2568026516030825,0.14674270515249216,0.1835535108305921,0.03681080567809994,0.3289324854141503,0.14869379499254481,-0.1802386904216055
A04,8,28,54234,4,0,0.47287850255278574,0.3108316675426065,-0.16204683501017925,0.5699133208552609,0.28254147749328035,-0.2873718433619806,0.2350452448987347,0.27483295205232644,0.03978770715359173,0.5153957329880042,0.533575404388816,0.01817967140081178
A04,8,29,56209,1,0,0.4138381767938464,0.32620455104326235,-0.08763362575058403,0.3218161576298892,0.3948069803141317,0.0729908226842425,0.221167944199483,0.40667337755048,0.185505433350997,0.28008656243648644,0.33945440841812724,0.0593678459816408
A04,8,30,58235,3,0,0.44690352554713203,0.4410640778155761,-0.0058394477315559246,0.42478884047715487,0.10882032898784347,-0.3159685114893114,0.21449529053844676,0.21640796031782084,0.001912669779374071,0.4416663378680972,0.1648305374115,-0.2768358004565972
A04,8,31,60306,1,0,0.5415300185824824,0.4019652391060748,-0.1395647794764076,0.40050706877893116,0.4354627641779119,0.034955695398980746,0.11355549301881751,0.34954010446784617,0.23598461144902866,0.28583648423950153,0.5120733101595348,0.2262368259200333
A04,8,32,62413,2,0,0.3542278607675933,0.2447935445796993,-0.10943431618789404,0.48556957768801084,0.5890081224168379,0.10343854472882702,0.11105255952197622,0.2437617285954255,0.13270916907344926,0.023737467765397757,0.21320630874094748,0.18946884097554972
A04,8,33,64505,2,0,0.5644126205387201,0.33904655196207967,-0.22536606857664043,0.6599954134759228,0.24770804334822488,-0.41228737012769795,0.351256108468342,0.17133564641463717,-0.17992046205370482,0.4498880134499517,0.10242926759493197,-0.34745874585501973
A04,8,34,66596,1,0,0.5485568600582889,0.33750065479088304,-0.21105620526740582,0.6095542093208927,0.3199015854537985,-0.28965262386709417,0.2815796210821769,0.07647565696382126,-0.20510396411835563,0.34455964545088386,0.08542538926823233,-0.2591342561826515
A04,8,35,68639,4,0,0.4329807574428129,0.2849091774086439,-0.14807158003416898,0.5603775759304088,0.3855415214496164,-0.17483605448079242,0.15548890504824903,0.16037847855729764,0.004889573509048617,0.22742915471299274,0.2341710847513904,0.006741930038397653
A04,8,36,70703,1,0,0.381237216164045,0.27097035682022996,-0.11026685934381503,0.24001310491087294,0.41671546514530683,0.1767023602344339,0.22484066975951822,0.2918173557348144,0.06697668597529616,0.10051464477252228,0.4956846541274767,0.3951700093549544
A04,8,37,72723,4,0,0.5717529017407744,0.3427882018573187,-0.22896469988345575,0.2229207874410514,0.2759438663142734,0.053023078873222024,0.31097482824136485,0.2799775624526166,-0.03099726578874823,0.28916948044571267,0.21715598294191202,-0.07201349750380065
A04,8,38,74695,3,0,0.20062095914066233,0.13254922483254736,-0.06807173430811497,0.31296825839393555,0.45142483489811586,0.1384565765041803,0.1885661987418627,0.2537639719350745,0.0651977731932118,0.32125785950200003,0.20743036411077692,-0.11382749539122311
A04,8,39,76658,3,0,0.27039655329315726,0.11440040528729631,-0.15599614800586095,0.19659747919981727,0.16908353087048583,-0.027513948329331434,0.23143067927831626,0.2515978203788239,0.02016714110050763,0.3242684537834702,0.41726300501039393,0.09299455122692374
A04,8,41,80664,3,0,0.2798982944545809,0.3417030877725135,0.061804793317932594,0.4901446711889169,0.2229532476970408,-0.2671914234918761,0.14338468134900628,0.2150014315755804,0.07161675022657413,0.08972206648110849,0.126906335268247,0.0371842687871385
A04,8,42,82642,2,0,0.24764689853227664,0.2512153627871263,0.0035684642548496626,0.2207535075084967,0.32952511853196603,0.10877161102346933,0.34989655461742825,0.13578768855855503,-0.21410886605887322,0.404118177656175,0.33914696097824465,-0.06497121667793038
A04,8,43,84632,2,0,0.5669692980267717,0.34749621596323177,-0.21947308206353988,0.41838044624806464,0.15446898583960933,-0.2639114604084553,0.33915851544687037,0.11679247031151695,-0.2223660451353534,0.22739642933310153,0.28463273122569954,0.05723630189259801
A04,8,44,86751,1,0,0.18267366044875674,0.3145550008759521,0.13188134042719538,0.35779601638376807,0.45656270482061434,0.09876668843684627,0.17624079970609183,0.3251718820386757,0.14893108233258387,0.308120354407639,0.2547891008033904,-0.05333125360424862
A04,8,45,88657,3,0,0.4076289915544881,0.17129073531428377,-0.23633825624020435,0.16743253875064093,0.18099375996370007,0.013561221213059138,0.31087040048442016,0.2606580388960068,-0.05021236158841336,0.28114159434890773,0.503685508315689,0.2225439139667813
A04,8,46,90585,1,0,0.3772366225195477,0.23177565610630993,-0.14546096641323777,0.2946539677216053,0.3298240402027987,0.035170072481193415,0.12228917543629492,0.2135647881882458,0.0912756127519509,0.06924336264361054,0.12695356666825977,0.05771020402464923
A04,8,47,92699,2,0,0.3431243935232544,0.6718437675539247,0.3287193740306703,0.4363786566088681,0.43525338614671555,-0.00112527046215255,0.25338083487817936,0.3562017787587121,0.10282094388053276,0.40933772659710127,0.12440374606479011,-0.28493398053231117
A04,8,48,94758,1,0,0.2517487039367183,0.20223951831448833,-0.049509185622229945,0.10005718802299565,0.4777081264429345,0.3776509384199388,0.32331395545990343,0.0721619430350462,-0.25115201242485724,0.32777150166998464,0.20484254987748443,-0.12292895179250021
A05,3,1,251,1,0,0.2919314519322028,0.26353988571046416,-0.028391566221738662,0.3910412869522704,0.5777329880550272,0.18669170110275674,0.6902187160960879,0.7260716129790747,0.03585289688298687,0.7731222508315678,0.6395130670801642,-0.13360918375140363
A05,3,2,2254,2,0,0.2805724289303469,0.3344958782639547,0.05392344933360782,0.3755762380156651,0.6201560367903015,0.24457979877463643,0.6760955543053127,0.7034878141422244,0.027392259836911736,0.6805608987634502,0.7654357271431315,0.0848748283796813
A05,3,3,4172,2,0,0.26933256021608515,0.6010293407193302,0.3316967805032451,0.41177875734522534,0.5431221803012436,0.13134342295601825,0.5026540722527237,0.6772678039689827,0.17461373171625894,0.6200571222759355,0.8016862760226404,0.18162915374670496
A05,3,4,6124,1,0,0.48469657732330923,0.483254714295493,-0.001441863027816237,0.4001770377179348,0.410193719345933,0.010016681627998236,0.6541477302971721,0.6731534458945977,0.019005715597425588,0.26643897537074707,0.6861948075251707,0.41975583215442364
A05,3,6,10243,1,0,0.44834387462399056,0.16596557153255098,-0.2823783030914396,0.6052290619541025,0.4455265615333828,-0.1597025004207197,0.4694192182512085,0.7286233097885108,0.25920409153730223,0.6230177296170372,0.7426353164753727,0.11961758685833557
A05,3,8,14210,3,0,0.6680599501496569,0.41878282797574823,-0.24927712217390868,0.6767333168924449,0.45057633307207784,-0.22615698382036703,0.5536767646306087,0.6649047713994121,0.1112280067688034,0.4713133244827512,0.7169193291795367,0.2456060046967855
A05,3,9,16141,2,0,0.45037254146710637,0.1914645243859936,-0.2589080170811128,0.6967430230573017,0.6588057476455147,-0.03793727541178704,0.585453853935369,0.7116491941440082,0.1261953402086392,0.4706165003506028,0.794133819015039,0.32351731866443617
A05,3,10,18139,4,0,0.20838170135836023,0.29749221182382996,0.08911051046546972,0.5169854569956008,0.3679852695920362,-0.14900018740356463,0.6897071253060607,0.7137829520308151,0.02407582672475439,0.5945137965891079,0.7107532824075421,0.11623948581843424
A05,3,11,20045,1,0,0.3523501583426828,0.4840614646556952,0.13171130631301242,0.49543175443285187,0.7299952946142795,0.2345635401814276,0.5869649395404694,0.6928582103002646,0.10589327075979527,0.6617264277611598,0.7758534475170668,0.114127019755907
A05,3,12,21940,3,0,0.06390804147061124,0.4344617936886709,0.37055375221805964,0.4893450461786936,0.6563852699426336,0.16704022376393995,0.5863122089657888,0.7328919834589732,0.14657977449318438,0.7084035652814656,0.7919049329568633,0.08350136767539762
A05,3,13,23912,2,0,0.16217628166694387,0.4569110158595853,0.29473473419264146,0.6168367379149926,0.5020566351089635,-0.11478010280602913,0.7392993785214622,0.6417937890211161,-0.09750558950034616,0.6223685828873124,0.6944683068670331,0.07209972397972064
A05,3,16,29943,4,0,0.4123829260260572,0.4286471276496175,0.016264201623560293,0.4328889070083293,0.4004875823948785,-0.0324013246134508,0.6225883460948076,0.6395414634228965,0.016953117328088907,0.5984995303539716,0.7220041283251152,0.12350459797114355
A05,3,17,31951,4,0,0.33575401433087143,0.13736676657747068,-0.19838724775340075,0.4833110022734727,0.4467606783481813,-0.036550323925291395,0.47179954955302633,0.5379886349924363,0.06618908543940999,0.816603565812632,0.5555991219023053,-0.26100444391032673
A05,3,19,36053,4,0,0.4677490729944452,0.26721728735905853,-0.20053178563538665,0.6114780262007017,0.6160787802862683,0.004600754085566594,0.5576815030871812,0.6831014288647123,0.12541992577753103,0.6751616777358461,0.7104057937173814,0.03524411598153532
A05,3,20,38119,1,0,0.36562893316678136,0.3276205421004489,-0.03800839106633247,0.6752697001849796,0.47855991386542296,-0.1967097863195566,0.5206373080520378,0.5235370533668483,0.00289974531481052,0.42299859770096854,0.5512249742899048,0.12822637658893626
A05,3,21,40189,3,0,0.6772796736800302,0.37269742781083554,-0.30458224586919463,0.681278133950019,0.6938679541499729,0.012589820199953916,0.66453488355521,0.6150438524733355,-0.04949103108187447,0.4904092082989675,0.6666022207130068,0.17619301241403929
A05,3,23,44181,1,0,0.32894711132370563,0.3502675851802857,0.02132047385658009,0.2602688932707894,0.5175868908242993,0.2573179975535099,0.39307588922449604,0.28269946599283113,-0.11037642323166491,0.42000989123262383,0.21365042159829178,-0.20635946963433205
A05,3,24,46212,1,0,0.5152729499650847,0.18182827550565417,-0.3334446744594305,0.45396540615335856,0.4138086658137969,-0.04015674033956168,0.46663399077499246,0.5446289083860455,0.07799491761105304,0.27795149048002393,0.6561419547226094,0.37819046424258546
A05,3,25,48165,3,0,0.5932533902907061,0.5708392850731517,-0.02241410521755438,0.561560608289977,0.5365080442890696,-0.025052564000907385,0.49769038058233905,0.41421690307198983,-0.08347347751034923,0.6167478485459906,0.5882617644844224,-0.028486084061568273
A05,3,26,50126,4,0,0.558694035655587,0.39601374786522797,-0.16268028779035898,0.2246443452951273,0.6101079201567298,0.38546357486160243,0.5417067096843662,0.6230197799578822,0.08131307027351597,0.3400201340068437,0.6743722443891446,0.33435211038230084
A05,3,27,52230,1,0,0.2025933031873143,0.17760585108000124,-0.02498745210731307,0.41438792846443456,0.15879728773117655,-0.255590640733258,0.7310152566170188,0.45684591932592417,-0.27416933729109466,0.31763413830245996,0.7250039251863847,0.4073697868839247
A05,3,28,54234,3,0,0.516653858909885,0.33997311854434403,-0.176680740365541,0.6325242844791463,0.4453276333058742,-0.1871966511732721,0.47502247619862376,0.38046638480706424,-0.09455609139155952,0.5786287022866446,0.23722892216064187,-0.3413997801260028
A05,3,29,56209,3,0,0.25883384026959494,0.2365781295041653,-0.022255710765429648,0.49546357033913224,0.5405750617564109,0.04511149141727866,0.5178158296324515,0.5275179169690424,0.009702087336590837,0.2864281460445502,0.6345619108059503,0.34813376476140007
A05,3,30,58235,3,0,0.14857700457443887,0.1373150955284314,-0.011261909046007462,0.44146246300466985,0.15918405338042096,-0.2822784096242489,0.6534572662752038,0.5397336022147535,-0.11372366406045031,0.4822243851525686,0.5593271365562676,0.07710275140369904
A05,3,31,60306,1,0,0.46253005807982844,0.21614798966763415,-0.2463820684121943,0.3916705942894851,0.4155216694449327,0.0238510751554476,0.5569881239728168,0.6376614307503097,0.08067330677749285,0.6106049959705763,0.5061633218355706,-0.10444167413500571
A05,3,32,62413,2,0,0.2109112180764475,0.42574548710052545,0.21483426902407796,0.4582311281420842,0.4595615556872609,0.0013304275451767045,0.46614158365029335,0.6076316330957681,0.14149004944547472,0.5373535710964283,0.5050470324160781,-0.03230653868035027
A05,3,33,64505,1,0,0.296467669750041,0.6401498569693619,0.34368218721932087,0.4542783344593278,0.6104241493513405,0.15614581489201268,0.5681195904317775,0.6244688212549498,0.056349230823172336,0.7242794396834691,0.4965035260112239,-0.2277759136722452
A05,3,34,66596,2,0,0.20129256991650318,0.4565434100310956,0.2552508401145924,0.4700342326788724,0.4746142519112125,0.004580019232340082,0.6038986332109294,0.6237790086520657,0.0198803754411363,0.5620642104495007,0.5762497718632942,0.014185561413793457
A05,3,35,68639,2,0,0.3362613237006113,0.23967966622848527,-0.09658165747212602,0.5886084448705535,0.41782732882023194,-0.1707811160503216,0.5780608386881595,0.5613771457072451,-0.016683692980914433,0.6912192695125938,0.6203645660764753,-0.07085470343611855
A05,3,36,70703,1,0,0.44664559708028523,0.5517498317574504,0.10510423467716518,0.42948263363078604,0.3658750503414336,-0.06360758328935245,0.6143085347715384,0.6000488841062108,-0.014259650665327528,0.5801805744674555,0.3566072227794699,-0.22357335168798564
A05,3,37,72723,2,0,0.37253980054787117,0.510752520931917,0.13821272038404586,0.36664387014932454,0.31550926088961656,-0.051134609259707975,0.5167283009748485,0.6267122043992702,0.10998390342442177,0.5797199421831045,0.6387312502944607,0.05901130811135613
A05,3,38,74695,3,0,0.5649439413677892,0.4019114040138508,-0.16303253735393847,0.7874886193765092,0.5012636379228063,-0.2862249814537029,0.589120772646598,0.672298992907802,0.08317822026120403,0.5263685614802268,0.6862833830364028,0.15991482155617598
A05,3,39,76658,2,0,0.6033700046288093,0.4786947863039809,-0.12467521832482842,0.36009138709577054,0.43637057679424496,0.07627918969847441,0.5248424423577689,0.5739406081356275,0.04909816577785864,0.371081576037468,0.5322560970327731,0.1611745209953051
A05,3,40,78583,3,0,0.21869108721519925,0.4283993868918171,0.20970829967661786,0.5415503676625744,0.41412746813818646,-0.1274228995243879,0.49537270411527634,0.5782879078412415,0.08291520372596517,0.6820179014373313,0.633709324785495,-0.0483085766518363
A05,3,41,80664,3,0,0.42939632782812837,0.21724058946961297,-0.2121557383585154,0.36769397871616477,0.48957194656853026,0.12187796785236549,0.5031921697305103,0.5463116906958602,0.04311952096534988,0.4403864847516305,0.6118456812724038,0.1714591965207733
A05,3,42,82642,4,0,0.27978512261921545,0.11548764645863673,-0.16429747616057871,0.5979015901509531,0.641941020191534,0.04403943004058086,0.5920385417053511,0.537995542206828,-0.05404299949852309,0.5387981170075883,0.6391542641084423,0.10035614710085405
A05,3,43,84632,3,0,0.24702571794204445,0.5425073768625855,0.2954816589205411,0.5411579744639153,0.6073425438893582,0.06618456942544282,0.3813398311910246,0.4074046037504163,0.026064772559391713,0.3989652951118918,0.6834950568831343,0.28452976177124245
A05,3,44,86751,3,0,0.46865104877607094,0.4855589519555577,0.01690790317948676,0.49689169132605293,0.513537399359162,0.016645708033109052,0.4187657870144255,0.660208278369318,0.24144249135489243,0.2343233407640203,0.5385575419194896,0.3042342011554693
A05,3,45,88657,4,0,0.5249176258463271,0.21758241223351793,-0.30733521361280913,0.6858221188033478,0.5717049411695393,-0.11411717763380846,0.5379755053772943,0.5728921378921566,0.03491663251486232,0.6765886418747947,0.5404066998709695,-0.13618194200382527
A05,3,46,90585,4,0,0.6028816710362966,0.249270693680095,-0.3536109773562016,0.5027803262929939,0.5645880817797624,0.061807755486768534,0.544039007871393,0.46751976432903314,-0.0765192435423599,0.5848388476646612,0.6247358328035203,0.03989698513885909
A05,3,47,92699,4,0,0.5193592714345298,0.2044599204850551,-0.31489935094947463,0.24440844725363847,0.4283367919452688,0.18392834469163033,0.6576723914449065,0.46837214918736914,-0.1893002422575374,0.5024853630575279,0.26942922089472315,-0.23305614216280474
A05,3,48,94758,4,0,0.6107956635148747,0.3820381561604846,-0.2287575073543901,0.6244975408213183,0.40546987564380055,-0.2190276651775177,0.6462566631210477,0.5593235305127927,-0.08693313260825497,0.5072047538380353,0.6214065760528028,0.11420182221476749
A05,4,1,251,4,0,0.39573912404878825,0.3880939223341172,-0.007645201714671035,0.5281652424051188,0.706730882339737,0.17856563993461827,0.6098870348198587,0.8290238029211918,0.2191367681013331,0.8219011678498799,0.8930922776793401,0.0711911098294602
A05,4,2,2254,3,0,0.2834515070182317,0.3759839876106607,0.09253248059242902,0.6443170727954762,0.5018904539675058,-0.14242661882797047,0.7940213239116991,0.81745838153481,0.02343705762311088,0.8678628422991466,0.909886122785652,0.04202328048650539
A05,4,4,6124,1,0,0.5947838355168583,0.39815188680497565,-0.19663194871188266,0.6091766077763288,0.5071144410745674,-0.10206216670176138,0.7089822272860209,0.7133695992081185,0.004387371922097594,0.7926298467065372,0.821662542383062,0.029032695676524778
A05,4,5,8132,1,0,0.7077214938877886,0.35704176754441824,-0.35067972634337036,0.3807462242231511,0.4052957804798384,0.02454955625668731,0.7485524347282277,0.665081067578277,-0.08347136714995074,0.9112135413655188,0.7433361063896776,-0.16787743497584118
A05,4,6,10243,2,0,0.4650838823629945,0.19766657230695558,-0.26741731005603897,0.5020552839418073,0.33492998747916286,-0.16712529646264446,0.5940090299719971,0.6396752836567938,0.04566625368479671,0.6682072666090381,0.618348221248433,-0.04985904536060504
A05,4,7,12160,3,0,0.21309885479239807,0.5311929326043742,0.3180940778119761,0.7066360254045739,0.448149245889785,-0.25848677951478893,0.5910739749396478,0.7193558932096372,0.12828191826998947,0.8383165693670763,0.8106683966954943,-0.02764817267158204
A05,4,8,14210,4,0,0.4424829730875288,0.2129050522225712,-0.22957792086495762,0.3819724758811252,0.48379684148178753,0.10182436560066233,0.6585170295243813,0.6822968465416099,0.023779817017228644,0.711033627603342,0.7878882016760606,0.07685457407271856
A05,4,9,16141,2,0,0.3618675807671721,0.45608374484306313,0.094216164075891,0.6006324748862066,0.4049683897189113,-0.19566408516729533,0.7739005403403852,0.759326776829467,-0.014573763510918214,0.8482763295535279,0.7221691605973689,-0.12610716895615903
A05,4,10,18139,3,0,0.6796927631866746,0.22387264224969985,-0.45582012093697477,0.6011920201657274,0.6005145706076258,-0.0006774495581015616,0.7367645822598273,0.7252675501464052,-0.011497032113422123,0.6855052584193143,0.7997155051261026,0.11421024670678825
A05,4,11,20045,1,0,0.28061871917384434,0.3830113596261188,0.10239264045227447,0.40531918374891074,0.4472745362932403,0.04195535254432958,0.5608423226819462,0.746470859989093,0.1856285373071468,0.5934843324875596,0.7710949688136647,0.17761063632610508
A05,4,12,21940,1,0,0.5106538990802274,0.15098691678594392,-0.3596669822942835,0.6808290182167175,0.6277567722311671,-0.05307224598555038,0.5854548332604728,0.7630636034901953,0.17760877022972255,0.7716623513106204,0.796023129290144,0.024360777979523518
A05,4,13,23912,1,0,0.5160389397630928,0.26269379149395017,-0.2533451482691426,0.33446838200363815,0.5715923851383328,0.23712400313469462,0.6617997750838603,0.7546647918852502,0.09286501680138981,0.831343303582508,0.6845216125905351,-0.14682169099197284
A05,4,14,25856,4,0,0.6303630841162835,0.3569748094966415,-0.273388274619642,0.5105192219774896,0.6557549603761548,0.14523573839866522,0.6312658138972241,0.7879573994638973,0.15669158556667317,0.8507530348410258,0.7607126333108708,-0.09004040153015502
A05,4,15,27823,2,0,0.5449284559215963,0.3157218335274718,-0.22920662239412454,0.3006681589816767,0.45910314398849117,0.15843498500681447,0.7204047181113956,0.7123226764074627,-0.008082041703932896,0.6974494517079826,0.7145502272473692,0.017100775539386603
A05,4,16,29943,2,0,0.2550153188614441,0.07026036049493843,-0.18475495836650563,0.3365680601446485,0.48370499571725006,0.14713693557260155,0.733406795508572,0.6882809043330781,-0.045125891175493926,0.6434685421430837,0.5778804083750942,-0.06558813376798944
A05,4,17,31951,1,0,0.5612145389329264,0.5773484278349448,0.01613388890201839,0.5682099610728418,0.4196656650089729,-0.14854429606386893,0.7034326838814341,0.6775179265185256,-0.02591475736290849,0.861061451159179,0.7384109233117738,-0.12265052784740516
A05,4,18,34017,1,0,0.4871265414154469,0.44046710732582106,-0.04665943408962586,0.5925594166573659,0.5272432531290228,-0.06531616352834313,0.6612909846796561,0.7965948574801179,0.13530387280046186,0.555055480283448,0.8177935552682085,0.26273807498476054
A05,4,19,36053,3,0,0.5663063199435853,0.3372499208800562,-0.2290563990635291,0.424079677890406,0.49783868470678444,0.07375900681637843,0.7021067714266509,0.7454280633376084,0.04332129191095746,0.9010568318275728,0.8210325391346494,-0.08002429269292344
A05,4,20,38119,1,0,0.37245394519390057,0.4251436027976268,0.052689657603726237,0.7804188690049866,0.43959446141286745,-0.3408244075921191,0.738777005407539,0.7101458752517548,-0.028631130155784223,0.8008419318430072,0.7671023864415802,-0.033739545401426985
A05,4,21,40189,2,0,0.4706071838619099,0.41313598653343436,-0.057471197328475554,0.6195160080700914,0.43246847603756056,-0.18704753203253088,0.7845601617840946,0.6928130860134684,-0.09174707577062624,0.6827043406618415,0.8053607100663197,0.12265636940447822
A05,4,22,42269,4,0,0.44454071948405066,0.44609016037990507,0.0015494408958544037,0.4128831714253965,0.587317576829622,0.17443440540422556,0.7346456554199609,0.8299452604347862,0.09529960501482537,0.8316014861711304,0.8814764459048946,0.04987495973376421
A05,4,23,44181,4,0,0.4495805993699716,0.17207948869307924,-0.2775011106768923,0.5063924727539957,0.35935803259621135,-0.14703444015778433,0.6877259715877732,0.6655543084440033,-0.022171663143769837,0.6380584955458464,0.783457076666864,0.14539858112101767
A05,4,24,46212,3,0,0.06904405660680844,0.12791330541102533,0.05886924880421689,0.2716541328784219,0.6011529343168333,0.32949880143841137,0.7848572855919681,0.6877680440586926,-0.09708924153327547,0.8502719298974356,0.6960327954295099,-0.1542391344679257
A05,4,26,50126,4,0,0.319428157100274,0.4766002384689595,0.1571720813686855,0.6523821058980267,0.3199785873211289,-0.3324035185768978,0.622089130515322,0.6764660803019643,0.054376949786642315,0.843984926929625,0.668670018852216,-0.17531490807740902
A05,4,27,52230,4,0,0.5879873000100299,0.24921086487611646,-0.3387764351339134,0.5946109687747752,0.42168971310319675,-0.1729212556715784,0.7616245032018617,0.5719856928995325,-0.1896388103023292,0.6431433427888216,0.7405960292034448,0.09745268641462324
A05,4,28,54234,2,0,0.33203332627095633,0.21627904455953212,-0.11575428171142421,0.26641185175116794,0.3766583083650167,0.11024645661384874,0.7669491565757898,0.6909705184542843,-0.07597863812150552,0.5687894101861701,0.7199588394842718,0.15116942929810162
A05,4,29,56209,4,0,0.6458399891123333,0.4608612453272082,-0.18497874378512513,0.4912192980307011,0.4740839456579846,-0.01713535237271646,0.7610753117575718,0.7222723777512484,-0.0388029340063234,0.7882272607565967,0.7424595255614127,-0.045767735195183956
A05,4,30,58235,4,0,0.43325054017979997,0.17423739964393772,-0.2590131405358622,0.7015246891485416,0.6371180151987312,-0.06440667394981037,0.6156062260638374,0.6421172924812641,0.026511066417426732,0.6246125489833195,0.7319663974426908,0.10735384845937124
A05,4,32,62413,1,0,0.20957399673058966,0.45103977204988344,0.24146577531929378,0.41609286952563107,0.37098798729812776,-0.04510488222750331,0.6683443559439523,0.6143641032954211,-0.053980252648531124,0.47573635944178866,0.8562855042158618,0.38054914477407314
A05,4,33,64505,2,0,0.495171903319744,0.5433157546939855,0.04814385137424154,0.36241712284170113,0.6381564959395761,0.275739373097875,0.7864976730040443,0.6443009785044841,-0.14219669449956018,0.804231867590237,0.6599741791586899,-0.14425768843154707
A05,4,34,66596,3,0,0.7605895889184611,0.31104984553011455,-0.4495397433883465,0.5159624302094676,0.55243975575516,0.036477325545692385,0.5926524213507196,0.7193720951394832,0.1267196737887636,0.7396917301668985,0.7191389641632657,-0.02055276600363276
A05,4,35,68639,3,0,0.5928336746793194,0.6011320799917249,0.008298405312405555,0.5077942450429188,0.563156674653108,0.05536242961018922,0.7539897751867107,0.7118750558934537,-0.04211471929325705,0.8100590175323673,0.5899802804519572,-0.22007873708041015
A05,4,36,70703,3,0,0.3153203020463967,0.1560169246865409,-0.1593033773598558,0.565029669732393,0.5490791612155841,-0.015950508516808903,0.705966427659018,0.7298346502236865,0.023868222564668584,0.7875217458765335,0.5964930821376058,-0.19102866373892768
A05,4,37,72723,4,0,0.4225212603223905,0.44718828695560175,0.024667026633211242,0.28127673057239055,0.677818002229818,0.3965412716574275,0.705330560414948,0.6013563238480124,-0.10397423656693561,0.710419812338437,0.7942835365996996,0.08386372426126265
A05,4,38,74695,3,0,0.3839077688174893,0.41191450453597456,0.028006735718485276,0.6425593859770974,0.32731767033631903,-0.31524171564077835,0.601478785332481,0.6683330645669506,0.06685427923446963,0.6981632654736958,0.6611764200413364,-0.036986845432359416
A05,4,39,76658,1,0,0.3704371068125815,0.2333047127052074,-0.13713239410737413,0.5065291943503902,0.45355968924427853,-0.0529695051061117,0.606202089440308,0.6139808962540816,0.007778806813773631,0.6928813478690514,0.5162219504704266,-0.1766593973986248
A05,4,40,78583,4,0,0.6155524196209405,0.41609191012877045,-0.1994605094921701,0.5002423994531197,0.2260711097072957,-0.27417128974582394,0.7311427928117492,0.47974536737734397,-0.25139742543440524,0.5942096328174287,0.27812362347357605,-0.3160860093438526
A05,4,41,80664,2,0,0.6831820964420728,0.37096243158142056,-0.3122196648606523,0.4743600168859788,0.3181187117125898,-0.15624130517338897,0.6052945259619716,0.5928060624889098,-0.012488463473061873,0.7454748377360485,0.6225348249280843,-0.12294001280796418
A05,4,42,82642,3,0,0.17787441369846496,0.2273841086302746,0.04950969493180965,0.535307863447026,0.3254658962631584,-0.20984196718386755,0.5505469285247419,0.5735415423429026,0.022994613818160703,0.41344284039126933,0.5313819836064013,0.11793914321513199
A05,4,43,84632,2,0,0.4355857772153509,0.4844297680321377,0.04884399081678681,0.3243142030448482,0.31475094938603215,-0.009563253658816051,0.7387537952361424,0.6440292293017826,-0.09472456593435974,0.7352755368047443,0.6118360060761441,-0.12343953072860026
A05,4,44,86751,3,0,0.6753892817430769,0.395050668935621,-0.28033861280745587,0.39388201487318775,0.625774775259039,0.23189276038585127,0.5508731740333903,0.5905996327307947,0.03972645869740443,0.7120133776970873,0.7075179609851087,-0.004495416711978617
A05,4,45,88657,4,0,0.30695603415957917,0.35678487210010434,0.04982883794052517,0.4084497887149724,0.45781441726646366,0.04936462855149126,0.7585111362473614,0.7072653537592054,-0.05124578248815603,0.4914268123865976,0.7312649658393243,0.23983815345272674
A05,4,46,90585,2,0,0.24567167911519647,0.31275992077953607,0.0670882416643396,0.5996746228484368,0.5084809838437204,-0.09119363900471633,0.6977102012550487,0.4814313111093332,-0.2162788901457155,0.38883614783003256,0.6439830618943448,0.2551469140643123
A05,4,47,92699,3,0,0.6797722329553925,0.14736689436022785,-0.5324053385951646,0.5715216942507508,0.4555670861624903,-0.11595460808826052,0.5591013047757821,0.6590958569602173,0.0999945521844352,0.7444361498144563,0.7108799613223847,-0.03355618849207154
A05,4,48,94758,1,0,0.5376878477769749,0.4357354010879823,-0.10195244668899256,0.42400863926285176,0.4525535961877063,0.028544956924854537,0.6971558539641662,0.6720046179388431,-0.025151236025323098,0.6380814433756993,0.7749782317642175,0.13689678838851826
A05,5,1,251,1,0,0.657392501049724,0.5910244405244037,-0.0663680605253203,0.23974850820244775,0.5896914460673033,0.34994293786485553,0.5235594001714348,0.7594376521166323,0.23587825194519751,0.7562712121326509,0.8214660574923364,0.06519484535968545
A05,5,2,2254,1,0,0.23493907552936424,0.36723163935800623,0.132292563828642,0.5624814823304687,0.5886890052696342,0.026207522939165506,0.6776702480760656,0.7774989157276294,0.09982866765156384,0.5269163280494443,0.8275700626616805,0.3006537346122362
A05,5,3,4172,4,0,0.4545361784672197,0.4150324347271845,-0.039503743740035235,0.419868023961376,0.5920985266198315,0.17223050265845552,0.7128871543658243,0.7581937867130685,0.04530663234724419,0.6503501800088014,0.7528198444152905,0.10246966440648908
A05,5,4,6124,2,0,0.6698715837547368,0.2195707105363154,-0.4503008732184214,0.7761642865566902,0.44392665168241013,-0.3322376348742801,0.7053653667268384,0.5918687097150638,-0.11349665701177458,0.5471531029463392,0.7779746254249795,0.2308215224786403
A05,5,5,8132,1,0,0.21715536296805724,0.45645286194083895,0.2392974989727817,0.6432002244472823,0.4083468743090271,-0.2348533501382552,0.6208343688233222,0.7272973606693984,0.10646299184607622,0.544153442152064,0.777461989783692,0.233308547631628
A05,5,6,10243,3,0,0.5628318994285221,0.40550119766141535,-0.15733070176710673,0.7031484530812927,0.5400472511251612,-0.16310120195613154,0.6870933339230669,0.7548260010463704,0.0677326671233035,0.7711257818064757,0.7465567007271995,-0.024569081079276245
A05,5,7,12160,1,0,0.5174758250328976,0.1486555431621078,-0.36882028187078975,0.5057426400799717,0.384307779104784,-0.12143486097518774,0.657781400327824,0.707258199746753,0.04947679941892902,0.664032673646169,0.7690604725860772,0.10502779893990821
A05,5,8,14210,3,0,0.40550756300156643,0.3132813127778796,-0.09222625022368686,0.47029690255059353,0.5765923305057913,0.10629542795519775,0.6104702584577859,0.7133527338174116,0.10288247535962569,0.7648226531712765,0.7113989344030475,-0.053423718768229045
A05,5,9,16141,2,0,0.20609323567363422,0.3794759811530964,0.17338274547946217,0.5222259195292904,0.5741051436862595,0.051879224156969106,0.7309478537755829,0.679261168168712,-0.05168668560687095,0.7555098969633649,0.6647870477178077,-0.09072284924555718
A05,5,10,18139,4,0,0.47322923986360826,0.39805234674769485,-0.07517689311591341,0.5823813219532987,0.48942350783150246,-0.09295781412179627,0.7267029028532913,0.7027117664984284,-0.02399113635486294,0.7160433105581044,0.5941435349182315,-0.12189977563987298
A05,5,11,20045,1,0,0.23337757214385402,0.46749869014360546,0.23412111799975144,0.4431229034166357,0.3910150775035389,-0.05210782591309676,0.6661726617536471,0.7392212741586485,0.07304861240500138,0.699465191483491,0.7154662895624099,0.01600109807891892
A05,5,12,21940,3,0,0.49524371472573847,0.39876578216550485,-0.09647793256023363,0.4344158796050273,0.6223483870162642,0.18793250741123685,0.7475956575275872,0.6619116626616207,-0.08568399486596645,0.6131397146878185,0.756484213663217,0.14334449897539858
A05,5,13,23912,3,0,0.42977051553052453,0.2443624178353529,-0.18540809769517164,0.4794361884574529,0.5610539909301565,0.08161780247270362,0.6902642837049845,0.6298050946312145,-0.060459189073770014,0.7570286476563588,0.7503855369918963,-0.006643110664462548
A05,5,14,25856,1,0,0.5993045965417364,0.43654186467671446,-0.16276273186502194,0.6696611900244686,0.5595619814704037,-0.11009920855406485,0.7001720940256516,0.6941828543068234,-0.005989239718828254,0.5145400433678972,0.6847890532787482,0.170249009910851
A05,5,15,27823,3,0,0.6927144950997043,0.06016230335063536,-0.632552191749069,0.6062002575871863,0.604938106994404,-0.0012621505927823407,0.718004743995561,0.6993042162776507,-0.01870052771791031,0.799052123413296,0.7369301458986338,-0.0621219775146622
A05,5,16,29943,2,0,0.6088876735829375,0.4860304023616046,-0.12285727122133289,0.7580934025041032,0.40519316067446026,-0.3529002418296429,0.7048699796362107,0.6970399622049482,-0.007830017431262437,0.8410070953573667,0.625026012000233,-0.21598108335713373
A05,5,17,31951,4,0,0.4279906062509843,0.5267695674734683,0.09877896122248397,0.5232367238908404,0.643981260834359,0.12074453694351861,0.7038401038917446,0.7257362577148357,0.02189615382309118,0.7693418233713469,0.7068367649568758,-0.06250505841447118
A05,5,18,34017,4,0,0.4511314226578005,0.30334688670215676,-0.14778453595564373,0.6483476160488424,0.5407912337238767,-0.10755638232496567,0.7512331543902607,0.7467173627279485,-0.004515791662312196,0.5866530832675446,0.7716589287530171,0.1850058454854725
A05,5,19,36053,4,0,0.6433870929563167,0.5310465828658201,-0.11234051009049661,0.6030701992294853,0.4061161161172974,-0.19695408311218793,0.6186383963399796,0.754727063013485,0.1360886666735054,0.6108083178361536,0.7520566914281017,0.14124837359194808
A05,5,20,38119,3,0,0.5444682462819277,0.21186739733192544,-0.33260084895000225,0.4510104643866785,0.32367687973854825,-0.12733358464813027,0.5111834419682141,0.5513448914160641,0.04016144944785005,0.5853688723509667,0.7672485369173893,0.18187966456642257
A05,5,21,40189,1,0,0.14356256139975346,0.23456908532645085,0.09100652392669739,0.3842985352793073,0.5066562108989279,0.12235767561962058,0.5968167507545533,0.6640967517782167,0.06728000102366338,0.6249407664583401,0.6057824697524012,-0.019158296705938826
A05,5,22,42269,4,0,0.4096660750782145,0.3241804106422517,-0.08548566443596278,0.6301177462069821,0.4520318099451982,-0.17808593626178393,0.567064407430227,0.709268182038713,0.142203774608486,0.7381829247490527,0.672172435284357,-0.06601048946469568
A05,5,23,44181,2,0,0.3859203008253457,0.1976885852258848,-0.18823171559946086,0.4725223766860366,0.49031716611214077,0.017794789426104185,0.6395220328303128,0.5506709171049364,-0.0888511157253764,0.6825699499767699,0.6516482275199783,-0.03092172245679159
A05,5,24,46212,4,0,0.34357411716796404,0.334703148733652,-0.008870968434312065,0.6242454235327802,0.4181238505109481,-0.20612157302183215,0.5964511625154589,0.6413861921307475,0.04493502961528861,0.7127674261043379,0.6380615536463344,-0.07470587245800342
A05,5,25,48165,2,0,0.1440120015643725,0.13443828142266795,-0.009573720141704545,0.5533056217962234,0.3104766415895074,-0.24282898020671606,0.6197316137070308,0.5392148714404187,-0.0805167422666121,0.6027713807486326,0.49947480509718734,-0.10329657565144523
A05,5,26,50126,1,0,0.2875249123100154,0.4315324397831068,0.14400752747309137,0.44934954495359286,0.7229118524578366,0.27356230750424376,0.5398235440787568,0.6642584702463751,0.12443492616761831,0.730598924269715,0.7653408937896957,0.034741969519980764
A05,5,27,52230,3,0,0.14623077583011626,0.25414300901911396,0.1079122331889977,0.595583957681024,0.34394063997143987,-0.25164331770958415,0.6524510582736136,0.6284454303254104,-0.024005627948203156,0.5208841040224256,0.6265836473619589,0.10569954333953335
A05,5,29,56209,1,0,0.3525103409949269,0.4633523397007971,0.11084199870587019,0.6951775849191998,0.5912385577517477,-0.10393902716745207,0.5078512465978645,0.600802232564716,0.09295098596685147,0.5386518754761536,0.48815759665896347,-0.0504942788171901
A05,5,30,58235,3,0,0.5475839375580525,0.546159867218021,-0.001424070340031447,0.4264158922960896,0.4625607839599265,0.03614489166383689,0.581275387131779,0.5725105918035481,-0.008764795328230823,0.3700929612644105,0.6329635643035596,0.2628706030391491
A05,5,31,60306,3,0,0.24347835263769665,0.5655176970017823,0.32203934436408566,0.4377945865840808,0.6236971458763996,0.18590255929231875,0.5602488529378955,0.6897186097422044,0.12946975680430894,0.38921648619756116,0.6713756721838707,0.28215918598630957
A05,5,32,62413,1,0,0.5825762882573101,0.3138241527925049,-0.2687521354648052,0.5852560779070047,0.31817972056782956,-0.2670763573391752,0.5046811113044217,0.5227592106760007,0.018078099371579004,0.48265640644350405,0.466829109652709,-0.01582729679079503
A05,5,33,64505,3,0,0.5556800415380122,0.4683411630617988,-0.08733887847621341,0.44321139226938383,0.429356963442458,-0.013854428826925835,0.6600887148801416,0.5554283742475767,-0.10466034063256491,0.5238886208378065,0.6107825107566135,0.08689388991880698
A05,5,34,66596,4,0,0.5166158991737456,0.35291227495352795,-0.16370362422021767,0.6945461660467972,0.605802232298861,-0.08874393374793621,0.5136557601582393,0.7115612324055264,0.19790547224728705,0.47213025326417135,0.6138742155629283,0.14174396229875696
A05,5,35,68639,4,0,0.576777878594782,0.43559694702430196,-0.14118093157048006,0.6518873757344367,0.6430271820102009,-0.008860193724235743,0.689385419553597,0.6641895681801759,-0.025195851373421063,0.4591913898006604,0.7181672201862523,0.25897583038559197
A05,5,36,70703,2,0,0.6586527813941959,0.4095420891955309,-0.249110692198665,0.4587717322301848,0.30395353296346656,-0.15481819926671825,0.5691901855608129,0.673084398685514,0.10389421312470104,0.375442134722007,0.6001035685325791,0.22466143381057208
A05,5,37,72723,1,0,0.3990242794460241,0.37138306511740676,-0.027641214328617325,0.5427565382657387,0.5227485428025459,-0.020007995463192763,0.5773803180119913,0.6545048798542477,0.07712456184225636,0.48288141346804014,0.7025390374600463,0.21965762399200617
A05,5,38,74695,2,0,0.7457721330921893,0.33524186440359116,-0.4105302686885981,0.7285222968056997,0.46584608533470045,-0.26267621147099923,0.46770459812554677,0.5971653198276331,0.12946072170208633,0.5218391997258819,0.6787691687368039,0.15692996901092204
A05,5,39,76658,4,0,0.38784148098015486,0.4533578566735799,0.06551637569342506,0.6068100197749156,0.4370138645949107,-0.16979615518000485,0.368366740718072,0.5516815468574189,0.18331480613934686,0.6375121515444467,0.6284177055173166,-0.009094446027130165
A05,5,40,78583,2,0,0.3854907385350669,0.2929502645058076,-0.0925404740292593,0.7071929994908802,0.39885623450521457,-0.30833676498566565,0.6634216509776479,0.6970265662536775,0.0336049152760296,0.4827938093717619,0.6580723617918165,0.17527855242005458
A05,5,41,80664,4,0,0.688479747286204,0.22119284648438445,-0.46728690080181956,0.6050730397104335,0.6323577903234451,0.02728475061301161,0.5265601759810713,0.6833048000704267,0.1567446240893554,0.6587296181316578,0.6525147873955255,-0.006214830736132271
A05,5,42,82642,3,0,0.31601049530908754,0.3971099225569243,0.08109942724783675,0.2160715025404152,0.4377245733584744,0.2216530708180592,0.6902508686149158,0.5100863594341123,-0.1801645091808035,0.6066531736531127,0.5208433039238695,-0.0858098697292432
A05,5,43,84632,2,0,0.5204064418613548,0.20585537576902388,-0.31455106609233086,0.5915001957833342,0.49885827018187706,-0.09264192560145718,0.5695778566541971,0.5819219710380384,0.01234411438384131,0.5225272526738738,0.3865311869608215,-0.13599606571305228
A05,5,44,86751,2,0,0.7005318063250271,0.4645197888210172,-0.2360120175040099,0.32955395159639794,0.625282803345993,0.295728851749595,0.5894102076872031,0.6579174892496634,0.06850728156246033,0.5634977741539238,0.5195023234246561,-0.04399545072926769
A05,5,45,88657,2,0,0.32416396701523087,0.4820370600541462,0.15787309303891534,0.59064683809268,0.4227625182468796,-0.16788431984580043,0.5192080488834175,0.5073693175996807,-0.011838731283736803,0.5233347338716395,0.37456524802726054,-0.148769485844379
A05,5,46,90585,3,0,0.6154963275357954,0.38421271644523686,-0.23128361109055856,0.6768432578353888,0.4920446440050513,-0.18479861383033747,0.5459649660521,0.5423965127803579,-0.0035684532717420447,0.6523017787584605,0.4954497277596168,-0.1568520509988437
A05,5,47,92699,4,0,0.4218631678224236,0.3380312653493232,-0.0838319024731004,0.39313925138840833,0.4767141125375673,0.08357486114915896,0.6156704825192267,0.5383989931726962,-0.0772714893465305,0.6409785692913536,0.47091426784208146,-0.1700643014492721
A05,5,48,94758,1,0,0.5971290117263529,0.5128636228887428,-0.08426538883761014,0.33008580635771606,0.6764140921912973,0.3463282858335813,0.5636133507427344,0.6028591549867416,0.03924580424400714,0.5300910276758943,0.5222289667315753,-0.007862060944319071
A05,6,1,251,2,0,0.23944984265065772,0.3372676083937795,0.09781776574312179,0.7242444305906585,0.7914460371126957,0.06720160652203722,0.7890439527467773,0.753511113844119,-0.03553283890265835,0.7394787122799171,0.7425440182071592,0.003065305927242079
A05,6,2,2254,4,0,0.8138013979677753,0.6199747689001026,-0.19382662906767267,0.5757596966862849,0.48767206865385393,-0.08808762803243098,0.7063750470865988,0.7774389214034855,0.07106387431688665,0.8341778720254218,0.8459211975952247,0.011743325569802843
A05,6,3,4172,1,0,0.7348915135095156,0.40580770090568163,-0.329083812603834,0.6024337010877593,0.601252351162465,-0.0011813499252942838,0.6916557297746528,0.7929456578872739,0.10128992811262105,0.7429615617232374,0.8395847697774789,0.09662320805424152
A05,6,4,6124,3,0,0.6370228825293017,0.44599405685126653,-0.1910288256780352,0.4691651228189926,0.6275143957212037,0.15834927290221112,0.6165514047032785,0.736242505969682,0.11969110126640348,0.8309555940696074,0.79243421705888,-0.03852137701072744
A05,6,5,8132,3,0,0.3556468210447801,0.48758233435644477,0.13193551331166464,0.5416742615927025,0.4512274465328718,-0.09044681505983071,0.609312612877675,0.7423523952082505,0.13303978233057545,0.5529818233648521,0.8077944393059815,0.25481261594112936
A05,6,6,10243,4,0,0.6241953351117457,0.27626983400009,-0.34792550111165577,0.6361078583333651,0.5446898818747559,-0.09141797645860927,0.7175821862304061,0.6350138544494024,-0.08256833178100376,0.47890702201443386,0.7722588842137262,0.2933518621992924
A05,6,7,12160,1,0,0.6270070638433252,0.619334216740847,-0.007672847102478175,0.6995472774772961,0.5829676025720136,-0.11657967490528243,0.6875173410970128,0.6501959780653237,-0.03732136303168909,0.76220478980912,0.4540236515306428,-0.3081811382784772
A05,6,8,14210,1,0,0.41046247245541523,0.5743120079728002,0.16384953551738501,0.5920570434971157,0.48113032795451555,-0.1109267155426002,0.6861732221132198,0.5815814319119351,-0.10459179020128473,0.6488957310126366,0.48766620425239193,-0.1612295267602447
A05,6,9,16141,3,0,0.581859079875591,0.2838336449172126,-0.29802543495837847,0.5624243961849883,0.4413309453336249,-0.12109345085136342,0.3536257057913997,0.5135712988066528,0.15994559301525307,0.529558193604842,0.3164102919888593,-0.21314790161598274
A05,6,10,18139,2,0,0.3454386865275512,0.43031540241328275,0.08487671588573154,0.531985677532313,0.6262968934523924,0.0943112159200794,0.606718258880613,0.6510307891290701,0.04431253024845705,0.3445059868147454,0.5599150212630228,0.21540903444827741
A05,6,11,20045,4,0,0.2555647897744692,0.4312672083118948,0.17570241853742558,0.4818390333582854,0.6812068778833632,0.19936784452507783,0.6821616539979268,0.4676242469027751,-0.21453740709515173,0.47764248878975213,0.5816124200469767,0.10396993125722453
A05,6,12,21940,4,0,0.11489315106551974,0.2825717326668565,0.16767858160133675,0.5162059631727758,0.36424217552151184,-0.15196378765126395,0.6551793268701637,0.6497176243488024,-0.005461702521361245,0.7626078911154128,0.7216461190742598,-0.04096177204115303
A05,6,13,23912,4,0,0.5812434468597909,0.5490860260488167,-0.03215742081097417,0.687448143965115,0.6414809510364137,-0.04596719292870133,0.4363544896513346,0.6549241008604051,0.21856961120907048,0.5235341767809748,0.7596584961478788,0.23612431936690403
A05,6,14,25856,2,0,0.6530349462516233,0.5739465155672834,-0.0790884306843399,0.44254923410697344,0.36287765175500414,-0.0796715823519693,0.6075408479794157,0.6320286958768156,0.024487847897399995,0.3534997456545516,0.5640286431268439,0.21052889747229225
A05,6,15,27823,1,0,0.573727856490809,0.2070776041825702,-0.36665025230823883,0.6478181808708132,0.21233091513211858,-0.4354872657386947,0.633274884131696,0.5860285690225343,-0.04724631510916166,0.46814127288088253,0.5525987423841444,0.08445746950326188
A05,6,16,29943,3,0,0.6949468591821554,0.33538706569400917,-0.3595597934881462,0.46189932169637243,0.4917399548395318,0.02984063314315938,0.7556365241051596,0.6651531625162289,-0.09048336158893067,0.5938985285781956,0.6813352950137886,0.08743676643559306
A05,6,17,31951,2,0,0.42182627836316683,0.4220598322869678,0.00023355392380097761,0.8219030275029663,0.33755240158619326,-0.484350625916773,0.7113397611276602,0.6490695781005311,-0.062270183027129056,0.4937680426095357,0.7334547146960768,0.2396866720865411
A05,6,18,34017,4,0,0.5812162246455278,0.42955770369347196,-0.15165852095205584,0.5593353858103279,0.3291614318193942,-0.2301739539909337,0.6213614139961161,0.7082874783859641,0.08692606438984796,0.6438343684248717,0.7170981013286453,0.07326373290377353
A05,6,19,36053,1,0,0.5556528445953,0.3545572036137261,-0.20109564098157384,0.4360730721113257,0.570770207139532,0.1346971350282063,0.6630854848692873,0.6090705561330008,-0.05401492873628655,0.3659251170778059,0.5104775225949514,0.1445524055171455
A05,6,20,38119,4,0,0.44747468141266034,0.535327516227604,0.08785283481494366,0.44155095351729695,0.6263643928785599,0.184813439361263,0.5417346990424626,0.6650538542327133,0.12331915519025072,0.5158293839241705,0.639292750050484,0.12346336612631348
A05,6,21,40189,3,0,0.4287551247985318,0.560223173666291,0.13146804886775926,0.594966951516808,0.4095198204273482,-0.18544713108945982,0.5669808633411052,0.6018604748950438,0.034879611553938594,0.612576120297447,0.5417539785982545,-0.07082214169919254
A05,6,22,42269,2,0,0.2472363140151383,0.4808245682724407,0.2335882542573024,0.7721030443829545,0.5323641765315413,-0.23973886785141318,0.6656271369951525,0.6871331241877329,0.021505987192580345,0.6511022830339345,0.5967421365688111,-0.05436014646512333
A05,6,23,44181,4,0,0.37256168199337386,0.22668811832636557,-0.1458735636670083,0.55983866076133,0.46239420590700886,-0.09744445485432118,0.5746702877133101,0.6772819777727682,0.10261169005945814,0.6277535058248268,0.6252226891355009,-0.0025308166893258655
A05,6,24,46212,4,0,0.25523347908982863,0.631950441731657,0.3767169626418284,0.554966178094127,0.5953395720961957,0.04037339400206874,0.6004954329732607,0.7667267534187854,0.1662313204455247,0.5355119283871194,0.7253185044607587,0.18980657607363938
A05,6,25,48165,1,0,0.35285480194357455,0.6110799115269764,0.25822510958340184,0.47316464178415785,0.5565250738569201,0.08336043207276222,0.6352573826599496,0.6187373758214042,-0.016520006838545376,0.6948538431497886,0.6041426759414344,-0.09071116720835415
A05,6,26,50126,2,0,0.5548461544261185,0.4067643696351963,-0.1480817847909222,0.4100606089340552,0.5043316824953843,0.09427107356132908,0.462922419758892,0.6873114877415344,0.2243890679826424,0.5025244109543672,0.6550533999037872,0.15252898894942002
A05,6,27,52230,2,0,0.4575795368294419,0.2850113721877876,-0.1725681646416543,0.4278745654076457,0.4458382986716404,0.017963733263994697,0.5121404889029118,0.5423010929355185,0.030160604032606786,0.6436973277686571,0.7169675538506841,0.07327022608202705
A05,6,28,54234,3,0,0.5389927262047384,0.5192933337590441,-0.019699392445694297,0.4027373871022536,0.46861240574348756,0.06587501864123396,0.6119479791237293,0.4836297902892261,-0.12831818883450324,0.30504037418446694,0.6792661554786831,0.37422578129421613
A05,6,29,56209,4,0,0.5884496998703991,0.2985086218312358,-0.2899410780391633,0.7393323466785426,0.6461391258872148,-0.09319322079132786,0.7699246445706073,0.6721988485928225,-0.09772579597778475,0.8499887630153532,0.7123206529364455,-0.13766811007890767
A05,6,30,58235,2,0,0.4912322267586436,0.33780594041340983,-0.15342628634523375,0.39014742362697163,0.47807529216251854,0.0879278685355469,0.6065580797212512,0.6355775630323331,0.02901948331108195,0.612620925999038,0.5592177452397785,-0.05340318075925943
A05,6,31,60306,1,0,0.6483494164632181,0.4834903841029048,-0.1648590323603133,0.5972333208728122,0.547632755623182,-0.04960056524963019,0.5593790526317307,0.5464637006509612,-0.01291535198076954,0.5078536059465081,0.3189712244205518,-0.18888238152595627
A05,6,32,62413,1,0,0.557876020018904,0.54395377835677,-0.013922241662134072,0.5789130054110024,0.3047190275817657,-0.2741939778292367,0.5247873727130515,0.6207490004462163,0.09596162773316474,0.48183681828071684,0.6529247673381071,0.17108794905739028
A05,6,33,64505,4,0,0.27310085308485016,0.7098521672580518,0.4367513141732016,0.6362257694552015,0.5417062631126356,-0.0945195063425659,0.5756259993916585,0.5881756244406862,0.01254962504902768,0.41720908923152156,0.5951470271031646,0.17793793787164303
A05,6,34,66596,2,0,0.6208729228825369,0.7021221923206896,0.0812492694381527,0.4531298499786271,0.6308344635498698,0.17770461357124273,0.677252516258329,0.6436342728189335,-0.03361824343939557,0.6479036106922215,0.8140462943244897,0.16614268363226825
A05,6,35,68639,1,0,0.5717200380917138,0.3752887228647124,-0.1964313152270014,0.6204816401136789,0.4379113227881964,-0.1825703173254825,0.6533572397796857,0.62342025004183,-0.029936989737855746,0.692118303273267,0.7952163147116299,0.10309801143836295
A05,6,36,70703,3,0,0.6888555326333894,0.3591932835554315,-0.3296622490779579,0.3503739446309007,0.44541430406052906,0.09504035942962835,0.6213255233417779,0.7021800927439623,0.08085456940218438,0.6598327225756057,0.8326389989976147,0.17280627642200908
A05,6,37,72723,2,0,0.39176942429006384,0.6397474200126665,0.24797799572260265,0.586014675203249,0.5174320475353124,-0.06858262766793666,0.759191262632697,0.6211361525907443,-0.1380551100419527,0.6546800705160474,0.5429689293155102,-0.11171114120053716
A05,6,38,74695,2,0,0.4429051975820369,0.2968270006993154,-0.1460781968827215,0.47517428284240104,0.5266295941211819,0.05145531127878089,0.5361612270247553,0.602361634742216,0.06620040771746072,0.6134536972233212,0.6752899299784465,0.06183623275512529
A05,6,39,76658,3,0,0.45848997106413947,0.6498519047669562,0.19136193370281673,0.6537351290187593,0.4534687625060296,-0.20026636651272972,0.7391463146496368,0.6555503710177357,-0.08359594363190104,0.7418913506716154,0.7307597619710565,-0.011131588700558859
A05,6,40,78583,1,0,0.6467052895640674,0.308770881091564,-0.3379344084725034,0.6328715644303672,0.4901650906118754,-0.14270647381849177,0.6323316375903165,0.693393777975057,0.06106214038474045,0.6665456346809332,0.6707584043880723,0.00421276970713913
A05,6,41,80664,4,0,0.2716427255803159,0.49831512500122566,0.22667239942090978,0.5018484139287908,0.5430186805407614,0.04117026661197065,0.6166082882244505,0.6632126167203575,0.04660432849590701,0.5886773425616129,0.6111061487026228,0.02242880614100995
A05,6,42,82642,3,0,0.693393789349481,0.3404856240234131,-0.35290816532606795,0.6152308510886478,0.6800374748346563,0.06480662374600843,0.5414498168724972,0.6532365215391147,0.11178670466661755,0.6446219813141923,0.7070181806685649,0.06239619935437257
A05,6,43,84632,3,0,0.817422042305105,0.39424872010963224,-0.4231733221954727,0.5971479200914308,0.6334912382102335,0.03634331811880265,0.7062287182835674,0.6095139602516528,-0.09671475803191454,0.6782730719672909,0.6042231890007389,-0.07404988296655202
A05,6,44,86751,3,0,0.757110265737615,0.29653006927085573,-0.46058019646675924,0.7225042144606858,0.5423406089884611,-0.18016360547222465,0.6234409072154691,0.6983759800349926,0.0749350728195235,0.5954941802712176,0.6779739126917833,0.08247973242056572
A05,6,45,88657,3,0,0.43837314476033656,0.3441803644271709,-0.09419278033316564,0.5960838140456068,0.7252982986615253,0.12921448461591845,0.7060418139877441,0.7365761606379067,0.030534346650162525,0.5056607447236646,0.640832532793558,0.13517178806989338
A05,6,46,90585,1,0,0.5220444229947604,0.21334998123390106,-0.30869444176085936,0.5687559954958551,0.5864937104265788,0.017737714930723736,0.749772667236103,0.5359084467746639,-0.21386422046143916,0.5322946021005889,0.28139454644558054,-0.25090005565500834
A05,6,47,92699,2,0,0.40310547030066957,0.2524980402875516,-0.150607430013118,0.7099817015606112,0.3899041028066898,-0.32007759875392144,0.5370999523579157,0.5984237288700419,0.06132377651212617,0.5658846744951667,0.5693124730829615,0.0034277985877948502
A05,6,48,94758,1,0,0.2592671481443345,0.30828775067041836,0.04902060252608387,0.6576871371643388,0.696194075009175,0.038506937844836164,0.7683647152220033,0.6042128679953799,-0.16415184722662346,0.6569915899806223,0.6381795093696816,-0.01881208061094075
A05,7,2,2254,1,0,0.7353744174097628,0.6461971100632667,-0.08917730734649609,0.5246164081933447,0.630026433400004,0.10541002520665932,0.6808811887803173,0.7469770798584375,0.0660958910781202,0.6231650423444135,0.5416031660179991,-0.08156187632641443
A05,7,3,4172,1,0,0.4655785282846975,0.25005215893202576,-0.21552636935267172,0.43233384082889403,0.5910500334104309,0.1587161925815369,0.6980685511927832,0.7637481627565281,0.06567961156374491,0.5623443955237349,0.539362578227013,-0.022981817296721996
A05,7,4,6124,3,0,0.31444647019010713,0.46079307289807236,0.14634660270796523,0.6673791096788736,0.45441465536406306,-0.21296445431481054,0.48190631135298856,0.53331663804355,0.05141032669056145,0.5539870024559642,0.6090671940136448,0.055080191557680624
A05,7,5,8132,3,0,0.7292107594386869,0.5390855353390062,-0.1901252240996807,0.6491703300476426,0.529563931874623,-0.11960639817301955,0.5633836040935949,0.5693105812987691,0.005926977205174211,0.6481152259187226,0.6488796355756149,0.0007644096568922842
A05,7,6,10243,2,0,0.42836739023947246,0.4614349748728432,0.03306758463337073,0.7313131028573949,0.5079858731641376,-0.22332722969325736,0.6761085259867201,0.5348047327553634,-0.14130379323135667,0.6789418105826538,0.34396971863604087,-0.3349720919466129
A05,7,7,12160,3,0,0.2245061169566105,0.142905157600492,-0.0816009593561185,0.344101385939398,0.37095603838121816,0.02685465244182017,0.4822474813520561,0.5885623941881309,0.10631491283607486,0.5631462342806607,0.450755701006074,-0.1123905332745867
A05,7,8,14210,4,0,0.4974342514064784,0.4802531370380176,-0.017181114368460815,0.8021382862251072,0.6950730853344629,-0.10706520089064431,0.6049508477596389,0.7178345145166664,0.11288366675702743,0.5330923821222245,0.6841251488248512,0.15103276670262666
A05,7,9,16141,1,0,0.5389774800615628,0.5364923738919984,-0.0024851061695643217,0.6234844518032132,0.5056629524241755,-0.11782149937903774,0.5640500419331087,0.6942829531775132,0.1302329112444045,0.48704000455909796,0.64062672444892,0.15358671988982203
A05,7,10,18139,4,0,0.2125574124023198,0.3292643052598181,0.1167068928574983,0.7241656543146535,0.6237579017150613,-0.10040775259959223,0.645299621269144,0.7398020020172658,0.09450238074812178,0.5806715517814748,0.5222578199278597,-0.05841373185361509
A05,7,11,20045,1,0,0.5149067225397085,0.5625962669332419,0.047689544393533456,0.34988255192196865,0.5131813830945832,0.1632988311726145,0.6603545797749918,0.598293258122888,-0.06206132165210376,0.5165839034058931,0.5114314134218293,-0.005152489984063813
A05,7,12,21940,1,0,0.589427983324824,0.3528737594877111,-0.23655422383711294,0.5591259045808048,0.6374498148741596,0.07832391029335484,0.5950620490963886,0.5204850585838743,-0.07457699051251432,0.6225182021659105,0.4120887457628778,-0.21042945640303268
A05,7,13,23912,2,0,0.3411007940903268,0.40502433065561877,0.06392353656529198,0.6285553667062349,0.6203387122231353,-0.008216654483099606,0.6526301898831438,0.6654798253596252,0.012849635476481436,0.5242326109812305,0.5394592824080827,0.01522667142685219
A05,7,14,25856,4,0,0.3876623618529096,0.4459608273208202,0.05829846546791062,0.17581631985008586,0.6030867308267102,0.4272704109766243,0.5892077959561389,0.4924204375650124,-0.09678735839112651,0.6012887791118036,0.488712927169553,-0.11257585194225056
A05,7,15,27823,3,0,0.4710402142249203,0.5098293689805271,0.03878915475560679,0.583026817429207,0.5909675700008709,0.007940752571663823,0.5980139716653629,0.4492055316668782,-0.14880843999848464,0.7104927883977377,0.5803318813404041,-0.13016090705733352
A05,7,16,29943,2,0,0.11238337713996342,0.6445076469978578,0.5321242698578944,0.5306312398321225,0.40094494124795116,-0.1296862985841713,0.6752252380067708,0.49969378937498404,-0.17553144863178677,0.6620995328544936,0.37593815339913783,-0.2861613794553558
A05,7,18,34017,3,0,0.22582102895284023,0.42220665134916313,0.1963856223963229,0.6112000014869184,0.43816193600606007,-0.17303806548085837,0.6178158578702652,0.603194662289955,-0.014621195580310165,0.31307460607106147,0.6618404108868045,0.348765804815743
A05,7,19,36053,4,0,0.4720100274175468,0.3144405599962772,-0.1575694674212696,0.7577569498267479,0.5525119491335313,-0.2052450006932166,0.559230080914994,0.5408147166338636,-0.018415364281130442,0.5500506006790677,0.5394473313997353,-0.010603269279332417
A05,7,20,38119,3,0,0.47929320758967725,0.44935938725143443,-0.029933820338242823,0.6643505613291906,0.7045222422883815,0.04017168095919088,0.5812650301134766,0.5703105282514057,-0.01095450186207092,0.2789419418757422,0.198407475277999,-0.08053446659774322
A05,7,21,40189,4,0,0.7586214456790588,0.36924052115130157,-0.3893809245277572,0.828830872044421,0.5961419822592608,-0.2326888897851601,0.5656254538452767,0.44960523062060936,-0.11602022322466737,0.14568695980190524,0.24183388202007985,0.09614692221817461
A05,7,22,42269,2,0,0.6444472732977768,0.41689257884876646,-0.2275546944490104,0.8764939853536572,0.5545952201033522,-0.32189876525030503,0.542281318634229,0.5047053074481246,-0.03757601118610443,0.27142345856122374,0.1955319878729401,-0.07589147068828364
A05,7,23,44181,2,0,0.18710568924173593,0.13579920035492296,-0.05130648888681297,0.6145169667622004,0.23660982612576564,-0.3779071406364347,0.4516143585370176,0.48422465595590947,0.032610297418891876,0.1224123921125881,0.34383294109842705,0.22142054898583896
A05,7,24,46212,4,0,0.46153873965137665,0.4277304774700955,-0.033808262181281135,0.6770287298918761,0.6570121806000583,-0.020016549291817842,0.5453126122702971,0.5054614702473632,-0.03985114202293394,0.2450781473125039,0.28656248629008246,0.041484338977578555
A05,7,25,48165,1,0,0.504262652412229,0.33656074190957647,-0.16770191050265254,0.5516616597803833,0.44027355469171886,-0.11138810508866442,0.6065780372529039,0.49571858244502576,-0.11085945480787818,0.25508227658673577,0.27619743970325755,0.021115163116521785
A05,7,26,50126,2,0,0.36505300266294677,0.4496933976237526,0.08464039496080583,0.6505661737259895,0.5668243908367037,-0.0837417828892858,0.39224133682021506,0.5587296350462925,0.1664882982260774,0.12448937155756398,0.23251725929513198,0.108027887737568
A05,7,27,52230,2,0,0.4532590529626731,0.21222370817582542,-0.24103534478684768,0.4104525982917905,0.6465218030233527,0.23606920473156223,0.5155291535854774,0.5509115837798189,0.03538243019434151,0.056841439731228474,0.25176235658150947,0.194920916850281
A05,7,28,54234,2,0,0.4465106929693106,0.47659953612112177,0.03008884315181115,0.45112996254035964,0.5868023809189163,0.1356724183785567,0.5711757158677139,0.5922312360131017,0.021055520145387807,0.3433451554033039,0.2609895001505275,-0.08235565525277638
A05,7,29,56209,3,0,0.5614421866034291,0.2746436165363885,-0.2867985700670406,0.5328587357523331,0.5700040129271633,0.03714527717483018,0.480651345237327,0.518688342640373,0.038036997403046,0.3735839553363776,0.23143361460342066,-0.14215034073295696
A05,7,30,58235,4,0,0.38343724702542975,0.5336497015992552,0.15021245457382543,0.4796999463213142,0.5016997935473259,0.02199984722601167,0.5045436660018371,0.47292941265186517,-0.03161425334997192,0.21390875406935125,0.45035730820179115,0.2364485541324399
A05,7,31,60306,1,0,0.5144330324468862,0.5909440848785318,0.07651105243164558,0.5347385282597595,0.5726424893577512,0.037903961097991656,0.4038892477940932,0.43570997489850305,0.03182072710440986,0.17506142110467188,0.13841038064182373,-0.036651040462848145
A05,7,32,62413,4,0,0.5608184252090909,0.46636403769633006,-0.0944543875127608,0.6955281068532779,0.47445335562039126,-0.22107475123288667,0.5590058788114513,0.412834620323121,-0.14617125848833024,0.17656766110618757,0.18832477019952412,0.011757109093336549
A05,7,33,64505,1,0,0.7381870418527677,0.23671208589835818,-0.5014749559544096,0.7090212127925406,0.5744932362558338,-0.13452797653670678,0.5340663491730219,0.49049266417902476,-0.04357368499399711,0.1592453989840156,0.2860394414595259,0.12679404247551032
A05,7,34,66596,3,0,0.45579348298118766,0.34631027160255495,-0.1094832113786327,0.6299579036300261,0.540773380970197,-0.08918452265982912,0.6036060797671815,0.5976995478595813,-0.005906531907600154,0.5166788669857427,0.375756984321395,-0.14092188266434774
A05,7,35,68639,1,0,0.3770030094097291,0.4017932933255009,0.024790283915771816,0.5440586162092951,0.19070122546514084,-0.35335739074415423,0.46182873377299977,0.4033512770206221,-0.05847745675237764,0.30548396630813734,0.2836252762502434,-0.021858690057893926
A05,7,36,70703,4,0,0.2850989611039945,0.624351728162912,0.33925276705891744,0.548992620710541,0.5227529888910821,-0.026239631819458875,0.28290093287168655,0.5869420134172746,0.30404108054558804,0.3746731881855122,0.4792105759626067,0.10453738777709448
A05,7,37,72723,1,0,0.26641037024027214,0.4790166513613214,0.21260628112104923,0.5193635609458397,0.44688850097644917,-0.07247505996939052,0.4434310756797829,0.47124062152300744,0.027809545843224537,0.10310742312223743,0.43661543428183613,0.3335080111595987
A05,7,38,74695,3,0,0.7762916889760355,0.49721656159126265,-0.27907512738477286,0.4570398011555606,0.5456300509570328,0.08859024980147218,0.5972243865149417,0.5067348037687118,-0.09048958274622987,0.32976543284824344,0.3776602848529785,0.04789485200473503
A05,7,39,76658,1,0,0.3250643318593679,0.5065042908168228,0.1814399589574549,0.6701807172977949,0.4453889975285666,-0.22479171976922835,0.5708971563805261,0.5756885807954841,0.0047914244149580565,0.4876909400293631,0.1872900944614861,-0.300400845567877
A05,7,40,78583,2,0,0.6717944200488555,0.39332912954869964,-0.27846529050015584,0.633410423039254,0.48998321730275496,-0.14342720573649903,0.5635543445373965,0.6772006175463038,0.11364627300890728,0.35427068069549456,0.43949077594245367,0.08522009524695912
A05,7,41,80664,3,0,0.19405527515477544,0.4555345977214757,0.26147932256670026,0.4765666813215641,0.5276072943143115,0.051040612992747425,0.5933423510156182,0.5560577097819472,-0.03728464123367092,0.1852182045400104,0.355787785528221,0.1705695809882106
A05,7,42,82642,3,0,0.5465491576969421,0.20499619255143905,-0.34155296514550304,0.6953636647012804,0.5002065668413894,-0.195157097859891,0.5549410988484212,0.5853548339730187,0.03041373512459744,0.3324618857723401,0.22643788539864382,-0.10602400037369628
A05,7,43,84632,4,0,0.3421003579471439,0.4014672818033874,0.059366923856243536,0.41245813816362425,0.6588493520252506,0.24639121386162638,0.4025538818890775,0.5636866256623015,0.16113274377322406,0.16021036178311102,0.3571969792312998,0.19698661744818877
A05,7,44,86751,1,0,0.5079311419421632,0.4030346573645578,-0.10489648457760536,0.6779034080506733,0.5519390492072448,-0.1259643588434285,0.49236359894208465,0.6697984744894115,0.1774348755473269,0.18627910661557143,0.4875004290201427,0.3012213224045712
A05,7,45,88657,2,0,0.26451313501364626,0.37419435522186145,0.10968122020821519,0.30470373332971984,0.3422962135334212,0.03759248020370137,0.5187013811813387,0.38268666393647804,-0.13601471724486064,0.24184247791464605,0.09024548451073235,-0.1515969934039137
A05,7,46,90585,4,0,0.38816443800821343,0.5633754078483035,0.1752109698400901,0.4298878376309977,0.46248072288384334,0.03259288525284565,0.5108047886556333,0.646619546773252,0.13581475811761867,0.40274869226116344,0.3937112162272155,-0.009037476033947944
A05,7,47,92699,2,0,0.5318279545094047,0.3827910519457611,-0.1490369025636436,0.5844043352124076,0.4306173242016051,-0.15378701101080255,0.4843048238078568,0.5719354510729774,0.08763062726512061,0.3743633010886787,0.37350329368031276,-0.0008600074083659481
A05,7,48,94758,3,0,0.5229278925615093,0.3681486234394333,-0.154779269122076,0.6135133340902748,0.4439892885757567,-0.16952404551451805,0.47293196045696456,0.432441318938161,-0.04049064151880355,0.19174571845035202,0.2744827557582594,0.08273703730790741
A05,8,1,251,3,0,0.8278280781463604,0.301140924526372,-0.5266871536199884,0.5131026247038388,0.5141323343330991,0.0010297096292603003,0.5652801376454363,0.6371408057692562,0.07186066812381997,0.45096584167923365,0.4984867853920297,0.04752094371279603
A05,8,2,2254,1,0,0.3761923897222274,0.13399321897666286,-0.24219917074556455,0.5661668604218056,0.5585476727673243,-0.00761918765448133,0.5302908895946773,0.7548759103444634,0.22458502074978615,0.6573109482512444,0.6715599714300617,0.014249023178817377
A05,8,3,4172,4,0,0.634284120406764,0.5360611869088995,-0.09822293349786448,0.46976680952735844,0.5860482079658947,0.1162813984385363,0.5794015561876263,0.6398862656766637,0.06048470948903739,0.4665029187863089,0.7161899931579061,0.2496870743715972
A05,8,4,6124,2,0,0.6784063081712361,0.5122538952679397,-0.1661524129032964,0.5390076239363492,0.43909883182687864,-0.09990879210947051,0.43975715266444,0.6707740472195824,0.23101689455514246,0.36651472176215183,0.5127383795321739,0.1462236577700221
A05,8,5,8132,4,0,0.5587667645654706,0.6411889327160162,0.0824221681505456,0.6566758350609427,0.44610766099642374,-0.210568174064519,0.689356045605518,0.6297111258010325,-0.0596449198044855,0.5025320329673315,0.613655516896706,0.11112348392937454
A05,8,6,10243,1,0,0.5787980682644468,0.40806338000220477,-0.17073468826224203,0.5691511644032843,0.5739611195666685,0.0048099551633842275,0.5166633161398987,0.45517841771075684,-0.06148489842914184,0.421493536285991,0.3966491680748198,-0.024844368211171197
A05,8,7,12160,1,0,0.373622407885029,0.335371000063155,-0.03825140782187397,0.42060057932882705,0.45595985334195355,0.035359274013126496,0.5320043639378393,0.6453190935299987,0.11331472959215938,0.3911413749498674,0.5762704893395781,0.18512911438971075
A05,8,8,14210,3,0,0.49290434016914725,0.15090552390645925,-0.341998816262688,0.3959093807359556,0.5504223511537353,0.15451297041777967,0.5158284310798268,0.46553362517433927,-0.050294805905487516,0.47383708958790355,0.6221934367551363,0.14835634716723273
A05,8,9,16141,3,0,0.20935157302516538,0.25993580824969714,0.05058423522453176,0.6720095259106482,0.3122288749289089,-0.35978065098173934,0.47156640608432276,0.496347644405814,0.02478123832149126,0.42332675179744267,0.6601578316750282,0.2368310798775855
A05,8,10,18139,2,0,0.4199631061260522,0.36119161937556843,-0.05877148675048377,0.41065545285076815,0.4888649189156419,0.07820946606487372,0.48741302761928196,0.5833163369854079,0.0959033093661259,0.26111204924328213,0.5574715917526187,0.2963595425093366
A05,8,11,20045,4,0,0.3903969862606119,0.44899966051955137,0.05860267425893945,0.5291406912234158,0.4079875836643243,-0.12115310755909148,0.5606546162177536,0.5928771222948838,0.032222506077130175,0.691344601250088,0.4854069295001913,-0.2059376717498967
A05,8,12,21940,2,0,0.49297748824767346,0.1333157714812401,-0.3596617167664333,0.49775498009229835,0.494748146972069,-0.0030068331202293686,0.6249137098562908,0.408213238077921,-0.21670047177836982,0.3553669321725672,0.3770127606941354,0.02164582852156821
A05,8,13,23912,2,0,0.4714568688611364,0.10467225209542723,-0.36678461676570917,0.5668071965439614,0.530181706890188,-0.036625489653773435,0.5594830098884533,0.5609913132771448,0.0015083033886914565,0.37357841598066355,0.6251306520351171,0.25155223605445354
A05,8,14,25856,1,0,0.439292282269086,0.3119239817095664,-0.1273683005595196,0.4246461039412948,0.40007657774546956,-0.024569526195825253,0.694688680896878,0.5425591553130328,-0.15212952558384518,0.5454571949412516,0.5624143187651185,0.016957123823866938
A05,8,15,27823,2,0,0.5344603771889487,0.06265833194226525,-0.47180204524668345,0.5356136149230207,0.4827396114372554,-0.05287400348576532,0.45624119960117326,0.572205463299896,0.1159642636987227,0.3946594277988108,0.2640231785201775,-0.13063624927863332
A05,8,16,29943,4,0,0.5147480473955757,0.6748026383826362,0.16005459098706054,0.6332718737735139,0.5105660658800297,-0.12270580789348418,0.5000927083034665,0.6654753367902326,0.1653826284867661,0.4846077950633364,0.70585857516266,0.22125078009932364
A05,8,17,31951,4,0,0.5179856671175241,0.3710851805178013,-0.14690048659972282,0.6154378131655056,0.5911231907358824,-0.024314622429623234,0.5517191578815679,0.5626631507235941,0.010943992842026184,0.5122966669634282,0.5218341890779096,0.009537522114481334
A05,8,18,34017,2,0,0.2870522952367814,0.7167459459538493,0.42969365071706794,0.6164291597224689,0.502734025822438,-0.11369513390003094,0.6284757388632841,0.622434148072932,-0.006041590790352158,0.48457591018885404,0.6141720283780181,0.12959611818916406
A05,8,19,36053,2,0,0.3926747794559585,0.31319210724797675,-0.07948267220798177,0.5057030493246016,0.6103865769062444,0.10468352758164279,0.6273570156060849,0.5543886952917658,-0.0729683203143191,0.7246444057735262,0.5782023076675467,-0.14644209810597952
A05,8,20,38119,2,0,0.45621169837403996,0.3839245950615328,-0.07228710331250715,0.7519603903592671,0.5471572124766443,-0.2048031778826228,0.6396045011890278,0.6272161166224334,-0.012388384566594413,0.6004347176397885,0.5625322100581925,-0.03790250758159597
A05,8,21,40189,2,0,0.6914038207844566,0.3367852296378083,-0.3546185911466483,0.7104120480657271,0.4819205294666924,-0.22849151859903472,0.5594044646091747,0.6381169509112647,0.07871248630209005,0.5153635718367949,0.631264417221636,0.11590084538484102
A05,8,22,42269,4,0,0.5404446856405564,0.47152884294208786,-0.06891584269846851,0.46893797732697734,0.6575983933104014,0.18866041598342403,0.5146680654553104,0.6070191232424715,0.09235105778716113,0.6590242193180867,0.41646768343922436,-0.2425565358788624
A05,8,23,44181,4,0,0.6195105888432738,0.42021183593895983,-0.19929875290431398,0.7290562413403547,0.5889414108903536,-0.14011483045000117,0.6738375170008855,0.6450452948214344,-0.0287922221794511,0.6535575766301548,0.5407146459725599,-0.11284293065759488
A05,8,24,46212,3,0,0.6076082628234927,0.286822525078178,-0.32078573774531466,0.6867959445021012,0.4827796974789037,-0.20401624702319754,0.6578299690604086,0.5391614181459896,-0.11866855091441897,0.4111004668465906,0.5725338098833223,0.16143334303673168
A05,8,25,48165,4,0,0.3573589253046116,0.32846813647825485,-0.02889078882635676,0.7777963265543144,0.4658540421160567,-0.3119422844382577,0.7375070013689289,0.5720630730072676,-0.16544392836166133,0.6820449665583259,0.45729863546712174,-0.22474633109120418
A05,8,26,50126,1,0,0.5559415469529176,0.5994126287583994,0.04347108180548176,0.6891428332181445,0.40052576223687847,-0.28861707098126604,0.5497988855753002,0.48327213353581266,-0.06652675203948755,0.6518116212011832,0.4021380402127865,-0.2496735809883967
A05,8,27,52230,2,0,0.6027600610380773,0.39047507805741877,-0.21228498298065857,0.727386670604426,0.6455356265535706,-0.08185104405085541,0.5689779274170769,0.5904192503483633,0.021441322931286422,0.43696346374505196,0.4756277305570163,0.03866426681196433
A05,8,28,54234,3,0,0.3683277605597537,0.28795148226901457,-0.08037627829073912,0.4834459959064641,0.5756146795538074,0.09216868364734332,0.5570503773487295,0.5813688722813318,0.024318494932602297,0.4184493881964681,0.6598189704687754,0.24136958227230726
A05,8,29,56209,2,0,0.26064291535860373,0.4938812793887583,0.23323836403015458,0.7387807009950248,0.4380027622702713,-0.3007779387247535,0.5304146220535626,0.5718710609871048,0.04145643893354223,0.6440715253609761,0.531578810756467,-0.11249271460450916
A05,8,30,58235,1,0,0.2856881392959362,0.5073322527628635,0.2216441134669273,0.5066768539419718,0.4746266270300255,-0.03205022691194631,0.4657324972945784,0.6066342463045881,0.14090174901000968,0.4747312352503212,0.5072807962626091,0.03254956101228795
A05,8,31,60306,4,0,0.5015602783550398,0.31399845119026093,-0.18756182716477887,0.5331522234994024,0.324008229954494,-0.20914399354490837,0.5988773615487124,0.6607740978397202,0.06189673629100778,0.6737946768275827,0.6427419115033094,-0.031052765324273257
A05,8,32,62413,1,0,0.43532977085246866,0.49135774354270806,0.0560279726902394,0.6411970791735674,0.5108519872867543,-0.1303450918868131,0.6325082077527032,0.6310579960426714,-0.0014502117100317902,0.5427545988391964,0.591122715618884,0.04836811677968755
A05,8,33,64505,4,0,0.5858379575207844,0.21209789502086984,-0.37374006249991454,0.5399977508975377,0.6144759486008986,0.07447819770336095,0.6088908210980188,0.6142547652960383,0.0053639441980194436,0.6422415174005301,0.6712868859151369,0.029045368514606706
A05,8,34,66596,1,0,0.6232365976454368,0.37383952190746444,-0.24939707573797237,0.6080698922127697,0.586416345729044,-0.02165354648372575,0.5754790482852804,0.6652214263079392,0.08974237802265883,0.5999287724403961,0.5595796807422283,-0.040349091698167805
A05,8,35,68639,1,0,0.4083538928741078,0.3950499385044011,-0.013303954369706661,0.6388490733661756,0.7679031565532147,0.12905408318703915,0.5369110352767699,0.6342713503648826,0.09736031508811271,0.505871970591398,0.5458426502256737,0.039970679634275696
A05,8,36,70703,1,0,0.3562591197392943,0.32310511634711686,-0.033154003392177445,0.5362481479110832,0.4668670606824032,-0.06938108722868003,0.5748847269911924,0.5185565936056639,-0.056328133385528556,0.7855142028418144,0.5415445363731076,-0.24396966646870677
A05,8,37,72723,1,0,0.32874893654646214,0.3691008074788032,0.04035187093234105,0.6437321817721863,0.6573496867475913,0.013617504975405037,0.5540145684125851,0.5659168421996232,0.01190227378703812,0.5057326420055376,0.6120884624638868,0.10635582045834924
A05,8,38,74695,3,0,0.6244897011639877,0.4392562896279902,-0.18523341153599754,0.5567870221830165,0.6887927537051255,0.13200573152210904,0.5338111568214873,0.618643353860913,0.08483219703942568,0.6461301178918956,0.736425340682986,0.09029522279109048
A05,8,39,76658,3,0,0.5131480856544054,0.4134286072300956,-0.09971947842430978,0.4373837181647836,0.507640936135323,0.07025721797053941,0.682060347821707,0.5496024918697444,-0.13245785595196258,0.7526358539095245,0.5942311715615093,-0.1584046823480152
A05,8,40,78583,4,0,0.48264263897824555,0.36548851472618654,-0.11715412425205901,0.33335440912469305,0.5721513239023458,0.23879691477765275,0.6672877042868325,0.5789500245161319,-0.08833767977070062,0.7795184481422764,0.7166186875432458,-0.06289976059903069
A05,8,41,80664,2,0,0.7259984173410706,0.4328719881453122,-0.29312642919575843,0.5303803789473234,0.5953921763952442,0.06501179744792085,0.5658329803901448,0.5559292732741206,-0.009903707116024285,0.5116026981069001,0.7262517282304035,0.21464903012350345
A05,8,42,82642,3,0,0.6119103968997531,0.351204442152469,-0.26070595474728414,0.3776720427418227,0.5656725385537189,0.1880004958118962,0.3973308383002719,0.5715551419493361,0.17422430364906422,0.5306558556837728,0.4959748897668424,-0.03468096591693043
A05,8,43,84632,3,0,0.590496120169582,0.4899762736811802,-0.10051984648840179,0.49396964914700664,0.5976678258770686,0.10369817673006193,0.7382131934943831,0.5842116520773217,-0.15400154141706135,0.4464841710189712,0.5962855939371998,0.14980142291822862
A05,8,44,86751,3,0,0.47613051827641406,0.40499825434041586,-0.0711322639359982,0.3758517150809948,0.5421688187847158,0.166317103703721,0.4998251896570676,0.5346622817196253,0.03483709206255764,0.4757663837394047,0.42703066982947796,-0.04873571390992676
A05,8,45,88657,4,0,0.464592856191984,0.23722485751044628,-0.2273679986815377,0.7074573038669912,0.5964869881836904,-0.11097031568330085,0.5333945833063571,0.6395950051566023,0.10620042185024514,0.5840426712537347,0.768320978911928,0.1842783076581933
A05,8,46,90585,3,0,0.5367020487908926,0.43277857607461295,-0.10392347271627961,0.4332062111958857,0.5650795944581365,0.1318733832622508,0.45607098848303773,0.6201869634282792,0.16411597494524144,0.5282504185825619,0.6898771222484518,0.16162670366588983
A05,8,47,92699,1,0,0.38443004964666294,0.5411270312239375,0.15669698157727452,0.33568836066781577,0.49721580086972983,0.16152744020191406,0.6716457295453762,0.6237776802715589,-0.04786804927381727,0.5842100294808776,0.5925468685102083,0.00833683902933069
A05,8,48,94758,3,0,0.29652306225106234,0.2614728495124092,-0.035050212738653164,0.708605562473939,0.5319697343582953,-0.1766358281156437,0.6804447142364903,0.6586466228823644,-0.021798091354125915,0.30996392393354244,0.7595361226616371,0.4495721987280946
A06,3,1,251,1,0,0.6345751554584187,0.43421931929077895,-0.20035583616763974,0.1879899515408469,0.31816039139789476,0.13017043985704785,0.17345332542308947,0.4756478941701368,0.3021945687470473,0.41791308629706,0.6203247721685534,0.20241168587149344
A06,3,2,2254,2,0,0.5138430217845873,0.34153427208071113,-0.17230874970387616,0.3098035200664491,0.32558047005043245,0.015776949983983324,0.34486812719798393,0.4349051704911156,0.09003704329313167,0.16363188861932726,0.47169199095027187,0.3080601023309446
A06,3,3,4172,2,0,0.6112921216437195,0.39139220493496774,-0.21989991670875175,0.294346492604558,0.4454054043135414,0.15105891170898345,0.345449624956288,0.4051816073401585,0.05973198238387051,0.6022564391062678,0.4171847863236882,-0.1850716527825796
A06,3,4,6124,1,0,0.13529915130716216,0.49755877804857296,0.36225962674141077,0.4699340351600572,0.47612981528135834,0.00619578012130112,0.34158859321162005,0.38664908906434553,0.04506049585272548,0.5323585002682498,0.5499636363826615,0.017605136114411724
A06,3,6,10243,1,0,0.5958618869049316,0.2959332617536264,-0.2999286251513052,0.38949754353611626,0.4365488366522513,0.04705129311613504,0.32334836892361657,0.3310381702792179,0.007689801355601322,0.4261744978538206,0.4514030411292926,0.02522854327547197
A06,3,7,12160,2,0,0.5714531904528339,0.35180347186502053,-0.2196497185878134,0.38118162697036734,0.38070595047630057,-0.00047567649406676793,0.23149586858554042,0.36469132332125337,0.13319545473571295,0.46576342788176683,0.6039544130099508,0.13819098512818395
A06,3,8,14210,3,0,0.2677573000902194,0.6049858590113834,0.33722855892116393,0.3733131609351291,0.4214955122362546,0.04818235130112547,0.2948432800507745,0.31899244804838695,0.024149167997612464,0.42889461421988156,0.45311646066419525,0.02422184644431369
A06,3,9,16141,2,0,0.40074577593324895,0.4202059974954263,0.01946022156217736,0.3024462145545884,0.24621724799233885,-0.05622896656224957,0.4900942488330181,0.41176059651674407,-0.07833365231627404,0.43267361160104867,0.5243880609830865,0.09171444938203788
A06,3,10,18139,4,0,0.3323392682297822,0.2568337560968328,-0.07550551213294943,0.16093698785599958,0.17820057361969438,0.0172635857636948,0.3452196768354729,0.31076272902303576,-0.03445694781243713,0.5431563059505706,0.4744224852309233,-0.06873382071964734
A06,3,11,20045,1,0,0.39493896978040416,0.4366640537134329,0.04172508393302876,0.2746388788293749,0.3816686379000829,0.107029759070708,0.22878626954839457,0.3228720773211849,0.09408580777279033,0.6589743425191043,0.3955189738846546,-0.2634553686344496
A06,3,12,21940,3,0,0.4538344915485072,0.48439344273827717,0.03055895118976998,0.2207221454461008,0.603588108665569,0.3828659632194682,0.4489982269276073,0.28345598207231465,-0.16554224485529268,0.4087654727898707,0.3328379109363446,-0.07592756185352606
A06,3,13,23912,2,0,0.5730803944941572,0.5821651680660244,0.00908477357186721,0.4061624341688969,0.20484692967808435,-0.20131550449081256,0.23807354384492643,0.4668286800666244,0.228755136221698,0.5838530966807406,0.43815623775316836,-0.14569685892757223
A06,3,14,25856,1,0,0.36016004582180666,0.3254641177992352,-0.03469592802257149,0.27533036943973155,0.5250579564590606,0.24972758701932907,0.3051558451137514,0.3483941296632276,0.0432382845494762,0.5286799463333187,0.48178013873968417,-0.046899807593634546
A06,3,15,27823,4,0,0.38013605608064294,0.4408034129110399,0.06066735683039698,0.32360606919445006,0.35536329746501616,0.031757228270566096,0.19730027046766235,0.46936348317603044,0.2720632127083681,0.34937821259917906,0.441549758833688,0.09217154623450896
A06,3,16,29943,4,0,0.3947023883904489,0.2172618224187905,-0.17744056597165841,0.4372632618718607,0.4822691202016917,0.045005858329831006,0.34950348312912183,0.4005460931794237,0.05104261005030186,0.511627421053386,0.337824225647051,-0.173803195406335
A06,3,17,31951,4,0,0.5958207346746399,0.25921453388694393,-0.336606200787696,0.17564784192298952,0.2655371934089386,0.08988935148594909,0.24939139209273917,0.3404363752794005,0.09104498318666135,0.37908897010924053,0.44461628646731327,0.06552731635807274
A06,3,18,34017,4,0,0.1463763207743651,0.6421954718964883,0.49581915112212316,0.41313852141182955,0.3498911047941764,-0.06324741661765315,0.3790081794565897,0.3810442317187105,0.00203605226212078,0.48585892262954583,0.331787949853288,-0.1540709727762578
A06,3,19,36053,4,0,0.6791901271698192,0.24084803521750975,-0.43834209195230944,0.37302498210515095,0.5377888731844103,0.16476389107925932,0.3070168936295788,0.4766786233039943,0.1696617296744155,0.4759673716388871,0.5179549788991216,0.04198760726023448
A06,3,21,40189,3,0,0.6016852462513506,0.34903672847857375,-0.2526485177727768,0.3779989142782327,0.6469373756110545,0.2689384613328218,0.22166816105053536,0.35613416422707955,0.1344660031765442,0.2475355525305317,0.5718900514679032,0.32435449893737145
A06,3,22,42269,2,0,0.5383894803712957,0.45059043942382565,-0.0877990409474701,0.3616036280480975,0.3036585027569526,-0.05794512529114487,0.3194686687928169,0.3192207198308815,-0.00024794896193536253,0.34899214487155256,0.27006332462580657,-0.07892882024574599
A06,3,23,44181,1,0,0.2889721975615541,0.4290569982644316,0.1400848007028775,0.5581863367884539,0.5759277686139926,0.017741431825538778,0.41425730971015007,0.45318826323441846,0.0389309535242684,0.3921129913472466,0.387149984466499,-0.004963006880747578
A06,3,24,46212,1,0,0.7260036216267949,0.4304538986512905,-0.29554972297550436,0.4740109877084172,0.40214670147598314,-0.07186428623243407,0.23569321262074278,0.29785750864796795,0.062164296027225174,0.5522551782462833,0.31115182707134126,-0.24110335117494208
A06,3,25,48165,3,0,0.5148297953702395,0.4512892083852761,-0.06354058698496345,0.518970904327568,0.4555610076030256,-0.06340989672454239,0.2171227559574643,0.43954525227379654,0.22242249631633224,0.3837204974927568,0.37971701088289317,-0.004003486609863605
A06,3,26,50126,4,0,0.1715424509875847,0.7171194644911808,0.5455770135035961,0.41421654339357844,0.5595708756618061,0.14535433226822764,0.42845544251435946,0.2979423121909086,-0.13051313032345085,0.44881753405685026,0.38423106717717415,-0.06458646687967612
A06,3,27,52230,1,0,0.19458390468918269,0.2513661844711558,0.05678227978197309,0.17758418081735858,0.4064084220053618,0.22882424118800324,0.3519890633942494,0.35438704467898585,0.00239798128473645,0.5113987597511939,0.5229688312779109,0.011570071526717074
A06,3,28,54234,3,0,0.274990639170867,0.34735464959159085,0.07236401042072382,0.5961218212418498,0.46882329975497405,-0.1272985214868757,0.38127948722645844,0.3257745552963362,-0.05550493193012224,0.44062171206194767,0.5539650862314957,0.11334337416954798
A06,3,29,56209,3,0,0.6147806641850081,0.20938286970088865,-0.40539779448411944,0.5984338379801362,0.41446536830250896,-0.1839684696776272,0.37409752069807306,0.37163841114676543,-0.0024591095513076255,0.5225169768997384,0.5550566555905104,0.03253967869077201
A06,3,30,58235,3,0,0.5885529337209364,0.5377346588500365,-0.05081827487089996,0.26893074262638683,0.3015240928206773,0.032593350194290494,0.21160654536815596,0.36853704090489775,0.1569304955367418,0.2560077767141368,0.530645898114052,0.2746381213999152
A06,3,31,60306,1,0,0.08807423721083389,0.476821125379176,0.3887468881683421,0.416768731680604,0.5613297150991595,0.1445609834185555,0.4312525255434979,0.34139276880113306,-0.08985975674236485,0.33723459620606466,0.5494494093591885,0.21221481315312385
A06,3,33,64505,1,0,0.6529945394580015,0.36640967642150707,-0.2865848630364944,0.2461083546598067,0.2711303404699649,0.025021985810158215,0.42208603358845437,0.4269817783835078,0.004895744795053447,0.42781218205753735,0.46756679399466605,0.0397546119371287
A06,3,34,66596,2,0,0.3367287712246955,0.2756644112158285,-0.061064360008867,0.35687263081447723,0.3504761293238782,-0.006396501490599005,0.2578508157668293,0.1844571552450758,-0.07339366052175347,0.10999923480468651,0.49294041075889955,0.38294117595421306
A06,3,35,68639,2,0,0.3768948634531504,0.3572458254382927,-0.019649038014857678,0.7119184844588778,0.3902390660687889,-0.32167941839008896,0.5871988425835578,0.35701821283173135,-0.23018062975182646,0.4574741251865851,0.4032000494055005,-0.05427407578108456
A06,3,36,70703,1,0,0.4081163684442516,0.3070926116216398,-0.10102375682261178,0.5755845185396602,0.5080960039294428,-0.06748851461021743,0.43075989993250113,0.3833187049422208,-0.04744119499028032,0.42231315851158185,0.5333565484072785,0.11104338989569668
A06,3,37,72723,2,0,0.2239589788986875,0.4420308668146305,0.218071887915943,0.561301815763075,0.43485014415094597,-0.12645167161212906,0.35954029618613326,0.44040274384650424,0.08086244766037098,0.40360059034564344,0.5334320782624095,0.12983148791676602
A06,3,38,74695,3,0,0.06403386138060393,0.6311848424196616,0.5671509810390576,0.3279743815610471,0.24236958382895693,-0.08560479773209015,0.4497210377771343,0.30672353766160704,-0.14299750011552725,0.4485527496201703,0.548624303758998,0.10007155413882768
A06,3,39,76658,2,0,0.45306969736265507,0.5594018310562994,0.1063321336936443,0.33737962689472706,0.55896006556046,0.2215804386657329,0.11976483498211583,0.30227314260332283,0.182508307621207,0.22619833700095976,0.5869240838127331,0.36072574681177333
A06,3,40,78583,3,0,0.626867744739801,0.6001128854295217,-0.026754859310279322,0.4295934242306951,0.4545711812977675,0.024977757067072448,0.27911622257556506,0.36948736482766076,0.0903711422520957,0.5011369218915699,0.6398585315900803,0.13872160969851044
A06,3,41,80664,3,0,0.18575335419667974,0.45826685996242666,0.27251350576574696,0.58012322143516,0.3902034671439883,-0.18991975429117175,0.3922736050602181,0.37450347079218593,-0.017770134268032145,0.3057632989072289,0.6580297196000873,0.35226642069285835
A06,3,45,88657,4,0,0.4239476945534499,0.29459830619409244,-0.12934938835935744,0.4272723062318581,0.47136998029586924,0.04409767406401116,0.27010530121246773,0.4378161539966467,0.16771085278417897,0.4004169804786046,0.6261581245372564,0.2257411440586518
A06,3,47,92699,4,0,0.2402472581191192,0.65043179308957,0.4101845349704508,0.2764698265600033,0.5120334582448157,0.23556363168481242,0.2904554170400773,0.26211672550750825,-0.02833869153256907,0.42871705201676935,0.6948334439288352,0.2661163919120658
A06,4,2,2254,3,0,0.29382129117129924,0.2790115475777673,-0.014809743593531932,0.33536932285422133,0.2040764874145165,-0.13129283543970482,0.142831892613208,0.22880344059419264,0.08597154798098464,0.2858089553791885,0.27234637769999853,-0.013462577679189958
A06,4,3,4172,2,0,0.40035397266004885,0.42589936746284257,0.02554539480279372,0.23406116049750145,0.37797995970656817,0.14391879920906672,0.2467135251809622,0.2512793142568137,0.004565789075851506,0.3790010189516929,0.24096077484966844,-0.13804024410202448
A06,4,4,6124,1,0,0.5495287617529192,0.2994140116398491,-0.2501147501130701,0.28762894718375,0.43906931915484,0.15144037197109,0.17661632068211625,0.23038928690430252,0.053772966222186275,0.4024728268983046,0.093604786921219,-0.3088680399770856
A06,4,5,8132,1,0,0.47703184273207366,0.29482595079813656,-0.1822058919339371,0.5010247066164849,0.33467233143842773,-0.16635237517805718,0.3576235505292874,0.2105840726298622,-0.1470394778994252,0.3994286116937372,0.31589861337189307,-0.08352999832184416
A06,4,8,14210,4,0,0.4677485118451366,0.48695150638164314,0.019202994536506535,0.49866293077273205,0.5087003784721901,0.010037447699458024,0.18122855815113242,0.14887028836442612,-0.032358269786706306,0.2691101971802371,0.13283286652811319,-0.1362773306521239
A06,4,9,16141,2,0,0.48118261620554403,0.44183165520265694,-0.0393509610028871,0.6109629596919363,0.3979778073152175,-0.21298515237671878,0.321761206057736,0.35345523230053716,0.031694026242801154,0.26624887678760395,0.11454404131663962,-0.15170483547096433
A06,4,10,18139,3,0,0.4313537823168981,0.29248976029277507,-0.138864022024123,0.4617802236443828,0.33657813808128256,-0.12520208556310025,0.3257986064535624,0.19174116545491549,-0.13405744099864692,0.2424870137715461,0.26625630720819576,0.023769293436649658
A06,4,11,20045,1,0,0.5673216895151811,0.4340607577055667,-0.13326093180961446,0.2625719618347039,0.589511771636747,0.32693980980204307,0.20056363037217714,0.42368604078269395,0.2231224104105168,0.05636086789389667,0.1582103991379849,0.10184953124408824
A06,4,12,21940,1,0,0.6948994133421624,0.39949446907383784,-0.2954049442683246,0.5484040372698902,0.4873322699865414,-0.06107176728334879,0.21726152449472463,0.3426772403670757,0.12541571587235106,0.1664261144731511,0.4022713641970964,0.23584524972394533
A06,4,13,23912,1,0,0.5787625373744694,0.387612827143204,-0.19114971023126537,0.2538262393622506,0.32544390251206895,0.07161766314981832,0.19169213148215977,0.22177772745633403,0.030085595974174262,0.0722936884515017,0.3162398804194266,0.24394619196792489
A06,4,14,25856,4,0,0.5610319671101421,0.42307021271308426,-0.13796175439705788,0.5272858908231813,0.5373226736498528,0.01003678282667142,0.15380143656862505,0.28824895573597903,0.13444751916735398,0.35509688979908116,0.22263509830204023,-0.13246179149704093
A06,4,15,27823,2,0,0.3386231385320276,0.5130766240773312,0.17445348554530365,0.3663537065823408,0.5992759172102631,0.2329222106279223,0.32012342987250647,0.21495999976420338,-0.10516343010830309,0.19938609736505913,0.22755237935391476,0.028166281988855624
A06,4,16,29943,2,0,0.3087532783653996,0.47819365730818447,0.16944037894278485,0.47173566244122983,0.46462997932729133,-0.007105683113938499,0.10769166482209226,0.2695788247730297,0.16188715995093744,0.2483073969330986,0.22265405770298985,-0.025653339230108763
A06,4,17,31951,1,0,0.5251614379718782,0.5001939606911012,-0.024967477280776973,0.2538129163857207,0.5503250250792242,0.29651210869350353,0.12431388565564908,0.39272089589036524,0.26840701023471614,0.11266390402926278,0.29106746857478755,0.17840356454552475
A06,4,19,36053,3,0,0.5098214752398545,0.4123580520474768,-0.09746342319237777,0.42831456178508376,0.3607939335638009,-0.06752062822128285,0.10988219559485438,0.24836272576309673,0.13848053016824236,0.13212013347162468,0.133551160820141,0.0014310273485163283
A06,4,21,40189,2,0,0.511805648742464,0.527166790948531,0.015361142206066991,0.4231253240837763,0.1697088143044038,-0.25341650977937247,0.17535970296355088,0.30400005682521897,0.12864035386166808,0.11830218695831353,0.39897470244715943,0.2806725154888459
A06,4,23,44181,4,0,0.6056738713914526,0.3613082059278591,-0.24436566546359345,0.4855517392097835,0.37412155058188795,-0.11143018862789555,0.261713439498302,0.23795126725511304,-0.023762172243188967,0.2592412466799825,0.1451338509328736,-0.1141073957471089
A06,4,24,46212,3,0,0.5794116834714386,0.36644650066475737,-0.2129651828066812,0.44733737907812693,0.3494467957845937,-0.09789058329353323,0.20896355310519035,0.24170929004084712,0.03274573693565677,0.2961119711779107,0.3319942091210608,0.0358822379431501
A06,4,25,48165,1,0,0.7024607162662484,0.3077346052325762,-0.3947261110336722,0.4255266638813818,0.25791460627909685,-0.16761205760228493,0.4113620416235083,0.2378133537856875,-0.17354868783782082,0.15535710305910436,0.176429670745996,0.02107256768689164
A06,4,26,50126,4,0,0.4433433842467952,0.5483151392409176,0.10497175499412237,0.5711218354578558,0.4823270215975134,-0.08879481386034238,0.18524661202725914,0.25117108364556573,0.06592447161830658,0.20581883267505616,0.3557189886096512,0.14990015593459502
A06,4,27,52230,4,0,0.3694152990133647,0.5545140292314735,0.18509873021810885,0.3364886608982398,0.38667323986351226,0.05018457896527245,0.1414986383778614,0.23385107103458644,0.09235243265672505,0.16537325066850614,0.37772280365995686,0.21234955299145072
A06,4,31,60306,2,0,0.5603520624320649,0.2958330621508888,-0.26451900028117614,0.4205967193047578,0.4211537336693457,0.0005570143645879377,0.3363445908136475,0.2928667057534161,-0.04347788506023137,0.3211395817935411,0.5513317757752597,0.23019219398171864
A06,4,32,62413,1,0,0.4233254761073245,0.3086423819836468,-0.11468309412367772,0.35325707841483667,0.4769924677791374,0.12373538936430073,0.3298787736995549,0.4209548470557759,0.09107607335622103,0.3771089407092019,0.7056593121616909,0.32855037145248894
A06,4,36,70703,3,0,0.5043564947692685,0.35706412865313275,-0.14729236611613572,0.22045870820520252,0.3727963638432752,0.15233765563807267,0.46029873588402703,0.4888719942825953,0.02857325839856828,0.435998411287156,0.6968785070655912,0.2608800957784352
A06,4,37,72723,4,0,0.23155238538215764,0.5167505205354589,0.2851981351533013,0.4796063817503428,0.29310763433503606,-0.18649874741530675,0.34646325373962183,0.3638608256602728,0.017397571920650945,0.5993709980802393,0.6415485994224549,0.0421776013422156
A06,4,41,80664,2,0,0.5554404141721049,0.46331240796868034,-0.09212800620342454,0.5831632260105458,0.6393863509384613,0.05622312492791548,0.1610584830386394,0.22692725783980056,0.06586877480116116,0.332649532872594,0.369233317626182,0.03658378475358798
A06,4,42,82642,3,0,0.2342796793306059,0.4262412969773425,0.19196161764673658,0.40604526552667075,0.20504696473374082,-0.20099830079292993,0.18036983841921098,0.29575820335880787,0.1153883649395969,0.39554040881630165,0.5936730445772147,0.19813263576091306
A06,4,44,86751,3,0,0.5578982566094168,0.20599851845744763,-0.3518997381519692,0.5751646199124559,0.25483573347340005,-0.3203288864390559,0.27142140346820115,0.29803549679222235,0.026614093324021204,0.5768865780635996,0.473864635294662,-0.10302194276893756
A06,5,2,2254,1,0,0.50691202740787,0.5189529491087774,0.012040921700907425,0.4741962886360449,0.5283433328748088,0.05414704423876393,0.4501717026609954,0.4046912368593577,-0.04548046580163767,0.28954414237798,0.39928785852856724,0.10974371615058726
A06,5,3,4172,4,0,0.5023315601020107,0.31127190533012744,-0.1910596547718833,0.5906421434929433,0.3535476586210042,-0.23709448487193913,0.1133684772651901,0.2962327456867318,0.1828642684215417,0.1325935934889803,0.3400011257134357,0.2074075322244554
A06,5,4,6124,2,0,0.15897929742069877,0.33516076321143273,0.17618146579073396,0.3531268152025679,0.5671780702949284,0.2140512550923605,0.15647270595488674,0.2646306779060467,0.10815797195115998,0.2023833094985621,0.12369998542028841,-0.07868332407827368
A06,5,5,8132,1,0,0.6220581104412801,0.35137641045921125,-0.27068169998206887,0.2562179626796093,0.3741334833380891,0.11791552065847982,0.23974006850291682,0.2548421622747858,0.015102093771868969,0.25347679503181675,0.3177921038052431,0.06431530877342634
A06,5,6,10243,3,0,0.49683957279004837,0.38499045987285907,-0.1118491129171893,0.420874931137769,0.33540238630629615,-0.08547254483147287,0.11447640209284903,0.1685860513993688,0.05410964930651978,0.32005937731365214,0.3304997962763568,0.010440418962704645
A06,5,7,12160,1,0,0.40876904558628635,0.5023606056944038,0.09359156010811742,0.24124090898002093,0.47285161346958854,0.2316107044895676,0.17214252842215494,0.3008089254529408,0.12866639703078586,0.15207295045967215,0.26884594362583675,0.1167729931661646
A06,5,8,14210,3,0,0.4222946047156709,0.6991421206201688,0.2768475159044979,0.4359708267567193,0.4435695705849338,0.007598743828214516,0.3973326127920371,0.2884814230103541,-0.10885118978168296,0.2626024568404299,0.2930914735756122,0.03048901673518234
A06,5,14,25856,1,0,0.5423851712874618,0.4146116542564888,-0.12777351703097295,0.3422283908591318,0.4870283611854448,0.14479997032631298,0.27377760274849816,0.34330191387817555,0.06952431112967739,0.5666762884622477,0.3483727573315255,-0.2183035311307222
A06,5,15,27823,3,0,0.613210684591153,0.7031513408736274,0.08994065628247438,0.42412832325202693,0.5714105155051329,0.14728219225310596,0.38634537232221905,0.2775252543624967,-0.10882011795972235,0.5616010551040258,0.24946791959993492,-0.3121331355040909
A06,5,16,29943,2,0,0.16194727225508573,0.3964461236443303,0.23449885138924456,0.4928874761182645,0.35800271398802697,-0.13488476213023753,0.28344334534098925,0.29327813978344164,0.009834794442452388,0.4349340961247354,0.5537140864190763,0.11877999029434089
A06,5,21,40189,1,0,0.4612262801306878,0.2986558703665331,-0.16257040976415466,0.39766944997741327,0.5049812899348435,0.10731183995743021,0.33840520893962855,0.2988915491466408,-0.039513659792987765,0.47812689345828596,0.5078795862954547,0.029752692837168748
A06,5,22,42269,4,0,0.36232897194340624,0.5779946676240533,0.21566569568064703,0.6094087643300121,0.669353144651111,0.059944380321098834,0.4528338337482604,0.42655896823961303,-0.026274865508647383,0.5425403254728358,0.4036474760728647,-0.1388928493999711
A06,5,23,44181,2,0,0.519082996204965,0.3485166172467085,-0.1705663789582565,0.5979978254919527,0.45734856423933445,-0.14064926125261823,0.3791988701961576,0.4263476057453711,0.047148735549213505,0.58345427470863,0.6111802061900232,0.02772593148139324
A06,5,24,46212,4,0,0.4072337942551962,0.6037750906433021,0.19654129638810597,0.2841884933020437,0.5964336745746465,0.31224518127260276,0.36271667329198287,0.38758164667560824,0.024864973383625366,0.3581211022750099,0.7700738732426202,0.41195277096761035
A06,5,27,52230,3,0,0.662431877447486,0.2627844381535343,-0.3996474392939517,0.36538426250642075,0.5106416216072126,0.14525735910079185,0.10559391546351195,0.4283494876847463,0.32275557222123435,0.4083683750357752,0.5960887487335741,0.18772037369779887
A06,5,28,54234,2,0,0.30012729684908923,0.3148315171321932,0.014704220283103975,0.3948565703679818,0.39183442988287015,-0.003022140485111624,0.5363412549186598,0.5008111170993778,-0.03553013781928205,0.5351427425578681,0.5667918199412741,0.031649077383406055
A06,5,31,60306,3,0,0.5123246501579806,0.2792722783784783,-0.23305237177950228,0.6003319492802593,0.47106403095796207,-0.12926791832229728,0.3153015088017453,0.2989930073567579,-0.01630850144498741,0.625279842619649,0.4655897054618787,-0.15969013715777025
A06,5,34,66596,4,0,0.4438002566357223,0.3825620378155561,-0.061238218820166224,0.3576158295820096,0.4561018158891711,0.09848598630716149,0.3355100144449531,0.36417842329415884,0.02866840884920574,0.32429998484189554,0.4200240664725507,0.09572408163065516
A06,5,37,72723,1,0,0.5788457110751661,0.7599549760411302,0.18110926496596402,0.3572761539870794,0.3903213946524917,0.03304524066541231,0.3866575860162422,0.4568598809801988,0.07020229496395658,0.47526018954169935,0.5126590683885348,0.03739887884683546
A06,5,38,74695,2,0,0.38389653261786905,0.41429283671671924,0.03039630409885019,0.31215713742753615,0.5753766821658142,0.263219544738278,0.4128238862711406,0.3870466333799132,-0.025777252891227398,0.4658929093597923,0.47828484568355634,0.012391936323764063
A06,5,39,76658,4,0,0.3670340712769961,0.4591786455185334,0.09214457424153727,0.5830459174985209,0.5649549258005886,-0.018090991697932268,0.4230001681413165,0.48954112336911504,0.06654095522779852,0.5040302661427174,0.7270933027340316,0.2230630365913142
A06,5,42,82642,3,0,0.3518321242990358,0.21015572580822456,-0.14167639849081126,0.43426222336475373,0.4958867956335381,0.06162457226878437,0.303934298076262,0.3864676689826737,0.08253337090641172,0.3718911873668156,0.46293420297462223,0.09104301560780664
A06,5,44,86751,2,0,0.23123520883278162,0.4569916046818869,0.22575639584910526,0.27786566648143696,0.40389719684802866,0.1260315303665917,0.2442698570051983,0.27326758947898805,0.028997732473789756,0.1935209615313887,0.39977927527246565,0.20625831374107695
A06,5,45,88657,2,0,0.5834331572484152,0.4394286402502005,-0.14400451699821465,0.3132807874537217,0.5453631885531968,0.2320824010994751,0.38335674084902294,0.3408844591531897,-0.042472281695833225,0.6141513967798213,0.6621098385808055,0.047958441800984186
A06,5,47,92699,4,0,0.6131633824021802,0.6563135458590607,0.0431501634568805,0.18672627795156618,0.800432713818344,0.6137064358667779,0.2573827471793251,0.5153589793772339,0.2579762321979088,0.38411025341741734,0.7443664912762201,0.3602562378588028
A06,5,48,94758,1,0,0.6496928778836357,0.6010387747608217,-0.04865410312281404,0.36625844010834047,0.7060990833964192,0.3398406432880788,0.40161821958345906,0.42821124772778146,0.026593028144322406,0.3680360668427754,0.755685247196561,0.38764918035378565
A06,6,2,2254,4,0,0.3016241536383241,0.3240978637481729,0.022473710109848777,0.46126996697387807,0.3733617752179071,-0.08790819175597098,0.30130853539213387,0.3268321069117829,0.025523571519649013,0.5492634347621975,0.4971850714215229,-0.052078363340674616
A06,6,3,4172,1,0,0.3399049772592338,0.5034379599050892,0.16353298264585542,0.3332242633473411,0.3944526715514859,0.06122840820414477,0.401307643137207,0.35285498024465217,-0.04845266289255484,0.2768301771461836,0.37786732088149033,0.10103714373530676
A06,6,4,6124,3,0,0.19693228643375355,0.3574141364853691,0.16048185005161558,0.2493067333594757,0.4280288227612476,0.1787220894017719,0.3328469772642122,0.3817367977163495,0.0488898204521373,0.31708432166709727,0.427710019631602,0.11062569796450472
A06,6,6,10243,4,0,0.41385016896691884,0.45951785347215557,0.04566768450523673,0.4102561889475419,0.26634305944637887,-0.14391312950116303,0.3882742052468317,0.25326455925126884,-0.13500964599556287,0.5702857651571362,0.5376286872625134,-0.0326570778946228
A06,6,7,12160,1,0,0.4429389028025688,0.5465878103622756,0.10364890755970674,0.47830055660723786,0.42659107027748217,-0.051709486329755694,0.3146916537907099,0.342652925966999,0.027961272176289076,0.17239899191190267,0.5681994994276305,0.3958005075157278
A06,6,8,14210,1,0,0.4613095402783306,0.09253143360056,-0.3687781066777706,0.25319237181499804,0.5580756640579542,0.3048832922429561,0.2478171685929626,0.3267686439214649,0.07895147532850227,0.23282418990988288,0.2462241522344515,0.01339996232456861
A06,6,9,16141,3,0,0.3907759905963907,0.6104652322273003,0.21968924163090964,0.4586857865898401,0.4804768299419767,0.021791043352136608,0.3117224733178907,0.28676299711729375,-0.024959476200596964,0.28190645214854276,0.4035688681667057,0.12166241601816291
A06,6,10,18139,2,0,0.360214717371866,0.17423521932814415,-0.18597949804372185,0.37552845198345314,0.4268719062788131,0.05134345429535997,0.2252784711002024,0.24593637758322662,0.020657906483024208,0.5923963412659516,0.4186340462397692,-0.17376229502618246
A06,6,11,20045,4,0,0.3086704922924549,0.333912885546702,0.025242393254247097,0.49336182004143225,0.45756008218715094,-0.03580173785428131,0.23628504384890997,0.3758741112773568,0.13958906742844684,0.4426454529520622,0.40244847334560113,-0.04019697960646107
A06,6,12,21940,4,0,0.7559441407231866,0.5309590667703504,-0.22498507395283618,0.5841544749981634,0.3663034169692219,-0.2178510580289415,0.354406794637253,0.2670531801978012,-0.08735361443945178,0.20406362064197464,0.47310602616312913,0.2690424055211545
A06,6,13,23912,4,0,0.38002554629075874,0.7778321772068555,0.39780663091609675,0.21555730491525354,0.47735939137390054,0.261802086458647,0.33844117463446033,0.30785704763796495,-0.030584126996495375,0.2779245105067536,0.4723638420619865,0.1944393315552329
A06,6,14,25856,2,0,0.16564493225561566,0.413410475357684,0.24776554310206833,0.333609178168022,0.5588279004345625,0.22521872226654055,0.31104913469874795,0.3514161682380496,0.040367033539301655,0.5511672551479789,0.3256831110988747,-0.22548414404910422
A06,6,15,27823,1,0,0.381249641677838,0.46704924753076843,0.08579960585293045,0.5136276440055173,0.50307045103691,-0.010557192968607354,0.39280982240875745,0.25620215005780544,-0.136607672350952,0.3201368895093819,0.3391415589534617,0.019004669444079803
A06,6,16,29943,3,0,0.6542019879222615,0.7337910110206567,0.07958902309839522,0.3545597449626618,0.2852751912495571,-0.06928455371310471,0.2468988547977157,0.30790487558995655,0.06100602079224085,0.32860600599751233,0.3302498839081965,0.001643877910684155
A06,6,17,31951,2,0,0.46397268801042507,0.34053847007264576,-0.12343421793777931,0.30109580052698565,0.3557272409573043,0.054631440430318645,0.2848811622753981,0.34026845722154875,0.055387294946150634,0.25582440485265623,0.40208558150444496,0.14626117665178873
A06,6,18,34017,4,0,0.32410163403687775,0.30700902625859045,-0.017092607778287305,0.4169085183170451,0.26830376738650097,-0.14860475093054415,0.3620841437853624,0.16187126855366643,-0.20021287523169598,0.30327344011808,0.5036683321731485,0.20039489205506855
A06,6,19,36053,1,0,0.4725062309676345,0.30787705398493576,-0.16462917698269874,0.3839155299430626,0.5011695928870622,0.11725406294399959,0.3511702412452454,0.3941412383668347,0.042970997121589305,0.2679851319759155,0.34147711903299216,0.07349198705707666
A06,6,20,38119,4,0,0.3734829127349072,0.43598378515963765,0.06250087242473046,0.557985320960624,0.3946996280411314,-0.16328569291949263,0.28728953885878766,0.4269383744990625,0.13964883564027486,0.1990488794999467,0.4155111645344297,0.216462285034483
A06,6,21,40189,3,0,0.333870111834489,0.3394822790364101,0.005612167201921092,0.6861700144494953,0.5655107008855005,-0.12065931356399484,0.4587488206896016,0.34170661516122186,-0.11704220552837974,0.6367220767083948,0.4609486554944274,-0.17577342121396738
A06,6,22,42269,2,0,0.5364033828793716,0.4579500764446522,-0.07845330643471943,0.4787007481048482,0.389604013856434,-0.08909673424841419,0.4096571332070707,0.191461208058026,-0.2181959251490447,0.7200335972829006,0.38129450214142196,-0.33873909514147865
A06,6,23,44181,4,0,0.36794565734105067,0.3497161987569092,-0.01822945858414149,0.2609966925656389,0.34309464241329873,0.08209794984765983,0.22969344099657166,0.36533212117918523,0.13563868018261357,0.22346655643002394,0.45682746128085583,0.23336090485083189
A06,6,24,46212,4,0,0.7530494237433916,0.3891588690711466,-0.36389055467224496,0.20531305658758633,0.5244206445259382,0.3191075879383518,0.27325996936281516,0.3327292967029667,0.059469327340151534,0.3059586116985574,0.39106088698643227,0.08510227528787484
A06,6,25,48165,1,0,0.6032471430263603,0.40676570216211383,-0.19648144086424646,0.3776476449852974,0.4388831557345373,0.061235510749239885,0.19773084470500393,0.4027076418656864,0.20497679716068248,0.3335734828552508,0.2507435209585346,-0.08282996189671621
A06,6,26,50126,2,0,0.4193681798792467,0.43444842639872483,0.015080246519478147,0.2693182397141845,0.435613279275633,0.16629503956144848,0.22990119926484467,0.31881010587138847,0.0889089066065438,0.35266153620978,0.5435489066366128,0.1908873704268328
A06,6,27,52230,2,0,0.48475374954904443,0.18327376057102507,-0.30147998897801936,0.5650533099607287,0.4570339200582219,-0.10801938990250676,0.1480948272168737,0.3263098885449569,0.1782150613280832,0.6659982961886605,0.49548762055166495,-0.1705106756369955
A06,6,28,54234,3,0,0.32461453169869875,0.5704806201494571,0.24586608845075836,0.4640555370344056,0.6584409411909861,0.19438540415658045,0.4599255988240903,0.19646942399399211,-0.2634561748300982,0.4050656439756519,0.4261261183203774,0.021060474344725466
A06,6,29,56209,4,0,0.36237903478576605,0.5160468325590217,0.15366779777325568,0.36926262299583784,0.39931042604465045,0.030047803048812605,0.13432663459518937,0.24179200009886845,0.10746536550367908,0.4299320108921384,0.5091299953353989,0.07919798444326054
A06,6,30,58235,2,0,0.36619732688677564,0.38187228206293156,0.015674955176155914,0.21208944508918032,0.29774322761583394,0.08565378252665362,0.22315986877760277,0.38044510934920844,0.15728524057160567,0.28343549992099487,0.3041490575245073,0.020713557603512456
A06,6,31,60306,1,0,0.32574906754046257,0.4483431621436115,0.1225940946031489,0.33966816092053315,0.4578832820669154,0.11821512114638227,0.3082413656795002,0.3449706278803318,0.03672926220083156,0.36182968486679684,0.3337984784171166,-0.028031206449680268
A06,6,32,62413,1,0,0.05982969250839757,0.5654978464251075,0.5056681539167099,0.39543478372108265,0.5916717540600802,0.19623697033899756,0.4096402649566136,0.38765263570318337,-0.02198762925343023,0.467478561958767,0.5006282553361228,0.03314969337735574
A06,6,33,64505,4,0,0.06939959846589165,0.3122824699301598,0.24288287146426812,0.3089957614734878,0.4093022573312921,0.10030649585780432,0.2844560852552429,0.2496205562543516,-0.03483552900089132,0.3593902642795092,0.6037074453210864,0.24431718104157724
A06,6,34,66596,2,0,0.25986601389786324,0.14091658359531753,-0.1189494303025457,0.32151624715378535,0.2766016116088104,-0.044914635544974935,0.156661045349648,0.3551712904339645,0.1985102450843165,0.1726603815884302,0.3656804517181968,0.1930200701297666
A06,6,35,68639,1,0,0.5330648963898322,0.4998749809084189,-0.03318991548141331,0.4979744016980425,0.46398121082167065,-0.03399319087637187,0.319047649129167,0.3049740572683011,-0.014073591860865875,0.3228947662002618,0.3214241442027067,-0.0014706219975550994
A06,6,36,70703,3,0,0.615134599584451,0.2724389248633072,-0.3426956747211439,0.5394771204894039,0.5418750981919798,0.002397977702575882,0.32125827722688804,0.3540591229403078,0.032800845713419735,0.3490643770954101,0.44624627648191323,0.09718189938650312
A06,6,38,74695,2,0,0.6462884893104842,0.38213512135641997,-0.26415336795406424,0.35181640422690724,0.5660261545783125,0.21420975035140527,0.2680127630686369,0.33923429925297643,0.07122153618433952,0.39221593994534437,0.34512815021413834,-0.04708778973120603
A06,6,39,76658,3,0,0.32685105553139576,0.41461017901114633,0.08775912347975057,0.39958719019487826,0.7840781771532536,0.3844909869583753,0.3098370618759075,0.34235497722381075,0.03251791534790327,0.4743430936100244,0.4948664200008307,0.020523326390806285
A06,6,40,78583,1,0,0.5815696008680623,0.3049329752925717,-0.2766366255754906,0.5119783724723018,0.3125914525202388,-0.19938691995206304,0.3639527429504138,0.17673608275511846,-0.18721666019529534,0.5245792433641961,0.5754322643924394,0.050853021028243295
A06,6,41,80664,4,0,0.32848428751622843,0.48775957717797336,0.15927528966174492,0.43880516935257746,0.2380506664651875,-0.20075450288738997,0.24459264896477442,0.2830980220525727,0.03850537308779825,0.2204240556587178,0.3974342827475918,0.17701022708887398
A06,6,42,82642,3,0,0.2696297560869381,0.4719734680020103,0.20234371191507217,0.5782519882203313,0.4730714486884917,-0.10518053953183959,0.34834358969342133,0.314730728315925,-0.033612861377496306,0.4986870389460731,0.5386338988369964,0.039946859890923336
A06,6,43,84632,3,0,0.5376697966149765,0.6384165543938035,0.10074675777882702,0.16187937111585235,0.4843104719287129,0.3224311008128605,0.2828538376750706,0.40556397010717526,0.12271013243210466,0.4725368533172746,0.5788808984662343,0.10634404514895968
A06,6,44,86751,3,0,0.4291287471574141,0.371580451151595,-0.05754829600581912,0.4526863834144897,0.5652700621860612,0.11258367877157155,0.4604075477250997,0.3080187160927671,-0.15238883163233258,0.5160590496605054,0.3609188353588886,-0.15514021430161684
A06,6,45,88657,3,0,0.399534643248138,0.49334437690047744,0.09380973365233947,0.6233440826947895,0.5322981067436846,-0.09104597595110486,0.3539544340144612,0.30133608486996544,-0.05261834914449576,0.2190314667040077,0.33827472117043567,0.11924325446642797
A06,6,47,92699,2,0,0.494015582454983,0.469434017852189,-0.02458156460279398,0.5384655735213041,0.29324182873638094,-0.24522374478492315,0.3313860282444727,0.40162641009150685,0.07024038184703413,0.35166106114692885,0.41718712559864074,0.06552606445171189
A06,7,4,6124,3,0,0.5564500189204064,0.3718194041230931,-0.18463061479731324,0.3532505638457261,0.4912327960039799,0.13798223215825378,0.30228146740511397,0.34246856602253956,0.04018709861742559,0.34717750779487816,0.42248045666713835,0.07530294887226019
A06,7,5,8132,3,0,0.4665887997700085,0.5048303756434638,0.03824157587345528,0.4721189368373614,0.4495870374862078,-0.022531899351153573,0.18631499961034098,0.38513989490288864,0.19882489529254765,0.24968017470009,0.5747313456832416,0.3250511709831516
A06,7,6,10243,2,0,0.35537357027643973,0.11432044299717825,-0.24105312727926148,0.3599312552210006,0.43285836706881187,0.07292711184781125,0.41692743879067756,0.2984573960199614,-0.11847004277071616,0.545455058630999,0.4290635009874624,-0.11639155764353659
A06,7,7,12160,3,0,0.445691477461524,0.33017057963138996,-0.11552089783013403,0.41218701881967623,0.4199434553503979,0.0077564365307216665,0.3989376559167977,0.30212458314495133,-0.09681307277184636,0.29083595811194546,0.49763680873852806,0.2068008506265826
A06,7,8,14210,4,0,0.3322692313535517,0.5957330198435219,0.2634637884899702,0.47798280311293834,0.4667206919155612,-0.011262111197377134,0.31521563990162094,0.36667687624430406,0.051461236342683125,0.3631321079517104,0.5337338301301611,0.17060172217845065
A06,7,10,18139,4,0,0.4796853558891107,0.5246760766915074,0.04499072080239669,0.39761126718575984,0.4487588927134176,0.05114762552765778,0.23381738174338115,0.2685420873446005,0.03472470560121935,0.31289796139416765,0.4482093099338084,0.13531134853964077
A06,7,11,20045,1,0,0.11536291838177423,0.3883438246413524,0.27298090625957816,0.2637714442851836,0.5023899176346817,0.23861847334949804,0.5062188361030676,0.37130316439566,-0.1349156717074076,0.24924033607521254,0.511093942865527,0.26185360679031444
A06,7,12,21940,1,0,0.27003795017083976,0.2482609098758944,-0.02177704029494537,0.4692691723386958,0.2648355700533477,-0.20443360228534813,0.17407647588908381,0.3652097469764879,0.19113327108740408,0.19784912223660647,0.3449419982369015,0.14709287600029505
A06,7,13,23912,2,0,0.5813863812306916,0.3938545888208787,-0.18753179240981294,0.6632048454721382,0.6009413881134088,-0.0622634573587294,0.3183354324330589,0.45454036429745426,0.13620493186439536,0.2644204807833222,0.4759055665691199,0.21148508578579772
A06,7,14,25856,4,0,0.2994892645031157,0.3339894977154521,0.03450023321233642,0.47670767080915905,0.6181126355400665,0.1414049647309074,0.36393285796777314,0.34419987433737337,-0.01973298363039977,0.4012817386637972,0.425230973944824,0.023949235281026826
A06,7,15,27823,3,0,0.6355172010162559,0.5327382143510737,-0.10277898666518215,0.3372556740012994,0.6750297008424022,0.3377740268411028,0.44065546990635646,0.4402834632282211,-0.0003720066781353615,0.43373210710867344,0.5207491981218844,0.08701709101321092
A06,7,16,29943,2,0,0.7573812302734646,0.19754961462476403,-0.5598316156487005,0.5843358940558355,0.5241713433611527,-0.06016455069468285,0.29532285500245553,0.3413375048055566,0.04601464980310105,0.42215700052389654,0.4310114765826005,0.00885447605870393
A06,7,17,31951,4,0,0.5476170153000035,0.45400302555469485,-0.09361398974530866,0.2130299226270774,0.5624964143605816,0.3494664917335042,0.37590562781120124,0.3453758846106099,-0.03052974320059132,0.2581755462838528,0.6556254427361348,0.39744989645228196
A06,7,18,34017,3,0,0.5539162190394852,0.45351325168903134,-0.10040296735045384,0.3366733766533965,0.2528381414847951,-0.08383523516860142,0.23401013743271598,0.26140535263875786,0.02739521520604188,0.1722922714446343,0.41905272942106475,0.24676045797643045
A06,7,20,38119,3,0,0.7772397384288976,0.3926473805876947,-0.3845923578412029,0.15205751473538745,0.6342763618876733,0.4822188471522859,0.18437360852764442,0.354025363931418,0.16965175540377356,0.2634260789589137,0.549871800741809,0.2864457217828953
A06,7,22,42269,2,0,0.7880276622423114,0.3405547872807816,-0.44747287496152977,0.35401729219434086,0.3962703626622123,0.04225307046787147,0.3031118008150327,0.2911165101252807,-0.01199529068975197,0.16821831222795303,0.4967771795208404,0.32855886729288736
A06,7,23,44181,2,0,0.6018511385810532,0.38662223850015,-0.21522890008090323,0.24729171641511385,0.5005447449644493,0.2532530285493355,0.41134894407643596,0.4875625686279595,0.07621362455152353,0.42800892347752206,0.3408032178236411,-0.08720570565388097
A06,7,24,46212,4,0,0.429736224320083,0.31014420949193416,-0.11959201482814885,0.30724928737015184,0.30860654511887803,0.0013572577487261928,0.09210378219238215,0.2071208109857511,0.11501702879336896,0.24566557896744956,0.5269550518258928,0.2812894728584432
A06,7,25,48165,1,0,0.3699094266391158,0.35772978771887437,-0.012179638920241431,0.2514793035854079,0.2786719496101968,0.027192646024788936,0.3935008723667937,0.29092958810260866,-0.10257128426418505,0.3301326531424162,0.2322254057927982,-0.09790724734961798
A06,7,26,50126,2,0,0.2685864425598596,0.5444467237822961,0.2758602812224365,0.4248603766956062,0.5746407671153494,0.14978039041974317,0.462570329081405,0.4387208095390843,-0.023849519542320674,0.43581325605153715,0.4990994108014418,0.06328615474990468
A06,7,27,52230,2,0,0.29580174068445453,0.34809210094089266,0.05229036025643813,0.47380256068124726,0.44745522987615793,-0.02634733080508933,0.4155040942271419,0.4098476666182021,-0.005656427608939807,0.5289242063562601,0.4482146320697677,-0.08070957428649245
A06,7,28,54234,2,0,0.1803574803541037,0.3283222874337799,0.14796480707967619,0.36762925387653433,0.32271963535159065,-0.044909618524943684,0.3560051662393283,0.4260541132914838,0.07004894705215547,0.32188070673510216,0.5043454631594477,0.18246475642434556
A06,7,29,56209,3,0,0.5440603316544369,0.4150978705376174,-0.12896246111681953,0.48245834879466337,0.35082369763585114,-0.13163465115881223,0.38308401744890286,0.304684583548361,-0.07839943390054188,0.5173823747759289,0.3923477654926347,-0.12503460928329413
A06,7,30,58235,4,0,0.21463437088098222,0.3945719781727964,0.17993760729181416,0.3428887342445926,0.6768895182374642,0.33400078399287164,0.4737008035779309,0.37094324896371184,-0.10275755461421904,0.5541531210296818,0.5978233140709356,0.043670193041253746
A06,7,31,60306,1,0,0.3807497178299676,0.3688137466660358,-0.011935971163931802,0.3695838902987478,0.2635821389653532,-0.10600175133339457,0.3339892502814318,0.3656305721093681,0.03164132182793633,0.48293011696567145,0.45066510562062945,-0.032265011345042005
A06,7,32,62413,4,0,0.5103749734073304,0.49464072526569575,-0.015734248141634655,0.5110898511617583,0.48334687169090235,-0.027742979470855966,0.4061535654085261,0.4033312629381395,-0.0028223024703866173,0.6770226342127988,0.4988628028797262,-0.17815983133307267
A06,7,33,64505,1,0,0.48604602291612087,0.4643742677878115,-0.021671755128309378,0.43574694324598434,0.4085694301373907,-0.02717751310859362,0.14653704720068486,0.41772487492947213,0.27118782772878725,0.46834283486712547,0.4919487563952688,0.023605921528143337
A06,7,37,72723,1,0,0.517443179395415,0.4783075679514302,-0.03913561144398475,0.2938064513615775,0.29087882843543816,-0.0029276229261393505,0.3102988514633745,0.3656322270983486,0.05533337563497409,0.2859763155699543,0.5746660764843545,0.28868976091440024
A06,7,38,74695,3,0,0.40617632094151174,0.2954862946902425,-0.11069002625126922,0.2815769520517177,0.5193129156950911,0.2377359636433734,0.4196619245901823,0.33586953002777176,-0.08379239456241055,0.6177301125321267,0.5509453852793921,-0.06678472725273465
A06,7,39,76658,1,0,0.47146357249086135,0.44501478338155614,-0.026448789109305204,0.3017787173441076,0.4500171282876674,0.14823841094355977,0.3972325618970269,0.3411206854987851,-0.05611187639824178,0.48659876604726243,0.6254978223223052,0.1388990562750428
A06,7,41,80664,3,0,0.4818309527627798,0.5204783854515608,0.03864743268878096,0.26993653103650483,0.3185385029846624,0.048601971948157574,0.38124681619826006,0.4501196635656247,0.06887284736736465,0.28514470345990134,0.6342274677318667,0.34908276427196533
A06,7,45,88657,2,0,0.37383805889323796,0.30917730065959476,-0.0646607582336432,0.4534222029082033,0.39452746219548257,-0.05889474071272072,0.6967327046597772,0.35410326482271604,-0.3426294398370612,0.6483415309224111,0.5593197299458061,-0.08902180097660495
A06,7,46,90585,4,0,0.16220227381198166,0.3523383235722318,0.19013604976025017,0.5044230859334738,0.49763819388059094,-0.006784892052882907,0.2818711375385154,0.38167411587539796,0.09980297833688256,0.5838864739253877,0.6293120658996652,0.045425591974277424
A06,7,48,94758,3,0,0.6002931116417916,0.3691687932685704,-0.23112431837322117,0.4859100402911727,0.4250051677076018,-0.06090487258357086,0.45504010115599425,0.40044334678969473,-0.054596754366299516,0.5374688912786769,0.6819253128786427,0.14445642159996575
A06,8,3,4172,4,0,0.44862338488694953,0.38407731046341603,-0.0645460744235335,0.4784334057938522,0.25113953278445805,-0.22729387300939413,0.5577270262758264,0.33957851687523094,-0.21814850940059544,0.4889434027148614,0.325844455663158,-0.1630989470517034
A06,8,4,6124,2,0,0.3581275646062823,0.39422352456566856,0.03609595995938625,0.5765919424494085,0.5527489996362441,-0.023842942813164347,0.31047235867830164,0.40112154323119464,0.090649184552893,0.2915869050513062,0.32956304449977464,0.03797613944846845
A06,8,5,8132,4,0,0.6519979162654609,0.5251962907799882,-0.1268016254854727,0.22200165664947544,0.49145158985328025,0.26944993320380484,0.13831171680561424,0.24336459124126888,0.10505287443565464,0.20793469010454316,0.31623316878306307,0.10829847867851991
A06,8,6,10243,1,0,0.5953831790226685,0.38714143130248907,-0.2082417477201794,0.34490421289812795,0.4559892083803573,0.11108499548222933,0.2446937995644421,0.15652356858439928,-0.08817023098004281,0.31724288624206276,0.2988214424223755,-0.018421443819687244
A06,8,7,12160,1,0,0.4366388914249365,0.24566233333046197,-0.19097655809447453,0.24213590460505105,0.1815949050223388,-0.06054099958271225,0.23336746907123745,0.3174269636500406,0.08405949457880313,0.2387453729352132,0.49032698884065085,0.25158161590543765
A06,8,8,14210,3,0,0.18176093627976636,0.5015499816110369,0.31978904533127056,0.5895269354573012,0.5753102724092202,-0.014216663048081002,0.3018739235169834,0.3021051434818262,0.00023121996484282148,0.4387155776115647,0.24335304768258822,-0.19536252992897649
A06,8,9,16141,3,0,0.5866325036064194,0.2735895014651125,-0.31304300214130687,0.528160906677423,0.550254155396351,0.022093248718928038,0.334963925704045,0.31249243364409585,-0.02247149205994914,0.381888815605214,0.4050386600555647,0.02314984445035073
A06,8,10,18139,2,0,0.759805497445359,0.5651404954595031,-0.1946650019858559,0.29219924969444,0.31121548480954725,0.01901623511510725,0.3576396874056299,0.3946280425774103,0.036988355171780396,0.3645029109017308,0.2717205555900587,-0.09278235531167212
A06,8,11,20045,4,0,0.7502251064391035,0.5760322491727922,-0.17419285726631129,0.21961696164401553,0.6224338178223094,0.4028168561782939,0.3131644610044456,0.2876676578613479,-0.025496803143097713,0.12685910019885913,0.29980958889931975,0.17295048870046062
A06,8,12,21940,2,0,0.4877225711426287,0.4476938958073341,-0.04002867533529458,0.5386457523263367,0.7121859053726055,0.1735401530462688,0.27512060423329476,0.20802967578245563,-0.06709092845083914,0.07485916177090701,0.1241093428578066,0.04925018108689959
A06,8,13,23912,2,0,0.3698129539896418,0.1962351365800818,-0.17357781740956002,0.5306693303622019,0.5169504207229902,-0.01371890963921163,0.4218216619004847,0.39994702009066707,-0.02187464180981763,0.2086364088466635,0.3338961674007986,0.12525975855413507
A06,8,14,25856,1,0,0.7480359003482666,0.4363138712836139,-0.31172202906465274,0.5762971756674994,0.4326394918723576,-0.14365768379514177,0.3759431261598133,0.268521648659154,-0.10742147750065928,0.22198188501737093,0.19164302938374247,-0.030338855633628453
A06,8,15,27823,2,0,0.6143574505745264,0.34911819837129027,-0.26523925220323613,0.28916805181252336,0.4169180682474414,0.127750016434918,0.3013091643326282,0.2776233101665719,-0.02368585416605634,0.40770433831201053,0.11754544696703673,-0.2901588913449738
A06,8,16,29943,4,0,0.5904215720448056,0.1556921370475694,-0.4347294349972362,0.32426753502379785,0.5032042825699443,0.17893674754614647,0.37301225635665464,0.31273051865980644,-0.06028173769684819,0.3325598958837426,0.36779231333250456,0.03523241744876199
A06,8,17,31951,4,0,0.5001559881783575,0.3628054564829292,-0.13735053169542827,0.29697744735217274,0.33552240700178143,0.03854495964960869,0.1864570815798712,0.3128965552669886,0.12643947368711742,0.15658375849359266,0.378526997550291,0.22194323905669835
A06,8,18,34017,2,0,0.3963905178153855,0.4842077041820928,0.08781718636670732,0.4167710484373602,0.4819475798306256,0.0651765313932654,0.17289541862855826,0.2078925598138029,0.034997141185244635,0.2686144090992503,0.21971984997627655,-0.04889455912297372
A06,8,19,36053,2,0,0.5115271391752412,0.5326154572739521,0.021088318098710923,0.2979531619746218,0.6245990827907092,0.3266459208160874,0.1891622890159094,0.43054622180633884,0.24138393279042944,0.08560669391056841,0.524553096466222,0.43894640255565354
A06,8,20,38119,2,0,0.5657851268809889,0.25851126003915476,-0.30727386684183416,0.5449043867737171,0.43212158892922076,-0.11278279784449635,0.22439357214782543,0.4093374759850036,0.18494390383717815,0.521547234150362,0.26827811180593186,-0.2532691223444301
A06,8,21,40189,2,0,0.473654012546625,0.4165962171783007,-0.05705779536832428,0.7000127618312645,0.46327254258759876,-0.23674021924366573,0.2264524026208015,0.23277838404184387,0.006325981421042376,0.1770676096471869,0.3801977085716124,0.2031300989244255
A06,8,22,42269,4,0,0.45729423101509975,0.2785192588049698,-0.17877497221012995,0.4504883830734901,0.34641494333587347,-0.10407343973761662,0.29230123524613416,0.2590152751731854,-0.03328596007294876,0.5630528585519666,0.21585804659832888,-0.34719481195363777
A06,8,23,44181,4,0,0.6127590622859584,0.49281727440991246,-0.11994178787604598,0.6208418308281144,0.5271405283520915,-0.09370130247602293,0.14207277216788272,0.30839108712664004,0.16631831495875732,0.25911587745228515,0.19050510349543734,-0.06861077395684781
A06,8,24,46212,3,0,0.20119463158272335,0.43046562323065213,0.22927099164792877,0.47994716386908925,0.727949084269537,0.24800192040044772,0.40985552533120967,0.32441788085562717,-0.0854376444755825,0.24411538755876844,0.5063191043219476,0.26220371676317916
A06,8,25,48165,4,0,0.3418350963177473,0.5331439040420768,0.1913088077243295,0.19976325687985683,0.41031899376958425,0.21055573688972742,0.2693197588365713,0.327993398756193,0.05867363991962171,0.17152594269706692,0.39431719754298566,0.22279125484591875
A06,8,26,50126,1,0,0.7251535882025653,0.5123546593593218,-0.21279892884324347,0.21834370737015865,0.6847737379874407,0.46643003061728205,0.30921094700039886,0.30583105451967185,-0.003379892480727009,0.3822136181523286,0.27403758339744344,-0.10817603475488519
A06,8,27,52230,2,0,0.8362307198164273,0.39226718848154196,-0.4439635313348853,0.5109867517478792,0.35654627192923927,-0.15444047981863995,0.2699412034688077,0.38831161320697455,0.11837040973816687,0.2866736330788443,0.32070545767165065,0.03403182459280635
A06,8,28,54234,3,0,0.5306724991744389,0.47682373181518045,-0.053848767359258476,0.47045684113363845,0.40900668003423285,-0.0614501610994056,0.3295521314547232,0.3230056766346486,-0.006546454820074599,0.6004499066917999,0.7728128834536185,0.17236297676181866
A06,8,29,56209,2,0,0.42566778730380866,0.536523369887881,0.1108555825840723,0.37697675525742635,0.4445352915046997,0.06755853624727337,0.19857721616320506,0.5132984948409727,0.3147212786777676,0.7368478625990962,0.7518304754144186,0.014982612815322427
A06,8,30,58235,1,0,0.7459145166412703,0.2326650995837923,-0.513249417057478,0.526940499519435,0.4581085847729099,-0.06883191474652511,0.33705365494134976,0.3564404034048126,0.019386748463462833,0.4417592887406602,0.3689533623262153,-0.07280592641444494
A06,8,31,60306,4,0,0.6237386339208782,0.4914000014841075,-0.13233863243677074,0.4327189997420443,0.7438745776451968,0.3111555779031525,0.5608931437382497,0.4384749166806623,-0.12241822705758743,0.2701768268241288,0.5922265206126338,0.322049693788505
A06,8,32,62413,1,0,0.4038330070960288,0.4751762016880967,0.0713431945920679,0.338979456016772,0.3188317930429213,-0.020147662973850677,0.13307114644555268,0.32534831678062287,0.1922771703350702,0.18201747127034557,0.3900658499054983,0.20804837863515274
A06,8,33,64505,4,0,0.2873592389553012,0.4907829258788857,0.20342368692358453,0.20277104977671398,0.7052913368191945,0.5025202870424805,0.3974806118341022,0.25209335033379043,-0.14538726150031178,0.4117003904907412,0.5258181817732924,0.11411779128255123
A06,8,34,66596,1,0,0.5627355669433933,0.23790468705215245,-0.3248308798912409,0.328696646459482,0.18627793159692377,-0.14241871486255822,0.34214289901334816,0.4011957915637719,0.05905289255042373,0.32317522615577066,0.7578716014942738,0.43469637533850314
A06,8,35,68639,1,0,0.47771839060330606,0.36732011572894396,-0.1103982748743621,0.4200856370394254,0.39486639024086984,-0.025219246798555583,0.3082701271084198,0.2787551058334529,-0.029515021274966857,0.41619095018844726,0.3188991176307514,-0.09729183255769586
A06,8,37,72723,1,0,0.31396432990757656,0.2465979360744678,-0.06736639383310875,0.31887513882260227,0.4517857171480605,0.13291057832545822,0.1603002793850752,0.36729406660698266,0.20699378722190745,0.37302746221001143,0.49998961279383025,0.12696215058381882
A06,8,38,74695,3,0,0.7588758122456433,0.4590394963975865,-0.29983631584805676,0.3795117487407111,0.6561063944021204,0.2765946456614093,0.23574459036974474,0.27308930114999813,0.03734471078025339,0.3715951049715271,0.42016247104027066,0.04856736606874357
A06,8,40,78583,4,0,0.6507050453394869,0.4921022509491056,-0.15860279439038133,0.4766909676343584,0.5117940830867006,0.03510311545234218,0.3416565768437139,0.18436082393495015,-0.15729575290876377,0.22557839410665956,0.310259346173225,0.08468095206656542
A06,8,41,80664,2,0,0.40294576741641286,0.6736891201589507,0.2707433527425378,0.18727087419152708,0.6212008328456172,0.4339299586540901,0.1819232758522629,0.33231724345330643,0.15039396760104354,0.3880584697976535,0.30412972704647784,-0.08392874275117568
A06,8,42,82642,3,0,0.28492137469624984,0.26356172213855666,-0.021359652557693176,0.25965925303834814,0.23908309285621845,-0.020576160182129682,0.2240934601124866,0.2456947496867245,0.021601289574237903,0.4715126804356273,0.2404863846296765,-0.23102629580595077
A06,8,43,84632,3,0,0.42976843161371825,0.5651819765657757,0.13541354495205749,0.3387423963031746,0.6006719784205746,0.26192958211740003,0.2745215613648141,0.3636937241953415,0.08917216283052742,0.6679747729995719,0.5049510717924764,-0.16302370120709542
A06,8,44,86751,3,0,0.15062195925977795,0.4537311714055689,0.30310921214579095,0.21075472730218187,0.45110179271712625,0.24034706541494438,0.2336541852719778,0.3887741467195648,0.155119961447587,0.6057666762190584,0.34350191445031203,-0.2622647617687464
A06,8,45,88657,4,0,0.41100019359777223,0.5534633046477229,0.14246311104995063,0.32546286521824885,0.5295020154608172,0.20403915024256836,0.2899743232406627,0.42388076895442073,0.13390644571375804,0.2935906525803756,0.6554122823887442,0.3618216298083686
A06,8,46,90585,3,0,0.5985854403003968,0.3210981993338252,-0.2774872409665716,0.7402970405654615,0.45502877558786353,-0.285268264977598,0.1865690400603214,0.28237617996490577,0.09580713990458437,0.3500207158787309,0.3495266452030409,-0.0004940706756900171
A06,8,47,92699,1,0,0.48189245934437264,0.5759417502956533,0.09404929095128067,0.3193946417373711,0.4201909445213268,0.10079630278395574,0.21486839280332193,0.43063627077698563,0.2157678779736637,0.16275632704810297,0.3266818877342144,0.16392556068611144
A06,8,48,94758,3,0,0.35809380394613466,0.16719972389679771,-0.19089408004933694,0.3582808555490468,0.5158750280406568,0.15759417249160995,0.28902531139657406,0.2819520645936065,-0.007073246802967559,0.28482851018157096,0.3433584974456174,0.05852998726404646
A07,3,1,251,1,0,0.43029730281063955,0.2073487401664675,-0.22294856264417204,0.34709230879272585,0.2752792720022122,-0.07181303679051365,0.14135657779617256,0.2697516081523208,0.12839503035614824,0.11009812966649339,0.04112876053845534,-0.06896936912803805
A07,3,2,2254,2,0,0.47728395477892577,0.3503559701311739,-0.12692798464775185,0.485162503051903,0.19086364773451317,-0.29429885531738986,0.29937390567052147,0.24068158097032358,-0.05869232470019789,0.14386398397535258,0.30271434236528677,0.1588503583899342
A07,3,3,4172,2,0,0.4398355579867444,0.16975173638071686,-0.2700838216060275,0.37060140245299955,0.29788138007064824,-0.07272002238235131,0.08225746027430589,0.18409728699433847,0.10183982672003258,0.16018535359200523,0.07482248503289059,-0.08536286855911464
A07,3,4,6124,1,0,0.6257132861157417,0.4402225530324212,-0.18549073308332054,0.4671792733577175,0.23673306989364257,-0.2304462034640749,0.23285787132553834,0.2767017984211285,0.04384392709559018,0.17176713450415068,0.21887720387348306,0.047110069369332375
A07,3,5,8132,2,0,0.541651775636143,0.19683456652430184,-0.3448172091118411,0.4209906112585192,0.49255753103249517,0.07156691977397595,0.16368706324242974,0.2808044288013338,0.11711736555890409,0.09382619777268135,0.11686792994145598,0.02304173216877463
A07,3,6,10243,1,0,0.36309655340985975,0.36122022599086384,-0.0018763274189959045,0.3859548430680172,0.6399131770068481,0.25395833393883094,0.09024577996540269,0.3196276548339669,0.2293818748685642,0.16935304571628615,0.18850324826616477,0.01915020254987862
A07,3,7,12160,2,0,0.4961460139581722,0.4754521666600486,-0.020693847298123624,0.2102854811228068,0.23342731077943754,0.023141829656630752,0.19563117984531933,0.23189916208472172,0.03626798223940239,0.1476078012606974,0.16285364633358654,0.015245845072889147
A07,3,8,14210,3,0,0.5022738219570168,0.36718755563309263,-0.13508626632392412,0.5625408645810647,0.611744239328282,0.049203374747217365,0.28435693471616513,0.2613754685973381,-0.02298146611882701,0.12013027657636732,0.12677043854368011,0.006640161967312791
A07,3,9,16141,2,0,0.5750961281498875,0.5034411097570654,-0.07165501839282218,0.45875921598550967,0.3322448266686814,-0.1265143893168283,0.1943904823869147,0.20097987551755203,0.006589393130637333,0.20329304601144255,0.11033735946779726,-0.09295568654364529
A07,3,11,20045,1,0,0.2979447492839495,0.30105209360157176,0.0031073443176222737,0.49510671441080073,0.72105363402751,0.22594691961670926,0.11076941333270107,0.16480258024694794,0.054033166914246866,0.09986050914068956,0.10432337674519165,0.0044628676045020965
A07,3,12,21940,3,0,0.2570876662511058,0.4005264531680612,0.14343878691695539,0.2767423719039492,0.3862445758366593,0.1095022039327101,0.25869035682364033,0.15980327884250542,-0.09888707798113491,0.09258770799435771,0.1406002898689785,0.04801258187462078
A07,3,13,23912,2,0,0.42150876296064765,0.48460666800340996,0.0630979050427623,0.42994832998067156,0.510530410125242,0.08058208014457047,0.19440794290338406,0.23269562845443312,0.038287685551049055,0.15218749347204166,0.1857633896385734,0.03357589616653173
A07,3,14,25856,1,0,0.7733618723368794,0.07386500307714168,-0.6994968692597376,0.20446886007999218,0.6565234501383667,0.45205459005837445,0.22654046441901693,0.2758519319201372,0.049311467501120254,0.1859582867327743,0.18485282746308515,-0.001105459269689163
A07,3,15,27823,4,0,0.5380371376414799,0.14472163954385747,-0.3933154980976224,0.3166975535788103,0.4152595924158834,0.0985620388370731,0.1634797195729694,0.24632329021122418,0.08284357063825479,0.1392468678478255,0.124224483523165,-0.015022384324660507
A07,3,16,29943,4,0,0.6458711066886418,0.2098421617478447,-0.4360289449407971,0.43122870371462885,0.32756651772187756,-0.10366218599275129,0.17452508916401652,0.17289288000442335,-0.0016322091595931676,0.11683413218815854,0.1115648296502343,-0.005269302537924236
A07,3,17,31951,4,0,0.29395849772384136,0.1412793668638918,-0.15267913085994955,0.6125800631928471,0.39008710197711804,-0.22249296121572903,0.23280331009700353,0.26082661152334774,0.02802330142634421,0.2663672794036394,0.1463687226562215,-0.11999855674741791
A07,3,18,34017,4,0,0.48285615428244194,0.304819274047815,-0.17803688023462694,0.39598518746776284,0.6120822226466779,0.21609703517891504,0.1584674395351915,0.23060747183545743,0.07214003230026594,0.19447999369859081,0.19601231106492278,0.00153231736633197
A07,3,19,36053,4,0,0.16716673432366097,0.3137861062605532,0.14661937193689223,0.41826141879152745,0.4344498387251039,0.016188419933576448,0.2686608061835933,0.3666971433422024,0.0980363371586091,0.06504771937504743,0.15485203488038116,0.08980431550533373
A07,3,20,38119,1,0,0.1641475272646725,0.3380118901726825,0.17386436290801002,0.29502549328429123,0.4419100620437016,0.14688456875941036,0.19282801091236962,0.22127711249766996,0.02844910158530034,0.29054334612439314,0.20759152209525486,-0.08295182402913828
A07,3,21,40189,3,0,0.5161042907144959,0.382966873941659,-0.13313741677283691,0.3654583953376046,0.6451993834355552,0.27974098809795056,0.2846421537078639,0.3434398845288128,0.05879773082094891,0.2297961280406632,0.1906453820964724,-0.03915074594419082
A07,3,22,42269,2,0,0.5234513483062954,0.30840119922034975,-0.2150501490859456,0.37105990937187666,0.3923252376539828,0.021265328282106144,0.16133191066892946,0.2677240676129256,0.10639215694399615,0.1610024712985891,0.08968075937975419,-0.07132171191883492
A07,3,23,44181,1,0,0.5982933310214634,0.5481930682726819,-0.05010026274878154,0.25928034452953064,0.37640493094437094,0.1171245864148403,0.2861738575996296,0.20840241051652098,-0.07777144708310862,0.04654582493573356,0.12174818358967036,0.0752023586539368
A07,3,24,46212,1,0,0.18034606181227497,0.5181252010300413,0.33777913921776637,0.5327321724017421,0.6442531449243448,0.11152097252260273,0.22051820624193938,0.31131083870550347,0.09079263246356409,0.13456092425742877,0.10466286439885317,-0.029898059858575604
A07,3,25,48165,3,0,0.4807192094434876,0.2892707073287038,-0.19144850211478381,0.22722848993451716,0.3405715410557674,0.11334305112125026,0.22770581976777335,0.22328248506242973,-0.004423334705343618,0.13673549582598873,0.07963658401054433,-0.05709891181544441
A07,3,26,50126,4,0,0.519159646112073,0.48811834499749185,-0.031041301114581143,0.3075633153563365,0.23189901007283095,-0.07566430528350557,0.20374278223462086,0.10285156009486841,-0.10089122213975245,0.11347428215170612,0.22586078825161407,0.11238650609990795
A07,3,27,52230,1,0,0.35340927446074494,0.30116485875329785,-0.05224441570744709,0.10239762183123417,0.4036773648467601,0.3012797430155259,0.16127042811460693,0.23421869596358652,0.07294826784897959,0.19138040367766296,0.24170636258578604,0.05032595890812308
A07,3,28,54234,3,0,0.26487151830003336,0.4344894373677232,0.16961791906768986,0.5017497986644398,0.20439689136438557,-0.29735290730005426,0.23851277922452555,0.27369881331042334,0.035186034085897794,0.04976857724242055,0.09630669833486134,0.04653812109244079
A07,3,29,56209,3,0,0.24297219034108572,0.3428132662676497,0.09984107592656397,0.5094935568238715,0.41310986833559304,-0.0963836884882785,0.16283802041158296,0.35991614389651577,0.1970781234849328,0.09875990167352479,0.08096622095554386,-0.01779368071798093
A07,3,30,58235,3,0,0.3578732678515847,0.389198947536363,0.03132567968477834,0.6805704729090566,0.41018779322609994,-0.27038267968295665,0.28139156901932033,0.15410148903323376,-0.12729007998608657,0.15182804316469964,0.1354172289415059,-0.016410814223193737
A07,3,31,60306,1,0,0.4317278342513849,0.5079085441438378,0.0761807098924529,0.6684080545691768,0.22158519008456537,-0.4468228644846115,0.22442245339965064,0.4582579963311136,0.23383554293146294,0.209341926943518,0.10988858193641679,-0.09945334500710121
A07,3,32,62413,2,0,0.4374136084378972,0.13495941504073797,-0.3024541933971592,0.4605166073408022,0.3655512221160479,-0.09496538522475428,0.3221182694395366,0.19222294213080054,-0.12989532730873604,0.14806363202753967,0.03339069438540955,-0.11467293764213012
A07,3,33,64505,1,0,0.4798137626166637,0.535498957909344,0.05568519529268029,0.27597199492578023,0.28287350060475,0.006901505678969744,0.23871889003158936,0.323550447211193,0.08483155717960367,0.10700074778298274,0.1334100171626717,0.02640926937968896
A07,3,34,66596,2,0,0.5126950509717442,0.4107786400870218,-0.10191641088472236,0.6099737729459751,0.3406948509233096,-0.2692789220226655,0.06560468044692877,0.21142261640809992,0.14581793596117115,0.20980638771429014,0.25121443840901286,0.041408050694722726
A07,3,35,68639,2,0,0.6332631004386883,0.4085868957304705,-0.22467620470821775,0.4773448797522123,0.48246718994945387,0.005122310197241575,0.11413334543829723,0.16609099952401093,0.051957654085713706,0.1438325456640443,0.12397763358403664,-0.019854912080007656
A07,3,36,70703,1,0,0.25421672457136407,0.5012275557333472,0.24701083116198314,0.38065540368330897,0.12052240330214999,-0.260133000381159,0.058947783640152296,0.20830951809719028,0.149361734457038,0.15778898724598295,0.184496648540209,0.026707661294226054
A07,3,37,72723,2,0,0.6989229061711244,0.268534423601995,-0.4303884825691294,0.7657747460991976,0.3963653036824316,-0.369409442416766,0.22277867075790386,0.2819857382468135,0.05920706748890964,0.27351081607329525,0.2318786633360101,-0.041632152737285155
A07,3,38,74695,3,0,0.5892321121581257,0.450296270963126,-0.13893584119499963,0.4869950898125345,0.3626651002315506,-0.1243299895809839,0.20352072136353902,0.14810590359579873,-0.05541481776774029,0.14498435556693506,0.13445538697537016,-0.010528968591564908
A07,3,39,76658,2,0,0.6111362081133412,0.18572847408332688,-0.42540773403001436,0.4884707189672503,0.35855336306835284,-0.12991735589889747,0.1481639430464615,0.247939645829194,0.09977570278273251,0.2115087467975664,0.12029555800778924,-0.09121318878977716
A07,3,40,78583,3,0,0.5524492973329035,0.3453272529273204,-0.20712204440558307,0.3080960361410619,0.421960895979007,0.11386485983794509,0.17246669292887176,0.22150003795660317,0.049033345027731406,0.20915322332897568,0.09515152941848769,-0.11400169391048799
A07,3,41,80664,3,0,0.6194412573809871,0.17213716418444383,-0.4473040931965433,0.5379251083128914,0.4719024539259574,-0.066022654386934,0.1623248381682327,0.3300594645432057,0.16773462637497302,0.25223363184505876,0.12841075866122384,-0.12382287318383492
A07,3,42,82642,4,0,0.16513538413899412,0.3757549307620231,0.21061954662302898,0.6433282792228916,0.3249422289604201,-0.3183860502624715,0.16630912857963512,0.2522347052718068,0.08592557669217168,0.03657429163576139,0.3021547160199943,0.2655804243842329
A07,3,43,84632,3,0,0.5429572868794045,0.4599602084490119,-0.08299707843039256,0.3128874856443149,0.39124011454518326,0.07835262890086836,0.1399869597809821,0.22953306524754985,0.08954610546656774,0.09940715818007152,0.1341877930652235,0.03478063488515197
A07,3,44,86751,3,0,0.6295292946727046,0.23378164610009936,-0.39574764857260525,0.3247509442711372,0.7864895177694494,0.4617385734983122,0.13094007627259868,0.19444738609641954,0.06350730982382086,0.24740641906873936,0.10814161377629859,-0.13926480529244079
A07,3,45,88657,4,0,0.4890608359723295,0.18118698857893298,-0.3078738473933965,0.21728731224881329,0.16066271796203763,-0.05662459428677566,0.2572239719655594,0.2503564027098927,-0.006867569255666728,0.2129528416913365,0.13208392335511915,-0.08086891833621734
A07,3,46,90585,4,0,0.37191932026163343,0.321609667002266,-0.050309653259367426,0.23150944142228408,0.2913745897812699,0.05986514835898582,0.1421306157256045,0.18424713244464108,0.04211651671903657,0.2104766766867741,0.16227212909359953,-0.04820454759317458
A07,3,47,92699,4,0,0.48551615555766414,0.5682620730902155,0.08274591753255134,0.17438211704931308,0.6001242140847894,0.4257420970354764,0.19562502141258134,0.184534196645633,-0.011090824766948337,0.28086194909565143,0.2095299716135303,-0.07133197748212114
A07,3,48,94758,4,0,0.2527236882526659,0.15603116784635973,-0.09669252040630616,0.6662965979470611,0.45688278177648517,-0.20941381617057592,0.06983318508428983,0.1519495968355944,0.08211641175130456,0.17010335934084475,0.23573645912946617,0.06563309978862142
A07,4,2,2254,3,0,0.2156677434056382,0.4265494093446375,0.21088166593899926,0.5558392084730437,0.21091590755971204,-0.3449233009133317,0.2063244324149224,0.20022184503761223,-0.006102587377310176,0.11805048870261792,0.12133860780831283,0.003288119105694917
A07,4,3,4172,2,0,0.22077031235459624,0.49667027910558836,0.27589996675099215,0.5014743663687031,0.3862764638673015,-0.1151979025014016,0.09188338455150949,0.1347146360205284,0.04283125146901892,0.1390787633690316,0.22669361019686257,0.08761484682783097
A07,4,4,6124,1,0,0.6060371285444618,0.39851543572772563,-0.20752169281673616,0.3728950506412018,0.5364536389726383,0.1635585883314365,0.15621417806162669,0.22196061913784507,0.06574644107621838,0.10760182543542939,0.16651195347482822,0.05891012803939884
A07,4,5,8132,1,0,0.490937864432937,0.45558957959040897,-0.035348284842528055,0.3836522443997092,0.15378592129236596,-0.22986632310734323,0.23196156739347246,0.24172322132390883,0.009761653930436376,0.22959982061598755,0.13387585999896048,-0.09572396061702707
A07,4,6,10243,2,0,0.2782331446178336,0.1856631072526664,-0.0925700373651672,0.5779395318846751,0.4912698186166891,-0.08666971326798595,0.15950823593371702,0.32239839118535724,0.16289015525164022,0.22883095902758235,0.0840924737130923,-0.14473848531449007
A07,4,7,12160,3,0,0.46496507619933175,0.5532679361852113,0.08830285998587956,0.46480794033820894,0.47279847364564986,0.007990533307440928,0.20647986689734546,0.2556308647566681,0.049150997859322615,0.16246111763345436,0.07890928999797117,-0.08355182763548319
A07,4,8,14210,4,0,0.6062447635329276,0.4103464048607782,-0.19589835867214933,0.4727926267938463,0.24994928887096754,-0.22284333792287878,0.08268851377524343,0.2797231281365455,0.19703461436130204,0.21269706811237662,0.15356726801619264,-0.05912980009618399
A07,4,9,16141,2,0,0.5964094198219235,0.3341642156352784,-0.2622452041866451,0.4446562543550944,0.5811625528811138,0.13650629852601942,0.12215213832229253,0.20969858055726937,0.08754644223497683,0.14009558292355306,0.12230599842429471,-0.017789584499258354
A07,4,10,18139,3,0,0.5674692169921173,0.4375422275874769,-0.12992698940464037,0.39193574890953237,0.3625511951957517,-0.02938455371378068,0.15486273681596643,0.14060302810128936,-0.014259708714677077,0.21779729446768964,0.08756676841384416,-0.1302305260538455
A07,4,11,20045,1,0,0.39987053671744277,0.422334172742677,0.022463636025234213,0.34855504195782416,0.39896895968584417,0.05041391772802001,0.21257699701034832,0.3260991500302482,0.11352215301989987,0.2041140882869521,0.25555076332555277,0.051436675038600665
A07,4,12,21940,1,0,0.4323942121946572,0.5315514870535422,0.09915727485888498,0.530331127733778,0.4474795072189565,-0.08285162051482148,0.21809254515953466,0.31592945916209514,0.09783691400256048,0.11728727155418014,0.20248275170608068,0.08519548015190054
A07,4,13,23912,1,0,0.25928689935976845,0.3868093373955466,0.12752243803577817,0.603360081935829,0.5085766124580002,-0.09478346947782879,0.15944915363829346,0.25418787614136384,0.09473872250307039,0.2569066874328877,0.11302302483918793,-0.14388366259369978
A07,4,14,25856,4,0,0.4996633696899289,0.25761136992062117,-0.24205199976930775,0.4223774470871486,0.326105577816522,-0.09627186927062659,0.08307596388344136,0.39905900321106785,0.3159830393276265,0.32039744957382027,0.22219367218317257,-0.0982037773906477
A07,4,15,27823,2,0,0.41511830229285224,0.398171733768023,-0.01694656852482923,0.49301152679572396,0.49389078478761617,0.0008792579918922017,0.1924898115389921,0.22448650567193468,0.031996694132942566,0.16743589514895799,0.12880016677904557,-0.038635728369912414
A07,4,16,29943,2,0,0.39800682664877,0.3081815789140841,-0.08982524773468592,0.6161510761216312,0.3576076015546388,-0.25854347456699245,0.15488599094854916,0.23442713760588557,0.07954114665733641,0.2000018383223489,0.1627620342195467,-0.037239804102802226
A07,4,17,31951,1,0,0.2866511239659175,0.16796694109710072,-0.1186841828688168,0.43296270569510703,0.23863395368284404,-0.194328752012263,0.1519147345776076,0.23338714239098257,0.08147240781337498,0.21170445496925513,0.30784769038397986,0.09614323541472472
A07,4,18,34017,1,0,0.6818245805909898,0.2650468290425305,-0.4167777515484593,0.4857970728254169,0.22593573399222863,-0.2598613388331883,0.1317828216585433,0.29294658630514236,0.16116376464659907,0.17360301652786145,0.2387048309992291,0.06510181447136765
A07,4,19,36053,3,0,0.5128815683335862,0.2804808863924469,-0.23240068194113933,0.461623367878631,0.47964059637519624,0.01801722849656523,0.15328301687047308,0.2469706744772681,0.09368765760679501,0.19783218291765545,0.24564393142833865,0.047811748510683205
A07,4,20,38119,1,0,0.4425440524060665,0.3291968214234436,-0.11334723098262289,0.5633024949860388,0.439733931047457,-0.12356856393858179,0.2554159932845765,0.22377964238813824,-0.03163635089643824,0.08125616922027787,0.12344471942629918,0.042188550206021316
A07,4,21,40189,2,0,0.7611403505423194,0.4325159014175828,-0.32862444912473665,0.5348932380428726,0.24435628056714995,-0.2905369574757226,0.06690454215091968,0.3504819094107005,0.28357736725978083,0.20882965657736977,0.3768074609692172,0.16797780439184742
A07,4,22,42269,4,0,0.5495901144336166,0.2982187199486989,-0.2513713944849177,0.3892067784417659,0.5199909547032017,0.1307841762614358,0.2738423073585073,0.2599206161205108,-0.01392169123799647,0.14659096332834132,0.058542212536139844,-0.08804875079220148
A07,4,23,44181,4,0,0.494456775511516,0.26853861248834193,-0.22591816302317408,0.55142907767653,0.3300296031339496,-0.22139947454258047,0.173676654821708,0.22564577155770502,0.05196911673599702,0.12158386224435022,0.17937448556076716,0.057790623316416934
A07,4,24,46212,3,0,0.7387890781585195,0.446067469622578,-0.2927216085359415,0.7852452833249639,0.44755514544665037,-0.33769013787831353,0.1305150975853087,0.1660364009706463,0.0355213033853376,0.16935594892161046,0.16786908080249813,-0.0014868681191123334
A07,4,25,48165,1,0,0.38764764423033293,0.29900161742026043,-0.0886460268100725,0.38430882281408113,0.34728647789350336,-0.037022344920577765,0.21674905700834776,0.23553349985931119,0.018784442850963423,0.3449265474130995,0.15691684291595712,-0.1880097044971424
A07,4,26,50126,4,0,0.34299384454255094,0.4349954450167525,0.09200160047420158,0.6099180751781008,0.24871809561383315,-0.36119997956426764,0.2132644899651201,0.07426107225784027,-0.1390034177072798,0.27806875648786533,0.1393931856276297,-0.13867557086023563
A07,4,27,52230,4,0,0.134212725267549,0.5498832488754635,0.41567052360791445,0.3809210303280503,0.3907948093057083,0.00987377897765801,0.20230805386055925,0.2660595249336674,0.06375147107310816,0.12830592539347183,0.054113982217518,-0.07419194317595382
A07,4,28,54234,2,0,0.27355896464067037,0.41149955108451775,0.13794058644384738,0.41544937586329805,0.412034668400405,-0.003414707462893074,0.13321768316663865,0.31633797869044283,0.18312029552380418,0.3168412846501596,0.106564556664965,-0.2102767279851946
A07,4,29,56209,4,0,0.4529815939160003,0.4725847824954476,0.019603188579447317,0.46296446565479815,0.24029602542963943,-0.22266844022515872,0.20152932475265192,0.13015688621413718,-0.07137243853851474,0.13724488954603428,0.15089809569426565,0.013653206148231373
A07,4,30,58235,4,0,0.35548672151245864,0.3498845855644732,-0.0056021359479854205,0.42267842783544857,0.36189178634075636,-0.060786641494692206,0.2156710861727395,0.16666537893074493,-0.04900570724199457,0.11711055448616774,0.19043000428810405,0.07331944980193632
A07,4,31,60306,2,0,0.30137145242417374,0.37647995387072236,0.07510850144654863,0.3839561090821412,0.2688022344811218,-0.11515387460101939,0.11826087095850116,0.23749484391598497,0.11923397295748381,0.2018361110989128,0.19350534686444937,-0.00833076423446344
A07,4,32,62413,1,0,0.19848102413083105,0.5060599239098654,0.3075788997790344,0.37529826279293477,0.5955489221900064,0.22025065939707167,0.26026353299816885,0.18904542244731418,-0.07121811055085467,0.1832041117018279,0.1983907305841921,0.015186618882364195
A07,4,33,64505,2,0,0.36049529724785995,0.2761103070727978,-0.08438499017506212,0.3927567524400528,0.3298160117504932,-0.06294074068955963,0.1170230963893427,0.20254280490101537,0.08551970851167266,0.1526499233633626,0.16294770597820277,0.010297782614840156
A07,4,34,66596,3,0,0.46270664154910446,0.35322017546218526,-0.1094864660869192,0.3595883060694813,0.4183416949909858,0.0587533889215045,0.14886021532202884,0.2070192314028498,0.05815901608082097,0.12878986527063005,0.14906329050213302,0.020273425231502967
A07,4,35,68639,3,0,0.34910219845996815,0.22321209393374244,-0.1258901045262257,0.5509054517682185,0.5392703894559301,-0.011635062312288391,0.2304200842750656,0.11991252586394639,-0.11050755841111921,0.08268064562484063,0.06449902090655181,-0.018181624718288825
A07,4,36,70703,3,0,0.5583666447465899,0.4893816630305411,-0.06898498171604883,0.3367119114605777,0.37279219586022244,0.036080284399644724,0.1516064478020564,0.24345901727808608,0.09185256947602968,0.11812714777012615,0.07396115689181995,-0.044165990878306194
A07,4,38,74695,3,0,0.07326935049516345,0.3554020782631069,0.2821327277679434,0.5073130829102065,0.6290336210717345,0.12172053816152806,0.12889840519119405,0.263808181441314,0.13490977625011996,0.19464533091819888,0.12679018946168774,-0.06785514145651114
A07,4,39,76658,1,0,0.3174811442494719,0.286432355887485,-0.03104878836198688,0.5246547645915978,0.37520477494876686,-0.1494499896428309,0.14892897227262575,0.20378665547977842,0.054857683207152674,0.08688700534844358,0.1093360437497458,0.022449038401302218
A07,4,40,78583,4,0,0.3794728514703601,0.26741895281349803,-0.11205389865686205,0.3643689840637601,0.34114591294035346,-0.023223071123406658,0.29950787013829805,0.17976111042476803,-0.11974675971353002,0.13847372033115,0.21315553401928605,0.07468181368813606
A07,4,41,80664,2,0,0.29008562053004966,0.2028644755868725,-0.08722114494317715,0.5112937586237193,0.3528882058033093,-0.15840555282040997,0.2226582046257722,0.3297101283761776,0.10705192375040537,0.1914729809981732,0.1669570053843863,-0.024515975613786906
A07,4,42,82642,3,0,0.5707342645690506,0.30233926967224506,-0.26839499489680557,0.5741351240145988,0.3424224527845433,-0.23171267123005546,0.15805914042503413,0.1663180376855506,0.008258897260516457,0.06429302235177424,0.06497558646869872,0.0006825641169244806
A07,4,43,84632,2,0,0.30224785298859963,0.2734926759159996,-0.028755177072600058,0.2701927563351224,0.42486145294962324,0.15466869661450083,0.09618815929685498,0.22703965687623334,0.13085149757937836,0.13440649154142845,0.03158624907423348,-0.10282024246719497
A07,4,44,86751,3,0,0.38414213129326685,0.2732499784797775,-0.11089215281348935,0.28246183124752794,0.3680202586140964,0.08555842736656843,0.15316481002264842,0.1591835523534668,0.006018742330818366,0.22715432239597552,0.15779627246032085,-0.06935804993565467
A07,4,46,90585,2,0,0.23503699751889753,0.20995838562215074,-0.02507861189674679,0.635958095487665,0.5064461007266943,-0.12951199476097075,0.18274071019211574,0.13528967914584525,-0.04745103104627049,0.22347723482770432,0.18013685141108415,-0.043340383416620165
A07,4,47,92699,3,0,0.2681340923865077,0.3703074295490593,0.10217333716255161,0.2724461817501553,0.46589989156773787,0.1934537098175826,0.15060346282095693,0.15606063678570514,0.005457173964748208,0.179973632133096,0.11256637591367792,-0.06740725621941808
A07,4,48,94758,1,0,0.24294619435583525,0.35069845496396923,0.10775226060813398,0.5622682249418031,0.2993006199814684,-0.26296760496033467,0.1666516664225061,0.3168668227117089,0.15021515628920282,0.1468089428827221,0.11693172106482545,-0.029877221817896635
A07,5,1,251,1,0,0.3947732946345046,0.5451343508185491,0.1503610561840445,0.42607195206306,0.5854497491632654,0.15937779710020544,0.19982095555575569,0.18164805119438357,-0.018172904361372116,0.13532797918989076,0.17654924403633787,0.041221264846447114
A07,5,2,2254,1,0,0.635486554869539,0.32576781399561966,-0.3097187408739193,0.32235666153145626,0.38864562663123087,0.06628896509977461,0.2386691343725865,0.3067470608296653,0.0680779264570788,0.13920673177425338,0.1475803492759806,0.008373617501727215
A07,5,3,4172,4,0,0.45001915635785483,0.2809881603975688,-0.16903099596028603,0.3304915801650438,0.2870609483904733,-0.043430631774570516,0.1534823412874967,0.22199348783229084,0.06851114654479415,0.09869756281972199,0.04804555945892267,-0.050652003360799315
A07,5,4,6124,2,0,0.23994836605748854,0.5227465004437294,0.28279813438624085,0.35998196314771985,0.3574882107871042,-0.002493752360615664,0.16492617259531858,0.20028661499414097,0.035360442398822384,0.25563919549983144,0.10885679116446918,-0.14678240433536227
A07,5,5,8132,1,0,0.5095949485848214,0.47770622752182984,-0.03188872106299151,0.4571518202445472,0.49524124903507843,0.03808942879053123,0.08002359031132232,0.1814310518031296,0.10140746149180728,0.13348613286728545,0.2422552082155645,0.10876907534827907
A07,5,6,10243,3,0,0.5426315831032213,0.336254859720957,-0.20637672338226437,0.34009850019999466,0.3593594839701762,0.01926098377018154,0.14597712216996386,0.18340598017792567,0.03742885800796181,0.12809648891684283,0.11016150957810547,-0.01793497933873736
A07,5,7,12160,1,0,0.46038435110451786,0.38005480452995694,-0.08032954657456093,0.2781017940281014,0.15365036472935723,-0.1244514292987442,0.13416283463143155,0.13827853435289902,0.0041156997214674695,0.12127908454045262,0.08650015873681675,-0.03477892580363587
A07,5,8,14210,3,0,0.43078317667074845,0.5942955819215378,0.1635124052507893,0.3029573133398196,0.36497859363906804,0.062021280299248416,0.23429885622057242,0.35199086893121556,0.11769201271064314,0.17459082508308582,0.16559403111724835,-0.008996793965837468
A07,5,9,16141,2,0,0.23949678521963325,0.4715002570737576,0.23200347185412434,0.31291160398545176,0.33940041692927775,0.02648881294382599,0.2019998581904863,0.20007795475793835,-0.0019219034325479445,0.15278217368440025,0.22981207391607686,0.0770299002316766
A07,5,10,18139,4,0,0.39054482126356993,0.35841764331302617,-0.03212717795054376,0.3347905623929427,0.2059764021042971,-0.1288141602886456,0.13637415533938899,0.16617029284007517,0.029796137500686187,0.06455561803093922,0.11733943165872886,0.05278381362778964
A07,5,11,20045,1,0,0.406679561641713,0.4400207440729448,0.0333411824312318,0.38710543713125734,0.3456384918241997,-0.041466945307057634,0.14485705526478787,0.26245947116937846,0.11760241590459058,0.16415790327611188,0.08434110253664305,-0.07981680073946883
A07,5,12,21940,3,0,0.5931267722344783,0.5450208587991969,-0.04810591343528137,0.5467182323964864,0.2205535517658323,-0.3261646806306541,0.17049267339288393,0.37689395016723476,0.20640127677435083,0.13967592663739153,0.11041263306528516,-0.029263293572106372
A07,5,13,23912,3,0,0.6339743680299471,0.3257005386397296,-0.3082738293902175,0.5708875744817764,0.12383807183616148,-0.44704950264561494,0.18003766177038422,0.1727957368188841,-0.007241924951500112,0.08637883433517231,0.0804091424492853,-0.005969691885887002
A07,5,14,25856,1,0,0.5841753640207523,0.42903691140975353,-0.1551384526109988,0.6389198218650366,0.2081168693054711,-0.43080295255956547,0.3498490363679588,0.14228828372487523,-0.20756075264308355,0.29843251332488474,0.07876669567754624,-0.2196658176473385
A07,5,15,27823,3,0,0.47032040361360916,0.3593177093392322,-0.11100269427437698,0.5999451712027611,0.4194186058695361,-0.18052656533322503,0.1715698188454233,0.25730869335359674,0.08573887450817344,0.18745535764980945,0.20849489956767275,0.021039541917863308
A07,5,16,29943,2,0,0.35823695741261996,0.39648276542092065,0.038245808008300686,0.6475299753991074,0.3462758793799609,-0.3012540960191465,0.12437936254272412,0.20944119015559862,0.0850618276128745,0.1815093517984507,0.08067063683578082,-0.10083871496266988
A07,5,17,31951,4,0,0.6772356334936612,0.5814043945589257,-0.09583123893473555,0.611840914867659,0.30906326762517,-0.302777647242489,0.18809872708169798,0.16628519785986087,-0.021813529221837102,0.1878953963122594,0.21143352875059973,0.023538132438340326
A07,5,18,34017,4,0,0.6826482733022861,0.36121795043518085,-0.3214303228671052,0.2221514557765551,0.444663948107745,0.22251249233118991,0.26715880833442646,0.31362448933336456,0.04646568099893811,0.1032649185704082,0.2510089652135333,0.14774404664312507
A07,5,19,36053,4,0,0.6286291563340456,0.4819703234530066,-0.14665883288103898,0.3114141419782804,0.3594945213134251,0.048080379335144696,0.16890222328652502,0.3588702683169872,0.1899680450304622,0.1536557794888171,0.035482234142586826,-0.11817354534623026
A07,5,20,38119,3,0,0.5459736793107482,0.2859239915760348,-0.26004968773471343,0.44868929838696314,0.27902079050270073,-0.1696685078842624,0.19440908610871308,0.2511157295985925,0.056706643489879444,0.1262515422956552,0.09487798880231987,-0.031373553493335316
A07,5,21,40189,1,0,0.5009410398510253,0.23232541104608712,-0.2686156288049382,0.34789777499048646,0.30936096915975014,-0.03853680583073632,0.10948637162882026,0.23417335324723423,0.12468698161841398,0.13423778804513287,0.07772436783106863,-0.05651342021406423
A07,5,22,42269,4,0,0.27657073530762016,0.40872072223023653,0.13214998692261637,0.4109698037890742,0.40450097802869334,-0.006468825760380881,0.16174749354318532,0.21791352138981462,0.0561660278466293,0.20623732812552534,0.15512472155168705,-0.05111260657383829
A07,5,23,44181,2,0,0.6475799997608338,0.25927977098231775,-0.38830022877851605,0.261965120383846,0.31384464970616804,0.05187952932232204,0.1765045722172617,0.24756743161709235,0.07106285939983065,0.059263779043356966,0.06927800536269184,0.010014226319334872
A07,5,24,46212,4,0,0.3332080703315233,0.3316586437581378,-0.0015494265733854706,0.43288999196776967,0.34924791612397205,-0.08364207584379763,0.12546177361018754,0.24302943984111297,0.11756766623092543,0.12791658338730505,0.1980575158493476,0.07014093246204256
A07,5,25,48165,2,0,0.09530500781895472,0.38772650034832523,0.2924214925293705,0.5289676576961948,0.5124934827142295,-0.01647417498196535,0.23402746374231853,0.26901653202275183,0.0349890682804333,0.07403954876560219,0.17212210754070986,0.09808255877510767
A07,5,26,50126,1,0,0.6386401835734329,0.3256007030021873,-0.3130394805712456,0.681633015675896,0.29669971782195187,-0.3849332978539441,0.13426452959697235,0.3362983402259772,0.20203381062900486,0.138496676313268,0.08306957867658561,-0.055427097636682396
A07,5,27,52230,3,0,0.5236554403710336,0.5084516067523782,-0.015203833618655405,0.27607687075269516,0.40830019070238294,0.13222331994968778,0.15188831390024735,0.16685537797455666,0.01496706407430931,0.17815496159211872,0.14524818397524536,-0.032906777616873356
A07,5,28,54234,2,0,0.5844616390088978,0.5962606583214184,0.011799019312520587,0.38453967075004475,0.19822596775228038,-0.18631370299776437,0.07666743780724573,0.11923413177781386,0.04256669397056813,0.07429706765686794,0.10316534186066074,0.0288682742037928
A07,5,29,56209,1,0,0.23673339620198755,0.39877540791982746,0.1620420117178399,0.21528032583897255,0.4205712688512949,0.20529094301232237,0.2124135450441202,0.27491703625647074,0.06250349121235055,0.12643368484097883,0.21960902518711437,0.09317534034613553
A07,5,30,58235,3,0,0.5109385651424269,0.35713952011303324,-0.15379904502939362,0.4789825023662387,0.40415923971648177,-0.07482326264975692,0.15351604151637016,0.2698456481691541,0.11632960665278391,0.046029622363445384,0.13834859553760467,0.0923189731741593
A07,5,31,60306,3,0,0.30112907022143126,0.5170617173497908,0.21593264712835952,0.4024314380601753,0.37900135112443545,-0.023430086935739836,0.11900973152907972,0.21580422765730134,0.09679449612822162,0.2332259318502656,0.13517057424650022,-0.09805535760376538
A07,5,32,62413,1,0,0.6237719939669024,0.19390767419103774,-0.4298643197758647,0.35276583594901745,0.29966600523931236,-0.05309983070970509,0.2330025536458793,0.18248841779708855,-0.05051413584879075,0.13702700819558258,0.24720866510696657,0.11018165691138398
A07,5,33,64505,3,0,0.17350953261476487,0.4049642269875446,0.2314546943727797,0.3644101368227129,0.5307286846132272,0.1663185477905143,0.17680415363189178,0.14522201017054262,-0.03158214346134916,0.07966984885192863,0.08067187026006543,0.0010020214081368078
A07,5,34,66596,4,0,0.3118575209700237,0.23842500562745336,-0.07343251534257036,0.25771876931892196,0.588810838198296,0.3310920688793741,0.18082634753653512,0.1546565717330761,-0.026169775803459028,0.06091953990493938,0.20860335562878657,0.1476838157238472
A07,5,36,70703,2,0,0.5880778258183795,0.28719476288317225,-0.3008830629352073,0.44775302364130365,0.4221370879038964,-0.025615935737407225,0.15778807260032432,0.29253401532465995,0.13474594272433563,0.10392246899080093,0.13163186186132828,0.027709392870527344
A07,5,37,72723,1,0,0.3764083116573662,0.1374420145778261,-0.23896629707954012,0.4194984320472681,0.42864125423580235,0.009142822188534239,0.1516943243906748,0.32931703370153365,0.17762270931085886,0.1553944716496611,0.1847015466149605,0.029307074965299384
A07,5,38,74695,2,0,0.39712908734575375,0.21054709197271546,-0.1865819953730383,0.3537911828483139,0.4344801396884216,0.08068895684010768,0.1175636879203135,0.2931355449528506,0.17557185703253708,0.12498282581626108,0.1088013004450201,-0.016181525371240985
A07,5,39,76658,4,0,0.5548416895684012,0.17482964477360216,-0.380012044794799,0.5144949439065717,0.12367484053694104,-0.39082010336963063,0.1009578294469792,0.224551856381557,0.1235940269345778,0.10535388785694604,0.0937949304234171,-0.01155895743352893
A07,5,40,78583,2,0,0.325073112194901,0.21553848120304936,-0.10953463099185162,0.3190947109448898,0.5829592098431327,0.26386449889824287,0.0634841898213873,0.10027481700615695,0.03679062718476965,0.07764195500650566,0.14378906949230158,0.06614711448579592
A07,5,41,80664,4,0,0.5227247467698992,0.3403977334478831,-0.18232701332201612,0.0793715652174807,0.2873937919596004,0.2080222267421197,0.1780068565464832,0.17231254047346115,-0.0056943160730220654,0.11089971988746529,0.06423116828371422,-0.046668551603751066
A07,5,42,82642,3,0,0.20394486777766233,0.40558082329492934,0.201635955517267,0.4308945632583545,0.21469428476571295,-0.21620027849264156,0.3289764604040976,0.25791345513846187,-0.07106300526563575,0.0928214003027182,0.08313624445623598,-0.009685155846482219
A07,5,43,84632,2,0,0.07952046224417678,0.5055597782545477,0.4260393160103709,0.23271080584279186,0.48952452275171415,0.2568137169089223,0.19284526331000515,0.16857167272530274,-0.02427359058470241,0.18508044706827564,0.09990226192180983,-0.08517818514646582
A07,5,44,86751,2,0,0.5941430827213429,0.17293340559343637,-0.42120967712790647,0.3706966257344015,0.2078124176223301,-0.16288420811207138,0.06695291895672646,0.16275819940734543,0.09580528045061897,0.19134100423302597,0.2713403313356281,0.07999932710260216
A07,5,45,88657,2,0,0.3355017915758201,0.34825537958329583,0.012753588007475725,0.16551696631395194,0.5119828816049903,0.3464659152910383,0.2027743545405357,0.2154988572635484,0.012724502723012704,0.14818372727754855,0.20805961290508285,0.05987588562753429
A07,5,46,90585,3,0,0.13892603545412735,0.4479722687392754,0.3090462332851481,0.58374532196263,0.26186765990603317,-0.3218776620565968,0.1536373535541405,0.1663625032694049,0.012725149715264422,0.04965900331861829,0.23690822468174955,0.18724922136313127
A07,5,47,92699,4,0,0.4622166872842874,0.19358694611919905,-0.2686297411650883,0.676719055233413,0.11884115450323889,-0.5578779007301742,0.08214328233237601,0.1772741234235298,0.09513084109115379,0.042397742941876815,0.108101399361431,0.06570365641955418
A07,5,48,94758,1,0,0.4836999704614518,0.48787690209481144,0.004176931633359637,0.5114707338214443,0.651358719476554,0.13988798565510974,0.29693619378522434,0.3339922830821795,0.03705608929695514,0.19878032028367856,0.14931590052841978,-0.04946441975525878
A07,6,2,2254,4,0,0.37433239761904147,0.3587800318956856,-0.015552365723355888,0.2785057460029697,0.44184005271339927,0.1633343067104296,0.25742977220227314,0.2273883536066352,-0.030041418595637942,0.3287230229935504,0.3670006471166217,0.03827762412307134
A07,6,3,4172,1,0,0.4569350054114897,0.5583062469008413,0.10137124148935162,0.3447060533275926,0.41016577553050854,0.06545972220291596,0.24745935325374596,0.367121545189336,0.11966219193559002,0.20480800395210183,0.2508260014451473,0.04601799749304544
A07,6,4,6124,3,0,0.49935557339237135,0.5079733197621038,0.008617746369732449,0.36032466372887484,0.3951533375871143,0.034828673858239456,0.18036878463636702,0.28897026690436867,0.10860148226800165,0.29610541538081836,0.3781806854621153,0.08207527008129695
A07,6,5,8132,3,0,0.17629109801629997,0.38171455076970207,0.2054234527534021,0.30853519113508404,0.503688204898599,0.19515301376351496,0.18924668262087138,0.3698068952448046,0.1805602126239332,0.21376622241787394,0.3139677362353596,0.10020151381748568
A07,6,6,10243,4,0,0.28004466111960225,0.42619759466820983,0.1461529335486076,0.5694906832718992,0.20001081157895767,-0.36947987169294155,0.1939186871981222,0.28887223682521096,0.09495354962708877,0.11224279500073943,0.1870789330093062,0.07483613800856677
A07,6,7,12160,1,0,0.4202007371471203,0.35522871512794413,-0.06497202201917618,0.2511027516701604,0.33150650568480605,0.08040375401464567,0.19029565852827268,0.37318819998193636,0.18289254145366368,0.15610198081546597,0.15121843739303228,-0.004883543422433689
A07,6,9,16141,3,0,0.5186132677461198,0.510904317155325,-0.007708950590794794,0.2648357601937274,0.34637057705054536,0.08153481685681796,0.22131215963882547,0.17686328294565476,-0.044448876693170714,0.1051399665886329,0.16433252605260007,0.059192559463967176
A07,6,10,18139,2,0,0.27456083808499654,0.42624667411838474,0.1516858360333882,0.3845480303211874,0.3666035791661609,-0.01794445115502652,0.057593502190375116,0.2930409526361966,0.2354474504458215,0.052693938028875155,0.17617797089489148,0.12348403286601634
A07,6,11,20045,4,0,0.620356275689229,0.19958649937036002,-0.420769776318869,0.2858546246830881,0.31887735828604635,0.033022733602958265,0.19356445662953065,0.22308260334941657,0.029518146719885924,0.084743814520683,0.07233426285251347,-0.012409551668169524
A07,6,12,21940,4,0,0.26592952772181544,0.5683516668263738,0.3024221391045584,0.33864717023050833,0.2573605963446232,-0.08128657388588512,0.11630436182265982,0.24790358981077645,0.13159922798811663,0.20746220227969925,0.19138623311986627,-0.016075969159832976
A07,6,13,23912,4,0,0.10094510127180174,0.2590795120927923,0.15813441082099056,0.5112606968436182,0.46295188082344146,-0.048308816020176726,0.14548889089840303,0.18690658425299844,0.041417693354595414,0.16398310910926736,0.07286988609695479,-0.09111322301231257
A07,6,14,25856,2,0,0.2940241203990257,0.5159964088623707,0.22197228846334505,0.5281432326782045,0.46494075097944393,-0.06320248169876058,0.21691977047715483,0.32118740202648893,0.1042676315493341,0.06692319425858784,0.1761500569045363,0.10922686264594847
A07,6,15,27823,1,0,0.4089225151025051,0.438671626606364,0.029749111503858894,0.331670727781214,0.491748746928332,0.160078019147118,0.13462507437142707,0.19731836961360946,0.0626932952421824,0.15779922047453665,0.23902313653767018,0.08122391606313353
A07,6,16,29943,3,0,0.3753571563057379,0.4458256559890857,0.07046849968334779,0.5109547566010624,0.4927850602072746,-0.018169696393787793,0.18426862625438392,0.2997243255115025,0.1154556992571186,0.2590685802794784,0.11694049062742176,-0.14212808965205662
A07,6,17,31951,2,0,0.19150514603532856,0.43013524156670707,0.2386300955313785,0.47375058680320464,0.15417618025123278,-0.3195744065519719,0.18170499073428031,0.26414046608391045,0.08243547534963014,0.20364801034967348,0.18491225479731677,-0.01873575555235671
A07,6,18,34017,4,0,0.4050697376296624,0.29512225165879424,-0.10994748597086818,0.3055612631467985,0.312277236334135,0.006715973187336521,0.18120629479818126,0.23636223781429688,0.05515594301611562,0.10649910375161245,0.2720668716762333,0.16556776792462083
A07,6,19,36053,1,0,0.3284273688436767,0.4110059978090394,0.08257862896536272,0.2585884024404625,0.4819876233112471,0.22339922087078462,0.28544893675905014,0.25019868862722117,-0.035250248131828976,0.11631544051940848,0.1671508693269155,0.05083542880750702
A07,6,20,38119,4,0,0.49436786042608766,0.21372779633023403,-0.2806400640958536,0.4220605253188482,0.44993138318751885,0.027870857868670662,0.16613388740894938,0.14519909881112764,-0.020934788597821746,0.21575610882934923,0.2685789116745147,0.05282280284516547
A07,6,21,40189,3,0,0.20869733180612154,0.29683861225527103,0.08814128044914948,0.3720650065318565,0.4552391341576469,0.0831741276257904,0.24606038752208703,0.11300841693194948,-0.13305197059013757,0.27125458991413826,0.08177840559721912,-0.18947618431691915
A07,6,23,44181,4,0,0.6859042158366263,0.445881125707686,-0.2400230901289403,0.4435340709881605,0.5403447682425784,0.09681069725441788,0.18373246579702426,0.14710701430139256,-0.036625451495631706,0.18814496461095764,0.2582288891716502,0.07008392456069257
A07,6,24,46212,4,0,0.6027456236853334,0.4042527160935049,-0.19849290759182847,0.33917816186099536,0.3061352823750054,-0.03304287948598994,0.18519889990499364,0.230980557137945,0.045781657232951356,0.177346793787071,0.03007926550577838,-0.1472675282812926
A07,6,25,48165,1,0,0.2887261704726365,0.3007312941681003,0.012005123695463804,0.24331738796213417,0.2716816550088709,0.028364267046736752,0.25028404630727297,0.16696927719803215,-0.08331476910924082,0.2717903437596297,0.24121734794267638,-0.030572995816953302
A07,6,26,50126,2,0,0.33301607388846094,0.3073354905557179,-0.025680583332743034,0.41460434844860156,0.4607964783080823,0.046192129859480735,0.15695802519101185,0.24514563997782446,0.08818761478681261,0.1572620803549636,0.23076520797798747,0.07350312762302386
A07,6,27,52230,2,0,0.36945332881216164,0.3956045468389635,0.02615121802680187,0.48710199025963136,0.49844874894201885,0.011346758682387492,0.14714940716874,0.27604768783853073,0.12889828066979073,0.059827848066525524,0.09327352831043048,0.03344568024390496
A07,6,28,54234,3,0,0.45935093673967425,0.680852332511774,0.22150139577209976,0.4615239374826224,0.4118729461016985,-0.04965099138092388,0.17471297673616323,0.2208552475154095,0.046142270779246264,0.27342232826640644,0.04112776478198066,-0.2322945634844258
A07,6,29,56209,4,0,0.6454515944959212,0.40100397653508113,-0.24444761796084002,0.54774572283465,0.1634763093868749,-0.38426941344777504,0.14297911179120262,0.2669986176475981,0.12401950585639546,0.2071341736911822,0.2008823417345614,-0.006251831956620796
A07,6,30,58235,2,0,0.11607264426945432,0.5153921582024278,0.3993195139329735,0.4424693808186331,0.298767650304287,-0.1437017305143461,0.24177277199796224,0.2605037292802665,0.018730957282304256,0.13308376095827854,0.11698786576594053,-0.016095895192338006
A07,6,31,60306,1,0,0.4667707625407136,0.3679547790199429,-0.0988159835207707,0.28502016936227925,0.47116527387270074,0.1861451045104215,0.2408466430282017,0.09982117131461052,-0.14102547171359117,0.15885981649560194,0.11155965863048538,-0.04730015786511656
A07,6,32,62413,1,0,0.1910950148756185,0.38615274892824175,0.19505773405262325,0.46956675864724223,0.34057604872191766,-0.12899070992532458,0.10185897503672302,0.26911384878532535,0.16725487374860232,0.15824934804276056,0.14875134576846977,-0.00949800227429079
A07,6,33,64505,4,0,0.6726650828510818,0.2373268278175503,-0.4353382550335315,0.45663536017259176,0.44005854286297386,-0.01657681730961791,0.14226806855835433,0.22872993529445207,0.08646186673609774,0.0474056132818549,0.19761684798234777,0.15021123470049286
A07,6,34,66596,2,0,0.4972732030140232,0.5980453360090878,0.1007721329950646,0.46457481688269375,0.3509442927261772,-0.11363052415651653,0.09062009283357426,0.23888398871008762,0.14826389587651334,0.0912162199083826,0.1805939492767465,0.08937772936836388
A07,6,35,68639,1,0,0.16324916578613152,0.2783910326622513,0.11514186687611977,0.5144748247043464,0.4191194874120594,-0.09535533729228696,0.18172671167358903,0.229731674858825,0.04800496318523598,0.18576509602911742,0.1059575800582431,-0.07980751597087432
A07,6,36,70703,3,0,0.5590580851386063,0.3781618738939443,-0.18089621124466204,0.27269406343247854,0.3162674920315716,0.04357342859909308,0.1615795592577046,0.13139837185198217,-0.030181187405722426,0.10273994730774297,0.2672891292869228,0.1645491819791798
A07,6,37,72723,2,0,0.40854129034860487,0.35856553548832876,-0.04997575486027611,0.5257094109653502,0.5490489899431579,0.023339578977807696,0.11699524124767732,0.19845118326649017,0.08145594201881284,0.13485376335732305,0.1012268340909386,-0.03362692926638444
A07,6,38,74695,2,0,0.21558539662122275,0.5419732775117253,0.3263878808905025,0.31932840842416726,0.3457662252490268,0.026437816824859517,0.17125029534459627,0.14839238022333875,-0.02285791512125751,0.20751014581941352,0.09468669677312298,-0.11282344904629053
A07,6,39,76658,3,0,0.4168802023904243,0.3463241729759617,-0.0705560294144626,0.5658826991030267,0.27888609732099223,-0.28699660178203446,0.18567813986056875,0.2517656399362394,0.06608750007567066,0.1107391466043838,0.08055588095872389,-0.030183265645659915
A07,6,40,78583,1,0,0.22534665269350374,0.41975020676483377,0.19440355407133003,0.357679149562283,0.5015160695878657,0.14383692002558263,0.09351516354243081,0.27558873237037734,0.18207356882794654,0.09173209873981637,0.07177089637570676,-0.019961202364109615
A07,6,41,80664,4,0,0.5504629137443666,0.275265085858091,-0.2751978278862756,0.6335994621950091,0.33893364703123513,-0.29466581516377394,0.2094377492661942,0.2060855903790004,-0.0033521588871938124,0.10193067158531086,0.09939511054086192,-0.0025355610444489363
A07,6,42,82642,3,0,0.48503735568944417,0.3687487735165131,-0.11628858217293109,0.5985937624501358,0.23964896243437459,-0.35894480001576123,0.4648514243382157,0.22739929384686317,-0.23745213049135253,0.20672962813431392,0.09692835316601052,-0.1098012749683034
A07,6,43,84632,3,0,0.3520298329619947,0.36480358675058444,0.012773753788589748,0.3204691810724265,0.41823258002051905,0.09776339894809255,0.16211213193498455,0.3388120270625309,0.17669989512754633,0.18920631220464598,0.10448989198620043,-0.08471642021844555
A07,6,44,86751,3,0,0.5079064420078192,0.2527896295115367,-0.2551168124962825,0.6126234020364353,0.27875653339784795,-0.33386686863858733,0.21696131511779207,0.14208069804921997,-0.0748806170685721,0.08124921144450836,0.11376253692454674,0.03251332548003838
A07,6,45,88657,3,0,0.21047594773229447,0.44537757144141493,0.23490162370912046,0.37197422123624346,0.48026511314719916,0.1082908919109557,0.15835062786711965,0.2084235954334707,0.050072967566351045,0.1349254650585017,0.09042438054555715,-0.044501084512944544
A07,6,46,90585,1,0,0.30795693734976864,0.45172314433062594,0.1437662069808573,0.7149688300982616,0.4718247798208039,-0.24314405027745772,0.2629781718353365,0.29186908056357763,0.028890908728241127,0.1793920029183058,0.11196324791228082,-0.06742875500602497
A07,6,47,92699,2,0,0.6013681270201936,0.5720343643633127,-0.029333762656880924,0.2779605557853637,0.4373593990048206,0.1593988432194569,0.15708806138507134,0.21694739054511608,0.059859329160044744,0.14140199277765206,0.08085188461453408,-0.06055010816311798
A07,6,48,94758,1,0,0.31768179619079706,0.31053039150746736,-0.0071514046833296985,0.6012655300124686,0.536943451008512,-0.06432207900395659,0.18391945927536119,0.28220772668926963,0.09828826741390845,0.1205792751326072,0.08445056024966743,-0.03612871488293977
A07,7,1,251,2,0,0.312410880540691,0.49475964898094776,0.18234876844025677,0.5524747386369043,0.5230766276912796,-0.029398110945624722,0.27988527593567386,0.20874198632365962,-0.07114328961201424,0.15543999790549531,0.15708191959337986,0.0016419216878845455
A07,7,2,2254,1,0,0.2053236686890348,0.18728940414403258,-0.018034264545002204,0.5185524599419952,0.5349716426825964,0.01641918274060128,0.1622973942304045,0.19982947642354,0.037532082193135474,0.08770634878929892,0.07379119663101827,-0.013915152158280653
A07,7,3,4172,1,0,0.44531027108614285,0.3182691334120928,-0.12704113767405006,0.5064728244932171,0.45742180412876704,-0.049051020364450026,0.238979073857607,0.25167716993502726,0.012698096077420257,0.19873809441635476,0.12345810370524467,-0.07527999071111009
A07,7,4,6124,3,0,0.26901018040890523,0.47534803533723075,0.20633785492832551,0.6407119688616191,0.3638208645129754,-0.27689110434864367,0.08745491463335846,0.27301704040550934,0.18556212577215087,0.1586613488203847,0.13002761370975666,-0.028633735110628056
A07,7,5,8132,3,0,0.14484197972250282,0.35587999035894097,0.21103801063643815,0.30940471667139485,0.4161514310827722,0.10674671441137734,0.2566386728518378,0.3152799139510683,0.05864124109923052,0.21869054996379608,0.06628799895926699,-0.1524025510045291
A07,7,6,10243,2,0,0.5694219372176669,0.2361185988508889,-0.33330333836677795,0.46550359926293733,0.5435647083214413,0.078061109058504,0.2987316577261912,0.17133584903721572,-0.1273958086889755,0.3901436947545904,0.10365112596488289,-0.28649256878970747
A07,7,7,12160,3,0,0.5079675944705128,0.42353785166829244,-0.08442974280222032,0.3400848907367264,0.4194558040654441,0.07937091332871771,0.19370612498248288,0.20344909349830015,0.009742968515817269,0.12182503012321008,0.19294382358590192,0.07111879346269184
A07,7,8,14210,4,0,0.516391889942757,0.2187242804203502,-0.2976676095224068,0.19968109957192873,0.4151104562438099,0.21542935667188115,0.16866554173748835,0.23660244550107348,0.06793690376358513,0.09926918931120689,0.12637921224649332,0.02711002293528643
A07,7,9,16141,1,0,0.16784112067009885,0.5231274993346908,0.355286378664592,0.3395569637412012,0.5545469628175039,0.21498999907630273,0.2045102024714092,0.3074227550092938,0.10291255253788459,0.24145049096885524,0.15308928472680527,-0.08836120624204996
A07,7,10,18139,4,0,0.4476231717199681,0.3393706854578184,-0.10825248626214973,0.29319572745028877,0.46761150940883944,0.17441578195855068,0.1128750701891635,0.20697958352599782,0.09410451333683433,0.16385335985464586,0.10785754608141736,-0.0559958137732285
A07,7,11,20045,1,0,0.5811376132591475,0.5249172106608466,-0.056220402598300856,0.6800057208339861,0.32087828454419487,-0.35912743628979127,0.2195925564329792,0.14255702317031985,-0.07703553326265936,0.1359532712481421,0.11805806481180882,-0.017895206436333286
A07,7,12,21940,1,0,0.2516970394691716,0.13957978334634752,-0.11211725612282408,0.31190867491021035,0.3047775247699875,-0.007131150140222864,0.2541955363595067,0.2946887934865417,0.040493257127035,0.12470022530905005,0.13536601640080376,0.01066579109175371
A07,7,13,23912,2,0,0.18890000147552613,0.3858460251803314,0.19694602370480527,0.18561926592345188,0.29492681469306586,0.10930754876961399,0.18285308158540503,0.22894480771859754,0.04609172613319251,0.15545417675348627,0.17505006077043822,0.019595884016951948
A07,7,15,27823,3,0,0.41593531220896257,0.3410992870762107,-0.0748360251327519,0.34262159711313167,0.3001415246952746,-0.04248007241785706,0.19003124276603955,0.24737434917963855,0.05734310641359899,0.12008235758967833,0.04918934916685364,-0.0708930084228247
A07,7,16,29943,2,0,0.3142861036580907,0.14850747461966038,-0.1657786290384303,0.17094484899741808,0.3417035220741429,0.17075867307672482,0.29879636056579806,0.22677101438698183,-0.07202534617881623,0.1975330055629781,0.07058465279228003,-0.12694835277069805
A07,7,17,31951,4,0,0.4733520436876617,0.3175888774040107,-0.155763166283651,0.3911985656158444,0.3953151230498596,0.004116557434015233,0.18601282928575993,0.18778241194814935,0.0017695826623894129,0.2336372106287671,0.17424618589334395,-0.059391024735423154
A07,7,18,34017,3,0,0.5115859569994663,0.3882298758753147,-0.12335608112415158,0.4694274656172253,0.36369569515347944,-0.10573177046374588,0.17820920091909784,0.25577613263927507,0.07756693172017723,0.2521811500613082,0.1799354140314397,-0.0722457360298685
A07,7,19,36053,4,0,0.5574227919476701,0.4383327528934335,-0.1190900390542366,0.4642826281117804,0.42205247605030777,-0.042230152061472626,0.24808034200169857,0.18594538633465962,-0.062134955667038944,0.14493285479392531,0.12175743668678397,-0.02317541810714134
A07,7,20,38119,3,0,0.7557865697377711,0.32517852329463903,-0.4306080464431321,0.2904917419205915,0.3451309463973634,0.054639204476771897,0.21918884322321747,0.23183190131248937,0.012643058089271908,0.2518844804219874,0.08404905623320387,-0.16783542418878356
A07,7,21,40189,4,0,0.14142909315412863,0.3362076803700137,0.19477858721588506,0.44967022101712584,0.554798922682291,0.10512870166516519,0.14212509176409624,0.23914751252224528,0.09702242075814904,0.1696012243238387,0.058950370109024534,-0.11065085421481416
A07,7,22,42269,2,0,0.499915205435792,0.38919859193647366,-0.11071661349931833,0.6149399162253051,0.6235661350245741,0.008626218799269059,0.27353566128927087,0.19021033209960506,-0.08332532918966581,0.1199793290815117,0.1453442608686724,0.02536493178716069
A07,7,23,44181,2,0,0.3855510316545486,0.4281572327296012,0.042606201075052585,0.42765422993477414,0.3888725778748197,-0.03878165205995443,0.16015175042201,0.29441587401680575,0.13426412359479575,0.11218534449219746,0.13688777802065366,0.024702433528456205
A07,7,24,46212,4,0,0.6310097027236943,0.28075158613974194,-0.35025811658395234,0.552375547861267,0.375912128762942,-0.17646341909832497,0.2839776342982871,0.3007566385046075,0.01677900420632039,0.12073664950081955,0.31587628633759895,0.1951396368367794
A07,7,25,48165,1,0,0.5532060599491181,0.47284234225407723,-0.08036371769504086,0.5586347248762472,0.3078121103451127,-0.2508226145311345,0.14179773961840308,0.27990946982961284,0.13811173021120976,0.06705521023780472,0.07976418556793326,0.012708975330128533
A07,7,27,52230,2,0,0.3607376554365607,0.20973072110596253,-0.1510069343305982,0.2614758135998861,0.36635521599280857,0.10487940239292248,0.13466340800033827,0.2532048663577415,0.1185414583574032,0.19640586773389282,0.21765005856391978,0.02124419083002696
A07,7,28,54234,2,0,0.596427369016852,0.5525616876182669,-0.043865681398585155,0.34436437675727927,0.5275435184792003,0.18317914172192107,0.09222401143301942,0.3207509103036382,0.2285268988706188,0.16386450387956344,0.10358830327381309,-0.060276200605750355
A07,7,29,56209,3,0,0.5874435702594336,0.3572886495915708,-0.2301549206678628,0.4872502067304132,0.272663272343254,-0.2145869343871592,0.2950632394396989,0.21287372345436198,-0.08218951598533694,0.20036517943158244,0.10399759817158016,-0.09636758126000228
A07,7,30,58235,4,0,0.4403852995627098,0.44260298698151307,0.0022176874188032936,0.5999011967205641,0.21845528824210342,-0.38144590847846066,0.1971808374522069,0.34627295681150777,0.14909211935930086,0.15404257787838777,0.10855967558282562,-0.04548290229556215
A07,7,31,60306,1,0,0.540866905305029,0.3685579421626218,-0.17230896314240723,0.5404783346883582,0.5543734605407497,0.013895125852391499,0.22297062988405575,0.4506313337246544,0.22766070384059867,0.25828317043915616,0.1381188596988413,-0.12016431074031486
A07,7,32,62413,4,0,0.511342442832375,0.35928346319940424,-0.15205897963297071,0.3644997602629124,0.19298366767124106,-0.17151609259167136,0.12909604881350842,0.24782165147690657,0.11872560266339816,0.12489764272916852,0.22702565066103977,0.10212800793187125
A07,7,33,64505,1,0,0.44454401535849974,0.26829981047313295,-0.1762442048853668,0.2607690719320657,0.4034914991510208,0.14272242721895506,0.14214316692244114,0.2695478072153441,0.12740464029290297,0.1072475450314592,0.35699053544865667,0.24974299041719747
A07,7,34,66596,3,0,0.5793520873725716,0.4659135770752367,-0.11343851029733493,0.5120594642325957,0.5736096520297279,0.06155018779713217,0.15580500444732198,0.304189111030991,0.14838410658366902,0.255949989010829,0.07580948351089348,-0.18014050549993552
A07,7,35,68639,1,0,0.5450283821308853,0.4972486099767455,-0.04777977215413981,0.6258013708633384,0.5788015337195549,-0.04699983714378353,0.22155564670412695,0.25108240891228334,0.029526762208156393,0.21260362722268727,0.2079337194012457,-0.004669907821441582
A07,7,36,70703,4,0,0.39327712471898074,0.43066297081204663,0.03738584609306589,0.28923278874130187,0.4579307694437983,0.16869798070249642,0.1600032067028061,0.32204687801661697,0.16204367131381087,0.1849921570581167,0.2475360261884945,0.0625438691303778
A07,7,37,72723,1,0,0.5874494294272984,0.5804414156031118,-0.0070080138241865875,0.4865474798607708,0.5168630162602496,0.03031553639947876,0.30269408107996043,0.21548861356321833,-0.0872054675167421,0.1955931996009574,0.1717931733815707,-0.023800026219386677
A07,7,38,74695,3,0,0.20274670757707078,0.6798957171255215,0.47714900954845074,0.6438640837075125,0.4478281417827718,-0.19603594192474066,0.21719087456194844,0.34231224830578444,0.125121373743836,0.17972454842331617,0.14907316593093636,-0.03065138249237981
A07,7,39,76658,1,0,0.33204664147200386,0.5197004947575504,0.18765385328554657,0.7044995000895069,0.5106747904640606,-0.1938247096254463,0.13600919988490767,0.20277424989830745,0.06676505001339977,0.1615715307454857,0.23100752077771772,0.06943599003223203
A07,7,40,78583,2,0,0.5424641063100107,0.3999382497239002,-0.14252585658611056,0.47980661674357633,0.39935333608210094,-0.08045328066147539,0.18423214567364846,0.21638218275232216,0.0321500370786737,0.1414824452432287,0.13969641983766118,-0.0017860254055675207
A07,7,41,80664,3,0,0.33207797568656705,0.30796333065982573,-0.02411464502674132,0.4862070582565453,0.4561338645995329,-0.030073193657012387,0.3494020795282272,0.2426110897946044,-0.1067909897336228,0.5512362100373541,0.2539874447505082,-0.2972487652868459
A07,7,42,82642,3,0,0.3567659359526453,0.5054922468702441,0.1487263109175988,0.32946829113928766,0.3169677244415915,-0.01250056669769617,0.24197094336339892,0.4346446700295323,0.19267372666613336,0.09155712352248697,0.078294853859417,-0.013262269663069981
A07,7,43,84632,4,0,0.560459894311963,0.31435804229036457,-0.2461018520215984,0.48968284063470274,0.4868468691349053,-0.0028359714997974184,0.2522870005722223,0.22477159933104954,-0.02751540124117277,0.16288270586296008,0.2970146513276214,0.1341319454646613
A07,7,44,86751,1,0,0.31601808461979125,0.2716926090143262,-0.04432547560546507,0.5071216408708396,0.29372273864101067,-0.21339890222982888,0.11713879162482577,0.27380438193085876,0.156665590306033,0.12862449090538902,0.19449132096002028,0.06586683005463126
A07,7,45,88657,2,0,0.37826805246442763,0.26347240658021487,-0.11479564588421276,0.581145271964669,0.41460507057987567,-0.16654020138479336,0.22966550641389208,0.3893229058664597,0.1596573994525676,0.13135095879861344,0.2280487957732524,0.09669783697463896
A07,7,46,90585,4,0,0.1460059258538267,0.47341046600127823,0.3274045401474515,0.19006437749983165,0.45569457153204607,0.26563019403221444,0.17967051224451822,0.33765032955072466,0.15797981730620644,0.08767830920052504,0.19545337400385243,0.1077750648033274
A07,7,47,92699,2,0,0.25405097376040864,0.37051705464618384,0.1164660808857752,0.3771764363570747,0.3587880424108783,-0.018388393946196402,0.14111539293288583,0.2867193799268336,0.14560398699394778,0.4737629440681547,0.41513291410005504,-0.058630029968099684
A07,7,48,94758,3,0,0.35871464964092853,0.37125936477485294,0.012544715133924411,0.3352218650880859,0.4048000657929967,0.06957820070491083,0.12916383261670067,0.19333453260717454,0.06417069999047387,0.18022230296702973,0.13876166535652132,-0.041460637610508416
A07,8,2,2254,1,0,0.4401935008758059,0.6492013580381432,0.20900785716233727,0.29217415739088387,0.3766819091048634,0.0845077517139795,0.19440136561801122,0.35765611873516306,0.16325475311715185,0.3031128144256832,0.10284327692698284,-0.20026953749870038
A07,8,3,4172,4,0,0.24035036459869336,0.3178891091462046,0.07753874454751125,0.32392359440554114,0.34150743283654555,0.017583838431004417,0.11087134775441379,0.07111110515559936,-0.03976024259881443,0.12722400992977953,0.11279723130921875,-0.014426778620560785
A07,8,4,6124,2,0,0.44412919717387933,0.3974610462286187,-0.04666815094526061,0.3303019682469252,0.5211870503235622,0.19088508207663696,0.11948266121552295,0.31006528083733437,0.19058261962181142,0.1817436801574535,0.060712074128641325,-0.12103160602881219
A07,8,5,8132,4,0,0.35713161643348607,0.3362158431457913,-0.020915773287694783,0.5033285211629199,0.4939406875167242,-0.00938783364619572,0.1896373619278826,0.21801199127426704,0.028374629346384433,0.0892655027225516,0.11638241007388568,0.027116907351334082
A07,8,6,10243,1,0,0.44537994514589674,0.18190224681461528,-0.26347769833128143,0.4165641902240464,0.6887203114245012,0.2721561212004548,0.21772180506311503,0.21208425696616848,-0.005637548096946554,0.24212509178198705,0.0461442519639642,-0.19598083981802283
A07,8,7,12160,1,0,0.6830579973161415,0.4336797690798621,-0.24937822823627936,0.7204414860369066,0.5188967849452787,-0.20154470109162792,0.06366736534590531,0.20239733732392537,0.13872997197802006,0.038126711434402764,0.06401531130795224,0.025888599873549474
A07,8,8,14210,3,0,0.571664805791788,0.39398338060239346,-0.17768142518939456,0.5310116272964579,0.2677358470631121,-0.2632757802333458,0.23987752873326687,0.18954928973891907,-0.050328238994347796,0.23865311286248744,0.07601094191042193,-0.1626421709520655
A07,8,9,16141,3,0,0.3885918174002519,0.5486825841920727,0.16009076679182083,0.41329012964392337,0.5322954891578995,0.11900535951397612,0.2508224844839294,0.22212502281111607,-0.02869746167281334,0.12537398327942426,0.0684356383503151,-0.05693834492910915
A07,8,10,18139,2,0,0.5572487504087688,0.3130419278964692,-0.24420682251229958,0.36032282010230404,0.43854702282075714,0.0782242027184531,0.16547221108362672,0.31369012378034483,0.1482179126967181,0.09614313600950229,0.12218679897008675,0.026043662960584454
A07,8,11,20045,4,0,0.6267055317494855,0.16819821995887127,-0.4585073117906142,0.5923501004352366,0.10909487961812371,-0.4832552208171129,0.11952966884369612,0.1955422307690955,0.07601256192539937,0.11471145818686178,0.08778084691590773,-0.026930611270954044
A07,8,12,21940,2,0,0.22467824865407696,0.4033984475124874,0.17872019885841042,0.4626549835748888,0.29256125507133174,-0.17009372850355708,0.2138930433578236,0.18992917760604497,-0.02396386575177864,0.1680409120943873,0.06928988095261791,-0.09875103114176938
A07,8,13,23912,2,0,0.5153301947147538,0.36155691261630835,-0.15377328209844549,0.39156799403647174,0.5193714466424556,0.12780345260598386,0.16500515307574787,0.30418513389844776,0.1391799808226999,0.048830425375301086,0.10678122345749215,0.057950798082191064
A07,8,14,25856,1,0,0.3990376587196821,0.32843645807535016,-0.07060120064433195,0.330854593023857,0.24026806193881617,-0.09058653108504083,0.10417445223572777,0.2640935673941707,0.15991911515844295,0.10079048479361337,0.052756417456265456,-0.04803406733734791
A07,8,15,27823,2,0,0.67008667765767,0.6217313167123459,-0.04835536094532411,0.47531627572223467,0.6067117270130685,0.13139545129083385,0.1966912766104345,0.29455894592727105,0.09786766931683655,0.20533539347582191,0.055960492782045304,-0.14937490069377662
A07,8,16,29943,4,0,0.31676570071725746,0.44454302123229195,0.1277773205150345,0.2966140623326265,0.23923373001493134,-0.057380332317695154,0.19565722545406278,0.2423982489936944,0.04674102353963161,0.3190720905088165,0.25085282123254354,-0.06821926927627298
A07,8,17,31951,4,0,0.21103626138727996,0.48180023704928815,0.27076397566200816,0.37076185111088644,0.3743672119183871,0.0036053608075006793,0.12478097673530202,0.14327974935159743,0.018498772616295414,0.06427673713443287,0.12213330047205263,0.057856563337619765
A07,8,18,34017,2,0,0.5969876789452311,0.17047277930467236,-0.4265148996405587,0.37865435790673085,0.5215827821128851,0.14292842420615426,0.2232679972314678,0.18764749193806748,-0.03562050529340033,0.12892669287058448,0.07171689403452146,-0.05720979883606302
A07,8,19,36053,2,0,0.20280202298887723,0.6734686082291351,0.4706665852402579,0.27114086191295783,0.529731493041134,0.25859063112817615,0.18631167084792247,0.1737666196322681,-0.012545051215654357,0.17477616570386925,0.12593461482434146,-0.048841550879527795
A07,8,20,38119,2,0,0.44857862860339803,0.15580879359361807,-0.29276983500977993,0.5871678740084382,0.46851378766807983,-0.11865408634035834,0.11814799036867263,0.21927102918319724,0.10112303881452461,0.08599349076942106,0.07961464036693022,-0.006378850402490838
A07,8,21,40189,2,0,0.16161842398817847,0.35057310442961803,0.18895468044143957,0.35551271925473465,0.3216261885370209,-0.03388653071771375,0.21107952444677003,0.12104569991375771,-0.09003382453301231,0.036662731647025985,0.24644894077610274,0.20978620912907675
A07,8,22,42269,4,0,0.23331348019018794,0.5317777851085764,0.2984643049183885,0.3728289794615063,0.33353211411448497,-0.039296865347021315,0.21394847441332043,0.25094825677761323,0.0369997823642928,0.06719371515191781,0.03478325823147775,-0.03241045692044006
A07,8,23,44181,4,0,0.3645056940691326,0.45550860765434004,0.09100291358520746,0.5946412397736047,0.37846233084700476,-0.21617890892659997,0.14248192364813397,0.21986934063319843,0.07738741698506446,0.040341271559070524,0.12342073564474369,0.08307946408567317
A07,8,24,46212,3,0,0.4502937260884975,0.10000275068460553,-0.350290975403892,0.3913000130388296,0.4362016034331125,0.044901590394282875,0.1239625216636282,0.07223424066903479,-0.05172828099459341,0.31395300761920797,0.08484869371059364,-0.22910431390861433
A07,8,25,48165,4,0,0.37288515039264114,0.4116715622512686,0.03878641185862747,0.5201070758402736,0.3955198304021623,-0.12458724543811128,0.20794396389876124,0.275206151053028,0.06726218715426674,0.11382625352295826,0.10949575597954785,-0.0043304975434104165
A07,8,26,50126,1,0,0.47594294993920894,0.18030391735573734,-0.2956390325834716,0.4282684678135755,0.3746067596802044,-0.05366170813337112,0.15401145026126078,0.14298533123242943,-0.011026119028831355,0.17180534228586858,0.13552372215115588,-0.0362816201347127
A07,8,27,52230,2,0,0.5093159687462728,0.13435302686803846,-0.37496294187823437,0.5396746207726277,0.5872131425462394,0.04753852177361162,0.16327436947252538,0.23186517860728695,0.06859080913476157,0.14897152878994044,0.06689937370151622,-0.08207215508842422
A07,8,28,54234,3,0,0.5844236735491479,0.450623545580513,-0.13380012796863494,0.47617985007546376,0.239169607558005,-0.23701024251745875,0.15819934361016705,0.23336827484994302,0.07516893123977597,0.1319757310692324,0.030412007090311017,-0.1015637239789214
A07,8,29,56209,2,0,0.5296580700872953,0.3651875125287201,-0.16447055755857515,0.315951963211918,0.4760168914253619,0.16006492821344392,0.25731721401181007,0.2509188613379848,-0.006398352673825269,0.08202320637683773,0.07344326107590766,-0.008579945300930064
A07,8,30,58235,1,0,0.22587853757574367,0.24326356207620986,0.017385024500466195,0.4854851095324815,0.28713856807709703,-0.19834654145538444,0.28598131329985194,0.12696269975426167,-0.15901861354559027,0.09473092417165771,0.17181316428275092,0.07708224011109321
A07,8,31,60306,4,0,0.5492321005296122,0.3279683272392517,-0.22126377329036057,0.3473259303160165,0.330022074859344,-0.017303855456672512,0.12324784334337523,0.2121651084462653,0.08891726510289007,0.025686640221352253,0.11709950897286148,0.09141286875150922
A07,8,32,62413,1,0,0.4854002091020609,0.5859067895767727,0.10050658047471178,0.3820186503005653,0.2371800978190113,-0.144838552481554,0.16421129440095492,0.20501219515597963,0.04080090075502471,0.0634502479776288,0.07919103400011418,0.01574078602248538
A07,8,33,64505,4,0,0.3900058988942589,0.4736783556370372,0.08367245674277829,0.5345819526578415,0.386153484624454,-0.1484284680333875,0.1816907272372626,0.23695759816982429,0.05526687093256169,0.10766717222663534,0.2712500937773473,0.16358292155071197
A07,8,34,66596,1,0,0.10634396463305232,0.5932692019693379,0.48692523733628557,0.14278852687579444,0.549578676241653,0.40679014936585856,0.09069125923938622,0.1512764983058012,0.060585239066414984,0.12623438693587635,0.04203931829237346,-0.0841950686435029
A07,8,35,68639,1,0,0.39067571708416265,0.22596644381674486,-0.1647092732674178,0.28063281286680536,0.5167873808423876,0.23615456797558226,0.13565644016736347,0.12710455000405027,-0.008551890163313203,0.1509463016188398,0.10620872350002995,-0.04473757811880984
A07,8,36,70703,1,0,0.45740917823747473,0.2930826871051963,-0.16432649113227843,0.069589098453556,0.49554490356313013,0.42595580510957415,0.12142403921872635,0.1422639145249137,0.020839875306187333,0.2348517935644429,0.06803892531206623,-0.16681286825237668
A07,8,37,72723,1,0,0.5706630801643039,0.29645904592834255,-0.27420403423596135,0.6402506821107801,0.3714614215747512,-0.26878926053602886,0.127919112582559,0.24460677263868696,0.11668766005612796,0.2019875001806792,0.11418048613190727,-0.08780701404877193
A07,8,38,74695,3,0,0.6831192508108511,0.3243282020872951,-0.358791048723556,0.6029642644661727,0.4020677005663839,-0.20089656389978877,0.1227165458436342,0.27768272100298397,0.15496617515934977,0.19969860960065072,0.04872143157633694,-0.1509771780243138
A07,8,39,76658,3,0,0.45020713210036684,0.43226473407143434,-0.017942398028932494,0.39513681126654937,0.3376271363617978,-0.05750967490475156,0.13645041820056442,0.1598234311245401,0.023373012923975672,0.08652993301962883,0.07644680679930758,-0.010083126220321245
A07,8,40,78583,4,0,0.3162676615489416,0.3606075177051577,0.044339856156216106,0.47844816517063354,0.16485069442272232,-0.3135974707479112,0.19546740014091166,0.3058752101586638,0.11040781001775216,0.15810442135655262,0.02911486618652494,-0.12898955517002766
A07,8,41,80664,2,0,0.5625321634123879,0.3427171272468487,-0.21981503616553916,0.6502949124725294,0.4697355689932813,-0.18055934347924807,0.1090430958352698,0.3187084326022946,0.20966533676702478,0.07729295980145776,0.08031041425278292,0.0030174544513251605
A07,8,42,82642,3,0,0.692864106768074,0.3190559705027157,-0.37380813626535825,0.4397106636300407,0.3346602586989539,-0.1050504049310868,0.20799810971921387,0.3370009159783381,0.12900280625912422,0.15805554844394168,0.24841323670989154,0.09035768826594986
A07,8,43,84632,3,0,0.6721443068395017,0.3395535664020603,-0.33259074043744136,0.4025243490553372,0.4076258629503216,0.005101513894984422,0.24433246382509108,0.13175081153987248,-0.1125816522852186,0.07463462926516365,0.09841794268612332,0.02378331342095967
A07,8,44,86751,3,0,0.5003150367144132,0.441292180492414,-0.059022856221999265,0.3555513002512664,0.27808394775536593,-0.07746735249590048,0.13609671527523193,0.25802793726106243,0.1219312219858305,0.13725269187024425,0.1058526388348974,-0.03140005303534685
A07,8,45,88657,4,0,0.6073200045819821,0.4386709072494163,-0.16864909733256578,0.5324707745597272,0.5192795621696417,-0.013191212390085583,0.19627833503343114,0.21088753688677414,0.014609201853342996,0.08484468785350083,0.19727260661576393,0.1124279187622631
A07,8,46,90585,3,0,0.2610072859867116,0.3147732122191788,0.05376592623246723,0.32400810049744194,0.37755131605746656,0.053543215560024615,0.2457250205700479,0.19951936749679078,-0.04620565307325711,0.09677813252781751,0.07628701229008293,-0.020491120237734584
A07,8,47,92699,1,0,0.2661263142436778,0.12214687181144532,-0.14397944243223246,0.2485954880163152,0.16151133121649894,-0.08708415679981626,0.282376573378075,0.09418033832034825,-0.18819623505772673,0.10749946148016988,0.1578312876999166,0.05033182621974673
A07,8,48,94758,3,0,0.48842613460540657,0.3238925807586051,-0.16453355384680146,0.6423789790969389,0.33642825397204323,-0.30595072512489563,0.3320634949102205,0.17209514790629563,-0.1599683470039249,0.20322230737478802,0.26810927439402826,0.06488696701924024
A08,3,1,251,1,0,0.5529222468392818,0.47578759971394274,-0.07713464712533907,0.4148372909677798,0.6186755531632444,0.20383826219546458,0.685721356370383,0.6451620535633072,-0.04055930280707576,0.5710059283170158,0.8721936416491595,0.30118771333214367
A08,3,2,2254,2,0,0.6034355251497354,0.5756786173815537,-0.027756907768181738,0.4323652425604693,0.8377981635966718,0.4054329210362025,0.6922444085965401,0.7427266261311052,0.050482217534565055,0.8553744501442022,0.8402308149379409,-0.015143635206261274
A08,3,3,4172,2,0,0.5752424210107832,0.6159779166803109,0.04073549566952772,0.5145479454509512,0.7568629778841242,0.24231503243317298,0.5009693635292239,0.7091908355888001,0.2082214720595762,0.786382249725149,0.7913366406199547,0.004954390894805649
A08,3,4,6124,1,0,0.29583326554761513,0.5822166971036031,0.286383431555988,0.4037395060898104,0.47955668200807516,0.07581717591826476,0.6070821108320253,0.7193321385949835,0.11225002776295812,0.5792282989653926,0.7666599316441844,0.18743163267879182
A08,3,5,8132,2,0,0.7513207120472496,0.5672702849125649,-0.18405042713468467,0.6503744772089719,0.3791899212129804,-0.2711845559959915,0.570676041097753,0.67766268067208,0.10698663957432697,0.760913624232651,0.8044752335967223,0.043561609364071385
A08,3,6,10243,1,0,0.6747690920715158,0.6244295131426713,-0.05033957892884455,0.5554161748796497,0.5685420970977605,0.01312592221811082,0.6395392643405248,0.661906610287794,0.02236734594726919,0.8589262379107839,0.8768518180728166,0.017925580162032717
A08,3,7,12160,2,0,0.7450338877075563,0.4009987281292094,-0.3440351595783469,0.33772423858783507,0.6868746060717642,0.34915036748392914,0.7280480235281522,0.7364517483131646,0.00840372478501239,0.8078447296734899,0.8176308562472322,0.009786126573742338
A08,3,8,14210,3,0,0.49426206035543435,0.2673799992846805,-0.22688206107075387,0.505165114611106,0.5076039063510308,0.002438791739924784,0.5680791310717607,0.632903025469842,0.06482389439808134,0.6831727548353524,0.7830852903786996,0.09991253554334711
A08,3,9,16141,2,0,0.6818281691907068,0.6317388609205301,-0.05008930827017666,0.2347894297600503,0.6436759603620495,0.40888653060199925,0.6338779907467471,0.557839588378666,-0.07603840236808113,0.8209274380711804,0.7329744485861462,-0.08795298948503416
A08,3,11,20045,1,0,0.6043422136375404,0.5909489951781347,-0.013393218459405665,0.7202564739067194,0.7179051948060339,-0.002351279100685555,0.6995160831537202,0.7431701473692787,0.04365406421555851,0.8740423817375167,0.8550129209604248,-0.01902946077709189
A08,3,12,21940,3,0,0.6196919739705328,0.44602616160516856,-0.1736658123653642,0.3198943941548695,0.579529038104341,0.2596346439494715,0.5609609780931424,0.6066621474078032,0.04570116931466084,0.7675775819549571,0.8539837443120335,0.08640616235707643
A08,3,13,23912,2,0,0.5648127005421185,0.6078776856429282,0.043064985100809694,0.48799467033586374,0.601203701134008,0.11320903079814426,0.6532495375829378,0.7327229469181368,0.07947340933519897,0.7613373561034706,0.8345959572787327,0.07325860117526206
A08,3,14,25856,1,0,0.5626601120580564,0.37095955543056364,-0.1917005566274928,0.4790885855778796,0.6029739250543568,0.12388533947647717,0.6049176352429291,0.6314781852901555,0.02656055004722646,0.7686331424523968,0.7705587353935195,0.0019255929411227113
A08,3,15,27823,4,0,0.7669875756027372,0.4529026219740505,-0.3140849536286867,0.3520689141484054,0.38936480944159474,0.03729589529318933,0.5000230829239654,0.7282233273808802,0.2282002444569149,0.6043570176145036,0.7678880828684783,0.16353106525397476
A08,3,16,29943,4,0,0.4074984528752049,0.6163413512839178,0.20884289840871284,0.7954449266812889,0.6121685749539977,-0.18327635172729118,0.5431984052749362,0.6191350681840257,0.07593666290908951,0.6453606782618097,0.76162691637792,0.11626623811611037
A08,3,17,31951,4,0,0.565871897360939,0.7309364016854784,0.16506450432453934,0.4304848445083103,0.5499305659468696,0.1194457214385593,0.5500932086370128,0.6706786665766827,0.1205854579396699,0.7573664683490371,0.8606979477472975,0.10333147939826037
A08,3,18,34017,4,0,0.40305702231879076,0.4516906133108526,0.048633590992061826,0.5438368348877205,0.5488691339677694,0.005032299080048874,0.5733029614631961,0.7087183287189012,0.13541536725570502,0.6375274657858824,0.7660010068117679,0.12847354102588548
A08,3,19,36053,4,0,0.5902862030070647,0.6322023154239514,0.04191611241688675,0.4855633345863835,0.532743656237398,0.047180321651014434,0.5941123154475341,0.6114631944274173,0.01735087897988319,0.524317578035999,0.7774752113677541,0.2531576333317551
A08,3,21,40189,3,0,0.6241140805535469,0.4626710724219912,-0.1614430081315557,0.545811510049689,0.7376990420941307,0.19188753204444176,0.6444385128399316,0.574840092536723,-0.06959842030320862,0.7016381549328041,0.838668736917574,0.13703058198476992
A08,3,22,42269,2,0,0.7949801106087401,0.6267109394174598,-0.16826917119128026,0.5133757133202602,0.743034828388628,0.22965911506836778,0.5572844205206643,0.6405655125004074,0.0832810919797431,0.6563521147507893,0.7780220954929534,0.12166998074216417
A08,3,23,44181,1,0,0.4377212139348182,0.3425198896165087,-0.09520132431830952,0.32789737192626284,0.5328230438345368,0.204925671908274,0.6544755139679527,0.7142649029969327,0.05978938902898001,0.7597252338311201,0.8846124230536505,0.12488718922253039
A08,3,24,46212,1,0,0.3712272145030794,0.6022737193332587,0.2310465048301793,0.6574292599881625,0.44667363780905056,-0.21075562217911192,0.6277559614227014,0.6427884940024725,0.015032532579771107,0.7600315435462249,0.7829260188361565,0.022894475289931604
A08,3,25,48165,3,0,0.6261187113694852,0.2853024635429361,-0.34081624782654907,0.4192416278079172,0.4008498160293417,-0.018391811778575462,0.40693305276102015,0.6179116456798743,0.21097859291885418,0.7103896978871804,0.833957271387206,0.12356757350002556
A08,3,26,50126,4,0,0.543866044047087,0.2560392018383657,-0.28782684220872135,0.5513109005397941,0.28357595957474946,-0.2677349409650447,0.5577689001621483,0.6209748822235284,0.06320598206138006,0.7140425270043371,0.8836001724256032,0.16955764542126606
A08,3,27,52230,1,0,0.45519528771255613,0.5132756129355049,0.058080325222948814,0.3515299341742836,0.7513387653591403,0.39980883118485677,0.5951326321824284,0.6733593407585656,0.07822670857613723,0.693898144304597,0.7604561163498735,0.06655797204527658
A08,3,29,56209,3,0,0.6415721704140825,0.3294570339056306,-0.31211513650845196,0.42949862093973745,0.4951272122542264,0.06562859131448895,0.41535026049972296,0.6617391612923483,0.24638890079262538,0.7066691295455899,0.7556414085748201,0.04897227902923018
A08,3,30,58235,3,0,0.6927349544436456,0.5739434185656337,-0.11879153587801194,0.4982241295042326,0.6174689771326799,0.11924484762844728,0.6074646700750538,0.6856623677568762,0.07819769768182239,0.6614824032870575,0.8263439899224545,0.16486158663539696
A08,3,31,60306,1,0,0.748830259292858,0.5363034606298156,-0.21252679866304236,0.5903535101764873,0.69179673253365,0.10144322235716274,0.617009895391653,0.4944278133460334,-0.12258208204561954,0.8393384171850615,0.8552963443809879,0.01595792719592637
A08,3,32,62413,2,0,0.503449920122222,0.7376734707640684,0.2342235506418464,0.5530956382009091,0.5368349674374627,-0.016260670763446394,0.6746116102656685,0.6004292906336307,-0.07418231963203781,0.7715508316876865,0.8135584665580415,0.04200763487035508
A08,3,33,64505,1,0,0.4995119215682413,0.6034102263072212,0.10389830473897987,0.4727898904734375,0.4204314564340195,-0.05235843403941798,0.44301442196738083,0.5978944952372336,0.15488007326985276,0.8035954466475985,0.8387262080150825,0.03513076136748394
A08,3,34,66596,2,0,0.455477199810292,0.6343250674727187,0.17884786766242666,0.317496287565011,0.46183830183940167,0.14434201427439064,0.5424162818379262,0.6591417903250312,0.11672550848710495,0.7537023243104729,0.7869555403726837,0.033253216062210766
A08,3,35,68639,2,0,0.5773266966621043,0.43320462851921704,-0.1441220681428873,0.6555520399754088,0.6059906742534429,-0.0495613657219659,0.7352055128318107,0.6622424044003719,-0.07296310843143883,0.802786496042387,0.8427865547968842,0.04000005875449719
A08,3,36,70703,1,0,0.5163840475095861,0.5637190956698452,0.04733504816025913,0.5883462823144133,0.550324487989943,-0.03802179432447028,0.7012467389755355,0.5901133611446786,-0.11113337783085686,0.8157353803404165,0.7593647880252495,-0.056370592315166945
A08,3,37,72723,2,0,0.5896210609521749,0.5082577260374717,-0.08136333491470327,0.7504553477459079,0.5956574317228193,-0.15479791602308868,0.5768151608452594,0.5830110766584218,0.006195915813162367,0.7721675937169731,0.7588091588940252,-0.013358434822947851
A08,3,38,74695,3,0,0.5083121064262202,0.32747838830968046,-0.1808337181165397,0.5515071224354252,0.41615075448668326,-0.13535636794874195,0.589777687228997,0.600856661003947,0.01107897377494993,0.7095309243123648,0.7400191135048944,0.030488189192529602
A08,3,39,76658,2,0,0.2199714566661783,0.26736444185993047,0.04739298519375218,0.30343145961837126,0.45107926832225675,0.1476478087038855,0.5082808082620857,0.5451953795774116,0.03691457131532594,0.6040323550971435,0.6987064923833997,0.09467413728625618
A08,3,40,78583,3,0,0.7242138232761108,0.5845689232649074,-0.13964490001120344,0.7191956317181408,0.4239316750106198,-0.29526395670752104,0.6564140084584656,0.496289992837389,-0.16012401562107664,0.7944227660629327,0.7769684372845788,-0.017454328778353956
A08,3,41,80664,3,0,0.7412990045876613,0.4623192701064096,-0.2789797344812517,0.21541138908206361,0.523075872085451,0.30766448300338745,0.3506130527132743,0.6158356258676498,0.26522257315437553,0.5171249124953636,0.7987811315721285,0.28165621907676486
A08,3,42,82642,4,0,0.45160088803193815,0.5329083880752455,0.08130750004330739,0.316880154070075,0.1686295520676591,-0.14825060200241594,0.5788380114828712,0.49026967133957833,-0.08856834014329285,0.7337562709392026,0.7142109805142302,-0.01954529042497244
A08,3,43,84632,3,0,0.5181642889603758,0.6456480998791351,0.12748381091875927,0.40058564771328325,0.4668778047711509,0.06629215705786762,0.6112293571198155,0.5702711577107566,-0.04095819940905887,0.5826614983463785,0.755002796838901,0.17234129849252255
A08,3,44,86751,3,0,0.6326544482221099,0.4265135469836582,-0.20614090123845175,0.5039787610284828,0.6507869583135999,0.14680819728511707,0.46574591000776877,0.600704384124724,0.13495847411695527,0.5603256277060347,0.72052246865721,0.16019684095117537
A08,3,45,88657,4,0,0.6289871341829364,0.3205369765694338,-0.3084501576135026,0.1298211719885047,0.5994152429526824,0.4695940709641777,0.5583999799688101,0.60148999872683,0.04309001875801988,0.5458590647071132,0.6777843152034021,0.1319252504962889
A08,3,46,90585,4,0,0.26345579009299447,0.3734650048939875,0.11000921480099302,0.5302499701625089,0.5709639043882889,0.04071393422578007,0.5261519411579358,0.43689597098317445,-0.08925597017476139,0.7117394220478179,0.6725041368561797,-0.039235285191638214
A08,3,47,92699,4,0,0.3196013892103463,0.5320945702255556,0.2124931810152093,0.5675094320169317,0.255854651331475,-0.3116547806854567,0.7041267991047231,0.5379571126704411,-0.16616968643428198,0.7043016584088008,0.7470835132872276,0.042781854878426784
A08,3,48,94758,4,0,0.6036907380963336,0.6289103440003717,0.025219605904038156,0.4854475201817982,0.6942771344560682,0.20882961427427,0.5098159623239608,0.6160000722890019,0.10618410996504113,0.5520767557850307,0.7141053234005372,0.16202856761550655
A08,4,1,251,4,0,0.5300648868625426,0.5712183747827492,0.041153487920206566,0.6731794993138571,0.5976830238586307,-0.07549647545522642,0.6869019186643568,0.6939153816638379,0.007013462999481135,0.8882835839881044,0.9003958739010081,0.012112289912903695
A08,4,2,2254,3,0,0.5932672277615897,0.6629877863716535,0.06972055861006377,0.7500746761830531,0.5730222678159338,-0.17705240836711933,0.7327484795427799,0.7804025725607321,0.047654093017952204,0.8502555577339247,0.9310811726244869,0.08082561489056217
A08,4,3,4172,2,0,0.5969936256741504,0.47396101677536046,-0.12303260889878992,0.45489654475585134,0.7218202008725595,0.26692365611670815,0.6900014095004317,0.7962067216048972,0.1062053121044656,0.7061303526670966,0.9067711158848363,0.20064076321773971
A08,4,4,6124,1,0,0.6423404522748744,0.5821046197382852,-0.06023583253658915,0.3769544901023029,0.67738197522717,0.3004274851248671,0.6823376334081616,0.7533266258185863,0.07098899241042478,0.9061851155458527,0.8970647118390461,-0.009120403706806557
A08,4,5,8132,1,0,0.4125695669766714,0.4872904848177048,0.07472091784103341,0.5564319118682854,0.4053455523427151,-0.15108635952557037,0.6700159891729272,0.7419966858357855,0.07198069666285833,0.6728498224941445,0.8884646846667384,0.21561486217259396
A08,4,6,10243,2,0,0.5693118267371711,0.4223084571632145,-0.14700336957395654,0.44378635880337713,0.7501184874523812,0.30633212864900405,0.6663516611625118,0.7622432308163152,0.09589156965380341,0.9133950927763885,0.8689401775296686,-0.04445491524671996
A08,4,7,12160,3,0,0.30513064274464247,0.6228772171728088,0.3177465744281663,0.43439774057915265,0.44268867398634,0.00829093340718734,0.6498665986589657,0.7909173781982675,0.14105077953930178,0.6428109976618469,0.9152800979827964,0.2724691003209495
A08,4,8,14210,4,0,0.6860958087194184,0.46114490046473655,-0.2249509082546819,0.5967476243741341,0.6155716728520962,0.018824048477962152,0.8023694038435428,0.6553825379554584,-0.1469868658880844,0.8296159937811927,0.8034048242198724,-0.026211169561320302
A08,4,9,16141,2,0,0.5986336335051192,0.44117528005523415,-0.15745835344988507,0.8253055627559859,0.7473973446610165,-0.0779082180949694,0.758441982252309,0.7908389436741026,0.0323969614217936,0.882679717852685,0.8892521437919161,0.00657242593923113
A08,4,10,18139,3,0,0.6085558889909127,0.5168828834844693,-0.09167300550644342,0.6682771549416008,0.4583319216160701,-0.20994523332553067,0.6756471342465805,0.7693348537562761,0.09368771950969557,0.7410172691824124,0.9230903883679614,0.18207311918554903
A08,4,11,20045,1,0,0.5149587762128442,0.5788554714027876,0.06389669518994334,0.7078781370266335,0.4968361663701936,-0.21104197065643987,0.5677115608834866,0.6958627969777458,0.12815123609425916,0.8203280749228961,0.8927241250275136,0.07239605010461758
A08,4,12,21940,1,0,0.6785165381199704,0.46199410288441073,-0.21652243523555964,0.389044566939031,0.7435533432309392,0.35450877629190825,0.6616797421473034,0.7787621512181854,0.11708240907088197,0.8858832984168613,0.8986445092769786,0.012761210860117278
A08,4,13,23912,1,0,0.5746072440537543,0.6020342680436748,0.027427023989920474,0.5350363527049884,0.5284420830460987,-0.006594269658889651,0.7019445896471411,0.8025335058610332,0.1005889162138921,0.8730115513360914,0.9095411815464098,0.03652963021031841
A08,4,14,25856,4,0,0.5365792417747086,0.44852717971313855,-0.08805206206157007,0.518678545638969,0.3839165370478216,-0.1347620085911474,0.645291273208902,0.7663162095539571,0.12102493634505507,0.8024047000620315,0.9156475061319985,0.11324280606996706
A08,4,15,27823,2,0,0.23738646345819595,0.42748060462642945,0.1900941411682335,0.495323132417414,0.5907490209243164,0.09542588850690237,0.6413486059866076,0.6960431760968914,0.05469457011028378,0.8260256773640349,0.9142139350575765,0.08818825769354166
A08,4,16,29943,2,0,0.6271257579519974,0.474809477292316,-0.15231628065968145,0.4683476214681508,0.673997026132452,0.20564940466430126,0.6334501615364516,0.6876716906931531,0.05422152915670153,0.8027427391338963,0.8607003215270421,0.05795758239314586
A08,4,17,31951,1,0,0.5600136775550945,0.37492752159532017,-0.1850861559597743,0.4213728974970831,0.5434502738942457,0.1220773763971626,0.7220081278286089,0.7660066573584563,0.0439985295298474,0.7979757002236335,0.9238737466941686,0.12589804647053504
A08,4,18,34017,1,0,0.7433922592231671,0.41375605477575345,-0.32963620444741365,0.4021183945452543,0.51592180408097,0.11380340953571572,0.7484252018882974,0.7705056893101114,0.02208048742181401,0.8509933217126184,0.9174074234286892,0.06641410171607076
A08,4,20,38119,1,0,0.783618837038805,0.5508861610917328,-0.23273267594707214,0.6486260560301416,0.5803202024587881,-0.06830585357135344,0.7186338959871771,0.8005201096636554,0.0818862136764783,0.8670722736514013,0.9012660440415134,0.03419377039011218
A08,4,21,40189,2,0,0.5208167523513687,0.45214771369709944,-0.06866903865426927,0.4393511157477704,0.6759939348905958,0.23664281914282537,0.769512207418864,0.774550240448428,0.005038033029564071,0.8706811029106492,0.9573020186938809,0.08662091578323172
A08,4,22,42269,4,0,0.6401616932413302,0.3833893530725624,-0.2567723401687678,0.580793601483509,0.17043630926446499,-0.41035729221904405,0.7439382535782728,0.7093879326560009,-0.03455032092227195,0.7966184713845396,0.8579236411170591,0.06130516973251954
A08,4,23,44181,4,0,0.5105515224110891,0.6205999635745847,0.11004844116349555,0.4246355911706069,0.3783320832124427,-0.04630350795816418,0.8502499518188434,0.7380456265015379,-0.11220432531730551,0.8223112756140473,0.9005113045199317,0.0782000289058844
A08,4,24,46212,3,0,0.5373074328390983,0.5972254503600292,0.059918017520930844,0.37864544463964567,0.5412111356554357,0.16256569101579,0.6872189847387753,0.8140062303248136,0.12678724558603827,0.8708885936000313,0.9458119911073114,0.07492339750728005
A08,4,25,48165,1,0,0.7592980022197132,0.6230916102017606,-0.1362063920179526,0.595637258349275,0.6421130629561352,0.046475804606860294,0.798037315055394,0.8287476089150335,0.030710293859639526,0.9393932225865831,0.8736893984438706,-0.06570382414271247
A08,4,26,50126,4,0,0.6470374362421686,0.5398329838094332,-0.10720445243273535,0.5754782694985343,0.5997164386977963,0.024238169199262027,0.8201354343299891,0.7909493568252993,-0.029186077504689822,0.9199994362435945,0.8530877506048825,-0.06691168563871197
A08,4,27,52230,4,0,0.5643831610576495,0.4665368652075251,-0.09784629585012444,0.4044737324913426,0.5905382772478153,0.18606454475647266,0.6620271289009817,0.7600053228330869,0.09797819393210516,0.8796822372808087,0.8890756470943576,0.009393409813548859
A08,4,28,54234,2,0,0.6644168143427063,0.30365259623067814,-0.36076421811202813,0.522385772163988,0.7399266858488627,0.21754091368487471,0.6961424434552766,0.7803427620883647,0.08420031863308808,0.9017639790584229,0.929367132010185,0.027603152951762078
A08,4,29,56209,4,0,0.43774952258855965,0.6211276540909865,0.18337813150242682,0.6135043339959988,0.7030340507841311,0.08952971678813226,0.7932005032642522,0.6837359695153461,-0.10946453374890608,0.8934316102460631,0.8809512007255821,-0.012480409520481017
A08,4,30,58235,4,0,0.378443333259525,0.4767185868163938,0.09827525355686878,0.6507931211165018,0.6045507714491295,-0.046242349667372284,0.7777060130567314,0.7531257760983943,-0.02458023695833711,0.8814095587541592,0.9171811567790693,0.035771598024910145
A08,4,31,60306,2,0,0.559802093772379,0.5064480303695922,-0.05335406340278681,0.4821273357760552,0.4382250358272186,-0.0439022999488366,0.6616473592626549,0.6666731149381022,0.005025755675447274,0.8473272841954931,0.8961866462173684,0.04885936202187535
A08,4,32,62413,1,0,0.5117501176400359,0.31121102718641336,-0.2005390904536225,0.5967247760744733,0.5739000670716609,-0.022824709002812416,0.7469249852021473,0.766417065986256,0.01949208078410869,0.8911089079920583,0.8876606668185125,-0.0034482411735458074
A08,4,33,64505,2,0,0.6572409192022628,0.4479342108071892,-0.2093067083950736,0.3955270823336627,0.6771581430729264,0.28163106073926375,0.7274368001581586,0.7980616270153335,0.07062482685717486,0.8977816749258588,0.8698312607109528,-0.02795041421490596
A08,4,34,66596,3,0,0.470096097349811,0.6100725300666819,0.13997643271687094,0.618486896940127,0.6302785490123498,0.011791652072222769,0.7356136846434681,0.788699742903459,0.05308605825999091,0.8355770484693862,0.8744835251900897,0.038906476720703465
A08,4,35,68639,3,0,0.413519456660204,0.3850748267569271,-0.028444629903276897,0.5736108396333999,0.28607234223622136,-0.2875384973971785,0.664518276891965,0.7696704639551174,0.10515218706315244,0.8998252973284163,0.9229409483725356,0.02311565104411928
A08,4,36,70703,3,0,0.46643251617110293,0.4832253093281552,0.016792793157052288,0.2692582516541123,0.471454534944099,0.20219628328998668,0.749920872996334,0.7115809740265784,-0.03833989896975565,0.9091274416213374,0.8782732362373232,-0.030854205384014177
A08,4,37,72723,4,0,0.6550698633602092,0.43736029090802336,-0.21770957245218586,0.2315205736615639,0.4732252627257624,0.24170468906419848,0.7414456461761033,0.7268772338587582,-0.01456841231734507,0.8028851520086857,0.8479729732872118,0.045087821278526063
A08,4,38,74695,3,0,0.29256786282417924,0.38165824199861015,0.08909037917443091,0.541123810620765,0.4418383338764626,-0.09928547674430238,0.6578679125211282,0.7009524706690288,0.043084558147900576,0.8491398356218827,0.8884400350171822,0.039300199395299495
A08,4,39,76658,1,0,0.3350009003333217,0.37671272490626667,0.04171182457294498,0.4470430266769119,0.4829746115070687,0.03593158483015679,0.6660488388376474,0.7556721284431615,0.08962328960551402,0.9135201812555015,0.8886480805151089,-0.02487210074039259
A08,4,40,78583,4,0,0.361669354544676,0.39787998766550176,0.03621063312082573,0.5677489582459624,0.7217951006805128,0.1540461424345504,0.7253644745305612,0.6954781551267378,-0.029886319403823358,0.8675544243331371,0.8919038687854123,0.02434944445227516
A08,4,41,80664,2,0,0.7013785734075401,0.40999110650383713,-0.29138746690370293,0.8135687004862008,0.6024501150971373,-0.21111858538906347,0.7853078277041227,0.7698559399890491,-0.015451887715073553,0.8521575475449464,0.8799755994492378,0.02781805190429132
A08,4,42,82642,3,0,0.5228301183270363,0.5952257929144029,0.07239567458736662,0.37944356902450743,0.5710808292183296,0.19163726019382216,0.5283847345039371,0.6510401760246506,0.1226554415207135,0.810771106829927,0.8963634072528086,0.08559230042288157
A08,4,44,86751,3,0,0.6027069571916741,0.4910481093802594,-0.11165884781141472,0.5075355336307178,0.35749039026551616,-0.15004514336520164,0.6806672512488701,0.7029993569666578,0.022332105717787765,0.7854672595047397,0.8712976940165643,0.0858304345118246
A08,4,46,90585,2,0,0.605325535416066,0.45516342588004804,-0.150162109536018,0.6593561785318955,0.48640556835153326,-0.17295061018036229,0.6318672476722128,0.7002951996422168,0.06842795197000395,0.8531308341233237,0.8837594831244405,0.030628649001116837
A08,4,47,92699,3,0,0.6890164220392475,0.5066003778819015,-0.18241604415734602,0.7162626311248397,0.5713892012090065,-0.14487342991583319,0.7792377714664577,0.7558063509871941,-0.02343142047926361,0.8156372716646045,0.8692823856733656,0.05364511400876104
A08,4,48,94758,1,0,0.665872614237446,0.5407789198356562,-0.12509369440178986,0.4728239248122667,0.7025611618464495,0.22973723703418275,0.665077733158779,0.8173257572973155,0.15224802413853644,0.7872943141391728,0.8986734268699148,0.11137911273074197
A08,5,1,251,1,0,0.725338762751887,0.30551688234733465,-0.41982188040455237,0.5941464725097536,0.6716010552663482,0.07745458275659456,0.642499817750234,0.7391388975482188,0.0966390797979848,0.7877459044776959,0.8890746238468799,0.10132871936918397
A08,5,2,2254,1,0,0.6699867269815819,0.42818708894968693,-0.24179963803189497,0.33323172517223715,0.5477260088198902,0.21449428364765305,0.6112640219758841,0.6511322164081472,0.03986819443226308,0.8233100979233903,0.8456498767437598,0.022339778820369527
A08,5,3,4172,4,0,0.471880238151929,0.4594500589938185,-0.012430179158110455,0.3403620270710621,0.5176723871202101,0.17731036004914802,0.5431117845345611,0.6160512814263066,0.0729394968917455,0.5631518412684183,0.7319429018739773,0.16879106060555893
A08,5,4,6124,2,0,0.46957002165492623,0.39950547838535855,-0.07006454326956768,0.5068421064197242,0.5930818734142563,0.08623976699453217,0.5785645802998459,0.6342189774865693,0.05565439718672338,0.7978241441409041,0.7381283949438722,-0.05969574919703191
A08,5,5,8132,1,0,0.6190382213288529,0.5119530704851378,-0.10708515084371506,0.4958483158093669,0.6580954408538825,0.1622471250445156,0.5963673205828444,0.6216706454492519,0.025303324866407517,0.8319274831438186,0.7687485924196507,-0.06317889072416794
A08,5,6,10243,3,0,0.40125586226092097,0.5614098075340254,0.1601539452731044,0.5637711099032438,0.3931062818569829,-0.17066482804626087,0.5125245485077515,0.5988250098650806,0.08630046135732905,0.7938609982382402,0.7219443717866877,-0.0719166264515525
A08,5,7,12160,1,0,0.6731401925505358,0.6293036321118282,-0.04383656043870765,0.8488407034736846,0.6079096226749877,-0.24093108079869685,0.5871238877584634,0.5813047207916854,-0.005819166966777978,0.7214193008331306,0.7298762069189639,0.008456906085833382
A08,5,8,14210,3,0,0.45409098979192886,0.5929118619934771,0.13882087220154826,0.6728954883764954,0.5420620834264757,-0.13083340495001972,0.4645239548700014,0.6141742116117603,0.1496502567417589,0.6438019077988314,0.8486404834753071,0.20483857567647568
A08,5,9,16141,2,0,0.7103694226443594,0.33898451696670406,-0.37138490567765536,0.7822608819522253,0.65798894542098,-0.12427193653124535,0.7163736060713034,0.6034441103674701,-0.11292949570383326,0.6862179851441809,0.7770575572929668,0.09083957214878591
A08,5,10,18139,4,0,0.5414128705885972,0.5614948093925923,0.020081938803995114,0.5387086224663774,0.481833159684462,-0.05687546278191541,0.5887344114551248,0.509583227673292,-0.07915118378183283,0.797874368506896,0.7651101242487156,-0.032764244258180364
A08,5,11,20045,1,0,0.6429379501545035,0.5515315249364647,-0.09140642521803877,0.6058255848212131,0.6574607332539568,0.05163514843274375,0.6087158867729565,0.6952148573498228,0.08649897057686629,0.762930222546551,0.7566016560329529,-0.006328566513598033
A08,5,12,21940,3,0,0.5879320002999233,0.5982449514664456,0.01031295116652231,0.542991706144429,0.4553378518900447,-0.08765385425438432,0.33380743658022183,0.5867180442057903,0.2529106076255685,0.5421798409215276,0.7719795567203072,0.22979971579877956
A08,5,13,23912,3,0,0.3587120220654039,0.7268680636536524,0.3681560415882485,0.3697965285931072,0.6972848403776605,0.3274883117845533,0.5919910796877355,0.5817616592065532,-0.01022942048118225,0.702012888064355,0.8355860023460296,0.13357311428167462
A08,5,14,25856,1,0,0.5252725128337954,0.5033905623839445,-0.021881950449850862,0.7265962120734528,0.7688955947404629,0.042299382667010055,0.5068730637817968,0.7415223308924802,0.23464926711068346,0.7911144978887579,0.6913418230230726,-0.0997726748656853
A08,5,15,27823,3,0,0.5421302259419487,0.5054561467209447,-0.03667407922100396,0.8147115220126787,0.5057080509721308,-0.30900347104054793,0.5144748386710994,0.604137293887474,0.0896624552163745,0.8286162993582346,0.7622500879621341,-0.06636621139610044
A08,5,16,29943,2,0,0.7049272838495916,0.7512067301111631,0.046279446261571544,0.34277309821931745,0.7451290260983481,0.40235592787903063,0.5006161490192323,0.5945885703244692,0.09397242130523686,0.7769378163543357,0.7905741930767893,0.013636376722453658
A08,5,17,31951,4,0,0.24257705441732366,0.48351990301879716,0.2409428486014735,0.5824316614674602,0.5545373021642593,-0.027894359303200833,0.5738442940819594,0.5343240922117525,-0.039520201870206884,0.513517803861176,0.7761750632113972,0.2626572593502212
A08,5,18,34017,4,0,0.5683526533020704,0.5712569571124132,0.00290430381034279,0.6158901691359967,0.6643371390243669,0.04844696988837016,0.46150642446968376,0.6615941562918322,0.2000877318221484,0.7632112445512982,0.7780586723734109,0.01484742782211268
A08,5,19,36053,4,0,0.8133111875067468,0.5886188677247496,-0.22469231978199722,0.4362096799894437,0.6190552052483005,0.18284552525885678,0.4691817344502038,0.5571721518826248,0.08799041743242103,0.7957748029314953,0.8196863485242114,0.023911545592716132
A08,5,20,38119,3,0,0.6551502207835552,0.6222358786746939,-0.03291434210886135,0.5706319110509906,0.5156972637463743,-0.05493464730461639,0.43751261220951054,0.7320664636148023,0.2945538514052918,0.6833360673415468,0.5842459349036069,-0.09909013243793996
A08,5,21,40189,1,0,0.5523922229723676,0.6360744834238359,0.08368226045146832,0.5711088020835394,0.6829647448094252,0.11185594272588573,0.4448198442144261,0.679979670256686,0.23515982604225993,0.6418556837871587,0.736853999915537,0.09499831612837828
A08,5,22,42269,4,0,0.4557851775520726,0.4649469400861464,0.009161762534073803,0.23504015326722197,0.5241972544482886,0.28915710118106663,0.5969179807428573,0.6662541686982573,0.06933618795539997,0.7773914675547253,0.7775284717724892,0.00013700421776385863
A08,5,23,44181,2,0,0.25044604185777053,0.3736601030025409,0.12321406114477035,0.37828622230513304,0.4646656216826194,0.08637939937748634,0.5753504406283266,0.6761623126907049,0.1008118720623783,0.5123896466664137,0.6222189526958031,0.10982930602938934
A08,5,25,48165,2,0,0.43948015749050257,0.7075729364411293,0.2680927789506267,0.36525370137558116,0.7789876784052748,0.41373397702969367,0.5692453998040826,0.678382776486714,0.10913737668263135,0.5053238268709157,0.7182937997585181,0.21296997288760244
A08,5,26,50126,1,0,0.46384409864290627,0.5071661907793453,0.04332209213643906,0.5745128925630295,0.6888953629632945,0.11438247040026495,0.6096360164702597,0.654156603405727,0.04452058693546734,0.6454016165995367,0.7626486424540077,0.117247025854471
A08,5,27,52230,3,0,0.4208150133863527,0.2439121345440863,-0.17690287884226638,0.29749441601932913,0.4883719429862078,0.19087752696687865,0.6622884384943537,0.590518253839978,-0.07177018465437568,0.592505681211707,0.8340637261535652,0.24155804494185817
A08,5,28,54234,2,0,0.32254555122593725,0.4052461460921276,0.08270059486619036,0.5776704706906378,0.6819868021241499,0.10431633143351204,0.5421462010970425,0.6395702220399718,0.09742402094292935,0.6686619456881032,0.8329602086580643,0.16429826296996108
A08,5,29,56209,1,0,0.6454767972130451,0.5714989110361781,-0.07397788617686696,0.365541439083866,0.6355516036647829,0.2700101645809169,0.6054484410088826,0.6501384510180301,0.04469001000914752,0.6650905008341145,0.7786003616404955,0.11350986080638104
A08,5,30,58235,3,0,0.36097043565874876,0.612491506901158,0.2515210712424092,0.701313289582309,0.6359711046834458,-0.06534218489886323,0.5954750652918462,0.5952464000705022,-0.00022866522134401546,0.8078458742747286,0.7163808635995779,-0.09146501067515078
A08,5,31,60306,3,0,0.554337390443827,0.5816286687921728,0.02729127834834577,0.5000188484243266,0.5380418638900848,0.03802301546575815,0.5626311969754992,0.6763849316281628,0.11375373465266359,0.6238423801663769,0.7980546157729533,0.1742122356065764
A08,5,32,62413,1,0,0.6881811447230063,0.4997787884089707,-0.18840235631403557,0.6995092005317968,0.547502843542545,-0.1520063569892518,0.4430217253348778,0.6812897913618458,0.23826806602696793,0.7100451346042741,0.7452674116733063,0.03522227706903225
A08,5,33,64505,3,0,0.6927844309148333,0.5179798225573207,-0.17480460835751266,0.3705988634712059,0.6740805022415616,0.30348163877035567,0.5081946767333483,0.7074937899645963,0.19929911323124805,0.6160371384811248,0.7857868672770643,0.16974972879593941
A08,5,34,66596,4,0,0.738228287154767,0.7198450055675826,-0.018383281587184386,0.6036365233765834,0.3458872039539962,-0.25774931942258716,0.6497607535473023,0.6847381435789704,0.03497739003166811,0.7762272677982959,0.8344172334135271,0.058189965615231265
A08,5,35,68639,4,0,0.3307499258947116,0.5001520442294277,0.16940211833471613,0.5709055657282565,0.6182641762631781,0.04735861053492163,0.6161974033947774,0.5053626294482405,-0.11083477394653685,0.7699467474678349,0.8216947268233395,0.05174797935550468
A08,5,36,70703,2,0,0.6384648851269396,0.549302134667269,-0.08916275045967059,0.5358344891489292,0.5648309926246288,0.028996503475699598,0.5397672935775752,0.6214079971620551,0.08164070358447983,0.7061285443135571,0.8529795012326363,0.14685095691907923
A08,5,37,72723,1,0,0.6741723924010142,0.4890551767773367,-0.18511721562367756,0.5498687840187728,0.6700908592902098,0.12022207527143702,0.6503200029565653,0.6364710119506185,-0.013848991005946831,0.7906991836848964,0.8134748777372642,0.02277569405236779
A08,5,38,74695,2,0,0.573816443842789,0.6605381648367803,0.08672172099399134,0.5691537877414806,0.4798495235865345,-0.08930426415494613,0.7094562030701779,0.47543928900252375,-0.23401691406765412,0.687747988942489,0.7713116400084913,0.08356365106600228
A08,5,39,76658,4,0,0.34599731757602203,0.35084834868000847,0.004851031103986436,0.3805398403316567,0.46689441318894964,0.08635457285729292,0.4871156455632982,0.5819868575794823,0.09487121201618409,0.5274609095989833,0.7552788390021578,0.22781792940317447
A08,5,40,78583,2,0,0.7483655152743204,0.4648449288973494,-0.283520586376971,0.27900576754074313,0.2584492425591956,-0.02055652498154753,0.5857080623353897,0.5107575264920812,-0.07495053584330857,0.7877422223962729,0.7169675132169485,-0.07077470917932438
A08,5,41,80664,4,0,0.7107115799462987,0.5941366032619625,-0.11657497668433625,0.6586153539306375,0.4992972476599068,-0.15931810627073073,0.5318558030644926,0.6774905221546733,0.14563471909018066,0.6753108528671278,0.7950878962835365,0.11977704341640871
A08,5,42,82642,3,0,0.330874751535642,0.6435470239152242,0.31267227237958223,0.37557313016067756,0.6709958881648271,0.2954227580041496,0.6226157286042386,0.6976839362411462,0.07506820763690758,0.6315680326354548,0.8524434391661087,0.22087540653065385
A08,5,43,84632,2,0,0.7550471992895025,0.6226768692620058,-0.13237033002749665,0.6011959717015755,0.637297098583751,0.036101126882175594,0.5476650891893023,0.5871463427396441,0.03948125355034171,0.8341598519607942,0.7348045683786494,-0.09935528358214485
A08,5,44,86751,2,0,0.5463149279319216,0.34597064674402833,-0.20034428118789327,0.387835988818665,0.66037128142209,0.272535292603425,0.5228685736009635,0.6057666321889624,0.08289805858799892,0.751062010754266,0.8467202015857421,0.09565819083147609
A08,5,45,88657,2,0,0.4393425062190861,0.46373206504140585,0.024389558822319746,0.654114381495455,0.5413827658331105,-0.11273161566234446,0.6684776443191106,0.7141635613217475,0.04568591700263691,0.6798249433416224,0.7581558609058138,0.07833091756419142
A08,5,46,90585,3,0,0.2884042818661638,0.4789956351165286,0.1905913532503648,0.4499843157622199,0.6256886443614027,0.17570432859918278,0.5430300377535243,0.6154247227586246,0.07239468500510027,0.6423985819389816,0.8187410597433475,0.17634247780436596
A08,5,47,92699,4,0,0.6844774927125039,0.3521998107950011,-0.3322776819175028,0.36704179227127826,0.33114003882075566,-0.0359017534505226,0.599163808386309,0.42001361913278684,-0.17915018925352216,0.7000403176380547,0.7503847916889566,0.05034447405090181
A08,5,48,94758,1,0,0.6222667046468537,0.608859367630385,-0.01340733701646879,0.4739451022885622,0.5503612988954296,0.07641619660686744,0.5967071463513666,0.6057281707672448,0.009021024415878265,0.7288404389540116,0.7667698106355695,0.037929371681557855
A08,6,1,251,2,0,0.6070385012366505,0.6420972351688258,0.03505873393217529,0.7959962870286715,0.7356320643562649,-0.0603642226724066,0.6304902648468327,0.7324414211250941,0.10195115627826146,0.8425155544263424,0.891914021453989,0.04939846702764661
A08,6,3,4172,1,0,0.7436303424294815,0.54805652410594,-0.19557381832354148,0.42917849321452245,0.6971310124623766,0.2679525192478542,0.8095761991054029,0.6027521864275841,-0.2068240126778188,0.8100072325972759,0.8384386676505878,0.028431435053311915
A08,6,4,6124,3,0,0.6804268534235918,0.6951566504138729,0.014729796990281097,0.5534889399824039,0.676175533948781,0.12268659396637716,0.7103712264624742,0.65604071720819,-0.054330509254284176,0.8508646035839468,0.8614801775044353,0.010615573920488508
A08,6,5,8132,3,0,0.3873724883345681,0.608464794016668,0.22109230568209987,0.40318563100580407,0.536526015514354,0.1333403845085499,0.6979437858873851,0.6302642197939579,-0.06767956609342729,0.8083488083411322,0.8249568851669309,0.01660807682579868
A08,6,6,10243,4,0,0.7803924097383061,0.40855337378033324,-0.3718390359579729,0.3809524028153964,0.5850761067835182,0.2041237039681218,0.8172917719200357,0.5829046385917186,-0.23438713332831707,0.8820851150857576,0.7941987308655827,-0.08788638422017492
A08,6,8,14210,1,0,0.46267615362919734,0.6200419197639898,0.15736576613479247,0.3652270019945202,0.7007792195380741,0.3355522175435539,0.28999442125033614,0.6564060876859976,0.3664116664356615,0.6067463899173278,0.8235387431578991,0.21679235324057133
A08,6,9,16141,3,0,0.7711064676420858,0.5520630857702973,-0.2190433818717885,0.2545963736513382,0.5584930954333732,0.30389672178203503,0.6115989056479995,0.6106406092359563,-0.000958296412043147,0.6329181378241688,0.8252782809348705,0.1923601431107017
A08,6,10,18139,2,0,0.6839304473364703,0.39077526143247143,-0.2931551859039989,0.7041203670311776,0.635420621957075,-0.06869974507410259,0.6595922581612993,0.7035845136700832,0.04399225550878394,0.6817954159972756,0.7561307129965934,0.07433529699931785
A08,6,11,20045,4,0,0.6147113393627677,0.6280666893038724,0.013355349941104766,0.38962367224574834,0.7161787596053878,0.32655508735963945,0.6352224291273882,0.5729622937406752,-0.062260135386713045,0.5898092340584967,0.8243409605680495,0.23453172650955278
A08,6,12,21940,4,0,0.3882470772080599,0.4664946644049038,0.07824758719684388,0.46558693117512295,0.5696934145696877,0.10410648339456474,0.5557413797160117,0.611098449613709,0.055357069897697286,0.6174539238823264,0.7522495999455515,0.13479567606322507
A08,6,13,23912,4,0,0.3671872576732076,0.38040259693774564,0.01321533926453805,0.49546474450968614,0.35737246163848,-0.13809228287120612,0.5835554395819289,0.6893500553835066,0.10579461580157767,0.7693766349382818,0.7947275638036999,0.02535092886541812
A08,6,14,25856,2,0,0.6910912824662931,0.4700442671770226,-0.22104701528927057,0.40134779158339556,0.6645072118432038,0.26315942025980826,0.6267383070524603,0.6704699184791872,0.04373161142672699,0.7538034803374625,0.7651109177922434,0.011307437454780911
A08,6,15,27823,1,0,0.4692760140051694,0.48326185197154553,0.013985837966376147,0.3406052355222002,0.716771536590828,0.37616630106862786,0.6781533352449617,0.6940559862541535,0.01590265100919186,0.6696217118702871,0.8357546472968512,0.16613293542656415
A08,6,16,29943,3,0,0.602573888098544,0.5374786320836362,-0.06509525601490773,0.4603526028213713,0.42301933654932783,-0.037333266272043475,0.686645122728649,0.6817963381918337,-0.004848784536815254,0.8225695642230885,0.826906654482177,0.004337090259088572
A08,6,17,31951,2,0,0.17109325362137426,0.6209922657458252,0.44989901212445094,0.1899291812260969,0.7449614437268421,0.5550322625007452,0.5480932074887754,0.6286583311846572,0.08056512369588176,0.8807649918100753,0.7991147052018367,-0.08165028660823859
A08,6,18,34017,4,0,0.5117008802705928,0.4478132165443949,-0.06388766372619792,0.6030975227725914,0.7291689651763681,0.12607144240377666,0.7381654155147419,0.6828774587736888,-0.055287956741053135,0.8166895266170494,0.8008495924891523,-0.015839934127897082
A08,6,19,36053,1,0,0.7431465472824973,0.5818091935197423,-0.16133735376275504,0.8952283322628352,0.7298108010570428,-0.1654175312057924,0.7033471868052448,0.7531140773515208,0.04976689054627603,0.7230086451962249,0.8606775642258526,0.13766891902962775
A08,6,20,38119,4,0,0.7099532437908126,0.40148028126114677,-0.30847296252966583,0.5982019237429792,0.31441713241148467,-0.28378479133149453,0.7031301626262637,0.5995557351022895,-0.10357442752397417,0.6661986799443441,0.8406586926403661,0.17446001269602196
A08,6,21,40189,3,0,0.2829418006337319,0.5749881182030914,0.29204631756935945,0.5293113074342982,0.6715152582658469,0.1422039508315487,0.7373406392830695,0.6815046576751104,-0.055835981607959106,0.865314673026414,0.8729065120012988,0.007591838974884801
A08,6,22,42269,2,0,0.49826553880579416,0.49695668094607637,-0.0013088578597177936,0.4306280187911093,0.37780315086521915,-0.05282486792589014,0.38658609784678183,0.6914673232831116,0.30488122543632973,0.6401278315685766,0.7960640964042531,0.15593626483567657
A08,6,23,44181,4,0,0.6974728328849792,0.7251135672205018,0.02764073433552261,0.5472513994439785,0.46332055900544616,-0.08393084043853233,0.74360557164591,0.6363883268364161,-0.1072172448094939,0.8554922871083612,0.8439313681409589,-0.0115609189674023
A08,6,24,46212,4,0,0.539671980258458,0.6283240060349747,0.08865202577651676,0.25404497242890894,0.5806530165560708,0.3266080441271619,0.5413394674752652,0.6731352383829774,0.13179577090771222,0.7228745715039403,0.870933687314267,0.1480591158103267
A08,6,25,48165,1,0,0.6014057296721013,0.6141451377721474,0.012739408100046146,0.4758832446317749,0.7092786924521196,0.23339544782034471,0.6229121744144784,0.748582503062049,0.12567032864757055,0.70500474068784,0.8650220466192441,0.16001730593140406
A08,6,26,50126,2,0,0.5106001104118257,0.7750105065757655,0.2644103961639398,0.23570069306565727,0.8064977442883199,0.5707970512226626,0.6420087730496052,0.7401895694313476,0.09818079638174237,0.7918519065042199,0.7744035862368233,-0.017448320267396622
A08,6,27,52230,2,0,0.5995190589327288,0.415673252303384,-0.18384580662934485,0.6294728025056021,0.8407189364606056,0.21124613395500347,0.6154763267092171,0.7350121621658354,0.11953583545661828,0.8808203492554655,0.8986077500371208,0.017787400781655305
A08,6,28,54234,3,0,0.5813405704368292,0.41572365377898546,-0.16561691665784373,0.7126418005244813,0.6777477088984171,-0.03489409162606427,0.7036731404732126,0.7044973354379113,0.0008241949646986546,0.7798620019537521,0.7646789636296684,-0.015183038324083742
A08,6,29,56209,4,0,0.5449734243874033,0.6452895383946291,0.10031611400722584,0.5802991127153012,0.5251383182413889,-0.05516079447391231,0.6434658165059821,0.7517618115840564,0.1082959950780743,0.8155728870532141,0.9211965775158071,0.10562369046259301
A08,6,30,58235,2,0,0.506254601399084,0.30540479101650836,-0.2008498103825756,0.4220510091461933,0.5659561431403458,0.1439051339941525,0.627105263881103,0.6577043047228007,0.030599040841697733,0.8772258979168056,0.8286156086918688,-0.04861028922493682
A08,6,32,62413,1,0,0.6482549274071753,0.44333829055663987,-0.2049166368505354,0.6050820934630368,0.6468359242942651,0.0417538308312283,0.630970277594242,0.762303586086418,0.13133330849217606,0.8342371652960969,0.8596967828975164,0.02545961760141946
A08,6,33,64505,4,0,0.7104739985194453,0.569725739848015,-0.14074825867143026,0.608040553077667,0.6117189310252643,0.003678377947597289,0.7135087709991198,0.728983361664222,0.01547459066510215,0.841443616222513,0.8392506762491659,-0.002192939973347019
A08,6,34,66596,2,0,0.24946065489218244,0.399004356120947,0.14954370122876454,0.5894355501539345,0.7509790358162574,0.1615434856623229,0.7024860341774941,0.8047661194663274,0.10228008528883326,0.5882348411084377,0.8314067608495798,0.24317191974114205
A08,6,35,68639,1,0,0.6660782005629183,0.6754285482741784,0.009350347711260087,0.6171880575084191,0.7538946935503235,0.13670663604190436,0.633395514616912,0.7221752367772286,0.0887797221603166,0.8386532025172935,0.8913955853061815,0.05274238278888799
A08,6,36,70703,3,0,0.37957707595688517,0.5223051567343303,0.14272808077744514,0.41562063812802663,0.42431070364963946,0.008690065521612833,0.6056257382430533,0.6690589549911857,0.0634332167481324,0.666810982693921,0.8408793764940208,0.17406839380009975
A08,6,37,72723,2,0,0.5591283927292225,0.499965079995674,-0.05916331273354852,0.7107873927072651,0.8037553811866834,0.09296798847941834,0.6827328815576458,0.7405851841668029,0.05785230260915708,0.741516488805465,0.873713733007196,0.13219724420173107
A08,6,38,74695,2,0,0.37740286338226114,0.5611661055688623,0.18376324218660112,0.33976856293542423,0.6009140849903353,0.26114552205491104,0.6797283884304092,0.7126322422420556,0.0329038538116464,0.5774475508248434,0.8373275238429858,0.25987997301814236
A08,6,39,76658,3,0,0.769078062999131,0.6166128102278778,-0.1524652527712531,0.7056257952500467,0.3647924360939864,-0.3408333591560602,0.6004094850878532,0.6711227615705696,0.07071327648271641,0.7617406880830752,0.8727486161384593,0.11100792805538418
A08,6,40,78583,1,0,0.6503501953590087,0.6854058951234777,0.035055699764468984,0.17498044281561068,0.6943531656988453,0.5193727228832347,0.6421786814697986,0.6942581866170733,0.05207950514727466,0.8134172507324466,0.813367290030265,-4.996070218166171e-05
A08,6,41,80664,4,0,0.6136533323666925,0.3178537704279119,-0.2957995619387806,0.6136659016966229,0.5506896873632607,-0.0629762143333622,0.7203457086311083,0.7435164215189901,0.02317071288788186,0.8023793515482878,0.8016407549703287,-0.0007385965779590498
A08,6,42,82642,3,0,0.7163152330968166,0.513596277078544,-0.2027189560182725,0.3988050326530138,0.5729456171064328,0.17414058445341896,0.7195235562091052,0.7340434281121512,0.014519871903045933,0.7156175705206788,0.8448443345013702,0.12922676398069144
A08,6,43,84632,3,0,0.8927300997455709,0.5542522048116206,-0.3384778949339503,0.5654160278282646,0.5609481912008124,-0.004467836627452204,0.5192843498499701,0.6518561033113011,0.132571753461331,0.6523466252988658,0.8708398624013117,0.21849323710244595
A08,6,44,86751,3,0,0.36627115981215713,0.5685237311530215,0.20225257134086433,0.3381901478870188,0.49699005114650113,0.15879990325948234,0.7185378749924611,0.7049010887969037,-0.013636786195557415,0.6147157346864828,0.8493894717743632,0.23467373708788042
A08,6,45,88657,3,0,0.7568236129691591,0.42966565800860773,-0.3271579549605514,0.5728561086365543,0.6561826898994996,0.08332658126294523,0.6555434454186219,0.6782191108292047,0.022675665410582857,0.724535108061893,0.8141234610951094,0.08958835303321633
A08,6,46,90585,1,0,0.6809606424306323,0.46257738859343156,-0.2183832538372007,0.20622336963548488,0.6679081178623208,0.461684748226836,0.689487567083001,0.7942317882627291,0.10474422117972815,0.7132844966042983,0.8180006226682909,0.10471612606399261
A08,6,47,92699,2,0,0.5447340232879248,0.5227841523041319,-0.021949870983792863,0.31460792030646206,0.6995215654673624,0.3849136451609004,0.6827904455433652,0.7495301831967948,0.06673973765342955,0.5624675688136586,0.767797658598751,0.20533008978509248
A08,6,48,94758,1,0,0.40783267172816323,0.5296536501861125,0.12182097845794931,0.4168249806169562,0.5541526002696244,0.1373276196526682,0.632217693725398,0.7642512977792351,0.13203360405383702,0.6996795412836666,0.8593950796895129,0.1597155384058463
A08,7,1,251,2,0,0.7413916820948699,0.6966280308898389,-0.04476365120503101,0.6042129684546543,0.6345268863552305,0.030313917900576137,0.7757426260512705,0.6863729694980559,-0.0893696565532146,0.8519004454787605,0.8144013134058571,-0.03749913207290345
A08,7,2,2254,1,0,0.7510844998839279,0.19948168050926163,-0.5516028193746663,0.6778149766902493,0.608369386765716,-0.06944558992453331,0.6873388995437801,0.7849107668479658,0.09757186730418566,0.9098994933301372,0.8710192962785727,-0.038880197051564536
A08,7,3,4172,1,0,0.5361324779058693,0.35174657235147827,-0.184385905554391,0.3880286692887721,0.5275380198968043,0.13950935060803216,0.7060291597522924,0.7776768497369341,0.07164768998464166,0.7935390988304586,0.8226379260885309,0.029098827258072335
A08,7,4,6124,3,0,0.7111823863818971,0.5072421686662022,-0.20394021771569493,0.4537442490578046,0.3793286043012771,-0.07441564475652751,0.6064206427699458,0.7046808757691736,0.09826023299922781,0.9026857357335736,0.7969861907438388,-0.10569954498973477
A08,7,5,8132,3,0,0.6047182455873455,0.7436439406285744,0.13892569504122887,0.24362096067046243,0.5077365879023603,0.26411562723189785,0.643997292568999,0.7280260253347086,0.08402873276570966,0.8668445300583755,0.8367151621632815,-0.030129367895094017
A08,7,6,10243,2,0,0.7139709977687804,0.501167967467837,-0.21280303030094339,0.4950790370985119,0.5460667147331681,0.050987677634656225,0.6997053011572945,0.5587554073104088,-0.1409498938468856,0.7703313457643147,0.8043815495375357,0.03405020377322099
A08,7,7,12160,3,0,0.4983900423117659,0.4884605011424667,-0.009929541169299227,0.4808557527241351,0.3042390562151208,-0.1766166965090143,0.6692465777805928,0.6227134065153768,-0.046533171265216056,0.8210547530419429,0.8332105333740175,0.01215578033207465
A08,7,8,14210,4,0,0.8110970558725414,0.5718840025212109,-0.23921305335133058,0.5176975909129877,0.3368177086138339,-0.1808798822991538,0.49479111121818015,0.7590248764802094,0.2642337652620293,0.8294012123234948,0.8852375711933377,0.05583635886984284
A08,7,9,16141,1,0,0.178423641615189,0.5426811426884358,0.36425750107324684,0.5311179945117274,0.6994022138181505,0.16828421930642312,0.6252249000362864,0.7563902999794828,0.13116539994319643,0.7033297333584342,0.8156862831936864,0.11235654983525223
A08,7,10,18139,4,0,0.6594437805033468,0.4171296208602288,-0.24231415964311803,0.7970785078714168,0.39732087504822006,-0.3997576328231967,0.705357225894436,0.5965370240792884,-0.10882020181514751,0.827384331514464,0.8529373042908677,0.02555297277640367
A08,7,11,20045,1,0,0.711685269862732,0.3582094171328744,-0.35347585272985754,0.5045092424437471,0.701853794999106,0.197344552555359,0.6073916002463206,0.8002294374793057,0.1928378372329852,0.8027440471094921,0.7813125518907718,-0.021431495218720342
A08,7,12,21940,1,0,0.710655204666884,0.736485136466315,0.02582993179943094,0.5873156685211038,0.5613565691577106,-0.025959099363393245,0.6957028706981333,0.775512799778543,0.07980992908040974,0.7402492297975155,0.8703814669158552,0.13013223711833966
A08,7,13,23912,2,0,0.3915177738096534,0.7317087812503956,0.3401910074407422,0.41082456550368807,0.583763535470615,0.17293896996692693,0.6833082624159221,0.6657318376729363,-0.01757642474298582,0.7962055639749197,0.8582693791483512,0.062063815173431514
A08,7,14,25856,4,0,0.40001446392637113,0.37256437006137766,-0.027450093864993474,0.4111415427537702,0.36897838212723133,-0.042163160626538854,0.6793742189599067,0.5623909427082106,-0.11698327625169613,0.8086768518177463,0.801315353376619,-0.007361498441127323
A08,7,15,27823,3,0,0.716030542963175,0.6345829285228833,-0.0814476144402917,0.5346956064300505,0.5391145666523715,0.004418960222320911,0.6015345949402384,0.719366620959593,0.11783202601935461,0.8446098958148948,0.8993556630478755,0.05474576723298075
A08,7,16,29943,2,0,0.7811120465413285,0.5775762137712965,-0.20353583277003195,0.5083715729185219,0.707893482732676,0.19952190981415419,0.6903669298791961,0.6790538633899044,-0.011313066489291757,0.8851292595596567,0.8591479149997118,-0.02598134455994494
A08,7,17,31951,4,0,0.31240135137144165,0.5502517507889854,0.2378503994175437,0.5497935011106213,0.5606771839006132,0.010883682789991855,0.6543663719324059,0.5915836923723748,-0.06278267956003103,0.808214892604938,0.8596939237622825,0.051479031157344535
A08,7,18,34017,3,0,0.5048057419040158,0.5295248977580773,0.02471915585406148,0.5389593039593065,0.5426339932836546,0.0036746893243481127,0.7921370030554673,0.7310014055344015,-0.06113559752106579,0.8958612027454957,0.8629321986087636,-0.032929004136732165
A08,7,19,36053,4,0,0.7788830189949127,0.42224109892412587,-0.3566419200707869,0.5340257738725308,0.4548064874223715,-0.0792192864501593,0.558588518463839,0.7111960040007883,0.15260748553694936,0.6904052810938838,0.9164256332066207,0.22602035211273697
A08,7,20,38119,3,0,0.5289302559334027,0.452875791107273,-0.07605446482612971,0.7337022483267195,0.4275655276127228,-0.30613672071399667,0.7374104626466563,0.67466006469951,-0.06275039794714632,0.8804981284871519,0.8915856925077646,0.011087564020612728
A08,7,21,40189,4,0,0.5912461847727437,0.32043668762289207,-0.27080949714985164,0.23657178054078912,0.49671779621513945,0.26014601567435036,0.7258607797449749,0.7301446922876614,0.004283912542686563,0.9004686741198257,0.8745846832089408,-0.02588399091088489
A08,7,22,42269,2,0,0.7925643395063832,0.6828153084788676,-0.10974903102751554,0.3359705501121728,0.7270928443226998,0.391122294210527,0.7400337763608934,0.7278051719118972,-0.012228604448996205,0.45009088413775566,0.92309846059805,0.47300757646029434
A08,7,24,46212,4,0,0.5818788107101465,0.33398394057745645,-0.24789487013269002,0.2967320083409298,0.6473067257695543,0.3505747174286245,0.5700661123853134,0.6678168266644542,0.09775071427914084,0.7305675528580176,0.868358265655779,0.13779071279776145
A08,7,25,48165,1,0,0.792563061445826,0.4649598717027354,-0.3276031897430906,0.6924771802413353,0.5360893976883049,-0.15638778255303043,0.7381307890596773,0.7677625374226089,0.029631748362931587,0.8686407589794579,0.9055329590771851,0.0368922000977272
A08,7,26,50126,2,0,0.7235757489013259,0.3946806750410873,-0.32889507386023864,0.29006577190952937,0.7091733623887757,0.41910759047924634,0.7086551990909252,0.6975992105322837,-0.011055988558641539,0.853677878712496,0.8331966559960896,-0.0204812227164064
A08,7,27,52230,2,0,0.609312847320302,0.43310464424059714,-0.17620820307970486,0.696911917172667,0.6756913342629881,-0.021220582909678876,0.6480701834992706,0.7004316580755754,0.0523614745763048,0.8764291863660202,0.853182874936136,-0.023246311429884203
A08,7,28,54234,2,0,0.5105521169088832,0.5861842492698377,0.07563213236095445,0.7366292133595157,0.49964463011493165,-0.23698458324458405,0.7347846767291749,0.6663148364958263,-0.06846984023334857,0.8941479693020867,0.8564223897874736,-0.03772557951461308
A08,7,29,56209,3,0,0.7344268977497929,0.5725194897376638,-0.1619074080121291,0.6797815674360363,0.47874062237843934,-0.201040945057597,0.7292048924612178,0.6478532805412913,-0.08135161191992646,0.8847608879228905,0.895058383243469,0.010297495320578443
A08,7,30,58235,4,0,0.6068797211432458,0.4996984158713813,-0.10718130527186454,0.6557519443667834,0.6414182528366597,-0.01433369153012376,0.7108230566657262,0.6739898712776901,-0.03683318538803615,0.8529442179492577,0.8455777048166956,-0.007366513132562091
A08,7,31,60306,1,0,0.291309928249705,0.5391950652289121,0.24788513697920717,0.3878404336381191,0.5330889693756705,0.14524853573755142,0.5970977479264651,0.7481868785671951,0.15108913064073004,0.89851768897807,0.8370792441868874,-0.061438444791182656
A08,7,32,62413,4,0,0.6085500896856731,0.5425031701318617,-0.06604691955381148,0.4929177718532348,0.7123491646913772,0.2194313928381424,0.6593972733352736,0.69922476259253,0.03982748925725632,0.8454193585456714,0.8742702955148207,0.02885093696914931
A08,7,33,64505,1,0,0.38887912093701427,0.4825914996990765,0.09371237876206223,0.49267791206258515,0.46425564908964845,-0.028422262972936707,0.594330455288354,0.6941952300460155,0.09986477475766142,0.9032462566502775,0.8955912917288821,-0.007654964921395391
A08,7,34,66596,3,0,0.5938040453196953,0.3931970084178476,-0.20060703690184772,0.48665870241550074,0.44950537861473017,-0.03715332380077058,0.5894325415311007,0.6256321258832701,0.03619958435216941,0.8285997965310227,0.9112957430206402,0.08269594648961753
A08,7,35,68639,1,0,0.3013329588129127,0.6045268686387342,0.30319390982582145,0.4766219240981445,0.6096112255294467,0.13298930143130216,0.8067286553639861,0.7361780423340497,-0.07055061302993637,0.864716089623878,0.9045112758353117,0.03979518621143363
A08,7,36,70703,4,0,0.6673828491001838,0.4089057283888776,-0.25847712071130613,0.6328252609706976,0.20821587588026633,-0.4246093850904312,0.7150343241886034,0.7099132646481083,-0.005121059540495021,0.759972516104937,0.8801415766586317,0.1201690605536947
A08,7,37,72723,1,0,0.38937324797592543,0.5643126073085393,0.17493935933261384,0.5506681925443776,0.5885158876323923,0.037847695088014666,0.7314951268920744,0.7176827996456876,-0.013812327246386813,0.77180096979498,0.8533563190839997,0.08155534928901964
A08,7,38,74695,3,0,0.7221151100372757,0.4658556491439178,-0.2562594608933579,0.7648890478213923,0.622997479472586,-0.14189156834880634,0.7895800888302302,0.6805169030418916,-0.10906318578833862,0.8313557372495993,0.7987822779037839,-0.03257345934581546
A08,7,39,76658,1,0,0.6439231298975674,0.5784755933484691,-0.0654475365490983,0.5319546851583649,0.5509341218516328,0.01897943669326796,0.724997814935719,0.7453587760483512,0.020360961112632192,0.7361278949539393,0.777565673249368,0.04143777829542872
A08,7,40,78583,2,0,0.5566932807029211,0.3671711188874216,-0.18952216181549952,0.6136709704843143,0.5144051964091884,-0.09926577407512593,0.7233334148891809,0.7130354791978314,-0.010297935691349513,0.8029738814649837,0.8590842519427179,0.05611037047773415
A08,7,41,80664,3,0,0.8018319673199398,0.5728710785892386,-0.2289608887307012,0.6373358116818949,0.5135156810972703,-0.1238201305846246,0.6346636895041238,0.6964220008636922,0.06175831135956844,0.8522353347379811,0.8782097982373877,0.025974463499406575
A08,7,42,82642,3,0,0.6045150752697419,0.25292618881331513,-0.3515888864564268,0.4564994232057626,0.19262315230201965,-0.26387627090374294,0.6679768906967395,0.696605985324303,0.028629094627563467,0.839885861589682,0.8516985208366457,0.01181265924696362
A08,7,43,84632,4,0,0.5008104603195089,0.48714547095763017,-0.013664989361878765,0.6350041787347445,0.5939644627014676,-0.04103971603327683,0.6040231616372076,0.7152681361089324,0.11124497447172477,0.871837263291021,0.8614723348290889,-0.010364928461932044
A08,7,44,86751,1,0,0.7119699034023361,0.47141303776317894,-0.24055686563915718,0.5072686521044462,0.612502837822456,0.1052341857180098,0.7064157959149859,0.7134545640966258,0.007038768181639843,0.8698103057618626,0.9002793779808155,0.030469072218952897
A08,7,45,88657,2,0,0.5249578949870929,0.4646684323724501,-0.0602894626146428,0.48039574283473996,0.6822510338614192,0.2018552910266792,0.7208207535886595,0.7695814671818171,0.04876071359315759,0.8805620708581523,0.8106146294686771,-0.06994744138947517
A08,7,46,90585,4,0,0.5571084409720176,0.46359570782830384,-0.09351273314371378,0.6308289796244192,0.3616058480107416,-0.2692231316136776,0.7172275623476547,0.7213699390232079,0.004142376675553172,0.8427608134720398,0.8989167023297661,0.056155888857726266
A08,7,47,92699,2,0,0.6094679953253621,0.2595730577392303,-0.3498949375861318,0.42571299431979776,0.5556705978909932,0.1299576035711954,0.6208735984092949,0.7908923247571741,0.17001872634787918,0.8065117778322403,0.7954615174681897,-0.011050260364050546
A08,7,48,94758,3,0,0.4175540227906062,0.5302216494986889,0.11266762670808267,0.4357842104958883,0.6458052555051486,0.21002104500926028,0.7968419671002998,0.7011777346629515,-0.09566423243734823,0.8658758010212569,0.8904564878371274,0.024580686815870445
A08,8,1,251,3,0,0.6233765478073169,0.46280686682950906,-0.16056968097780783,0.8167694091148258,0.5233367468148061,-0.29343266230001963,0.49151500961657707,0.689417830038513,0.1979028204219359,0.8507892494212846,0.9050864094554034,0.054297160034118774
A08,8,3,4172,4,0,0.33676623062501226,0.44551234452569943,0.10874611390068717,0.38306481337170123,0.4015519849084893,0.018487171536788083,0.7805419726178568,0.7318313983174718,-0.04871057430038506,0.9089822370895595,0.9239176263014109,0.014935389211851446
A08,8,4,6124,2,0,0.17277320463094975,0.4336088589603144,0.2608356543293647,0.3527067954040532,0.7158488089096605,0.3631420135056073,0.5610238351745398,0.7410967928987119,0.1800729577241721,0.7759611833632903,0.8950159079392304,0.11905472457594002
A08,8,5,8132,4,0,0.4045680644640783,0.39855212559156694,-0.006015938872511339,0.7606368462197882,0.38097075136652886,-0.37966609485325936,0.6956256982233756,0.777984202403068,0.08235850417969237,0.8730750809484895,0.8917913743214141,0.018716293372924575
A08,8,6,10243,1,0,0.4601527797636497,0.41787042616671694,-0.042282353596932776,0.6267066504333355,0.5770349801965262,-0.049671670236809295,0.8139209081014753,0.7649992426978055,-0.04892166540366982,0.880559021083165,0.9303483120202963,0.04978929093713136
A08,8,8,14210,3,0,0.40353548445508697,0.5309095617393931,0.1273740772843061,0.536499959344274,0.35579688440286733,-0.18070307494140664,0.7247771912129417,0.7480577665845727,0.023280575371630974,0.7772234338104578,0.8929912600248147,0.11576782621435688
A08,8,9,16141,3,0,0.5839151122069083,0.36356387609165475,-0.22035123611525353,0.47426262765283866,0.22650457041598845,-0.2477580572368502,0.7616075392934842,0.7950606808874972,0.033453141594012914,0.896675605787335,0.9421521621654932,0.045476556378158284
A08,8,10,18139,2,0,0.43331104295575124,0.5913930727025258,0.1580820297467746,0.6237950332994008,0.8018556845705945,0.17806065127119375,0.8136585652272209,0.7923354718277731,-0.021323093399447823,0.8966616896563575,0.940993575376409,0.044331885720051534
A08,8,11,20045,4,0,0.45541571911723483,0.4123601437944268,-0.043055575322808015,0.6579160346395726,0.5775043987674299,-0.08041163587214273,0.7710652126856399,0.7658168664286205,-0.005248346257019421,0.9068906574572154,0.8641603407428856,-0.04273031671432981
A08,8,13,23912,2,0,0.46139724455700926,0.7017746883233694,0.24037744376636017,0.4881409001982656,0.6340307906013795,0.14588989040311384,0.7001140418020483,0.7448020988627547,0.04468805706070644,0.8282880181972914,0.9123444058132372,0.0840563876159458
A08,8,14,25856,1,0,0.5203376413564322,0.34963814868594933,-0.1706994926704829,0.5454511377043103,0.7399586626838307,0.1945075249795204,0.8089576804064775,0.7260701258935962,-0.08288755451288132,0.8787646081877992,0.9420194407896203,0.06325483260182108
A08,8,15,27823,2,0,0.5227974913032709,0.3656872817982186,-0.15711020950505233,0.6872872291225819,0.5954368935981906,-0.09185033552439126,0.7819987297862872,0.8370306055398977,0.05503187575361057,0.7734910236197386,0.9156256020780642,0.14213457845832556
A08,8,16,29943,4,0,0.6195007412610171,0.6166439914230823,-0.0028567498379347134,0.7159886930489249,0.3604649929833402,-0.35552370006558465,0.7829905510135451,0.7450719345378343,-0.03791861647571082,0.8894293854163923,0.8636540198670742,-0.02577536554931803
A08,8,17,31951,4,0,0.798250288541184,0.5592914618208169,-0.23895882672036706,0.5805041282764115,0.46678583179135613,-0.11371829648505538,0.7988181355675879,0.7611198729013344,-0.037698262666253424,0.9531014078569363,0.9242485353595308,-0.028852872497405535
A08,8,18,34017,2,0,0.44853292889518065,0.3207344805165605,-0.12779844837862014,0.6341751502873005,0.6637526287838348,0.02957747849653425,0.7458695239527265,0.8619622241205497,0.11609270016782314,0.9496202749584073,0.9105979094616884,-0.03902236549671889
A08,8,20,38119,2,0,0.6007652373156368,0.41176613004736445,-0.18899910726827235,0.657440925726012,0.6533774078052309,-0.004063517920781079,0.8032927001002681,0.78014649467686,-0.02314620542340806,0.9040588377121416,0.9384766357997983,0.03441779808765677
A08,8,21,40189,2,0,0.4932517539892046,0.6251805057994716,0.13192875181026698,0.3401456287392189,0.514320632259854,0.17417500352063514,0.761394412852635,0.7833419328743327,0.021947520021697753,0.8618624772642454,0.912524048126061,0.050661570861815663
A08,8,22,42269,4,0,0.6145190484549848,0.5352621704940973,-0.07925687796088754,0.5691919288356805,0.5085794652756068,-0.06061246356007366,0.7376084564073017,0.7926791505984818,0.05507069419118016,0.9093495102230774,0.8916772563650989,-0.017672253857978548
A08,8,23,44181,4,0,0.5315292746233719,0.4489869498265013,-0.08254232479687057,0.4962397468587366,0.3361761014472548,-0.16006364541148183,0.5701928520911166,0.7858560683117234,0.2156632162206068,0.8196735668431299,0.8520712757889796,0.0323977089458497
A08,8,24,46212,3,0,0.39920192798778287,0.5246769559037743,0.1254750279159914,0.5516764187090674,0.4284185453012649,-0.12325787340780248,0.7574933633789681,0.7969306459809686,0.03943728260200052,0.9272726776636233,0.9249517184047437,-0.0023209592588796513
A08,8,25,48165,4,0,0.583666460544607,0.36567805856076135,-0.21798840198384567,0.46656846229817867,0.6455378748110079,0.17896941251282922,0.6736409404584441,0.6564640971596337,-0.017176843298810418,0.828072546256508,0.9246800454623355,0.09660749920582756
A08,8,26,50126,1,0,0.49936770521137275,0.5182040025237515,0.01883629731237879,0.5763634946991515,0.6402489674592193,0.06388547276006784,0.7138074349167965,0.8244404175910892,0.11063298267429267,0.8373463159566334,0.9484489023907938,0.11110258643416038
A08,8,27,52230,2,0,0.4780869328061521,0.6685798858930466,0.1904929530868945,0.5807683794118785,0.721679854214501,0.14091147480262245,0.6787864206864904,0.7923114914427681,0.11352507075627771,0.7955782417156357,0.9100054083468881,0.11442716663125241
A08,8,28,54234,3,0,0.815677346746651,0.5812179635495806,-0.2344593831970705,0.5855172446856584,0.7061078920086343,0.12059064732297597,0.7998920122534543,0.7581592718603876,-0.041732740393066736,0.9047782791578943,0.9385051041967278,0.03372682503883351
A08,8,29,56209,2,0,0.3175273225576461,0.4617464335345765,0.1442191109769304,0.6936101393407689,0.5561027045682398,-0.13750743477252902,0.7818940675866572,0.7856481311197417,0.003754063533084495,0.8913102660958547,0.9122444885877264,0.020934222491871712
A08,8,30,58235,1,0,0.3492530068931199,0.45600730574810117,0.10675429885498128,0.37867644875731216,0.698715600340112,0.3200391515827999,0.7375124192995207,0.7993669413012146,0.061854522001693835,0.9183013508483039,0.9263839939470364,0.008082643098732523
A08,8,31,60306,4,0,0.4481899978809,0.5644255774958203,0.11623557961492031,0.5287456247632674,0.367212619482462,-0.1615330052808054,0.745673628440853,0.7672002958377736,0.02152666739692055,0.9002660790141158,0.9474172150553495,0.047151136041233666
A08,8,32,62413,1,0,0.24737058757801192,0.4646111873826077,0.21724059980459579,0.3492748746950178,0.5107643538861597,0.16148947919114193,0.6109227583529105,0.731344739779152,0.1204219814262415,0.7990719280596112,0.8854886553057281,0.08641672724611682
A08,8,33,64505,4,0,0.622714612439683,0.5989897257675044,-0.023724886672178536,0.6507348007249377,0.5760430892546283,-0.0746917114703094,0.7565020328795492,0.7413117628677218,-0.015190270011827378,0.8967017891599305,0.8945553272041568,-0.0021464619557737263
A08,8,34,66596,1,0,0.5372963509598848,0.4989907550174258,-0.038305595942459025,0.3671683319690423,0.5634866004430997,0.19631826847405742,0.684177009993965,0.7810097511021675,0.0968327411082025,0.7786925294170077,0.9547857153769685,0.17609318595996082
A08,8,35,68639,1,0,0.46270891375261397,0.6015136781115913,0.13880476435897732,0.48051363604523917,0.6389393352760465,0.15842569923080735,0.7621589525752176,0.8120166738882091,0.04985772131299149,0.8844313487719839,0.9248921602007912,0.04046081142880731
A08,8,36,70703,1,0,0.5107992766525199,0.5638963296286404,0.05309705297612055,0.590569543316003,0.7455012659979794,0.1549317226819764,0.6979701641227567,0.7664276366708211,0.06845747254806445,0.7536060789028208,0.9449462234153463,0.19134014451252546
A08,8,38,74695,3,0,0.7183558614020803,0.4484014459660313,-0.269954415436049,0.5153907939936927,0.5521204964043009,0.036729702410608245,0.7180675107365344,0.7601424253475146,0.04207491461098023,0.7093484565204494,0.8952482222124915,0.18589976569204203
A08,8,39,76658,3,0,0.6073212549686001,0.47294412407875785,-0.13437713088984227,0.397345901260279,0.4586734810258481,0.061327579765569074,0.6774121695475129,0.8082462340565237,0.1308340645090108,0.7312347706724794,0.8959870742809952,0.16475230360851578
A08,8,40,78583,4,0,0.6135382900229879,0.6827455619215977,0.06920727189860987,0.7005952107450052,0.6193154870538814,-0.0812797236911238,0.7660019002947391,0.7683591571629815,0.0023572568682423967,0.8851413188962628,0.8792634403727716,-0.005877878523491198
A08,8,41,80664,2,0,0.5006724200891416,0.6800052180104191,0.17933279792127754,0.8239314453254521,0.792973654373528,-0.03095779095192419,0.7978219772979551,0.8256082581326419,0.027786280834686816,0.8677248746515306,0.9289758400088501,0.06125096535731955
A08,8,42,82642,3,0,0.28974189474078843,0.3736583120902774,0.08391641734948896,0.5668548547710851,0.5278297229118966,-0.039025131859188544,0.7650913242904823,0.6868730209725388,-0.07821830331794355,0.9151098709739378,0.9007550532666648,-0.014354817707272982
A08,8,43,84632,3,0,0.16358688471575494,0.5123711750724215,0.3487842903566665,0.5252565982911663,0.566917501977784,0.04166090368661768,0.7057457102395521,0.7890572086838724,0.08331149844432029,0.7510447207501268,0.9222352562671897,0.17119053551706287
A08,8,44,86751,3,0,0.6536173278611314,0.6356715829172845,-0.01794574494384682,0.4897086545271878,0.27423480117957405,-0.21547385334761376,0.6463761480146996,0.7031650283597709,0.056788880345071346,0.9361412320096266,0.8874511766508436,-0.04869005535878301
A08,8,45,88657,4,0,0.4452075638641673,0.5731178666102575,0.12791030274609022,0.8530326338980293,0.6219680409148192,-0.23106459298321014,0.7694527569287276,0.788694240725623,0.019241483796895387,0.8317894870902632,0.8762682491086152,0.04447876201835199
A08,8,47,92699,1,0,0.7821612569811889,0.4059679539149633,-0.37619330306622556,0.538133153708569,0.6289157787592916,0.09078262505072265,0.6843313213378794,0.7966130180973444,0.11228169675946498,0.8682079280656202,0.8646038065421514,-0.003604121523468784
A08,8,48,94758,3,0,0.6042140183197936,0.5478378160983963,-0.056376202221397276,0.6891389311255826,0.4510953627793737,-0.23804356834620888,0.7647109959523434,0.7449384526826968,-0.019772543269646614,0.9587817846842548,0.894830932455657,-0.06395085222859775
A09,3,1,251,1,0,0.16472628570758183,0.1991547523723279,0.03442846666474608,0.40723730540201863,0.580199672843401,0.17296236744138238,0.22334132408514273,0.3613205129467158,0.13797918886157307,0.12408042348362648,0.15351192980744774,0.029431506323821258
A09,3,2,2254,2,0,0.4976540470909005,0.34903696939305956,-0.14861707769784094,0.27899699893796737,0.6163847148371934,0.337387715899226,0.3825282966212268,0.22828015044948843,-0.15424814617173835,0.2148196433918415,0.1546734750488922,-0.06014616834294931
A09,3,3,4172,2,0,0.5866311117286066,0.3042529155839758,-0.2823781961446308,0.3649682506622988,0.5428401939949186,0.17787194333261974,0.4439263514537008,0.24852808627770503,-0.19539826517599576,0.32466897736809797,0.3323802139478312,0.007711236579733216
A09,3,4,6124,1,0,0.511686768646942,0.2928613113621936,-0.21882545728474834,0.33842180147410683,0.6901837986590207,0.35176199718491385,0.4148020851500399,0.5127151154595685,0.09791303030952858,0.19885550237818503,0.27725454107447395,0.07839903869628892
A09,3,5,8132,2,0,0.5786117421535388,0.4897725428731727,-0.08883919928036615,0.43583249076574077,0.341060135938248,-0.09477235482749274,0.4528243664139665,0.4114792355756613,-0.04134513083830521,0.2330126722041604,0.109397720436805,-0.12361495176735539
A09,3,6,10243,1,0,0.49768788783636103,0.5165769600188395,0.018889072182478428,0.4837167403332308,0.44645162936514665,-0.03726511096808416,0.4488534415293934,0.39124355540028144,-0.05760988612911194,0.3105465592731435,0.21129164048332458,-0.09925491878981893
A09,3,7,12160,2,0,0.5336194846396192,0.3564541855910773,-0.1771652990485419,0.3163632990566387,0.5524581532845857,0.23609485422794702,0.39756982924992706,0.44930289245382554,0.05173306320389848,0.1317156102814204,0.20289943297740207,0.07118382269598167
A09,3,8,14210,3,0,0.19624430202156362,0.42984467004921056,0.23360036802764694,0.39738536689676074,0.7040938662076031,0.3067084993108423,0.3511223912132731,0.36407683655881495,0.012954445345541854,0.11011135924350783,0.24366671045352048,0.13355535121001266
A09,3,9,16141,2,0,0.2442006413412829,0.468134061227298,0.22393341988601512,0.39847067485434745,0.387357921922509,-0.011112752931838443,0.29317902987206057,0.4497083790985257,0.1565293492264651,0.10943561123114562,0.2982413704333055,0.1888057592021599
A09,3,10,18139,4,0,0.23069568271718532,0.3678110818233585,0.13711539910617315,0.43107497904822795,0.2809075771451647,-0.15016740190306327,0.41181559395137635,0.35194272874275123,-0.059872865208625115,0.2936255693140968,0.19164027113257406,-0.10198529818152272
A09,3,11,20045,1,0,0.24425061474090123,0.2803148853254492,0.03606427058454795,0.2713157549759231,0.6810807180387998,0.4097649630628767,0.42651855348249024,0.4863063121308859,0.05978775864839564,0.4992581123307005,0.23710271253816131,-0.2621553997925392
A09,3,12,21940,3,0,0.40755158985785445,0.46387581213759294,0.05632422227973849,0.47426411270340807,0.4733049094109511,-0.0009592032924569671,0.36593111109787096,0.34517173408350155,-0.020759377014369418,0.2634219423019018,0.3053123824429491,0.041890440141047314
A09,3,13,23912,2,0,0.7517003492322338,0.379269916394313,-0.3724304328379208,0.43069913812696203,0.5487204672847483,0.11802132915778629,0.36688254530705716,0.4138298646731524,0.04694731936609525,0.20708957069417977,0.23241519254176732,0.02532562184758755
A09,3,14,25856,1,0,0.3456948788798732,0.2967008075967673,-0.0489940712831059,0.421298287226254,0.6177290572963815,0.1964307700701275,0.2949334715611071,0.4544782093990451,0.159544737837938,0.3486631043216289,0.22241463998210115,-0.12624846433952774
A09,3,15,27823,4,0,0.3952603211506541,0.10726919287630496,-0.28799112827434914,0.4696650446571278,0.2848706889832181,-0.18479435567390967,0.4260389955086472,0.2700484038011749,-0.15599059170747231,0.1468362501820921,0.13796786928415547,-0.008868380897936623
A09,3,17,31951,4,0,0.5236890000990345,0.32307018058413817,-0.20061881951489635,0.4671079280455962,0.30906372930326054,-0.15804419874233566,0.33686682567626286,0.3807359346881061,0.043869109011843266,0.30811363108928763,0.10506010663333187,-0.20305352445595576
A09,3,18,34017,4,0,0.27502299698098026,0.681786848688276,0.40676385170729573,0.28412984458829327,0.19277235082045546,-0.0913574937678378,0.1660923838697925,0.4942901017591542,0.3281977178893617,0.28075115934601735,0.23008141176787875,-0.05066974757813861
A09,3,19,36053,4,0,0.2957261433017244,0.6460147398860779,0.3502885965843535,0.6051015387595549,0.3671001331183651,-0.23800140564118977,0.3696564659725742,0.378126048661719,0.008469582689144828,0.34377432485010895,0.15946006445685645,-0.1843142603932525
A09,3,20,38119,1,0,0.3374307019576278,0.2742401452005449,-0.0631905567570829,0.26530707013800464,0.4517019423388056,0.18639487220080098,0.33846481630154923,0.3746793922882848,0.03621457598673555,0.19698775438424818,0.3651205089672122,0.16813275458296403
A09,3,21,40189,3,0,0.3041397293920981,0.2215059309037078,-0.08263379848839031,0.11069623728392262,0.4364478969771767,0.32575165969325404,0.36506115719231363,0.436488004915999,0.07142684772368535,0.2454140719117937,0.25340045819356594,0.007986386281772229
A09,3,22,42269,2,0,0.5388462965708204,0.2561200996582461,-0.2827261969125743,0.5787398224414115,0.5831254297325403,0.004385607291128801,0.36320039974402174,0.4928076426763922,0.12960724293237047,0.16019169313273632,0.42106097265753195,0.26086927952479566
A09,3,23,44181,1,0,0.5926675440596265,0.2626078949615119,-0.33005964909811464,0.43330626023530716,0.4571371669325775,0.023830906697270338,0.37427138325800086,0.3859911620531443,0.011719778795143465,0.19826516831258356,0.2983664945518125,0.10010132623922896
A09,3,24,46212,1,0,0.3418494826767001,0.4318783406564622,0.09002885797976207,0.23822367141067563,0.2971264640869901,0.058902792676314486,0.35406824732271336,0.4701413281374719,0.11607308081475853,0.07060210367035472,0.29299904363322404,0.22239693996286933
A09,3,25,48165,3,0,0.2158626264083081,0.2658127463216008,0.04995011991329268,0.47098095339379625,0.16653592662088257,-0.3044450267729137,0.22539922914890356,0.20556653653990153,-0.01983269260900203,0.14555030627988574,0.21629362765802937,0.07074332137814363
A09,3,26,50126,4,0,0.17193497263034893,0.324252553088317,0.1523175804579681,0.29045362366975314,0.498124114283872,0.20767049061411885,0.3685194221898297,0.43073278995760866,0.06221336776777897,0.2733048488383262,0.10356063761055045,-0.16974421122777572
A09,3,27,52230,1,0,0.2115269648327324,0.2632895839474182,0.0517626191146858,0.22230047198943997,0.2944648581015773,0.07216438611213732,0.4213696976053499,0.3480517042170868,-0.07331799338826311,0.18517339111243475,0.23469778775783798,0.04952439664540323
A09,3,28,54234,3,0,0.27633658053836246,0.19618087229509068,-0.08015570824327178,0.36621363684913094,0.1271960511345471,-0.23901758571458384,0.2949148280525904,0.2566060200913804,-0.03830880796121,0.22584838229643148,0.18753396280783927,-0.03831441948859221
A09,3,29,56209,3,0,0.4665098290532169,0.34349565513177144,-0.12301417392144548,0.3829459005558183,0.291346098062704,-0.09159980249311428,0.26529957478060534,0.34487242527722645,0.0795728504966211,0.2797218564839618,0.15740105438175034,-0.12232080210221147
A09,3,30,58235,3,0,0.5750410680862176,0.45597497689696925,-0.11906609118924832,0.40180583903780587,0.3789376159793073,-0.02286822305849856,0.2780477188155806,0.2926443210686291,0.014596602253048485,0.47250576084833984,0.141074879363361,-0.33143088148497885
A09,3,31,60306,1,0,0.49716878199364156,0.43270588467845666,-0.0644628973151849,0.2321553882450384,0.3861189786969809,0.15396359045194252,0.32904031483866564,0.40733900525307654,0.0782986904144109,0.20458180060570083,0.4485767386394712,0.24399493803377034
A09,3,33,64505,1,0,0.5964099881730609,0.13454359035493654,-0.46186639781812433,0.5113039040748684,0.4328166132532155,-0.07848729082165284,0.23738184419007818,0.3268365230096987,0.08945467881962049,0.1761343576946122,0.27041645115450114,0.09428209345988894
A09,3,34,66596,2,0,0.6685851009184914,0.16906167497948468,-0.4995234259390068,0.31698376579922144,0.26498801086932994,-0.0519957549298915,0.24572564428215093,0.4222788460267397,0.17655320174458877,0.06341512031098405,0.21443518495578945,0.15102006464480539
A09,3,35,68639,2,0,0.6837247927355348,0.22334705446066327,-0.4603777382748715,0.25817003394758015,0.6924602418847859,0.4342902079372058,0.2713332896737625,0.2711193657369889,-0.00021392393677360788,0.05727459510837588,0.2465753690683196,0.1893007739599437
A09,3,36,70703,1,0,0.1022994048913335,0.18720782275277673,0.08490841786144322,0.38419407933681426,0.45719151351190224,0.07299743417508797,0.2902486998670177,0.48608563159833157,0.1958369317313139,0.2561362650608848,0.22209769735720122,-0.0340385677036836
A09,3,37,72723,2,0,0.09503816731082373,0.5363179468721191,0.4412797795612954,0.40883146658581315,0.3510493034304156,-0.057782163155397526,0.1554346893947942,0.22868995524934702,0.0732552658545528,0.12694508544857244,0.2154620538864693,0.08851696843789686
A09,3,38,74695,3,0,0.4471875788108091,0.3479749565365248,-0.09921262227428429,0.36651883123930407,0.37589821612640933,0.009379384887105269,0.29050273908516966,0.17299377518413264,-0.11750896390103702,0.2764622775358512,0.11199951541070112,-0.16446276212515004
A09,3,40,78583,3,0,0.3057688822326265,0.3290643915141214,0.02329550928149493,0.2780849085607571,0.5450086108505579,0.2669237022898007,0.26703745428993025,0.3466751468662815,0.07963769257635123,0.1519413159734426,0.09179737338232134,-0.060143942591121255
A09,3,41,80664,3,0,0.298117725463504,0.49659434748824854,0.19847662202474453,0.53739894515475,0.31478214101539564,-0.2226168041393543,0.3519271058624119,0.3744304224121711,0.022503316549759234,0.4060857811538904,0.1890742268208163,-0.2170115543330741
A09,3,42,82642,4,0,0.2330565116665908,0.3849502350312773,0.15189372336468648,0.2560548931121862,0.6150245439286356,0.3589696508164494,0.4461647892120877,0.2695503549833606,-0.17661443422872708,0.23727302927975794,0.20121621952208787,-0.03605680975767006
A09,3,43,84632,3,0,0.5869580706324226,0.3419663825178046,-0.24499168811461797,0.4436708653601036,0.37766155695857584,-0.06600930840152774,0.43740033634577397,0.38210546334977297,-0.055294872996001,0.1287269987628668,0.18376290889272848,0.05503591012986167
A09,3,44,86751,3,0,0.3425535569685754,0.4337487300008796,0.09119517303230418,0.5502491641046311,0.3713705557660382,-0.17887860833859287,0.2226597463616023,0.32157382959045017,0.09891408322884787,0.21934651529026494,0.06980728959905567,-0.14953922569120925
A09,3,45,88657,4,0,0.4857537156089814,0.3622286314811758,-0.1235250841278056,0.199923591903351,0.5535330872806269,0.35360949537727593,0.1893836897766876,0.4390353850580347,0.2496516952813471,0.17145153083859924,0.39275406439375965,0.2213025335551604
A09,3,46,90585,4,0,0.27851568621253797,0.4374422675588946,0.15892658134635662,0.3367519021973653,0.24631138548129614,-0.09044051671606915,0.3171824715394447,0.40990608471604784,0.09272361317660316,0.28498328284473995,0.08629718104773547,-0.19868610179700447
A09,3,47,92699,4,0,0.6022263325219964,0.32792263362667745,-0.27430369889531897,0.3761832312303302,0.30029861200039865,-0.07588461922993156,0.3036396747068168,0.32268386217722406,0.01904418747040726,0.3473509935256441,0.38103497728844804,0.03368398376280396
A09,3,48,94758,4,0,0.5001906736489378,0.380980620172135,-0.11921005347680275,0.46886703813487923,0.1632977150375041,-0.30556932309737517,0.20542651127154032,0.23699773072936203,0.03157121945782171,0.30572661142181085,0.1997068582877117,-0.10601975313409914
A09,4,1,251,4,0,0.5172579666244579,0.4012447137765215,-0.1160132528479364,0.5521163339462077,0.3805090352897203,-0.17160729865648744,0.24689631235700243,0.295463337513097,0.04856702515609457,0.08204467734638729,0.14325598946056958,0.06121131211418229
A09,4,2,2254,3,0,0.32471128004330374,0.5292996521074675,0.2045883720641638,0.6370731938450084,0.2090361720372908,-0.4280370218077176,0.2783249018664445,0.18356586675089193,-0.09475903511555256,0.2328099340976228,0.06658710739378414,-0.16622282670383864
A09,4,3,4172,2,0,0.3694330394202252,0.4245831633247469,0.055150123904521675,0.40032543731406534,0.33439353831634505,-0.06593189899772028,0.19318285171528707,0.3833337622195607,0.19015091050427366,0.1931961335687756,0.2612047200899173,0.0680085865211417
A09,4,4,6124,1,0,0.18193437515666946,0.5039126725976559,0.3219782974409865,0.45898842847395155,0.71173839396236,0.2527499654884085,0.32777048064984793,0.2985413019045495,-0.0292291787452984,0.10973350115357317,0.16390220396557573,0.05416870281200256
A09,4,5,8132,1,0,0.3052394201820455,0.28284253928081954,-0.022396880901225935,0.43423259838495226,0.5409478023836692,0.10671520399871698,0.21583549511589709,0.31535930049310634,0.09952380537720926,0.11934730903404875,0.09911611837407773,-0.02023119065997102
A09,4,6,10243,2,0,0.36351842217386876,0.06699750738773565,-0.2965209147861331,0.23958553641103966,0.30261099015329673,0.06302545374225707,0.29708936886284804,0.2521510131710709,-0.04493835569177712,0.2718984248056777,0.09744620101355946,-0.17445222379211828
A09,4,7,12160,3,0,0.4949917790288554,0.5238050305529086,0.02881325152405323,0.3256717977605141,0.2984272083647029,-0.027244589395811203,0.16276793406013054,0.289902080069352,0.12713414600922143,0.10656113554403168,0.09127496148792617,-0.015286174056105509
A09,4,8,14210,4,0,0.5118686903167297,0.361093704563463,-0.15077498575326664,0.3870540152614876,0.42873544095511995,0.04168142569363237,0.1953059727611084,0.2632332334203556,0.0679272606592472,0.10778853786952795,0.10675524745765753,-0.001033290411870419
A09,4,9,16141,2,0,0.6402924373876909,0.6261707145615685,-0.014121722826122451,0.4311117286577444,0.2835179995231998,-0.1475937291345446,0.09296613318692894,0.3204172799164019,0.22745114672947297,0.1492628775809162,0.11793955091049262,-0.031323326670423576
A09,4,10,18139,3,0,0.4747915348867613,0.43178324928287853,-0.04300828560388276,0.39883502714287794,0.154961322843598,-0.24387370429927993,0.2741789779221313,0.2496889226491667,-0.024490055272964606,0.25999857625391176,0.09744668331034921,-0.16255189294356254
A09,4,12,21940,1,0,0.4508856891495036,0.49632903311877985,0.04544334396927624,0.5174705133224603,0.5421585064689612,0.02468799314650094,0.2506243102236743,0.3821683709458781,0.13154406072220376,0.6501603823672555,0.607743615272353,-0.0424167670949025
A09,4,13,23912,1,0,0.4562450914201121,0.4209635995184781,-0.03528149190163399,0.678696810984271,0.3080593047186716,-0.37063750626559944,0.16418381384229594,0.36676097925586804,0.2025771654135721,0.39576338195374816,0.35251331711607276,-0.043250064837675406
A09,4,14,25856,4,0,0.49892131517026483,0.4393011378122438,-0.059620177358021054,0.39538790719278827,0.2685200697282178,-0.12686783746457048,0.19537754377192273,0.22822566306004324,0.03284811928812051,0.12759351895306,0.2583439265003983,0.13075040754733827
A09,4,15,27823,2,0,0.26083522952950583,0.23391518238589853,-0.026920047143607295,0.3042323383137682,0.3883371003380543,0.08410476202428607,0.2547694956133716,0.324243237400906,0.0694737417875344,0.04079598717629201,0.17518460049547788,0.13438861331918586
A09,4,16,29943,2,0,0.2797187996965548,0.6208526221694549,0.34113382247290014,0.3239779039498467,0.5506965083818379,0.2267186044319912,0.24307356365690347,0.3590195238777338,0.11594596022083031,0.2938729477679725,0.10682490561061894,-0.18704804215735357
A09,4,17,31951,1,0,0.39915937149918995,0.4701334809410755,0.07097410944188554,0.299852435614001,0.32951016559223245,0.029657729978231462,0.2653687338011751,0.3445038581075228,0.07913512430634773,0.10566794161516331,0.15186612431235083,0.04619818269718752
A09,4,18,34017,1,0,0.640668885477486,0.2911643140917941,-0.3495045713856919,0.5506685604223482,0.5279973350237487,-0.02267122539859956,0.3393744169036409,0.23365235005840032,-0.10572206684524058,0.15664744223597607,0.08553671904676527,-0.0711107231892108
A09,4,19,36053,3,0,0.5969461369885695,0.273446913646537,-0.32349922334203246,0.6185725276315435,0.5279689228915675,-0.09060360473997597,0.2381973460409435,0.2741201145881414,0.03592276854719789,0.11817684346082279,0.03150596538272453,-0.08667087807809826
A09,4,20,38119,1,0,0.4728300911452325,0.4389265962122087,-0.0339034949330238,0.21719244565562842,0.4066739632903312,0.18948151763470275,0.35389709032571526,0.36426324779373903,0.010366157468023773,0.17210376506379266,0.3502711657977962,0.17816740073400356
A09,4,21,40189,2,0,0.29667204012500814,0.25694712884278575,-0.039724911282222386,0.5690107234885191,0.1917222844821717,-0.3772884390063474,0.10121584611481517,0.14675074906690186,0.04553490295208669,0.3443079133111624,0.16740141508488326,-0.17690649822627913
A09,4,22,42269,4,0,0.37589035918409375,0.5240273420312669,0.14813698284717314,0.3837531147072269,0.4097586259248264,0.02600551121759953,0.221135028556319,0.22645800198975222,0.005322973433433215,0.05293613500718047,0.11190353642893722,0.05896740142175675
A09,4,23,44181,4,0,0.13997871769062215,0.18429187873430822,0.04431316104368607,0.3734852577384086,0.3315510345208786,-0.04193422321753004,0.35466024215043396,0.2284939589306849,-0.12616628321974907,0.19753732292694134,0.18001600462498388,-0.017521318301957467
A09,4,24,46212,3,0,0.38229532535097327,0.20689582434039436,-0.1753995010105789,0.31260545827920266,0.5184225596214699,0.20581710134226722,0.21220973491283385,0.2676546963170676,0.05544496140423377,0.04195866302589538,0.07794915075306011,0.035990487727164726
A09,4,25,48165,1,0,0.6012609043414864,0.47992650320060504,-0.12133440114088134,0.3141086569106837,0.5442286022726464,0.23011994536196267,0.30582943666445095,0.46027758056972645,0.1544481439052755,0.27446632888010075,0.1723363107130754,-0.10213001816702535
A09,4,26,50126,4,0,0.3731571041187102,0.6730194927893602,0.29986238867065,0.33625786952504244,0.6584279137605089,0.32217004423546647,0.30920540359101384,0.2758075166858179,-0.03339788690519596,0.30167085654145204,0.16307875147115464,-0.1385921050702974
A09,4,27,52230,4,0,0.2530998121403725,0.3742705182618913,0.12117070612151876,0.3576318162326279,0.20817382462254158,-0.14945799161008633,0.22558947339748878,0.24832062217773382,0.022731148780245042,0.13660757290885836,0.15383369096895022,0.01722611806009186
A09,4,28,54234,2,0,0.3329264678937256,0.25190262708945793,-0.08102384080426767,0.1823727673114718,0.27579503918147946,0.09342227187000765,0.2186755568017886,0.33951404209762753,0.12083848529583893,0.1262487395760234,0.13695344534015738,0.010704705764133987
A09,4,29,56209,4,0,0.1602824893071491,0.21733937335501677,0.057056884047867656,0.3880879288188989,0.21728771286619653,-0.1708002159527024,0.24992620699321025,0.19384641900991942,-0.05607978798329083,0.09622705290406976,0.07888944844864472,-0.017337604455425037
A09,4,30,58235,4,0,0.49406642122667666,0.20399650197527006,-0.29006991925140657,0.2502460482098922,0.5156214346714155,0.2653753864615233,0.17065764934594688,0.3659945201991307,0.19533687085318382,0.05266009563278145,0.11556574265514588,0.06290564702236442
A09,4,31,60306,2,0,0.5377918089996719,0.5254817702429465,-0.012310038756725428,0.4515951034568495,0.36031221708732,-0.09128288636952953,0.2711261711338964,0.3732700403907705,0.10214386925687408,0.1366688696184512,0.12609766318401766,-0.010571206434433544
A09,4,32,62413,1,0,0.5732294293017967,0.2903850633181605,-0.28284436598363616,0.20459142893362856,0.3076954231106134,0.10310399417698482,0.17693157707957705,0.39300208574183554,0.2160705086622585,0.15277056110836867,0.327789494903366,0.17501893379499733
A09,4,33,64505,2,0,0.18212093049873998,0.3741138100929394,0.19199287959419944,0.43798017936551065,0.23559390840514777,-0.20238627096036288,0.3128160230846313,0.27368985663316486,-0.03912616645146644,0.17873265140096364,0.20844891042295274,0.0297162590219891
A09,4,34,66596,3,0,0.35487496885105047,0.33478568127228236,-0.0200892875787681,0.5917086823770141,0.35722139927865904,-0.2344872830983551,0.33900230769334644,0.3150826331580391,-0.023919674535307356,0.1870447454649151,0.07491314712784101,-0.11213159833707408
A09,4,35,68639,3,0,0.3786200412881417,0.275092577924832,-0.1035274633633097,0.36303601015610987,0.41557931300535117,0.0525433028492413,0.21721937116795179,0.2905298132339564,0.0733104420660046,0.091372062188859,0.12728485891161948,0.03591279672276047
A09,4,36,70703,3,0,0.46872713633189356,0.27348404671261367,-0.19524308961927989,0.2620045902380476,0.4559214530286301,0.19391686279058246,0.21809570296303185,0.26112501795151466,0.04302931498848281,0.11615911280174807,0.06556491815852063,-0.05059419464322744
A09,4,37,72723,4,0,0.5871766030278104,0.29080240359326004,-0.29637419943455034,0.4629202148529895,0.20075500030216212,-0.2621652145508274,0.31459933170454085,0.3145136527912727,-8.567891326816124e-05,0.13100427082475913,0.11618544896024985,-0.01481882186450928
A09,4,38,74695,3,0,0.5092812665901555,0.34119404527944736,-0.16808722131070813,0.4890331569569558,0.3686838978274607,-0.12034925912949512,0.3381980715124975,0.29851712704112204,-0.039680944471375434,0.13500628666099757,0.11596120947531989,-0.019045077185677675
A09,4,39,76658,1,0,0.4294469637704466,0.2667721996550163,-0.1626747641154303,0.3435003142671246,0.2019841797874647,-0.14151613447965988,0.14352640090741278,0.2509124638133889,0.1073860629059761,0.196508943460702,0.2684796157211791,0.07197067226047713
A09,4,40,78583,4,0,0.3108084372737628,0.3648257327523221,0.054017295478559324,0.2721257291123481,0.4276550583822189,0.1555293292698708,0.0960499505753964,0.32201569773765865,0.22596574716226225,0.1424563236788652,0.3118940622909895,0.16943773861212427
A09,4,41,80664,2,0,0.2359958451946626,0.14784858944622364,-0.08814725574843896,0.23809859224161142,0.467379148562609,0.22928055632099756,0.2018738295345041,0.31082844980838253,0.10895462027387842,0.1806289236733422,0.12626110384098785,-0.054367819832354364
A09,4,42,82642,3,0,0.44817511137162075,0.5562215634690557,0.10804645209743496,0.31087446204809815,0.4413738768392182,0.13049941479112004,0.20169640607869868,0.35497402172108233,0.15327761564238365,0.04659327978383955,0.227309234625772,0.18071595484193242
A09,4,43,84632,2,0,0.369853912777168,0.5016133396626344,0.13175942688546644,0.36935260199082326,0.3872593432457627,0.017906741254939462,0.33222448163423285,0.21307508481317725,-0.1191493968210556,0.19732696432985214,0.3187704346036032,0.12144347027375108
A09,4,44,86751,3,0,0.2243448352056036,0.4112220367536161,0.18687720154801252,0.20657472968313334,0.3011455066151692,0.09457077693203586,0.22653802795257105,0.479124890485996,0.25258686253342494,0.1837360816678116,0.3301318363369844,0.1463957546691728
A09,4,45,88657,4,0,0.4854883889477733,0.3066553806299117,-0.17883300831786159,0.3999119464537476,0.2924516309888611,-0.10746031546488649,0.22517299274103414,0.30778398351987274,0.0826109907788386,0.2630835432985633,0.1918189089704528,-0.0712646343281105
A09,4,46,90585,2,0,0.6566078717828985,0.27233383993458904,-0.38427403184830944,0.42647601087019116,0.2943815712696263,-0.13209443960056488,0.34147165520941425,0.17136998041869173,-0.17010167479072252,0.14045809279837076,0.15432643736293045,0.013868344564559681
A09,4,47,92699,3,0,0.6034769456746892,0.2173657071735752,-0.38611123850111406,0.3714546915778912,0.2716808186640504,-0.09977387291384077,0.4221859501419443,0.3138824223209464,-0.10830352782099795,0.17687977953406478,0.09572918752062869,-0.0811505920134361
A09,4,48,94758,1,0,0.5108541870972954,0.3762638937807079,-0.13459029331658745,0.3070566375693988,0.5022338152572071,0.1951771776878083,0.3035509918690335,0.33773486812597847,0.03418387625694497,0.26767456127964856,0.19269893856409478,-0.07497562271555377
A09,5,1,251,1,0,0.2613681138270795,0.30918197283847465,0.04781385901139518,0.25211821435176535,0.5540433692136989,0.30192515486193355,0.28337594457607135,0.28543295021985554,0.0020570056437841933,0.23360299383607433,0.16153452881164038,-0.07206846502443395
A09,5,2,2254,1,0,0.24091731966484614,0.33596123147801976,0.09504391181317362,0.5759984945670189,0.6285312640216398,0.05253276945462093,0.31621671823429237,0.28609370816549645,-0.03012301006879592,0.22733332993260744,0.2915164615065792,0.06418313157397179
A09,5,3,4172,4,0,0.2799229875954658,0.3125759797473358,0.03265299215187001,0.44860962127050913,0.25158132713353076,-0.19702829413697837,0.324124496676432,0.3251191966227494,0.000994699946317401,0.08775959138599203,0.13340026825057982,0.045640676864587795
A09,5,4,6124,2,0,0.6062773125421438,0.3087784557467933,-0.2974988567953505,0.23736096656918151,0.48360613258091867,0.24624516601173715,0.3378845105332356,0.35003197331434277,0.012147462781107177,0.14946813340682535,0.22991466303296,0.08044652962613463
A09,5,5,8132,1,0,0.524179949420166,0.20207019287597452,-0.3221097565441915,0.18928772475819938,0.3924477573090716,0.20316003255087223,0.20535983779713396,0.3163107826965786,0.11095094489944463,0.1487966467947015,0.43124462985102596,0.28244798305632446
A09,5,6,10243,3,0,0.2270251868780482,0.47117949737370857,0.24415431049566036,0.43317810270075324,0.2433054430880344,-0.18987265961271885,0.29049902848567105,0.36281474868236335,0.0723157201966923,0.2037353317250296,0.11438828615563801,-0.0893470455693916
A09,5,7,12160,1,0,0.656963674134018,0.2961679013350813,-0.3607957727989367,0.4023546478129436,0.40467273741607773,0.0023180896031341214,0.3154560241736518,0.36087705659277486,0.04542103241912304,0.18077666454875943,0.163674632685105,-0.017102031863654443
A09,5,8,14210,3,0,0.31683508068265703,0.43699600786825227,0.12016092718559523,0.21174678127081584,0.2509965493092845,0.03924976803846866,0.2648723895575655,0.4636957934456078,0.19882340388804232,0.1883755207770876,0.14862288827398432,-0.03975263250310329
A09,5,10,18139,4,0,0.5987634421687232,0.5662594374466744,-0.03250400472204884,0.639604033155339,0.33734026260639655,-0.30226377054894243,0.47606867449438106,0.2506861663684697,-0.22538250812591137,0.39538757492021,0.13666612319058175,-0.25872145172962824
A09,5,11,20045,1,0,0.4223879615432957,0.2702083097979694,-0.15217965174532633,0.39261729520767286,0.4251568148618044,0.03253951965413154,0.2275940139211005,0.4060524840919217,0.17845847017082117,0.30859155910569575,0.1432695616891387,-0.16532199741655704
A09,5,13,23912,3,0,0.42809205770238706,0.10159242190373684,-0.3264996357986502,0.35130173326877207,0.46513233254542063,0.11383059927664857,0.36894994810477705,0.3947103066451097,0.02576035854033265,0.3161127240094507,0.2091088630019257,-0.10700386100752499
A09,5,14,25856,1,0,0.33040240995433895,0.17276974782440943,-0.15763266212992952,0.473506870608003,0.4787332016137191,0.005226331005716067,0.3369855985437811,0.4205721962175952,0.0835865976738141,0.19594650234202135,0.31559191780615853,0.11964541546413718
A09,5,15,27823,3,0,0.3736105168677294,0.5796798583705421,0.20606934150281275,0.26109454555039957,0.28040331671530483,0.01930877116490526,0.26444870453981156,0.4064067497987716,0.14195804525896005,0.22719288777706806,0.16567217729802083,-0.061520710479047225
A09,5,16,29943,2,0,0.43766385771308575,0.500191467862462,0.0625276101493763,0.2501272363221803,0.33654708264964395,0.08641984632746363,0.2988542428927274,0.30002727079418207,0.0011730279014546818,0.2336598258380646,0.2268915853337778,-0.0067682405042868155
A09,5,17,31951,4,0,0.4911381585497657,0.5478105397776089,0.05667238122784313,0.5209680523277108,0.3365046109207585,-0.1844634414069523,0.15761603249248538,0.31282654181605934,0.15521050932357397,0.20352575092838654,0.1867020977744627,-0.01682365315392384
A09,5,18,34017,4,0,0.43526123293657587,0.29609147989093243,-0.13916975304564344,0.3682400229303099,0.3669756376061096,-0.0012643853242003122,0.21350286314012765,0.2569827485000952,0.04347988535996758,0.18785460067800358,0.19931568091607196,0.011461080238068383
A09,5,20,38119,3,0,0.4087432472649221,0.36448078324636896,-0.04426246401855316,0.5418280744225145,0.4341874615697134,-0.10764061285280108,0.4047000271840033,0.26160885790380534,-0.14309116928019794,0.20951934527100333,0.18128577045605368,-0.028233574814949647
A09,5,21,40189,1,0,0.40746086309034296,0.09862549763290362,-0.30883536545743934,0.5356878315571492,0.5349780821829416,-0.0007097493742075356,0.4106285683182506,0.4385745824156336,0.027946014097382954,0.5454907040388314,0.2324033546163245,-0.3130873494225069
A09,5,22,42269,4,0,0.3620515167611437,0.1517458730898019,-0.21030564367134183,0.24353524879755883,0.29240356101552584,0.048868312217967,0.3548639247022418,0.12896607802367205,-0.22589784667856977,0.21712168521165134,0.35366474899340783,0.13654306378175649
A09,5,23,44181,2,0,0.5009810561990033,0.32492384774566346,-0.1760572084533399,0.4567408364990468,0.3755687560151551,-0.08117208048389168,0.374717867789186,0.42942387343160965,0.05470600564242367,0.22152764717246054,0.3466622229649557,0.12513457579249515
A09,5,24,46212,4,0,0.506217488395381,0.45470421084649076,-0.05151327754889029,0.3992980408069909,0.2941080450886683,-0.1051899957183226,0.36727810725197035,0.27652784948490516,-0.09075025776706519,0.12796843489413154,0.17306188627431446,0.04509345138018292
A09,5,25,48165,2,0,0.7517740769638867,0.3236219778917789,-0.4281520990721078,0.5117292885332189,0.4651111674255909,-0.046618121107627974,0.3440321954672695,0.4206625120496254,0.07663031658235592,0.20613320871920934,0.10118237397083109,-0.10495083474837825
A09,5,26,50126,1,0,0.7727589221470951,0.32776183445120294,-0.44499708769589214,0.16485343562175908,0.6940153590718878,0.5291619234501288,0.41367220523103615,0.418585674700663,0.004913469469626841,0.09407163102209574,0.49296461227363775,0.398892981251542
A09,5,27,52230,3,0,0.28607590855211734,0.40799735014089,0.12192144158877266,0.23821260635669655,0.4000665358020211,0.16185392944532456,0.2632253876590908,0.4030441867957847,0.13981879913669387,0.11698644695970355,0.23305448852361574,0.11606804156391219
A09,5,28,54234,2,0,0.08307570674288836,0.3355980372791868,0.25252233053629847,0.5943008610274415,0.41050093279694355,-0.18379992823049796,0.3625854275323142,0.31542489597057644,-0.04716053156173777,0.3132788842559045,0.3807025736832012,0.0674236894272967
A09,5,29,56209,1,0,0.5951569825726969,0.6100294859174306,0.014872503344733667,0.26212937831379585,0.31201036662267717,0.049880988308881324,0.36831601563705335,0.39555143541125687,0.027235419774203518,0.19725514611166536,0.24433478057128388,0.04707963445961852
A09,5,30,58235,3,0,0.6724087242615793,0.4773944246305974,-0.19501429963098188,0.592103046204002,0.4751046147573036,-0.11699843144669841,0.350085963327565,0.48323807730460583,0.13315211397704085,0.2545865635099755,0.19664378124171705,-0.05794278226825844
A09,5,31,60306,3,0,0.4082861848373838,0.3515551697620406,-0.05673101507534323,0.5578821768959545,0.4567348935231476,-0.10114728337280693,0.2306551595174955,0.3904311505359538,0.1597759910184583,0.44792396977350574,0.2163227803241641,-0.23160118944934163
A09,5,32,62413,1,0,0.28534243466586556,0.6007463634977119,0.31540392883184637,0.2045471414741121,0.344324371534474,0.13977723006036188,0.18310031401075205,0.41281645162752245,0.2297161376167704,0.2797369013446884,0.10427136623314748,-0.17546553511154095
A09,5,33,64505,3,0,0.5423981476847507,0.3064761298928742,-0.2359220177918765,0.35126341744496875,0.31538108427898975,-0.035882333165979,0.42275257817891176,0.34222408372634217,-0.0805284944525696,0.3482103335854756,0.2797968173237505,-0.0684135162617251
A09,5,34,66596,4,0,0.5657192719660944,0.4061396451618767,-0.15957962680421772,0.28127510101207526,0.20331890262903674,-0.07795619838303852,0.3128914740160962,0.3728911373199851,0.059999663303888895,0.26443025047889457,0.20090910860131728,-0.06352114187757729
A09,5,35,68639,4,0,0.6195718032715485,0.33219069506514426,-0.2873811082064042,0.28489592133882335,0.4073963248639933,0.12250040352516994,0.20083977675029965,0.3167595604410939,0.11591978369079423,0.35465656366049514,0.23020026076129366,-0.12445630289920148
A09,5,37,72723,1,0,0.31449151604938885,0.25537301957376995,-0.0591184964756189,0.5351975268319963,0.6121590963063105,0.0769615694743142,0.2531729255032165,0.23797053782115052,-0.015202387682065999,0.49650814434801377,0.6277347811898608,0.13122663684184704
A09,5,38,74695,2,0,0.24920946923969883,0.38251421391749024,0.1333047446777914,0.3098306092998557,0.3005436659632141,-0.009286943336641595,0.3079523913710772,0.42532487521465995,0.11737248384358273,0.43739776797927926,0.5079991242765206,0.07060135629724135
A09,5,39,76658,4,0,0.12197633228395315,0.3272357865407648,0.20525945425681164,0.3775150881766529,0.37863360002075525,0.0011185118441023323,0.3678867841429347,0.2669258938754137,-0.10096089026752098,0.370004331413042,0.3577200709110387,-0.012284260502003319
A09,5,40,78583,2,0,0.406048638099125,0.3777375707193145,-0.028311067379810484,0.4140543109879767,0.24949831973893044,-0.16455599124904624,0.33790044931865587,0.24888288534400774,-0.08901756397464813,0.10654878298623152,0.1653638004634724,0.05881501747724088
A09,5,41,80664,4,0,0.5410028803769702,0.24839007390784187,-0.29261280646912835,0.5504214618247376,0.25401735841651546,-0.29640410340822215,0.4629982967358095,0.29560850115128595,-0.16738979558452355,0.2245795716763285,0.1152048049322796,-0.1093747667440489
A09,5,43,84632,2,0,0.5077799560066378,0.4747665589996825,-0.033013397006955325,0.33132008601211543,0.390224991735399,0.05890490572328355,0.3452430204357455,0.35436593588857945,0.009122915452833946,0.3824364642977964,0.11852629018231343,-0.26391017411548295
A09,5,44,86751,2,0,0.5139002350593722,0.3247237411941641,-0.18917649386520813,0.39328448934865295,0.424432577283857,0.031148087935204072,0.15812028773762984,0.4306512813056151,0.27253099356798527,0.1497241406930415,0.09814982845527302,-0.05157431223776847
A09,5,45,88657,2,0,0.6681914704799959,0.4305732103687228,-0.23761826011127313,0.24842529716239453,0.326856845797856,0.07843154863546148,0.3025134399600802,0.2450172422054059,-0.057496197754674266,0.06163875026955739,0.13059488141187958,0.06895613114232219
A09,5,46,90585,3,0,0.8376688794186069,0.5659909035661949,-0.27167797585241205,0.4730519860708772,0.5438306731044414,0.07077868703356427,0.18928504065739818,0.3150793993756088,0.12579435871821062,0.05982219489640766,0.10279298759041358,0.04297079269400592
A09,5,47,92699,4,0,0.7609346138045385,0.5966239143746012,-0.16431069942993737,0.3548012994157384,0.4325056333674497,0.07770433395171128,0.15364489667835282,0.2346366208101446,0.08099172413179179,0.37476479288662284,0.04031916993029435,-0.3344456229563285
A09,5,48,94758,1,0,0.18748595960016598,0.2884813735771411,0.10099541397697512,0.4357401410707413,0.4454586517135583,0.00971851064281698,0.2097610084059747,0.3218258952526657,0.112064886846691,0.24131242026320263,0.34286561474334587,0.10155319448014324
A09,6,1,251,2,0,0.6722283113589572,0.41020619322211266,-0.26202211813684456,0.3988326830891307,0.4104724293303053,0.011639746241174587,0.224148221522054,0.299136361595016,0.074988140072962,0.2788723075909677,0.22716184640797124,-0.051710461182996464
A09,6,3,4172,1,0,0.4670791435568463,0.12401516803700664,-0.3430639755198397,0.22775759428175402,0.29740628346494463,0.06964868918319062,0.2910914055127885,0.2831923294674877,-0.007899076045300824,0.29646070722833723,0.13692471165802717,-0.15953599557031006
A09,6,4,6124,3,0,0.21745781722523544,0.3492249367298574,0.13176711950462194,0.41389833981948027,0.3557768658384273,-0.05812147398105294,0.21867585387652308,0.3337743566181689,0.11509850274164582,0.31312008438981576,0.1468331506901441,-0.16628693369967165
A09,6,5,8132,3,0,0.6475257058067129,0.3325963014882843,-0.3149294043184286,0.3469490145713996,0.5380604934085281,0.19111147883712853,0.28482323861400877,0.23951636128020734,-0.045306877333801426,0.1823863141165703,0.037854431882272506,-0.1445318822342978
A09,6,6,10243,4,0,0.3369435847765666,0.6081597398552819,0.2712161550787153,0.3919090478291661,0.39456243386319223,0.0026533860340261506,0.2912320526911471,0.30031714744764315,0.009085094756496048,0.21786141104535517,0.11241768870845105,-0.10544372233690412
A09,6,7,12160,1,0,0.48306549407107247,0.3323660157015872,-0.15069947836948527,0.2822859986482027,0.48780292698862665,0.20551692834042395,0.26783215656043013,0.3865510010050638,0.11871884444463365,0.24711305826969196,0.21201824996328858,-0.03509480830640338
A09,6,8,14210,1,0,0.31483048502160205,0.24731610592565254,-0.06751437909594951,0.3454774279461015,0.5071115978660682,0.1616341699199667,0.32614910244893497,0.23693152401123457,-0.0892175784377004,0.1783387828270671,0.17660299683065528,-0.0017357859964118316
A09,6,10,18139,2,0,0.1748442344823812,0.14668724981320244,-0.028156984669178764,0.2605891526301385,0.39072046400435057,0.13013131137421208,0.31687633122594067,0.34526338797649814,0.02838705675055747,0.19218339473340404,0.3879928609638412,0.19580946623043718
A09,6,11,20045,4,0,0.3967183313693218,0.5377169041786963,0.14099857280937456,0.22623463345293723,0.2726040485179147,0.046369415064977465,0.07884449072720887,0.2727258844129979,0.19388139368578902,0.24146839797591907,0.19192034566415742,-0.04954805231176165
A09,6,12,21940,4,0,0.42158275182765886,0.20569357453918777,-0.2158891772884711,0.1739246826315055,0.4891911079204722,0.3152664252889667,0.19252022070516306,0.15677596245876327,-0.03574425824639979,0.2153239483982278,0.17900098420739002,-0.036322964190837775
A09,6,13,23912,4,0,0.6782682529688426,0.32154052878086564,-0.356727724187977,0.4321770037209122,0.5190220925186478,0.08684508879773561,0.3580704769891633,0.320794653962111,-0.03727582302705229,0.07831050588803748,0.13248909666089198,0.0541785907728545
A09,6,14,25856,2,0,0.6188748409030502,0.3226243232169978,-0.29625051768605243,0.4137119716761394,0.08267927966408217,-0.3310326920120572,0.3764140635399252,0.26107411350847604,-0.11533995003144915,0.06176560956643973,0.1194093984625266,0.05764378889608687
A09,6,16,29943,3,0,0.3580109473875159,0.36532650805935823,0.007315560671842358,0.4851535712762229,0.28308112553837733,-0.20207244573784555,0.34370451280476455,0.3259081612660744,-0.017796351538690136,0.0845652045126024,0.17452743623053793,0.08996223171793553
A09,6,17,31951,2,0,0.19075126989468516,0.38119948037619045,0.1904482104815053,0.44588961821261053,0.16614206787211616,-0.27974755034049437,0.31869160213919123,0.23530306004153653,-0.0833885420976547,0.16082320016252583,0.10605394138899293,-0.05476925877353289
A09,6,18,34017,4,0,0.32882736804190504,0.4798469680583069,0.15101960001640186,0.2787642047525778,0.5151902585102274,0.23642605375764958,0.4145482735683048,0.3144904546895898,-0.10005781887871501,0.17559146043932947,0.23798009482947477,0.0623886343901453
A09,6,20,38119,4,0,0.6319740186748618,0.2898562219879724,-0.3421177966868894,0.46961323310222836,0.40358341718475016,-0.0660298159174782,0.47990846022198225,0.3450319178076832,-0.13487654241429903,0.27660723302894547,0.12559569712958682,-0.15101153589935865
A09,6,21,40189,3,0,0.42226356231751183,0.35060518009102104,-0.07165838222649079,0.33262186817586675,0.45078788237445405,0.1181660141985873,0.3280069898002109,0.28412702248694816,-0.04387996731326277,0.1415107655049423,0.07399997091110579,-0.0675107945938365
A09,6,22,42269,2,0,0.404229633361437,0.20070227853245243,-0.2035273548289846,0.492364936430858,0.3916608542065894,-0.10070408222426858,0.33772060655574565,0.2873879320207441,-0.050332674535001565,0.09002315738169646,0.20019299500229323,0.11016983762059677
A09,6,23,44181,4,0,0.49765113111476644,0.3596088849588882,-0.13804224615587823,0.46370251893073533,0.40618857716840634,-0.05751394176232899,0.3924843534376107,0.2586451884830187,-0.13383916495459197,0.09063595802976114,0.051727104633113474,-0.038908853396647666
A09,6,24,46212,4,0,0.11409915903559667,0.3325123059048204,0.21841314686922372,0.3145423575178464,0.3202083192614917,0.005665961743645254,0.3156649669037291,0.294031114420395,-0.021633852483334104,0.3045259157446969,0.10037676599781416,-0.20414914974688275
A09,6,25,48165,1,0,0.5440916516129927,0.24779730595428484,-0.2962943456587078,0.41149652404875686,0.7348133879345063,0.3233168638857495,0.2281465317704739,0.42392564509479463,0.19577911332432074,0.39377273657415135,0.4581992273537,0.06442649077954865
A09,6,26,50126,2,0,0.3464410983475071,0.43469620619765437,0.08825510785014729,0.41403262704671295,0.44543440202117185,0.031401774974458896,0.3828814160793103,0.2881627795493521,-0.09471863652995821,0.17604273524730435,0.08186274316335884,-0.09417999208394551
A09,6,27,52230,2,0,0.5869995647409162,0.44271345540366547,-0.14428610933725072,0.5653606722459829,0.2834771419069133,-0.28188353033906954,0.21503999685191305,0.3452064488435986,0.13016645199168553,0.2627775306954867,0.05128998971367544,-0.21148754098181127
A09,6,28,54234,3,0,0.40053000285534257,0.3618067157289645,-0.03872328712637807,0.2660166924321313,0.36728996955362053,0.10127327712148926,0.200812407162022,0.19050210660008268,-0.010310300561939323,0.10917181072815638,0.14722414320099558,0.038052332472839207
A09,6,30,58235,2,0,0.6043330618317689,0.060552106066458854,-0.54378095576531,0.5957881943403908,0.36233773732017366,-0.2334504570202171,0.30813142022169343,0.3569505697011413,0.048819149479447876,0.33411499855413457,0.2757610726015258,-0.05835392595260874
A09,6,31,60306,1,0,0.22243430163449293,0.5534550719152851,0.33102077028079213,0.3873961766815904,0.5549194172566534,0.16752324057506301,0.3543845922672603,0.2901462547223593,-0.06423833754490105,0.21280605683742923,0.09654879039227685,-0.11625726644515239
A09,6,32,62413,1,0,0.3354053050813031,0.4793595639714721,0.143954258890169,0.37242485247285334,0.324775534501275,-0.04764931797157834,0.19226674005156208,0.29993615977156646,0.10766941972000438,0.06233869524766326,0.19705606075166898,0.13471736550400573
A09,6,33,64505,4,0,0.5420165056672259,0.33998912498457085,-0.20202738068265508,0.2631801005985058,0.3963011771046006,0.13312107650609484,0.32867741982365295,0.33389123626091977,0.005213816437266816,0.18570956023495194,0.09262574771939222,-0.09308381251555972
A09,6,34,66596,2,0,0.6754798425032549,0.2314570131019576,-0.4440228294012973,0.5899523629361418,0.3657089733648212,-0.22424338957132062,0.2914906959962068,0.30507191078959733,0.013581214793390528,0.17950081880978064,0.14353310873521594,-0.0359677100745647
A09,6,35,68639,1,0,0.2770044163941895,0.5138272358353384,0.2368228194411489,0.40937575317782304,0.6574259142884747,0.2480501611106517,0.09587588682251676,0.2660424098039868,0.17016652298147006,0.2650440768162254,0.27184419553425027,0.0068001187180248834
A09,6,36,70703,3,0,0.4205959570772005,0.3858325439963356,-0.03476341308086489,0.5387432802973489,0.3177338979749248,-0.22100938232242406,0.28777579669693903,0.3800762131162618,0.09230041641932274,0.08680757158459877,0.28047211891893353,0.19366454733433475
A09,6,37,72723,2,0,0.6108300421657769,0.5361369627997866,-0.07469307936599023,0.3084148225918469,0.44298774951666653,0.13457292692481965,0.3705341300919706,0.3030272126881216,-0.06750691740384901,0.14619132011858144,0.30826158429931877,0.16207026418073733
A09,6,38,74695,2,0,0.6444726197171095,0.272243766292463,-0.37222885342464646,0.3028288774884184,0.5051146200967497,0.20228574260833126,0.17958675209726263,0.2919728361844542,0.11238608408719156,0.182856753788305,0.14491186760630698,-0.03794488618199801
A09,6,39,76658,3,0,0.3029444890567094,0.21557295206351307,-0.08737153699319633,0.432688340017501,0.21341114981171141,-0.2192771902057896,0.24608129033340598,0.3856116529302652,0.13953036259685925,0.1676879783937262,0.0757970025419767,-0.0918909758517495
A09,6,40,78583,1,0,0.719050768453432,0.36931922878975787,-0.3497315396636741,0.7206466226588828,0.7041091154523375,-0.016537507206545343,0.3593506657211112,0.43619158185035484,0.07684091612924365,0.239055354567498,0.25903115663533055,0.01997580206783256
A09,6,41,80664,4,0,0.39091980549852506,0.47776120213720563,0.08684139663868057,0.4526435900327123,0.17513617071229653,-0.2775074193204158,0.2274878910050385,0.2155281662098641,-0.011959724795174403,0.49767466642921715,0.14417081482852487,-0.3535038516006923
A09,6,42,82642,3,0,0.5678530609493022,0.3594304247311844,-0.2084226362181178,0.49248363731669276,0.5381357358485238,0.045652098531831053,0.2732368314044072,0.3674946412648273,0.0942578098604201,0.12570027411244974,0.17335879313842437,0.04765851902597462
A09,6,43,84632,3,0,0.4700590381013009,0.458865813805983,-0.011193224295317883,0.5853608608614271,0.37311489589339436,-0.21224596496803277,0.24802836175398038,0.25445079546026056,0.006422433706280178,0.07242794278690261,0.12364392705191062,0.05121598426500801
A09,6,44,86751,3,0,0.5393707849915357,0.1137879724311315,-0.4255828125604042,0.2689282135358759,0.3675666406082013,0.0986384270723254,0.26643160348473754,0.3495869672110472,0.08315536372630966,0.1843833958028917,0.2779497046771481,0.09356630887425638
A09,6,45,88657,3,0,0.3441159981809839,0.27484704154373274,-0.06926895663725113,0.2100724644903331,0.39053435998785496,0.18046189549752187,0.20676204496986358,0.35698427747466815,0.15022223250480457,0.11157937371484308,0.15009535016451345,0.038515976449670364
A09,6,46,90585,1,0,0.4664071608945868,0.391271653675234,-0.0751355072193528,0.5559815091998395,0.3304811254376391,-0.22550038376220038,0.5047607134945379,0.28507439794673606,-0.21968631554780182,0.4104911013972193,0.1564699140293991,-0.2540211873678202
A09,6,47,92699,2,0,0.29008290001150056,0.23282212056412435,-0.0572607794473762,0.4979261355768794,0.5379555696415944,0.040029434064714986,0.42652668506131697,0.30797635204537416,-0.11855033301594281,0.1339605872151573,0.1761856249577806,0.04222503774262329
A09,6,48,94758,1,0,0.39617163944782885,0.45976038940807723,0.06358874996024838,0.5301322523638773,0.38676649650470296,-0.14336575585917433,0.2844439070225325,0.387457386347901,0.10301347932536847,0.09865733641810562,0.13084659912299973,0.03218926270489411
A09,7,1,251,2,0,0.48818967366273913,0.4890592278649834,0.0008695542022442715,0.3513576708550203,0.5440417320104375,0.1926840611554172,0.2337154625626068,0.3755253957983786,0.14180993323577182,0.059972343296796966,0.10635030500957843,0.04637796171278146
A09,7,2,2254,1,0,0.26703088311354567,0.30675560063980806,0.03972471752626239,0.40774144080271085,0.5868752854965475,0.1791338446938367,0.23932512471596937,0.24117320692829272,0.0018480822123233542,0.27843003707367664,0.18963164156630752,-0.08879839550736912
A09,7,3,4172,1,0,0.585791180189551,0.4478993905879031,-0.13789178960164789,0.49389275843254354,0.30361356897198544,-0.1902791894605581,0.2171751797850847,0.29760400977711615,0.08042882999203146,0.11541593880179937,0.22700037689817876,0.11158443809637938
A09,7,4,6124,3,0,0.25789017355221827,0.5132699370169007,0.25537976346468244,0.3674396540022509,0.4669907410546776,0.09955108705242666,0.2596126351335697,0.30257440890407467,0.042961773770504974,0.12937812303430113,0.13697049318370866,0.007592370149407529
A09,7,5,8132,3,0,0.5068447791683507,0.39545644712453054,-0.11138833204382015,0.456077133982009,0.41121379796182633,-0.044863336020182665,0.16200689855326814,0.32954477023138035,0.1675378716781122,0.4632300728363626,0.07561085443963814,-0.3876192183967244
A09,7,7,12160,3,0,0.39310775658136904,0.38536915618114614,-0.007738600400222895,0.5226535901254543,0.376977457325803,-0.1456761327996513,0.4389273979198092,0.262724076841026,-0.17620332107878323,0.284449786378827,0.22262769676964927,-0.06182208960917773
A09,7,8,14210,4,0,0.5716141440440449,0.5331286416625657,-0.038485502381479186,0.46493896182840466,0.3423907919171865,-0.12254816991121814,0.325245863020949,0.33273797221568746,0.007492109194738472,0.1288716567871688,0.11637856705990215,-0.012493089727266649
A09,7,9,16141,1,0,0.3787632455606951,0.45657701570234543,0.0778137701416503,0.2045243439623241,0.33507631056939985,0.13055196660707574,0.23664969894511545,0.22768604661681993,-0.008963652328295518,0.03654590128138272,0.24889215806869602,0.2123462567873133
A09,7,10,18139,4,0,0.4683573925792176,0.08997007941872055,-0.37838731316049706,0.29028655300155737,0.3399121895253185,0.04962563652376112,0.16417610936755014,0.2960050580553557,0.13182894868780556,0.22689326570826726,0.19335684710835752,-0.033536418599909745
A09,7,11,20045,1,0,0.4550274913552987,0.2585658443598782,-0.19646164699542046,0.3971807703642843,0.3445108916716748,-0.05266987869260947,0.2701268934065629,0.2754243900849667,0.005297496678403846,0.23854210253101352,0.11737611453650407,-0.12116598799450945
A09,7,12,21940,1,0,0.37043434577445034,0.3340112118646839,-0.036423133909766425,0.7167054430078713,0.5581814841676719,-0.15852395884019943,0.2309598533728589,0.33489515348031723,0.10393530010745833,0.3261198907827395,0.16809529836435516,-0.15802459241838435
A09,7,13,23912,2,0,0.7256066354756283,0.32289008601717434,-0.402716549458454,0.4183048714807945,0.39698210167383163,-0.02132276980696285,0.23862657901438286,0.4169164498564036,0.17828987084202072,0.1549784596583647,0.34215251316801554,0.18717405350965083
A09,7,14,25856,4,0,0.4855476218554698,0.5522066235370824,0.0666590016816126,0.6565955889377307,0.3250290020656849,-0.3315665868720458,0.34524495174103326,0.2699607852101691,-0.07528416653086417,0.18062550527257884,0.16911925315747686,-0.011506252115101978
A09,7,15,27823,3,0,0.6827449200744128,0.0946665913714678,-0.588078328702945,0.6003699532191461,0.2238084400662786,-0.3765615131528675,0.4310580661824507,0.29692652776682,-0.1341315384156307,0.13429903040711821,0.15928663293500533,0.02498760252788712
A09,7,16,29943,2,0,0.4517096668907746,0.25873972813726503,-0.19296993875350954,0.44643340024218636,0.39418652237622026,-0.0522468778659661,0.26412993702776494,0.29755945294539116,0.03342951591762622,0.10097481900935908,0.16969267872156943,0.06871785971221035
A09,7,17,31951,4,0,0.5497585975032209,0.2919072368926149,-0.257851360610606,0.3508377136156124,0.2894127199150017,-0.061424993700610664,0.2864787344985527,0.2352140733139593,-0.05126466118459341,0.08191107989884457,0.07827111811116216,-0.0036399617876824025
A09,7,18,34017,3,0,0.3726224313425069,0.5233285429562922,0.15070611161378528,0.434611210150099,0.28888439123075466,-0.14572681891934436,0.1952771574774333,0.21088583544176925,0.01560867796433596,0.2126563668610557,0.22897088646104344,0.016314519599987726
A09,7,19,36053,4,0,0.2621845877707308,0.20310319008406955,-0.059081397686661236,0.4295266417107287,0.40963841971132126,-0.01988822199940743,0.37317081901879795,0.2597190861864528,-0.11345173283234516,0.28448401728555334,0.0552162497979828,-0.22926776748757055
A09,7,20,38119,3,0,0.38033453078421475,0.20262467062397785,-0.1777098601602369,0.42476261183764674,0.4417723753596873,0.017009763522040533,0.25304570361000156,0.38202522026108265,0.1289795166510811,0.07774843267578332,0.23419134535192948,0.15644291267614616
A09,7,21,40189,4,0,0.4038289506666345,0.5714534602048664,0.16762450953823194,0.37658444972119665,0.5098450041570116,0.13326055443581497,0.18149833410694124,0.35010416505432307,0.16860583094738182,0.13275744615124438,0.20989531865070293,0.07713787249945855
A09,7,22,42269,2,0,0.2932847622813913,0.4540383160386012,0.1607535537572099,0.2874274800944851,0.46630712357413184,0.17887964347964674,0.3502024871588407,0.43748553784285754,0.08728305068401682,0.14408928926016504,0.21048233321229423,0.0663930439521292
A09,7,23,44181,2,0,0.3248761609971811,0.3726652591255109,0.04778909812832982,0.43935016403585464,0.597138200723562,0.1577880366877074,0.269090506805079,0.2984562469520779,0.029365740146998887,0.13692141792870277,0.2120738927503247,0.07515247482162193
A09,7,25,48165,1,0,0.3837090763010672,0.3943095249325187,0.010600448631451487,0.28040670512637245,0.5216806523997359,0.2412739472733635,0.3021717021421229,0.3529657553826694,0.05079405324054648,0.20805683706761005,0.3436195322971228,0.13556269522951273
A09,7,26,50126,2,0,0.36513215232910384,0.36103499911936027,-0.004097153209743576,0.3169820880445818,0.3460043034240091,0.02902221537942734,0.1731180651895849,0.2115270269184736,0.03840896172888872,0.1182299661351917,0.20944994397030525,0.09121997783511356
A09,7,27,52230,2,0,0.4872554668900154,0.4938741123529396,0.0066186454629241775,0.17117178792367532,0.26781624961995226,0.09664446169627694,0.230716734504753,0.2006391695371896,-0.03007756496756339,0.22364588912402386,0.11782923540141574,-0.10581665372260812
A09,7,28,54234,2,0,0.5092695249104432,0.35087735966716777,-0.15839216524327543,0.19478411064407491,0.22462702453482325,0.029842913890748335,0.2921652079326777,0.27515253049567967,-0.017012677436998025,0.2629481834024339,0.153942929330797,-0.10900525407163691
A09,7,29,56209,3,0,0.44427771287868806,0.544804567564272,0.10052685468558392,0.5395764875877493,0.43585321359344986,-0.10372327399429948,0.17609205245145082,0.2592099932117478,0.083117940760297,0.2624361466065614,0.052579493249690724,-0.20985665335687068
A09,7,30,58235,4,0,0.4714406515423312,0.32470565898373316,-0.14673499255859807,0.473830098326906,0.3936452218146601,-0.08018487651224587,0.23399877242214387,0.2443209425937066,0.010322170171562728,0.27039534586003205,0.13193684337994602,-0.13845850248008604
A09,7,31,60306,1,0,0.5776923726679186,0.4251757539549489,-0.15251661871296973,0.35383511158808206,0.32963752751870107,-0.024197584069380995,0.27014122844675154,0.29569912011135724,0.025557891664605703,0.19624981603644626,0.33921906211267755,0.1429692460762313
A09,7,32,62413,4,0,0.3192823068191708,0.3794305212798628,0.06014821446069202,0.29679147766922104,0.2527685823402574,-0.04402289532896364,0.20911617516305478,0.37886949229152,0.16975331712846523,0.182303857502571,0.1050783504675837,-0.0772255070349873
A09,7,33,64505,1,0,0.26855849153304895,0.36299450521962723,0.09443601368657828,0.23717301230808704,0.37290030954371123,0.13572729723562418,0.2972677440837428,0.23569650786323443,-0.06157123622050836,0.2719646074416219,0.20762704220807882,-0.06433756523354306
A09,7,34,66596,3,0,0.32298777326454203,0.1152320478726898,-0.20775572539185222,0.282036390461728,0.3904221543762661,0.10838576391453808,0.3009609621499934,0.3416910260690207,0.04073006391902728,0.25525717022940186,0.08379668528964897,-0.1714604849397529
A09,7,36,70703,4,0,0.7335657010007594,0.2810107820772478,-0.4525549189235116,0.25138690451924267,0.2169418872390614,-0.03444501728018126,0.33952261211416435,0.4055563935337987,0.06603378141963434,0.2365666748349613,0.18555513931889012,-0.05101153551607118
A09,7,38,74695,3,0,0.4114981675271817,0.45260931266835136,0.04111114514116965,0.3655854068886768,0.30750502046708517,-0.058080386421591634,0.27893019612237785,0.23888322311608842,-0.04004697300628943,0.0939060723318834,0.11891972165567748,0.025013649323794074
A09,7,39,76658,1,0,0.5299468135306151,0.5114822812366207,-0.018464532293994473,0.29673507156147344,0.39996392476655396,0.10322885320508052,0.3448214469741657,0.261277015530969,-0.08354443144319673,0.29817560814102595,0.34311154905330216,0.04493594091227621
A09,7,41,80664,3,0,0.45179756751522315,0.2591844792402736,-0.19261308827494955,0.1961046257770112,0.5284051733352568,0.3323005475582456,0.4340149396393305,0.4284721618220812,-0.0055427778172493225,0.27989581717311723,0.251775497879462,-0.028120319293655216
A09,7,42,82642,3,0,0.20257492539783062,0.30883003576437257,0.10625511036654195,0.41649151062095174,0.3655705788521587,-0.05092093176879303,0.39903606959570465,0.23949338865646594,-0.1595426809392387,0.28781327344348717,0.1136290715477793,-0.17418420189570788
A09,7,43,84632,4,0,0.3439253628439258,0.6088112784054164,0.2648859155614906,0.5074390131445305,0.28735127953771217,-0.22008773360681838,0.3238655001085388,0.3634419336751103,0.03957643356657148,0.307037149873094,0.30756794750417854,0.0005307976310845453
A09,7,44,86751,1,0,0.4635491852456453,0.3200418440960995,-0.14350734114954583,0.4336681450691375,0.3943920756963686,-0.039276069372768896,0.42881473685123034,0.3757290548423711,-0.053085682008859214,0.3658009878474232,0.26752789135791527,-0.09827309648950794
A09,7,45,88657,2,0,0.40688548044319933,0.35706026736993823,-0.0498252130732611,0.6295330939950178,0.3469717356212886,-0.2825613583737292,0.21983209638505657,0.36316675788729996,0.1433346615022434,0.18633456857923644,0.1877776428548481,0.001443074275611661
A09,7,46,90585,4,0,0.685971389789554,0.3079085856740537,-0.37806280411550025,0.36911356959621183,0.2616546191494972,-0.10745895044671461,0.2861846971298786,0.1479469827099694,-0.1382377144199092,0.2889527447790239,0.23567264215944084,-0.05328010261958305
A09,7,47,92699,2,0,0.6540909546108453,0.45849198381332074,-0.19559897079752459,0.4984766400564339,0.40798844007933915,-0.09048819997709473,0.2668974342346781,0.31033600584583965,0.04343857161116155,0.1777406770468848,0.11285400040934974,-0.06488667663753504
A09,7,48,94758,3,0,0.4678875575732854,0.527546341062476,0.059658783489190625,0.43704996251136624,0.1614878866499775,-0.2755620758613887,0.22171705955873286,0.29022286079688636,0.0685058012381535,0.2260335708010859,0.19225845911042586,-0.033775111690660053
A09,8,1,251,3,0,0.2363042610317469,0.25963582919495237,0.023331568163205474,0.6216995333229602,0.47796755639875255,-0.1437319769242077,0.4809325970043519,0.37917848322535624,-0.10175411377899568,0.6255677612139854,0.5041708698028219,-0.1213968914111635
A09,8,2,2254,1,0,0.18285520341286432,0.3570048392879719,0.17414963587510757,0.687731930660909,0.3681877924296912,-0.3195441382312178,0.3629187397777506,0.36823166429305315,0.005312924515302575,0.550715119289059,0.34516532399766614,-0.2055497952913929
A09,8,3,4172,4,0,0.47904970162577126,0.5620644299122706,0.0830147282864993,0.3132683806899506,0.4220297962675526,0.108761415577602,0.3903017892963493,0.3220544354439951,-0.0682473538523542,0.12003919429062072,0.2624042276082238,0.14236503331760308
A09,8,4,6124,2,0,0.45401726570191164,0.26117881620153843,-0.1928384495003732,0.28905585798891387,0.16644674796921557,-0.12260911001969829,0.5288884727973843,0.322175047608014,-0.20671342518937025,0.17975045891759356,0.19252174565690855,0.012771286739314991
A09,8,5,8132,4,0,0.3363800900167394,0.09509752179651354,-0.24128256822022587,0.39334270942310334,0.24205564650807113,-0.15128706291503222,0.4161693762901904,0.29323798754389824,-0.12293138874629217,0.18731241540238666,0.20814055484487978,0.02082813944249312
A09,8,6,10243,1,0,0.5001508014710245,0.5341188433551093,0.033968041884084754,0.4468844599333541,0.4839820457504573,0.03709758581710321,0.38646239633555846,0.42012826759449146,0.033665871258933,0.2516874932672427,0.3687501189039306,0.1170626256366879
A09,8,7,12160,1,0,0.6820065636136171,0.4730400937130255,-0.2089664699005916,0.40624100082929104,0.49756775278975063,0.09132675196045958,0.32818171727058154,0.44664818316634836,0.11846646589576681,0.5068174163091682,0.33591364584560457,-0.17090377046356364
A09,8,8,14210,3,0,0.2745989771224318,0.24604176452658302,-0.028557212595848785,0.50822042626081,0.503335951199272,-0.004884475061537996,0.164151389696289,0.4577185377681548,0.2935671480718658,0.1084121826046928,0.47071515658434643,0.3623029739796536
A09,8,9,16141,3,0,0.6165334350968338,0.49261630804498274,-0.12391712705185104,0.3406388608635996,0.3571922090169876,0.016553348153387992,0.3972456589877239,0.35541958507752547,-0.041826073910198436,0.34168243220597283,0.23915835350944548,-0.10252407869652735
A09,8,10,18139,2,0,0.6540480642426691,0.1340272001744657,-0.5200208640682035,0.47166916188991065,0.3479804031593234,-0.12368875873058727,0.35461177061739196,0.4724638033022916,0.11785203268489963,0.18505972782984448,0.37618019918239665,0.19112047135255217
A09,8,11,20045,4,0,0.28676217420628,0.24620449819702556,-0.04055767600925442,0.37952386516636755,0.31636764101646386,-0.06315622414990368,0.43122475068334104,0.405493435462892,-0.025731315220449025,0.2072130356432018,0.2597720122050577,0.0525589765618559
A09,8,12,21940,2,0,0.3318117851391465,0.6183566099577898,0.28654482481864335,0.352033730416584,0.36578464282893525,0.013750912412351268,0.31390345751930343,0.2960153545909723,-0.01788810292833115,0.24918509624164592,0.4049087259337452,0.1557236296920993
A09,8,13,23912,2,0,0.4381792714291392,0.2611183910763236,-0.1770608803528156,0.5217477111868641,0.36900617010074804,-0.1527415410861161,0.2745664542074024,0.30991788087716,0.0353514266697576,0.37252318520897376,0.24887439914706963,-0.12364878606190413
A09,8,14,25856,1,0,0.4201068279394647,0.25374521806066236,-0.16636160987880233,0.48159409094672323,0.46323934497813457,-0.01835474596858866,0.28122499085071195,0.3319425152183691,0.05071752436765714,0.4747195979249331,0.3944523286450729,-0.08026726927986022
A09,8,15,27823,2,0,0.28351968385460585,0.42610624838408195,0.1425865645294761,0.29106700390087986,0.16497292183217263,-0.12609408206870723,0.3904921704178215,0.40982585055369103,0.019333680135869502,0.33757251230167107,0.2517431694311717,-0.08582934287049937
A09,8,16,29943,4,0,0.4162400363540347,0.3355842107321469,-0.08065582562188783,0.3721020014186437,0.3903523233728186,0.01825032195417492,0.3122901269353792,0.23070898330073822,-0.081581143634641,0.39523652273026005,0.3624860910103948,-0.03275043171986525
A09,8,17,31951,4,0,0.5052015030664407,0.4396759385750473,-0.06552556449139346,0.2813187835434881,0.3084735259288203,0.02715474238533222,0.3696915675728382,0.3083245814281338,-0.06136698614470443,0.34082048900230844,0.152255165364002,-0.18856532363830644
A09,8,18,34017,2,0,0.683435690939142,0.14524876535872375,-0.5381869255804183,0.3894625519066367,0.31448861902510955,-0.07497393288152715,0.3334651151449452,0.29667232594972875,-0.036792789195216447,0.21249843280242747,0.27131483171925097,0.0588163989168235
A09,8,19,36053,2,0,0.37393836754007825,0.2732614655831962,-0.10067690195688206,0.6824059264724207,0.28524929035508817,-0.39715663611733254,0.2634491191310126,0.18710247848953396,-0.07634664064147864,0.24880001219465023,0.3800070138558799,0.1312070016612297
A09,8,20,38119,2,0,0.5089836753372902,0.36694133769077314,-0.14204233764651703,0.28769280293488003,0.40730617440033834,0.1196133714654583,0.3510702714089405,0.31758518561710947,-0.033485085791831015,0.27100239521697567,0.3208903884998051,0.049887993282829446
A09,8,21,40189,2,0,0.2816385131614315,0.4884178692055445,0.20677935604411296,0.5263143778189435,0.2694349950649998,-0.25687938275394373,0.22614206025727704,0.34361145644202035,0.11746939618474331,0.28991792829330304,0.47256253966739886,0.18264461137409582
A09,8,22,42269,4,0,0.5669950932627873,0.43744889171487156,-0.12954620154791574,0.4090439130541898,0.24281943192858638,-0.16622448112560342,0.35807937562344877,0.2917909363653432,-0.06628843925810557,0.3162324082847124,0.25661720563454843,-0.059615202650163956
A09,8,23,44181,4,0,0.42029595899156746,0.589781344489915,0.16948538549834757,0.6314227199953748,0.39013890676631563,-0.24128381322905917,0.2738783169311946,0.29895095306968816,0.025072636138493587,0.4695903711154438,0.15865570216186406,-0.3109346689535798
A09,8,24,46212,3,0,0.42092222854330286,0.2880795351787313,-0.13284269336457155,0.37834527176756827,0.2536288675033229,-0.12471640426424535,0.40957046145864473,0.2349901833562873,-0.17458027810235743,0.2973510241712129,0.3112749145620454,0.013923890390832527
A09,8,25,48165,4,0,0.463569570271929,0.253752627448277,-0.20981694282365204,0.37295064337484224,0.43562205010221444,0.0626714067273722,0.3288552204497806,0.3347000816710944,0.00584486122131378,0.4759678752520422,0.20959623467413227,-0.26637164057790996
A09,8,26,50126,1,0,0.5747642813542628,0.28300644707259953,-0.2917578342816633,0.32889500311037023,0.522446349251737,0.19355134614136682,0.25175548935932707,0.3096328995728673,0.05787741021354026,0.1985909504211834,0.16158614200709562,-0.03700480841408779
A09,8,27,52230,2,0,0.5856081616991103,0.38467217116074887,-0.20093599053836148,0.5705542962682297,0.4589025974259155,-0.11165169884231424,0.23012249830149784,0.3279403937291234,0.09781789542762559,0.4149431747112317,0.1785876983450023,-0.23635547636622942
A09,8,28,54234,3,0,0.33176060960925635,0.1857966059459877,-0.14596400366326864,0.2676205690471774,0.35697575103928486,0.08935518199210746,0.2115711396208843,0.2947503271917841,0.08317918757089982,0.25544766930709784,0.21200779930928243,-0.043439869997815406
A09,8,30,58235,1,0,0.5853533032455409,0.4428018988903827,-0.14255140435515823,0.30234459276851416,0.5371012287753187,0.23475663600680458,0.3258003317172542,0.3726233927240559,0.046823061006801725,0.38274048536962785,0.2595503683121014,-0.12319011705752647
A09,8,32,62413,1,0,0.2356460966459721,0.17048942105834244,-0.06515667558762966,0.5589892221181382,0.33550705408084,-0.2234821680372982,0.3749629631306899,0.3041455086849448,-0.07081745444574511,0.1890074777085014,0.4773282763330603,0.2883207986245589
A09,8,33,64505,4,0,0.505831394480901,0.5216648392896132,0.015833444808712183,0.5984490237983671,0.4305031547220176,-0.16794586907634945,0.4216885059062029,0.26787328563066154,-0.15381522027554134,0.4359258664494999,0.18645320996954245,-0.24947265647995742
A09,8,36,70703,1,0,0.4129653215870016,0.26368412894154053,-0.14928119264546108,0.49027992130328346,0.5254378205176471,0.03515789921436363,0.2030667878515839,0.4105078337068128,0.2074410458552289,0.1262920319887118,0.1579258616911823,0.0316338297024705
A09,8,37,72723,1,0,0.3163679627576571,0.3540598091588117,0.03769184640115458,0.5154998958426172,0.29776070970145485,-0.2177391861411624,0.25848097379925006,0.2768371226300542,0.018356148830804164,0.16281124375236478,0.10793340463965838,-0.0548778391127064
A09,8,38,74695,3,0,0.4555476042216315,0.2013865420609612,-0.25416106216067025,0.39713144278202844,0.2916581487066266,-0.10547329407540185,0.3457274600533923,0.26428145118583923,-0.08144600886755304,0.14604350122082987,0.07682429993122106,-0.06921920128960882
A09,8,39,76658,3,0,0.6141964016477474,0.3125164309838171,-0.30167997066393026,0.5087391051982191,0.33581846820877254,-0.17292063698944654,0.3393149586408442,0.332707790854163,-0.0066071677866811895,0.12221861095895044,0.11696250010029059,-0.005256110858659846
A09,8,40,78583,4,0,0.39362987622451956,0.20656852249105054,-0.18706135373346902,0.4771940840508585,0.5744888966928314,0.09729481264197293,0.21111072479150456,0.18938756175493418,-0.021723163036570375,0.10385367115275461,0.04843328924391434,-0.05542038190884027
A09,8,41,80664,2,0,0.7165784782369328,0.23341081221805435,-0.4831676660188784,0.5962424656278128,0.30733741050201224,-0.28890505512580056,0.26273884581620754,0.28697161435428653,0.024232768538078986,0.24154516745022628,0.23196491151427087,-0.009580255935955406
A09,8,42,82642,3,0,0.20779913636836603,0.2529917224492518,0.04519258608088575,0.3672263350161503,0.583848533722242,0.21662219870609167,0.3167757561542839,0.18606202508326244,-0.13071373107102144,0.20927881916253463,0.1547566819735199,-0.05452213718901472
A09,8,43,84632,3,0,0.2763432427614871,0.5903774044623374,0.31403416170085036,0.20547683078099346,0.26750543689341105,0.06202860611241759,0.3171588237358069,0.2876033094845453,-0.029555514251261572,0.3129261843560785,0.116249923241496,-0.1966762611145825
A09,8,44,86751,3,0,0.19375340226294466,0.2632084416867791,0.06945503942383444,0.3128678730155047,0.3912595978187081,0.07839172480320339,0.16893499662867287,0.490045434039501,0.3211104374108281,0.09664597232248037,0.17952866523552619,0.08288269291304581
A09,8,46,90585,3,0,0.40886695564467423,0.11718570746525844,-0.29168124817941576,0.3664769882126061,0.34153046497980594,-0.024946523232800166,0.26246960979699624,0.28906877315532803,0.02659916335833179,0.2474799999119616,0.17547497098598255,-0.07200502892597904
A09,8,47,92699,1,0,0.6048769684044389,0.4274917690527206,-0.17738519935171831,0.5428086055923455,0.43295227075773984,-0.1098563348346056,0.3116102788974238,0.4673065519382155,0.1556962730407917,0.28860787298706037,0.13206084011199498,-0.15654703287506538
A09,8,48,94758,3,0,0.5696880860178958,0.1551169366976228,-0.41457114932027295,0.30478319494475276,0.3549563735120832,0.050173178567330445,0.25538049955275904,0.37132314282718276,0.11594264327442372,0.10721246740130261,0.3395609048921563,0.23234843749085368
