Run,Trial,Onset,True_Class,Subject,Predicted_Class,Correct,Model,Inference_ms
3,1,251,1,A01,2,0,EEGNet,26.963472366333008
3,2,2254,2,A01,2,1,EEGNet,26.963472366333008
3,3,4172,2,A01,2,1,EEGNet,26.963472366333008
3,4,6124,1,A01,1,1,EEGNet,26.963472366333008
3,5,8132,2,A01,2,1,EEGNet,26.963472366333008
3,6,10243,1,A01,4,0,EEGNet,26.963472366333008
3,7,12160,2,A01,2,1,EEGNet,26.963472366333008
3,8,14210,3,A01,4,0,EEGNet,26.963472366333008
3,9,16141,2,A01,2,1,EEGNet,26.963472366333008
3,10,18139,4,A01,4,1,EEGNet,26.963472366333008
3,11,20045,1,A01,2,0,EEGNet,26.963472366333008
3,12,21940,3,A01,4,0,EEGNet,26.963472366333008
3,13,23912,2,A01,2,1,EEGNet,26.963472366333008
3,14,25856,1,A01,4,0,EEGNet,26.963472366333008
3,15,27823,4,A01,4,1,EEGNet,26.963472366333008
3,16,29943,4,A01,4,1,EEGNet,26.963472366333008
3,17,31951,4,A01,4,1,EEGNet,26.963472366333008
3,18,34017,4,A01,4,1,EEGNet,26.963472366333008
3,21,40189,3,A01,3,1,EEGNet,26.963472366333008
3,22,42269,2,A01,2,1,EEGNet,26.963472366333008
3,23,44181,1,A01,4,0,EEGNet,26.963472366333008
3,24,46212,1,A01,3,0,EEGNet,26.963472366333008
3,25,48165,3,A01,4,0,EEGNet,26.963472366333008
3,26,50126,4,A01,4,1,EEGNet,26.963472366333008
3,27,52230,1,A01,1,1,EEGNet,26.963472366333008
3,28,54234,3,A01,3,1,EEGNet,26.963472366333008
3,29,56209,3,A01,4,0,EEGNet,26.963472366333008
3,30,58235,3,A01,4,0,EEGNet,26.963472366333008
3,31,60306,1,A01,2,0,EEGNet,26.963472366333008
3,32,62413,2,A01,2,1,EEGNet,26.963472366333008
3,33,64505,1,A01,1,1,EEGNet,26.963472366333008
3,35,68639,2,A01,2,1,EEGNet,26.963472366333008
3,36,70703,1,A01,1,1,EEGNet,26.963472366333008
3,37,72723,2,A01,2,1,EEGNet,26.963472366333008
3,38,74695,3,A01,4,0,EEGNet,26.963472366333008
3,39,76658,2,A01,2,1,EEGNet,26.963472366333008
3,40,78583,3,A01,1,0,EEGNet,26.963472366333008
3,41,80664,3,A01,3,1,EEGNet,26.963472366333008
3,42,82642,4,A01,4,1,EEGNet,26.963472366333008
3,43,84632,3,A01,3,1,EEGNet,26.963472366333008
3,44,86751,3,A01,3,1,EEGNet,26.963472366333008
3,45,88657,4,A01,4,1,EEGNet,26.963472366333008
3,46,90585,4,A01,4,1,EEGNet,26.963472366333008
3,47,92699,4,A01,4,1,EEGNet,26.963472366333008
3,48,94758,4,A01,3,0,EEGNet,26.963472366333008
4,1,251,4,A01,3,0,EEGNet,26.963472366333008
4,2,2254,3,A01,4,0,EEGNet,26.963472366333008
4,3,4172,2,A01,2,1,EEGNet,26.963472366333008
4,4,6124,1,A01,2,0,EEGNet,26.963472366333008
4,5,8132,1,A01,4,0,EEGNet,26.963472366333008
4,6,10243,2,A01,2,1,EEGNet,26.963472366333008
4,8,14210,4,A01,4,1,EEGNet,26.963472366333008
4,9,16141,2,A01,2,1,EEGNet,26.963472366333008
4,10,18139,3,A01,4,0,EEGNet,26.963472366333008
4,11,20045,1,A01,1,1,EEGNet,26.963472366333008
4,12,21940,1,A01,2,0,EEGNet,26.963472366333008
4,13,23912,1,A01,2,0,EEGNet,26.963472366333008
4,14,25856,4,A01,3,0,EEGNet,26.963472366333008
4,15,27823,2,A01,2,1,EEGNet,26.963472366333008
4,16,29943,2,A01,2,1,EEGNet,26.963472366333008
4,17,31951,1,A01,1,1,EEGNet,26.963472366333008
4,18,34017,1,A01,4,0,EEGNet,26.963472366333008
4,19,36053,3,A01,4,0,EEGNet,26.963472366333008
4,20,38119,1,A01,4,0,EEGNet,26.963472366333008
4,22,42269,4,A01,3,0,EEGNet,26.963472366333008
4,23,44181,4,A01,4,1,EEGNet,26.963472366333008
4,24,46212,3,A01,4,0,EEGNet,26.963472366333008
4,25,48165,1,A01,3,0,EEGNet,26.963472366333008
4,26,50126,4,A01,4,1,EEGNet,26.963472366333008
4,27,52230,4,A01,4,1,EEGNet,26.963472366333008
4,28,54234,2,A01,2,1,EEGNet,26.963472366333008
4,29,56209,4,A01,4,1,EEGNet,26.963472366333008
4,30,58235,4,A01,3,0,EEGNet,26.963472366333008
4,31,60306,2,A01,2,1,EEGNet,26.963472366333008
4,32,62413,1,A01,2,0,EEGNet,26.963472366333008
4,33,64505,2,A01,2,1,EEGNet,26.963472366333008
4,34,66596,3,A01,4,0,EEGNet,26.963472366333008
4,35,68639,3,A01,4,0,EEGNet,26.963472366333008
4,36,70703,3,A01,4,0,EEGNet,26.963472366333008
4,37,72723,4,A01,4,1,EEGNet,26.963472366333008
4,38,74695,3,A01,3,1,EEGNet,26.963472366333008
4,39,76658,1,A01,2,0,EEGNet,26.963472366333008
4,40,78583,4,A01,4,1,EEGNet,26.963472366333008
4,41,80664,2,A01,2,1,EEGNet,26.963472366333008
4,42,82642,3,A01,3,1,EEGNet,26.963472366333008
4,43,84632,2,A01,2,1,EEGNet,26.963472366333008
4,44,86751,3,A01,4,0,EEGNet,26.963472366333008
4,45,88657,4,A01,4,1,EEGNet,26.963472366333008
4,46,90585,2,A01,2,1,EEGNet,26.963472366333008
4,47,92699,3,A01,4,0,EEGNet,26.963472366333008
4,48,94758,1,A01,4,0,EEGNet,26.963472366333008
5,1,251,1,A01,1,1,EEGNet,26.963472366333008
5,2,2254,1,A01,2,0,EEGNet,26.963472366333008
5,3,4172,4,A01,4,1,EEGNet,26.963472366333008
5,4,6124,2,A01,2,1,EEGNet,26.963472366333008
5,5,8132,1,A01,1,1,EEGNet,26.963472366333008
5,6,10243,3,A01,4,0,EEGNet,26.963472366333008
5,7,12160,1,A01,3,0,EEGNet,26.963472366333008
5,8,14210,3,A01,4,0,EEGNet,26.963472366333008
5,9,16141,2,A01,1,0,EEGNet,26.963472366333008
5,10,18139,4,A01,4,1,EEGNet,26.963472366333008
5,11,20045,1,A01,1,1,EEGNet,26.963472366333008
5,12,21940,3,A01,4,0,EEGNet,26.963472366333008
5,13,23912,3,A01,4,0,EEGNet,26.963472366333008
5,14,25856,1,A01,1,1,EEGNet,26.963472366333008
5,15,27823,3,A01,4,0,EEGNet,26.963472366333008
5,16,29943,2,A01,2,1,EEGNet,26.963472366333008
5,17,31951,4,A01,4,1,EEGNet,26.963472366333008
5,18,34017,4,A01,4,1,EEGNet,26.963472366333008
5,19,36053,4,A01,3,0,EEGNet,26.963472366333008
5,20,38119,3,A01,3,1,EEGNet,26.963472366333008
5,21,40189,1,A01,2,0,EEGNet,26.963472366333008
5,22,42269,4,A01,3,0,EEGNet,26.963472366333008
5,23,44181,2,A01,2,1,EEGNet,26.963472366333008
5,24,46212,4,A01,4,1,EEGNet,26.963472366333008
5,25,48165,2,A01,2,1,EEGNet,26.963472366333008
5,26,50126,1,A01,1,1,EEGNet,26.963472366333008
5,28,54234,2,A01,2,1,EEGNet,26.963472366333008
5,29,56209,1,A01,2,0,EEGNet,26.963472366333008
5,30,58235,3,A01,2,0,EEGNet,26.963472366333008
5,31,60306,3,A01,4,0,EEGNet,26.963472366333008
5,32,62413,1,A01,3,0,EEGNet,26.963472366333008
5,33,64505,3,A01,3,1,EEGNet,26.963472366333008
5,34,66596,4,A01,3,0,EEGNet,26.963472366333008
5,35,68639,4,A01,4,1,EEGNet,26.963472366333008
5,36,70703,2,A01,2,1,EEGNet,26.963472366333008
5,37,72723,1,A01,4,0,EEGNet,26.963472366333008
5,38,74695,2,A01,2,1,EEGNet,26.963472366333008
5,39,76658,4,A01,4,1,EEGNet,26.963472366333008
5,40,78583,2,A01,2,1,EEGNet,26.963472366333008
5,41,80664,4,A01,3,0,EEGNet,26.963472366333008
5,42,82642,3,A01,4,0,EEGNet,26.963472366333008
5,43,84632,2,A01,2,1,EEGNet,26.963472366333008
5,44,86751,2,A01,2,1,EEGNet,26.963472366333008
5,45,88657,2,A01,2,1,EEGNet,26.963472366333008
5,46,90585,3,A01,4,0,EEGNet,26.963472366333008
5,47,92699,4,A01,4,1,EEGNet,26.963472366333008
5,48,94758,1,A01,1,1,EEGNet,26.963472366333008
6,1,251,2,A01,2,1,EEGNet,26.963472366333008
6,2,2254,4,A01,4,1,EEGNet,26.963472366333008
6,3,4172,1,A01,2,0,EEGNet,26.963472366333008
6,4,6124,3,A01,4,0,EEGNet,26.963472366333008
6,5,8132,3,A01,3,1,EEGNet,26.963472366333008
6,6,10243,4,A01,4,1,EEGNet,26.963472366333008
6,7,12160,1,A01,2,0,EEGNet,26.963472366333008
6,8,14210,1,A01,1,1,EEGNet,26.963472366333008
6,9,16141,3,A01,3,1,EEGNet,26.963472366333008
6,10,18139,2,A01,2,1,EEGNet,26.963472366333008
6,11,20045,4,A01,2,0,EEGNet,26.963472366333008
6,12,21940,4,A01,4,1,EEGNet,26.963472366333008
6,13,23912,4,A01,3,0,EEGNet,26.963472366333008
6,14,25856,2,A01,2,1,EEGNet,26.963472366333008
6,15,27823,1,A01,2,0,EEGNet,26.963472366333008
6,16,29943,3,A01,4,0,EEGNet,26.963472366333008
6,17,31951,2,A01,2,1,EEGNet,26.963472366333008
6,18,34017,4,A01,4,1,EEGNet,26.963472366333008
6,19,36053,1,A01,1,1,EEGNet,26.963472366333008
6,20,38119,4,A01,4,1,EEGNet,26.963472366333008
6,21,40189,3,A01,4,0,EEGNet,26.963472366333008
6,22,42269,2,A01,2,1,EEGNet,26.963472366333008
6,23,44181,4,A01,3,0,EEGNet,26.963472366333008
6,24,46212,4,A01,4,1,EEGNet,26.963472366333008
6,25,48165,1,A01,2,0,EEGNet,26.963472366333008
6,26,50126,2,A01,2,1,EEGNet,26.963472366333008
6,27,52230,2,A01,2,1,EEGNet,26.963472366333008
6,28,54234,3,A01,4,0,EEGNet,26.963472366333008
6,29,56209,4,A01,4,1,EEGNet,26.963472366333008
6,30,58235,2,A01,2,1,EEGNet,26.963472366333008
6,31,60306,1,A01,3,0,EEGNet,26.963472366333008
6,32,62413,1,A01,3,0,EEGNet,26.963472366333008
6,33,64505,4,A01,3,0,EEGNet,26.963472366333008
6,34,66596,2,A01,2,1,EEGNet,26.963472366333008
6,35,68639,1,A01,1,1,EEGNet,26.963472366333008
6,36,70703,3,A01,4,0,EEGNet,26.963472366333008
6,37,72723,2,A01,2,1,EEGNet,26.963472366333008
6,38,74695,2,A01,2,1,EEGNet,26.963472366333008
6,40,78583,1,A01,1,1,EEGNet,26.963472366333008
6,41,80664,4,A01,4,1,EEGNet,26.963472366333008
6,42,82642,3,A01,4,0,EEGNet,26.963472366333008
6,43,84632,3,A01,3,1,EEGNet,26.963472366333008
6,44,86751,3,A01,3,1,EEGNet,26.963472366333008
6,45,88657,3,A01,3,1,EEGNet,26.963472366333008
6,46,90585,1,A01,2,0,EEGNet,26.963472366333008
6,47,92699,2,A01,2,1,EEGNet,26.963472366333008
6,48,94758,1,A01,1,1,EEGNet,26.963472366333008
7,1,251,2,A01,2,1,EEGNet,26.963472366333008
7,2,2254,1,A01,2,0,EEGNet,26.963472366333008
7,3,4172,1,A01,2,0,EEGNet,26.963472366333008
7,4,6124,3,A01,4,0,EEGNet,26.963472366333008
7,5,8132,3,A01,3,1,EEGNet,26.963472366333008
7,6,10243,2,A01,2,1,EEGNet,26.963472366333008
7,7,12160,3,A01,3,1,EEGNet,26.963472366333008
7,8,14210,4,A01,4,1,EEGNet,26.963472366333008
7,9,16141,1,A01,2,0,EEGNet,26.963472366333008
7,10,18139,4,A01,3,0,EEGNet,26.963472366333008
7,11,20045,1,A01,1,1,EEGNet,26.963472366333008
7,12,21940,1,A01,2,0,EEGNet,26.963472366333008
7,13,23912,2,A01,2,1,EEGNet,26.963472366333008
7,14,25856,4,A01,3,0,EEGNet,26.963472366333008
7,15,27823,3,A01,4,0,EEGNet,26.963472366333008
7,16,29943,2,A01,2,1,EEGNet,26.963472366333008
7,17,31951,4,A01,4,1,EEGNet,26.963472366333008
7,18,34017,3,A01,2,0,EEGNet,26.963472366333008
7,19,36053,4,A01,3,0,EEGNet,26.963472366333008
7,20,38119,3,A01,4,0,EEGNet,26.963472366333008
7,21,40189,4,A01,4,1,EEGNet,26.963472366333008
7,22,42269,2,A01,2,1,EEGNet,26.963472366333008
7,23,44181,2,A01,2,1,EEGNet,26.963472366333008
7,24,46212,4,A01,4,1,EEGNet,26.963472366333008
7,25,48165,1,A01,2,0,EEGNet,26.963472366333008
7,26,50126,2,A01,2,1,EEGNet,26.963472366333008
7,27,52230,2,A01,1,0,EEGNet,26.963472366333008
7,28,54234,2,A01,2,1,EEGNet,26.963472366333008
7,29,56209,3,A01,4,0,EEGNet,26.963472366333008
7,30,58235,4,A01,4,1,EEGNet,26.963472366333008
7,31,60306,1,A01,2,0,EEGNet,26.963472366333008
7,32,62413,4,A01,4,1,EEGNet,26.963472366333008
7,33,64505,1,A01,2,0,EEGNet,26.963472366333008
7,34,66596,3,A01,3,1,EEGNet,26.963472366333008
7,35,68639,1,A01,2,0,EEGNet,26.963472366333008
7,36,70703,4,A01,3,0,EEGNet,26.963472366333008
7,37,72723,1,A01,2,0,EEGNet,26.963472366333008
7,38,74695,3,A01,3,1,EEGNet,26.963472366333008
7,39,76658,1,A01,2,0,EEGNet,26.963472366333008
7,40,78583,2,A01,3,0,EEGNet,26.963472366333008
7,41,80664,3,A01,4,0,EEGNet,26.963472366333008
7,42,82642,3,A01,3,1,EEGNet,26.963472366333008
7,43,84632,4,A01,4,1,EEGNet,26.963472366333008
7,44,86751,1,A01,2,0,EEGNet,26.963472366333008
7,45,88657,2,A01,3,0,EEGNet,26.963472366333008
7,46,90585,4,A01,4,1,EEGNet,26.963472366333008
7,47,92699,2,A01,2,1,EEGNet,26.963472366333008
7,48,94758,3,A01,4,0,EEGNet,26.963472366333008
8,1,251,3,A01,2,0,EEGNet,26.963472366333008
8,2,2254,1,A01,1,1,EEGNet,26.963472366333008
8,3,4172,4,A01,4,1,EEGNet,26.963472366333008
8,4,6124,2,A01,2,1,EEGNet,26.963472366333008
8,5,8132,4,A01,4,1,EEGNet,26.963472366333008
8,6,10243,1,A01,2,0,EEGNet,26.963472366333008
8,7,12160,1,A01,1,1,EEGNet,26.963472366333008
8,8,14210,3,A01,3,1,EEGNet,26.963472366333008
8,9,16141,3,A01,4,0,EEGNet,26.963472366333008
8,10,18139,2,A01,2,1,EEGNet,26.963472366333008
8,11,20045,4,A01,4,1,EEGNet,26.963472366333008
8,12,21940,2,A01,2,1,EEGNet,26.963472366333008
8,13,23912,2,A01,2,1,EEGNet,26.963472366333008
8,14,25856,1,A01,2,0,EEGNet,26.963472366333008
8,15,27823,2,A01,2,1,EEGNet,26.963472366333008
8,16,29943,4,A01,4,1,EEGNet,26.963472366333008
8,17,31951,4,A01,3,0,EEGNet,26.963472366333008
8,18,34017,2,A01,2,1,EEGNet,26.963472366333008
8,19,36053,2,A01,2,1,EEGNet,26.963472366333008
8,20,38119,2,A01,2,1,EEGNet,26.963472366333008
8,21,40189,2,A01,2,1,EEGNet,26.963472366333008
8,22,42269,4,A01,4,1,EEGNet,26.963472366333008
8,23,44181,4,A01,4,1,EEGNet,26.963472366333008
8,24,46212,3,A01,3,1,EEGNet,26.963472366333008
8,25,48165,4,A01,4,1,EEGNet,26.963472366333008
8,26,50126,1,A01,2,0,EEGNet,26.963472366333008
8,27,52230,2,A01,2,1,EEGNet,26.963472366333008
8,28,54234,3,A01,4,0,EEGNet,26.963472366333008
8,29,56209,2,A01,2,1,EEGNet,26.963472366333008
8,30,58235,1,A01,2,0,EEGNet,26.963472366333008
8,31,60306,4,A01,4,1,EEGNet,26.963472366333008
8,32,62413,1,A01,1,1,EEGNet,26.963472366333008
8,33,64505,4,A01,3,0,EEGNet,26.963472366333008
8,34,66596,1,A01,2,0,EEGNet,26.963472366333008
8,35,68639,1,A01,2,0,EEGNet,26.963472366333008
8,36,70703,1,A01,1,1,EEGNet,26.963472366333008
8,37,72723,1,A01,2,0,EEGNet,26.963472366333008
8,38,74695,3,A01,4,0,EEGNet,26.963472366333008
8,39,76658,3,A01,4,0,EEGNet,26.963472366333008
8,40,78583,4,A01,3,0,EEGNet,26.963472366333008
8,41,80664,2,A01,2,1,EEGNet,26.963472366333008
8,42,82642,3,A01,4,0,EEGNet,26.963472366333008
8,43,84632,3,A01,4,0,EEGNet,26.963472366333008
8,44,86751,3,A01,4,0,EEGNet,26.963472366333008
8,45,88657,4,A01,4,1,EEGNet,26.963472366333008
8,46,90585,3,A01,2,0,EEGNet,26.963472366333008
8,47,92699,1,A01,2,0,EEGNet,26.963472366333008
8,48,94758,3,A01,4,0,EEGNet,26.963472366333008
3,1,251,1,A02,1,1,EEGNet,26.841163635253906
3,2,2254,2,A02,2,1,EEGNet,26.841163635253906
3,3,4172,2,A02,2,1,EEGNet,26.841163635253906
3,4,6124,1,A02,3,0,EEGNet,26.841163635253906
3,5,8132,2,A02,1,0,EEGNet,26.841163635253906
3,6,10243,1,A02,2,0,EEGNet,26.841163635253906
3,7,12160,2,A02,2,1,EEGNet,26.841163635253906
3,8,14210,3,A02,3,1,EEGNet,26.841163635253906
3,9,16141,2,A02,1,0,EEGNet,26.841163635253906
3,10,18139,4,A02,4,1,EEGNet,26.841163635253906
3,11,20045,1,A02,2,0,EEGNet,26.841163635253906
3,12,21940,3,A02,1,0,EEGNet,26.841163635253906
3,13,23912,2,A02,2,1,EEGNet,26.841163635253906
3,14,25856,1,A02,1,1,EEGNet,26.841163635253906
3,15,27823,4,A02,1,0,EEGNet,26.841163635253906
3,16,29943,4,A02,1,0,EEGNet,26.841163635253906
3,17,31951,4,A02,3,0,EEGNet,26.841163635253906
3,18,34017,4,A02,2,0,EEGNet,26.841163635253906
3,19,36053,4,A02,4,1,EEGNet,26.841163635253906
3,20,38119,1,A02,2,0,EEGNet,26.841163635253906
3,21,40189,3,A02,3,1,EEGNet,26.841163635253906
3,22,42269,2,A02,1,0,EEGNet,26.841163635253906
3,23,44181,1,A02,4,0,EEGNet,26.841163635253906
3,24,46212,1,A02,1,1,EEGNet,26.841163635253906
3,25,48165,3,A02,3,1,EEGNet,26.841163635253906
3,26,50126,4,A02,4,1,EEGNet,26.841163635253906
3,27,52230,1,A02,1,1,EEGNet,26.841163635253906
3,28,54234,3,A02,3,1,EEGNet,26.841163635253906
3,29,56209,3,A02,2,0,EEGNet,26.841163635253906
3,30,58235,3,A02,3,1,EEGNet,26.841163635253906
3,31,60306,1,A02,4,0,EEGNet,26.841163635253906
3,32,62413,2,A02,3,0,EEGNet,26.841163635253906
3,33,64505,1,A02,2,0,EEGNet,26.841163635253906
3,35,68639,2,A02,2,1,EEGNet,26.841163635253906
3,36,70703,1,A02,2,0,EEGNet,26.841163635253906
3,37,72723,2,A02,3,0,EEGNet,26.841163635253906
3,39,76658,2,A02,2,1,EEGNet,26.841163635253906
3,40,78583,3,A02,4,0,EEGNet,26.841163635253906
3,41,80664,3,A02,3,1,EEGNet,26.841163635253906
3,42,82642,4,A02,2,0,EEGNet,26.841163635253906
3,43,84632,3,A02,3,1,EEGNet,26.841163635253906
3,44,86751,3,A02,3,1,EEGNet,26.841163635253906
3,45,88657,4,A02,4,1,EEGNet,26.841163635253906
3,46,90585,4,A02,3,0,EEGNet,26.841163635253906
3,47,92699,4,A02,2,0,EEGNet,26.841163635253906
3,48,94758,4,A02,2,0,EEGNet,26.841163635253906
4,1,251,4,A02,1,0,EEGNet,26.841163635253906
4,3,4172,2,A02,1,0,EEGNet,26.841163635253906
4,4,6124,1,A02,2,0,EEGNet,26.841163635253906
4,5,8132,1,A02,2,0,EEGNet,26.841163635253906
4,6,10243,2,A02,1,0,EEGNet,26.841163635253906
4,7,12160,3,A02,2,0,EEGNet,26.841163635253906
4,8,14210,4,A02,1,0,EEGNet,26.841163635253906
4,9,16141,2,A02,2,1,EEGNet,26.841163635253906
4,10,18139,3,A02,1,0,EEGNet,26.841163635253906
4,11,20045,1,A02,2,0,EEGNet,26.841163635253906
4,12,21940,1,A02,1,1,EEGNet,26.841163635253906
4,13,23912,1,A02,2,0,EEGNet,26.841163635253906
4,14,25856,4,A02,1,0,EEGNet,26.841163635253906
4,15,27823,2,A02,1,0,EEGNet,26.841163635253906
4,16,29943,2,A02,1,0,EEGNet,26.841163635253906
4,17,31951,1,A02,1,1,EEGNet,26.841163635253906
4,18,34017,1,A02,1,1,EEGNet,26.841163635253906
4,19,36053,3,A02,2,0,EEGNet,26.841163635253906
4,20,38119,1,A02,2,0,EEGNet,26.841163635253906
4,21,40189,2,A02,1,0,EEGNet,26.841163635253906
4,22,42269,4,A02,4,1,EEGNet,26.841163635253906
4,23,44181,4,A02,2,0,EEGNet,26.841163635253906
4,24,46212,3,A02,1,0,EEGNet,26.841163635253906
4,25,48165,1,A02,1,1,EEGNet,26.841163635253906
4,26,50126,4,A02,2,0,EEGNet,26.841163635253906
4,27,52230,4,A02,2,0,EEGNet,26.841163635253906
4,28,54234,2,A02,2,1,EEGNet,26.841163635253906
4,29,56209,4,A02,2,0,EEGNet,26.841163635253906
4,30,58235,4,A02,1,0,EEGNet,26.841163635253906
4,31,60306,2,A02,1,0,EEGNet,26.841163635253906
4,32,62413,1,A02,1,1,EEGNet,26.841163635253906
4,33,64505,2,A02,2,1,EEGNet,26.841163635253906
4,34,66596,3,A02,1,0,EEGNet,26.841163635253906
4,35,68639,3,A02,2,0,EEGNet,26.841163635253906
4,36,70703,3,A02,1,0,EEGNet,26.841163635253906
4,37,72723,4,A02,2,0,EEGNet,26.841163635253906
4,38,74695,3,A02,1,0,EEGNet,26.841163635253906
4,39,76658,1,A02,1,1,EEGNet,26.841163635253906
4,40,78583,4,A02,1,0,EEGNet,26.841163635253906
4,41,80664,2,A02,3,0,EEGNet,26.841163635253906
4,42,82642,3,A02,3,1,EEGNet,26.841163635253906
4,43,84632,2,A02,2,1,EEGNet,26.841163635253906
4,44,86751,3,A02,3,1,EEGNet,26.841163635253906
4,45,88657,4,A02,2,0,EEGNet,26.841163635253906
4,46,90585,2,A02,2,1,EEGNet,26.841163635253906
4,47,92699,3,A02,1,0,EEGNet,26.841163635253906
4,48,94758,1,A02,4,0,EEGNet,26.841163635253906
5,2,2254,1,A02,2,0,EEGNet,26.841163635253906
5,3,4172,4,A02,2,0,EEGNet,26.841163635253906
5,4,6124,2,A02,1,0,EEGNet,26.841163635253906
5,5,8132,1,A02,2,0,EEGNet,26.841163635253906
5,6,10243,3,A02,2,0,EEGNet,26.841163635253906
5,7,12160,1,A02,1,1,EEGNet,26.841163635253906
5,8,14210,3,A02,1,0,EEGNet,26.841163635253906
5,9,16141,2,A02,1,0,EEGNet,26.841163635253906
5,10,18139,4,A02,1,0,EEGNet,26.841163635253906
5,11,20045,1,A02,1,1,EEGNet,26.841163635253906
5,12,21940,3,A02,1,0,EEGNet,26.841163635253906
5,13,23912,3,A02,1,0,EEGNet,26.841163635253906
5,14,25856,1,A02,2,0,EEGNet,26.841163635253906
5,15,27823,3,A02,1,0,EEGNet,26.841163635253906
5,16,29943,2,A02,2,1,EEGNet,26.841163635253906
5,17,31951,4,A02,2,0,EEGNet,26.841163635253906
5,18,34017,4,A02,1,0,EEGNet,26.841163635253906
5,19,36053,4,A02,1,0,EEGNet,26.841163635253906
5,20,38119,3,A02,1,0,EEGNet,26.841163635253906
5,21,40189,1,A02,2,0,EEGNet,26.841163635253906
5,22,42269,4,A02,1,0,EEGNet,26.841163635253906
5,23,44181,2,A02,1,0,EEGNet,26.841163635253906
5,24,46212,4,A02,2,0,EEGNet,26.841163635253906
5,25,48165,2,A02,2,1,EEGNet,26.841163635253906
5,26,50126,1,A02,2,0,EEGNet,26.841163635253906
5,27,52230,3,A02,2,0,EEGNet,26.841163635253906
5,28,54234,2,A02,2,1,EEGNet,26.841163635253906
5,29,56209,1,A02,1,1,EEGNet,26.841163635253906
5,30,58235,3,A02,2,0,EEGNet,26.841163635253906
5,31,60306,3,A02,2,0,EEGNet,26.841163635253906
5,32,62413,1,A02,2,0,EEGNet,26.841163635253906
5,33,64505,3,A02,2,0,EEGNet,26.841163635253906
5,34,66596,4,A02,2,0,EEGNet,26.841163635253906
5,35,68639,4,A02,3,0,EEGNet,26.841163635253906
5,36,70703,2,A02,4,0,EEGNet,26.841163635253906
5,37,72723,1,A02,4,0,EEGNet,26.841163635253906
5,38,74695,2,A02,2,1,EEGNet,26.841163635253906
5,39,76658,4,A02,2,0,EEGNet,26.841163635253906
5,40,78583,2,A02,1,0,EEGNet,26.841163635253906
5,41,80664,4,A02,1,0,EEGNet,26.841163635253906
5,42,82642,3,A02,1,0,EEGNet,26.841163635253906
5,43,84632,2,A02,1,0,EEGNet,26.841163635253906
5,44,86751,2,A02,1,0,EEGNet,26.841163635253906
5,45,88657,2,A02,2,1,EEGNet,26.841163635253906
5,46,90585,3,A02,3,1,EEGNet,26.841163635253906
5,47,92699,4,A02,1,0,EEGNet,26.841163635253906
5,48,94758,1,A02,1,1,EEGNet,26.841163635253906
6,1,251,2,A02,2,1,EEGNet,26.841163635253906
6,2,2254,4,A02,2,0,EEGNet,26.841163635253906
6,3,4172,1,A02,1,1,EEGNet,26.841163635253906
6,4,6124,3,A02,2,0,EEGNet,26.841163635253906
6,5,8132,3,A02,1,0,EEGNet,26.841163635253906
6,6,10243,4,A02,1,0,EEGNet,26.841163635253906
6,7,12160,1,A02,1,1,EEGNet,26.841163635253906
6,8,14210,1,A02,1,1,EEGNet,26.841163635253906
6,9,16141,3,A02,3,1,EEGNet,26.841163635253906
6,10,18139,2,A02,2,1,EEGNet,26.841163635253906
6,11,20045,4,A02,1,0,EEGNet,26.841163635253906
6,12,21940,4,A02,1,0,EEGNet,26.841163635253906
6,13,23912,4,A02,1,0,EEGNet,26.841163635253906
6,14,25856,2,A02,2,1,EEGNet,26.841163635253906
6,15,27823,1,A02,2,0,EEGNet,26.841163635253906
6,16,29943,3,A02,4,0,EEGNet,26.841163635253906
6,17,31951,2,A02,2,1,EEGNet,26.841163635253906
6,18,34017,4,A02,3,0,EEGNet,26.841163635253906
6,19,36053,1,A02,1,1,EEGNet,26.841163635253906
6,20,38119,4,A02,4,1,EEGNet,26.841163635253906
6,21,40189,3,A02,3,1,EEGNet,26.841163635253906
6,22,42269,2,A02,1,0,EEGNet,26.841163635253906
6,23,44181,4,A02,2,0,EEGNet,26.841163635253906
6,24,46212,4,A02,4,1,EEGNet,26.841163635253906
6,25,48165,1,A02,1,1,EEGNet,26.841163635253906
6,26,50126,2,A02,1,0,EEGNet,26.841163635253906
6,27,52230,2,A02,4,0,EEGNet,26.841163635253906
6,28,54234,3,A02,3,1,EEGNet,26.841163635253906
6,29,56209,4,A02,4,1,EEGNet,26.841163635253906
6,30,58235,2,A02,1,0,EEGNet,26.841163635253906
6,31,60306,1,A02,4,0,EEGNet,26.841163635253906
6,32,62413,1,A02,1,1,EEGNet,26.841163635253906
6,33,64505,4,A02,1,0,EEGNet,26.841163635253906
6,34,66596,2,A02,3,0,EEGNet,26.841163635253906
6,35,68639,1,A02,3,0,EEGNet,26.841163635253906
6,36,70703,3,A02,3,1,EEGNet,26.841163635253906
6,37,72723,2,A02,2,1,EEGNet,26.841163635253906
6,38,74695,2,A02,2,1,EEGNet,26.841163635253906
6,39,76658,3,A02,3,1,EEGNet,26.841163635253906
6,40,78583,1,A02,2,0,EEGNet,26.841163635253906
6,41,80664,4,A02,4,1,EEGNet,26.841163635253906
6,42,82642,3,A02,4,0,EEGNet,26.841163635253906
6,43,84632,3,A02,2,0,EEGNet,26.841163635253906
6,44,86751,3,A02,2,0,EEGNet,26.841163635253906
6,45,88657,3,A02,1,0,EEGNet,26.841163635253906
6,46,90585,1,A02,1,1,EEGNet,26.841163635253906
6,47,92699,2,A02,4,0,EEGNet,26.841163635253906
6,48,94758,1,A02,3,0,EEGNet,26.841163635253906
7,1,251,2,A02,2,1,EEGNet,26.841163635253906
7,2,2254,1,A02,1,1,EEGNet,26.841163635253906
7,3,4172,1,A02,1,1,EEGNet,26.841163635253906
7,4,6124,3,A02,2,0,EEGNet,26.841163635253906
7,5,8132,3,A02,1,0,EEGNet,26.841163635253906
7,6,10243,2,A02,2,1,EEGNet,26.841163635253906
7,7,12160,3,A02,2,0,EEGNet,26.841163635253906
7,8,14210,4,A02,2,0,EEGNet,26.841163635253906
7,9,16141,1,A02,2,0,EEGNet,26.841163635253906
7,10,18139,4,A02,4,1,EEGNet,26.841163635253906
7,11,20045,1,A02,1,1,EEGNet,26.841163635253906
7,12,21940,1,A02,1,1,EEGNet,26.841163635253906
7,13,23912,2,A02,1,0,EEGNet,26.841163635253906
7,14,25856,4,A02,1,0,EEGNet,26.841163635253906
7,15,27823,3,A02,2,0,EEGNet,26.841163635253906
7,16,29943,2,A02,1,0,EEGNet,26.841163635253906
7,17,31951,4,A02,1,0,EEGNet,26.841163635253906
7,18,34017,3,A02,2,0,EEGNet,26.841163635253906
7,19,36053,4,A02,3,0,EEGNet,26.841163635253906
7,20,38119,3,A02,3,1,EEGNet,26.841163635253906
7,21,40189,4,A02,1,0,EEGNet,26.841163635253906
7,22,42269,2,A02,4,0,EEGNet,26.841163635253906
7,23,44181,2,A02,2,1,EEGNet,26.841163635253906
7,24,46212,4,A02,4,1,EEGNet,26.841163635253906
7,25,48165,1,A02,2,0,EEGNet,26.841163635253906
7,26,50126,2,A02,2,1,EEGNet,26.841163635253906
7,27,52230,2,A02,2,1,EEGNet,26.841163635253906
7,28,54234,2,A02,2,1,EEGNet,26.841163635253906
7,29,56209,3,A02,4,0,EEGNet,26.841163635253906
7,30,58235,4,A02,2,0,EEGNet,26.841163635253906
7,31,60306,1,A02,2,0,EEGNet,26.841163635253906
7,32,62413,4,A02,2,0,EEGNet,26.841163635253906
7,33,64505,1,A02,1,1,EEGNet,26.841163635253906
7,34,66596,3,A02,2,0,EEGNet,26.841163635253906
7,35,68639,1,A02,1,1,EEGNet,26.841163635253906
7,36,70703,4,A02,2,0,EEGNet,26.841163635253906
7,37,72723,1,A02,2,0,EEGNet,26.841163635253906
7,38,74695,3,A02,1,0,EEGNet,26.841163635253906
7,39,76658,1,A02,2,0,EEGNet,26.841163635253906
7,40,78583,2,A02,2,1,EEGNet,26.841163635253906
7,41,80664,3,A02,1,0,EEGNet,26.841163635253906
7,42,82642,3,A02,2,0,EEGNet,26.841163635253906
7,43,84632,4,A02,2,0,EEGNet,26.841163635253906
7,44,86751,1,A02,2,0,EEGNet,26.841163635253906
7,45,88657,2,A02,1,0,EEGNet,26.841163635253906
7,46,90585,4,A02,2,0,EEGNet,26.841163635253906
7,47,92699,2,A02,2,1,EEGNet,26.841163635253906
7,48,94758,3,A02,1,0,EEGNet,26.841163635253906
8,1,251,3,A02,1,0,EEGNet,26.841163635253906
8,2,2254,1,A02,2,0,EEGNet,26.841163635253906
8,3,4172,4,A02,2,0,EEGNet,26.841163635253906
8,4,6124,2,A02,2,1,EEGNet,26.841163635253906
8,5,8132,4,A02,1,0,EEGNet,26.841163635253906
8,6,10243,1,A02,3,0,EEGNet,26.841163635253906
8,7,12160,1,A02,1,1,EEGNet,26.841163635253906
8,8,14210,3,A02,2,0,EEGNet,26.841163635253906
8,9,16141,3,A02,2,0,EEGNet,26.841163635253906
8,10,18139,2,A02,1,0,EEGNet,26.841163635253906
8,11,20045,4,A02,4,1,EEGNet,26.841163635253906
8,12,21940,2,A02,2,1,EEGNet,26.841163635253906
8,13,23912,2,A02,3,0,EEGNet,26.841163635253906
8,14,25856,1,A02,1,1,EEGNet,26.841163635253906
8,15,27823,2,A02,2,1,EEGNet,26.841163635253906
8,16,29943,4,A02,2,0,EEGNet,26.841163635253906
8,17,31951,4,A02,3,0,EEGNet,26.841163635253906
8,18,34017,2,A02,2,1,EEGNet,26.841163635253906
8,19,36053,2,A02,2,1,EEGNet,26.841163635253906
8,20,38119,2,A02,3,0,EEGNet,26.841163635253906
8,21,40189,2,A02,2,1,EEGNet,26.841163635253906
8,22,42269,4,A02,2,0,EEGNet,26.841163635253906
8,23,44181,4,A02,2,0,EEGNet,26.841163635253906
8,24,46212,3,A02,4,0,EEGNet,26.841163635253906
8,25,48165,4,A02,3,0,EEGNet,26.841163635253906
8,26,50126,1,A02,4,0,EEGNet,26.841163635253906
8,27,52230,2,A02,4,0,EEGNet,26.841163635253906
8,28,54234,3,A02,3,1,EEGNet,26.841163635253906
8,29,56209,2,A02,4,0,EEGNet,26.841163635253906
8,30,58235,1,A02,1,1,EEGNet,26.841163635253906
8,31,60306,4,A02,2,0,EEGNet,26.841163635253906
8,32,62413,1,A02,3,0,EEGNet,26.841163635253906
8,33,64505,4,A02,2,0,EEGNet,26.841163635253906
8,34,66596,1,A02,3,0,EEGNet,26.841163635253906
8,35,68639,1,A02,4,0,EEGNet,26.841163635253906
8,36,70703,1,A02,2,0,EEGNet,26.841163635253906
8,37,72723,1,A02,2,0,EEGNet,26.841163635253906
8,38,74695,3,A02,4,0,EEGNet,26.841163635253906
8,40,78583,4,A02,4,1,EEGNet,26.841163635253906
8,41,80664,2,A02,3,0,EEGNet,26.841163635253906
8,42,82642,3,A02,3,1,EEGNet,26.841163635253906
8,43,84632,3,A02,3,1,EEGNet,26.841163635253906
8,44,86751,3,A02,3,1,EEGNet,26.841163635253906
8,45,88657,4,A02,1,0,EEGNet,26.841163635253906
8,46,90585,3,A02,3,1,EEGNet,26.841163635253906
8,47,92699,1,A02,4,0,EEGNet,26.841163635253906
8,48,94758,3,A02,3,1,EEGNet,26.841163635253906
3,1,251,1,A03,1,1,EEGNet,26.765108108520508
3,2,2254,2,A03,2,1,EEGNet,26.765108108520508
3,4,6124,1,A03,1,1,EEGNet,26.765108108520508
3,5,8132,2,A03,3,0,EEGNet,26.765108108520508
3,6,10243,1,A03,1,1,EEGNet,26.765108108520508
3,7,12160,2,A03,2,1,EEGNet,26.765108108520508
3,8,14210,3,A03,1,0,EEGNet,26.765108108520508
3,9,16141,2,A03,2,1,EEGNet,26.765108108520508
3,10,18139,4,A03,3,0,EEGNet,26.765108108520508
3,12,21940,3,A03,3,1,EEGNet,26.765108108520508
3,13,23912,2,A03,2,1,EEGNet,26.765108108520508
3,14,25856,1,A03,3,0,EEGNet,26.765108108520508
3,15,27823,4,A03,4,1,EEGNet,26.765108108520508
3,16,29943,4,A03,4,1,EEGNet,26.765108108520508
3,17,31951,4,A03,4,1,EEGNet,26.765108108520508
3,18,34017,4,A03,4,1,EEGNet,26.765108108520508
3,19,36053,4,A03,2,0,EEGNet,26.765108108520508
3,20,38119,1,A03,1,1,EEGNet,26.765108108520508
3,21,40189,3,A03,2,0,EEGNet,26.765108108520508
3,22,42269,2,A03,2,1,EEGNet,26.765108108520508
3,23,44181,1,A03,1,1,EEGNet,26.765108108520508
3,24,46212,1,A03,2,0,EEGNet,26.765108108520508
3,25,48165,3,A03,2,0,EEGNet,26.765108108520508
3,26,50126,4,A03,4,1,EEGNet,26.765108108520508
3,27,52230,1,A03,1,1,EEGNet,26.765108108520508
3,28,54234,3,A03,3,1,EEGNet,26.765108108520508
3,29,56209,3,A03,3,1,EEGNet,26.765108108520508
3,30,58235,3,A03,2,0,EEGNet,26.765108108520508
3,31,60306,1,A03,3,0,EEGNet,26.765108108520508
3,32,62413,2,A03,2,1,EEGNet,26.765108108520508
3,33,64505,1,A03,1,1,EEGNet,26.765108108520508
3,34,66596,2,A03,1,0,EEGNet,26.765108108520508
3,35,68639,2,A03,2,1,EEGNet,26.765108108520508
3,36,70703,1,A03,1,1,EEGNet,26.765108108520508
3,37,72723,2,A03,2,1,EEGNet,26.765108108520508
3,38,74695,3,A03,3,1,EEGNet,26.765108108520508
3,39,76658,2,A03,3,0,EEGNet,26.765108108520508
3,40,78583,3,A03,3,1,EEGNet,26.765108108520508
3,41,80664,3,A03,2,0,EEGNet,26.765108108520508
3,42,82642,4,A03,4,1,EEGNet,26.765108108520508
3,43,84632,3,A03,3,1,EEGNet,26.765108108520508
3,44,86751,3,A03,3,1,EEGNet,26.765108108520508
3,45,88657,4,A03,4,1,EEGNet,26.765108108520508
3,46,90585,4,A03,4,1,EEGNet,26.765108108520508
3,47,92699,4,A03,4,1,EEGNet,26.765108108520508
3,48,94758,4,A03,4,1,EEGNet,26.765108108520508
4,1,251,4,A03,1,0,EEGNet,26.765108108520508
4,2,2254,3,A03,1,0,EEGNet,26.765108108520508
4,3,4172,2,A03,2,1,EEGNet,26.765108108520508
4,4,6124,1,A03,1,1,EEGNet,26.765108108520508
4,6,10243,2,A03,2,1,EEGNet,26.765108108520508
4,7,12160,3,A03,1,0,EEGNet,26.765108108520508
4,9,16141,2,A03,2,1,EEGNet,26.765108108520508
4,10,18139,3,A03,1,0,EEGNet,26.765108108520508
4,11,20045,1,A03,1,1,EEGNet,26.765108108520508
4,12,21940,1,A03,1,1,EEGNet,26.765108108520508
4,13,23912,1,A03,1,1,EEGNet,26.765108108520508
4,14,25856,4,A03,4,1,EEGNet,26.765108108520508
4,15,27823,2,A03,2,1,EEGNet,26.765108108520508
4,16,29943,2,A03,2,1,EEGNet,26.765108108520508
4,17,31951,1,A03,2,0,EEGNet,26.765108108520508
4,18,34017,1,A03,1,1,EEGNet,26.765108108520508
4,19,36053,3,A03,2,0,EEGNet,26.765108108520508
4,20,38119,1,A03,1,1,EEGNet,26.765108108520508
4,21,40189,2,A03,2,1,EEGNet,26.765108108520508
4,22,42269,4,A03,2,0,EEGNet,26.765108108520508
4,23,44181,4,A03,3,0,EEGNet,26.765108108520508
4,24,46212,3,A03,1,0,EEGNet,26.765108108520508
4,25,48165,1,A03,1,1,EEGNet,26.765108108520508
4,26,50126,4,A03,4,1,EEGNet,26.765108108520508
4,27,52230,4,A03,4,1,EEGNet,26.765108108520508
4,28,54234,2,A03,2,1,EEGNet,26.765108108520508
4,29,56209,4,A03,4,1,EEGNet,26.765108108520508
4,30,58235,4,A03,4,1,EEGNet,26.765108108520508
4,31,60306,2,A03,2,1,EEGNet,26.765108108520508
4,32,62413,1,A03,1,1,EEGNet,26.765108108520508
4,33,64505,2,A03,2,1,EEGNet,26.765108108520508
4,34,66596,3,A03,2,0,EEGNet,26.765108108520508
4,35,68639,3,A03,1,0,EEGNet,26.765108108520508
4,36,70703,3,A03,3,1,EEGNet,26.765108108520508
4,37,72723,4,A03,4,1,EEGNet,26.765108108520508
4,38,74695,3,A03,4,0,EEGNet,26.765108108520508
4,39,76658,1,A03,1,1,EEGNet,26.765108108520508
4,40,78583,4,A03,4,1,EEGNet,26.765108108520508
4,41,80664,2,A03,2,1,EEGNet,26.765108108520508
4,43,84632,2,A03,3,0,EEGNet,26.765108108520508
4,46,90585,2,A03,3,0,EEGNet,26.765108108520508
4,47,92699,3,A03,2,0,EEGNet,26.765108108520508
4,48,94758,1,A03,1,1,EEGNet,26.765108108520508
5,1,251,1,A03,1,1,EEGNet,26.765108108520508
5,2,2254,1,A03,1,1,EEGNet,26.765108108520508
5,3,4172,4,A03,3,0,EEGNet,26.765108108520508
5,4,6124,2,A03,2,1,EEGNet,26.765108108520508
5,5,8132,1,A03,1,1,EEGNet,26.765108108520508
5,6,10243,3,A03,4,0,EEGNet,26.765108108520508
5,7,12160,1,A03,1,1,EEGNet,26.765108108520508
5,8,14210,3,A03,3,1,EEGNet,26.765108108520508
5,9,16141,2,A03,2,1,EEGNet,26.765108108520508
5,10,18139,4,A03,4,1,EEGNet,26.765108108520508
5,11,20045,1,A03,3,0,EEGNet,26.765108108520508
5,12,21940,3,A03,2,0,EEGNet,26.765108108520508
5,13,23912,3,A03,4,0,EEGNet,26.765108108520508
5,14,25856,1,A03,1,1,EEGNet,26.765108108520508
5,15,27823,3,A03,4,0,EEGNet,26.765108108520508
5,16,29943,2,A03,2,1,EEGNet,26.765108108520508
5,17,31951,4,A03,4,1,EEGNet,26.765108108520508
5,18,34017,4,A03,4,1,EEGNet,26.765108108520508
5,19,36053,4,A03,4,1,EEGNet,26.765108108520508
5,20,38119,3,A03,2,0,EEGNet,26.765108108520508
5,21,40189,1,A03,2,0,EEGNet,26.765108108520508
5,22,42269,4,A03,3,0,EEGNet,26.765108108520508
5,23,44181,2,A03,2,1,EEGNet,26.765108108520508
5,24,46212,4,A03,3,0,EEGNet,26.765108108520508
5,25,48165,2,A03,2,1,EEGNet,26.765108108520508
5,26,50126,1,A03,1,1,EEGNet,26.765108108520508
5,27,52230,3,A03,2,0,EEGNet,26.765108108520508
5,28,54234,2,A03,2,1,EEGNet,26.765108108520508
5,29,56209,1,A03,1,1,EEGNet,26.765108108520508
5,30,58235,3,A03,3,1,EEGNet,26.765108108520508
5,31,60306,3,A03,2,0,EEGNet,26.765108108520508
5,32,62413,1,A03,1,1,EEGNet,26.765108108520508
5,33,64505,3,A03,1,0,EEGNet,26.765108108520508
5,34,66596,4,A03,1,0,EEGNet,26.765108108520508
5,35,68639,4,A03,4,1,EEGNet,26.765108108520508
5,36,70703,2,A03,2,1,EEGNet,26.765108108520508
5,37,72723,1,A03,2,0,EEGNet,26.765108108520508
5,38,74695,2,A03,2,1,EEGNet,26.765108108520508
5,39,76658,4,A03,3,0,EEGNet,26.765108108520508
5,40,78583,2,A03,2,1,EEGNet,26.765108108520508
5,41,80664,4,A03,3,0,EEGNet,26.765108108520508
5,42,82642,3,A03,1,0,EEGNet,26.765108108520508
5,43,84632,2,A03,1,0,EEGNet,26.765108108520508
5,44,86751,2,A03,2,1,EEGNet,26.765108108520508
5,45,88657,2,A03,2,1,EEGNet,26.765108108520508
5,46,90585,3,A03,3,1,EEGNet,26.765108108520508
5,47,92699,4,A03,4,1,EEGNet,26.765108108520508
5,48,94758,1,A03,2,0,EEGNet,26.765108108520508
6,1,251,2,A03,1,0,EEGNet,26.765108108520508
6,2,2254,4,A03,3,0,EEGNet,26.765108108520508
6,3,4172,1,A03,1,1,EEGNet,26.765108108520508
6,4,6124,3,A03,1,0,EEGNet,26.765108108520508
6,5,8132,3,A03,3,1,EEGNet,26.765108108520508
6,6,10243,4,A03,4,1,EEGNet,26.765108108520508
6,7,12160,1,A03,1,1,EEGNet,26.765108108520508
6,8,14210,1,A03,1,1,EEGNet,26.765108108520508
6,9,16141,3,A03,2,0,EEGNet,26.765108108520508
6,10,18139,2,A03,2,1,EEGNet,26.765108108520508
6,11,20045,4,A03,4,1,EEGNet,26.765108108520508
6,12,21940,4,A03,4,1,EEGNet,26.765108108520508
6,13,23912,4,A03,4,1,EEGNet,26.765108108520508
6,14,25856,2,A03,2,1,EEGNet,26.765108108520508
6,15,27823,1,A03,2,0,EEGNet,26.765108108520508
6,16,29943,3,A03,2,0,EEGNet,26.765108108520508
6,17,31951,2,A03,2,1,EEGNet,26.765108108520508
6,19,36053,1,A03,1,1,EEGNet,26.765108108520508
6,20,38119,4,A03,4,1,EEGNet,26.765108108520508
6,21,40189,3,A03,3,1,EEGNet,26.765108108520508
6,22,42269,2,A03,2,1,EEGNet,26.765108108520508
6,24,46212,4,A03,4,1,EEGNet,26.765108108520508
6,25,48165,1,A03,1,1,EEGNet,26.765108108520508
6,26,50126,2,A03,2,1,EEGNet,26.765108108520508
6,27,52230,2,A03,2,1,EEGNet,26.765108108520508
6,28,54234,3,A03,4,0,EEGNet,26.765108108520508
6,29,56209,4,A03,4,1,EEGNet,26.765108108520508
6,30,58235,2,A03,2,1,EEGNet,26.765108108520508
6,31,60306,1,A03,1,1,EEGNet,26.765108108520508
6,32,62413,1,A03,1,1,EEGNet,26.765108108520508
6,33,64505,4,A03,4,1,EEGNet,26.765108108520508
6,34,66596,2,A03,2,1,EEGNet,26.765108108520508
6,36,70703,3,A03,2,0,EEGNet,26.765108108520508
6,37,72723,2,A03,1,0,EEGNet,26.765108108520508
6,38,74695,2,A03,1,0,EEGNet,26.765108108520508
6,39,76658,3,A03,3,1,EEGNet,26.765108108520508
6,40,78583,1,A03,1,1,EEGNet,26.765108108520508
6,41,80664,4,A03,4,1,EEGNet,26.765108108520508
6,42,82642,3,A03,3,1,EEGNet,26.765108108520508
6,43,84632,3,A03,2,0,EEGNet,26.765108108520508
6,44,86751,3,A03,3,1,EEGNet,26.765108108520508
6,45,88657,3,A03,4,0,EEGNet,26.765108108520508
6,47,92699,2,A03,2,1,EEGNet,26.765108108520508
6,48,94758,1,A03,1,1,EEGNet,26.765108108520508
7,1,251,2,A03,1,0,EEGNet,26.765108108520508
7,2,2254,1,A03,1,1,EEGNet,26.765108108520508
7,3,4172,1,A03,1,1,EEGNet,26.765108108520508
7,4,6124,3,A03,1,0,EEGNet,26.765108108520508
7,5,8132,3,A03,1,0,EEGNet,26.765108108520508
7,6,10243,2,A03,2,1,EEGNet,26.765108108520508
7,7,12160,3,A03,3,1,EEGNet,26.765108108520508
7,8,14210,4,A03,4,1,EEGNet,26.765108108520508
7,9,16141,1,A03,2,0,EEGNet,26.765108108520508
7,10,18139,4,A03,4,1,EEGNet,26.765108108520508
7,11,20045,1,A03,1,1,EEGNet,26.765108108520508
7,12,21940,1,A03,1,1,EEGNet,26.765108108520508
7,13,23912,2,A03,2,1,EEGNet,26.765108108520508
7,14,25856,4,A03,1,0,EEGNet,26.765108108520508
7,15,27823,3,A03,2,0,EEGNet,26.765108108520508
7,16,29943,2,A03,2,1,EEGNet,26.765108108520508
7,17,31951,4,A03,3,0,EEGNet,26.765108108520508
7,18,34017,3,A03,4,0,EEGNet,26.765108108520508
7,19,36053,4,A03,2,0,EEGNet,26.765108108520508
7,20,38119,3,A03,3,1,EEGNet,26.765108108520508
7,21,40189,4,A03,4,1,EEGNet,26.765108108520508
7,22,42269,2,A03,2,1,EEGNet,26.765108108520508
7,23,44181,2,A03,2,1,EEGNet,26.765108108520508
7,24,46212,4,A03,1,0,EEGNet,26.765108108520508
7,25,48165,1,A03,2,0,EEGNet,26.765108108520508
7,26,50126,2,A03,2,1,EEGNet,26.765108108520508
7,27,52230,2,A03,4,0,EEGNet,26.765108108520508
7,28,54234,2,A03,3,0,EEGNet,26.765108108520508
7,29,56209,3,A03,2,0,EEGNet,26.765108108520508
7,30,58235,4,A03,4,1,EEGNet,26.765108108520508
7,31,60306,1,A03,1,1,EEGNet,26.765108108520508
7,32,62413,4,A03,4,1,EEGNet,26.765108108520508
7,33,64505,1,A03,1,1,EEGNet,26.765108108520508
7,34,66596,3,A03,1,0,EEGNet,26.765108108520508
7,35,68639,1,A03,1,1,EEGNet,26.765108108520508
7,36,70703,4,A03,4,1,EEGNet,26.765108108520508
7,37,72723,1,A03,1,1,EEGNet,26.765108108520508
7,38,74695,3,A03,2,0,EEGNet,26.765108108520508
7,39,76658,1,A03,1,1,EEGNet,26.765108108520508
7,40,78583,2,A03,2,1,EEGNet,26.765108108520508
7,41,80664,3,A03,2,0,EEGNet,26.765108108520508
7,42,82642,3,A03,3,1,EEGNet,26.765108108520508
7,43,84632,4,A03,4,1,EEGNet,26.765108108520508
7,44,86751,1,A03,1,1,EEGNet,26.765108108520508
7,45,88657,2,A03,2,1,EEGNet,26.765108108520508
7,46,90585,4,A03,4,1,EEGNet,26.765108108520508
7,47,92699,2,A03,2,1,EEGNet,26.765108108520508
7,48,94758,3,A03,2,0,EEGNet,26.765108108520508
8,1,251,3,A03,4,0,EEGNet,26.765108108520508
8,2,2254,1,A03,1,1,EEGNet,26.765108108520508
8,3,4172,4,A03,4,1,EEGNet,26.765108108520508
8,5,8132,4,A03,4,1,EEGNet,26.765108108520508
8,6,10243,1,A03,1,1,EEGNet,26.765108108520508
8,7,12160,1,A03,1,1,EEGNet,26.765108108520508
8,8,14210,3,A03,3,1,EEGNet,26.765108108520508
8,9,16141,3,A03,3,1,EEGNet,26.765108108520508
8,10,18139,2,A03,2,1,EEGNet,26.765108108520508
8,11,20045,4,A03,4,1,EEGNet,26.765108108520508
8,12,21940,2,A03,2,1,EEGNet,26.765108108520508
8,13,23912,2,A03,2,1,EEGNet,26.765108108520508
8,14,25856,1,A03,1,1,EEGNet,26.765108108520508
8,15,27823,2,A03,2,1,EEGNet,26.765108108520508
8,16,29943,4,A03,4,1,EEGNet,26.765108108520508
8,17,31951,4,A03,4,1,EEGNet,26.765108108520508
8,18,34017,2,A03,2,1,EEGNet,26.765108108520508
8,19,36053,2,A03,2,1,EEGNet,26.765108108520508
8,20,38119,2,A03,2,1,EEGNet,26.765108108520508
8,21,40189,2,A03,2,1,EEGNet,26.765108108520508
8,22,42269,4,A03,4,1,EEGNet,26.765108108520508
8,23,44181,4,A03,4,1,EEGNet,26.765108108520508
8,24,46212,3,A03,1,0,EEGNet,26.765108108520508
8,25,48165,4,A03,3,0,EEGNet,26.765108108520508
8,26,50126,1,A03,1,1,EEGNet,26.765108108520508
8,27,52230,2,A03,2,1,EEGNet,26.765108108520508
8,28,54234,3,A03,2,0,EEGNet,26.765108108520508
8,29,56209,2,A03,2,1,EEGNet,26.765108108520508
8,30,58235,1,A03,1,1,EEGNet,26.765108108520508
8,31,60306,4,A03,4,1,EEGNet,26.765108108520508
8,32,62413,1,A03,1,1,EEGNet,26.765108108520508
8,33,64505,4,A03,4,1,EEGNet,26.765108108520508
8,34,66596,1,A03,2,0,EEGNet,26.765108108520508
8,35,68639,1,A03,1,1,EEGNet,26.765108108520508
8,36,70703,1,A03,1,1,EEGNet,26.765108108520508
8,38,74695,3,A03,2,0,EEGNet,26.765108108520508
8,39,76658,3,A03,3,1,EEGNet,26.765108108520508
8,40,78583,4,A03,4,1,EEGNet,26.765108108520508
8,41,80664,2,A03,2,1,EEGNet,26.765108108520508
8,44,86751,3,A03,3,1,EEGNet,26.765108108520508
8,45,88657,4,A03,4,1,EEGNet,26.765108108520508
8,46,90585,3,A03,4,0,EEGNet,26.765108108520508
8,47,92699,1,A03,1,1,EEGNet,26.765108108520508
8,48,94758,3,A03,4,0,EEGNet,26.765108108520508
3,1,251,4,A04,4,1,EEGNet,22.551774978637695
3,2,2254,3,A04,3,1,EEGNet,22.551774978637695
3,3,4172,2,A04,2,1,EEGNet,22.551774978637695
3,4,6124,1,A04,2,0,EEGNet,22.551774978637695
3,5,8132,1,A04,2,0,EEGNet,22.551774978637695
3,6,10243,2,A04,3,0,EEGNet,22.551774978637695
3,7,12160,3,A04,4,0,EEGNet,22.551774978637695
3,9,16141,2,A04,2,1,EEGNet,22.551774978637695
3,11,20045,1,A04,1,1,EEGNet,22.551774978637695
3,12,21940,1,A04,2,0,EEGNet,22.551774978637695
3,13,23912,1,A04,1,1,EEGNet,22.551774978637695
3,15,27823,2,A04,2,1,EEGNet,22.551774978637695
3,16,29943,2,A04,2,1,EEGNet,22.551774978637695
3,17,31951,1,A04,2,0,EEGNet,22.551774978637695
3,18,34017,1,A04,1,1,EEGNet,22.551774978637695
3,19,36053,3,A04,4,0,EEGNet,22.551774978637695
3,20,38119,1,A04,2,0,EEGNet,22.551774978637695
3,21,40189,2,A04,1,0,EEGNet,22.551774978637695
3,22,42269,4,A04,3,0,EEGNet,22.551774978637695
3,23,44181,4,A04,3,0,EEGNet,22.551774978637695
3,26,50126,4,A04,1,0,EEGNet,22.551774978637695
3,28,54234,2,A04,1,0,EEGNet,22.551774978637695
3,29,56209,4,A04,1,0,EEGNet,22.551774978637695
3,31,60306,2,A04,1,0,EEGNet,22.551774978637695
3,35,68639,3,A04,3,1,EEGNet,22.551774978637695
3,36,70703,3,A04,2,0,EEGNet,22.551774978637695
3,38,74695,3,A04,4,0,EEGNet,22.551774978637695
3,39,76658,1,A04,2,0,EEGNet,22.551774978637695
3,40,78583,4,A04,4,1,EEGNet,22.551774978637695
3,41,80664,2,A04,3,0,EEGNet,22.551774978637695
3,42,82642,3,A04,3,1,EEGNet,22.551774978637695
3,44,86751,3,A04,3,1,EEGNet,22.551774978637695
3,46,90585,2,A04,2,1,EEGNet,22.551774978637695
3,47,92699,3,A04,3,1,EEGNet,22.551774978637695
3,48,94758,1,A04,3,0,EEGNet,22.551774978637695
4,1,251,1,A04,2,0,EEGNet,22.551774978637695
4,2,2254,1,A04,1,1,EEGNet,22.551774978637695
4,3,4172,4,A04,4,1,EEGNet,22.551774978637695
4,4,6124,2,A04,2,1,EEGNet,22.551774978637695
4,5,8132,1,A04,1,1,EEGNet,22.551774978637695
4,6,10243,3,A04,1,0,EEGNet,22.551774978637695
4,7,12160,1,A04,1,1,EEGNet,22.551774978637695
4,9,16141,2,A04,1,0,EEGNet,22.551774978637695
4,10,18139,4,A04,1,0,EEGNet,22.551774978637695
4,11,20045,1,A04,2,0,EEGNet,22.551774978637695
4,12,21940,3,A04,2,0,EEGNet,22.551774978637695
4,14,25856,1,A04,2,0,EEGNet,22.551774978637695
4,15,27823,3,A04,1,0,EEGNet,22.551774978637695
4,17,31951,4,A04,4,1,EEGNet,22.551774978637695
4,20,38119,3,A04,4,0,EEGNet,22.551774978637695
4,21,40189,1,A04,1,1,EEGNet,22.551774978637695
4,22,42269,4,A04,4,1,EEGNet,22.551774978637695
4,23,44181,2,A04,1,0,EEGNet,22.551774978637695
4,24,46212,4,A04,4,1,EEGNet,22.551774978637695
4,26,50126,1,A04,1,1,EEGNet,22.551774978637695
4,27,52230,3,A04,3,1,EEGNet,22.551774978637695
4,29,56209,1,A04,1,1,EEGNet,22.551774978637695
4,30,58235,3,A04,3,1,EEGNet,22.551774978637695
4,31,60306,3,A04,4,0,EEGNet,22.551774978637695
4,32,62413,1,A04,1,1,EEGNet,22.551774978637695
4,33,64505,3,A04,4,0,EEGNet,22.551774978637695
4,35,68639,4,A04,1,0,EEGNet,22.551774978637695
4,36,70703,2,A04,2,1,EEGNet,22.551774978637695
4,37,72723,1,A04,1,1,EEGNet,22.551774978637695
4,39,76658,4,A04,4,1,EEGNet,22.551774978637695
4,40,78583,2,A04,3,0,EEGNet,22.551774978637695
4,41,80664,4,A04,4,1,EEGNet,22.551774978637695
4,42,82642,3,A04,3,1,EEGNet,22.551774978637695
4,43,84632,2,A04,1,0,EEGNet,22.551774978637695
4,44,86751,2,A04,3,0,EEGNet,22.551774978637695
4,45,88657,2,A04,2,1,EEGNet,22.551774978637695
4,48,94758,1,A04,2,0,EEGNet,22.551774978637695
5,1,251,2,A04,2,1,EEGNet,22.551774978637695
5,2,2254,4,A04,4,1,EEGNet,22.551774978637695
5,3,4172,1,A04,1,1,EEGNet,22.551774978637695
5,4,6124,3,A04,3,1,EEGNet,22.551774978637695
5,5,8132,3,A04,3,1,EEGNet,22.551774978637695
5,6,10243,4,A04,4,1,EEGNet,22.551774978637695
5,7,12160,1,A04,1,1,EEGNet,22.551774978637695
5,8,14210,1,A04,1,1,EEGNet,22.551774978637695
5,9,16141,3,A04,4,0,EEGNet,22.551774978637695
5,11,20045,4,A04,4,1,EEGNet,22.551774978637695
5,12,21940,4,A04,3,0,EEGNet,22.551774978637695
5,14,25856,2,A04,1,0,EEGNet,22.551774978637695
5,15,27823,1,A04,2,0,EEGNet,22.551774978637695
5,16,29943,3,A04,3,1,EEGNet,22.551774978637695
5,17,31951,2,A04,2,1,EEGNet,22.551774978637695
5,18,34017,4,A04,3,0,EEGNet,22.551774978637695
5,19,36053,1,A04,1,1,EEGNet,22.551774978637695
5,22,42269,2,A04,4,0,EEGNet,22.551774978637695
5,23,44181,4,A04,4,1,EEGNet,22.551774978637695
5,25,48165,1,A04,2,0,EEGNet,22.551774978637695
5,26,50126,2,A04,2,1,EEGNet,22.551774978637695
5,27,52230,2,A04,2,1,EEGNet,22.551774978637695
5,31,60306,1,A04,1,1,EEGNet,22.551774978637695
5,32,62413,1,A04,1,1,EEGNet,22.551774978637695
5,33,64505,4,A04,4,1,EEGNet,22.551774978637695
5,34,66596,2,A04,1,0,EEGNet,22.551774978637695
5,35,68639,1,A04,1,1,EEGNet,22.551774978637695
5,37,72723,2,A04,2,1,EEGNet,22.551774978637695
5,39,76658,3,A04,3,1,EEGNet,22.551774978637695
5,41,80664,4,A04,4,1,EEGNet,22.551774978637695
5,42,82642,3,A04,3,1,EEGNet,22.551774978637695
5,43,84632,3,A04,3,1,EEGNet,22.551774978637695
5,44,86751,3,A04,3,1,EEGNet,22.551774978637695
5,45,88657,3,A04,3,1,EEGNet,22.551774978637695
5,46,90585,1,A04,3,0,EEGNet,22.551774978637695
5,47,92699,2,A04,4,0,EEGNet,22.551774978637695
6,1,251,2,A04,2,1,EEGNet,22.551774978637695
6,2,2254,1,A04,1,1,EEGNet,22.551774978637695
6,4,6124,3,A04,1,0,EEGNet,22.551774978637695
6,5,8132,3,A04,4,0,EEGNet,22.551774978637695
6,6,10243,2,A04,2,1,EEGNet,22.551774978637695
6,9,16141,1,A04,1,1,EEGNet,22.551774978637695
6,10,18139,4,A04,1,0,EEGNet,22.551774978637695
6,11,20045,1,A04,1,1,EEGNet,22.551774978637695
6,12,21940,1,A04,1,1,EEGNet,22.551774978637695
6,13,23912,2,A04,1,0,EEGNet,22.551774978637695
6,14,25856,4,A04,2,0,EEGNet,22.551774978637695
6,15,27823,3,A04,4,0,EEGNet,22.551774978637695
6,16,29943,2,A04,3,0,EEGNet,22.551774978637695
6,18,34017,3,A04,4,0,EEGNet,22.551774978637695
6,19,36053,4,A04,2,0,EEGNet,22.551774978637695
6,20,38119,3,A04,4,0,EEGNet,22.551774978637695
6,21,40189,4,A04,3,0,EEGNet,22.551774978637695
6,22,42269,2,A04,2,1,EEGNet,22.551774978637695
6,23,44181,2,A04,2,1,EEGNet,22.551774978637695
6,24,46212,4,A04,3,0,EEGNet,22.551774978637695
6,25,48165,1,A04,1,1,EEGNet,22.551774978637695
6,26,50126,2,A04,2,1,EEGNet,22.551774978637695
6,27,52230,2,A04,1,0,EEGNet,22.551774978637695
6,28,54234,2,A04,4,0,EEGNet,22.551774978637695
6,29,56209,3,A04,2,0,EEGNet,22.551774978637695
6,30,58235,4,A04,4,1,EEGNet,22.551774978637695
6,31,60306,1,A04,3,0,EEGNet,22.551774978637695
6,32,62413,4,A04,3,0,EEGNet,22.551774978637695
6,33,64505,1,A04,1,1,EEGNet,22.551774978637695
6,34,66596,3,A04,1,0,EEGNet,22.551774978637695
6,35,68639,1,A04,3,0,EEGNet,22.551774978637695
6,38,74695,3,A04,3,1,EEGNet,22.551774978637695
6,39,76658,1,A04,4,0,EEGNet,22.551774978637695
6,40,78583,2,A04,1,0,EEGNet,22.551774978637695
6,42,82642,3,A04,3,1,EEGNet,22.551774978637695
6,43,84632,4,A04,4,1,EEGNet,22.551774978637695
6,45,88657,2,A04,2,1,EEGNet,22.551774978637695
6,46,90585,4,A04,3,0,EEGNet,22.551774978637695
6,47,92699,2,A04,4,0,EEGNet,22.551774978637695
6,48,94758,3,A04,3,1,EEGNet,22.551774978637695
7,1,251,3,A04,3,1,EEGNet,22.551774978637695
7,2,2254,1,A04,1,1,EEGNet,22.551774978637695
7,3,4172,4,A04,3,0,EEGNet,22.551774978637695
7,4,6124,2,A04,2,1,EEGNet,22.551774978637695
7,5,8132,4,A04,1,0,EEGNet,22.551774978637695
7,6,10243,1,A04,1,1,EEGNet,22.551774978637695
7,8,14210,3,A04,4,0,EEGNet,22.551774978637695
7,9,16141,3,A04,3,1,EEGNet,22.551774978637695
7,11,20045,4,A04,4,1,EEGNet,22.551774978637695
7,12,21940,2,A04,1,0,EEGNet,22.551774978637695
7,17,31951,4,A04,4,1,EEGNet,22.551774978637695
7,18,34017,2,A04,2,1,EEGNet,22.551774978637695
7,20,38119,2,A04,2,1,EEGNet,22.551774978637695
7,21,40189,2,A04,3,0,EEGNet,22.551774978637695
7,22,42269,4,A04,4,1,EEGNet,22.551774978637695
7,23,44181,4,A04,3,0,EEGNet,22.551774978637695
7,24,46212,3,A04,4,0,EEGNet,22.551774978637695
7,25,48165,4,A04,4,1,EEGNet,22.551774978637695
7,26,50126,1,A04,2,0,EEGNet,22.551774978637695
7,27,52230,2,A04,2,1,EEGNet,22.551774978637695
7,28,54234,3,A04,4,0,EEGNet,22.551774978637695
7,29,56209,2,A04,3,0,EEGNet,22.551774978637695
7,30,58235,1,A04,1,1,EEGNet,22.551774978637695
7,31,60306,4,A04,4,1,EEGNet,22.551774978637695
7,32,62413,1,A04,1,1,EEGNet,22.551774978637695
7,36,70703,1,A04,3,0,EEGNet,22.551774978637695
7,38,74695,3,A04,4,0,EEGNet,22.551774978637695
7,40,78583,4,A04,3,0,EEGNet,22.551774978637695
7,41,80664,2,A04,2,1,EEGNet,22.551774978637695
7,42,82642,3,A04,4,0,EEGNet,22.551774978637695
7,43,84632,3,A04,3,1,EEGNet,22.551774978637695
7,44,86751,3,A04,3,1,EEGNet,22.551774978637695
7,45,88657,4,A04,4,1,EEGNet,22.551774978637695
7,46,90585,3,A04,4,0,EEGNet,22.551774978637695
7,47,92699,1,A04,2,0,EEGNet,22.551774978637695
7,48,94758,3,A04,4,0,EEGNet,22.551774978637695
8,1,251,1,A04,2,0,EEGNet,22.551774978637695
8,2,2254,4,A04,4,1,EEGNet,22.551774978637695
8,4,6124,4,A04,3,0,EEGNet,22.551774978637695
8,5,8132,4,A04,3,0,EEGNet,22.551774978637695
8,6,10243,3,A04,4,0,EEGNet,22.551774978637695
8,7,12160,4,A04,4,1,EEGNet,22.551774978637695
8,8,14210,4,A04,4,1,EEGNet,22.551774978637695
8,9,16141,3,A04,4,0,EEGNet,22.551774978637695
8,10,18139,2,A04,1,0,EEGNet,22.551774978637695
8,11,20045,4,A04,1,0,EEGNet,22.551774978637695
8,13,23912,1,A04,1,1,EEGNet,22.551774978637695
8,14,25856,2,A04,1,0,EEGNet,22.551774978637695
8,15,27823,2,A04,4,0,EEGNet,22.551774978637695
8,16,29943,2,A04,4,0,EEGNet,22.551774978637695
8,17,31951,3,A04,3,1,EEGNet,22.551774978637695
8,19,36053,4,A04,4,1,EEGNet,22.551774978637695
8,20,38119,3,A04,3,1,EEGNet,22.551774978637695
8,21,40189,4,A04,3,0,EEGNet,22.551774978637695
8,22,42269,2,A04,2,1,EEGNet,22.551774978637695
8,23,44181,3,A04,1,0,EEGNet,22.551774978637695
8,24,46212,1,A04,2,0,EEGNet,22.551774978637695
8,25,48165,4,A04,4,1,EEGNet,22.551774978637695
8,26,50126,1,A04,1,1,EEGNet,22.551774978637695
8,27,52230,3,A04,3,1,EEGNet,22.551774978637695
8,28,54234,4,A04,4,1,EEGNet,22.551774978637695
8,29,56209,1,A04,1,1,EEGNet,22.551774978637695
8,30,58235,3,A04,4,0,EEGNet,22.551774978637695
8,31,60306,1,A04,1,1,EEGNet,22.551774978637695
8,32,62413,2,A04,2,1,EEGNet,22.551774978637695
8,33,64505,2,A04,2,1,EEGNet,22.551774978637695
8,34,66596,1,A04,1,1,EEGNet,22.551774978637695
8,35,68639,4,A04,4,1,EEGNet,22.551774978637695
8,36,70703,1,A04,2,0,EEGNet,22.551774978637695
8,37,72723,4,A04,4,1,EEGNet,22.551774978637695
8,38,74695,3,A04,3,1,EEGNet,22.551774978637695
8,39,76658,3,A04,3,1,EEGNet,22.551774978637695
8,41,80664,3,A04,4,0,EEGNet,22.551774978637695
8,42,82642,2,A04,1,0,EEGNet,22.551774978637695
8,43,84632,2,A04,2,1,EEGNet,22.551774978637695
8,44,86751,1,A04,3,0,EEGNet,22.551774978637695
8,45,88657,3,A04,3,1,EEGNet,22.551774978637695
8,46,90585,1,A04,2,0,EEGNet,22.551774978637695
8,47,92699,2,A04,1,0,EEGNet,22.551774978637695
8,48,94758,1,A04,1,1,EEGNet,22.551774978637695
3,1,251,1,A05,1,1,EEGNet,25.21061897277832
3,2,2254,2,A05,2,1,EEGNet,25.21061897277832
3,3,4172,2,A05,4,0,EEGNet,25.21061897277832
3,4,6124,1,A05,1,1,EEGNet,25.21061897277832
3,6,10243,1,A05,1,1,EEGNet,25.21061897277832
3,8,14210,3,A05,1,0,EEGNet,25.21061897277832
3,9,16141,2,A05,2,1,EEGNet,25.21061897277832
3,10,18139,4,A05,3,0,EEGNet,25.21061897277832
3,11,20045,1,A05,3,0,EEGNet,25.21061897277832
3,12,21940,3,A05,4,0,EEGNet,25.21061897277832
3,13,23912,2,A05,2,1,EEGNet,25.21061897277832
3,16,29943,4,A05,3,0,EEGNet,25.21061897277832
3,17,31951,4,A05,2,0,EEGNet,25.21061897277832
3,19,36053,4,A05,2,0,EEGNet,25.21061897277832
3,20,38119,1,A05,4,0,EEGNet,25.21061897277832
3,21,40189,3,A05,1,0,EEGNet,25.21061897277832
3,23,44181,1,A05,3,0,EEGNet,25.21061897277832
3,24,46212,1,A05,1,1,EEGNet,25.21061897277832
3,25,48165,3,A05,3,1,EEGNet,25.21061897277832
3,26,50126,4,A05,2,0,EEGNet,25.21061897277832
3,27,52230,1,A05,2,0,EEGNet,25.21061897277832
3,28,54234,3,A05,1,0,EEGNet,25.21061897277832
3,29,56209,3,A05,3,1,EEGNet,25.21061897277832
3,30,58235,3,A05,1,0,EEGNet,25.21061897277832
3,31,60306,1,A05,4,0,EEGNet,25.21061897277832
3,32,62413,2,A05,2,1,EEGNet,25.21061897277832
3,33,64505,1,A05,1,1,EEGNet,25.21061897277832
3,34,66596,2,A05,2,1,EEGNet,25.21061897277832
3,35,68639,2,A05,4,0,EEGNet,25.21061897277832
3,36,70703,1,A05,1,1,EEGNet,25.21061897277832
3,37,72723,2,A05,2,1,EEGNet,25.21061897277832
3,38,74695,3,A05,4,0,EEGNet,25.21061897277832
3,39,76658,2,A05,2,1,EEGNet,25.21061897277832
3,40,78583,3,A05,2,0,EEGNet,25.21061897277832
3,41,80664,3,A05,3,1,EEGNet,25.21061897277832
3,42,82642,4,A05,1,0,EEGNet,25.21061897277832
3,43,84632,3,A05,1,0,EEGNet,25.21061897277832
3,44,86751,3,A05,3,1,EEGNet,25.21061897277832
3,45,88657,4,A05,3,0,EEGNet,25.21061897277832
3,46,90585,4,A05,2,0,EEGNet,25.21061897277832
3,47,92699,4,A05,2,0,EEGNet,25.21061897277832
3,48,94758,4,A05,3,0,EEGNet,25.21061897277832
4,1,251,4,A05,3,0,EEGNet,25.21061897277832
4,2,2254,3,A05,4,0,EEGNet,25.21061897277832
4,4,6124,1,A05,2,0,EEGNet,25.21061897277832
4,5,8132,1,A05,1,1,EEGNet,25.21061897277832
4,6,10243,2,A05,2,1,EEGNet,25.21061897277832
4,7,12160,3,A05,4,0,EEGNet,25.21061897277832
4,8,14210,4,A05,2,0,EEGNet,25.21061897277832
4,9,16141,2,A05,2,1,EEGNet,25.21061897277832
4,10,18139,3,A05,2,0,EEGNet,25.21061897277832
4,11,20045,1,A05,4,0,EEGNet,25.21061897277832
4,12,21940,1,A05,1,1,EEGNet,25.21061897277832
4,13,23912,1,A05,2,0,EEGNet,25.21061897277832
4,14,25856,4,A05,2,0,EEGNet,25.21061897277832
4,15,27823,2,A05,2,1,EEGNet,25.21061897277832
4,16,29943,2,A05,1,0,EEGNet,25.21061897277832
4,17,31951,1,A05,1,1,EEGNet,25.21061897277832
4,18,34017,1,A05,1,1,EEGNet,25.21061897277832
4,19,36053,3,A05,3,1,EEGNet,25.21061897277832
4,20,38119,1,A05,3,0,EEGNet,25.21061897277832
4,21,40189,2,A05,2,1,EEGNet,25.21061897277832
4,22,42269,4,A05,1,0,EEGNet,25.21061897277832
4,23,44181,4,A05,3,0,EEGNet,25.21061897277832
4,24,46212,3,A05,2,0,EEGNet,25.21061897277832
4,26,50126,4,A05,2,0,EEGNet,25.21061897277832
4,27,52230,4,A05,2,0,EEGNet,25.21061897277832
4,28,54234,2,A05,4,0,EEGNet,25.21061897277832
4,29,56209,4,A05,1,0,EEGNet,25.21061897277832
4,30,58235,4,A05,2,0,EEGNet,25.21061897277832
4,32,62413,1,A05,3,0,EEGNet,25.21061897277832
4,33,64505,2,A05,3,0,EEGNet,25.21061897277832
4,34,66596,3,A05,1,0,EEGNet,25.21061897277832
4,35,68639,3,A05,3,1,EEGNet,25.21061897277832
4,36,70703,3,A05,3,1,EEGNet,25.21061897277832
4,37,72723,4,A05,2,0,EEGNet,25.21061897277832
4,38,74695,3,A05,3,1,EEGNet,25.21061897277832
4,39,76658,1,A05,1,1,EEGNet,25.21061897277832
4,40,78583,4,A05,4,1,EEGNet,25.21061897277832
4,41,80664,2,A05,2,1,EEGNet,25.21061897277832
4,42,82642,3,A05,4,0,EEGNet,25.21061897277832
4,43,84632,2,A05,1,0,EEGNet,25.21061897277832
4,44,86751,3,A05,2,0,EEGNet,25.21061897277832
4,45,88657,4,A05,1,0,EEGNet,25.21061897277832
4,46,90585,2,A05,2,1,EEGNet,25.21061897277832
4,47,92699,3,A05,3,1,EEGNet,25.21061897277832
4,48,94758,1,A05,3,0,EEGNet,25.21061897277832
5,1,251,1,A05,2,0,EEGNet,25.21061897277832
5,2,2254,1,A05,2,0,EEGNet,25.21061897277832
5,3,4172,4,A05,2,0,EEGNet,25.21061897277832
5,4,6124,2,A05,2,1,EEGNet,25.21061897277832
5,5,8132,1,A05,1,1,EEGNet,25.21061897277832
5,6,10243,3,A05,3,1,EEGNet,25.21061897277832
5,7,12160,1,A05,3,0,EEGNet,25.21061897277832
5,8,14210,3,A05,2,0,EEGNet,25.21061897277832
5,9,16141,2,A05,2,1,EEGNet,25.21061897277832
5,10,18139,4,A05,3,0,EEGNet,25.21061897277832
5,11,20045,1,A05,3,0,EEGNet,25.21061897277832
5,12,21940,3,A05,3,1,EEGNet,25.21061897277832
5,13,23912,3,A05,4,0,EEGNet,25.21061897277832
5,14,25856,1,A05,2,0,EEGNet,25.21061897277832
5,15,27823,3,A05,2,0,EEGNet,25.21061897277832
5,16,29943,2,A05,2,1,EEGNet,25.21061897277832
5,17,31951,4,A05,2,0,EEGNet,25.21061897277832
5,18,34017,4,A05,2,0,EEGNet,25.21061897277832
5,19,36053,4,A05,3,0,EEGNet,25.21061897277832
5,20,38119,3,A05,2,0,EEGNet,25.21061897277832
5,21,40189,1,A05,3,0,EEGNet,25.21061897277832
5,22,42269,4,A05,4,1,EEGNet,25.21061897277832
5,23,44181,2,A05,3,0,EEGNet,25.21061897277832
5,24,46212,4,A05,2,0,EEGNet,25.21061897277832
5,25,48165,2,A05,4,0,EEGNet,25.21061897277832
5,26,50126,1,A05,2,0,EEGNet,25.21061897277832
5,27,52230,3,A05,3,1,EEGNet,25.21061897277832
5,29,56209,1,A05,1,1,EEGNet,25.21061897277832
5,30,58235,3,A05,3,1,EEGNet,25.21061897277832
5,31,60306,3,A05,4,0,EEGNet,25.21061897277832
5,32,62413,1,A05,4,0,EEGNet,25.21061897277832
5,33,64505,3,A05,2,0,EEGNet,25.21061897277832
5,34,66596,4,A05,3,0,EEGNet,25.21061897277832
5,35,68639,4,A05,2,0,EEGNet,25.21061897277832
5,36,70703,2,A05,4,0,EEGNet,25.21061897277832
5,37,72723,1,A05,2,0,EEGNet,25.21061897277832
5,38,74695,2,A05,2,1,EEGNet,25.21061897277832
5,39,76658,4,A05,4,1,EEGNet,25.21061897277832
5,40,78583,2,A05,4,0,EEGNet,25.21061897277832
5,41,80664,4,A05,4,1,EEGNet,25.21061897277832
5,42,82642,3,A05,1,0,EEGNet,25.21061897277832
5,43,84632,2,A05,3,0,EEGNet,25.21061897277832
5,44,86751,2,A05,2,1,EEGNet,25.21061897277832
5,45,88657,2,A05,3,0,EEGNet,25.21061897277832
5,46,90585,3,A05,2,0,EEGNet,25.21061897277832
5,47,92699,4,A05,1,0,EEGNet,25.21061897277832
5,48,94758,1,A05,4,0,EEGNet,25.21061897277832
6,1,251,2,A05,2,1,EEGNet,25.21061897277832
6,2,2254,4,A05,3,0,EEGNet,25.21061897277832
6,3,4172,1,A05,1,1,EEGNet,25.21061897277832
6,4,6124,3,A05,1,0,EEGNet,25.21061897277832
6,5,8132,3,A05,3,1,EEGNet,25.21061897277832
6,6,10243,4,A05,1,0,EEGNet,25.21061897277832
6,7,12160,1,A05,2,0,EEGNet,25.21061897277832
6,8,14210,1,A05,3,0,EEGNet,25.21061897277832
6,9,16141,3,A05,1,0,EEGNet,25.21061897277832
6,10,18139,2,A05,2,1,EEGNet,25.21061897277832
6,11,20045,4,A05,4,1,EEGNet,25.21061897277832
6,12,21940,4,A05,3,0,EEGNet,25.21061897277832
6,13,23912,4,A05,1,0,EEGNet,25.21061897277832
6,14,25856,2,A05,1,0,EEGNet,25.21061897277832
6,15,27823,1,A05,1,1,EEGNet,25.21061897277832
6,16,29943,3,A05,3,1,EEGNet,25.21061897277832
6,17,31951,2,A05,1,0,EEGNet,25.21061897277832
6,18,34017,4,A05,4,1,EEGNet,25.21061897277832
6,19,36053,1,A05,1,1,EEGNet,25.21061897277832
6,20,38119,4,A05,3,0,EEGNet,25.21061897277832
6,21,40189,3,A05,1,0,EEGNet,25.21061897277832
6,22,42269,2,A05,2,1,EEGNet,25.21061897277832
6,23,44181,4,A05,3,0,EEGNet,25.21061897277832
6,24,46212,4,A05,2,0,EEGNet,25.21061897277832
6,25,48165,1,A05,2,0,EEGNet,25.21061897277832
6,26,50126,2,A05,2,1,EEGNet,25.21061897277832
6,27,52230,2,A05,4,0,EEGNet,25.21061897277832
6,28,54234,3,A05,4,0,EEGNet,25.21061897277832
6,29,56209,4,A05,4,1,EEGNet,25.21061897277832
6,30,58235,2,A05,1,0,EEGNet,25.21061897277832
6,31,60306,1,A05,1,1,EEGNet,25.21061897277832
6,32,62413,1,A05,1,1,EEGNet,25.21061897277832
6,33,64505,4,A05,4,1,EEGNet,25.21061897277832
6,34,66596,2,A05,4,0,EEGNet,25.21061897277832
6,35,68639,1,A05,4,0,EEGNet,25.21061897277832
6,36,70703,3,A05,2,0,EEGNet,25.21061897277832
6,37,72723,2,A05,2,1,EEGNet,25.21061897277832
6,38,74695,2,A05,2,1,EEGNet,25.21061897277832
6,39,76658,3,A05,1,0,EEGNet,25.21061897277832
6,40,78583,1,A05,3,0,EEGNet,25.21061897277832
6,41,80664,4,A05,4,1,EEGNet,25.21061897277832
6,42,82642,3,A05,1,0,EEGNet,25.21061897277832
6,43,84632,3,A05,3,1,EEGNet,25.21061897277832
6,44,86751,3,A05,3,1,EEGNet,25.21061897277832
6,45,88657,3,A05,2,0,EEGNet,25.21061897277832
6,46,90585,1,A05,1,1,EEGNet,25.21061897277832
6,47,92699,2,A05,2,1,EEGNet,25.21061897277832
6,48,94758,1,A05,2,0,EEGNet,25.21061897277832
7,2,2254,1,A05,1,1,EEGNet,25.21061897277832
7,3,4172,1,A05,4,0,EEGNet,25.21061897277832
7,4,6124,3,A05,1,0,EEGNet,25.21061897277832
7,5,8132,3,A05,2,0,EEGNet,25.21061897277832
7,6,10243,2,A05,2,1,EEGNet,25.21061897277832
7,7,12160,3,A05,4,0,EEGNet,25.21061897277832
7,8,14210,4,A05,2,0,EEGNet,25.21061897277832
7,9,16141,1,A05,3,0,EEGNet,25.21061897277832
7,10,18139,4,A05,1,0,EEGNet,25.21061897277832
7,11,20045,1,A05,1,1,EEGNet,25.21061897277832
7,12,21940,1,A05,2,0,EEGNet,25.21061897277832
7,13,23912,2,A05,2,1,EEGNet,25.21061897277832
7,14,25856,4,A05,4,1,EEGNet,25.21061897277832
7,15,27823,3,A05,4,0,EEGNet,25.21061897277832
7,16,29943,2,A05,2,1,EEGNet,25.21061897277832
7,18,34017,3,A05,3,1,EEGNet,25.21061897277832
7,19,36053,4,A05,4,1,EEGNet,25.21061897277832
7,20,38119,3,A05,1,0,EEGNet,25.21061897277832
7,21,40189,4,A05,1,0,EEGNet,25.21061897277832
7,22,42269,2,A05,3,0,EEGNet,25.21061897277832
7,23,44181,2,A05,1,0,EEGNet,25.21061897277832
7,24,46212,4,A05,4,1,EEGNet,25.21061897277832
7,25,48165,1,A05,1,1,EEGNet,25.21061897277832
7,26,50126,2,A05,4,0,EEGNet,25.21061897277832
7,27,52230,2,A05,3,0,EEGNet,25.21061897277832
7,28,54234,2,A05,3,0,EEGNet,25.21061897277832
7,29,56209,3,A05,3,1,EEGNet,25.21061897277832
7,30,58235,4,A05,2,0,EEGNet,25.21061897277832
7,31,60306,1,A05,2,0,EEGNet,25.21061897277832
7,32,62413,4,A05,1,0,EEGNet,25.21061897277832
7,33,64505,1,A05,1,1,EEGNet,25.21061897277832
7,34,66596,3,A05,1,0,EEGNet,25.21061897277832
7,35,68639,1,A05,3,0,EEGNet,25.21061897277832
7,36,70703,4,A05,1,0,EEGNet,25.21061897277832
7,37,72723,1,A05,2,0,EEGNet,25.21061897277832
7,38,74695,3,A05,1,0,EEGNet,25.21061897277832
7,39,76658,1,A05,1,1,EEGNet,25.21061897277832
7,40,78583,2,A05,1,0,EEGNet,25.21061897277832
7,41,80664,3,A05,3,1,EEGNet,25.21061897277832
7,42,82642,3,A05,1,0,EEGNet,25.21061897277832
7,43,84632,4,A05,1,0,EEGNet,25.21061897277832
7,44,86751,1,A05,1,1,EEGNet,25.21061897277832
7,45,88657,2,A05,1,0,EEGNet,25.21061897277832
7,46,90585,4,A05,1,0,EEGNet,25.21061897277832
7,47,92699,2,A05,3,0,EEGNet,25.21061897277832
7,48,94758,3,A05,3,1,EEGNet,25.21061897277832
8,1,251,3,A05,1,0,EEGNet,25.21061897277832
8,2,2254,1,A05,3,0,EEGNet,25.21061897277832
8,3,4172,4,A05,2,0,EEGNet,25.21061897277832
8,4,6124,2,A05,2,1,EEGNet,25.21061897277832
8,5,8132,4,A05,2,0,EEGNet,25.21061897277832
8,6,10243,1,A05,2,0,EEGNet,25.21061897277832
8,7,12160,1,A05,4,0,EEGNet,25.21061897277832
8,8,14210,3,A05,1,0,EEGNet,25.21061897277832
8,9,16141,3,A05,3,1,EEGNet,25.21061897277832
8,10,18139,2,A05,4,0,EEGNet,25.21061897277832
8,11,20045,4,A05,1,0,EEGNet,25.21061897277832
8,12,21940,2,A05,4,0,EEGNet,25.21061897277832
8,13,23912,2,A05,2,1,EEGNet,25.21061897277832
8,14,25856,1,A05,1,1,EEGNet,25.21061897277832
8,15,27823,2,A05,1,0,EEGNet,25.21061897277832
8,16,29943,4,A05,1,0,EEGNet,25.21061897277832
8,17,31951,4,A05,1,0,EEGNet,25.21061897277832
8,18,34017,2,A05,3,0,EEGNet,25.21061897277832
8,19,36053,2,A05,2,1,EEGNet,25.21061897277832
8,20,38119,2,A05,4,0,EEGNet,25.21061897277832
8,21,40189,2,A05,2,1,EEGNet,25.21061897277832
8,22,42269,4,A05,2,0,EEGNet,25.21061897277832
8,23,44181,4,A05,1,0,EEGNet,25.21061897277832
8,24,46212,3,A05,3,1,EEGNet,25.21061897277832
8,25,48165,4,A05,4,1,EEGNet,25.21061897277832
8,26,50126,1,A05,3,0,EEGNet,25.21061897277832
8,27,52230,2,A05,2,1,EEGNet,25.21061897277832
8,28,54234,3,A05,1,0,EEGNet,25.21061897277832
8,29,56209,2,A05,2,1,EEGNet,25.21061897277832
8,30,58235,1,A05,1,1,EEGNet,25.21061897277832
8,31,60306,4,A05,1,0,EEGNet,25.21061897277832
8,32,62413,1,A05,4,0,EEGNet,25.21061897277832
8,33,64505,4,A05,1,0,EEGNet,25.21061897277832
8,34,66596,1,A05,1,1,EEGNet,25.21061897277832
8,35,68639,1,A05,1,1,EEGNet,25.21061897277832
8,36,70703,1,A05,1,1,EEGNet,25.21061897277832
8,37,72723,1,A05,3,0,EEGNet,25.21061897277832
8,38,74695,3,A05,2,0,EEGNet,25.21061897277832
8,39,76658,3,A05,3,1,EEGNet,25.21061897277832
8,40,78583,4,A05,2,0,EEGNet,25.21061897277832
8,41,80664,2,A05,2,1,EEGNet,25.21061897277832
8,42,82642,3,A05,4,0,EEGNet,25.21061897277832
8,43,84632,3,A05,2,0,EEGNet,25.21061897277832
8,44,86751,3,A05,1,0,EEGNet,25.21061897277832
8,45,88657,4,A05,2,0,EEGNet,25.21061897277832
8,46,90585,3,A05,1,0,EEGNet,25.21061897277832
8,47,92699,1,A05,1,1,EEGNet,25.21061897277832
8,48,94758,3,A05,1,0,EEGNet,25.21061897277832
3,1,251,1,A06,2,0,EEGNet,25.57516098022461
3,2,2254,2,A06,1,0,EEGNet,25.57516098022461
3,3,4172,2,A06,1,0,EEGNet,25.57516098022461
3,4,6124,1,A06,1,1,EEGNet,25.57516098022461
3,6,10243,1,A06,1,1,EEGNet,25.57516098022461
3,7,12160,2,A06,2,1,EEGNet,25.57516098022461
3,8,14210,3,A06,1,0,EEGNet,25.57516098022461
3,9,16141,2,A06,2,1,EEGNet,25.57516098022461
3,10,18139,4,A06,4,1,EEGNet,25.57516098022461
3,11,20045,1,A06,1,1,EEGNet,25.57516098022461
3,12,21940,3,A06,1,0,EEGNet,25.57516098022461
3,13,23912,2,A06,2,1,EEGNet,25.57516098022461
3,14,25856,1,A06,2,0,EEGNet,25.57516098022461
3,15,27823,4,A06,1,0,EEGNet,25.57516098022461
3,16,29943,4,A06,4,1,EEGNet,25.57516098022461
3,17,31951,4,A06,2,0,EEGNet,25.57516098022461
3,18,34017,4,A06,4,1,EEGNet,25.57516098022461
3,19,36053,4,A06,2,0,EEGNet,25.57516098022461
3,21,40189,3,A06,1,0,EEGNet,25.57516098022461
3,22,42269,2,A06,1,0,EEGNet,25.57516098022461
3,23,44181,1,A06,1,1,EEGNet,25.57516098022461
3,24,46212,1,A06,2,0,EEGNet,25.57516098022461
3,25,48165,3,A06,1,0,EEGNet,25.57516098022461
3,26,50126,4,A06,4,1,EEGNet,25.57516098022461
3,27,52230,1,A06,2,0,EEGNet,25.57516098022461
3,28,54234,3,A06,2,0,EEGNet,25.57516098022461
3,29,56209,3,A06,1,0,EEGNet,25.57516098022461
3,30,58235,3,A06,2,0,EEGNet,25.57516098022461
3,31,60306,1,A06,2,0,EEGNet,25.57516098022461
3,33,64505,1,A06,2,0,EEGNet,25.57516098022461
3,34,66596,2,A06,1,0,EEGNet,25.57516098022461
3,35,68639,2,A06,2,1,EEGNet,25.57516098022461
3,36,70703,1,A06,1,1,EEGNet,25.57516098022461
3,37,72723,2,A06,1,0,EEGNet,25.57516098022461
3,38,74695,3,A06,3,1,EEGNet,25.57516098022461
3,39,76658,2,A06,3,0,EEGNet,25.57516098022461
3,40,78583,3,A06,4,0,EEGNet,25.57516098022461
3,41,80664,3,A06,2,0,EEGNet,25.57516098022461
3,45,88657,4,A06,2,0,EEGNet,25.57516098022461
3,47,92699,4,A06,1,0,EEGNet,25.57516098022461
4,2,2254,3,A06,1,0,EEGNet,25.57516098022461
4,3,4172,2,A06,2,1,EEGNet,25.57516098022461
4,4,6124,1,A06,1,1,EEGNet,25.57516098022461
4,5,8132,1,A06,2,0,EEGNet,25.57516098022461
4,8,14210,4,A06,1,0,EEGNet,25.57516098022461
4,9,16141,2,A06,2,1,EEGNet,25.57516098022461
4,10,18139,3,A06,2,0,EEGNet,25.57516098022461
4,11,20045,1,A06,1,1,EEGNet,25.57516098022461
4,12,21940,1,A06,1,1,EEGNet,25.57516098022461
4,13,23912,1,A06,1,1,EEGNet,25.57516098022461
4,14,25856,4,A06,1,0,EEGNet,25.57516098022461
4,15,27823,2,A06,1,0,EEGNet,25.57516098022461
4,16,29943,2,A06,2,1,EEGNet,25.57516098022461
4,17,31951,1,A06,1,1,EEGNet,25.57516098022461
4,19,36053,3,A06,4,0,EEGNet,25.57516098022461
4,21,40189,2,A06,2,1,EEGNet,25.57516098022461
4,23,44181,4,A06,2,0,EEGNet,25.57516098022461
4,24,46212,3,A06,4,0,EEGNet,25.57516098022461
4,25,48165,1,A06,2,0,EEGNet,25.57516098022461
4,26,50126,4,A06,1,0,EEGNet,25.57516098022461
4,27,52230,4,A06,2,0,EEGNet,25.57516098022461
4,31,60306,2,A06,2,1,EEGNet,25.57516098022461
4,32,62413,1,A06,1,1,EEGNet,25.57516098022461
4,36,70703,3,A06,1,0,EEGNet,25.57516098022461
4,37,72723,4,A06,3,0,EEGNet,25.57516098022461
4,41,80664,2,A06,3,0,EEGNet,25.57516098022461
4,42,82642,3,A06,2,0,EEGNet,25.57516098022461
4,44,86751,3,A06,1,0,EEGNet,25.57516098022461
5,2,2254,1,A06,1,1,EEGNet,25.57516098022461
5,3,4172,4,A06,1,0,EEGNet,25.57516098022461
5,4,6124,2,A06,4,0,EEGNet,25.57516098022461
5,5,8132,1,A06,1,1,EEGNet,25.57516098022461
5,6,10243,3,A06,4,0,EEGNet,25.57516098022461
5,7,12160,1,A06,1,1,EEGNet,25.57516098022461
5,8,14210,3,A06,2,0,EEGNet,25.57516098022461
5,14,25856,1,A06,2,0,EEGNet,25.57516098022461
5,15,27823,3,A06,1,0,EEGNet,25.57516098022461
5,16,29943,2,A06,3,0,EEGNet,25.57516098022461
5,21,40189,1,A06,1,1,EEGNet,25.57516098022461
5,22,42269,4,A06,1,0,EEGNet,25.57516098022461
5,23,44181,2,A06,2,1,EEGNet,25.57516098022461
5,24,46212,4,A06,3,0,EEGNet,25.57516098022461
5,27,52230,3,A06,1,0,EEGNet,25.57516098022461
5,28,54234,2,A06,4,0,EEGNet,25.57516098022461
5,31,60306,3,A06,1,0,EEGNet,25.57516098022461
5,34,66596,4,A06,2,0,EEGNet,25.57516098022461
5,37,72723,1,A06,3,0,EEGNet,25.57516098022461
5,38,74695,2,A06,1,0,EEGNet,25.57516098022461
5,39,76658,4,A06,2,0,EEGNet,25.57516098022461
5,42,82642,3,A06,1,0,EEGNet,25.57516098022461
5,44,86751,2,A06,2,1,EEGNet,25.57516098022461
5,45,88657,2,A06,1,0,EEGNet,25.57516098022461
5,47,92699,4,A06,2,0,EEGNet,25.57516098022461
5,48,94758,1,A06,2,0,EEGNet,25.57516098022461
6,2,2254,4,A06,4,1,EEGNet,25.57516098022461
6,3,4172,1,A06,2,0,EEGNet,25.57516098022461
6,4,6124,3,A06,2,0,EEGNet,25.57516098022461
6,6,10243,4,A06,1,0,EEGNet,25.57516098022461
6,7,12160,1,A06,4,0,EEGNet,25.57516098022461
6,8,14210,1,A06,4,0,EEGNet,25.57516098022461
6,9,16141,3,A06,4,0,EEGNet,25.57516098022461
6,10,18139,2,A06,1,0,EEGNet,25.57516098022461
6,11,20045,4,A06,2,0,EEGNet,25.57516098022461
6,12,21940,4,A06,4,1,EEGNet,25.57516098022461
6,13,23912,4,A06,3,0,EEGNet,25.57516098022461
6,14,25856,2,A06,2,1,EEGNet,25.57516098022461
6,15,27823,1,A06,3,0,EEGNet,25.57516098022461
6,16,29943,3,A06,3,1,EEGNet,25.57516098022461
6,17,31951,2,A06,2,1,EEGNet,25.57516098022461
6,18,34017,4,A06,2,0,EEGNet,25.57516098022461
6,19,36053,1,A06,2,0,EEGNet,25.57516098022461
6,20,38119,4,A06,2,0,EEGNet,25.57516098022461
6,21,40189,3,A06,3,1,EEGNet,25.57516098022461
6,22,42269,2,A06,2,1,EEGNet,25.57516098022461
6,23,44181,4,A06,2,0,EEGNet,25.57516098022461
6,24,46212,4,A06,3,0,EEGNet,25.57516098022461
6,25,48165,1,A06,2,0,EEGNet,25.57516098022461
6,26,50126,2,A06,4,0,EEGNet,25.57516098022461
6,27,52230,2,A06,2,1,EEGNet,25.57516098022461
6,28,54234,3,A06,1,0,EEGNet,25.57516098022461
6,29,56209,4,A06,2,0,EEGNet,25.57516098022461
6,30,58235,2,A06,2,1,EEGNet,25.57516098022461
6,31,60306,1,A06,1,1,EEGNet,25.57516098022461
6,32,62413,1,A06,4,0,EEGNet,25.57516098022461
6,33,64505,4,A06,2,0,EEGNet,25.57516098022461
6,34,66596,2,A06,2,1,EEGNet,25.57516098022461
6,35,68639,1,A06,1,1,EEGNet,25.57516098022461
6,36,70703,3,A06,4,0,EEGNet,25.57516098022461
6,38,74695,2,A06,1,0,EEGNet,25.57516098022461
6,39,76658,3,A06,4,0,EEGNet,25.57516098022461
6,40,78583,1,A06,1,1,EEGNet,25.57516098022461
6,41,80664,4,A06,1,0,EEGNet,25.57516098022461
6,42,82642,3,A06,3,1,EEGNet,25.57516098022461
6,43,84632,3,A06,4,0,EEGNet,25.57516098022461
6,44,86751,3,A06,3,1,EEGNet,25.57516098022461
6,45,88657,3,A06,4,0,EEGNet,25.57516098022461
6,47,92699,2,A06,2,1,EEGNet,25.57516098022461
7,4,6124,3,A06,1,0,EEGNet,25.57516098022461
7,5,8132,3,A06,3,1,EEGNet,25.57516098022461
7,6,10243,2,A06,2,1,EEGNet,25.57516098022461
7,7,12160,3,A06,3,1,EEGNet,25.57516098022461
7,8,14210,4,A06,2,0,EEGNet,25.57516098022461
7,10,18139,4,A06,3,0,EEGNet,25.57516098022461
7,11,20045,1,A06,3,0,EEGNet,25.57516098022461
7,12,21940,1,A06,2,0,EEGNet,25.57516098022461
7,13,23912,2,A06,3,0,EEGNet,25.57516098022461
7,14,25856,4,A06,1,0,EEGNet,25.57516098022461
7,15,27823,3,A06,3,1,EEGNet,25.57516098022461
7,16,29943,2,A06,4,0,EEGNet,25.57516098022461
7,17,31951,4,A06,4,1,EEGNet,25.57516098022461
7,18,34017,3,A06,2,0,EEGNet,25.57516098022461
7,20,38119,3,A06,1,0,EEGNet,25.57516098022461
7,22,42269,2,A06,1,0,EEGNet,25.57516098022461
7,23,44181,2,A06,4,0,EEGNet,25.57516098022461
7,24,46212,4,A06,1,0,EEGNet,25.57516098022461
7,25,48165,1,A06,1,1,EEGNet,25.57516098022461
7,26,50126,2,A06,4,0,EEGNet,25.57516098022461
7,27,52230,2,A06,4,0,EEGNet,25.57516098022461
7,28,54234,2,A06,2,1,EEGNet,25.57516098022461
7,29,56209,3,A06,1,0,EEGNet,25.57516098022461
7,30,58235,4,A06,2,0,EEGNet,25.57516098022461
7,31,60306,1,A06,2,0,EEGNet,25.57516098022461
7,32,62413,4,A06,1,0,EEGNet,25.57516098022461
7,33,64505,1,A06,2,0,EEGNet,25.57516098022461
7,37,72723,1,A06,1,1,EEGNet,25.57516098022461
7,38,74695,3,A06,3,1,EEGNet,25.57516098022461
7,39,76658,1,A06,4,0,EEGNet,25.57516098022461
7,41,80664,3,A06,2,0,EEGNet,25.57516098022461
7,45,88657,2,A06,2,1,EEGNet,25.57516098022461
7,46,90585,4,A06,4,1,EEGNet,25.57516098022461
7,48,94758,3,A06,3,1,EEGNet,25.57516098022461
8,3,4172,4,A06,2,0,EEGNet,25.57516098022461
8,4,6124,2,A06,2,1,EEGNet,25.57516098022461
8,5,8132,4,A06,4,1,EEGNet,25.57516098022461
8,6,10243,1,A06,2,0,EEGNet,25.57516098022461
8,7,12160,1,A06,2,0,EEGNet,25.57516098022461
8,8,14210,3,A06,3,1,EEGNet,25.57516098022461
8,9,16141,3,A06,3,1,EEGNet,25.57516098022461
8,10,18139,2,A06,3,0,EEGNet,25.57516098022461
8,11,20045,4,A06,4,1,EEGNet,25.57516098022461
8,12,21940,2,A06,3,0,EEGNet,25.57516098022461
8,13,23912,2,A06,3,0,EEGNet,25.57516098022461
8,14,25856,1,A06,4,0,EEGNet,25.57516098022461
8,15,27823,2,A06,2,1,EEGNet,25.57516098022461
8,16,29943,4,A06,3,0,EEGNet,25.57516098022461
8,17,31951,4,A06,4,1,EEGNet,25.57516098022461
8,18,34017,2,A06,1,0,EEGNet,25.57516098022461
8,19,36053,2,A06,2,1,EEGNet,25.57516098022461
8,20,38119,2,A06,3,0,EEGNet,25.57516098022461
8,21,40189,2,A06,4,0,EEGNet,25.57516098022461
8,22,42269,4,A06,4,1,EEGNet,25.57516098022461
8,23,44181,4,A06,1,0,EEGNet,25.57516098022461
8,24,46212,3,A06,4,0,EEGNet,25.57516098022461
8,25,48165,4,A06,4,1,EEGNet,25.57516098022461
8,26,50126,1,A06,2,0,EEGNet,25.57516098022461
8,27,52230,2,A06,1,0,EEGNet,25.57516098022461
8,28,54234,3,A06,4,0,EEGNet,25.57516098022461
8,29,56209,2,A06,1,0,EEGNet,25.57516098022461
8,30,58235,1,A06,4,0,EEGNet,25.57516098022461
8,31,60306,4,A06,2,0,EEGNet,25.57516098022461
8,32,62413,1,A06,2,0,EEGNet,25.57516098022461
8,33,64505,4,A06,4,1,EEGNet,25.57516098022461
8,34,66596,1,A06,1,1,EEGNet,25.57516098022461
8,35,68639,1,A06,1,1,EEGNet,25.57516098022461
8,37,72723,1,A06,2,0,EEGNet,25.57516098022461
8,38,74695,3,A06,3,1,EEGNet,25.57516098022461
8,40,78583,4,A06,2,0,EEGNet,25.57516098022461
8,41,80664,2,A06,2,1,EEGNet,25.57516098022461
8,42,82642,3,A06,4,0,EEGNet,25.57516098022461
8,43,84632,3,A06,1,0,EEGNet,25.57516098022461
8,44,86751,3,A06,4,0,EEGNet,25.57516098022461
8,45,88657,4,A06,2,0,EEGNet,25.57516098022461
8,46,90585,3,A06,4,0,EEGNet,25.57516098022461
8,47,92699,1,A06,1,1,EEGNet,25.57516098022461
8,48,94758,3,A06,1,0,EEGNet,25.57516098022461
3,1,251,1,A07,1,1,EEGNet,25.989294052124023
3,2,2254,2,A07,2,1,EEGNet,25.989294052124023
3,3,4172,2,A07,2,1,EEGNet,25.989294052124023
3,4,6124,1,A07,2,0,EEGNet,25.989294052124023
3,5,8132,2,A07,3,0,EEGNet,25.989294052124023
3,6,10243,1,A07,1,1,EEGNet,25.989294052124023
3,7,12160,2,A07,2,1,EEGNet,25.989294052124023
3,8,14210,3,A07,2,0,EEGNet,25.989294052124023
3,9,16141,2,A07,1,0,EEGNet,25.989294052124023
3,11,20045,1,A07,1,1,EEGNet,25.989294052124023
3,12,21940,3,A07,2,0,EEGNet,25.989294052124023
3,13,23912,2,A07,2,1,EEGNet,25.989294052124023
3,14,25856,1,A07,2,0,EEGNet,25.989294052124023
3,15,27823,4,A07,4,1,EEGNet,25.989294052124023
3,16,29943,4,A07,2,0,EEGNet,25.989294052124023
3,17,31951,4,A07,2,0,EEGNet,25.989294052124023
3,18,34017,4,A07,4,1,EEGNet,25.989294052124023
3,19,36053,4,A07,4,1,EEGNet,25.989294052124023
3,20,38119,1,A07,1,1,EEGNet,25.989294052124023
3,21,40189,3,A07,3,1,EEGNet,25.989294052124023
3,22,42269,2,A07,2,1,EEGNet,25.989294052124023
3,23,44181,1,A07,3,0,EEGNet,25.989294052124023
3,24,46212,1,A07,2,0,EEGNet,25.989294052124023
3,25,48165,3,A07,4,0,EEGNet,25.989294052124023
3,26,50126,4,A07,2,0,EEGNet,25.989294052124023
3,27,52230,1,A07,1,1,EEGNet,25.989294052124023
3,28,54234,3,A07,2,0,EEGNet,25.989294052124023
3,29,56209,3,A07,2,0,EEGNet,25.989294052124023
3,30,58235,3,A07,1,0,EEGNet,25.989294052124023
3,31,60306,1,A07,1,1,EEGNet,25.989294052124023
3,32,62413,2,A07,2,1,EEGNet,25.989294052124023
3,33,64505,1,A07,2,0,EEGNet,25.989294052124023
3,34,66596,2,A07,2,1,EEGNet,25.989294052124023
3,35,68639,2,A07,2,1,EEGNet,25.989294052124023
3,36,70703,1,A07,2,0,EEGNet,25.989294052124023
3,37,72723,2,A07,1,0,EEGNet,25.989294052124023
3,38,74695,3,A07,3,1,EEGNet,25.989294052124023
3,39,76658,2,A07,2,1,EEGNet,25.989294052124023
3,40,78583,3,A07,3,1,EEGNet,25.989294052124023
3,41,80664,3,A07,4,0,EEGNet,25.989294052124023
3,42,82642,4,A07,4,1,EEGNet,25.989294052124023
3,43,84632,3,A07,3,1,EEGNet,25.989294052124023
3,44,86751,3,A07,3,1,EEGNet,25.989294052124023
3,45,88657,4,A07,2,0,EEGNet,25.989294052124023
3,46,90585,4,A07,4,1,EEGNet,25.989294052124023
3,47,92699,4,A07,4,1,EEGNet,25.989294052124023
3,48,94758,4,A07,4,1,EEGNet,25.989294052124023
4,2,2254,3,A07,1,0,EEGNet,25.989294052124023
4,3,4172,2,A07,2,1,EEGNet,25.989294052124023
4,4,6124,1,A07,2,0,EEGNet,25.989294052124023
4,5,8132,1,A07,2,0,EEGNet,25.989294052124023
4,6,10243,2,A07,1,0,EEGNet,25.989294052124023
4,7,12160,3,A07,1,0,EEGNet,25.989294052124023
4,8,14210,4,A07,4,1,EEGNet,25.989294052124023
4,9,16141,2,A07,4,0,EEGNet,25.989294052124023
4,10,18139,3,A07,4,0,EEGNet,25.989294052124023
4,11,20045,1,A07,3,0,EEGNet,25.989294052124023
4,12,21940,1,A07,1,1,EEGNet,25.989294052124023
4,13,23912,1,A07,3,0,EEGNet,25.989294052124023
4,14,25856,4,A07,4,1,EEGNet,25.989294052124023
4,15,27823,2,A07,1,0,EEGNet,25.989294052124023
4,16,29943,2,A07,2,1,EEGNet,25.989294052124023
4,17,31951,1,A07,2,0,EEGNet,25.989294052124023
4,18,34017,1,A07,3,0,EEGNet,25.989294052124023
4,19,36053,3,A07,4,0,EEGNet,25.989294052124023
4,20,38119,1,A07,3,0,EEGNet,25.989294052124023
4,21,40189,2,A07,2,1,EEGNet,25.989294052124023
4,22,42269,4,A07,4,1,EEGNet,25.989294052124023
4,23,44181,4,A07,2,0,EEGNet,25.989294052124023
4,24,46212,3,A07,4,0,EEGNet,25.989294052124023
4,25,48165,1,A07,4,0,EEGNet,25.989294052124023
4,26,50126,4,A07,4,1,EEGNet,25.989294052124023
4,27,52230,4,A07,4,1,EEGNet,25.989294052124023
4,28,54234,2,A07,2,1,EEGNet,25.989294052124023
4,29,56209,4,A07,4,1,EEGNet,25.989294052124023
4,30,58235,4,A07,4,1,EEGNet,25.989294052124023
4,31,60306,2,A07,1,0,EEGNet,25.989294052124023
4,32,62413,1,A07,4,0,EEGNet,25.989294052124023
4,33,64505,2,A07,1,0,EEGNet,25.989294052124023
4,34,66596,3,A07,3,1,EEGNet,25.989294052124023
4,35,68639,3,A07,2,0,EEGNet,25.989294052124023
4,36,70703,3,A07,4,0,EEGNet,25.989294052124023
4,38,74695,3,A07,2,0,EEGNet,25.989294052124023
4,39,76658,1,A07,2,0,EEGNet,25.989294052124023
4,40,78583,4,A07,4,1,EEGNet,25.989294052124023
4,41,80664,2,A07,1,0,EEGNet,25.989294052124023
4,42,82642,3,A07,4,0,EEGNet,25.989294052124023
4,43,84632,2,A07,2,1,EEGNet,25.989294052124023
4,44,86751,3,A07,3,1,EEGNet,25.989294052124023
4,46,90585,2,A07,4,0,EEGNet,25.989294052124023
4,47,92699,3,A07,4,0,EEGNet,25.989294052124023
4,48,94758,1,A07,4,0,EEGNet,25.989294052124023
5,1,251,1,A07,1,1,EEGNet,25.989294052124023
5,2,2254,1,A07,1,1,EEGNet,25.989294052124023
5,3,4172,4,A07,4,1,EEGNet,25.989294052124023
5,4,6124,2,A07,1,0,EEGNet,25.989294052124023
5,5,8132,1,A07,2,0,EEGNet,25.989294052124023
5,6,10243,3,A07,2,0,EEGNet,25.989294052124023
5,7,12160,1,A07,4,0,EEGNet,25.989294052124023
5,8,14210,3,A07,2,0,EEGNet,25.989294052124023
5,9,16141,2,A07,2,1,EEGNet,25.989294052124023
5,10,18139,4,A07,4,1,EEGNet,25.989294052124023
5,11,20045,1,A07,4,0,EEGNet,25.989294052124023
5,12,21940,3,A07,3,1,EEGNet,25.989294052124023
5,13,23912,3,A07,4,0,EEGNet,25.989294052124023
5,14,25856,1,A07,3,0,EEGNet,25.989294052124023
5,15,27823,3,A07,4,0,EEGNet,25.989294052124023
5,16,29943,2,A07,4,0,EEGNet,25.989294052124023
5,17,31951,4,A07,2,0,EEGNet,25.989294052124023
5,18,34017,4,A07,4,1,EEGNet,25.989294052124023
5,19,36053,4,A07,4,1,EEGNet,25.989294052124023
5,20,38119,3,A07,2,0,EEGNet,25.989294052124023
5,21,40189,1,A07,1,1,EEGNet,25.989294052124023
5,22,42269,4,A07,4,1,EEGNet,25.989294052124023
5,23,44181,2,A07,1,0,EEGNet,25.989294052124023
5,24,46212,4,A07,4,1,EEGNet,25.989294052124023
5,25,48165,2,A07,2,1,EEGNet,25.989294052124023
5,26,50126,1,A07,2,0,EEGNet,25.989294052124023
5,27,52230,3,A07,3,1,EEGNet,25.989294052124023
5,28,54234,2,A07,1,0,EEGNet,25.989294052124023
5,29,56209,1,A07,2,0,EEGNet,25.989294052124023
5,30,58235,3,A07,3,1,EEGNet,25.989294052124023
5,31,60306,3,A07,4,0,EEGNet,25.989294052124023
5,32,62413,1,A07,1,1,EEGNet,25.989294052124023
5,33,64505,3,A07,2,0,EEGNet,25.989294052124023
5,34,66596,4,A07,4,1,EEGNet,25.989294052124023
5,36,70703,2,A07,1,0,EEGNet,25.989294052124023
5,37,72723,1,A07,1,1,EEGNet,25.989294052124023
5,38,74695,2,A07,1,0,EEGNet,25.989294052124023
5,39,76658,4,A07,4,1,EEGNet,25.989294052124023
5,40,78583,2,A07,3,0,EEGNet,25.989294052124023
5,41,80664,4,A07,2,0,EEGNet,25.989294052124023
5,42,82642,3,A07,3,1,EEGNet,25.989294052124023
5,43,84632,2,A07,3,0,EEGNet,25.989294052124023
5,44,86751,2,A07,3,0,EEGNet,25.989294052124023
5,45,88657,2,A07,3,0,EEGNet,25.989294052124023
5,46,90585,3,A07,4,0,EEGNet,25.989294052124023
5,47,92699,4,A07,4,1,EEGNet,25.989294052124023
5,48,94758,1,A07,4,0,EEGNet,25.989294052124023
6,2,2254,4,A07,4,1,EEGNet,25.989294052124023
6,3,4172,1,A07,1,1,EEGNet,25.989294052124023
6,4,6124,3,A07,2,0,EEGNet,25.989294052124023
6,5,8132,3,A07,4,0,EEGNet,25.989294052124023
6,6,10243,4,A07,4,1,EEGNet,25.989294052124023
6,7,12160,1,A07,2,0,EEGNet,25.989294052124023
6,9,16141,3,A07,2,0,EEGNet,25.989294052124023
6,10,18139,2,A07,2,1,EEGNet,25.989294052124023
6,11,20045,4,A07,3,0,EEGNet,25.989294052124023
6,12,21940,4,A07,3,0,EEGNet,25.989294052124023
6,13,23912,4,A07,4,1,EEGNet,25.989294052124023
6,14,25856,2,A07,1,0,EEGNet,25.989294052124023
6,15,27823,1,A07,2,0,EEGNet,25.989294052124023
6,16,29943,3,A07,3,1,EEGNet,25.989294052124023
6,17,31951,2,A07,1,0,EEGNet,25.989294052124023
6,18,34017,4,A07,1,0,EEGNet,25.989294052124023
6,19,36053,1,A07,1,1,EEGNet,25.989294052124023
6,20,38119,4,A07,4,1,EEGNet,25.989294052124023
6,21,40189,3,A07,4,0,EEGNet,25.989294052124023
6,23,44181,4,A07,1,0,EEGNet,25.989294052124023
6,24,46212,4,A07,2,0,EEGNet,25.989294052124023
6,25,48165,1,A07,1,1,EEGNet,25.989294052124023
6,26,50126,2,A07,1,0,EEGNet,25.989294052124023
6,27,52230,2,A07,2,1,EEGNet,25.989294052124023
6,28,54234,3,A07,3,1,EEGNet,25.989294052124023
6,29,56209,4,A07,2,0,EEGNet,25.989294052124023
6,30,58235,2,A07,2,1,EEGNet,25.989294052124023
6,31,60306,1,A07,4,0,EEGNet,25.989294052124023
6,32,62413,1,A07,2,0,EEGNet,25.989294052124023
6,33,64505,4,A07,3,0,EEGNet,25.989294052124023
6,34,66596,2,A07,4,0,EEGNet,25.989294052124023
6,35,68639,1,A07,4,0,EEGNet,25.989294052124023
6,36,70703,3,A07,4,0,EEGNet,25.989294052124023
6,37,72723,2,A07,2,1,EEGNet,25.989294052124023
6,38,74695,2,A07,4,0,EEGNet,25.989294052124023
6,39,76658,3,A07,3,1,EEGNet,25.989294052124023
6,40,78583,1,A07,2,0,EEGNet,25.989294052124023
6,41,80664,4,A07,4,1,EEGNet,25.989294052124023
6,42,82642,3,A07,3,1,EEGNet,25.989294052124023
6,43,84632,3,A07,3,1,EEGNet,25.989294052124023
6,44,86751,3,A07,3,1,EEGNet,25.989294052124023
6,45,88657,3,A07,3,1,EEGNet,25.989294052124023
6,46,90585,1,A07,3,0,EEGNet,25.989294052124023
6,47,92699,2,A07,2,1,EEGNet,25.989294052124023
6,48,94758,1,A07,1,1,EEGNet,25.989294052124023
7,1,251,2,A07,1,0,EEGNet,25.989294052124023
7,2,2254,1,A07,1,1,EEGNet,25.989294052124023
7,3,4172,1,A07,1,1,EEGNet,25.989294052124023
7,4,6124,3,A07,2,0,EEGNet,25.989294052124023
7,5,8132,3,A07,3,1,EEGNet,25.989294052124023
7,6,10243,2,A07,1,0,EEGNet,25.989294052124023
7,7,12160,3,A07,2,0,EEGNet,25.989294052124023
7,8,14210,4,A07,3,0,EEGNet,25.989294052124023
7,9,16141,1,A07,2,0,EEGNet,25.989294052124023
7,10,18139,4,A07,4,1,EEGNet,25.989294052124023
7,11,20045,1,A07,4,0,EEGNet,25.989294052124023
7,12,21940,1,A07,1,1,EEGNet,25.989294052124023
7,13,23912,2,A07,1,0,EEGNet,25.989294052124023
7,15,27823,3,A07,3,1,EEGNet,25.989294052124023
7,16,29943,2,A07,2,1,EEGNet,25.989294052124023
7,17,31951,4,A07,4,1,EEGNet,25.989294052124023
7,18,34017,3,A07,4,0,EEGNet,25.989294052124023
7,19,36053,4,A07,2,0,EEGNet,25.989294052124023
7,20,38119,3,A07,2,0,EEGNet,25.989294052124023
7,21,40189,4,A07,4,1,EEGNet,25.989294052124023
7,22,42269,2,A07,2,1,EEGNet,25.989294052124023
7,23,44181,2,A07,2,1,EEGNet,25.989294052124023
7,24,46212,4,A07,4,1,EEGNet,25.989294052124023
7,25,48165,1,A07,1,1,EEGNet,25.989294052124023
7,27,52230,2,A07,1,0,EEGNet,25.989294052124023
7,28,54234,2,A07,1,0,EEGNet,25.989294052124023
7,29,56209,3,A07,2,0,EEGNet,25.989294052124023
7,30,58235,4,A07,3,0,EEGNet,25.989294052124023
7,31,60306,1,A07,1,1,EEGNet,25.989294052124023
7,32,62413,4,A07,2,0,EEGNet,25.989294052124023
7,33,64505,1,A07,2,0,EEGNet,25.989294052124023
7,34,66596,3,A07,4,0,EEGNet,25.989294052124023
7,35,68639,1,A07,2,0,EEGNet,25.989294052124023
7,36,70703,4,A07,2,0,EEGNet,25.989294052124023
7,37,72723,1,A07,2,0,EEGNet,25.989294052124023
7,38,74695,3,A07,4,0,EEGNet,25.989294052124023
7,39,76658,1,A07,1,1,EEGNet,25.989294052124023
7,40,78583,2,A07,1,0,EEGNet,25.989294052124023
7,41,80664,3,A07,3,1,EEGNet,25.989294052124023
7,42,82642,3,A07,2,0,EEGNet,25.989294052124023
7,43,84632,4,A07,3,0,EEGNet,25.989294052124023
7,44,86751,1,A07,1,1,EEGNet,25.989294052124023
7,45,88657,2,A07,2,1,EEGNet,25.989294052124023
7,46,90585,4,A07,2,0,EEGNet,25.989294052124023
7,47,92699,2,A07,3,0,EEGNet,25.989294052124023
7,48,94758,3,A07,3,1,EEGNet,25.989294052124023
8,2,2254,1,A07,3,0,EEGNet,25.989294052124023
8,3,4172,4,A07,2,0,EEGNet,25.989294052124023
8,4,6124,2,A07,1,0,EEGNet,25.989294052124023
8,5,8132,4,A07,4,1,EEGNet,25.989294052124023
8,6,10243,1,A07,1,1,EEGNet,25.989294052124023
8,7,12160,1,A07,1,1,EEGNet,25.989294052124023
8,8,14210,3,A07,4,0,EEGNet,25.989294052124023
8,9,16141,3,A07,1,0,EEGNet,25.989294052124023
8,10,18139,2,A07,2,1,EEGNet,25.989294052124023
8,11,20045,4,A07,4,1,EEGNet,25.989294052124023
8,12,21940,2,A07,1,0,EEGNet,25.989294052124023
8,13,23912,2,A07,2,1,EEGNet,25.989294052124023
8,14,25856,1,A07,1,1,EEGNet,25.989294052124023
8,15,27823,2,A07,4,0,EEGNet,25.989294052124023
8,16,29943,4,A07,4,1,EEGNet,25.989294052124023
8,17,31951,4,A07,3,0,EEGNet,25.989294052124023
8,18,34017,2,A07,2,1,EEGNet,25.989294052124023
8,19,36053,2,A07,3,0,EEGNet,25.989294052124023
8,20,38119,2,A07,1,0,EEGNet,25.989294052124023
8,21,40189,2,A07,4,0,EEGNet,25.989294052124023
8,22,42269,4,A07,4,1,EEGNet,25.989294052124023
8,23,44181,4,A07,2,0,EEGNet,25.989294052124023
8,24,46212,3,A07,2,0,EEGNet,25.989294052124023
8,25,48165,4,A07,2,0,EEGNet,25.989294052124023
8,26,50126,1,A07,3,0,EEGNet,25.989294052124023
8,27,52230,2,A07,2,1,EEGNet,25.989294052124023
8,28,54234,3,A07,3,1,EEGNet,25.989294052124023
8,29,56209,2,A07,4,0,EEGNet,25.989294052124023
8,30,58235,1,A07,2,0,EEGNet,25.989294052124023
8,31,60306,4,A07,2,0,EEGNet,25.989294052124023
8,32,62413,1,A07,2,0,EEGNet,25.989294052124023
8,33,64505,4,A07,3,0,EEGNet,25.989294052124023
8,34,66596,1,A07,1,1,EEGNet,25.989294052124023
8,35,68639,1,A07,1,1,EEGNet,25.989294052124023
8,36,70703,1,A07,3,0,EEGNet,25.989294052124023
8,37,72723,1,A07,1,1,EEGNet,25.989294052124023
8,38,74695,3,A07,1,0,EEGNet,25.989294052124023
8,39,76658,3,A07,3,1,EEGNet,25.989294052124023
8,40,78583,4,A07,4,1,EEGNet,25.989294052124023
8,41,80664,2,A07,2,1,EEGNet,25.989294052124023
8,42,82642,3,A07,3,1,EEGNet,25.989294052124023
8,43,84632,3,A07,4,0,EEGNet,25.989294052124023
8,44,86751,3,A07,3,1,EEGNet,25.989294052124023
8,45,88657,4,A07,3,0,EEGNet,25.989294052124023
8,46,90585,3,A07,2,0,EEGNet,25.989294052124023
8,47,92699,1,A07,4,0,EEGNet,25.989294052124023
8,48,94758,3,A07,4,0,EEGNet,25.989294052124023
3,1,251,1,A08,1,1,EEGNet,26.501178741455078
3,2,2254,2,A08,2,1,EEGNet,26.501178741455078
3,3,4172,2,A08,2,1,EEGNet,26.501178741455078
3,4,6124,1,A08,1,1,EEGNet,26.501178741455078
3,5,8132,2,A08,2,1,EEGNet,26.501178741455078
3,6,10243,1,A08,1,1,EEGNet,26.501178741455078
3,7,12160,2,A08,2,1,EEGNet,26.501178741455078
3,8,14210,3,A08,1,0,EEGNet,26.501178741455078
3,9,16141,2,A08,2,1,EEGNet,26.501178741455078
3,11,20045,1,A08,1,1,EEGNet,26.501178741455078
3,12,21940,3,A08,2,0,EEGNet,26.501178741455078
3,13,23912,2,A08,2,1,EEGNet,26.501178741455078
3,14,25856,1,A08,2,0,EEGNet,26.501178741455078
3,15,27823,4,A08,2,0,EEGNet,26.501178741455078
3,16,29943,4,A08,4,1,EEGNet,26.501178741455078
3,17,31951,4,A08,4,1,EEGNet,26.501178741455078
3,18,34017,4,A08,4,1,EEGNet,26.501178741455078
3,19,36053,4,A08,4,1,EEGNet,26.501178741455078
3,21,40189,3,A08,2,0,EEGNet,26.501178741455078
3,22,42269,2,A08,2,1,EEGNet,26.501178741455078
3,23,44181,1,A08,1,1,EEGNet,26.501178741455078
3,24,46212,1,A08,3,0,EEGNet,26.501178741455078
3,25,48165,3,A08,1,0,EEGNet,26.501178741455078
3,26,50126,4,A08,4,1,EEGNet,26.501178741455078
3,27,52230,1,A08,1,1,EEGNet,26.501178741455078
3,29,56209,3,A08,1,0,EEGNet,26.501178741455078
3,30,58235,3,A08,2,0,EEGNet,26.501178741455078
3,31,60306,1,A08,1,1,EEGNet,26.501178741455078
3,32,62413,2,A08,2,1,EEGNet,26.501178741455078
3,33,64505,1,A08,1,1,EEGNet,26.501178741455078
3,34,66596,2,A08,2,1,EEGNet,26.501178741455078
3,35,68639,2,A08,2,1,EEGNet,26.501178741455078
3,36,70703,1,A08,1,1,EEGNet,26.501178741455078
3,37,72723,2,A08,2,1,EEGNet,26.501178741455078
3,38,74695,3,A08,1,0,EEGNet,26.501178741455078
3,39,76658,2,A08,3,0,EEGNet,26.501178741455078
3,40,78583,3,A08,2,0,EEGNet,26.501178741455078
3,41,80664,3,A08,3,1,EEGNet,26.501178741455078
3,42,82642,4,A08,4,1,EEGNet,26.501178741455078
3,43,84632,3,A08,2,0,EEGNet,26.501178741455078
3,44,86751,3,A08,4,0,EEGNet,26.501178741455078
3,45,88657,4,A08,2,0,EEGNet,26.501178741455078
3,46,90585,4,A08,4,1,EEGNet,26.501178741455078
3,47,92699,4,A08,4,1,EEGNet,26.501178741455078
3,48,94758,4,A08,4,1,EEGNet,26.501178741455078
4,1,251,4,A08,3,0,EEGNet,26.501178741455078
4,2,2254,3,A08,3,1,EEGNet,26.501178741455078
4,3,4172,2,A08,2,1,EEGNet,26.501178741455078
4,4,6124,1,A08,1,1,EEGNet,26.501178741455078
4,5,8132,1,A08,1,1,EEGNet,26.501178741455078
4,6,10243,2,A08,2,1,EEGNet,26.501178741455078
4,7,12160,3,A08,1,0,EEGNet,26.501178741455078
4,8,14210,4,A08,4,1,EEGNet,26.501178741455078
4,9,16141,2,A08,1,0,EEGNet,26.501178741455078
4,10,18139,3,A08,2,0,EEGNet,26.501178741455078
4,11,20045,1,A08,1,1,EEGNet,26.501178741455078
4,12,21940,1,A08,1,1,EEGNet,26.501178741455078
4,13,23912,1,A08,1,1,EEGNet,26.501178741455078
4,14,25856,4,A08,4,1,EEGNet,26.501178741455078
4,15,27823,2,A08,2,1,EEGNet,26.501178741455078
4,16,29943,2,A08,2,1,EEGNet,26.501178741455078
4,17,31951,1,A08,1,1,EEGNet,26.501178741455078
4,18,34017,1,A08,1,1,EEGNet,26.501178741455078
4,20,38119,1,A08,3,0,EEGNet,26.501178741455078
4,21,40189,2,A08,2,1,EEGNet,26.501178741455078
4,22,42269,4,A08,4,1,EEGNet,26.501178741455078
4,23,44181,4,A08,4,1,EEGNet,26.501178741455078
4,24,46212,3,A08,1,0,EEGNet,26.501178741455078
4,25,48165,1,A08,1,1,EEGNet,26.501178741455078
4,26,50126,4,A08,4,1,EEGNet,26.501178741455078
4,27,52230,4,A08,4,1,EEGNet,26.501178741455078
4,28,54234,2,A08,2,1,EEGNet,26.501178741455078
4,29,56209,4,A08,4,1,EEGNet,26.501178741455078
4,30,58235,4,A08,4,1,EEGNet,26.501178741455078
4,31,60306,2,A08,3,0,EEGNet,26.501178741455078
4,32,62413,1,A08,1,1,EEGNet,26.501178741455078
4,33,64505,2,A08,2,1,EEGNet,26.501178741455078
4,34,66596,3,A08,3,1,EEGNet,26.501178741455078
4,35,68639,3,A08,4,0,EEGNet,26.501178741455078
4,36,70703,3,A08,4,0,EEGNet,26.501178741455078
4,37,72723,4,A08,4,1,EEGNet,26.501178741455078
4,38,74695,3,A08,1,0,EEGNet,26.501178741455078
4,39,76658,1,A08,1,1,EEGNet,26.501178741455078
4,40,78583,4,A08,2,0,EEGNet,26.501178741455078
4,41,80664,2,A08,2,1,EEGNet,26.501178741455078
4,42,82642,3,A08,3,1,EEGNet,26.501178741455078
4,44,86751,3,A08,2,0,EEGNet,26.501178741455078
4,46,90585,2,A08,2,1,EEGNet,26.501178741455078
4,47,92699,3,A08,1,0,EEGNet,26.501178741455078
4,48,94758,1,A08,3,0,EEGNet,26.501178741455078
5,1,251,1,A08,1,1,EEGNet,26.501178741455078
5,2,2254,1,A08,1,1,EEGNet,26.501178741455078
5,3,4172,4,A08,4,1,EEGNet,26.501178741455078
5,4,6124,2,A08,2,1,EEGNet,26.501178741455078
5,5,8132,1,A08,1,1,EEGNet,26.501178741455078
5,6,10243,3,A08,1,0,EEGNet,26.501178741455078
5,7,12160,1,A08,1,1,EEGNet,26.501178741455078
5,8,14210,3,A08,3,1,EEGNet,26.501178741455078
5,9,16141,2,A08,2,1,EEGNet,26.501178741455078
5,10,18139,4,A08,4,1,EEGNet,26.501178741455078
5,11,20045,1,A08,1,1,EEGNet,26.501178741455078
5,12,21940,3,A08,1,0,EEGNet,26.501178741455078
5,13,23912,3,A08,1,0,EEGNet,26.501178741455078
5,14,25856,1,A08,1,1,EEGNet,26.501178741455078
5,15,27823,3,A08,3,1,EEGNet,26.501178741455078
5,16,29943,2,A08,3,0,EEGNet,26.501178741455078
5,17,31951,4,A08,4,1,EEGNet,26.501178741455078
5,18,34017,4,A08,3,0,EEGNet,26.501178741455078
5,19,36053,4,A08,4,1,EEGNet,26.501178741455078
5,20,38119,3,A08,3,1,EEGNet,26.501178741455078
5,21,40189,1,A08,1,1,EEGNet,26.501178741455078
5,22,42269,4,A08,2,0,EEGNet,26.501178741455078
5,23,44181,2,A08,2,1,EEGNet,26.501178741455078
5,25,48165,2,A08,2,1,EEGNet,26.501178741455078
5,26,50126,1,A08,1,1,EEGNet,26.501178741455078
5,27,52230,3,A08,3,1,EEGNet,26.501178741455078
5,28,54234,2,A08,2,1,EEGNet,26.501178741455078
5,29,56209,1,A08,1,1,EEGNet,26.501178741455078
5,30,58235,3,A08,2,0,EEGNet,26.501178741455078
5,31,60306,3,A08,3,1,EEGNet,26.501178741455078
5,32,62413,1,A08,1,1,EEGNet,26.501178741455078
5,33,64505,3,A08,1,0,EEGNet,26.501178741455078
5,34,66596,4,A08,4,1,EEGNet,26.501178741455078
5,35,68639,4,A08,1,0,EEGNet,26.501178741455078
5,36,70703,2,A08,3,0,EEGNet,26.501178741455078
5,37,72723,1,A08,1,1,EEGNet,26.501178741455078
5,38,74695,2,A08,2,1,EEGNet,26.501178741455078
5,39,76658,4,A08,4,1,EEGNet,26.501178741455078
5,40,78583,2,A08,2,1,EEGNet,26.501178741455078
5,41,80664,4,A08,4,1,EEGNet,26.501178741455078
5,42,82642,3,A08,3,1,EEGNet,26.501178741455078
5,43,84632,2,A08,2,1,EEGNet,26.501178741455078
5,44,86751,2,A08,2,1,EEGNet,26.501178741455078
5,45,88657,2,A08,2,1,EEGNet,26.501178741455078
5,46,90585,3,A08,1,0,EEGNet,26.501178741455078
5,47,92699,4,A08,4,1,EEGNet,26.501178741455078
5,48,94758,1,A08,1,1,EEGNet,26.501178741455078
6,1,251,2,A08,2,1,EEGNet,26.501178741455078
6,3,4172,1,A08,1,1,EEGNet,26.501178741455078
6,4,6124,3,A08,3,1,EEGNet,26.501178741455078
6,5,8132,3,A08,1,0,EEGNet,26.501178741455078
6,6,10243,4,A08,4,1,EEGNet,26.501178741455078
6,8,14210,1,A08,1,1,EEGNet,26.501178741455078
6,9,16141,3,A08,2,0,EEGNet,26.501178741455078
6,10,18139,2,A08,2,1,EEGNet,26.501178741455078
6,11,20045,4,A08,4,1,EEGNet,26.501178741455078
6,12,21940,4,A08,4,1,EEGNet,26.501178741455078
6,13,23912,4,A08,3,0,EEGNet,26.501178741455078
6,14,25856,2,A08,3,0,EEGNet,26.501178741455078
6,15,27823,1,A08,1,1,EEGNet,26.501178741455078
6,16,29943,3,A08,2,0,EEGNet,26.501178741455078
6,17,31951,2,A08,2,1,EEGNet,26.501178741455078
6,18,34017,4,A08,1,0,EEGNet,26.501178741455078
6,19,36053,1,A08,1,1,EEGNet,26.501178741455078
6,20,38119,4,A08,3,0,EEGNet,26.501178741455078
6,21,40189,3,A08,1,0,EEGNet,26.501178741455078
6,22,42269,2,A08,2,1,EEGNet,26.501178741455078
6,23,44181,4,A08,1,0,EEGNet,26.501178741455078
6,24,46212,4,A08,4,1,EEGNet,26.501178741455078
6,25,48165,1,A08,3,0,EEGNet,26.501178741455078
6,26,50126,2,A08,2,1,EEGNet,26.501178741455078
6,27,52230,2,A08,2,1,EEGNet,26.501178741455078
6,28,54234,3,A08,1,0,EEGNet,26.501178741455078
6,29,56209,4,A08,4,1,EEGNet,26.501178741455078
6,30,58235,2,A08,2,1,EEGNet,26.501178741455078
6,32,62413,1,A08,1,1,EEGNet,26.501178741455078
6,33,64505,4,A08,4,1,EEGNet,26.501178741455078
6,34,66596,2,A08,2,1,EEGNet,26.501178741455078
6,35,68639,1,A08,1,1,EEGNet,26.501178741455078
6,36,70703,3,A08,1,0,EEGNet,26.501178741455078
6,37,72723,2,A08,2,1,EEGNet,26.501178741455078
6,38,74695,2,A08,2,1,EEGNet,26.501178741455078
6,39,76658,3,A08,1,0,EEGNet,26.501178741455078
6,40,78583,1,A08,1,1,EEGNet,26.501178741455078
6,41,80664,4,A08,4,1,EEGNet,26.501178741455078
6,42,82642,3,A08,1,0,EEGNet,26.501178741455078
6,43,84632,3,A08,3,1,EEGNet,26.501178741455078
6,44,86751,3,A08,1,0,EEGNet,26.501178741455078
6,45,88657,3,A08,1,0,EEGNet,26.501178741455078
6,46,90585,1,A08,1,1,EEGNet,26.501178741455078
6,47,92699,2,A08,2,1,EEGNet,26.501178741455078
6,48,94758,1,A08,1,1,EEGNet,26.501178741455078
7,1,251,2,A08,2,1,EEGNet,26.501178741455078
7,2,2254,1,A08,1,1,EEGNet,26.501178741455078
7,3,4172,1,A08,1,1,EEGNet,26.501178741455078
7,4,6124,3,A08,2,0,EEGNet,26.501178741455078
7,5,8132,3,A08,1,0,EEGNet,26.501178741455078
7,6,10243,2,A08,2,1,EEGNet,26.501178741455078
7,7,12160,3,A08,1,0,EEGNet,26.501178741455078
7,8,14210,4,A08,4,1,EEGNet,26.501178741455078
7,9,16141,1,A08,1,1,EEGNet,26.501178741455078
7,10,18139,4,A08,1,0,EEGNet,26.501178741455078
7,11,20045,1,A08,1,1,EEGNet,26.501178741455078
7,12,21940,1,A08,1,1,EEGNet,26.501178741455078
7,13,23912,2,A08,2,1,EEGNet,26.501178741455078
7,14,25856,4,A08,1,0,EEGNet,26.501178741455078
7,15,27823,3,A08,2,0,EEGNet,26.501178741455078
7,16,29943,2,A08,2,1,EEGNet,26.501178741455078
7,17,31951,4,A08,4,1,EEGNet,26.501178741455078
7,18,34017,3,A08,3,1,EEGNet,26.501178741455078
7,19,36053,4,A08,4,1,EEGNet,26.501178741455078
7,20,38119,3,A08,3,1,EEGNet,26.501178741455078
7,21,40189,4,A08,2,0,EEGNet,26.501178741455078
7,22,42269,2,A08,2,1,EEGNet,26.501178741455078
7,24,46212,4,A08,4,1,EEGNet,26.501178741455078
7,25,48165,1,A08,1,1,EEGNet,26.501178741455078
7,26,50126,2,A08,2,1,EEGNet,26.501178741455078
7,27,52230,2,A08,3,0,EEGNet,26.501178741455078
7,28,54234,2,A08,3,0,EEGNet,26.501178741455078
7,29,56209,3,A08,1,0,EEGNet,26.501178741455078
7,30,58235,4,A08,4,1,EEGNet,26.501178741455078
7,31,60306,1,A08,1,1,EEGNet,26.501178741455078
7,32,62413,4,A08,4,1,EEGNet,26.501178741455078
7,33,64505,1,A08,1,1,EEGNet,26.501178741455078
7,34,66596,3,A08,3,1,EEGNet,26.501178741455078
7,35,68639,1,A08,3,0,EEGNet,26.501178741455078
7,36,70703,4,A08,3,0,EEGNet,26.501178741455078
7,37,72723,1,A08,3,0,EEGNet,26.501178741455078
7,38,74695,3,A08,3,1,EEGNet,26.501178741455078
7,39,76658,1,A08,1,1,EEGNet,26.501178741455078
7,40,78583,2,A08,2,1,EEGNet,26.501178741455078
7,41,80664,3,A08,1,0,EEGNet,26.501178741455078
7,42,82642,3,A08,4,0,EEGNet,26.501178741455078
7,43,84632,4,A08,4,1,EEGNet,26.501178741455078
7,44,86751,1,A08,1,1,EEGNet,26.501178741455078
7,45,88657,2,A08,2,1,EEGNet,26.501178741455078
7,46,90585,4,A08,4,1,EEGNet,26.501178741455078
7,47,92699,2,A08,2,1,EEGNet,26.501178741455078
7,48,94758,3,A08,1,0,EEGNet,26.501178741455078
8,1,251,3,A08,1,0,EEGNet,26.501178741455078
8,3,4172,4,A08,4,1,EEGNet,26.501178741455078
8,4,6124,2,A08,2,1,EEGNet,26.501178741455078
8,5,8132,4,A08,4,1,EEGNet,26.501178741455078
8,6,10243,1,A08,1,1,EEGNet,26.501178741455078
8,8,14210,3,A08,2,0,EEGNet,26.501178741455078
8,9,16141,3,A08,4,0,EEGNet,26.501178741455078
8,10,18139,2,A08,2,1,EEGNet,26.501178741455078
8,11,20045,4,A08,4,1,EEGNet,26.501178741455078
8,13,23912,2,A08,2,1,EEGNet,26.501178741455078
8,14,25856,1,A08,1,1,EEGNet,26.501178741455078
8,15,27823,2,A08,1,0,EEGNet,26.501178741455078
8,16,29943,4,A08,3,0,EEGNet,26.501178741455078
8,17,31951,4,A08,4,1,EEGNet,26.501178741455078
8,18,34017,2,A08,2,1,EEGNet,26.501178741455078
8,20,38119,2,A08,2,1,EEGNet,26.501178741455078
8,21,40189,2,A08,3,0,EEGNet,26.501178741455078
8,22,42269,4,A08,1,0,EEGNet,26.501178741455078
8,23,44181,4,A08,4,1,EEGNet,26.501178741455078
8,24,46212,3,A08,1,0,EEGNet,26.501178741455078
8,25,48165,4,A08,1,0,EEGNet,26.501178741455078
8,26,50126,1,A08,1,1,EEGNet,26.501178741455078
8,27,52230,2,A08,2,1,EEGNet,26.501178741455078
8,28,54234,3,A08,1,0,EEGNet,26.501178741455078
8,29,56209,2,A08,2,1,EEGNet,26.501178741455078
8,30,58235,1,A08,1,1,EEGNet,26.501178741455078
8,31,60306,4,A08,4,1,EEGNet,26.501178741455078
8,32,62413,1,A08,1,1,EEGNet,26.501178741455078
8,33,64505,4,A08,3,0,EEGNet,26.501178741455078
8,34,66596,1,A08,1,1,EEGNet,26.501178741455078
8,35,68639,1,A08,1,1,EEGNet,26.501178741455078
8,36,70703,1,A08,1,1,EEGNet,26.501178741455078
8,38,74695,3,A08,3,1,EEGNet,26.501178741455078
8,39,76658,3,A08,3,1,EEGNet,26.501178741455078
8,40,78583,4,A08,2,0,EEGNet,26.501178741455078
8,41,80664,2,A08,2,1,EEGNet,26.501178741455078
8,42,82642,3,A08,1,0,EEGNet,26.501178741455078
8,43,84632,3,A08,4,0,EEGNet,26.501178741455078
8,44,86751,3,A08,1,0,EEGNet,26.501178741455078
8,45,88657,4,A08,4,1,EEGNet,26.501178741455078
8,47,92699,1,A08,1,1,EEGNet,26.501178741455078
8,48,94758,3,A08,4,0,EEGNet,26.501178741455078
3,1,251,1,A09,1,1,EEGNet,33.32972526550293
3,2,2254,2,A09,2,1,EEGNet,33.32972526550293
3,3,4172,2,A09,2,1,EEGNet,33.32972526550293
3,4,6124,1,A09,1,1,EEGNet,33.32972526550293
3,5,8132,2,A09,2,1,EEGNet,33.32972526550293
3,6,10243,1,A09,1,1,EEGNet,33.32972526550293
3,7,12160,2,A09,2,1,EEGNet,33.32972526550293
3,8,14210,3,A09,2,0,EEGNet,33.32972526550293
3,9,16141,2,A09,1,0,EEGNet,33.32972526550293
3,10,18139,4,A09,4,1,EEGNet,33.32972526550293
3,11,20045,1,A09,1,1,EEGNet,33.32972526550293
3,12,21940,3,A09,2,0,EEGNet,33.32972526550293
3,13,23912,2,A09,2,1,EEGNet,33.32972526550293
3,14,25856,1,A09,1,1,EEGNet,33.32972526550293
3,15,27823,4,A09,4,1,EEGNet,33.32972526550293
3,17,31951,4,A09,4,1,EEGNet,33.32972526550293
3,18,34017,4,A09,4,1,EEGNet,33.32972526550293
3,19,36053,4,A09,4,1,EEGNet,33.32972526550293
3,20,38119,1,A09,1,1,EEGNet,33.32972526550293
3,21,40189,3,A09,3,1,EEGNet,33.32972526550293
3,22,42269,2,A09,1,0,EEGNet,33.32972526550293
3,23,44181,1,A09,1,1,EEGNet,33.32972526550293
3,24,46212,1,A09,1,1,EEGNet,33.32972526550293
3,25,48165,3,A09,3,1,EEGNet,33.32972526550293
3,26,50126,4,A09,4,1,EEGNet,33.32972526550293
3,27,52230,1,A09,2,0,EEGNet,33.32972526550293
3,28,54234,3,A09,3,1,EEGNet,33.32972526550293
3,29,56209,3,A09,1,0,EEGNet,33.32972526550293
3,30,58235,3,A09,3,1,EEGNet,33.32972526550293
3,31,60306,1,A09,1,1,EEGNet,33.32972526550293
3,33,64505,1,A09,1,1,EEGNet,33.32972526550293
3,34,66596,2,A09,2,1,EEGNet,33.32972526550293
3,35,68639,2,A09,2,1,EEGNet,33.32972526550293
3,36,70703,1,A09,1,1,EEGNet,33.32972526550293
3,37,72723,2,A09,2,1,EEGNet,33.32972526550293
3,38,74695,3,A09,2,0,EEGNet,33.32972526550293
3,40,78583,3,A09,3,1,EEGNet,33.32972526550293
3,41,80664,3,A09,3,1,EEGNet,33.32972526550293
3,42,82642,4,A09,4,1,EEGNet,33.32972526550293
3,43,84632,3,A09,3,1,EEGNet,33.32972526550293
3,44,86751,3,A09,1,0,EEGNet,33.32972526550293
3,45,88657,4,A09,4,1,EEGNet,33.32972526550293
3,46,90585,4,A09,2,0,EEGNet,33.32972526550293
3,47,92699,4,A09,4,1,EEGNet,33.32972526550293
3,48,94758,4,A09,4,1,EEGNet,33.32972526550293
4,1,251,4,A09,4,1,EEGNet,33.32972526550293
4,2,2254,3,A09,3,1,EEGNet,33.32972526550293
4,3,4172,2,A09,2,1,EEGNet,33.32972526550293
4,4,6124,1,A09,1,1,EEGNet,33.32972526550293
4,5,8132,1,A09,2,0,EEGNet,33.32972526550293
4,6,10243,2,A09,2,1,EEGNet,33.32972526550293
4,7,12160,3,A09,3,1,EEGNet,33.32972526550293
4,8,14210,4,A09,4,1,EEGNet,33.32972526550293
4,9,16141,2,A09,2,1,EEGNet,33.32972526550293
4,10,18139,3,A09,3,1,EEGNet,33.32972526550293
4,12,21940,1,A09,1,1,EEGNet,33.32972526550293
4,13,23912,1,A09,1,1,EEGNet,33.32972526550293
4,14,25856,4,A09,4,1,EEGNet,33.32972526550293
4,15,27823,2,A09,3,0,EEGNet,33.32972526550293
4,16,29943,2,A09,2,1,EEGNet,33.32972526550293
4,17,31951,1,A09,1,1,EEGNet,33.32972526550293
4,18,34017,1,A09,2,0,EEGNet,33.32972526550293
4,19,36053,3,A09,3,1,EEGNet,33.32972526550293
4,20,38119,1,A09,1,1,EEGNet,33.32972526550293
4,21,40189,2,A09,2,1,EEGNet,33.32972526550293
4,22,42269,4,A09,3,0,EEGNet,33.32972526550293
4,23,44181,4,A09,3,0,EEGNet,33.32972526550293
4,24,46212,3,A09,3,1,EEGNet,33.32972526550293
4,25,48165,1,A09,1,1,EEGNet,33.32972526550293
4,26,50126,4,A09,4,1,EEGNet,33.32972526550293
4,27,52230,4,A09,4,1,EEGNet,33.32972526550293
4,28,54234,2,A09,3,0,EEGNet,33.32972526550293
4,29,56209,4,A09,4,1,EEGNet,33.32972526550293
4,30,58235,4,A09,4,1,EEGNet,33.32972526550293
4,31,60306,2,A09,1,0,EEGNet,33.32972526550293
4,32,62413,1,A09,1,1,EEGNet,33.32972526550293
4,33,64505,2,A09,2,1,EEGNet,33.32972526550293
4,34,66596,3,A09,3,1,EEGNet,33.32972526550293
4,35,68639,3,A09,3,1,EEGNet,33.32972526550293
4,36,70703,3,A09,3,1,EEGNet,33.32972526550293
4,37,72723,4,A09,4,1,EEGNet,33.32972526550293
4,38,74695,3,A09,3,1,EEGNet,33.32972526550293
4,39,76658,1,A09,1,1,EEGNet,33.32972526550293
4,40,78583,4,A09,4,1,EEGNet,33.32972526550293
4,41,80664,2,A09,4,0,EEGNet,33.32972526550293
4,42,82642,3,A09,3,1,EEGNet,33.32972526550293
4,43,84632,2,A09,4,0,EEGNet,33.32972526550293
4,44,86751,3,A09,2,0,EEGNet,33.32972526550293
4,45,88657,4,A09,4,1,EEGNet,33.32972526550293
4,46,90585,2,A09,2,1,EEGNet,33.32972526550293
4,47,92699,3,A09,4,0,EEGNet,33.32972526550293
4,48,94758,1,A09,2,0,EEGNet,33.32972526550293
5,1,251,1,A09,2,0,EEGNet,33.32972526550293
5,2,2254,1,A09,2,0,EEGNet,33.32972526550293
5,3,4172,4,A09,4,1,EEGNet,33.32972526550293
5,4,6124,2,A09,2,1,EEGNet,33.32972526550293
5,5,8132,1,A09,1,1,EEGNet,33.32972526550293
5,6,10243,3,A09,3,1,EEGNet,33.32972526550293
5,7,12160,1,A09,1,1,EEGNet,33.32972526550293
5,8,14210,3,A09,3,1,EEGNet,33.32972526550293
5,10,18139,4,A09,4,1,EEGNet,33.32972526550293
5,11,20045,1,A09,1,1,EEGNet,33.32972526550293
5,13,23912,3,A09,3,1,EEGNet,33.32972526550293
5,14,25856,1,A09,1,1,EEGNet,33.32972526550293
5,15,27823,3,A09,1,0,EEGNet,33.32972526550293
5,16,29943,2,A09,4,0,EEGNet,33.32972526550293
5,17,31951,4,A09,2,0,EEGNet,33.32972526550293
5,18,34017,4,A09,4,1,EEGNet,33.32972526550293
5,20,38119,3,A09,3,1,EEGNet,33.32972526550293
5,21,40189,1,A09,1,1,EEGNet,33.32972526550293
5,22,42269,4,A09,4,1,EEGNet,33.32972526550293
5,23,44181,2,A09,2,1,EEGNet,33.32972526550293
5,24,46212,4,A09,4,1,EEGNet,33.32972526550293
5,25,48165,2,A09,3,0,EEGNet,33.32972526550293
5,26,50126,1,A09,1,1,EEGNet,33.32972526550293
5,27,52230,3,A09,3,1,EEGNet,33.32972526550293
5,28,54234,2,A09,2,1,EEGNet,33.32972526550293
5,29,56209,1,A09,2,0,EEGNet,33.32972526550293
5,30,58235,3,A09,3,1,EEGNet,33.32972526550293
5,31,60306,3,A09,4,0,EEGNet,33.32972526550293
5,32,62413,1,A09,1,1,EEGNet,33.32972526550293
5,33,64505,3,A09,4,0,EEGNet,33.32972526550293
5,34,66596,4,A09,4,1,EEGNet,33.32972526550293
5,35,68639,4,A09,4,1,EEGNet,33.32972526550293
5,37,72723,1,A09,3,0,EEGNet,33.32972526550293
5,38,74695,2,A09,3,0,EEGNet,33.32972526550293
5,39,76658,4,A09,4,1,EEGNet,33.32972526550293
5,40,78583,2,A09,2,1,EEGNet,33.32972526550293
5,41,80664,4,A09,4,1,EEGNet,33.32972526550293
5,43,84632,2,A09,2,1,EEGNet,33.32972526550293
5,44,86751,2,A09,4,0,EEGNet,33.32972526550293
5,45,88657,2,A09,4,0,EEGNet,33.32972526550293
5,46,90585,3,A09,3,1,EEGNet,33.32972526550293
5,47,92699,4,A09,4,1,EEGNet,33.32972526550293
5,48,94758,1,A09,1,1,EEGNet,33.32972526550293
6,1,251,2,A09,1,0,EEGNet,33.32972526550293
6,3,4172,1,A09,1,1,EEGNet,33.32972526550293
6,4,6124,3,A09,3,1,EEGNet,33.32972526550293
6,5,8132,3,A09,3,1,EEGNet,33.32972526550293
6,6,10243,4,A09,4,1,EEGNet,33.32972526550293
6,7,12160,1,A09,1,1,EEGNet,33.32972526550293
6,8,14210,1,A09,1,1,EEGNet,33.32972526550293
6,10,18139,2,A09,3,0,EEGNet,33.32972526550293
6,11,20045,4,A09,4,1,EEGNet,33.32972526550293
6,12,21940,4,A09,2,0,EEGNet,33.32972526550293
6,13,23912,4,A09,2,0,EEGNet,33.32972526550293
6,14,25856,2,A09,2,1,EEGNet,33.32972526550293
6,16,29943,3,A09,3,1,EEGNet,33.32972526550293
6,17,31951,2,A09,1,0,EEGNet,33.32972526550293
6,18,34017,4,A09,4,1,EEGNet,33.32972526550293
6,20,38119,4,A09,4,1,EEGNet,33.32972526550293
6,21,40189,3,A09,3,1,EEGNet,33.32972526550293
6,22,42269,2,A09,4,0,EEGNet,33.32972526550293
6,23,44181,4,A09,4,1,EEGNet,33.32972526550293
6,24,46212,4,A09,4,1,EEGNet,33.32972526550293
6,25,48165,1,A09,1,1,EEGNet,33.32972526550293
6,26,50126,2,A09,3,0,EEGNet,33.32972526550293
6,27,52230,2,A09,3,0,EEGNet,33.32972526550293
6,28,54234,3,A09,3,1,EEGNet,33.32972526550293
6,30,58235,2,A09,3,0,EEGNet,33.32972526550293
6,31,60306,1,A09,1,1,EEGNet,33.32972526550293
6,32,62413,1,A09,1,1,EEGNet,33.32972526550293
6,33,64505,4,A09,3,0,EEGNet,33.32972526550293
6,34,66596,2,A09,2,1,EEGNet,33.32972526550293
6,35,68639,1,A09,1,1,EEGNet,33.32972526550293
6,36,70703,3,A09,4,0,EEGNet,33.32972526550293
6,37,72723,2,A09,2,1,EEGNet,33.32972526550293
6,38,74695,2,A09,3,0,EEGNet,33.32972526550293
6,39,76658,3,A09,3,1,EEGNet,33.32972526550293
6,40,78583,1,A09,1,1,EEGNet,33.32972526550293
6,41,80664,4,A09,4,1,EEGNet,33.32972526550293
6,42,82642,3,A09,1,0,EEGNet,33.32972526550293
6,43,84632,3,A09,3,1,EEGNet,33.32972526550293
6,44,86751,3,A09,3,1,EEGNet,33.32972526550293
6,45,88657,3,A09,3,1,EEGNet,33.32972526550293
6,46,90585,1,A09,1,1,EEGNet,33.32972526550293
6,47,92699,2,A09,2,1,EEGNet,33.32972526550293
6,48,94758,1,A09,1,1,EEGNet,33.32972526550293
7,1,251,2,A09,3,0,EEGNet,33.32972526550293
7,2,2254,1,A09,1,1,EEGNet,33.32972526550293
7,3,4172,1,A09,1,1,EEGNet,33.32972526550293
7,4,6124,3,A09,3,1,EEGNet,33.32972526550293
7,5,8132,3,A09,3,1,EEGNet,33.32972526550293
7,7,12160,3,A09,3,1,EEGNet,33.32972526550293
7,8,14210,4,A09,2,0,EEGNet,33.32972526550293
7,9,16141,1,A09,1,1,EEGNet,33.32972526550293
7,10,18139,4,A09,4,1,EEGNet,33.32972526550293
7,11,20045,1,A09,1,1,EEGNet,33.32972526550293
7,12,21940,1,A09,1,1,EEGNet,33.32972526550293
7,13,23912,2,A09,2,1,EEGNet,33.32972526550293
7,14,25856,4,A09,4,1,EEGNet,33.32972526550293
7,15,27823,3,A09,3,1,EEGNet,33.32972526550293
7,16,29943,2,A09,2,1,EEGNet,33.32972526550293
7,17,31951,4,A09,4,1,EEGNet,33.32972526550293
7,18,34017,3,A09,3,1,EEGNet,33.32972526550293
7,19,36053,4,A09,4,1,EEGNet,33.32972526550293
7,20,38119,3,A09,4,0,EEGNet,33.32972526550293
7,21,40189,4,A09,4,1,EEGNet,33.32972526550293
7,22,42269,2,A09,2,1,EEGNet,33.32972526550293
7,23,44181,2,A09,2,1,EEGNet,33.32972526550293
7,25,48165,1,A09,1,1,EEGNet,33.32972526550293
7,26,50126,2,A09,3,0,EEGNet,33.32972526550293
7,27,52230,2,A09,3,0,EEGNet,33.32972526550293
7,28,54234,2,A09,2,1,EEGNet,33.32972526550293
7,29,56209,3,A09,3,1,EEGNet,33.32972526550293
7,30,58235,4,A09,4,1,EEGNet,33.32972526550293
7,31,60306,1,A09,1,1,EEGNet,33.32972526550293
7,32,62413,4,A09,4,1,EEGNet,33.32972526550293
7,33,64505,1,A09,1,1,EEGNet,33.32972526550293
7,34,66596,3,A09,3,1,EEGNet,33.32972526550293
7,36,70703,4,A09,4,1,EEGNet,33.32972526550293
7,38,74695,3,A09,3,1,EEGNet,33.32972526550293
7,39,76658,1,A09,3,0,EEGNet,33.32972526550293
7,41,80664,3,A09,3,1,EEGNet,33.32972526550293
7,42,82642,3,A09,3,1,EEGNet,33.32972526550293
7,43,84632,4,A09,4,1,EEGNet,33.32972526550293
7,44,86751,1,A09,2,0,EEGNet,33.32972526550293
7,45,88657,2,A09,2,1,EEGNet,33.32972526550293
7,46,90585,4,A09,4,1,EEGNet,33.32972526550293
7,47,92699,2,A09,2,1,EEGNet,33.32972526550293
7,48,94758,3,A09,2,0,EEGNet,33.32972526550293
8,1,251,3,A09,3,1,EEGNet,33.32972526550293
8,2,2254,1,A09,2,0,EEGNet,33.32972526550293
8,3,4172,4,A09,4,1,EEGNet,33.32972526550293
8,4,6124,2,A09,1,0,EEGNet,33.32972526550293
8,5,8132,4,A09,4,1,EEGNet,33.32972526550293
8,6,10243,1,A09,2,0,EEGNet,33.32972526550293
8,7,12160,1,A09,3,0,EEGNet,33.32972526550293
8,8,14210,3,A09,2,0,EEGNet,33.32972526550293
8,9,16141,3,A09,3,1,EEGNet,33.32972526550293
8,10,18139,2,A09,2,1,EEGNet,33.32972526550293
8,11,20045,4,A09,4,1,EEGNet,33.32972526550293
8,12,21940,2,A09,3,0,EEGNet,33.32972526550293
8,13,23912,2,A09,2,1,EEGNet,33.32972526550293
8,14,25856,1,A09,1,1,EEGNet,33.32972526550293
8,15,27823,2,A09,2,1,EEGNet,33.32972526550293
8,16,29943,4,A09,4,1,EEGNet,33.32972526550293
8,17,31951,4,A09,3,0,EEGNet,33.32972526550293
8,18,34017,2,A09,2,1,EEGNet,33.32972526550293
8,19,36053,2,A09,2,1,EEGNet,33.32972526550293
8,20,38119,2,A09,3,0,EEGNet,33.32972526550293
8,21,40189,2,A09,1,0,EEGNet,33.32972526550293
8,22,42269,4,A09,4,1,EEGNet,33.32972526550293
8,23,44181,4,A09,4,1,EEGNet,33.32972526550293
8,24,46212,3,A09,2,0,EEGNet,33.32972526550293
8,25,48165,4,A09,4,1,EEGNet,33.32972526550293
8,26,50126,1,A09,1,1,EEGNet,33.32972526550293
8,27,52230,2,A09,3,0,EEGNet,33.32972526550293
8,28,54234,3,A09,3,1,EEGNet,33.32972526550293
8,30,58235,1,A09,1,1,EEGNet,33.32972526550293
8,32,62413,1,A09,1,1,EEGNet,33.32972526550293
8,33,64505,4,A09,4,1,EEGNet,33.32972526550293
8,36,70703,1,A09,4,0,EEGNet,33.32972526550293
8,37,72723,1,A09,4,0,EEGNet,33.32972526550293
8,38,74695,3,A09,3,1,EEGNet,33.32972526550293
8,39,76658,3,A09,3,1,EEGNet,33.32972526550293
8,40,78583,4,A09,4,1,EEGNet,33.32972526550293
8,41,80664,2,A09,3,0,EEGNet,33.32972526550293
8,42,82642,3,A09,2,0,EEGNet,33.32972526550293
8,43,84632,3,A09,3,1,EEGNet,33.32972526550293
8,44,86751,3,A09,3,1,EEGNet,33.32972526550293
8,46,90585,3,A09,3,1,EEGNet,33.32972526550293
8,47,92699,1,A09,1,1,EEGNet,33.32972526550293
8,48,94758,3,A09,1,0,EEGNet,33.32972526550293
