Subject,Run,Trial,Overall_Central_R2,Overall_Central_R2,Overall_Central_R2,Overall_Central_R2,Theta_Central_R2,Theta_Central_R2,Theta_Central_R2,Theta_Central_R2,Alpha_Mu_Central_R2,Alpha_Mu_Central_R2,Alpha_Mu_Central_R2,Alpha_Mu_Central_R2,Beta_Central_R2,Beta_Central_R2,Beta_Central_R2,Beta_Central_R2,Gamma_Central_R2,Gamma_Central_R2,Gamma_Central_R2,Gamma_Central_R2
,,,mean,std,min,max,mean,std,min,max,mean,std,min,max,mean,std,min,max,mean,std,min,max
A01,3,1,0.22144048920946707,0.09186299373040367,0.059595649294269366,0.36110791109405177,0.3213029833535959,0.15562057519837272,0.06805554172270388,0.653013017160908,0.3037052078530655,0.2314743906500996,0.06471027414214094,0.7148379053440254,0.13630422725212635,0.08379612226637509,0.0,0.241411574862596,0.22700803869484582,0.17038565493003172,0.0,0.518721150464342
A01,3,2,0.18560931078598603,0.09880720835406752,0.01822682281499601,0.3414336268010579,0.1251731912793073,0.1373625491473261,0.0,0.3891159732852246,0.34200077861863193,0.183602805711001,0.08093430765233026,0.7392843277353133,0.20336477268593844,0.10967012029948466,0.008546238894271958,0.36676198073883415,0.2576707076661656,0.19371973000524587,0.0,0.7070041194787147
A01,3,3,0.13620772228627812,0.08440976811154031,0.002007736423105747,0.30039726781342196,0.15934345375722317,0.1236721884662185,0.0019073263735104953,0.4162753615073534,0.26091612134405157,0.1510802109516098,0.03921387316291271,0.5256799723175261,0.11937726704000054,0.08436174832502828,0.0,0.24642126820128046,0.12226310750540083,0.1217932318925952,0.0,0.4202562108120245
A01,3,4,0.234516988338157,0.12201375121367274,0.031808146762525205,0.5061792209397263,0.20027126608839044,0.2047735360890247,0.0,0.7329105444449644,0.37742670209011736,0.21323671130661231,0.001119728368278101,0.632427421348494,0.24457803077821386,0.08115679953057353,0.1107584719205993,0.36432095686967625,0.15371574569701488,0.1379915492701118,0.0,0.43335320855711895
A01,3,5,0.1706463327633853,0.1085436656140674,0.0,0.3507449908469925,0.16761720405494626,0.09455647908674593,0.0,0.3064709180242239,0.2909004862329565,0.15899596968758176,0.0030074668604462046,0.5379540093913313,0.10491174645797255,0.08462000196469832,0.0061520207556187145,0.2529586465714783,0.1684641319100683,0.12517224308521208,0.029885233833587908,0.3549180419984121
A01,3,6,0.1845250725847548,0.104368581741658,0.0,0.3953526088845691,0.16920048188424802,0.14149025595985057,0.006758699428737651,0.36896710527439,0.37548187467570254,0.2046434524691186,0.0,0.5961103639790107,0.13896645183655418,0.15155404085256655,0.0,0.48898359575824124,0.10951504881964746,0.09633024173882958,0.0,0.24686328311777345
A01,3,7,0.20851792503531072,0.1102893613165715,0.013319448240765601,0.4148511783985894,0.27519670298447857,0.22351022210813945,0.02545686069456532,0.7714371315843412,0.2846943806511224,0.1503323340711469,0.019728569571689607,0.5177689885993538,0.1864159724118416,0.1159539104367652,0.0029995256003770843,0.38132768764886876,0.12909391371804838,0.10959978023501273,0.0,0.3159773133309076
A01,3,8,0.2062216952785172,0.07254534514468881,0.06739225828499891,0.34261360299491955,0.16449768562987271,0.11670103450863151,0.040834511522587845,0.42305482474704476,0.2942835869912578,0.1193521685168535,0.055999434276920966,0.5377069081166861,0.2339218471336196,0.10891971999365345,0.040568627498993225,0.42734797010943926,0.25696729718161143,0.13433241065927673,0.024552421672623663,0.4627508949719843
A01,3,9,0.13487294126506288,0.07043098946780829,0.0055206503868159605,0.2192321042521718,0.14567352152258234,0.13517444744543045,0.0,0.36986741077131047,0.1968405780867237,0.18449157043795922,0.0,0.5073025166908859,0.1784619617255953,0.1340646823248475,0.0,0.3934621407068822,0.136416360825456,0.10726952775198248,0.0,0.3013100801938369
A01,3,10,0.1828941066769033,0.10193648746239169,0.042420508170164024,0.3555034054331151,0.16120801255173606,0.12303222589547241,0.0,0.36266319188204843,0.29761778890262164,0.13024370903739904,0.07687544340192409,0.5450583491398985,0.17961388867690153,0.1209299898505771,0.0056191299386744486,0.46841280880298125,0.23550024333755928,0.18304174559107492,0.0,0.5209738111960455
A01,3,11,0.14340393664393308,0.12349947610191421,0.0,0.3526278496854382,0.11424060050526648,0.14405635670603625,0.0,0.3984569248532827,0.2148671034024206,0.14275888840855908,0.004965241367198321,0.4029067817681649,0.20914607175614522,0.12711435590317047,0.0008206009095905266,0.449615132957973,0.17627517208207413,0.12883941719891234,0.02268074186044936,0.4634736476709273
A01,3,12,0.19480542947352025,0.0500902234460923,0.08874507900487702,0.28809551789031473,0.1407545509837018,0.11071150506652658,0.0,0.3307099615598038,0.1407816185823072,0.11241839122001747,0.0,0.362170924110849,0.28034185532765765,0.12665323056299552,0.0,0.46250683821694094,0.27897508372493357,0.13466570477335688,0.09543339830617746,0.5272164405869699
A01,3,13,0.22355821487240837,0.09923464515007004,0.04513498257730091,0.3791310098701693,0.20638706689532557,0.13606068517832232,0.05746824386559969,0.4790727051154712,0.2677084850905081,0.1988020100727595,0.0120033231347262,0.6179051264938005,0.26964372509879514,0.12018416424553742,0.03200347494997546,0.4551823666502039,0.2218438203973727,0.12913417812896075,0.0038160129938691967,0.46348978525684487
A01,3,14,0.25159875686066036,0.11424912779775366,0.015777071302529238,0.3922816325373971,0.21667515115392524,0.17326008207055985,0.0,0.576768474924552,0.3255378885242735,0.1764505106475428,0.0,0.6057143827346586,0.2896543645571895,0.12145023395909721,0.0876709757093761,0.4720102718503089,0.38749787704383964,0.12415639926558583,0.09153597612933875,0.558103897522353
A01,3,15,0.15246266667424693,0.052482348847593806,0.07360320159970932,0.2521116262738144,0.1064853534046211,0.05590747896384542,0.02937397868378888,0.20049330095362894,0.22063445303765533,0.12810187411548069,0.0029216318488114934,0.4465774075328398,0.21359302214163076,0.09604965179187522,0.015201444682333152,0.3940576858783599,0.26692665102469204,0.16361009593448667,0.0,0.5625100412634702
A01,3,16,0.253354962037623,0.12927541050219227,0.03070073578214578,0.43546724421494437,0.11503473653598952,0.12556865843026724,0.0,0.4057573372617838,0.34936171268734634,0.19884804414017931,0.0,0.6840941681580582,0.30217034314588076,0.07128279881078485,0.19352169877050487,0.4382832893647975,0.20449578509301197,0.17103499858363516,0.015900913054267014,0.5249505911496956
A01,3,17,0.2101455742866184,0.10732070505489623,0.0,0.36367070535675045,0.1432447587103817,0.08664782048603964,0.0,0.28887247361929963,0.3329656703895736,0.20832897920332027,0.0,0.6014984441217478,0.2081513266607447,0.1112668325297644,0.02247735788694232,0.3990735054361248,0.3833135824837325,0.14519206408771515,0.07724506424528574,0.5783376671103222
A01,3,18,0.28473103281633844,0.1386772754007938,0.06269995936186291,0.6193747739972795,0.3765034890519976,0.20860513300260933,0.10939607041312949,0.848932066700568,0.22744162308655672,0.21055872092460787,0.0,0.5307282553130257,0.24554773371211747,0.0920456835373768,0.07065541241135116,0.3605693646046085,0.1409095332535148,0.17582452221792502,0.0,0.48870824519157313
A01,3,21,0.14529088992778813,0.07387029756478496,0.043149947865711434,0.26972942773570047,0.11335623189901138,0.10115587584823935,0.0,0.31463168209061143,0.24641335829867916,0.18309518021121585,0.0,0.5934824460767316,0.16496628954125658,0.08812503338998649,0.022805163125384782,0.30844700938614,0.34843119751269447,0.11488859975582785,0.06452438801660844,0.5121837053169199
A01,3,22,0.20750313530825534,0.09600789149656042,0.056187199853961735,0.3831052505076425,0.13053153583667593,0.07190075199021576,0.0,0.22813263964700786,0.2979488693270586,0.12753081365308028,0.008123150225999918,0.491360650327244,0.26417593375802756,0.14154820422527561,0.0,0.4637758735841695,0.42627939055719993,0.14076827818277932,0.16923029913199958,0.6156605886664318
A01,3,23,0.10284321853717783,0.06662897261894409,0.0,0.2339466815551499,0.0979749947397171,0.07895920127262143,0.0006640281681640849,0.21440776111494683,0.2057639687699715,0.14251810227488715,0.007662531493407977,0.40380771250497194,0.11119406087729983,0.1060169364884475,0.0,0.3230415022249856,0.19277413875471258,0.1277991960131417,0.01083473302656993,0.39896584505703936
A01,3,24,0.14531539255870704,0.10580740526456374,0.0007257444136451781,0.3394620663002209,0.14021963673352808,0.12479745304661342,0.0,0.37321186999451034,0.27072137288918,0.17361246935950214,0.041901436110017586,0.6083865694624399,0.17440155690072132,0.14756413056177548,0.0,0.4061083940781415,0.24269115395609506,0.1601965438589576,0.0,0.4891625709314165
A01,3,25,0.12390508439574562,0.08673655664288663,0.0,0.2440120762279586,0.08582959353167166,0.10798220722447298,0.0,0.2863804496688767,0.19205162593656697,0.16383506432764436,0.0,0.44037930480590814,0.20523912283916923,0.10146546405856448,0.009598933244965904,0.36627191525638597,0.10240362789227907,0.15087827609318283,0.0,0.5312186117406438
A01,3,26,0.16653657670492492,0.09677902446129721,0.0,0.30212389197709577,0.10128998838673887,0.08950136109682112,0.0,0.29686612479357705,0.2814858410064554,0.17670024979314222,0.006071787821717943,0.5580616650011689,0.23169115226120593,0.13688350518161824,0.019790086712337125,0.3964285923882162,0.19387322422771663,0.17059411366387503,0.0,0.5955087880394858
A01,3,27,0.18362966625947724,0.10924500230304723,0.02105416263675294,0.3868326344429292,0.09249048104579453,0.06835714963424688,0.0,0.22774665712937361,0.36218768911881616,0.21138458808565336,0.012593577043546498,0.6313897808767914,0.21191383000779684,0.1296704659590939,0.0,0.43876466921937674,0.14070890825594046,0.12308912559910287,0.0,0.38464261913965453
A01,3,28,0.18997591315117693,0.10940687267426076,0.0,0.3859984416852739,0.13412529152307073,0.07891917686180629,0.007670829388701513,0.2704782348116111,0.2799356232158326,0.16045380147708105,0.0,0.5291942797190528,0.22907663052097285,0.11907379858247433,0.05601132823787293,0.3908109673714833,0.19269013264057186,0.11932745366866078,0.01423597531657377,0.3786978691221772
A01,3,29,0.1683887755501893,0.06195640961280871,0.04694224820575944,0.26493176957490433,0.11275055914902052,0.11370257150714039,0.009541720474023161,0.3527472783293133,0.22967477344526632,0.0877936126313462,0.08097048093300348,0.44886488945875264,0.233058972243814,0.10009694371335152,0.05742298861575569,0.3923895145128398,0.19832824314113068,0.13808095416181776,0.018010572925496095,0.46292768985406024
A01,3,30,0.22009506110822874,0.12013138727865887,0.0,0.35271141512686094,0.19474842541920953,0.14227566047666093,0.0,0.40014318939521293,0.2514925210213613,0.1306754317344518,0.04468523804394605,0.4637789811695555,0.23806733895083074,0.1290554313767514,0.0,0.4694681894886824,0.23476479690796778,0.13538739561076046,0.02825143385217423,0.4474684115736803
A01,3,31,0.1718499409280387,0.11730693875459113,0.0,0.39401567855279157,0.14569517388874503,0.1208652144932722,0.0,0.3710117097959667,0.22145568710082678,0.1391449320691959,0.03372517644572363,0.5299541914937004,0.27201421123815595,0.08307820893375965,0.09122251031438024,0.3975637608259478,0.15799091690533196,0.14105562523477191,0.0,0.4308035092384675
A01,3,32,0.20966870860912523,0.1082924020956678,0.0,0.40931576819634874,0.09823655034802602,0.07312725549553571,0.0,0.2425996559155612,0.430196753416689,0.1918863456330453,0.11974550271054964,0.825839883298097,0.1936015276362975,0.08511083092065894,0.06248605976106219,0.36974153724583275,0.1834125648406953,0.15158326746868572,0.0,0.4291274912972595
A01,3,33,0.19989024662099256,0.14442704271255047,0.006940888411804577,0.4756460360958482,0.14379144779943076,0.13910581900064925,0.0,0.467948224273726,0.3144255346001892,0.15718175467524753,0.04216094002294657,0.5661273570453689,0.2401564532362176,0.16729805574718087,0.04765114205831283,0.5829755745024661,0.1799752115533919,0.17372008488072,0.0,0.5359114983372203
A01,3,35,0.20468321699098596,0.09271322324711992,0.09065741461612017,0.38096371691870007,0.15798469288827188,0.14318710820638406,0.0,0.5462839512149752,0.2415023400130756,0.14839160925628464,0.0,0.5061748611305044,0.2734912601015954,0.09699641397581459,0.12957256353868238,0.44173106473225215,0.1702299413479401,0.09402523526209063,0.015285571943458651,0.31346886315930994
A01,3,36,0.1905543040387797,0.07538551536484658,0.06360481954719388,0.28539179507862317,0.1349908760251419,0.0924317025484404,0.0022983014456496387,0.2791779280788971,0.3339226329835228,0.20724961898072267,0.06795106599269987,0.603019374425067,0.15442130887551114,0.0743521314626143,0.038124180257741905,0.3064293687527468,0.1806905274410761,0.15683686412833436,0.0,0.49504832562515894
A01,3,37,0.22171142894391724,0.07685361883670895,0.10397128705500916,0.35732777648368874,0.23550325644135184,0.11874821825514423,0.059435456742252146,0.4780764529867413,0.30412008105971045,0.17906161414785696,0.0,0.5008521102226164,0.2271380489312671,0.11950930606781279,0.08307069879556037,0.4474855993884752,0.19921157282193155,0.16249599255391572,0.0,0.5636641239911652
A01,3,38,0.1801878330076211,0.10413398931639964,0.013627915638888386,0.3765020696558086,0.1853213930048731,0.14098535958491784,0.0,0.5066313339347591,0.27893472123113505,0.1603335079997164,0.017713282709438585,0.5598497662745945,0.20733843989570577,0.061319753590591254,0.09659008145687172,0.2835354679377227,0.1798819627177977,0.18462140516098713,0.012273381047273,0.5964602657024384
A01,3,39,0.12487235162354911,0.08173263438503779,0.0,0.24791155007169466,0.29953578865725766,0.17008843363930928,0.02506517098271163,0.5817505266566629,0.14416558668914156,0.1520032314065652,0.0,0.5423607131413933,0.12510336063187116,0.10914448340704737,0.0,0.31413046053618815,0.23462448980452583,0.10851233422792785,0.02172247196452323,0.3890620998431719
A01,3,40,0.12321123058552878,0.08601565042931529,0.004087501280811082,0.2512737981288448,0.09634972351988287,0.07548081284049456,0.0,0.25792651653749227,0.1616568433691302,0.13518609679906465,0.0,0.4385242707859548,0.23058495228030226,0.12692225072330954,0.006541462218738081,0.3908050800517617,0.20993654210774615,0.18172747729136055,0.0,0.57597508559169
A01,3,41,0.14609429962783588,0.09951249568884712,0.0025936392632999183,0.30441164120744396,0.17694230798083585,0.1454549239714601,0.013952165079996795,0.42766227595977696,0.2170849547715786,0.17999393021970136,0.0,0.49579007906898565,0.20307774484343633,0.15501939821790958,0.0,0.4535823588580939,0.13744409618612005,0.1228143028584148,0.0,0.3755328216794653
A01,3,42,0.15932632793842705,0.0699566532997193,0.05637448344178834,0.296165776178621,0.1577076701747124,0.11472619032501775,0.014302960473489588,0.440274644154662,0.250873100928462,0.13783744250214042,0.06834223737112614,0.44516724225356075,0.1593459860553774,0.1264426382751755,0.0006668502945466059,0.3610718324900112,0.20813050388819498,0.11588840435020661,0.0446024240324065,0.5158055365652785
A01,3,43,0.18725902269025005,0.09957489336379532,0.013087394946031268,0.380680579875959,0.13858425032071447,0.13536638684572466,0.0,0.41739127451943364,0.3088731819120261,0.15161513357152342,0.015178138317033931,0.5111785708975882,0.19498522159714599,0.10242077132451677,0.02814250134663023,0.36047012094503417,0.26165355111628635,0.1618712106363307,0.02266574833156906,0.5545158454030912
A01,3,44,0.16405746146867686,0.07670764864889537,0.014813216018742938,0.30035543349289634,0.1703113488934243,0.10498250196781332,0.0,0.36094010629707185,0.2693177260741079,0.13674502032756686,0.08865741273113521,0.5659131140324642,0.18323815085072373,0.11727651512947389,0.008680360343992015,0.36830172767346253,0.21184759556099786,0.15834604400727906,0.009996777123856668,0.49418994536504535
A01,3,45,0.18157574253500217,0.07722209747474307,0.010139604482295181,0.2908420868785518,0.07731935537373144,0.04844409326119759,0.0,0.16104054223270167,0.3809593581219934,0.17112088828716457,0.012250084928019283,0.6502448377383249,0.19282619248865326,0.1087307440441369,0.04013961699429051,0.3730456781323635,0.15942525965446772,0.1301280202147573,0.0,0.47410379363311356
A01,3,46,0.18061421073005557,0.13315715175949475,0.03348459474898981,0.4528138294735214,0.15801401634260356,0.16691133722892468,0.0,0.49424381745394896,0.2781898520248657,0.18618702378026394,0.0,0.606189063851535,0.20674725024003657,0.10055459746811601,0.041787363749216704,0.36686750329277584,0.19810883790101885,0.11770451428809776,0.010782498967971454,0.42215857915993765
A01,3,47,0.18292718028021795,0.0908444412387728,0.06704129580431259,0.4193855052610857,0.15147974398574307,0.10760713394775745,0.005808271145226133,0.27629965894179587,0.23068581957982323,0.1270333376500461,0.03633475056128015,0.553901776995237,0.23076123089502676,0.11625438887409466,0.020313181549587136,0.4035883897799658,0.16185329655467393,0.13340554086382905,0.0,0.37696664421562537
A01,3,48,0.12543245519686919,0.0883357812459518,0.00895645408762594,0.288163628256974,0.04930678567824365,0.06792604438248286,0.0,0.19746136966653896,0.23083926115818446,0.17175959507325633,0.005715233948992903,0.5352403544739481,0.2663121068942696,0.07997986603638088,0.13751423297447016,0.41603933375722785,0.1798145731080519,0.15156306896322208,0.0,0.4486487311605502
A01,4,1,0.2887339812525064,0.08113017785091775,0.16876240258958689,0.41573318302702117,0.11921551322301847,0.14467500865652225,0.0,0.33808503578555477,0.3374561154417796,0.17393037012015264,0.027364723958395225,0.6269888821026567,0.35750864831998275,0.10069300846830774,0.18983713353757922,0.5121885816477724,0.544635647021911,0.12571569295630142,0.23483149496144154,0.67995915195314
A01,4,2,0.2220377573275386,0.08548824476817753,0.06056007767777673,0.32117571278682544,0.19996233954737097,0.1343000010788523,0.052999229737215096,0.5045249578814601,0.2437096837231874,0.18300750636342075,0.0,0.6120654970131021,0.2572299905783286,0.094866792567162,0.09006954330415792,0.4345274194973765,0.26908927204420224,0.14915993883347556,0.02972925865351545,0.49568276512906667
A01,4,3,0.20090054095117296,0.1033411462573,0.00012966349380920988,0.32081135268734734,0.15188381760362246,0.12190922583032407,0.0,0.3776282864146176,0.34357059828726416,0.18049423408196738,0.0,0.6524827597441158,0.22405716951885246,0.12209476601843941,0.03357219388367202,0.45416569061618156,0.31760498380082314,0.14228536927412141,0.0,0.49499790722947484
A01,4,4,0.23940289668860848,0.10438234339142774,0.03200894165574174,0.4047718861576752,0.27691204097014727,0.1237134393899343,0.03033245108219938,0.4846447994520911,0.24711791000490244,0.2262762554222811,0.0,0.6558152702838141,0.28220451010146397,0.12878991462008763,0.05996989768118515,0.45869172582786033,0.2908274686799872,0.16516887705716127,0.08154264563596199,0.5631071452123162
A01,4,5,0.13766218179723885,0.11667201304331126,0.0024637671707878894,0.35153520268457195,0.10860320780828014,0.0901582208206035,0.0,0.2535418749106811,0.2095243151322285,0.1489929770546531,0.0,0.4785013594921453,0.18242939990022863,0.13093020514608103,0.005112988205945079,0.41707109641692164,0.22760468695952887,0.12910870680560385,0.04479168180840354,0.47820781305856874
A01,4,6,0.1779578137698842,0.09829435257428085,0.04435688758313473,0.3987513110889363,0.1550200311342189,0.13930580559590022,0.0,0.5383400650326824,0.38430775951142837,0.25465954137521996,0.0,0.7683523443341901,0.20899655228754968,0.1336641684167748,0.0020537358775582887,0.491873724692547,0.3321960482099554,0.1355063651609704,0.06626882568243986,0.579316758383105
A01,4,8,0.29913632752052016,0.11807719401629364,0.019788722568633812,0.45685764132158496,0.33142586969827936,0.1659212372959342,0.05119181090213625,0.66877536774662,0.3266647598693174,0.2194360421617115,0.0055080662323743045,0.5877634642273402,0.3152749734069511,0.12950313585019557,0.022842104841624442,0.4607904143578381,0.4221287766856247,0.18621676129107695,0.16176423196723672,0.702822615015504
A01,4,9,0.2274579476433351,0.07012756926565823,0.1180118736619017,0.36586245395138317,0.18267600311862922,0.14294805583238676,0.0,0.46746306540743426,0.19972380231529643,0.16421436662029334,0.0,0.5092019163109179,0.3140923951262974,0.08451522077371966,0.1375548172836051,0.4409416063591985,0.4086744146934515,0.2255943952071031,0.012806953882741097,0.6692521907311434
A01,4,10,0.21967549186560253,0.06715432402821092,0.07727812720636555,0.37798828224652314,0.16473246802784386,0.1036729271410762,0.0,0.35606478441989503,0.2869646283143272,0.11578198959486637,0.06522502124504552,0.508187838682982,0.2812042002525679,0.12302305267899456,0.12951747305544206,0.5250525297121711,0.3157441455889178,0.2152273972372089,0.0,0.6747487262103207
A01,4,11,0.24140062971826295,0.09910857482519292,0.06780403556936081,0.39854949194219114,0.179177482429552,0.17362349104514696,0.001321320202678024,0.6065502823719864,0.2907358728061779,0.2356181787894163,0.0,0.6697514776289649,0.22718784075628312,0.15782230291246294,0.006524619997601614,0.48764711847141035,0.4044367852795588,0.11712556610538517,0.16319414083581804,0.5616568308117549
A01,4,12,0.14285617133144823,0.09521477809327028,0.004855253635866205,0.2821573251857853,0.06491854974248093,0.054222825747058945,0.0,0.14875706313641482,0.228922823767526,0.11529139281626154,0.08903537403808655,0.5124890166494549,0.2433370745466073,0.1508753917346932,0.01016454127548467,0.5068837911690764,0.27257457333678814,0.1377395691114977,0.007820956477109961,0.5050876804906401
A01,4,13,0.20882007724083218,0.10566639156302064,0.022270259636728653,0.3624732614760153,0.1704791943959651,0.11779330489135648,0.02417602432322192,0.3878808423585746,0.25732890972939265,0.14593998854603357,0.03769048360011503,0.4880026423865835,0.23579495261126895,0.1352291304740353,0.013114717510803493,0.4819487893291607,0.45046451627799844,0.13699312007882286,0.1465663368632098,0.6740713749569205
A01,4,14,0.19677436552485542,0.0823983119305301,0.07153414275821393,0.37538178499636404,0.17727860176366636,0.11408886058166183,0.019093452387515013,0.40682187619562515,0.2498594729039225,0.18378681240111983,0.0,0.6124981255926482,0.18195842043167076,0.17362079480134598,0.0,0.46607978654591486,0.27460184235933754,0.18476202142282963,0.0,0.5500914627672581
A01,4,15,0.20563062100575893,0.09674073242655255,0.08890197313994223,0.35580222987674276,0.1277817575213708,0.11983162927814477,0.0,0.33929144348657136,0.25045917113836214,0.215247445047441,0.0,0.5983867065520203,0.29728364936766283,0.1012542433282682,0.09078558537383219,0.43175534921619274,0.25880629552961343,0.18886280236871195,0.0,0.5721367436695567
A01,4,16,0.18585878775196002,0.09983166084821882,0.030142754790791378,0.3878201961391282,0.04212523927449976,0.05083437460521409,0.0,0.13207785467743477,0.2970812673004152,0.17480398107067682,0.0,0.6011051288874805,0.3313763486451958,0.10003351519864843,0.16144902197693817,0.5243143487734361,0.37811951801033383,0.1080074080083305,0.10459853699513091,0.5060303540580855
A01,4,17,0.1732130320891784,0.0975983118807866,0.030972159291621084,0.30452797657115704,0.1544815454536485,0.1352534081613111,0.01859092264821619,0.488011076498413,0.1499158171399521,0.16403318120040986,0.0,0.5280988829810215,0.3153822359133025,0.0940979758277407,0.15578291493822377,0.4843803379182517,0.34173162552580305,0.13266526698323555,0.1404320227515668,0.540388267317389
A01,4,18,0.2348261486936753,0.10702464173229105,0.05013624338831283,0.399996238666291,0.1502559819306014,0.08601006758159935,0.026417906913941587,0.28731602229333747,0.2679282741046222,0.1654786412725541,0.0,0.49918793291430547,0.31559958774344615,0.17588621475070382,0.042269513536766855,0.5266738750585206,0.41585522124398905,0.16845099408842035,0.176300973906256,0.6573578693680467
A01,4,19,0.12075576122836792,0.07630804100260545,0.018854807310816728,0.25921040648622634,0.1303667543810149,0.09993121458522278,0.0,0.32541319857249357,0.13764935883451854,0.09149474508220083,0.0,0.27667460957110185,0.22849334718613346,0.1288824697951858,0.012404595076260683,0.40174694845929143,0.19852672729091153,0.20050876418423555,0.0,0.5861514955164082
A01,4,20,0.23741291514533572,0.08855427014274207,0.11019857504824959,0.3815289385907747,0.09428150171955056,0.08248127661455164,0.0,0.31435962190918726,0.2898318934493081,0.19111081013679956,0.0,0.6529325925431296,0.2921268406449862,0.17956821236943063,0.04249634472734979,0.611142703074214,0.4228153578102877,0.14260496610984455,0.19942542399898494,0.6464095497600325
A01,4,22,0.2169920325399323,0.1251530596056555,0.04776915957068235,0.5084758692258459,0.17256104763259403,0.10160034526713604,0.01572065265609936,0.3547733272632606,0.2652889488402333,0.18287315994628092,0.0,0.5033864889159766,0.20324169457896743,0.14744531143302728,0.011498247115164562,0.4569123634545354,0.24356698274245298,0.1411778120939989,0.03656230879703702,0.5350903335888672
A01,4,23,0.22231814790876264,0.04259292010440256,0.16251828515671532,0.30936498615423363,0.20706115340804684,0.1137395721625036,0.014590631064940787,0.346834984831318,0.24598076412807818,0.14139507073187144,0.0,0.4367615783714839,0.1735374786752125,0.11261853782238641,0.0,0.4091122545781914,0.1555432666457934,0.1345723901706116,0.0,0.3542501456263446
A01,4,24,0.17295044565646153,0.07182107123680395,0.05773999254918838,0.302722370083888,0.11580924713762869,0.10387020738173787,0.003501481017541822,0.3516035364947418,0.22087281415564727,0.12338113153662815,0.0715842859922577,0.5282709905094807,0.2304928369093287,0.0908008324867138,0.1013916899000097,0.462571602680337,0.3208578236239018,0.1494240348325571,0.08023566278445934,0.5251182205220083
A01,4,25,0.18437135550073602,0.1046756367569778,0.0,0.35867306058466736,0.14227759577800106,0.08465190719159507,0.0,0.3069661808636442,0.23994774974175787,0.1761246221127537,0.0,0.5037701710990011,0.17681900653708763,0.12879315253038073,0.0,0.3925573215976192,0.3585664485684711,0.1572315351163557,0.0,0.5508246175520429
A01,4,26,0.1644706764802698,0.09808608116943265,0.0,0.36501158016057705,0.10894105894865361,0.11441690781861359,0.0,0.3723024982868629,0.3249015605051587,0.19361541638635102,0.0,0.6502842552367943,0.18867657230226959,0.11062847460835393,0.040757687431487825,0.3892934221875287,0.30135869558208317,0.21581356168516946,0.0,0.5995373405369705
A01,4,27,0.212100010765058,0.08211299238724608,0.04660276735885146,0.2924084703743569,0.12389460343206364,0.08399301837064245,0.0,0.23220986327388568,0.3794306606645172,0.11904269004179698,0.10416677898098155,0.5361765421857344,0.262383096726902,0.08358017510817725,0.12985752884156376,0.39487856805599514,0.27429005688071284,0.17496360733534266,0.0,0.5114647004772924
A01,4,28,0.14313379686913688,0.11544446555305214,0.0030769877612139007,0.3767696116083335,0.07414698356412047,0.08848365698037576,0.0,0.23252243570416217,0.18964920467946364,0.16166195167077171,0.0,0.5124151303681631,0.2479302236345737,0.16335411245107778,0.001540677281002664,0.5829905878469537,0.18102797174978644,0.11340670081147258,0.0,0.3843245987502987
A01,4,29,0.18797682945086522,0.11960062855482757,0.0,0.412394369907004,0.2023878563165692,0.14601909759679735,0.0023137618221999523,0.46055385177914,0.29342527978465444,0.22930563696388984,0.0,0.756150602377761,0.1482684399207591,0.14706356385258912,0.0,0.42597589804959457,0.18986437162755054,0.13050605781490332,0.0,0.38553596073206514
A01,4,30,0.15152247216174614,0.07415822185313284,0.024306608294361185,0.2594429379048366,0.09191760849490159,0.1079641188660888,0.0,0.404026198319526,0.22454938155322854,0.1593917319174731,0.022331635873366413,0.4620421592911476,0.2538161139827494,0.12071156190105224,0.014909603429672671,0.4151088478632948,0.269711237231985,0.20137185444488256,0.0,0.5185457081295546
A01,4,31,0.18892898335316743,0.08511060530785024,0.04947053136947299,0.3201858992032061,0.09358665368907747,0.07741067289368234,0.0,0.27226376235131433,0.31621702042172894,0.18984255878792655,0.0,0.5699525482101143,0.2370354526812474,0.12533182171868593,0.02356467650538225,0.3953192717991526,0.2624811615586867,0.2044030457577525,0.02215805149873516,0.6287116306062425
A01,4,32,0.19216170385667963,0.10313720372401666,0.0,0.33183150449708554,0.1314211958443377,0.12458914801471656,0.0002447805455522462,0.3375675453380597,0.31069908046959643,0.18285022461807474,0.0,0.6926039240571216,0.16544519008373185,0.09506186772361847,0.0,0.3486197815237321,0.3065507201222338,0.14286368070489905,0.03882592765826108,0.50937768367511
A01,4,33,0.21181109101614168,0.06520797691795775,0.05993401224089374,0.3080376664396263,0.16435095485736992,0.1207229570608115,0.0,0.3630204606517699,0.2672107881360394,0.15352653776807626,0.0289740269784852,0.5462850265071291,0.19370760824801747,0.09903151186307556,0.0,0.36557634303871855,0.31643308168152084,0.15279837428832024,0.04181863283817834,0.585875148833423
A01,4,34,0.14633090931054013,0.0870928685918393,0.011054712893668186,0.2642512212636853,0.1274310956915712,0.08131339099680202,0.028845786421899926,0.3074531642411496,0.2187118722924347,0.14678117779899716,0.0,0.5263193982786387,0.18560772232385805,0.12078033404671557,0.0,0.315166902764662,0.18864957979616837,0.16995639015804484,0.0,0.5372868703381831
A01,4,35,0.2149837293133422,0.0639396797828997,0.1318721655033265,0.32539211375935073,0.15150258860980922,0.08107641824590194,0.054033083725720084,0.36467688869664233,0.26195197649682517,0.12738174698998736,0.04366202025648607,0.5594894812024914,0.2506360999685809,0.12723391450243177,0.06089166973972715,0.4184302647587791,0.2389860311973835,0.14308314395505045,0.0,0.4369557051415605
A01,4,36,0.16911712482755056,0.13132190699129082,0.0,0.40737585515009034,0.1676854998033829,0.15138693731437447,0.0,0.4363539741110441,0.24470939684431203,0.16775363614654892,0.013007528982200558,0.49687834364247896,0.19881214374545314,0.11214523033716348,0.050021677491042645,0.35051367755649704,0.2763315061547905,0.14060646550017755,0.015699801796799178,0.48149238006979184
A01,4,37,0.148839083553722,0.062423682461359334,0.04066274952365619,0.2448442976107321,0.10137328981735291,0.09361156107368358,0.0,0.25304802724650355,0.25085350578561216,0.16364851222615182,0.0,0.5225283313079209,0.18191588827910543,0.11854828925389731,0.0,0.38159800472977795,0.16319788569954408,0.12573357885193087,0.0,0.41145885411412053
A01,4,38,0.1502413486615162,0.06770147849712989,0.013822209941697647,0.2190627038454688,0.062242784384540686,0.05363350186123827,0.0,0.17672497668778658,0.2929870909239804,0.1679261782663121,0.019166111490830473,0.5731840626962484,0.19482148084112777,0.14784150776072574,0.0,0.37339051180865407,0.12824897980570427,0.09860650944733979,0.0,0.277517417368387
A01,4,39,0.2597394770500983,0.058342723739085,0.17979554147244695,0.38199199786955834,0.19957181747028646,0.11714217942088151,0.02035503959742405,0.41016063424358234,0.4104772581845768,0.17738891098817977,0.032001327962455854,0.6263804980719762,0.236895627921669,0.08802702213798402,0.10553421138316087,0.36661889835430006,0.3547507531943397,0.20117081094583683,0.07434698097754504,0.6613290019269126
A01,4,40,0.19839900753908657,0.08883040115095306,0.09933177100841958,0.3978713339826622,0.13473762265307695,0.13399115434434936,0.0,0.4152335310474004,0.37504470602749923,0.13112767746694998,0.0831590343144372,0.5436009656147103,0.2095743195188035,0.11681785126783195,0.0,0.4352950720780702,0.2853515236871969,0.17155582094923436,0.0,0.5824196158192876
A01,4,41,0.16778459474751944,0.09060623461920943,0.012403747601862771,0.3142374109915525,0.12435818545843233,0.09798587750355775,0.0,0.3093237433422757,0.21817479633600928,0.11584093629458721,0.012614607392401469,0.39539082772768025,0.2636751266520091,0.07907283927837622,0.1516568079808946,0.42524307481609364,0.20792822376125789,0.14199736549885758,0.002751672892387361,0.5527131782219785
A01,4,42,0.21702802339963734,0.08986780415907986,0.10133473380433586,0.3568999785667702,0.21464654558744822,0.1010629861004742,0.05354396035045423,0.371467907316116,0.2301647796237049,0.12175112147010127,0.0,0.4379158190732134,0.21423590304061227,0.1304088376518644,0.055492443732016276,0.45509201966983576,0.22034967389166668,0.15539196075000672,0.0,0.4098643982732778
A01,4,43,0.19350537838826193,0.10487279070737054,0.05948321684160323,0.4610083514576201,0.1237235936242982,0.1136305098625418,0.0,0.3772234033002761,0.2426197075880729,0.15178606970308176,0.022743786076332522,0.4870884023594901,0.2479092585420034,0.1249825128126506,0.016110601412853556,0.374399345060609,0.24028204806913014,0.17421308746235512,0.0,0.5661921102467528
A01,4,44,0.20308325280530906,0.08339683862911865,0.06572763562117678,0.33449499960256995,0.1686025012050329,0.10628603661136973,0.019715748736059142,0.3846763161804104,0.30051414099295426,0.17303553618283896,0.008484012661585652,0.5954020976764723,0.22488007198730595,0.11019941890794972,0.022604746417808425,0.3936832180040503,0.2498074963065785,0.14355799456076218,0.07660327804443798,0.5784513044625229
A01,4,45,0.0975612671299255,0.08795886384140253,0.0008113637114556102,0.3196613754286912,0.023757841844207407,0.02443540742304413,0.0,0.062266063076161685,0.27452128089295974,0.1883876232705458,0.0,0.5588223895208522,0.17511224145091472,0.07637993279192067,0.055155891834681135,0.29494094752641536,0.24553733920269222,0.13418611728853713,0.03278808855948935,0.4276598309158911
A01,4,46,0.19233553688487587,0.10992793237861793,0.0066225222053102484,0.35217339158631294,0.12174540452599751,0.11815917901972993,0.017455375418550405,0.349628853292418,0.2076508937063071,0.16020657213873146,0.019454689724357852,0.4550485082887085,0.2507574994770018,0.16769923219872226,0.0,0.4813601626661943,0.25700982423231655,0.20324616898383516,0.011876080390129218,0.6357209754040692
A01,4,47,0.24794983846405888,0.07277229069554386,0.16285022498596854,0.38156262498590643,0.1940903434563718,0.12553959949061513,0.03527787724968802,0.4492954992850411,0.38749308167522234,0.11530635571467851,0.2118199835586499,0.5806881357793516,0.21427408363413905,0.09713538033633781,0.039266413023774,0.3844234862685397,0.33627417188805886,0.15940072093340116,0.011869802436447465,0.5591637621764213
A01,4,48,0.128902067378294,0.07617345457049722,0.016356350886002863,0.2468649228604229,0.08932292025488027,0.09281115737037483,0.0,0.30099340292658056,0.22073975541638324,0.13554365804119017,0.03057044830830326,0.45054355215403463,0.17314406604643598,0.12646825083837274,0.0,0.4057740181565793,0.18686430621991343,0.14795389696358907,0.04844254121869566,0.48703851686780375
A01,5,1,0.23693072410972346,0.08173680679283196,0.08322254231905413,0.36943964305157395,0.1169611681203249,0.12036199795096089,0.0,0.3592652347227728,0.2858162125907335,0.18734647619911413,0.015468744250467863,0.616705722485036,0.37225670624625706,0.10038963214527123,0.17730518733728085,0.5924409921952225,0.29948722294580393,0.17901342759381375,0.008711174938643358,0.5558882605687375
A01,5,2,0.19729655296482332,0.07571441549848955,0.028809793040137945,0.332318938030426,0.155800844296623,0.08934771123895811,0.037778374021065826,0.27454622292926967,0.28179812517653086,0.17425098165095085,0.030668724803064946,0.6288222437908819,0.19412620840474473,0.1072865702003982,0.0,0.36930263356876897,0.2074848762156704,0.14825959991435603,0.004968274225241931,0.425412327051988
A01,5,3,0.1473732619520745,0.07512465132516497,6.452332261625797e-05,0.2950648352073327,0.12692165019673537,0.10304529810087519,0.0,0.2997935469811378,0.1867287445557899,0.14664347641075484,0.0,0.4478696050951096,0.1853634928331923,0.1104653321049778,0.0,0.3533137426563072,0.2935569226908642,0.16932319277452818,0.0362181079625546,0.5767241564221811
A01,5,4,0.16907548894502508,0.09847016287556062,0.0,0.34144456642256216,0.19601258259489832,0.15353421756712032,0.0,0.4797015036838203,0.3087898255769704,0.1655799745694445,0.0,0.490265582308965,0.09065574440901893,0.08386800033327121,0.0065104228347835835,0.30531808058682747,0.14840671472345754,0.12316427871233963,0.0,0.3603443586521813
A01,5,5,0.15354856994665667,0.07472371293428409,0.07032331366756225,0.2854959099379024,0.1434788541349291,0.08511508896301953,0.0,0.3070741009445204,0.18484366664899632,0.176014115854988,0.0,0.4747683125970444,0.18148094236762716,0.08515065433807151,0.06438929128743896,0.3225469597026493,0.25894297710421466,0.1653015194372077,0.02705422356438441,0.5171141324022785
A01,5,6,0.22344899141886201,0.0871716248275045,0.04960693152992923,0.37222042405159556,0.2350479758297087,0.12998570641553128,0.021957011350347364,0.4946248204381529,0.34820424663682276,0.22133754586773355,0.05819350306212499,0.7041553047243674,0.13791525995953358,0.09018073012085255,0.016447908928046467,0.3140410335610026,0.1626316623338468,0.14313209810297636,0.0,0.3825563471366364
A01,5,7,0.12746622802793375,0.09906390217040173,0.0169032188776505,0.29279024888183747,0.117077444248132,0.08587456783546707,0.01929764562346706,0.3498288957301664,0.20023826961890775,0.17245296398112978,0.0,0.5055222487395884,0.19616094492052646,0.08044235931402015,0.06303117591372158,0.30374409817481063,0.09373567918171018,0.11822338800873627,0.0,0.4299376531862847
A01,5,8,0.1766410054156379,0.12488495812431656,0.017865741349717825,0.39394940458695515,0.10302762447649687,0.096450106306249,0.0,0.29276315725768304,0.29490438392398516,0.17144318873183206,0.043390702805136586,0.6506662459925927,0.2493119106057251,0.13555614933000726,0.06952313946996296,0.4837871495860084,0.19360574835419142,0.13705166361626356,0.0,0.4182953214256348
A01,5,9,0.19626914461616582,0.10054663921595972,0.033167572138781916,0.37864244828357624,0.1306429085126988,0.09039702814718456,0.028073695632037765,0.31662730727389116,0.2174878283960562,0.14855581214645583,0.010845718422469,0.48095279785183526,0.2715645113723501,0.1313956102186405,0.03346404819982534,0.48585939767709097,0.11395897709065461,0.13986477909067407,0.0,0.3933246237267117
A01,5,10,0.22319589062771455,0.09453828949333894,0.036614452147106555,0.34189183369204507,0.2603271048557002,0.12679517301312634,0.00941734428925762,0.4831273016495488,0.26429125917607904,0.18877312784748607,0.0,0.5289486154460714,0.19928657852666323,0.12174687461273677,0.016063121324957512,0.38285390862401386,0.1620793678719707,0.14612163586365878,0.0,0.4371157345916511
A01,5,11,0.20490823674449965,0.11336113270040571,0.05067922040712398,0.4472180579596224,0.23743344051187243,0.1824460254051882,0.005913310279826635,0.6039786374840694,0.21176055210376704,0.21041800673415081,0.0,0.645215473104197,0.2102983564286441,0.11897424302720341,0.03447499348401344,0.39829626636935683,0.299066273489127,0.18324768583844137,0.0,0.6197185759737812
A01,5,12,0.16640481870435006,0.10168223462162615,0.0,0.31926550130053855,0.1470124375427103,0.11514289560544008,0.0,0.4394291172585948,0.2454139848064126,0.1963171816730412,0.030589671703323922,0.5616327937825355,0.2421099187815407,0.10711185438227279,0.11383198922250207,0.4127359083028539,0.16204739084085026,0.15114958092729777,0.0,0.43363116974948934
A01,5,13,0.2544342628393109,0.06890813488194288,0.15432217190508693,0.39117067056423543,0.2168503523576432,0.14634393545964794,0.0,0.568322338877827,0.33851972635444194,0.12595735184568682,0.08331514409884654,0.6206563914915402,0.3169506058497078,0.08225641074797828,0.20658702378318772,0.46041789612451156,0.2008411694537195,0.1296206665748197,0.0,0.43506319218971445
A01,5,14,0.21198415072742288,0.09787775437904667,0.07340185539277276,0.3863296867799385,0.18675285166032443,0.14398172698913925,0.0,0.48061569221557426,0.3360113920495017,0.21483271234770934,0.011924547279350597,0.6383027822208586,0.2530158464720143,0.04821218711191227,0.19515601373188243,0.33719447804313746,0.15093844673753512,0.12343936136229518,0.0,0.34587707103620297
A01,5,15,0.17539021575703934,0.10775575770519055,0.0,0.30084310916861734,0.15644567722818828,0.11920659749171508,0.0,0.3147970043584691,0.35290861773327004,0.158684583579803,0.0,0.5452910061831497,0.14400300492837065,0.1327858484025383,0.0,0.43066008962953867,0.14346490376845564,0.12870639440401602,0.0,0.3626610639647719
A01,5,16,0.15517297137675232,0.05231718677869193,0.061487842853309216,0.23047694043180408,0.17240336021916233,0.09574352487176307,0.0,0.3144634450316313,0.15573620376638556,0.16345304082469153,0.0,0.5233436683955484,0.12503635860631365,0.07327685316575097,0.038421094181138656,0.3035309498577489,0.19457367152732805,0.17784513359784304,0.0,0.5326577633591429
A01,5,17,0.16922147880553043,0.0613875536764899,0.03669813780935655,0.3059611988800061,0.0878622312612442,0.09502497433990281,0.0,0.2783189472367099,0.34120337809031565,0.13657671210918498,0.07539834325098578,0.5461567290850283,0.18289065164914753,0.1153309844351446,0.05113905229753498,0.4990643854950449,0.1474885795816493,0.1348438580823107,0.0,0.5150818892089722
A01,5,18,0.14601003310000057,0.12872640786877154,0.0,0.4043666882212982,0.1221777309503158,0.1340720483895255,0.0,0.40583967056902076,0.257271752735507,0.23413906318211783,0.0,0.6199287597146099,0.19435357175616774,0.13053858859196332,0.01337082921825526,0.3861036426472186,0.2482579414841727,0.11871486074296388,0.016223202894303044,0.3969181331299417
A01,5,19,0.22061669485043744,0.08882730869196273,0.08748159658117814,0.41243266828278385,0.14207370632549265,0.0692680775832946,0.010595627562439005,0.25208761447663,0.3825947741928178,0.21788762397121664,0.002414497979651082,0.6821806761939547,0.20535951067991384,0.07604929466009851,0.016017300151046694,0.31106290912175083,0.17290181613479869,0.2096997950533179,0.0,0.5760593865032201
A01,5,20,0.19646257525312474,0.10930399468803341,0.059344266137669584,0.4018469289579984,0.13771480797042185,0.12273150977603195,0.002408390131036204,0.3565258574057405,0.2773267851793411,0.17681541535363596,0.02499586254943293,0.5743584017823279,0.24562516803715434,0.0822877049400812,0.07296893473601888,0.3550784193713902,0.1486319796727328,0.1307666172142417,0.0,0.3561384112519899
A01,5,21,0.16690451949344562,0.08683215663890655,0.013875913179414025,0.3796395883096442,0.11369407156516244,0.10049011519998514,0.009243649056437042,0.3831961265118414,0.24353957170797316,0.17388317743169232,0.015465197717073886,0.5454644741873838,0.1901031121152465,0.09047661535078827,0.0034429687315987723,0.33734413517057693,0.24404228485309956,0.14859947961557213,0.024929415584718524,0.4953432128555915
A01,5,22,0.15024887950138419,0.11145421893794256,0.0,0.3218157153013637,0.1429703018794685,0.125471116225588,0.009859716730861104,0.4467476146432012,0.23717946752661842,0.1558390391747758,0.0012512111955008992,0.5814356483906422,0.18410021548760805,0.1350779515463837,0.009719222213874128,0.3702725563316192,0.24436049282169345,0.19295693171136435,0.017599454330414623,0.6073992311901656
A01,5,23,0.15938711753387272,0.0967505567310736,0.0,0.2998877540691791,0.11203277347696107,0.07568944597102699,0.010793518685847643,0.2732335192191257,0.22797965952732588,0.16862789805623152,0.0,0.4905943627673344,0.2453594517409295,0.10675288861605979,0.07676347737017034,0.40832091474292714,0.23730030264982466,0.2114227611951984,0.0,0.6633189308027576
A01,5,24,0.16689591751835206,0.10053129613383499,0.01591209906425728,0.3129283162764268,0.183399497846845,0.12920816015009365,0.0,0.41562362541248093,0.24214191095139992,0.17992692175319067,0.0005122810703330602,0.6015071926943462,0.19976273733030725,0.12844362809568274,0.025322884246318962,0.40641556201213574,0.2907588945880159,0.1852161446880193,0.0,0.5742065591820465
A01,5,25,0.20593329759221127,0.09975442412069944,0.05871177740377796,0.34024014866820534,0.11651054318064123,0.10558979595631042,0.0,0.3157359763760001,0.3171215613274824,0.12752846036177964,0.028920043097250967,0.5014472461577665,0.23774304070797356,0.12741841509888102,0.04752701196583394,0.4245488096275269,0.22508518190188972,0.1481094628062717,0.0,0.5141774773984139
A01,5,26,0.11891195302209885,0.07482900050638383,0.0,0.24178909451490035,0.07963587470606871,0.0909825000583288,0.0,0.27948920957055085,0.2713671449873018,0.19679543585266993,0.029664586927736467,0.6028293744073887,0.17537622507979916,0.14646547200937393,0.0,0.434199140459213,0.1825392592237435,0.08946199864861819,0.033438285716929035,0.31307030309651057
A01,5,28,0.24672936171526427,0.09603430926794747,0.07658027511125089,0.4205816201034044,0.2371363949002534,0.15231906082321137,0.0,0.5366727680041697,0.4095750203523011,0.23149499365251922,0.0,0.7398191891847209,0.24011860348362088,0.15583546301384918,0.014539365427901685,0.5116485350455864,0.1923369183956362,0.1644093467641411,0.0,0.5323707875026628
A01,5,29,0.26131732432175425,0.10794841113583566,0.031212700371483573,0.4362998726729872,0.2885652872374406,0.16798340778380294,0.016168041593209854,0.5829910275047171,0.247567923840679,0.1900891289337039,0.0,0.5058025715364762,0.18842082629610635,0.14153364571424454,0.0,0.4300776413325676,0.22280388552284602,0.20937287248217296,0.0,0.6016932241506642
A01,5,30,0.12228543721367806,0.10831616138910569,0.010887942920595013,0.3419736602008664,0.1096782762109312,0.11249557918553653,0.0,0.3386975230350617,0.14953966310458452,0.15653961440240488,0.0,0.47125354606567377,0.22036846396981294,0.14014025323655133,0.017570344896397812,0.4246381651452592,0.10377289172529407,0.09817059427764661,0.0,0.3329040680342899
A01,5,31,0.1796048693805683,0.05780549357510357,0.08179524711772143,0.27204001563676944,0.11674919429381411,0.09196326728859577,0.0,0.32232645673152166,0.2757427060963683,0.15140562108908417,0.08231937771279949,0.6509437603282195,0.2591099787327002,0.11638406627584569,0.10414238245860179,0.42839782660880293,0.20341555276631057,0.15622859012428048,0.0,0.5707183421429246
A01,5,32,0.12143423513532506,0.06997284937060567,0.01682828673120938,0.24761685750751702,0.10401466273674317,0.06660665745950321,0.0,0.21258827049946552,0.14556446180633117,0.12009522761908185,0.0,0.3922063779262361,0.22538263515858403,0.10051782719074893,0.062441498916031866,0.36307756566524113,0.1355626191420879,0.16138312027484478,0.0,0.43441751846759413
A01,5,33,0.1280703964444957,0.07932068280014119,0.010482621193399409,0.25460044414176564,0.11128515165756656,0.08613510483820397,0.006605836464291549,0.2430072238670993,0.1754693233164784,0.13846670381731513,0.03250435674577702,0.5524514310252275,0.20437836596966247,0.12609618142234372,0.007056539095272247,0.4746032732588659,0.20538235453561302,0.165704725518997,0.0,0.4339724466738454
A01,5,34,0.12565021160304404,0.10794559077929873,0.0,0.31029059480339954,0.20950365855428077,0.17970311395218128,0.0,0.6208842227944279,0.1733855185181228,0.1342959305967811,0.009770078865209673,0.5155209336659854,0.12144658891651568,0.096286099874415,0.0,0.29781542585905807,0.10366420201044751,0.1708837890567193,0.0,0.47956554519876465
A01,5,35,0.2072186338612064,0.09774750453386431,0.05910303448929936,0.37644830682656344,0.17297435711866802,0.1305326446456985,0.0,0.38115896129691135,0.37101196296102495,0.1671870800932277,0.08985253683789167,0.6302843316963914,0.2112476490347561,0.08376376187237349,0.09352586672823134,0.39916939084737313,0.2768202802613052,0.15812890362028184,0.013763373112185293,0.5426696205639906
A01,5,36,0.1946610897591275,0.08118862115503714,0.08259252181923794,0.35213431873118733,0.14560464866350512,0.11196689509412099,0.003979097172663378,0.31538097719529506,0.3075564085025161,0.19241714679639982,0.006785443028048082,0.627169471191679,0.18589582182394424,0.07669961623231314,0.030519005091496267,0.2735165200131897,0.2966605415006447,0.1964205332184483,0.004811148683861122,0.644901415889961
A01,5,37,0.17069354961751665,0.0750607887751432,0.019649294368214658,0.3118912652021443,0.12099547686855712,0.09355943625934589,0.0,0.2924658139842182,0.30748103787569325,0.20615664900822844,0.0,0.6418478289148543,0.23429886507644332,0.0907728397232328,0.10376828453064088,0.39736003677793663,0.08581556264688452,0.07577940520948945,0.0,0.23470080037817873
A01,5,38,0.17671581575893838,0.08300615537627161,0.01813158639706128,0.2956049554123527,0.15850348910286466,0.11561333389704226,0.027729368078141477,0.3568932800296038,0.2520059890263513,0.12098111101010563,0.06944950346677528,0.5319001316650623,0.2238460178128269,0.11741818109476934,0.04984350865670306,0.4222248378646634,0.2217020939267179,0.10938423037468967,0.07510922261499461,0.47310504831461075
A01,5,39,0.20724446100392566,0.06758850453113939,0.08787774263070758,0.29383101745555745,0.16385724765401524,0.07193966955461932,0.06733425638976463,0.2887239342735467,0.27383841926862434,0.17353399660574284,0.03930045629076494,0.601869341565692,0.18458083847795956,0.15096051748749767,0.01308992922229795,0.456767177874662,0.25810539651614733,0.12548801507655005,0.011713670100071088,0.4358369055621742
A01,5,40,0.20599936032312613,0.0899672497358995,0.027321255053887654,0.33160531225735346,0.1880752869978348,0.13758975106900412,0.00592116528496183,0.4190621294176868,0.2625592744461455,0.16630189595174238,0.017122265818792264,0.48398138031935173,0.23507050910524327,0.09387095508313663,0.0866611217955051,0.4330987379150524,0.10316231251052656,0.08478963669064987,0.0,0.24354088535295504
A01,5,41,0.1426728283378001,0.09871569477883949,0.0026246801100991662,0.3251100675058711,0.10509567010181943,0.07086637210293674,0.0,0.23771944344617846,0.24083285140402777,0.1290974980454407,0.019411186723380856,0.40853326067977264,0.2246412864477823,0.12675414889960934,0.020620492718430757,0.43362687036947245,0.18296291309951226,0.14361891005259445,0.005361702601319058,0.40589386746447664
A01,5,42,0.09792070510061006,0.0783038312184986,0.0,0.23567180246573802,0.11981650631142922,0.09972002290519766,0.0,0.2623813054758576,0.33126764412227006,0.09179480680075357,0.1531597704896477,0.4579486323838191,0.07762677862743189,0.07949246688355953,0.0,0.28183253741319547,0.24035724029200184,0.1308014832052347,0.0,0.4073975776680506
A01,5,43,0.19781674585047282,0.04831569630566086,0.09274643967382715,0.29622690572016414,0.12307097493525307,0.1097483045371447,0.020149865119000156,0.36311913189224326,0.3226364805793068,0.18895715033207316,0.024360648063142958,0.5606339206160792,0.1689125857328499,0.10693328403392233,0.015563549412213495,0.37604112738967105,0.28268166989618443,0.14353528390592898,0.07410679537191,0.5599813439850286
A01,5,44,0.1998518384370234,0.09246417391046781,0.06708405644727677,0.4402890800087743,0.14002722513991897,0.18314333483122455,0.016261824733512502,0.6586161604568354,0.2642580953649349,0.153447050311774,0.0,0.45982740092527274,0.24459770702580952,0.12303893466891144,0.0,0.41196758977894216,0.18917587769592448,0.129344356857661,0.0067497683219221215,0.42332611859723696
A01,5,45,0.16296506848616069,0.08224538608184857,0.015421185121928218,0.31647109113191224,0.12845355892270946,0.09582240249713975,0.0,0.286310444763049,0.22237204416083578,0.140908559478548,0.025910739459649834,0.41855092413372585,0.21371674685215994,0.09818253961651828,0.04862462853835091,0.37092392406690006,0.11738068267532181,0.11126572355197284,0.0,0.3395730965223266
A01,5,46,0.12043578097493145,0.10832874522892703,0.0,0.3700927105096185,0.11332707894140032,0.1369688150046226,0.0,0.48967265954936495,0.2386732819274941,0.1329578124185089,0.04869804034236699,0.5637728603946675,0.20870924883004355,0.11505247951456858,0.03473679167222965,0.3521402094872075,0.2600349987115066,0.2327722931067405,0.005938014701396178,0.6924427073419741
A01,5,47,0.17411554730827314,0.10079629930367412,0.0,0.3311724518069335,0.06684915880200355,0.07294615009935519,0.0,0.18473678797051704,0.31592064180925167,0.1633618093842425,0.08276692215226156,0.6276726925009012,0.18367962601449275,0.14727911263385282,0.0,0.4351788563896853,0.19643260733970477,0.16128144618290757,0.004316228492124223,0.6108874126322146
A01,5,48,0.16820197677452636,0.09972145691149545,0.0,0.3767502472264196,0.1600514721932002,0.09365012432320337,0.0,0.26462207919347863,0.23222422764087725,0.16580435320557776,0.0,0.5038525439743987,0.17384506709307315,0.12738280177406688,0.0,0.3611156106917588,0.17552948811357627,0.17871337610952726,0.0,0.5624710854752317
A01,6,1,0.36691285645038807,0.10471347789006083,0.06319459656102497,0.47503550112884313,0.25147023560678716,0.06854001855460722,0.13394355260584617,0.3667200979337591,0.38007777505007684,0.2376894665755333,0.02771536147146723,0.6891424320240537,0.3735563944626426,0.16618909511039093,0.03817967625393318,0.5511583346945138,0.5182133927400991,0.09171079647937141,0.2938433280620247,0.6633252290337891
A01,6,2,0.2425397032662132,0.10501199631491563,0.06861314093312303,0.38978643503094884,0.09528474103399967,0.08839532947300191,0.0,0.257360284187104,0.31711525350132475,0.15368463319194225,0.09108062975002154,0.5589058555148695,0.3727765558904263,0.1403692674345237,0.17036880592226472,0.5697982686885409,0.2928098022334583,0.18330464459269472,0.009074487949688856,0.5651621065728277
A01,6,3,0.20733491991351602,0.09387037833616448,0.0,0.322220628315907,0.07015075664193726,0.09118765898059539,0.0,0.34372526338772796,0.22766882822546755,0.14289259129458412,0.0,0.44307192302410187,0.3257042578992084,0.1305451311208601,0.08820747772909711,0.497011415386873,0.49165101852285353,0.09872758642042034,0.3324975381201907,0.6478610011755456
A01,6,4,0.24917562132920068,0.07183522316872613,0.13017576856599197,0.3476015440981878,0.18786785311400397,0.1421101794811333,0.0,0.42114515626748666,0.28575668579072333,0.14799420131879984,0.0,0.5112810710433068,0.3199968019107507,0.08609859977305842,0.09393252851970688,0.4222984006480378,0.36558896222894643,0.1794345826156901,0.06676326107107426,0.6032779639595053
A01,6,5,0.24143824887036852,0.1081334413516536,0.029160651256208543,0.4471720188086497,0.27026923376400797,0.26966377381108525,0.0,0.7311308892606901,0.21840085531665906,0.19197638015194526,0.0,0.5047784739322718,0.2677210126438455,0.11896934032260618,0.03528206003441614,0.4179336355429791,0.4350392307232661,0.18323049518178228,0.051240053175064144,0.6851584611625464
A01,6,6,0.1902271579012109,0.1057026964888656,0.03821079416769112,0.4014166004781459,0.15025858098421133,0.11901829789005529,0.0,0.35132924606681165,0.12313972175540146,0.14149404884176853,0.0,0.48126413580084154,0.32675466975436174,0.1079050372638737,0.08603091586868176,0.5147861517977216,0.49288041152061574,0.10402564648311631,0.3215636774440374,0.6927265444562742
A01,6,7,0.26486729901910167,0.09130200188341804,0.0743871822983171,0.43516197297137577,0.1494855584661196,0.07479979943277786,0.021951416169961498,0.2801759344539093,0.2764004128170668,0.17909630397421594,0.006738076182761994,0.621119023331386,0.36184449748109987,0.14635490346815755,0.027247416249608834,0.5935120370838385,0.43102216957013834,0.1525572964411993,0.17183999215692156,0.642299238118981
A01,6,8,0.23348950761211465,0.0848847447662158,0.08656452800876553,0.375893193767296,0.13507837910867837,0.1060288475256419,0.0,0.34152033540955323,0.31923502724837344,0.17716707039503943,0.08988430955737789,0.6435808846047576,0.2891500209932488,0.15913134897379028,0.02787117784257271,0.5267695910315385,0.39659382012850913,0.144097244777958,0.18301431445223545,0.653135114683157
A01,6,9,0.26341930018553833,0.06899536570802595,0.13247651160217472,0.40150249968091056,0.14408246633732574,0.09399260748926015,0.012250589600697264,0.2915507116433239,0.3248375030994493,0.14761340114248456,0.05489243593584487,0.5898502916407674,0.3041718156219942,0.08805199610790548,0.13162205692299456,0.4501590512533085,0.40322326892735405,0.18123384897558933,0.03387029993301939,0.6272978319846868
A01,6,10,0.3101527952419152,0.050688492997026574,0.2317183682482719,0.4214011456177204,0.22397442466714856,0.12472346529067109,0.0376161455422989,0.4001358877118844,0.3535184983763064,0.1881103869770254,0.05254208132906102,0.6418565971101613,0.27529003730508955,0.0737378142695499,0.15635563535330016,0.39918081719136406,0.4466494376121727,0.12853850726766092,0.1810081500010347,0.6036995310578689
A01,6,11,0.22526564681453162,0.09423924134725714,0.07723904161758877,0.42305745159101044,0.15454918175224813,0.08249395864532309,0.038132625754423145,0.3167169697000021,0.1451759663135651,0.15421846459782557,0.0,0.4667206780209069,0.30409503562292284,0.1075927558772769,0.14585436133754462,0.47387141690587553,0.430064477961565,0.1541594340040491,0.115853741010013,0.6476051479395881
A01,6,12,0.250156161920056,0.1012600936956842,0.04921005692223013,0.3947485212044463,0.10496148051746665,0.09141598112657479,0.0,0.28988058301164094,0.28573717328199627,0.22002425971713865,0.01559070318050144,0.6832902363769907,0.33034216215311124,0.1854790256117205,0.034306140804150634,0.5656530096867378,0.47693078079831236,0.07960167248429613,0.3549662091506519,0.6330019543681855
A01,6,13,0.20853486098840415,0.06592688511466163,0.11672840774464757,0.30579878067651156,0.08376349117532181,0.07436158942559241,0.0,0.26452294284902456,0.2835107508797022,0.18068482369200795,0.0,0.6401168256713142,0.32428011069884594,0.10786524241427421,0.09590786407518435,0.432561871732747,0.2698839928562787,0.12493859281874461,0.06955242816806441,0.42903469348862266
A01,6,14,0.26820065645703406,0.09662831004745226,0.03587229889535177,0.4066724417133255,0.16775980170883315,0.0932416660305641,0.03314048303777027,0.29036742293241885,0.3586842821437547,0.21859764284217587,0.007509834152603185,0.6727686876402219,0.3225498179613269,0.08522711395614037,0.1783010238330672,0.4536913319686407,0.3942594855916392,0.16611841686566275,0.0885096135842248,0.6601864717444433
A01,6,15,0.3121357557459565,0.09266834928782755,0.12256812040881034,0.4389550921534323,0.21239265811697622,0.17431339446958014,0.0,0.5500748160944429,0.35971961317130563,0.13124543428654833,0.17197706111275463,0.6027311457088264,0.3543004318665248,0.0955085939559137,0.20616690373134,0.519775203843089,0.49240572019401646,0.13348560416523145,0.30300414694171707,0.740399412678401
A01,6,16,0.3431256288930488,0.07078121564271976,0.22107490592482337,0.4821548099280021,0.1845397457472611,0.08936281838579656,0.004960211973795227,0.32755076291888396,0.3471827298770814,0.15993602656588313,0.0,0.6242257678482905,0.36523080289743093,0.10110008241486372,0.16519522294441571,0.5041843264537149,0.49886520645087123,0.12622598495709833,0.20746527872338474,0.6387190055859068
A01,6,17,0.3434762566741765,0.10460583201464689,0.1873751051664847,0.6224257072174467,0.326137968413989,0.24705086924983788,0.0,0.7897266281781263,0.2877515412003577,0.21218972893137664,0.0,0.6464397842490619,0.3546274308689453,0.13164542886334774,0.06281912179801696,0.5729689548927233,0.467373988167551,0.15980657338823268,0.1202589850306848,0.6512601812160893
A01,6,18,0.256575117802475,0.13789508849380797,0.03584261984524206,0.4605638784249496,0.12052998415311736,0.11193121109807734,0.009309970824510572,0.37964584288449554,0.33505735022628325,0.17903801538577144,0.0,0.7449981947847278,0.2802526803696351,0.19535446509249269,0.0442990491821716,0.5954907251596729,0.5536076229592641,0.10250207220891408,0.3333390857825756,0.7321253729885567
A01,6,19,0.2078826397611216,0.11509131443341905,0.018561822871923064,0.4269766973821992,0.1652134259107442,0.10353873262555502,0.015431267578709844,0.39095551981028587,0.15774188904228179,0.11915467761457561,0.03766777593159238,0.40221778146671505,0.25053587048234327,0.14095921014346788,0.01600712992171097,0.5252992869327286,0.4456679138958062,0.10561651513898693,0.2218975023961715,0.5640367065004648
A01,6,20,0.2928313642970727,0.10693215441075729,0.058917289706513255,0.4187364907400017,0.17458919068606488,0.10610148289308625,0.0006944905898945855,0.3061869177960184,0.3252334826006259,0.22612772950639795,0.05301073496327898,0.7633303890340979,0.3727429725289786,0.14347898716311452,0.11620750193095518,0.5720008685538732,0.43323824211970774,0.12299070371204024,0.1626320463900956,0.5596615217703985
A01,6,21,0.31891005587172533,0.0667931852178517,0.1831526934565562,0.42990984423688616,0.15311337563085342,0.09536646068058396,0.013435920533937955,0.3401219023152528,0.3686393098242287,0.18858806935736688,0.03566101388318683,0.6584760755699711,0.33908048023491055,0.18281678582194488,0.04392254723009708,0.6526018645648259,0.5190207880662763,0.07263164467863117,0.4342068312565699,0.7033777889028007
A01,6,22,0.30527655561364975,0.08776995973234679,0.17420959157582655,0.5017895085492982,0.14239567847211854,0.07484807792310362,0.04560553172602485,0.3157763778804453,0.3093569825769105,0.2547186563975062,0.0,0.66150770041122,0.44176329576628504,0.11542598564021753,0.22942361535132028,0.6157284165727889,0.5307605070752915,0.11318724044969639,0.35314396928329544,0.7012025802185915
A01,6,23,0.23360241068817922,0.13555694755775757,0.0,0.5133865589157922,0.22544257807295712,0.2184235534629492,0.0,0.5752643563717729,0.2393506612091872,0.16931253892098855,0.0,0.5883422051541473,0.32044212206501466,0.1971057865329891,0.0,0.5243906523930147,0.40353573882655513,0.19231438763082448,0.010232138901736163,0.6411362002088102
A01,6,24,0.2200781403183296,0.11906856761166755,0.024641647295491755,0.39779999540358485,0.12076074378886187,0.14598414007530355,0.0,0.4173515882598934,0.21681758128421505,0.16123129587619667,0.027921923156760897,0.6005338751555724,0.33797515437628195,0.1256770729724177,0.07208640502816319,0.4796707372971369,0.46787623278975304,0.16270422101764942,0.01625406727465947,0.6518486273564352
A01,6,25,0.3024472761797309,0.10548570058930214,0.17369042605785065,0.5269129305001571,0.20819173372656866,0.13918370637413463,0.0020857571703388595,0.45359134407962803,0.31633679389140124,0.15842576955178142,0.04070489849449532,0.6044755088386579,0.3309882900436504,0.16341602856942572,0.09856466663653421,0.6222624445998657,0.4552270050329579,0.17144444255908836,0.12203528853342883,0.6751572965138217
A01,6,26,0.30788272475377615,0.11888802091822924,0.03764884502077624,0.49565349280485205,0.21120415785662522,0.1430080893541166,0.0,0.431513763379046,0.23348147601888034,0.12100964386280924,0.0,0.4606824315248185,0.3487678173724954,0.1508556097019954,0.07117000504883875,0.5089216205770065,0.5426817428563026,0.13406483561581992,0.3357098837740538,0.7373953484577328
A01,6,27,0.2589027682614067,0.06595667747908471,0.14312325820867322,0.37435271441372203,0.1057668347124591,0.08481318963229373,0.007941377679776065,0.2479653092548035,0.30928400990498023,0.19369866283432274,0.011040875862815007,0.6376899560012885,0.3389018835934231,0.09969491141072719,0.20872330041174555,0.5866240523308591,0.46813446225914,0.12094853660939968,0.2370962579235988,0.6283922042490531
A01,6,28,0.3310050737533667,0.08780822128412957,0.18776802306260207,0.45695639204053673,0.17431139377513521,0.09604735244127034,0.0,0.32738345659972234,0.35462652122214605,0.18463295841925734,0.08644675563437212,0.671953520912968,0.4055998861592451,0.13197875517047264,0.1088711191342667,0.6025638220043443,0.42832770496400996,0.15496569540740626,0.18521628156208075,0.6530536421105202
A01,6,29,0.3278400303771678,0.06370944098725877,0.2225457738379545,0.4317247370997695,0.1687035538782567,0.14789584263200256,0.0,0.44718024838983256,0.2881530160232864,0.1970742510379741,0.0,0.6752189807648235,0.46233627209746725,0.08051171064933,0.3121410272183071,0.5727442473150725,0.43541099243786885,0.12216201144904587,0.1816959134609843,0.7154274925593404
A01,6,30,0.22282177719060883,0.1027253387057484,0.02584170803603095,0.3929555291604629,0.0942691085943838,0.11932618785480924,0.00044455499034320604,0.36334512674616787,0.2647066200606033,0.18503917138492285,0.0,0.5437644577808732,0.3135996059528777,0.10148668116817304,0.12698152308153857,0.4855218762660117,0.4717097977631575,0.1282853045809328,0.2980193196916667,0.6500344534102777
A01,6,31,0.275059762409309,0.06526183499934761,0.18975650531702223,0.405315145879924,0.17641497939298628,0.13950835015101767,0.01468021704883363,0.5129806595594856,0.2677355808633559,0.1949125165412232,0.0,0.5444703875668097,0.3690993434249987,0.14350045723011717,0.02434637046906824,0.5154884944356551,0.26557407385389653,0.19769226528050052,0.0,0.5891731117442874
A01,6,32,0.2607242667484236,0.07020361430833415,0.1324355928930513,0.371122316415006,0.08515050118341747,0.05871620353046019,0.0,0.21001764583072008,0.3183945712180161,0.11003822144962264,0.07923021047865264,0.5451762959899645,0.3438579740406095,0.13081056367154753,0.0431373131223305,0.49227923841345694,0.40695120743772845,0.22171421907247918,0.02881853376817478,0.6851578844152336
A01,6,33,0.2579113782228169,0.1414189158128095,0.0484725113651525,0.45979979094689594,0.10983797909398273,0.06392787870568307,0.0,0.25270478302948307,0.24844919660322254,0.17867716980114176,0.016060531603811965,0.5900225088409281,0.3154295212915533,0.18984238701969286,0.007437961717985101,0.6324745384108355,0.5008469546427912,0.14353395641803157,0.24044693920144783,0.6722886643796491
A01,6,34,0.25209157729372145,0.1197542568788194,0.015171433252264268,0.397518520849977,0.14419870201938162,0.09663912379430362,0.046699625123758325,0.35094929484131354,0.2813104019566122,0.16934697137364002,0.007564884010961305,0.520141397765755,0.33989306487910725,0.13491933976325102,0.11682165561598945,0.5740027546710119,0.3151702855398997,0.2109733567303978,0.04716016402003272,0.6152153291309712
A01,6,35,0.2839410428356688,0.1255541568999834,0.03970257729862688,0.43437226746415647,0.1775951869053754,0.15539000036674125,0.0,0.5304247948623344,0.3457640449058204,0.21135478431027116,0.0,0.61209604530537,0.3636243801689069,0.09187387342939657,0.2280860528639537,0.573046904039745,0.31749319938293746,0.09766962553337238,0.1282744604265019,0.4675567489253033
A01,6,36,0.25181328056346997,0.08718202716162471,0.09024599701574207,0.38757699692325503,0.14741543646731597,0.07993815281636847,0.0,0.28499980368684275,0.3400369443216709,0.21453888109628522,0.010194877850593935,0.6999373404514516,0.31779927997276186,0.10163252043707077,0.1470456744382587,0.4651671996409375,0.43580066360909064,0.12706621239453755,0.24761221363431932,0.6634128565668215
A01,6,37,0.1936226848352357,0.09711366574636812,0.023464204527632013,0.3440614644239891,0.10318134626562624,0.09623781814229464,0.0,0.29499800956274697,0.29964952497959596,0.14815481497089325,0.0982307343847454,0.6289326475807565,0.30915409870498134,0.12258475742332522,0.0,0.46340917087541905,0.32277997942634534,0.20619160871348263,0.0,0.580420961344129
A01,6,38,0.2152859920880969,0.11812544724941398,0.0,0.35700864361457424,0.134012560938124,0.10336151260888628,0.0,0.2686295474805613,0.2800064155457526,0.17373071720556957,0.0,0.5362933909113471,0.2975414501904761,0.13890356510522017,0.030764986278875854,0.5002592877203381,0.39685451961324053,0.13492203332445152,0.06669466921095758,0.5380913342694015
A01,6,40,0.24363522174094393,0.0839565720550836,0.10238643629053444,0.38157161215355134,0.1714662797238691,0.0895472295967124,0.0,0.3198791460424428,0.25398595639084226,0.18181940816786443,0.01177972563483636,0.5863017948326604,0.29644587447306076,0.14832976137689047,0.0,0.45934196278735845,0.31813681323196313,0.1461338737757378,0.09142995486523119,0.5335125549469598
A01,6,41,0.1940960274318714,0.11568525817559351,0.0,0.39090087347653785,0.1090585959825964,0.10047902535313495,0.0,0.37754930944052223,0.18830112348180902,0.12470099877847532,0.005154390287410826,0.4701397076026654,0.32145379929148865,0.11132198791953572,0.11912829492127794,0.5372406665266004,0.23523935230000387,0.16503889603110433,0.016712492266840302,0.48286512292117945
A01,6,42,0.14223475806136207,0.07743125588886297,0.032738837139670705,0.26411821204529257,0.10401998236353331,0.08028710115413919,0.0,0.2836453717045367,0.2206001146799549,0.15860634805023305,0.04447893218822109,0.5472031260300111,0.20411692338970422,0.17717525204648799,0.0,0.5635573582113416,0.3573786874481374,0.1374084704020215,0.035521759749703063,0.5248891291707052
A01,6,43,0.2457281909252866,0.1265342137934529,0.06281641685285802,0.44688640377317884,0.1848931330129968,0.11618493496253998,0.0,0.32658665995659647,0.13354999409193224,0.13774868111396552,0.0,0.4540016212851743,0.34201260087104995,0.12050058048273936,0.14709483598843415,0.5656316985398624,0.24195827127285188,0.14216849888446345,0.0062958741690277075,0.46668356152640744
A01,6,44,0.2801678130471512,0.10613842553917627,0.09557281899348231,0.4779689550785333,0.16714080511015403,0.12336205337090436,0.0,0.38796670107816994,0.33392429011096897,0.19244868956471964,0.006387154283060232,0.6024822060664334,0.36355313241713844,0.14521599498689233,0.048202178524508685,0.5064019870985483,0.4387748413022527,0.1894119255989703,0.09800094609821645,0.6661307633267024
A01,6,45,0.17826066506438434,0.1229787103860461,0.006806731098114234,0.37347045217277713,0.11145238847197884,0.12085754655232472,0.0,0.43047561443933563,0.16366952825675013,0.20588148829385966,0.0,0.6484213118666461,0.34646809335118367,0.09086129988887931,0.1705443388471311,0.4648749298465962,0.33082150172846486,0.17496631694663298,0.035353396310606904,0.6362172091928852
A01,6,46,0.14390876280039314,0.07051636254173899,0.022128824175327928,0.2521449586324648,0.09062287879390452,0.0882390543040213,0.0,0.25295369921785477,0.2660068800500696,0.21308191148871225,0.003251754198699021,0.598475179356556,0.19595027415102967,0.13561740279142806,0.0,0.41133006854374926,0.368476262505603,0.17796860207702828,0.14803771250543857,0.7054723656127468
A01,6,47,0.20721880897880088,0.08372463894195943,0.035871476643532185,0.3120911357433173,0.1342373367219975,0.12527599069184442,0.0,0.39406127767413424,0.26725625150109467,0.18705918805339436,0.0,0.5757426356234374,0.23596357112693814,0.16303534103749664,0.0,0.47926361538443685,0.3534213315963284,0.19301048182162947,0.08058746415996568,0.6531483613682519
A01,6,48,0.22733191574182732,0.1159506117469381,0.0,0.36338384632147797,0.15945807726253186,0.08498080871471986,0.0,0.23633244185680433,0.181429635859669,0.1002428144690031,0.03388525796600946,0.3460445582406737,0.40241855865793824,0.07875460184792756,0.2388308137776494,0.5436117036384394,0.369793224093196,0.2113470851994817,0.02839251265647293,0.6679151825856963
A01,7,1,0.2775990337639411,0.14400881987781405,0.05918093862233723,0.5170503850983004,0.13656826722904963,0.13266760153289464,0.0,0.4182003557501633,0.37544449579052075,0.2595314103988969,0.03391077841436352,0.7078243352731297,0.34735527232326363,0.1781053303996331,0.05589253449632866,0.5829579591691909,0.4638631156567304,0.18748386402072964,0.09912513997684709,0.6666831671966074
A01,7,2,0.3143447423776633,0.08474350532186381,0.14313139208017236,0.45405202423623237,0.12289367541229952,0.10034500721596593,0.0,0.26772547955460735,0.27682530089257046,0.18414360788228482,0.09089287109844153,0.6687175470881451,0.444527528142774,0.11161147450614049,0.24422783689242764,0.6260568687985939,0.4194917624510296,0.1959329496364878,0.05088281740587175,0.6216882369144988
A01,7,3,0.31264742664843825,0.09139589469415622,0.1927644623930355,0.49938770525957005,0.12207358737496632,0.11641328447543249,0.005260535931638681,0.31033021377734693,0.24173888900083737,0.129364521481835,0.0580347699696875,0.4762760850269329,0.43718587226731576,0.08822300229335782,0.32198373587354084,0.6068426787248711,0.49143534864941124,0.1559985485436888,0.09317918199918566,0.6728469101018423
A01,7,4,0.27620988663893065,0.08691903915179826,0.12175312000645007,0.4558999692324505,0.18017561129432028,0.1540066226709356,0.0,0.39199151403334626,0.20236323945727677,0.16648189356817078,0.03285934234016625,0.6879772577839434,0.3623080072714513,0.07212915436012783,0.21979365420535096,0.4527523713026458,0.43307538236314763,0.15369255589452063,0.030140241252746374,0.6054728650062138
A01,7,5,0.2848818890206308,0.0640708328461759,0.14873265526394208,0.38662959539676806,0.16016181180577477,0.12653367966678006,0.0,0.36978610226376013,0.25942630565565455,0.14339992069900176,0.051369660285164175,0.5312220377471102,0.4009136781971327,0.0895213383401687,0.25462287318548577,0.5472348119845141,0.5460971943850853,0.06707052414955646,0.40738806452170223,0.6305256939349374
A01,7,6,0.3516574317458371,0.05968800865651403,0.27403202198971816,0.4780286867630208,0.12194327849170533,0.09697229951357322,0.0,0.2983683675371164,0.3716935395430303,0.2325400003504883,0.02829072521574137,0.7167447444427842,0.49748458060588047,0.09578832897004554,0.37617336105374094,0.6751003801220874,0.41150183720811656,0.2072455436129168,0.0,0.6498624600414518
A01,7,7,0.30111440893259844,0.09674841412247631,0.10887588170553066,0.47852116162915587,0.16374523816720052,0.11658600250534856,0.03663826067595726,0.43957297187316036,0.18523806990458733,0.13839760385695174,0.018333032884058187,0.5335441262491982,0.3962055038268613,0.13655434033568212,0.09616197227379693,0.5724772582232566,0.5342749068401691,0.08069858998260564,0.34030786168341703,0.6237817168226245
A01,7,8,0.28616561996881446,0.13162477592930952,0.015905787713974457,0.487147119632434,0.11901441543424081,0.12502439927550654,0.0,0.418240073374951,0.3764420657370983,0.1555511379928967,0.03856655372224284,0.6775064532318191,0.39698093239714444,0.12130329646674906,0.18414214293299627,0.5620977243443714,0.49971986413613123,0.17358829037500315,0.22120072575948635,0.7937773309838406
A01,7,9,0.3268780389674193,0.113076691734236,0.08802713131502328,0.5110741167482499,0.11920051736701234,0.12685925389139927,0.021135390441391566,0.395852802060183,0.15606647033640392,0.10530514379117158,0.03969065162181223,0.37353437046088656,0.44187356756502955,0.13996205541534681,0.10682336221222195,0.54891976531073,0.5119040598981203,0.18843512867325837,0.0810298221557433,0.7468726567117207
A01,7,10,0.3069874953180685,0.07406677803650208,0.19732667260086303,0.42326262025201683,0.14094377298912117,0.09938014258248123,0.0,0.3278596985893625,0.2972072847851687,0.17569483116476442,0.012435835888957312,0.5721059669508219,0.374862526082716,0.07281293217151728,0.2484272263637785,0.49932644977401497,0.5682692892945203,0.1273618652650493,0.26004143231439025,0.7137711072812127
A01,7,11,0.35631828887981387,0.09678964488981766,0.1987489404369874,0.46679795708682864,0.22284617305736357,0.11649772101130726,0.018398569574397654,0.36070231791225643,0.3114433411231091,0.2050385821416354,0.008873721791971339,0.6590215811050703,0.39072931957855733,0.1401153362349092,0.09842826869853917,0.5941938316939164,0.5665968598184546,0.1337388038552021,0.2765632063116227,0.7758055334417906
A01,7,12,0.3489209170125794,0.04070688391340879,0.26786965193300205,0.4024489938669649,0.20957624461876972,0.12549095024851403,0.02748707563083979,0.44990038236027247,0.30395365280978187,0.16310151319268285,0.05796477778155492,0.5707758103099818,0.42820949068571107,0.06404786970782105,0.3330395746667326,0.5445430491294797,0.5337616157186864,0.09415552408442576,0.3691404227424751,0.6969529823217204
A01,7,13,0.3838667190018636,0.1022404141540601,0.1439336159977473,0.5628884773566354,0.18530769230468983,0.09949888388817202,0.0,0.3217630277988382,0.3539721317241748,0.1806734697679035,0.06169424064598599,0.6227119559423631,0.4916112203354288,0.12097866234700085,0.22137555477495588,0.6480921667500699,0.5338202124298806,0.10949160550007667,0.3005063797757182,0.6918976855258692
A01,7,14,0.36101688425773876,0.08937200489705657,0.22301489473322691,0.4789782178447309,0.18615320542214067,0.173452054611826,0.00518683593836633,0.5933383817796993,0.26610038315030754,0.1492470862048048,0.0,0.5432225124588371,0.48075100167045776,0.17764767636657877,0.028777634834951056,0.6598081455611767,0.5818956192915505,0.06312292094608613,0.4162037336986811,0.6580117757189028
A01,7,15,0.2758477130327018,0.08018282847972913,0.12954403507838133,0.3974377486144269,0.09552755827310165,0.0938772060097541,0.0,0.28813976930812274,0.34415322065622206,0.13681995880298123,0.1157986133930049,0.5936919059509311,0.3747626052875885,0.12328909662483897,0.1792993841934199,0.5600700050580487,0.5692396154254523,0.12785670655739634,0.2372410216067314,0.7422275071905943
A01,7,16,0.3110571134075201,0.0965703979895926,0.13918329014677458,0.43666388973218595,0.1722418053478929,0.15790840184824848,0.0,0.4772822619770335,0.4264909597146206,0.17594771578904023,0.06352084104725673,0.6868184898765414,0.36156661252601235,0.1257916630842465,0.12111666417228573,0.6226142562715786,0.5404409790830766,0.18743526778146744,0.07020206906042481,0.7224181256103664
A01,7,17,0.3536778468855066,0.08911059975530779,0.1660234803792642,0.48469669812000166,0.18950595930228945,0.14850872384521172,0.0,0.4573376731333775,0.38730401099532874,0.1730173299490845,0.12311562877280127,0.7385301879121454,0.4458453509053562,0.09670773828635564,0.17654098656538633,0.5830142854840149,0.4565704872936251,0.14961779503398273,0.16556293513295234,0.6584596593256208
A01,7,18,0.3419046592659324,0.10825638404465747,0.13208593374961772,0.5079560615205728,0.17626760050570614,0.11090577476484527,0.0,0.37988832929323024,0.23496904278881103,0.1454977788045225,0.0,0.42820177733911535,0.4519977932031232,0.11728104998965816,0.2778766784801392,0.6181943211128166,0.5260334169594036,0.13031499571170638,0.29941041607503877,0.7532130198413265
A01,7,19,0.357368122320261,0.09402339106981597,0.20097319298622626,0.4769357680461743,0.1735295807874209,0.14435372526283566,0.015717983370433477,0.4777508321281578,0.36231123847836194,0.11507504257171175,0.12584110540156687,0.5422743006802612,0.46028415958539565,0.09841041810281653,0.30829058350536315,0.6563699146672747,0.5262370086539767,0.13729528124628643,0.17089925670376793,0.6722353735339721
A01,7,20,0.24333663173113193,0.09338947791194477,0.1311249919087724,0.4421757711926099,0.07279614111027213,0.08284479832870134,0.0,0.2657082821523205,0.08336718863321899,0.07961825890804802,0.0,0.2556634002675012,0.44267335122503204,0.1073528554193665,0.16696710614163843,0.5763672831753788,0.5312642364947514,0.0716790138981156,0.3402451176328875,0.6203273896432427
A01,7,21,0.34456064042612905,0.11043867230145672,0.08193584699299646,0.48642745146106037,0.19113987972653462,0.11440373339488215,0.002543011229485034,0.37907793943694434,0.32495116980726785,0.2624435994146233,0.0,0.7516461785997384,0.44388365171003347,0.11718914655068538,0.23327496996140976,0.59394638809924,0.5139866927596836,0.08343959991798879,0.3830946020129709,0.677448502078537
A01,7,22,0.29734756611447266,0.12048019934431407,0.07440761986709403,0.49076979162823103,0.15448991131093567,0.09820520201468798,0.0,0.2987476923657092,0.26616240974704947,0.1964122722813924,0.0,0.6808277732122414,0.3984722229216838,0.14077242688870592,0.12047939885097701,0.5778312809475565,0.5787758522268078,0.09678185187115171,0.40101652560098333,0.7320553407671319
A01,7,23,0.2963820125237285,0.11905983821816472,0.07399958152469095,0.5208204930980779,0.08736180813105097,0.09673260150285361,0.0,0.24832698198916572,0.26690088837587356,0.1713490298096298,0.020254625871347805,0.5557042038853439,0.4186177357368726,0.15390830610988918,0.04217335880996279,0.5521960703351636,0.5884103775689861,0.10593306135157422,0.3527555696898842,0.7789043173994042
A01,7,24,0.3689455384909917,0.05530477473148198,0.2677707792910257,0.455798049939575,0.1656631386959119,0.10179209582509578,0.01543313753432388,0.3153805870031648,0.27474518364704664,0.12299309933914469,0.0,0.4185202378648742,0.46057592129236935,0.09681608359059928,0.23405798717377563,0.5835392853067558,0.5450156604366918,0.12697655838014466,0.3051861652928226,0.7310521786803458
A01,7,25,0.35991018424636173,0.09438708949257692,0.23256250819514696,0.4626718532083186,0.16833203053095763,0.095962855477028,0.03427121566679318,0.3462057010063699,0.32233596414638394,0.17125598645057039,0.05246841666399815,0.6302505690466219,0.46149574403815613,0.09396275499966318,0.21994382995739656,0.5642069762052054,0.5207179776405172,0.13007525479834067,0.25304071234368114,0.7188894459762077
A01,7,26,0.345780583741446,0.08053451765020092,0.20820257962976957,0.4692943313072581,0.06676861844623742,0.08051757033111863,0.0,0.27829698124143637,0.27531270370086847,0.18940819700256942,0.048270309713547274,0.7676705584057674,0.49002857124008703,0.13521737097096942,0.2251055366529497,0.6864164770833943,0.5211044349248956,0.1164599948305168,0.2831454794181027,0.6808975094669678
A01,7,27,0.3771416263405026,0.08193257037865383,0.20273408751394228,0.4600597674574384,0.2449912312461791,0.10204559702920253,0.0616010873179018,0.3786766270664579,0.442931123366752,0.12028850553406988,0.2541271250611211,0.6808495966746345,0.4085932285998535,0.12895550875015177,0.21069932272186181,0.6382249394669989,0.5116652658913143,0.1038557879801642,0.29126729844758603,0.724269118046032
A01,7,28,0.30055651998523525,0.13588248200075395,0.048600945697540525,0.4505455982194562,0.12506102413372094,0.13140462029930347,0.0005912107098225031,0.48585345747195074,0.25432951219588296,0.20265782860613155,0.0,0.5764992276294826,0.4240155295991509,0.13597483149623316,0.1469748291621869,0.6360864322876506,0.5102934383849173,0.11871205933468867,0.26102980726206704,0.6841145411786866
A01,7,29,0.3260631113649471,0.10546955592619492,0.06505066846707627,0.41881401464665274,0.15589613894526919,0.12007509588908609,0.0,0.3446707477319814,0.2677499089609924,0.17678851026209777,0.028328504818856896,0.5044844838023488,0.45864660737894986,0.1060287913725737,0.2254879614465464,0.6057123018811286,0.5658497071923044,0.04891839311163494,0.47071530957057545,0.659324793805102
A01,7,30,0.31243231201831345,0.0899986941343686,0.12480398897008271,0.42515571551909953,0.10163124946629663,0.1128524392251158,0.0,0.37410020914457126,0.3051654227569857,0.16433942724829073,0.0,0.6469628892047145,0.4500746670019374,0.10559540823199606,0.21887673720276762,0.566819690470873,0.5252106052424491,0.18258648677202807,0.039277554199493414,0.7454364890466751
A01,7,31,0.349190685428585,0.05535896367977408,0.2631192653982214,0.45140437524112986,0.15631931705353314,0.09356574911585741,0.0,0.34825526881323604,0.3414229446206024,0.19775519063677516,0.0,0.5869798986335705,0.45540684542236176,0.11842749261043305,0.11898144452880961,0.5939511924628158,0.5001358005998847,0.1690652256174043,0.0,0.6910433879333445
A01,7,32,0.3414855029302235,0.14517337172227315,0.08065083254234538,0.5874670063216344,0.294053039367332,0.22187160044716464,0.012208158015550434,0.7431435174559943,0.36138490239775484,0.2577598932919307,0.013449392885592215,0.8136747486255762,0.4341720991949905,0.10740835550804703,0.2882481772557567,0.6703179524747865,0.49860855965482526,0.1361529844735182,0.27184891787588844,0.6782444510146785
A01,7,33,0.34659007920050944,0.06732330116234592,0.25244402485118034,0.49172584763826943,0.11010365460547468,0.12047163994002644,0.0,0.4161024315769199,0.39072889905000524,0.16113854204281447,0.10032933805719167,0.5746726576779716,0.4933024510562153,0.06873820849343215,0.37367364849497403,0.6289138474784709,0.4078564555810098,0.18424567663090669,0.05646819449199606,0.5955502326090402
A01,7,34,0.35023712363434295,0.10332765507017458,0.17204292531073712,0.6024560557154371,0.1800653882769536,0.13930876148696078,0.0,0.472329210853918,0.4023855584266673,0.22695575092020998,0.0,0.7405572671461245,0.3714349845087491,0.11299518737377931,0.20798638394778088,0.5952389024165702,0.4542793556290017,0.120380942871385,0.17656863695657846,0.6307417688952741
A01,7,35,0.35534185922570377,0.08576751753957618,0.18332247933413282,0.4696447105933893,0.19937585092168278,0.10040175324665962,0.021546673003607415,0.34643019558758403,0.3047200402271914,0.20676801969136788,0.02231055398312785,0.616886755034557,0.40475635344586147,0.11679091011321581,0.2239430312788095,0.592438729881089,0.5682918751133935,0.052770525897683676,0.4441689709138507,0.6570218773824698
A01,7,36,0.293414656313601,0.09280821053095081,0.11322129730391542,0.4555564658519617,0.12165058246025699,0.11171024096301921,0.0,0.3238434671567208,0.2557839886401101,0.15579260294558378,0.04998446583414481,0.4827705583621511,0.38584605408477424,0.12215150199067554,0.18225446763198105,0.6821090293093215,0.5049647966893164,0.14432081542603267,0.29691852267670565,0.7286263726740655
A01,7,37,0.30311785403102753,0.09920893433205555,0.1626093814809819,0.5484924518754651,0.10965769955511484,0.11460593620820848,0.0,0.3559112577845079,0.32562774997575034,0.2056017425992658,0.0,0.5977926068639886,0.39635734079842516,0.088225760034799,0.2209928918803525,0.5992301581177795,0.5902826141678542,0.08972428240764253,0.4361144904527409,0.7076180630138291
A01,7,38,0.21673200018410313,0.10702523942289963,0.05973596428112619,0.3816367847764908,0.1103611914536425,0.09866559271420232,0.0,0.31990262919543444,0.27715746697341,0.20710183904201104,0.008540709800086603,0.6398763879354865,0.30098825640928084,0.11397369414887155,0.14157320963514602,0.49900241152357566,0.5058736372407652,0.1287858152629601,0.23006251506802577,0.6570826328113315
A01,7,39,0.2558115366748002,0.08538331747693466,0.09442817857971002,0.3745924897529895,0.06772697799798473,0.09472274059205356,0.0,0.3305759699649259,0.2035081603680197,0.21017419665660836,0.018147572502366205,0.6836677922551023,0.416962275908763,0.0824501149016016,0.2702086810366491,0.5909320566985258,0.4711430702456341,0.13422828423678995,0.17633209693173807,0.7162167629183877
A01,7,40,0.26349926182958217,0.10321751756154476,0.09014528560197399,0.4226304979871683,0.1255961804712756,0.0840174022018848,0.02549608206050404,0.3156199968385972,0.1908596801175036,0.13937134335212822,0.04244795962354667,0.5506965015194688,0.40755819186415454,0.12519304746617607,0.1601104836073148,0.572749446811026,0.4170905330133108,0.11866302098101976,0.13322759379650204,0.6248232992000242
A01,7,41,0.34618835684787297,0.06905423339480742,0.2659431301125433,0.5331751156839576,0.1941454943524433,0.08938136648623173,0.07263127858487814,0.4354842038204471,0.27326312593426394,0.14867923746784484,0.036234806422827316,0.5264860077088555,0.43537743890065345,0.07742017977690402,0.3173291432718895,0.5580888430965182,0.5897904406990749,0.08239508006684167,0.3728782387147543,0.6911534008651027
A01,7,42,0.3107838663253097,0.10003283046462766,0.14662862125411177,0.46722340658208167,0.17053428941321322,0.16507139493289671,0.0,0.5460811017889776,0.2473504791035016,0.16768326214124876,0.0,0.6211864893805051,0.42588928083769184,0.10981901875766953,0.23806257605417466,0.6012082703996823,0.4634747504023193,0.1938234089679389,0.05590091017507835,0.7380242501562145
A01,7,43,0.3137436879118003,0.11375336527333062,0.05796722701312058,0.44539236167097757,0.196214429076096,0.1252914807658471,0.0016114628247189758,0.47234493037550507,0.30817778670271817,0.2052057226262385,0.0,0.5340563148877139,0.3821244500101201,0.10266020432765531,0.22240876568628612,0.5785647540670036,0.4794670776988065,0.1455907241259485,0.09517576662257062,0.6238150015360073
A01,7,44,0.3495836094065575,0.06021221399633496,0.26229435470818835,0.4430284641381599,0.07414663352549791,0.07485662243277284,0.0,0.21152082594926225,0.4104797955861761,0.15746669550634398,0.1634406864625682,0.6757182308167302,0.46069070403779494,0.10417502021980289,0.22454698284939742,0.5766175325562312,0.49847354324224846,0.13580941491608894,0.30325248717312236,0.701073391633928
A01,7,45,0.38369926902118834,0.09381367071867938,0.19642593169502204,0.5154215436331098,0.18506488413450414,0.14390409409439464,0.0,0.4561205579704356,0.2637529183607443,0.1552296876913259,0.0,0.4677419625345551,0.49328778987016375,0.09991277225445734,0.27285282257576793,0.6413621271766194,0.5468013532353998,0.10722198366303716,0.322570498966719,0.7175931113201405
A01,7,46,0.35286162885616135,0.07768443897457987,0.23857731865246107,0.5051902242385279,0.18837931469113764,0.1624850635293598,0.015080205540264124,0.5053554549948024,0.25232059660380246,0.17926877123508597,0.0017967771841075977,0.6106493176247306,0.46239158825356613,0.10203937813671016,0.20496988774091493,0.5930625598292769,0.5241376792153717,0.08844167287662666,0.37448365225202274,0.6565681330775872
A01,7,47,0.2933816986295984,0.14004296869599162,0.05041334404443608,0.4911267810064947,0.13053365988850635,0.13995004310523573,0.0,0.37822617938728426,0.3628781821197898,0.1693061668299061,0.08581816127302913,0.610004973961295,0.35308611512444876,0.1569110430100161,0.09903760105627776,0.618173694931812,0.4556387768285528,0.14797569800577823,0.16249351315319435,0.6498259357447951
A01,7,48,0.36906754229448796,0.05757375080862029,0.2703291776749089,0.5003159567929008,0.14560033685730495,0.11691832042166482,0.00975881572438039,0.3837233834218208,0.2834764003414906,0.17504370804103495,0.0,0.5305815502721771,0.4836275313954499,0.08876242991882995,0.33058803612069826,0.636905557556591,0.4844169109301763,0.1544285014038568,0.08651984645143895,0.6947754411438904
A01,8,1,0.3197468372209823,0.08080058325565655,0.13887442902602326,0.42230761438658637,0.1270887216812949,0.10398475087371749,0.0,0.31606920085279483,0.34663395439868944,0.13943059367932628,0.07045711206286505,0.5161627455407521,0.4460004503248172,0.06585656096675119,0.33060005044223717,0.5658461905230803,0.4089753933162607,0.2154786623559438,0.03356302600330049,0.689102732439256
A01,8,2,0.39378201229620924,0.07235677730094098,0.26219397814922585,0.5256579254455293,0.2165095838811873,0.14847883745989027,0.02588350554381407,0.6029777261549397,0.36122170141750515,0.20297098486478196,0.0,0.6090763923859149,0.47081561878707756,0.07850696913267086,0.35548857523601596,0.593936760010882,0.49394558576329717,0.13279431980867978,0.22107959516123826,0.6591557152720545
A01,8,3,0.2890618168723306,0.07681627393298278,0.17901485867197836,0.42643152049354066,0.12294764971462312,0.12382824372901943,0.0,0.4223923636140206,0.33022631602769525,0.11956691560484867,0.1634442657020003,0.5041898778046711,0.3757693518546897,0.12775373147553853,0.12401198569025582,0.540028808768736,0.414889752947926,0.16283409196194956,0.12539106504029374,0.7120721074491175
A01,8,4,0.25045963571788704,0.13362669577040062,0.019908820083477274,0.4094765410800814,0.20257683105704413,0.09881565173102007,0.06463203141402898,0.38302509868391427,0.2794623233114906,0.22027584872134673,0.027521172149079707,0.6347845735395385,0.3120790928602501,0.15447005048446458,0.04531555755734161,0.5323933330977265,0.4119411349644257,0.17355003628222995,0.17221330508547422,0.6761177422957311
A01,8,5,0.2263995000389237,0.08114140392361781,0.08680458529976347,0.39576323447297457,0.11650496277132973,0.07915264389690418,0.018274099582325683,0.2656770440556598,0.20470763716267557,0.1559156605816971,0.0,0.5775896249301313,0.33688329747548124,0.1058882726168655,0.19709299204136435,0.5147505931103584,0.47901333618430414,0.10055321088762735,0.27354594567221596,0.6290739203880723
A01,8,6,0.285484468454527,0.0939341611780145,0.1322658034298058,0.4334558869449515,0.16000560689186522,0.14949675396294423,0.0,0.44976427200259816,0.386842129754025,0.149582873350278,0.12732855750936722,0.6296980749583388,0.34238388355042443,0.0953203379390575,0.15572255006675767,0.5117079088383525,0.42903500290310875,0.1781624056218031,0.1012600041094303,0.6641505765952601
A01,8,7,0.2818400446373003,0.11277713105728043,0.08787104055158221,0.45253347913512193,0.22407298176170604,0.18964815526313544,0.022864354366517237,0.6333382606611219,0.2808330910357185,0.2144747095856585,0.0,0.524055483685639,0.32510536593393746,0.13961150798099284,0.011298592021451734,0.4846704832067565,0.501077323211582,0.11723212646877339,0.2511383726357864,0.667252808313652
A01,8,8,0.34911733884068147,0.06866826434616269,0.1640168206682837,0.47330476038166613,0.22565513169593535,0.12103970540767886,0.0,0.41664037287008787,0.16756965221285144,0.187552558673851,0.0,0.5503216164325992,0.41959595837407,0.0737246282350261,0.293647069538792,0.5197969042255803,0.4988707991074689,0.08044933958912337,0.3539623928245318,0.6162694046422376
A01,8,9,0.21492373170902593,0.0934266163497691,0.01313179591917565,0.34471009848309747,0.16368308727205347,0.15056891063176164,0.0,0.5274945367094027,0.1464978329725487,0.09340109338435304,0.017240183293267517,0.3439670817340614,0.3145884926740513,0.10289714001383839,0.08218154527349496,0.47576464431146237,0.45547114046960113,0.13164229815662157,0.13404340958405586,0.6729686639897621
A01,8,10,0.18894556912056543,0.11761937360081622,0.02546468063057799,0.41583840356217777,0.07189186653470508,0.08512021002613064,0.0,0.2882588368560626,0.17932661304881012,0.19379321316843034,0.0,0.5483590918710403,0.3009735534706855,0.11203116785175371,0.05189540592752722,0.48766868257785045,0.45131799796133143,0.08917526389187408,0.34749334054720726,0.6360914601762288
A01,8,11,0.2566613522026521,0.05437076040245258,0.17964208688357106,0.35109219948984294,0.16720632544677255,0.12239449835137246,0.002693049655791916,0.3993451092644352,0.2731991824117053,0.2196101012784121,0.020880355674998352,0.637138811716224,0.34846548785769643,0.13415875995881005,0.06327545099532274,0.5304384335357148,0.3752204089325137,0.18457132105300283,0.0,0.5745475571826264
A01,8,12,0.21816899524358646,0.09140158887272194,0.0782332452095016,0.3481327749916234,0.08947052558429287,0.06886504043956596,0.007435937136807997,0.22006449699072878,0.15751005400446177,0.1730548568842802,0.0,0.5577032575522093,0.3821894440811607,0.1402508639150528,0.13427581431840604,0.6790969989189289,0.4136664618523696,0.12482335934982264,0.24357724673258868,0.6259213253201479
A01,8,13,0.24892777438996164,0.06934698922596425,0.15827333610638414,0.3772514176892968,0.15799567660831,0.12511588214747005,0.0,0.3708625198060592,0.2409955034589709,0.19336125169768312,0.0,0.5730639595240931,0.31623884264377833,0.09163566328682811,0.15286905674558662,0.44350187963662385,0.5306390413464037,0.08372045528410293,0.3645268617852083,0.6330653055360183
A01,8,14,0.20502741632543486,0.09995282667124358,0.03374094921556522,0.3719171708070248,0.12611629288400197,0.10091613936597674,0.0,0.30968625040746645,0.20243443904416297,0.17316700334812524,0.0,0.4458205601868978,0.27443647203888755,0.14814383482749935,0.07426918828049536,0.5105050151511455,0.4201530934302745,0.14470943276823234,0.06064198787906445,0.5661762354273502
A01,8,15,0.2611863665408044,0.09649016705676522,0.040172692693558845,0.3989901162671359,0.12035268973288535,0.12015525348801633,0.0,0.3674981849257127,0.310120453629974,0.18024158261468642,0.090928173729787,0.597167303701589,0.36499419842616815,0.07125304463328039,0.26052682987990805,0.5051444292419285,0.48661639415048547,0.14455144775081757,0.10395825438303465,0.6241972092206058
A01,8,16,0.299037614230089,0.14878798338479865,0.06551340062116452,0.6499710293592047,0.28761269234044967,0.23298968701275988,0.0,0.8104020216492082,0.18539785732470054,0.1774221391230362,0.0,0.5593773765634482,0.3122246726952814,0.06271407334337996,0.19826817470308525,0.4531077061363978,0.46503757369376314,0.14116967462275623,0.10532477240049233,0.6518374786378068
A01,8,17,0.26049525864636286,0.11158403860619563,0.06993775010511931,0.4310626336070748,0.1655252650531108,0.09521305978058982,0.04184943924557728,0.3974590757917892,0.2638935440942122,0.19724759523637778,0.029487081582954797,0.5792917795311511,0.35561052740968085,0.12662855601064085,0.10582988067084417,0.5349529974513026,0.4053438933762854,0.15441607346939062,0.1025790021587241,0.6005862256748827
A01,8,18,0.27251299530533063,0.049427294950082204,0.17881126881473422,0.35272447939029844,0.14874562277072598,0.0995131780487628,0.011918125525344627,0.3320425492634685,0.2878207071295481,0.1657165550024514,0.020398992304151892,0.5472909766699082,0.3250072198551492,0.15735305171922226,0.05403513535536205,0.5663740308080898,0.4171412142173505,0.2117086109128624,0.0,0.6522212648661254
A01,8,19,0.23687562054280056,0.09474225443530407,0.08222134050532558,0.36125748555049597,0.12110885402573952,0.13072081328312626,0.0,0.37993925160227526,0.19120526085854708,0.14338634487504925,0.0,0.49486711829591823,0.33996371829987093,0.1406972766050689,0.04496074276913369,0.6061775536596831,0.3086661251989681,0.1805885510180518,0.08265834691400693,0.5816014923981733
A01,8,20,0.3415996669756936,0.08044864909679199,0.18630484547125656,0.45012524225574013,0.13333895476364385,0.10050300878301763,0.0,0.3376346086593682,0.3811078421482004,0.2455511924411439,0.0,0.7787245143166055,0.43221080996229205,0.09001082019729409,0.2733387342938095,0.5558897052897098,0.37734266577983827,0.13588527098641226,0.16316288668309076,0.6207706064466622
A01,8,21,0.16381321039898378,0.0963506662712631,0.003704659370721159,0.29179754426276133,0.11800366089037254,0.10093080130672905,0.00991354828110361,0.29552991094173403,0.21469495208388698,0.1543442760690599,0.0,0.5558274435505972,0.2432503282848203,0.11724862969706319,0.020855308040388994,0.4633873151549079,0.4031441271621731,0.1586158888970326,0.0134204622136492,0.5694598438910006
A01,8,22,0.24501957102002256,0.07832251637526379,0.11390294565227957,0.351243400165032,0.15918772411349674,0.13104127762806558,0.0,0.42306140192139324,0.269775205464958,0.18345228098471072,0.0,0.5969069608267196,0.30523128768762164,0.12040905250609059,0.03880290206112195,0.4973724798098086,0.31355050902797144,0.181644351734094,0.0,0.5559812547446615
A01,8,23,0.2570066943244332,0.09438437211276439,0.14875299307549647,0.41208719777840525,0.14406749805021818,0.16342019468135374,0.0,0.5025874174309773,0.3432023686225421,0.19059141979756553,0.0,0.6964652711711107,0.2784082864844166,0.1264156249200774,0.0627161249857916,0.42328487151053373,0.3533054550014983,0.1430697875122163,0.08727136268359677,0.5696345749352677
A01,8,24,0.2925899877011165,0.10972008029187277,0.1167446683366722,0.46623028595324023,0.23420165878920052,0.07971373673940516,0.07402779220711102,0.356883536847882,0.33439675660016877,0.2267597020648778,0.006253504597505273,0.7054051876014558,0.2997689737048874,0.15547078068532041,0.021994044543479956,0.49051367888432906,0.4057070625920565,0.1342438599067325,0.12140097426864763,0.5809418928255966
A01,8,25,0.254204933137744,0.10968988773790025,0.05872333465145996,0.44912153910992575,0.08720856874564067,0.0902036723781032,0.0,0.2657996713976752,0.31962267044084164,0.14190659076797488,0.07337841636047182,0.49352197637695205,0.33343948996243195,0.1329427957804778,0.08253856118391242,0.5492573740047451,0.3623247440551934,0.18246931835712796,0.10380115394302,0.7188169444450688
A01,8,26,0.2598523106954017,0.12054138722747557,0.023886139280507264,0.4957169503572754,0.1727099289332267,0.12358921851113731,0.009866902566121596,0.46586893435065563,0.34831474759292896,0.183691677195343,0.0,0.6304957852462143,0.29763922082075484,0.11104248574950445,0.08831890549788955,0.5408916641731821,0.38506180072170915,0.1448024870114159,0.13245356013747447,0.6062648686652844
A01,8,27,0.24950151590436628,0.11168843846523542,0.04391423169057995,0.4110259589833901,0.18447531613676896,0.1520349079339136,0.0,0.47492894219675097,0.2698784958484321,0.21371781481872015,0.0,0.6765924032888734,0.2891136152376034,0.1313508306413303,0.0865837560611149,0.49347744962557616,0.39035519061590324,0.20027569057501735,0.0,0.6601642839950095
A01,8,28,0.3024249550397879,0.08444777783330168,0.12344055150095191,0.41630945839162214,0.1682218343529467,0.1084664799642805,0.002876670953658987,0.4255004353300847,0.31502824734775825,0.16366142377059856,0.0,0.5909661415691193,0.3511946250087111,0.12837776091974712,0.18669825117188446,0.5467595689302753,0.5229565237857662,0.11259604663380252,0.2629538827660447,0.718419022947467
A01,8,29,0.20886919253459438,0.07327032509411453,0.04819321024149532,0.32092124907327163,0.07346610670410979,0.07986087144291484,0.0,0.19892778298066663,0.2924349720435844,0.21036795808859135,0.017614017587140016,0.6846160195031231,0.31593829466810675,0.1159656977108103,0.027605879111279954,0.45398147619210727,0.40568762231866606,0.17750565811700333,0.14671871138447376,0.640135377496358
A01,8,30,0.20851925422082093,0.11459724266284436,0.02488549475492008,0.3620902325147914,0.08246785131594625,0.08877066904498113,0.0,0.24298962669277563,0.29536325063641417,0.25123225461985943,0.0,0.5914921937808675,0.282441872355509,0.1242265784344732,0.04861603016124749,0.48124428688846704,0.48474932234187557,0.1853037994731472,0.09879201392818848,0.6863967783988557
A01,8,31,0.23221583025412845,0.08130000918132219,0.08192752067485007,0.4000207222772829,0.1747372000969672,0.16174584171519166,0.0,0.5294748490473353,0.20627862623563456,0.10983920232306967,0.02144476427610317,0.349638173076023,0.3531715467867956,0.08692793119881723,0.1781351494454245,0.4802404180714648,0.3872268700673944,0.12124704922654371,0.18213859538866078,0.5732299508132207
A01,8,32,0.18316922864604782,0.1301016664337023,0.0019953671532977496,0.43258282828086553,0.08287269658979218,0.08677337387385617,0.0,0.298947448155407,0.3237700583904702,0.23724643157999858,0.026834984959043826,0.7840042743146298,0.23509294071706754,0.18087778818939954,0.016635555799548913,0.5007199508924416,0.38114682867438826,0.10654610290601726,0.154894179866629,0.5398143810098749
A01,8,33,0.325851448477252,0.05232430247195773,0.2481213932755481,0.4082570158729596,0.23736943654355736,0.1489150066654576,0.042806250289097805,0.5420766219539986,0.25660315508690856,0.2026850925875073,0.028081254043404273,0.6060886991268644,0.39211917094677345,0.10750459070583519,0.25509445549282256,0.629269998610871,0.40729287607452574,0.17239396112275143,0.026988877056354128,0.6034597115725803
A01,8,34,0.27467045378019456,0.1259251421376065,0.028683771269713696,0.4480368780485131,0.22272750442219227,0.1090360473855697,0.0888861013955147,0.46800624419841447,0.26576531091287603,0.21142702928707627,0.0,0.6061783584369022,0.3263517356855258,0.1662558405341664,0.02938042272397945,0.5961371852844813,0.3893865111628417,0.14324976267229084,0.1668244831330496,0.6429864849651462
A01,8,35,0.17161571559748612,0.12168484955370278,0.014153728145269209,0.37954149590247815,0.10923340329180835,0.09536676848223587,0.0,0.2741185154128933,0.1851880948692116,0.14448268166286565,0.004662133996010216,0.45986025729662217,0.2795109361073081,0.12973247801269885,0.06201609510897047,0.46245012248166567,0.3937435837758726,0.23689318909415313,0.03670323142849668,0.7870893490262498
A01,8,36,0.16802431672282456,0.0962475126150024,0.022936766305215763,0.35725789532663615,0.088358233221099,0.08223303343673076,0.0,0.26599266035321073,0.22882265400411222,0.16779686983931416,0.0,0.5389719889605991,0.32068164177427866,0.11283704587051245,0.07015030287953128,0.45144206307587453,0.35292663399239704,0.19766654324663543,0.03715964413543112,0.6545210461665656
A01,8,37,0.19364262281311867,0.08319033734334487,0.05353457363908043,0.33968310283447173,0.06951826734006311,0.09063253623102485,0.0,0.3385950264983705,0.29865767555136297,0.1745190985492722,0.0,0.6284306339026873,0.2846842797867892,0.13413185038228592,0.008455816283937974,0.48848162826705194,0.3185836147571436,0.16415577737705864,0.008844211100731858,0.5879398643513364
A01,8,38,0.20707553066597245,0.10780762090560328,0.04668896226543327,0.37322767416850944,0.12178918599276418,0.09723331965126189,0.0,0.2919025101320894,0.2619627788099781,0.11935653432532069,0.0,0.4064882104419413,0.3107063233183192,0.1292347661520335,0.07612630207989898,0.49138865201399035,0.28904261794077896,0.15331209360033538,0.008327125050680133,0.4947465177005913
A01,8,39,0.21203119591758657,0.10171232969456784,0.05131667821108762,0.38090283985476864,0.13479229175598675,0.11146316983783776,0.0,0.41283992142354364,0.18139187198923953,0.16106006432685013,0.0,0.5492942512611921,0.2783458296619689,0.1559685348137907,0.05256802318716859,0.51866161876538,0.40340938629911366,0.11378335964275757,0.18829445527978414,0.5929978870831408
A01,8,40,0.2502854891660128,0.09593764411272115,0.057035361507305024,0.41544812899457917,0.17976024343579777,0.12401726960316241,0.041214467297073086,0.5228546855796138,0.28148517080642593,0.17724320049897324,0.007713230206813296,0.7029584249560787,0.2818103368753467,0.11008042858512981,0.050269162114248256,0.40181184487065963,0.33634383283551844,0.22275336485703745,0.0,0.6194361951182848
A01,8,41,0.26700882117442537,0.10523476809995128,0.03392394237532833,0.43356841282159164,0.11570351416698556,0.10639682941620791,0.0,0.3253424843484371,0.4093002862303976,0.17954446160748347,0.12865341722776355,0.6783292876808584,0.32437340698742884,0.12515858904732638,0.0395345549853896,0.5038727802177314,0.36937418699220126,0.17793463259934073,0.02134004118201216,0.6964971808633275
A01,8,42,0.16857181143794975,0.09647886456637111,0.014864350572400606,0.3585995027449099,0.09558750780948656,0.09975550064070962,0.0,0.3169171555128608,0.23916650100739847,0.19480208176844888,0.0047454046213351985,0.6389412963860319,0.2837443427484329,0.11898935140784173,0.019232490414388348,0.4575289653976607,0.3419827260993242,0.1554808478878183,0.09185931652423475,0.6409077500315934
A01,8,43,0.2887712500110453,0.08859982656518019,0.13164381314960466,0.41436358313924665,0.17078597644467658,0.1410568926909856,0.005967492702396477,0.3992396291911074,0.27245722265678207,0.11382679319539267,0.03550581086029482,0.4550235673155485,0.3917292552662867,0.12045634546727459,0.14399450165870092,0.559315414417002,0.34236641303252374,0.13695785308982936,0.08531480748860538,0.559851582909266
A01,8,44,0.2497895607356071,0.1228890641178246,0.03882553063729036,0.4522326924391439,0.10101060921089608,0.08682575347517113,0.0,0.30638586304487453,0.2994700446606592,0.24209435938339177,0.0,0.8051458672716263,0.27578615571305104,0.1471462744716657,0.06680760984992593,0.5042990438838421,0.3963882306060684,0.16466695102051,0.11381151966950782,0.6244504770137426
A01,8,45,0.20506958395744052,0.08497897330289124,0.06780739674569333,0.33778371925837003,0.1052259507768273,0.06325236954837413,0.019802419974314454,0.194977184686245,0.24180842866820254,0.20459380297352575,0.0,0.5661262375054177,0.29006607657984834,0.09128984771077667,0.1682669662346787,0.48413744091607036,0.4150926864119701,0.16155078649281204,0.15518753649199812,0.6953884070469233
A01,8,46,0.22081758904114776,0.08254584899878609,0.03519960952317965,0.3168628165392254,0.09589022913427073,0.1305107573337669,0.0,0.39322840493608663,0.32761652479830566,0.1655834105390361,0.05714373905874115,0.6446989859969133,0.29338923510484566,0.09220372206906707,0.08814877709520576,0.42735341624475964,0.3945398368967397,0.16954622768742067,0.08317325250274128,0.6043877920322108
A01,8,47,0.3084518367140406,0.09321777135354495,0.18238211131182838,0.4352510030011009,0.1351785801257208,0.11114484417393133,0.0,0.32642556780257126,0.3988591087190808,0.151316391364364,0.1302575103232189,0.585599306561858,0.4434971607138542,0.09728046526546028,0.26299570491685786,0.5527265973298118,0.4565707479802897,0.17710485346014748,0.10230416702534452,0.7039604295199773
A01,8,48,0.2650810661760549,0.08334927390037704,0.12296159752592219,0.4308772896123138,0.17545374276935158,0.1170933937106054,0.0,0.3788081427050488,0.25930088283883485,0.1825883412827768,0.0,0.5313587390979893,0.32141465998615587,0.09987678085496088,0.10243880918572193,0.507871064146217,0.44851885939187763,0.09830079182759346,0.2781701996383982,0.6230944815108225
A02,3,1,0.5816850646172619,0.138171738175393,0.340683054924686,0.805870326960383,0.17119032519113275,0.1654308755361797,0.0,0.5944860931797766,0.5371456656155125,0.18738650035274754,0.09831722723842813,0.8568895988570718,0.6105299668518334,0.1921667756104755,0.19016408848944696,0.8883569750604682,0.790747409739902,0.12528272320720793,0.46502555851627303,0.9497689650770325
A02,3,2,0.6144089729168326,0.10811951362456178,0.3519510293382307,0.7627722262712224,0.184526449601806,0.14413810779173658,0.007618064427923835,0.4599036389866561,0.4686234810187492,0.2436366516072953,0.021462064052951018,0.8722679970442319,0.7047206570593852,0.08863332702401562,0.5563972328631104,0.8746995095840447,0.7656690008418681,0.1944855186659735,0.145016175642593,0.9204630576264432
A02,3,3,0.5921180969644586,0.08291612604918938,0.4120804563817278,0.735584574100954,0.19233391014287676,0.19674970076582673,0.0,0.5013356304575478,0.5665773719861076,0.23014054193702657,0.01270168123226916,0.7816710672741932,0.7085562884040483,0.0985186411220165,0.49628854906848957,0.8570417846897744,0.8082137091102666,0.05516256523683994,0.7125681998998851,0.8739644002749536
A02,3,4,0.41110900281392065,0.12958733472074707,0.18907647348258028,0.5786639757703378,0.09554156178726951,0.16441776611643252,0.0,0.5576091607392623,0.3109747206555508,0.2474110270263867,0.0,0.7721478070740684,0.6627718223180837,0.13500548544789787,0.36108663035246547,0.8218894843088551,0.5991310226874765,0.22969675956008487,0.14731357810012738,0.8894049357510239
A02,3,5,0.3163732977037388,0.19620309623158255,0.0,0.5556475668473628,0.08602406307098757,0.14305722740709453,0.0,0.4043864456441924,0.3712691099997529,0.2976068607267393,0.0,0.8351356448017315,0.5733289155324157,0.11495802102986516,0.3132879054103356,0.7550916704179426,0.6535763033124724,0.2747807018245818,0.08373403193600913,0.8880853764571864
A02,3,6,0.5072359883932889,0.14010872110241282,0.15416016532504348,0.6588932337534159,0.09941142661213531,0.09035451947334001,0.0,0.25155091981396327,0.705241689856558,0.2138404869011664,0.13744565648681642,0.8928164581704198,0.5337461405895279,0.20156080965218448,0.09743715402988484,0.7440942115935426,0.8122910133951855,0.09309626045806138,0.5981622857388934,0.9042309099228651
A02,3,7,0.3669687951554192,0.15219197022800707,0.09197547908811933,0.6269045807713728,0.14389274146735814,0.1866963954107329,0.0,0.5806293789979804,0.3515358860299667,0.19635007497714319,0.0,0.6826109902970467,0.44346653803450037,0.14914772260598164,0.06971150122704896,0.6244713081346625,0.5651057019747292,0.18782028777579957,0.1520844880174447,0.878936033984635
A02,3,8,0.3196768208415243,0.15972914044685307,0.03210435541352145,0.5180320749397421,0.12024977969275281,0.11095121353510834,0.0,0.32668093522088165,0.1575781101379487,0.16990216781557246,0.0,0.4937968856554425,0.5159622792203244,0.1617242905007524,0.08676640697092372,0.7801281880260446,0.44542858062785856,0.27162565750141243,0.04605841118776255,0.7877643485894675
A02,3,9,0.3581274815989072,0.23791356573160033,0.0,0.6659334505644731,0.15402348256149717,0.14834684582640023,0.0,0.449205027155985,0.381207246885969,0.3168314369794571,0.0,0.809027196819079,0.42563464933475703,0.2908394175666601,0.0,0.7985220255885127,0.5830716592386179,0.238458933149702,0.04108356404179003,0.8460753845725293
A02,3,10,0.3813380512406404,0.15298254648069792,0.06338971255358379,0.6143589070927952,0.1594771219359887,0.1349228011389119,0.0,0.3861969955310446,0.4685596716354896,0.24528866925814408,0.12477785739763717,0.817848931594561,0.4220909023316963,0.22271503259130931,0.03502942273544533,0.8023574408614076,0.6920787889676372,0.12391421206856403,0.479545260396763,0.8334895227954858
A02,3,11,0.4097346488674451,0.17694279272401617,0.06875960062598707,0.5887358267585595,0.12184249473249852,0.13950834088704564,0.0,0.39354714687856934,0.5698638452704088,0.22930828306579468,0.11095468596132789,0.8391624678597104,0.5203931811449436,0.16250117394769112,0.25827064563373703,0.7682809275010678,0.6190354054871406,0.1949092872471778,0.15713473380843526,0.8132093947597967
A02,3,12,0.3424811365776503,0.17476871519815093,0.10919485419561514,0.6458265012652405,0.1394688400647447,0.1797832005911059,0.0,0.5584009605134835,0.43373875455930894,0.19225997883708562,0.10075613733475819,0.7457598237254093,0.5055474423217634,0.1376369316115814,0.18910686764898058,0.6962572800532895,0.7108660866837837,0.10937120864775607,0.4878268711533361,0.8674538596107864
A02,3,13,0.3830433915878034,0.1756277620555341,0.13769011133782766,0.678992935192665,0.23703339215583777,0.1716353551336277,0.0146317684085656,0.533191477903452,0.5397429801301717,0.29614647845612996,0.0,0.9045025547079392,0.35127792378187295,0.1857962159218983,0.0,0.6325908568085661,0.5420246970467553,0.31506459967534917,0.0,0.8691900671824943
A02,3,14,0.513898388684589,0.10608756702236967,0.3254661946373917,0.7540207057910042,0.2250173157841116,0.1723810588842545,0.0,0.5286537315640445,0.4286070015420785,0.28979568153268453,0.0,0.8228879175469306,0.5707029344682611,0.054573426011292024,0.46024389360543844,0.6767305883663693,0.6927699586110122,0.14407367683200198,0.3081479074620863,0.8702752663856037
A02,3,15,0.4734357732452237,0.191029247118634,0.03354578117369094,0.7193417776368414,0.1758957554637443,0.19651054492925563,0.0,0.6650318846711004,0.5340651755747381,0.26713381639336004,0.015368300257785208,0.8789019498853731,0.5797232993195832,0.12760773530458933,0.3423333109481976,0.7692973952988832,0.6991532952052811,0.1303953181517988,0.34544492709958696,0.8787657577914262
A02,3,16,0.2720155043777659,0.17194230665925575,0.0,0.6225271145806329,0.15642821256334674,0.1598327747104751,0.0,0.5191326697736682,0.43897489919922095,0.26175822221687145,0.0,0.781901127874922,0.3166012697916517,0.21189260027712706,0.0041875181135248496,0.6268739548211855,0.3668307928282749,0.26553143240952054,0.0,0.7451179969647368
A02,3,17,0.3512777963849408,0.17332752040395463,0.0806704843428097,0.6089562671212113,0.262129580861003,0.1388607437968716,0.02155547826912155,0.5380999686575547,0.3075496273824559,0.286459367544237,0.0,0.8224929528064029,0.40905771716349126,0.225856739927335,0.0,0.7441166974139019,0.47527105894710453,0.2472745175011112,0.0,0.8008971667699339
A02,3,18,0.4693068128289685,0.0926005307668279,0.28798266711163745,0.6536855619386301,0.12472637636481725,0.1309538434518124,0.0,0.34788221390947366,0.5093483920291415,0.2634984996461555,0.02315466273336586,0.8390216395603642,0.5991143723786541,0.061512961042850665,0.49334815674697785,0.7329752792274833,0.7346148993834666,0.10040894748244844,0.5197859441654551,0.8656978044318652
A02,3,19,0.4227358681090631,0.16214280526826866,0.05411737181129228,0.5950820813352464,0.21186947474501652,0.15423577652541925,0.0,0.44401166818781096,0.40888496752977377,0.24488798308130896,0.0,0.7382008585935502,0.5946106449905487,0.09802811285045608,0.4224026787757054,0.7383394490624593,0.6573279540664799,0.1562104105052143,0.41668032547316386,0.8953321725816175
A02,3,20,0.44740229301355133,0.07927462718822036,0.3626617256888675,0.6285025861434715,0.1444764853406042,0.13942102143783686,0.0,0.3963046817282764,0.6592536571197329,0.1618348254321975,0.3414253053439568,0.8433306672078583,0.5454600246197753,0.17754074068253362,0.13958056926057608,0.7708436093545351,0.729321392340027,0.12881289916646452,0.4654416365368412,0.8577365583987986
A02,3,21,0.45678787237050195,0.14525669980039835,0.2618514031425841,0.7127703361780034,0.35064131987802866,0.2603999566670268,0.025461955926798865,0.8968907551734981,0.46540460923614735,0.32566654331966177,0.01283529491170099,0.9183536085190636,0.4537481708298924,0.15001299157907214,0.07236136049547053,0.6735313478999976,0.6369132005837911,0.16902519073387884,0.2853410661095204,0.8278962367940965
A02,3,22,0.3804049193593998,0.1905098061044783,0.07608882033994953,0.631480720274605,0.359609912144309,0.10212742866787557,0.1659783757434385,0.48212431363245145,0.20927629296542863,0.22091917958940782,0.0,0.6296502151770064,0.48619387825576427,0.17036189854978154,0.19155565868817412,0.7424640808383963,0.7542474682590105,0.1530215231314514,0.2881770053911334,0.9458361286858087
A02,3,23,0.28145978439010616,0.18836703615088352,0.0,0.6443346186016667,0.0330511372622098,0.06104309575766585,0.0,0.2156315910438761,0.4332320411278194,0.2824269076953212,0.024169728063128306,0.7533349756911287,0.4763784001470963,0.1326656657441628,0.2959436009505598,0.7129769190356997,0.4633963136687546,0.21541074890731976,0.041317098039625515,0.7485053000281549
A02,3,24,0.3793946688883667,0.1553367106903569,0.07708036849542896,0.5858445608716625,0.1854589452968929,0.12018037654696877,0.004931696463337195,0.4366361166780748,0.29090171162633877,0.23436355922965907,0.0,0.6731360379777984,0.47997654526136163,0.1473996756665249,0.2818597557845876,0.720241760659544,0.48988227159434156,0.3226240505342068,0.04806897652895486,0.9179272037164868
A02,3,25,0.38414168953656574,0.1430035534597865,0.13503104857778875,0.700677600428609,0.24543218844180725,0.21904260003862258,0.0,0.6467220086063324,0.4055878242173517,0.2629501766861785,0.01202021520919456,0.7298899018513941,0.4268181206004183,0.19047847291737055,0.08353102917367913,0.7702166534297099,0.6135274627123037,0.24599366591313435,0.030129031761463674,0.8738257349777061
A02,3,26,0.3817652833798978,0.16055822011183682,0.03905673463751291,0.635074769815133,0.06390676917315995,0.05169754822954225,0.0,0.16857589547766658,0.47515198918391727,0.22962598284961802,0.015567575546379744,0.832490254747275,0.4688989122764565,0.18564863358581493,0.1170488344772094,0.7233837335362844,0.6633726488495469,0.274503064577375,0.0,0.8907305629828322
A02,3,27,0.4401800241924646,0.1333530146082772,0.1163279397626588,0.5957448118591175,0.2308341619741076,0.1683756370151196,0.0,0.4778140543052238,0.3254869835988158,0.21736401932705127,0.0,0.6216898874142718,0.5194171387508918,0.22977780755581437,0.02561701254739338,0.75243029763845,0.6545796940967453,0.1891445491728383,0.33130337709983176,0.8983611760183902
A02,3,28,0.4385098957020856,0.1815446500218033,0.11795531476107415,0.7417035746301606,0.2009377660638731,0.20199777042170067,0.0,0.5501825360289995,0.5164375520923934,0.2822941925920233,0.0067206098917062295,0.8321094708333517,0.5120499361246513,0.167336830281635,0.28028417547241447,0.7827605255398912,0.4275611448109798,0.2604537047743049,0.0023752586621502703,0.819774729376178
A02,3,29,0.4883036495138423,0.10145109880349243,0.2743707127201187,0.6872129943290927,0.23255780749703778,0.19478417612321708,0.0,0.6220766718787406,0.5839181002577478,0.17606163615762224,0.15309208691185125,0.806742105463972,0.5241788302910417,0.07477378344939387,0.418902463857835,0.6572811831842144,0.7303115086075549,0.1663491700410378,0.31623559141129326,0.9151993455927013
A02,3,30,0.5076057480963949,0.1909468172906937,0.21937999717012704,0.8072708400739396,0.13649613659695958,0.17939011306499444,0.0,0.4910447836912749,0.6460969955391304,0.22008176047608788,0.19287951827859012,0.9335169700320022,0.5787925495035058,0.23127330507000313,0.12946088651217375,0.8102251138626527,0.7496428364682012,0.13377183810308493,0.31081381948882514,0.8786030645600277
A02,3,31,0.46825255802037696,0.08316781290571701,0.33751435457519874,0.6018849421739175,0.1828075432521837,0.20004634174435432,0.0,0.5037236043377186,0.7099462338097812,0.11523952364655965,0.517335686384747,0.8363228021614992,0.47128957177080844,0.15778279376663285,0.2361790411033376,0.74472357481707,0.6418387363470578,0.1408617231329145,0.3276824631183996,0.8264732062985484
A02,3,32,0.3728652980064269,0.18458078175668804,0.05450992299026739,0.6716781400051143,0.16061242481844215,0.1838552292591483,0.0,0.5640102451747347,0.42800538651178227,0.30050517483779154,0.0,0.8834666062068165,0.5098890393111538,0.12037839081290873,0.23249323909598596,0.6651071328787886,0.5021087972459723,0.2642093409534461,0.0,0.8163877128937985
A02,3,33,0.324220850113338,0.12385092122903009,0.08210978721566291,0.5690445603023949,0.25847076857685297,0.20840074051525123,0.0,0.6096531190518141,0.2661071446448332,0.18671153441104651,0.038545039894654444,0.7114706997517004,0.38523667292672836,0.15070228404557443,0.12756558118085395,0.5749676775857007,0.6947739374962301,0.19201898467221273,0.3472408422956185,0.9297580071699001
A02,3,35,0.43875466762534887,0.07456137601948028,0.29677589192782133,0.562258436153592,0.15531056436563834,0.17488223571112166,0.0,0.5536771743620227,0.5979692908976536,0.17456592624281597,0.3004868973078539,0.8347150534043549,0.47830544975920525,0.13607888587827127,0.2351070187220646,0.6882343989518672,0.35623925421526864,0.2904377673147217,0.0,0.7945535715038748
A02,3,36,0.3909575749369118,0.1851617822634396,0.08563607725343822,0.6346095001013031,0.20253075945035975,0.14141539768058548,0.0,0.423598477033842,0.54733097817407,0.25035108639534637,0.09589708201804667,0.8733934742717692,0.44551912487458745,0.1566697788164738,0.09362661961091176,0.6290927560538199,0.521345580851995,0.2664889718536387,0.13189870034846882,0.9288249683088503
A02,3,37,0.42493657539158114,0.14241958383150682,0.11232456519055452,0.6560037302865951,0.2906620761931453,0.1724125483112144,0.08597388457033305,0.6611526564518557,0.44723868952262585,0.26164546031149644,0.0,0.8945652998951753,0.5026379291935739,0.14165284450832316,0.197362884848648,0.7056693047409184,0.5641278924596633,0.19767027805498225,0.23584394880743278,0.8179734123698141
A02,3,39,0.46590310867263146,0.13956813207933386,0.07455788585598284,0.6104612896212566,0.1776398065435144,0.12774801236238495,0.0,0.4032384853951445,0.623976591538456,0.18976114327480076,0.2294009412417364,0.866955509376439,0.577864426452266,0.11767764274012729,0.3695721001358297,0.7707932930035879,0.5863149900027386,0.2789138630497488,0.0,0.862427734453498
A02,3,40,0.3975618049834031,0.14476279227305727,0.17639854188241774,0.6433694914140953,0.2363212444042553,0.20322329657006757,0.0024641424296700004,0.6453571491861659,0.49044670634263726,0.2634891073328526,0.05316005461086456,0.8831905928412845,0.5426418280548398,0.1028779514687715,0.3658263251733604,0.7539807269586889,0.523477831633427,0.31641840927388876,0.0,0.8271132406763634
A02,3,41,0.4755505013368341,0.12698461075171608,0.20565518530802157,0.6443985159794181,0.23357937803517428,0.145299346328356,0.0,0.44578899637168024,0.6306094092883004,0.1541157760453571,0.17977905567338745,0.8578926183991362,0.5484521287996724,0.19190886370618088,0.04032404446707021,0.7408785272270721,0.5172945403778578,0.27347732152925064,0.0,0.7470664339018265
A02,3,42,0.46957657122404445,0.1305567449024776,0.2304790445440446,0.6652605029806453,0.2238004533268088,0.14638865094123452,0.008413907364366646,0.46937890795871196,0.6237820923325962,0.1594398474400047,0.16995137992739334,0.8335353028296846,0.5601075684120609,0.13712113853626212,0.25100798768447546,0.7219898692395809,0.5521601915852712,0.21931626794638362,0.10164523426989551,0.805912952674702
A02,3,43,0.4304936928907494,0.13294172854059064,0.12174238467657675,0.5867164679601287,0.2606278913950366,0.14077395000008983,0.04151919356897877,0.5290615677441196,0.4906632122843464,0.20501512235361508,0.1616714575409497,0.7650132242109783,0.4216442593091702,0.1494732328789217,0.22796576657821768,0.6744683773373639,0.5463194453827985,0.22026914592551358,0.10777332515596658,0.8910137211010277
A02,3,44,0.48197017269520137,0.13403410375284305,0.23479270263279986,0.7256269932362419,0.20407183770147655,0.19470982381968233,0.0,0.5672717295409939,0.4359003157273718,0.3170407660216885,0.0,0.9384305742778806,0.5593070475727568,0.08496271936728461,0.43405236986675716,0.6750958709529051,0.5921033620199003,0.2388551183192747,0.0,0.8616634587730067
A02,3,45,0.22377662939837037,0.146459388364979,0.028071910333606804,0.48338984952050473,0.07785195477982047,0.1128438110665784,0.0,0.36214142710705016,0.4198575944678095,0.2919105702307009,0.0,0.8171042982551394,0.39858697288714867,0.18981940564886227,0.06561703044003493,0.6228357927388782,0.4252657751783541,0.31365568759990015,0.0,0.8561923370818894
A02,3,46,0.4590465630181616,0.12834703674689207,0.20247526421372702,0.6047186703619818,0.18642545272432656,0.17085921733553905,0.0,0.6036455064052921,0.5502013590999684,0.16507023124556153,0.2037667808343771,0.7447630581547642,0.5052236459510238,0.20116910758620984,0.06520513519519011,0.6710538206900963,0.6222264014265723,0.1936613779916807,0.05146958111826589,0.7977787436097422
A02,3,47,0.37802876775752164,0.18907734917238872,0.0012512648233493787,0.6007897202641478,0.15744985038525694,0.1474354643169165,0.0,0.4241753267184791,0.3990299974214802,0.2629258787664346,0.062285186654731005,0.7995841908128136,0.5504850346952664,0.1096769410154681,0.2513651066731231,0.6623345785407745,0.5183510983334195,0.20164726142840234,0.1515035210907602,0.7303129817047171
A02,3,48,0.2966166531051237,0.1850127342149299,0.015679336883426518,0.7553929209834271,0.32725248603390306,0.23400427960240364,0.0,0.8173278202766553,0.3253820892017919,0.24012124798607326,0.0,0.8330006529654602,0.25419314871199983,0.16681128829714695,0.0,0.5737602076140006,0.4072048402055643,0.2523638352087666,0.0,0.8289922651899625
A02,4,1,0.8602704087705727,0.049560305918331174,0.7652892191223035,0.9327315120698209,0.38377755587850804,0.22427150112028793,0.0,0.7909876924295671,0.5069125593237312,0.30009092287623373,0.0730136362219825,0.9602879191130221,0.8741813541272513,0.038604951000605126,0.7964012533166261,0.931545015928363,0.9121936435540177,0.017096974003299858,0.8833886290393888,0.9329126165723982
A02,4,3,0.8789315643341412,0.03105494051872891,0.8301331578662025,0.9244959012492977,0.2083173554497405,0.23373306626519308,0.0,0.798179990896034,0.7337136148650276,0.1573118833337624,0.3338385530608224,0.9070514908039095,0.9025931722337452,0.02488463006770862,0.8534416842871541,0.9322715643588049,0.9076829873055473,0.023636972521959114,0.8573824554183209,0.9395468227569639
A02,4,4,0.8317199690658375,0.04993461686024173,0.7118221112245621,0.8975965348940413,0.24819777153759043,0.23648128064153437,0.0,0.7776051692995126,0.6732711582203942,0.2557731386111003,0.24057739495136216,0.9425060652712666,0.8698198394648992,0.033245958071038695,0.7859385153175039,0.9158904025177076,0.9030548517834788,0.03141953951592677,0.8380575770553355,0.9481637471557244
A02,4,5,0.8622930026451223,0.04451281123847782,0.7526368790254017,0.9089090519308052,0.17032183913193708,0.2154267154755711,0.0,0.6849891039220354,0.6899279584473365,0.21639952144691704,0.3303140973880262,0.9340605914838209,0.882075754015109,0.01852095571208798,0.854410709367217,0.9108340694715836,0.9073865606773704,0.018438163152559334,0.8655613958380269,0.9430023427198898
A02,4,6,0.846452422867568,0.04445874570313152,0.781522422659031,0.9148321510112954,0.33884803379637385,0.22089438982571385,0.03877994036564673,0.6833808236574939,0.6478406045774968,0.18001416844433113,0.29913250304345623,0.8516690819033804,0.8728347682337805,0.03251238241021556,0.8204124916641959,0.9283366888091049,0.888540133107795,0.031481695530480185,0.8309585966485967,0.9454109608344671
A02,4,7,0.8455392283981246,0.0340306108271837,0.7886173535874812,0.8915184228537493,0.21644159483161254,0.19856554781522823,0.0,0.581277335868059,0.6027065332367442,0.21377490962728146,0.14509319880706176,0.8845010665562515,0.8618592208898115,0.03289159451813494,0.803965967660509,0.9246170005419094,0.9269308515313317,0.019551816315032267,0.8956151493985358,0.9611877645157213
A02,4,8,0.8805361576989177,0.025701309874841084,0.8319769201915853,0.9259211683683229,0.32932680490291805,0.171788582602537,0.02782969679775674,0.5852876011803897,0.6259447734949036,0.29748756329409687,0.045906584214244046,0.9571486471647913,0.8965534781501812,0.02997555451991509,0.8122229571143472,0.934049242840076,0.918996815889422,0.01842268068591455,0.8797949252240084,0.9411701504926598
A02,4,9,0.8601285081709444,0.04815556274084739,0.7697346337826654,0.9277818504700454,0.14695076925290174,0.16700915319037263,0.0,0.6151070606347201,0.6356979352754732,0.32787062271051176,0.04038813474176649,0.9328304991483712,0.8894929348455812,0.02644758951570197,0.8477737484328459,0.927195327530704,0.9026111099969801,0.028183695533538382,0.8472206755499541,0.936308996949652
A02,4,10,0.8798548421032949,0.0349165922353094,0.8079100602593356,0.9270395493771254,0.323672804902637,0.1386269183974667,0.10030410082938143,0.4855291118802333,0.7588805863033036,0.1956771710996292,0.2257581817769036,0.9174807700650626,0.8953045045302771,0.028847437541811956,0.8389069474962693,0.9347438612132305,0.9266088346071683,0.028954853577165388,0.8459909550714695,0.9619965262006733
A02,4,11,0.8518542964993185,0.08055184118968836,0.7009142483316936,0.9346069505007586,0.2339839939877659,0.24462025242257146,0.0,0.6416648136344667,0.6521502967383449,0.27547289613096015,0.03618231110452357,0.909236514343544,0.8981708828914864,0.04198346043802396,0.8007361833850491,0.9386927313169243,0.9313748188686745,0.02126781135579152,0.8850394537470178,0.9557141137661835
A02,4,12,0.8825014390570846,0.033278925291452086,0.8222815853537931,0.9277596610183788,0.23292564441445388,0.17585073012933833,0.0,0.5149956410972835,0.8005187563100141,0.12664643743541107,0.48374637174490853,0.9222946156694862,0.900207092627398,0.036647425023804206,0.80936459929846,0.9335775714133286,0.9210373172466794,0.022887410242412108,0.8811294468030051,0.9565994683819039
A02,4,13,0.8763086744613648,0.029670676227004436,0.8163581117458084,0.9239493931672481,0.19158278466759468,0.2044753306785273,0.0,0.6112641812396292,0.7205848547605095,0.2338360273884747,0.2384464347295254,0.9536401888001828,0.8997820550401681,0.025394269376532313,0.857761999925743,0.9429162843439681,0.938206524080185,0.018301828303454202,0.8956624553733029,0.96306256428919
A02,4,14,0.851908583883096,0.031125176012348446,0.8027741134317267,0.8990094433525729,0.16342177876770445,0.23713962756197618,0.0,0.6626302819268889,0.6046915711015667,0.19223801338916144,0.2949408164385865,0.8633051627523904,0.8793777805110096,0.02318754243597643,0.8438339317793149,0.9154025127822365,0.943005816487165,0.01446767534996842,0.9224935837265901,0.9683145918654658
A02,4,15,0.8891129458041668,0.034237739548735054,0.8294346862900186,0.9393427791410272,0.2449919396047365,0.21171985239186716,0.0,0.6343707563714057,0.7826049574861158,0.10802571143937982,0.48784189518494464,0.8953972317234157,0.9182633296144526,0.017371365856617787,0.8888751210114297,0.9470194267193246,0.9394337612518509,0.019553803894648825,0.895530041020604,0.9725469255028446
A02,4,16,0.8383495247189664,0.03822194819749298,0.7921450655538832,0.9156243374934071,0.29990915034014587,0.22796815321980163,0.0,0.6346061317961419,0.6986521022007292,0.10723244078648413,0.5166296171377384,0.8579439040020608,0.8881927779834932,0.027227121344682127,0.8486378765635114,0.9247884221657985,0.8735923219738738,0.0678198850601379,0.6469982920938292,0.9361321684235719
A02,4,17,0.8085647054243876,0.061955256148309525,0.697939929636803,0.8748503853267202,0.14257398482526534,0.13653115224312537,0.0,0.37481741340635555,0.6559106968827147,0.26729530438163185,0.17708967634121228,0.8943954542379994,0.8774365333968074,0.04084198018377148,0.8012366304871917,0.9390427399750141,0.9286877335237875,0.030453634088735953,0.8625168948330612,0.9732550604852904
A02,4,18,0.7827163381505483,0.03909060666232113,0.723184668293171,0.8506378478983514,0.26051523538687454,0.2644935209697058,0.0,0.7677923356592802,0.5847816145479309,0.2676617387632384,0.019574005799998035,0.8722407959556239,0.8284014787284693,0.03970576915078689,0.7524089391258109,0.8793675661871392,0.8808595871156254,0.06329745908524595,0.7702426010064212,0.9550040166472034
A02,4,19,0.8204049083676417,0.06822028981574796,0.6619948754908743,0.8895456722464328,0.2805927808593832,0.17600492428103579,0.0,0.524467927779624,0.39072082020092397,0.25889409397900576,0.015093349176682844,0.7767967748908416,0.878987642740301,0.054445608195451654,0.7449349327923246,0.9293467727078583,0.9289851302810899,0.02407758988471543,0.8904413659624719,0.9554513818952746
A02,4,20,0.849393524417774,0.03176501282518766,0.8043961422104423,0.8897631856012118,0.30421171958878873,0.14762567840735497,0.004990232043938321,0.5313017421688677,0.6773682261180357,0.18378009974382148,0.3594788369685555,0.9157578793077856,0.875077196605829,0.033588392773920436,0.7948573135134487,0.9375889094069807,0.9314109094150332,0.01461323198121541,0.9052486693180656,0.9547112116615027
A02,4,21,0.7748954114755991,0.0769560623155529,0.5985752067419818,0.9095075297379791,0.29820093332127956,0.24123874759709085,0.0,0.7027220852068039,0.7240209680870083,0.1306648408018036,0.4446606358092394,0.8771183643384697,0.8394597862283877,0.058313390751254225,0.7125165909804217,0.9199066514801301,0.9139359596509714,0.028987372650628996,0.8307204613776825,0.947506100911947
A02,4,22,0.7880339493995531,0.0715658963180189,0.6400414184960991,0.8959671095179937,0.2711430385929911,0.18747375084105256,0.0,0.5619101746974221,0.7024840015525478,0.19424160342759336,0.24548993105010958,0.9262389055746969,0.8439154991312209,0.040161823320045587,0.7773561262613221,0.9061030871140814,0.913459073995073,0.030187639153404992,0.8308708297562937,0.9400678837129149
A02,4,23,0.7897233797561287,0.043473581378186923,0.6834431880251756,0.8527358080741211,0.22864299360427667,0.1746173717793305,0.0,0.6506979128355928,0.4961950330666624,0.23777043984121232,0.08445923175991761,0.8293401398333061,0.8692278171749557,0.03668187670839637,0.7944246221458261,0.9194177989185359,0.9259478009372727,0.014264507073310752,0.8949424800571008,0.9477405313034293
A02,4,24,0.6339422179334312,0.19757300691349003,0.1540131282846498,0.8364993983259235,0.22682529070998453,0.22133132412688958,0.0,0.6224414956394134,0.6853848793151698,0.22311998184804535,0.22855896689363706,0.9706576626146378,0.7103032671902798,0.13716662526827114,0.31903758596288634,0.8661366446091122,0.8332016054947181,0.16833452424972267,0.2935523815443238,0.9341257242844127
A02,4,25,0.6095169738027716,0.16733856788527535,0.17543956832677715,0.8599277210817015,0.19857432528483532,0.22737680794599718,0.0,0.6083755295768131,0.4002165119631728,0.2419732452152314,0.0,0.7210941916701108,0.8019620458691465,0.07638214470269489,0.646399836094682,0.9170004249509961,0.8566944128579281,0.07652518316300928,0.6864783783094656,0.9361252173776752
A02,4,26,0.6814614947146195,0.12321119362421923,0.41747630633299604,0.8382152296398525,0.23558684412433437,0.14393782627240673,0.034005042992908775,0.5380159050702585,0.5646912451083609,0.2809381357982291,0.01963138528515553,0.891080774617692,0.7391479025719748,0.1335537102909374,0.48364858458645127,0.8465981351792978,0.7841231607529487,0.20151390812597852,0.12765326080112913,0.9275840221064476
A02,4,27,0.6919639381195462,0.09632784565346354,0.5393296008315734,0.8418963971196866,0.1782303191598423,0.17702683900852945,0.0,0.5504415953424978,0.5928496682694818,0.28455477769197246,0.034986660617864866,0.8787176630308886,0.7792396312961343,0.07707093045261552,0.6587126334066002,0.8906914802100212,0.8315825465107447,0.1040352572314095,0.5258493249150372,0.9173502359941269
A02,4,28,0.6969879948826179,0.1259558207059768,0.4222192766020811,0.8189346140489918,0.1896182913299888,0.15720653473029897,0.0,0.49063781210466884,0.5580905884749112,0.17611658927885265,0.3130057189688275,0.8413737781507545,0.7678666574856935,0.13068486317423805,0.5573123335586135,0.9164516283104354,0.8994177352099942,0.05577740844850894,0.7985047838845565,0.9732945096849119
A02,4,29,0.7535525291210299,0.04981405648105919,0.6555317252148274,0.8195948702376893,0.15201965468735365,0.18207323274252685,0.0,0.6301035803338346,0.49547266051083305,0.2446979645314845,0.1028588392200844,0.8060064231004362,0.8304073592538855,0.055104127652643234,0.727920730489427,0.8958339933041428,0.8865935353845503,0.07636015340437584,0.6659976819158003,0.9625679353818974
A02,4,30,0.6025140637924853,0.06227959806690354,0.5071159927993368,0.7068785237710129,0.16222212647529055,0.14126039014285657,0.0,0.453129478658503,0.3197256600060265,0.27549411861310696,0.0068617435233221235,0.7793625313029716,0.7215352420975024,0.11070948622333246,0.5312831835193276,0.8622212765540045,0.8645689073833823,0.046389160442185134,0.7868861407100861,0.9357053631050449
A02,4,31,0.708748550120587,0.0835990209666325,0.559357863895842,0.8227751730700807,0.14217457177872833,0.13849377509914337,0.0,0.3699668349963379,0.5696074502495418,0.27540256860161744,0.027729462142499987,0.871648118335821,0.7927544516184067,0.09908102597769071,0.5321500751487559,0.898156311905324,0.8307584638555756,0.10712224391937292,0.6050054063159603,0.9453190532269679
A02,4,32,0.7279488495372234,0.05754362855242237,0.6160268512724344,0.8115771933741209,0.21256976466057717,0.11358853572824786,0.05998866271994336,0.4288739646965397,0.5419550679479641,0.221949166853748,0.06439793998550136,0.8406704349054326,0.8256819748148242,0.07207104815837996,0.6615261386727982,0.9229782939834836,0.8289991859682736,0.10029359584711083,0.6472386511999568,0.9357195662039317
A02,4,33,0.6939192917560213,0.18575783759045905,0.2805338201581173,0.8728063890585898,0.2750981397116668,0.2432512131227899,0.0,0.7470380231933534,0.4746812361262446,0.26711610731805446,0.046825658173260405,0.8125893535449952,0.8070440782743628,0.08325235777076592,0.6622395430290605,0.9285323945639062,0.899206376065665,0.07398657982452402,0.7108280444704744,0.9554026686173047
A02,4,34,0.7015336834369865,0.09978679235697675,0.4945510622849433,0.819013547137807,0.23081630322314514,0.19545383480913445,0.0,0.6270825445630823,0.47415476767414605,0.28751427943321134,0.046966304160392554,0.7925958927254239,0.8360099567506213,0.054589322617530946,0.7596789656575333,0.9276391362172166,0.8432799594752736,0.08985498728047893,0.5787310362307699,0.9569404724148318
A02,4,35,0.718788554769091,0.1014786667901904,0.48371669607214596,0.8204502324464543,0.12908760246370587,0.11222451797278807,0.0,0.3426443949191366,0.5186941586260189,0.2893674222701945,0.0,0.8608759036497088,0.8193211495224647,0.06851980157201859,0.6492759868171696,0.9042852528035153,0.8583132853491287,0.10943278179916494,0.47842580117724687,0.9412921866584429
A02,4,36,0.7647393152926206,0.06873545074089268,0.6453398501247773,0.8762861840964135,0.32142609286868373,0.1978676087384682,0.044120535130595315,0.6554502712808634,0.6821126875810359,0.21099700213419206,0.11319805098368638,0.9090579982080136,0.8302512177157518,0.05096586470868914,0.7444263600122524,0.8912466088467215,0.8736003395016851,0.029953701369303302,0.8216904734222987,0.9274309904161966
A02,4,37,0.7017771256079255,0.10164293485856075,0.5045651187028092,0.832442064026748,0.22947650473538297,0.22036997942215739,0.0,0.6260030515797782,0.5381790470211634,0.27077518475020546,0.05501368203744039,0.9037046926856684,0.7846476341970934,0.1322463955178729,0.4220787177728204,0.9283411511672153,0.8527887970959267,0.044922796855642474,0.7781284714786797,0.9240350675871669
A02,4,38,0.636937334317392,0.09420801560397069,0.45896351196312263,0.8163227308696832,0.2234268023913046,0.1775566002260028,0.0,0.6503930684560829,0.6373261170579966,0.20559945311162195,0.08125834684934384,0.8856677414137629,0.7459070721299322,0.1145748675227068,0.4517500251758558,0.8633874360926284,0.8079416618971625,0.1170537799842666,0.5246907067400108,0.9343064677391754
A02,4,39,0.4500979091173108,0.22752209575274976,0.047452024957972405,0.7179702521884658,0.051510791007812265,0.07598779286992907,0.0,0.24270037521635507,0.4691310312628269,0.2996705016903061,0.009091875134700429,0.8558616020469659,0.7637631261578947,0.042348194283876296,0.6906453949522249,0.8344734882400777,0.8689941101833413,0.0451284552424829,0.7872408300207058,0.9172475611786112
A02,4,40,0.6649989190085078,0.1384470762247549,0.3308280942854652,0.8135100523466215,0.14826728084235136,0.16438590122806296,0.0,0.4711473925336303,0.6637521686199553,0.2639410699032815,0.13353129549091214,0.9299656350949945,0.7431345950191298,0.09326944015036102,0.5806066087084859,0.8734063418907956,0.8399215617174558,0.12288986231160505,0.5622171451522705,0.9486701868017325
A02,4,41,0.6624287171888888,0.12228246836902008,0.4218594538191102,0.8066431350948795,0.2748123841419952,0.21218591638960602,0.0,0.6046653653845789,0.4481003336322832,0.3050006870890436,0.0,0.826568859764434,0.7759533112375191,0.08155570350051869,0.6148304613271405,0.8863657869971605,0.8257350073428429,0.09953828025048128,0.6359183724003145,0.9413016861583957
A02,4,42,0.6560359343285704,0.08071800106661528,0.5266425494052326,0.7817002431155972,0.3354561228567493,0.1579739603377687,0.09558918664605005,0.6157839327953976,0.3902731769739739,0.18343729812996268,0.16128165392975177,0.7007683621569818,0.7676011053215644,0.10617769391999816,0.5479171258075334,0.8916296226089745,0.8264528279282626,0.11556391379085315,0.6176275545907004,0.9610843470049006
A02,4,43,0.6377179698627805,0.1008811582536085,0.37872109062907416,0.8405370017983332,0.19981858546316375,0.2152590339313849,0.0,0.5469958389117427,0.3680280555763832,0.2344137176634298,0.020728618266787784,0.7437734909231908,0.7961221297025113,0.06031969864972115,0.6649005797846154,0.8927909449367404,0.7613084305714478,0.12463534316455482,0.45382714313548067,0.8956205043686213
A02,4,44,0.5565448519387269,0.11408118370269206,0.34908362122601905,0.7372549375865679,0.23530073426611267,0.21218520042802064,0.012806905876955496,0.6195525141503843,0.44374040915922935,0.2437078341401684,0.0,0.7911061076653289,0.7164211423934433,0.05208705584999246,0.6302531710415051,0.7911948530789795,0.8140275159864117,0.11441589258847862,0.6161018324008476,0.961584005869143
A02,4,45,0.5976390107688303,0.13523087966353173,0.3642180311933851,0.7645652514725875,0.24110794712460082,0.21936765412578685,0.0,0.592990781929692,0.5131178578938302,0.17916602885693772,0.16667213849937199,0.8694789725183721,0.7185696482170912,0.10775470376121861,0.5332567168203634,0.8567736581915469,0.8751080837728502,0.06349450480800793,0.7290181954605508,0.9305036012735632
A02,4,46,0.6516830148329933,0.07716094145879875,0.5303167473523701,0.7708108095831253,0.11124955102274732,0.11415266545602688,0.0,0.37724390055263796,0.5997346203224814,0.25477666564984447,0.0,0.9065099784848684,0.8011951609883963,0.04981208438341378,0.7183760042896591,0.8664772524636148,0.8109961382455355,0.09577702001895631,0.5893098350316857,0.9374746141536878
A02,4,47,0.5929853662499268,0.09434417328516206,0.3634432399757564,0.7088855901875537,0.23019603470679093,0.17245843395512067,0.0,0.5768235577137025,0.5140325213712937,0.25158558271001386,0.03312598703420971,0.7952640465968599,0.7278698060290603,0.08067628938955128,0.48987823140073833,0.8293439516603023,0.7961914037315351,0.17327496019625802,0.2877757397854216,0.953220233932238
A02,4,48,0.6209768350415777,0.1163525362114608,0.4129305782698065,0.8104719612566507,0.22632778603338036,0.19378583131859414,0.0,0.5280854377651167,0.40233074304835426,0.24780324198415735,0.06248972548773898,0.8866941358981507,0.7631853048476812,0.09126971096261514,0.5995640074245017,0.874255060991259,0.8189886299488388,0.09717459544189264,0.5666313866780175,0.9336590775801525
A02,5,2,0.8785427518360914,0.02496947358436012,0.8475790249528525,0.9253963310790821,0.38765514546044394,0.24010929154040436,0.0280557858779118,0.8146567919346355,0.6700569383075502,0.2858815468770081,0.07654587220526192,0.9456836072925847,0.8725040265507823,0.02211127856677154,0.8343079385891422,0.9170954075022851,0.8621424114239267,0.048592977144149584,0.7631860262565401,0.9137388262481362
A02,5,3,0.8868886538066486,0.033617329597226665,0.8273716595229088,0.9210380387657512,0.30396267569254765,0.18943277398023728,0.003968951830954344,0.6159475819317123,0.7127003963904516,0.19623386381468408,0.2750162175913745,0.9679322821707699,0.8933695767365301,0.02522738870486138,0.8359293252333421,0.919612125321863,0.918442492995318,0.014912052157134838,0.8928717006793957,0.9395296197810478
A02,5,4,0.9017056681149017,0.019234993860569604,0.8645937588759945,0.9280214938092358,0.19192077742859126,0.17995944074379222,0.0,0.4617172938922621,0.767990875804617,0.19820105004510652,0.3073494939648233,0.9188575894005554,0.9069272506098237,0.021939564281599624,0.8549092101440662,0.9357756033047904,0.9139160800741678,0.01921268179342106,0.8797538543614103,0.942823172948832
A02,5,5,0.8750727858079353,0.03809531643288674,0.7885455650207722,0.9187590412291949,0.2610552521850617,0.23405629987388424,0.0,0.7461575592955981,0.790557967904756,0.06189740903563672,0.6589554820230165,0.899271275889543,0.8886197977415311,0.041634083299421705,0.7965685409870363,0.9274338799164168,0.925693734685588,0.013544478618330172,0.9059167182384374,0.9458874746218834
A02,5,6,0.9063545498109505,0.02382976525122695,0.8693393620583254,0.9375159164380593,0.22288027332065113,0.13330397774072827,0.015125507349384813,0.3768806380673769,0.8002280755692653,0.09424103742617237,0.5637857068125322,0.9055980446521652,0.9204366036522674,0.01711281614058776,0.8847772766248146,0.9422462588745896,0.9333293044107281,0.01628319745811946,0.8972627162514745,0.9525979627431417
A02,5,7,0.8752745863516194,0.055083035330349785,0.7154424951686604,0.9454479048821661,0.24841827012924478,0.16635723024264099,0.0,0.5291689457021702,0.7261699309645029,0.14908518120849815,0.4697564929940793,0.9565582465134321,0.9125161333835978,0.029452449165751442,0.8340948937633648,0.9531401456929085,0.9152908857908945,0.01878469179995248,0.8780283987443058,0.9395730500335578
A02,5,8,0.8874423278844756,0.027011474264276802,0.8227877536762124,0.9365083628901154,0.40800167652910446,0.13206270640095338,0.10224594310144046,0.669602476456977,0.6957366083947847,0.14758256319379218,0.34547127480747697,0.830976953187891,0.9023549485315274,0.02761265795624865,0.8483460566763135,0.9417131108885108,0.914586380170805,0.025040583077960726,0.8709476343838657,0.9484012594224912
A02,5,9,0.8457337077127888,0.05994424515737103,0.6794142177127511,0.9181080201058286,0.14368590622898658,0.1844361672757207,0.0,0.547653644276249,0.7121329024465026,0.1438296083121041,0.345317035531817,0.886739160768722,0.9090781872912002,0.025494086527301032,0.8574481043301626,0.9431290365608511,0.9298749989779971,0.01668370605001782,0.9031602859809355,0.9585438706349522
A02,5,10,0.8465197832402966,0.0651725615823977,0.7307454381631963,0.9293302289792565,0.22820597074210144,0.18428833144855347,0.01591716338961283,0.6087887626159317,0.7445318613048155,0.19530695892591418,0.23029952500197678,0.9280060848101458,0.9010511583130995,0.03543458322459449,0.8424945732503119,0.9466187077554103,0.939124593838636,0.020989628838637933,0.877310280926845,0.9606697593487387
A02,5,11,0.8452372706053772,0.0901841132885232,0.6016367674323828,0.9213053428256466,0.3330670671228578,0.20208681606803747,0.0,0.5637000928854139,0.6033734094785268,0.22203999846139869,0.1263820441844903,0.8847739312174837,0.9033194493472556,0.022296467381735754,0.8609725857363646,0.9534694478340772,0.9043208161356553,0.03008598699895787,0.8267926630610531,0.9409010824696045
A02,5,12,0.8500237215076971,0.05723013342497705,0.6994503034006623,0.925730932559336,0.30984891261441894,0.2922932798765291,0.0,0.804430717801036,0.7518983995675418,0.1480610595874784,0.4126291959975812,0.9393287446642657,0.8918415321211398,0.043954430268898115,0.7967354252725513,0.9593654568836147,0.8953640425917004,0.04980457681482928,0.7765531933165867,0.9563446609388014
A02,5,13,0.8612084555287904,0.05670333738704282,0.7672468390368802,0.9352909110013103,0.41112538052652425,0.18927738707255462,0.08854479790317653,0.7313213552641263,0.703969284597628,0.19173240713414078,0.2845177463384504,0.9278691369620836,0.8808828723742762,0.062334374925616436,0.7579814746002272,0.9488101758533934,0.9257679816428068,0.016250561673521482,0.8943245492369438,0.9463871304658625
A02,5,14,0.8373485824090756,0.03876237952131493,0.7734835237920297,0.9037244712266761,0.26937617089346616,0.15199030443911193,0.007936951369258887,0.6365863761725461,0.74780113775787,0.15039586213851833,0.43840691970369505,0.9445703025384175,0.9007599804346299,0.01547733369445586,0.8741936565324532,0.9296569918192157,0.9386305378111474,0.01711376551526663,0.9149385660830865,0.961643220064116
A02,5,15,0.8407879377629643,0.03968621698957339,0.7696084428365059,0.9066667199131528,0.3440127126115172,0.2142756930087606,0.07904771528569823,0.7277640952813383,0.724687523942885,0.1989346264541425,0.20021820391547843,0.9592744081211089,0.8736290285438624,0.041363984843218335,0.8041947131313367,0.9520559597662342,0.9175894494669604,0.022910601794427332,0.8676666760686904,0.9557402233566954
A02,5,16,0.7815791414883607,0.10061500128477834,0.5443691520748585,0.895829250341313,0.13480544897365843,0.2169912169092886,0.0,0.7269867838361412,0.5678797807069991,0.26770932191243946,0.0559788066553441,0.8474822676540711,0.8877987602231003,0.02621840524545559,0.8300995151742914,0.9169625262128706,0.9138718493468878,0.06542864815461938,0.7427493582859916,0.9763978513987256
A02,5,17,0.7842212493952255,0.06768925750623726,0.6711948027942649,0.9110211819027282,0.15787476681838977,0.18185502309281087,0.0,0.6371322957027703,0.6416464061624455,0.27768742199589175,0.064885260095177,0.9237821833375325,0.8320111991315486,0.058002032724111814,0.7260634016750421,0.9218305701866129,0.909489765658329,0.034797871935020055,0.8431098264939909,0.9548998164233106
A02,5,18,0.7995700333828795,0.03855988685321841,0.7089342954022791,0.8585294525771194,0.19515253315227563,0.15685520684727114,0.0,0.425019745103095,0.5120318577271371,0.22018331324655355,0.1960011765523833,0.8895022858072864,0.8628278178009108,0.03670012970349215,0.7966113471086257,0.9247737250519802,0.8994217234418891,0.032240438161174445,0.837452427439852,0.9416903660761394
A02,5,19,0.8246064559842836,0.05499356397124723,0.6741814539091058,0.8862277387058617,0.2951785521909225,0.21068187489422815,0.0,0.6913618209903876,0.7128662655982256,0.2023120017406075,0.30241533913709784,0.9499836126331977,0.8836147906942585,0.03743360645158259,0.8192747277522344,0.9432944968688198,0.9262789618405338,0.02490925281668352,0.8855004968476383,0.9632560267342913
A02,5,20,0.8038283787765372,0.05471833853344608,0.6714343422031908,0.8936144074496267,0.2755568592483514,0.12604635549418314,0.015324873609167646,0.4612135096889132,0.7335764221040727,0.17334468142885062,0.27295073655831664,0.8662271257042535,0.8586454624563079,0.04975609902010029,0.757732040431515,0.9081355563756708,0.8750515651436989,0.11739653474486557,0.5883066056342952,0.9533367624738459
A02,5,21,0.7253865978500004,0.09217046376339166,0.5279475700978934,0.8988000373249927,0.24716613262836723,0.19750079821077152,0.0,0.6585960023480256,0.6446312343655143,0.1815212278055326,0.2483544590135338,0.8969335062133486,0.7805563999751481,0.08549459202750899,0.6256224668414921,0.8979952172333291,0.8554233707183575,0.037378648507943396,0.7687847475558723,0.92256575712093
A02,5,22,0.7258645825652067,0.07475783845883836,0.5884657214804042,0.8345004890642139,0.20095180547805375,0.14899593716410822,0.0,0.4031690714549934,0.5341743582458648,0.2914717958667862,0.08074587380890887,0.8764931296376587,0.8194722466449594,0.045157149619526035,0.738162669869248,0.8833820669883322,0.854562926371163,0.07354761695673594,0.6691313318270037,0.925296096581573
A02,5,23,0.7397924098175678,0.09729762293025682,0.4628524331859158,0.8690840582453504,0.2251870645140678,0.2516901744324973,0.0,0.8014502548757056,0.6150394420864093,0.258547593588762,0.0,0.9698827395653945,0.8278673102914363,0.04545640623377955,0.7225024905372172,0.9063046124969555,0.8657359541079137,0.04287947810257968,0.7835601898534141,0.927120339022335
A02,5,24,0.6115128361653878,0.12000049829830858,0.2693927668956979,0.757605776899365,0.24524007126372335,0.2708899121329913,0.0,0.6852016354473146,0.41054750690920705,0.2722615924137151,0.0,0.8221996605681616,0.7192837158598132,0.11483110667028126,0.5145564571256974,0.871208155132783,0.7776722908717801,0.13731536254432905,0.40218056429259613,0.9413100512287509
A02,5,25,0.7078415600081278,0.1066263076310796,0.44469685510200446,0.8334462039930957,0.29218287762171224,0.22513947049021046,0.0,0.7291411642722719,0.5833772600850974,0.2297682293110407,0.0,0.8761138734767974,0.7667871172310573,0.09276875161081989,0.5750358871015128,0.8863891849027817,0.8632366193661408,0.04260885610507323,0.7974187301984401,0.9401058471625738
A02,5,26,0.6861614955771912,0.11055272520210314,0.3980476702428169,0.8035063422422754,0.2479785922859788,0.24409883954066386,0.014067253518093617,0.796764448492322,0.672510773231772,0.24665525544860903,0.13990846505488125,0.9083823110065012,0.739719140023823,0.13424577494013834,0.3184469073125235,0.8729576177323526,0.836549074823684,0.16141727690045687,0.3714857373564205,0.9350438434018197
A02,5,27,0.7093672461440029,0.06757912105380766,0.5930154613615202,0.817590455536236,0.22323812452303773,0.2205015440518361,0.0,0.7748749347313206,0.6481043759769489,0.1590947281623708,0.3438789129098932,0.8623450167352127,0.8121751551283852,0.056983833360809075,0.7363266966584501,0.9054612651850602,0.8810894715663989,0.040294411277073776,0.8014278797593658,0.9365074822699068
A02,5,28,0.5996764292501152,0.11586662959901872,0.37181805058257983,0.7728179298787274,0.16140328323142106,0.144013841311387,0.0,0.4209443368007975,0.502500630781945,0.2228073620116573,0.10485843398921142,0.7720106612820963,0.7015855716087125,0.1072037025163244,0.49275080386647696,0.856574357557067,0.7304994161150756,0.2478412996965415,0.07909675235599974,0.9375409355501467
A02,5,29,0.6194377462235833,0.12452285521365845,0.4256425344721858,0.7709323953178332,0.11058176925681427,0.11735567279832894,0.0005208350623271565,0.3973922460919578,0.42818841833610294,0.3069445430290259,0.04579333174301053,0.9067913690675323,0.7718268129286769,0.07549682487892713,0.6326407098708928,0.9128342564049233,0.7478559584157181,0.18190137354695413,0.2620984283328672,0.911175680339665
A02,5,30,0.6338809156441712,0.10818061031358883,0.4609908284612473,0.7931385903538011,0.26062046332818645,0.178830649118391,0.0,0.54936330934377,0.4750572063008237,0.20345844076529856,0.09072819527581015,0.7526199694829339,0.7156885458378185,0.10423579584484678,0.5378503535892553,0.8641873603756292,0.7969744506413882,0.13003531821148012,0.5390501819828615,0.9457481358977887
A02,5,31,0.5235680706459572,0.1928807179816212,0.07093667503157894,0.7588045533096288,0.048305360696818046,0.0616392025663755,0.0,0.20065383980956475,0.36998439113945397,0.2106971039556736,0.04430870583390315,0.7053046289691858,0.7044920165960488,0.15730935966311183,0.32469947939223226,0.9207401611900686,0.8553592905248026,0.04476987393327137,0.7701994079184121,0.9204606318379807
A02,5,32,0.6541338170771158,0.09182524401199983,0.5393769155966706,0.8300395909852885,0.25003635141643826,0.16207228801471738,0.0,0.5445287793242769,0.47331799789993234,0.3840896184510186,0.0,0.9643688099444426,0.7444198795563995,0.07239486959130291,0.6086224145140304,0.8491342959634133,0.8500085806962193,0.08512983568744112,0.562266928287717,0.9220604461514176
A02,5,33,0.7088839526159539,0.06116580618010163,0.6222714949752169,0.8137621429514988,0.4124091105649948,0.22407168061065225,0.03389254609821281,0.7437993988502064,0.5892514731849673,0.2502530118901025,0.014272831829141566,0.858658486857424,0.7972834323030262,0.06860750455805176,0.6857146232553981,0.8970691874813979,0.7762208527501394,0.10766131965445651,0.563478950786004,0.917877608191166
A02,5,34,0.6254709442737271,0.11277250930909484,0.44703578266261695,0.8104287301032514,0.1904862660090771,0.16039267503457633,0.0,0.5431360261370772,0.4848204692276109,0.25966495058502914,0.08950180169760764,0.8608845497743791,0.7513042273119562,0.08518765535098817,0.579065402419986,0.8873955917894082,0.842623330020384,0.07209314110623566,0.6857899222973872,0.948401172173834
A02,5,35,0.6125179896868673,0.09840264017793778,0.46397765870148594,0.7520517797614953,0.23131082209440126,0.15978219728694132,0.0,0.6369607157635812,0.5054823390932836,0.2614935693157159,0.0,0.7794095127326434,0.70437355350976,0.0797309845893538,0.5728483441382892,0.8353602370001304,0.8344428428817687,0.046425280435074504,0.7661501989029221,0.9147503082872941
A02,5,36,0.6970945334648763,0.08489006709327013,0.5258879907768982,0.7972133750993758,0.2979320424707755,0.17608529842002515,0.012413192725990507,0.642721890480325,0.47595353142388935,0.3072227232208964,0.0011457871370054162,0.8826961573354604,0.7577312252718263,0.07470144273941898,0.61185830594589,0.8436893267755268,0.853208803666983,0.06633517423520355,0.6920630089317388,0.9363878686238444
A02,5,37,0.6267378438040058,0.09286458963951529,0.4554157790972252,0.7528713255320775,0.2249467789110041,0.210706071268582,0.0,0.5934667581371684,0.594080671529722,0.22228215816208907,0.11564747636683101,0.8914574044998279,0.6854930326954433,0.12399952068830603,0.4949482599678076,0.8688420946521836,0.8378476407179654,0.09487727708411627,0.6335682135061488,0.944691730744991
A02,5,38,0.6669403934918261,0.09477142885020455,0.4968379733236828,0.804426144899095,0.2905843213629053,0.18891328618869127,0.0,0.5286017940238142,0.49581801293570654,0.27384673924960323,0.0,0.8633887440871889,0.7770625864425725,0.12193933986751052,0.5460535371867069,0.9149546282718842,0.8245892617428969,0.08510499303461533,0.609455985206861,0.9145227607361207
A02,5,39,0.6353203420597867,0.11607956325641289,0.41797349987581545,0.8047095509294434,0.23744053805821236,0.22685381102134292,0.0,0.6750597588497601,0.7428940034357899,0.1463180590011519,0.36953730101775023,0.8997502749059104,0.652800671031594,0.10785117660983254,0.45629843082531607,0.8025083388950459,0.7691294102264313,0.1484377945984414,0.26856197318410846,0.8994185105255463
A02,5,40,0.6387678445043379,0.13214199685299774,0.40238310030956115,0.7789438232361954,0.1560448969441,0.1374856526101967,0.0,0.4178734354031132,0.5524443413256261,0.256448675159841,0.13805584420313236,0.9256869037136141,0.6862189348754527,0.12176721464147379,0.46664918482315276,0.8296159748080225,0.7903568324411451,0.1678540690823837,0.41370478099930125,0.9570250263672487
A02,5,41,0.6205381957730167,0.10707641058858629,0.4827990306104995,0.8213020838539181,0.2021174304564485,0.203992845409457,0.0,0.7081365425158744,0.41258998284284426,0.2843784348155819,0.0,0.8634266589069683,0.7424009838317391,0.14067717262318896,0.2745867914944252,0.8806393364995283,0.8028948620393808,0.10316565314059487,0.5551104760352985,0.9209099993544493
A02,5,42,0.6518118163404124,0.10990119988208377,0.365856259462466,0.7847259779788126,0.2358832529392277,0.17703551644412485,0.0,0.5097431187575374,0.5668410361578038,0.17994541536331055,0.1237416548982906,0.835129045113181,0.7361213992421767,0.09140691083735035,0.5622522973402594,0.845702342400781,0.8581589123977456,0.052140577820838876,0.748372954195819,0.9283943456743924
A02,5,43,0.611044649429114,0.1242607298847469,0.28138812354774656,0.7228863651851267,0.19864628947464164,0.13604323957634668,0.0,0.4120982290172037,0.599869604555033,0.16280853590173716,0.22279038964259756,0.7786165143746385,0.7538363125448091,0.077215971091619,0.5972426433115388,0.8639441813049406,0.6319970512313271,0.1883841881685192,0.2863757945433448,0.9158931883742306
A02,5,44,0.6774447399815424,0.09022541188902278,0.5280615846966831,0.8139376812332966,0.2793548771232354,0.17825654670043875,0.0,0.4994452923131777,0.5773625423182788,0.32917222083324454,0.0,0.880173349180659,0.7699349899453176,0.08970578183136106,0.5445738273002323,0.8725004572745639,0.7496134585840196,0.09974950240636997,0.556154534684529,0.8814349170082126
A02,5,45,0.662126165736541,0.08502885223652956,0.49769193212257773,0.7989028285160239,0.33081719412612326,0.16819787466422845,0.05251114752876502,0.6039525148918995,0.6319056601375751,0.1782557723358317,0.2208334345310909,0.887432162098794,0.7546224672102277,0.09114696452811219,0.5041299961640611,0.8568276552359771,0.5569238256701533,0.27053559516744774,0.03689083486319226,0.8364174810686767
A02,5,46,0.42207083713075993,0.09589842225519399,0.242124460220799,0.5974971199140782,0.2365696373127557,0.19285237972364525,0.0,0.5498803832390229,0.3523964483554232,0.21062797203783704,0.09461753296337094,0.7480640449559379,0.520276420505203,0.19195923993710257,0.11698271003966279,0.7168280508802028,0.6186263748327012,0.15508319441229254,0.2975040634864792,0.7804445970242149
A02,5,47,0.41556698770054123,0.17356632562258106,0.13420667860361213,0.6965779815435759,0.1284861552398163,0.18303613577083808,0.0,0.4761530306596256,0.5423947349281933,0.24931399795553075,0.05167585674651208,0.8935699360166207,0.5044980614685917,0.20039256077285472,0.2533556407394831,0.8335674285697863,0.5684936196507098,0.2318391789611158,0.07728200838453778,0.8679536114109595
A02,5,48,0.593263493598626,0.08992180225170102,0.39211540882252915,0.7403061536429382,0.3777653409872848,0.18137641307293223,0.004991602703821739,0.6208090610230671,0.47957272720195737,0.24031861191948703,0.0244385915952192,0.8377853939990947,0.6048770821164134,0.16336545152363008,0.2274527111393139,0.8647129470263621,0.8106611419084313,0.055243063769518076,0.7082816281554718,0.8893824028899964
A02,6,1,0.8485075645740032,0.06792414155213165,0.6620468772118061,0.9139092536115186,0.2402132620317407,0.18176326507074936,0.0,0.561283254955467,0.7732091488254316,0.09187466647328249,0.5833568550388974,0.8982569441837057,0.9014571862982717,0.044383783274130596,0.8216218033347441,0.9627630849061566,0.9190256740458487,0.030202826329320955,0.8467481432324057,0.9496209288355553
A02,6,2,0.8571611964485306,0.04384420130561359,0.7801428454099028,0.9162873574193775,0.3424705793496006,0.23571523507839465,0.0,0.7229751417130491,0.6817093485395985,0.2894027955596564,0.07140288123531945,0.9522280280923054,0.9008200307325855,0.020653967178085285,0.8442209464871675,0.9270507321757141,0.9390547243736876,0.01745349094131136,0.9045925524030837,0.9586241614612164
A02,6,3,0.8617196869109923,0.028492748547522345,0.8198440137364296,0.9159406223547836,0.23913403875587097,0.13311439602851682,0.022133336023024048,0.47978962959585786,0.848166063577046,0.10501219886129821,0.5883943170016155,0.9462499065708105,0.9028764119122439,0.023834460886364418,0.8669222480344675,0.9410817328341798,0.9374382396989881,0.01737506626750488,0.9056001951050179,0.9708292657082375
A02,6,4,0.8033765586685554,0.07555816095443754,0.6669373814225494,0.9006814966617593,0.14160390818575852,0.09932919005972339,0.0,0.2932483078012679,0.8054843051074019,0.08241853579069144,0.6436873286868254,0.8942584695474727,0.8917847516746823,0.029348252782594047,0.8331983443346538,0.9334184985208688,0.9227234805432821,0.020033675429089386,0.8957906098225541,0.9509113510159668
A02,6,5,0.8042240772673325,0.0538900611505753,0.6388720516983825,0.8537548295748701,0.23623924123874945,0.19424154146410189,0.0,0.5931733447826144,0.6137157429646488,0.24607494820329853,0.1594562126913722,0.8358463543176414,0.8471352543119159,0.06842706415434262,0.6664223126415625,0.9435728270358649,0.9058656941284359,0.0631609682670389,0.7029356289374775,0.9522551729405976
A02,6,6,0.7825884513481717,0.07917117473348029,0.5865440402589382,0.8802276898890808,0.17929812629456307,0.16151237062754548,0.0,0.409852113157667,0.689310020724878,0.11234498812232621,0.50909779561115,0.8725033573048051,0.8766491674505851,0.029709000060568702,0.8211812368164143,0.9275023139716377,0.9234823415316872,0.02256527510287781,0.8548919022916729,0.9511991094263968
A02,6,7,0.6777548514933643,0.15144658393443516,0.3220569804829256,0.8465416693556949,0.2069696990492315,0.19509299911088174,0.0,0.6240850772859076,0.6567384354467052,0.2563298685475336,0.035395395276374426,0.9095332959253887,0.7319070943833632,0.1785115607727002,0.37743069894293557,0.9001368911304224,0.8934783185622999,0.06104373990294081,0.7495081344615088,0.956534356288506
A02,6,8,0.7607637877384728,0.05545343227747112,0.6648485814476698,0.8643363979264417,0.27108036968098237,0.2634747181185527,0.0,0.6946147237825145,0.5509593118248898,0.25682613113410163,0.0,0.8441466697797074,0.8253901508534479,0.06436457818526957,0.6683689936177039,0.9153429776834588,0.8658257215742832,0.06356881331765343,0.713313010017551,0.9330124688417581
A02,6,9,0.6877105169488179,0.09159881640874935,0.4602564025912665,0.8260670086562273,0.36829364938700093,0.1823022214547815,0.050379409507960875,0.5864940640004889,0.5554162098924501,0.23565479711796572,0.009015440501586345,0.8363103566317542,0.7425019408642843,0.09347792583318223,0.552604908983435,0.8887096510617597,0.8673261916174713,0.0523176746686108,0.7835843441004019,0.9253968040403865
A02,6,10,0.6747286554076911,0.12686678713048966,0.451377479002944,0.8191632698657949,0.2092111551760757,0.14857615813926328,0.0,0.4157308838927955,0.42506913867754154,0.23325424704841094,0.01190007571775745,0.8108725271551184,0.7639361036159694,0.1269104769917297,0.4906760612314213,0.8910700773858423,0.8570614424578308,0.10316544703035345,0.6115893890206908,0.9520090977185826
A02,6,11,0.6032162336805261,0.20829837474978563,0.055953809281254784,0.8314945568535368,0.18641703351967107,0.18197129068906615,0.0,0.46612866191984864,0.5771260350240897,0.2972639866847161,0.010646615198543596,0.9264738485548424,0.7095617738670745,0.20579337971277634,0.18895874141553573,0.936610283889939,0.8641276203936108,0.0905958362966207,0.5818059062402315,0.9462086826320882
A02,6,12,0.5919453480433651,0.10843201994115387,0.345446584995737,0.7378232031662427,0.0947437438876478,0.1275813544191426,0.0,0.38821869839083306,0.5194383836248552,0.2397253972452434,0.08118564362040762,0.845448143261563,0.6893991071650767,0.0839371021171651,0.5344217124237879,0.799827888227228,0.8856311399312293,0.059336915169739414,0.7016661104279746,0.9407357842119384
A02,6,13,0.5992646315894063,0.1360799400593402,0.2825763717300983,0.7758346837779675,0.10006795933341094,0.08758161260847083,0.0,0.2875845884937852,0.5520184467524218,0.20965484062821832,0.08857680581685534,0.8344330177476327,0.7326235000159407,0.09532189938790579,0.6130703698275849,0.8851950851045212,0.7971560785395155,0.14182909622150436,0.31854265150701266,0.9355329524696426
A02,6,14,0.5580334773624416,0.08620613018284877,0.40799144421271244,0.693282610567677,0.20048064232332166,0.14117562892619046,0.0,0.5023943185191717,0.5609089040493569,0.19831967433684294,0.14361323429487519,0.8720801308474007,0.6100716394871336,0.1496439408114584,0.30444400061978033,0.8239104017707118,0.7840415708788396,0.13449563140291443,0.529792160840759,0.9617635135403318
A02,6,15,0.49631612284166243,0.14531225254202887,0.1193425966683032,0.7079441357989492,0.20693540931892948,0.17345256282185084,0.0,0.49890074412109175,0.4887472547106853,0.27187775334808395,0.001588943680119573,0.8701594653591408,0.5813855759359396,0.18407602431128964,0.16596395148763257,0.81095446710763,0.6604945404055311,0.24367848910162068,0.04979413739693767,0.8781248871356665
A02,6,16,0.48139024830371546,0.15169852038330608,0.2052027202548205,0.6968286919298148,0.22313223905155943,0.21561512184137208,0.0,0.7248693817320955,0.35436066449594283,0.28845770790148717,0.0,0.8273068737134383,0.6415849811578664,0.11774530887743423,0.45280880497277537,0.8047818585384744,0.698211730782354,0.16328892241638007,0.35531848491874285,0.856746174267258
A02,6,17,0.4658110427767147,0.1558500964894654,0.17286989299254316,0.7139400882433277,0.14495295265407096,0.12126871305032333,0.0,0.3528664792998165,0.3896353286420189,0.24121895977733449,0.08222646447617214,0.8227036933209942,0.6590784598022504,0.10599182331591643,0.4239178797933196,0.8024351689226504,0.8402803652022267,0.08836018432033997,0.6649582740851769,0.9422344865821748
A02,6,18,0.4986565349980609,0.12204029072072466,0.3306800877217615,0.7241683407149865,0.2769570620315156,0.07460107268584398,0.11211369161331139,0.4178197834368317,0.4972771532939672,0.2319030834056993,0.075562461619706,0.7817021957240639,0.5196859203494452,0.17046490257962674,0.24558267701881326,0.8317802643098812,0.5646156311788162,0.2672119591134285,0.0,0.8581964471229061
A02,6,19,0.5252786640460768,0.10809410854796002,0.24836077103973014,0.6782095306980855,0.2772264209011637,0.15393075352829325,0.02853045081035718,0.5175332437523987,0.5385336708718604,0.18678399535760248,0.07241974977280272,0.7538039192457555,0.5937364303844359,0.13673233474479007,0.3579546228569472,0.8117175103942331,0.7388384837126661,0.08890128210315512,0.5920678417400166,0.8970191147104398
A02,6,20,0.5839483547658284,0.1056626916224348,0.34294944394952914,0.7105074987733598,0.35766092724359727,0.19873573958420118,0.0,0.6492476383898297,0.6038596457397779,0.25410899600049647,0.11812764117524817,0.9063936866555103,0.5237391966249949,0.19733434395010965,0.12196871835794645,0.7874940951088905,0.7394160458969667,0.1686341712361514,0.43940984711431075,0.931040070806419
A02,6,21,0.48548769273391007,0.14517982803576393,0.2121904101819603,0.7341982454997797,0.21624709451303353,0.19857359395423252,0.0,0.6087661245951717,0.5351585990148517,0.2086211497466786,0.15903301864906844,0.9065964281274715,0.5723851684457638,0.13936217072311077,0.2486491827263723,0.7477008386348928,0.5628711566023822,0.19557361084155098,0.173560744119408,0.7972397416540155
A02,6,22,0.46097172804146364,0.08791553162633707,0.2998692640485986,0.6209643067555807,0.20630560013787258,0.1720378203347756,0.0,0.44857404767510556,0.5868694297321913,0.19941483081763312,0.20228674141909114,0.878379612670277,0.4739066896477081,0.24495454068640468,0.06321253044247624,0.8046722967332341,0.6471010262594752,0.17268229202685834,0.20825114666815878,0.8711547786760313
A02,6,23,0.5274076297102261,0.1700697443703274,0.15598257795065917,0.7403991514104872,0.29807678053867004,0.2058401276342995,0.014876163618769787,0.6976448386458799,0.5314711876901316,0.26276561473212257,0.09897422483185027,0.8920008752851308,0.6035830288292444,0.1691131480737697,0.16547413478493497,0.7678566865908002,0.7698651959545743,0.11949103089235398,0.4609787079861615,0.8955300879655805
A02,6,24,0.5322244311609151,0.08616674400030576,0.3947690285391169,0.6773594609646689,0.2855470543443991,0.2199259524495528,0.0018960708374304222,0.6846922245062758,0.6219916250091765,0.14090748196860822,0.4195417406664316,0.8526858756734506,0.5393284496584038,0.1869968752483099,0.09034477691608096,0.7832875678674897,0.6808487872354686,0.1882663165107074,0.27833236430920133,0.901872613718301
A02,6,25,0.563414494627045,0.14053933342568756,0.32809253343682154,0.747890354796746,0.17619293124960447,0.1250737294858753,0.0,0.4414222584938585,0.6894880081796202,0.14645732107080506,0.41712827161647775,0.8992048438317325,0.5520446158223012,0.22157470608118102,0.0,0.7799675840388051,0.7245897818543301,0.16690219173733745,0.34673974730162577,0.9177731135934616
A02,6,26,0.5039895568342267,0.0990771795941966,0.3243587154428536,0.6977166442908151,0.29503476416801067,0.20548076640361984,0.0,0.5947606850141778,0.5656734463484038,0.20569564789551723,0.1617139901256233,0.8657412439918052,0.520679386774752,0.21790860635051257,0.052432023686468106,0.7565292961223287,0.46618487556052,0.31221895444077175,0.0,0.8485866647167855
A02,6,27,0.5426547016531932,0.1241813613524581,0.22461792038310793,0.7065135097759931,0.20487787632052076,0.19557156072386972,0.0,0.6685916032041902,0.5157786505827507,0.27682284042260596,0.0,0.8869344488540737,0.5961628322528048,0.15678997989038201,0.3143981202591176,0.7944860732845821,0.5798325475412968,0.25981803747162197,0.22072112074178696,0.905114257312052
A02,6,28,0.5488552990581137,0.11687631819746273,0.3703108956315244,0.7131598283454333,0.26098235321807056,0.10271430292784722,0.027388171269407704,0.38741929935864855,0.35292529491521124,0.23551542922799631,0.00470467839649399,0.7321016345515222,0.7021377138827953,0.1331419854331669,0.43617797781674655,0.8631693386043272,0.700736249514528,0.19192471925066482,0.3031803933628214,0.8863023697896589
A02,6,29,0.47636266423676793,0.13586124151502257,0.23907855349520807,0.7143912655124252,0.24720351455100698,0.1826487493875835,0.0,0.5798106580392899,0.47381266257199867,0.22689982116351692,0.1445346529074802,0.8311945933811781,0.5412931687502237,0.12374573830296812,0.2682613231635071,0.6777458400975143,0.7410298174766414,0.1308236170261424,0.4746622864284763,0.9019054894864569
A02,6,30,0.48917479219892396,0.11596313183555694,0.2797159590214318,0.6502187374166501,0.20368819139129965,0.17610606343329543,0.0,0.5363118488093582,0.41577860148052115,0.2812560587687234,0.0,0.901592589958004,0.634526984553245,0.0645668742596354,0.4978686464914851,0.7438427046266732,0.6872592290679855,0.26366621979922844,0.10201336930785879,0.9340374575455908
A02,6,31,0.5573231390972996,0.11756274986356681,0.3296254171342371,0.7458840284254625,0.27096304850254155,0.1766385476907266,0.0,0.6637408516997231,0.7001980458578314,0.08477260716818874,0.5816112937388583,0.8261121890071065,0.5661116581655097,0.14195942267403094,0.29455670760032693,0.7779514333096044,0.6801369108157612,0.20105302838759453,0.133624004200592,0.8569337872935324
A02,6,32,0.4667359665463104,0.2067496324570686,0.010763755475577888,0.7577832903756507,0.2629630727904611,0.1441898862785968,0.0,0.46762502425250724,0.6025736399505923,0.18744577054899297,0.14365221399062186,0.779042077364924,0.47718266086373173,0.2166160973837444,0.09513819900384557,0.7544263868933437,0.7514960872701765,0.1183235116394406,0.46567036629154457,0.8890509798548344
A02,6,33,0.6330758225050126,0.11792768504265543,0.3284968384145257,0.8153026915988304,0.3039505016657674,0.1880468257792611,0.0,0.6329867946968027,0.661772227470275,0.1778024767963758,0.3382938365427696,0.8799961477698236,0.7182015123142748,0.10061962945845034,0.4831839958936373,0.8419404405791814,0.6847729545211901,0.22300555598237923,0.1898810738297116,0.9065832716222453
A02,6,34,0.4427334166396142,0.15468595854793135,0.041995237126386434,0.6243082571907851,0.1414310643614968,0.10973863321836771,0.0,0.33049272444334,0.3630138582906611,0.15836403433282698,0.0340822939008396,0.5930505971893563,0.5700052494725872,0.15854303004474188,0.27965122453674407,0.7257889649634253,0.576788757125513,0.10514855151193779,0.38732301790809714,0.8047580390038732
A02,6,35,0.5568313002816923,0.09999139189486364,0.38246335314854646,0.6737030015007258,0.18619261961540073,0.1345777159264218,0.0,0.3776591400122138,0.5002891943424845,0.28567729674611503,0.005475687661308444,0.9307637881420395,0.6584404443774949,0.14315674010150034,0.28122535042308455,0.839257409701952,0.6817882050876098,0.1388130640075018,0.4075153187778523,0.9371234200457013
A02,6,36,0.43008452842164085,0.12402907396723815,0.24772135091687714,0.6576336333888787,0.07940280095717117,0.11444252669353697,0.0,0.3696261079891215,0.4218228889941841,0.25228411617381263,0.04684826268296384,0.7640670917919065,0.6411694018103303,0.10344655891196032,0.35129121490813603,0.7746677062311392,0.6090992263555531,0.2520002489040302,0.09696468794150413,0.8239097194935509
A02,6,37,0.40194933231355706,0.12990443788586972,0.13472288826707043,0.5696818157747063,0.15396485023973763,0.12903259391298638,0.0,0.38993651109140476,0.575063581726873,0.17865383432738954,0.23955925770983363,0.7659390049762251,0.4186799359762941,0.17442409159181255,0.06779799812246334,0.6856456479793146,0.487072795127445,0.2245315607199576,0.0,0.8437110631878276
A02,6,38,0.5339486544690727,0.07735653508042577,0.39708643294445156,0.6755576604164781,0.27206850011935496,0.12697920799642887,0.07637329116355265,0.44815500057877816,0.49922590125085586,0.26964340834835965,0.020262326754963613,0.8654230211676298,0.5672449970449154,0.13996788141736136,0.3035146037305702,0.8206494595266227,0.5526333848331172,0.2923145502970391,0.0,0.9383897006714494
A02,6,39,0.479393599946258,0.1822154515375741,0.16736392253166482,0.7780412643540232,0.33097312708017146,0.18690420996182056,0.0,0.6508216832467373,0.516251298558626,0.3262156507384796,0.0,0.948191765650705,0.4623726414585338,0.16354198312327967,0.11820865340934818,0.6957412642629137,0.5769040845154592,0.16764173995063256,0.3060546168884503,0.8019123024749931
A02,6,40,0.6106449692743966,0.08130294006136982,0.43688216652389306,0.758717979967381,0.21830252570889014,0.2273090706149841,0.0,0.7076229933601884,0.7540555434765495,0.20944195305303204,0.17168035751386673,0.9275997671481726,0.6393533716325038,0.12245435048529704,0.4716898757254983,0.8759222847260218,0.7829057209175571,0.0909401256569569,0.5684280913012859,0.9031093806728556
A02,6,41,0.5359714423020348,0.1493645442739275,0.24552017806508072,0.7916260883329205,0.3620346823547882,0.1241807578757771,0.17983200555373907,0.5698012283938899,0.45659745785230255,0.23479461617131134,0.09799823121891081,0.8064412902784793,0.5416069314018227,0.22793476072770572,0.1528270103619878,0.8341898395326183,0.6682297398217198,0.24025930176859533,0.07325987554351465,0.8865492991814629
A02,6,42,0.5174441885479149,0.1607608145245737,0.11963454138006509,0.7735085871493459,0.23617695422797216,0.20395354716646627,0.0,0.6034909910717359,0.5159044729524561,0.2360609158755416,0.033308540948562886,0.800412685237729,0.5998185469704748,0.1089889736866658,0.38224144280079814,0.7719208944237966,0.6265770192102728,0.22749191651500855,0.14353233365086465,0.852035131412715
A02,6,43,0.39626679371485096,0.17215412193519897,0.05662177739437123,0.6604650039735851,0.14971436162377555,0.12855847007956817,0.0,0.4222937979427969,0.41520000052065503,0.2662566422948127,0.025545665969130358,0.7847047363139723,0.5645989228293345,0.13043619677174093,0.2470840582451748,0.7525931978051362,0.6811584729764427,0.21724256679968765,0.04272243360871618,0.9021626617537246
A02,6,44,0.4221279672192761,0.11986517133223869,0.2688776294945946,0.6124059370745754,0.1842417832325987,0.1723915972053874,0.0,0.5012545052462262,0.5245058064549925,0.18061076540425272,0.1278973801707268,0.7915541933792116,0.5011754524614326,0.11328102387700784,0.3291074124732077,0.6821777641337468,0.5109314128937334,0.2012944871312014,0.16752273351843808,0.8324395271100845
A02,6,45,0.5214278960549621,0.12847991236668468,0.2231083188459482,0.6786354917236567,0.20031053902387222,0.17055787334755348,0.0,0.5187210697595784,0.6760105333159749,0.22458694469319795,0.0980107113540024,0.8555589631117081,0.5836415038013592,0.0674797747182356,0.416638426430139,0.667220193540525,0.6110774056009662,0.261953321927849,0.07129761563728655,0.85481634900902
A02,6,46,0.534920650834766,0.0879937952718946,0.30847042107126743,0.6470674856078418,0.15572666369138652,0.1523733898741272,0.0,0.5454254355351267,0.5554915162089284,0.2424691353547123,0.03224823948959458,0.8526910853455192,0.6368446148069357,0.14817411462056973,0.20625440625355287,0.7763625375943732,0.6252136422439712,0.21876426200044302,0.21939890346140864,0.8406952162997968
A02,6,47,0.43902555375955116,0.19637208306521403,0.08569014987320445,0.6937970967630418,0.34857030934900796,0.20623559658532897,0.004602066750303264,0.6769022783091652,0.2863341167472211,0.3012769057294237,0.0,0.8673315037798929,0.5563549900692734,0.14372515704435657,0.18360713454060246,0.7261566219950882,0.5217374228811034,0.20313650077105155,0.0672091357988958,0.7710630261097601
A02,6,48,0.5010085187157053,0.11553077561350078,0.31326038706461085,0.6799562570513793,0.21476961483590978,0.14925814932292486,0.0,0.5080661181872524,0.4798596538826713,0.36088341952833813,0.0,0.8753940056920443,0.5388179131596034,0.20216132047863689,0.18735986052308032,0.7810541037860014,0.5391059332455165,0.30448400991814395,0.0,0.8683563979599701
A02,7,1,0.89928174692365,0.022878369377832875,0.8522474067975102,0.9283291315638775,0.36109231050998586,0.25030318619405384,0.05331686269890491,0.7692618712979603,0.7682782861784827,0.14522047981994057,0.3849487844710664,0.9207978402906438,0.9002081886764494,0.022017479489606567,0.857619987660971,0.9264156095018121,0.9246900102647283,0.02384506669513775,0.874926440757729,0.9545143155841185
A02,7,2,0.852299938766397,0.058010390103813154,0.6828462190946857,0.9128120856437297,0.24388140799905653,0.1968694511064889,0.0,0.6595307912039928,0.8326313590096643,0.08921445591765191,0.6724054884772797,0.9369098017675398,0.8835350126928909,0.03131754680990147,0.8060699227187654,0.9318196283406791,0.8977082033109711,0.05601733489669536,0.7707548333011628,0.9601875701782252
A02,7,3,0.8667732096850715,0.0345393955014876,0.8124718501857789,0.9237383047278619,0.2192047256631847,0.19821099286111385,0.0,0.5115005696713717,0.7278167838293906,0.21206717792152754,0.2274286346065138,0.9455753837097353,0.9097068925318194,0.026394110525959726,0.8650675260124537,0.9474039027556558,0.9118543204353704,0.050948936618637676,0.7868079477986677,0.9458488674199412
A02,7,4,0.8492086326647226,0.03308862498980242,0.7851012261234859,0.8936286263527844,0.2755026415295327,0.1676174422253734,0.003656316942892146,0.50288373185188,0.6949067647376406,0.2496026850548788,0.1300445972717167,0.9320808786664704,0.8990049770508369,0.036562813023166385,0.8313448665925968,0.9499141654650829,0.9343758810064692,0.019139623014543337,0.8942613147267418,0.9574611664135622
A02,7,5,0.7974355805175204,0.10280338855044675,0.48351546666232564,0.8990976182910713,0.32949282684395187,0.2072325435086064,0.028617766243892118,0.6488120420875383,0.7730641232794583,0.07000686752062131,0.6559067643874155,0.8740195041846428,0.8283403095622057,0.10614912448508566,0.6213953678526086,0.9323104313092214,0.9004853638720764,0.059758781328794905,0.7055694159790639,0.9432770120556759
A02,7,6,0.827596349720425,0.05291388243603345,0.7139901654164488,0.8773048379188673,0.39315612333876254,0.16021172795570415,0.11535682499248241,0.6521471989997286,0.6812047282545419,0.17847834973177312,0.31499937871676653,0.9082974500719735,0.8879367477680156,0.03921416142190832,0.8248595894504457,0.9436680813915023,0.9243013761014495,0.025658002352295314,0.8655864365858658,0.9737210264962463
A02,7,7,0.7582476632562325,0.05725366282715613,0.6489907012718011,0.8500912413722578,0.11933206850603878,0.12807405812634032,0.0,0.4018459917674706,0.5260453649115765,0.24950125286982086,0.06553732521061939,0.9192047931631461,0.848569457365761,0.044139772937486915,0.7415515960924968,0.9017059218708001,0.8990537639816594,0.051908546042970356,0.7775382481032616,0.950249949212956
A02,7,8,0.726093826842076,0.0764481521130601,0.5867110618458856,0.8527742371565296,0.24961561532163906,0.17494497726219954,0.0030986873087244077,0.5049396137237385,0.5316576136662342,0.17744228858246872,0.22672394751685362,0.8020607564209575,0.8044124753917549,0.06337016158317083,0.6954315033027115,0.9112250577390547,0.9004886203033259,0.028384952567035115,0.8331693580832658,0.9433884059024858
A02,7,9,0.8173217051026344,0.03561043812604166,0.7388143179857762,0.860939448896075,0.2487070326479115,0.1764618089138588,0.044731983963286814,0.6146601990125158,0.6338368885080752,0.13737179940664834,0.29622664538820204,0.8609237863998634,0.8752275505552322,0.022973073877951625,0.8350050989237859,0.9104807670012383,0.923520143350508,0.026753059216561462,0.8701967822810718,0.9573158303029494
A02,7,10,0.7144578624506718,0.10250645234355138,0.5353560124409791,0.8535553690975363,0.2591259376362048,0.17048840558133627,0.0,0.6307792335866421,0.4937233439602219,0.32484549361471526,0.0,0.8231211680317968,0.802276760715847,0.092362803550153,0.5611516909463398,0.8879910407257295,0.924099056846296,0.04031611071898808,0.8242049193886128,0.9737726650802926
A02,7,11,0.7554560240830328,0.1013937409250095,0.5359538227199135,0.8591406075249505,0.2760243704583412,0.24660444636217485,0.0,0.6204380322024964,0.6095655547302762,0.3114142940171239,0.05200733343552417,0.8897279294010957,0.8218486929564416,0.045008682578774876,0.7269203560591715,0.8720043247532789,0.9121752015473806,0.03406253699753436,0.8175859752280168,0.9632850178748198
A02,7,12,0.7234806723418574,0.08997145529554797,0.508405704850947,0.850016099576455,0.16337212394705317,0.16297884074634628,0.0,0.4560059953362252,0.5148042925893106,0.17553269758219722,0.28750901687362945,0.8598133516819884,0.8405000202194439,0.05015048361526454,0.7556442890066226,0.9290017726631977,0.8787076833177923,0.07326592763035276,0.7376855360672915,0.9623827646009371
A02,7,13,0.7498127334935027,0.07110899622039761,0.6357529054053703,0.83151193512584,0.21731729885378717,0.1585239612827215,0.0,0.5169980768059808,0.6636891767022847,0.1762223810367374,0.23340418265885937,0.9204157514233919,0.8252555109536804,0.06667650302610918,0.7190814461849239,0.9274671536810353,0.8821976313339518,0.049338784441772233,0.7862552813981788,0.9434990114742464
A02,7,14,0.688433057193403,0.11413004155105719,0.45257737254011177,0.8688177622226249,0.12969981993573362,0.1541253282317649,0.0,0.5279408045908196,0.5248617022776381,0.2788133897332126,0.0,0.8782806543422598,0.756858765768269,0.13951833910187408,0.3778883440192929,0.8968036942799555,0.892331531656497,0.07364611290993796,0.7443540940078714,0.960462839893163
A02,7,15,0.7098290217181576,0.11942931435928865,0.470898397731719,0.8623823792270304,0.2512842691557411,0.2234815994102268,0.0,0.6577374784358642,0.6920762746219988,0.24136089702755328,0.0,0.9148824392824101,0.7793075419945359,0.08210490718242185,0.6187578307817209,0.8856351650882892,0.9169160963023457,0.04987994233159318,0.7921693363105676,0.9606716987593132
A02,7,16,0.7323367771626365,0.07528720996363457,0.5688587514632177,0.80718209960946,0.3761663808529164,0.14623648927049399,0.10757675678517517,0.5727157817389299,0.6561586541797373,0.22584146471015384,0.06845348670722015,0.9329161974460047,0.7981858477776744,0.08072360685288583,0.6145974420897019,0.9155232539522764,0.8552424450259868,0.05912860771988214,0.7518252379181163,0.9274102210147845
A02,7,17,0.5921932085918676,0.10933833467980456,0.4488687394133536,0.7431255137807115,0.2377858157009584,0.17591763104461655,0.0,0.48825265993750017,0.5828647877620567,0.24672483754645402,0.0798195190276699,0.9387763638216239,0.6227725095086761,0.19964281806657772,0.12677465568057797,0.8804760390802034,0.7905154846081518,0.11611581476800734,0.5681825585929529,0.9396772176817775
A02,7,18,0.6584921509873792,0.14011962727799712,0.3168907500427079,0.8256474876446668,0.31054049041898585,0.17484725600553375,0.004373905828019505,0.5077827427448327,0.37919224765001275,0.33433408346872906,0.0,0.8778367795975633,0.7826951032721292,0.09606969578183532,0.6029466796510948,0.9020719173962223,0.8994354930199645,0.042710406798190687,0.8054817416570046,0.9608939583785441
A02,7,19,0.7061924722122737,0.08783091400158628,0.4735807026608593,0.8304194906109307,0.3627059413208416,0.18820818891631877,0.0,0.6451156989035526,0.5599338194829279,0.2532215736133382,0.05747946052977958,0.9239801508699742,0.7938538247309453,0.08035648331710221,0.6566116899163198,0.913084350972244,0.8632833702144207,0.0939035265244728,0.5654074734883241,0.9468139626269971
A02,7,20,0.6907075129722667,0.09832910242054504,0.482322983290591,0.8033971775283298,0.11397467079140207,0.11783829571416403,0.0,0.37173924817812803,0.5326821302317358,0.26513587002873606,0.10566015762210232,0.9048168839493417,0.7766417364403763,0.04882429955131778,0.6902448644141245,0.8617948429229229,0.8679562592234207,0.06904010282091229,0.6544832285173554,0.9351499995842422
A02,7,21,0.6908205260576927,0.0897348464236395,0.5281362979790617,0.843972907484502,0.21274436621555173,0.24243831549689424,0.0,0.6747719391653406,0.6916483575789916,0.18004795087831174,0.32780004964393666,0.926774199446222,0.7623359543655585,0.0455480524301233,0.6938447140192743,0.825119055457494,0.8628390315131305,0.07912060284115131,0.6919080106591277,0.969149493855201
A02,7,22,0.6464050955249306,0.07921160102691298,0.4878395078531101,0.8080524795637036,0.2092614048660831,0.1757963747158141,0.0,0.6078423261262704,0.4709728818089324,0.267403694875192,0.09233780797958369,0.8438250960250954,0.7687628069847129,0.10080056991808102,0.5046255332887409,0.8953451893840246,0.8663048437967044,0.03638604852341407,0.7769430356218355,0.9125386937118368
A02,7,23,0.5776096176820982,0.16387063489365458,0.14031622756887566,0.7799655438361837,0.15698675639188012,0.1550936805365232,0.0,0.45255890732515525,0.4863182259451551,0.28612171075954984,0.0,0.8743617805246028,0.6574917245724593,0.1839067481992913,0.14888710642023653,0.8650579441628059,0.828384109776175,0.14687285546760154,0.43604209325026455,0.9458581073629347
A02,7,24,0.5902434893725951,0.156082214139848,0.18958718200235022,0.77439502897447,0.235853722875064,0.16822471958287824,0.0,0.6327265750511331,0.3948224945042388,0.23342250818431687,0.0,0.7084809675180584,0.7400932856830676,0.13340586683867517,0.38260289749214227,0.9006913047067414,0.8490750269498353,0.13773863514175794,0.501583562964946,0.9415457882683071
A02,7,25,0.7237282549957729,0.04850177283632627,0.6332507800224543,0.8195079192576318,0.34433923533355204,0.20917516415601198,0.043931696597870835,0.8412607767672896,0.6845001795093525,0.11905107514373454,0.43796771608108875,0.8916309608838394,0.7694625189542188,0.07877980929404267,0.654516507181232,0.8725363384329868,0.8465883480115555,0.07090675939074526,0.698710049683526,0.9460121817230279
A02,7,26,0.5810907624039633,0.12596869520394055,0.29551979160896885,0.8102527342023365,0.18399910513474943,0.14223884017918517,0.0,0.37266829378025385,0.41878738027043816,0.3389472817885914,0.0271318308797969,0.9309552119750117,0.709618100855827,0.08546310380447308,0.5476163518272527,0.8216572381842832,0.8452976175805039,0.12806800335987978,0.4420923357107282,0.9528328059635361
A02,7,27,0.5787643444835037,0.12300367528715765,0.3543159209101971,0.7476635901740055,0.1406443951937266,0.15072149189616016,0.0,0.4627955260858932,0.5151051373396857,0.1435893756369344,0.1980988185188283,0.6782387713042711,0.7191281149773503,0.0497925571671448,0.6376952149103835,0.802073914726312,0.8165407819004991,0.09567314744798798,0.6044340112145268,0.9530575048265056
A02,7,28,0.6938212474637032,0.09665202946979758,0.5525053167568846,0.8350810029716358,0.25728558921259703,0.19198928099962215,0.0,0.6271651943520071,0.6949064239087964,0.1897345734413806,0.26018725088251476,0.8806223969037132,0.7436944271373787,0.101302859955623,0.6044697525851008,0.8971877533106473,0.849579463532496,0.06927662844038476,0.7435260566654854,0.9474343806388303
A02,7,29,0.7120866850185583,0.05841887863700947,0.5917688855377478,0.7950513377525006,0.372588592411865,0.17491551886207177,0.05399339866855483,0.6345676837420803,0.5746638986814666,0.2425333389061937,0.0,0.8766174627154447,0.7662341585385227,0.11023664935833342,0.5156807469902983,0.8568307449390851,0.8498696115757426,0.13831333175059576,0.3996609667366751,0.9626186106881168
A02,7,30,0.6200297195441696,0.15230660599297913,0.31620183094635873,0.7893210229512381,0.24856470726690968,0.20880644929260847,0.0,0.530784937974797,0.556482455594728,0.22242428325014074,0.13827470785671772,0.829222108008462,0.7131906006033858,0.14407259167863803,0.41736845004996503,0.8773890379001904,0.7233007889045943,0.1773616770025285,0.2213193540577846,0.9099912031768066
A02,7,31,0.5711219894119995,0.20205704205361794,0.03304470151635427,0.7450807098548522,0.20287516152702595,0.10587068984373667,0.02694267767142752,0.39335453696120465,0.3783185700397337,0.2820661021091949,0.0,0.8538365315788106,0.7092957347102223,0.13298885228225443,0.34644468425587516,0.8595339031495735,0.780353214154777,0.18832355885797455,0.33144931485750745,0.9505279249241522
A02,7,32,0.7209278469878723,0.07296545238019554,0.6174611785056108,0.8554197679908349,0.24843856485607393,0.22987710391679236,0.0,0.6318272100090627,0.7057633414801446,0.23237690231827257,0.16576353057043303,0.9134499634943796,0.730944170389757,0.12085512300528883,0.3726164973741534,0.867242426821257,0.8661876122078839,0.04597896316731867,0.776738419609446,0.9318511260815494
A02,7,33,0.6898045760588738,0.07413676000795617,0.5631603498714223,0.8262273211463234,0.3250544170822922,0.16768471948464317,0.017471131592640275,0.6285750145699444,0.48626228046195025,0.21304492826719723,0.0955161708021823,0.7661787766201249,0.7538947952487891,0.10970615585146817,0.5692411223924781,0.8891147972978658,0.8260256565385582,0.05579973602645985,0.7239197874883353,0.9332635541550877
A02,7,34,0.7065779912591239,0.07144734521531938,0.5458133240705141,0.8089591166867552,0.3374000969012464,0.19924843892163357,0.03340686060696951,0.7225407320786247,0.6442083202341947,0.19341096539707492,0.20713406674856397,0.8966916563506536,0.7308018649735514,0.0722124303075798,0.5887434359444087,0.8557559357021894,0.8474210013529418,0.06492828552307953,0.7153551494298299,0.923629105161459
A02,7,35,0.6131148797953619,0.14991031635804566,0.2905523087689765,0.7698807789631166,0.25804485219491774,0.18918721791074913,0.0,0.5591214852560275,0.4549266785400869,0.3108103027711342,0.0,0.9225097497132159,0.7038908180006831,0.0840816347398848,0.515931913715843,0.8068565366057038,0.8530115062192861,0.06252785815884235,0.7271228900616465,0.9318371615511258
A02,7,36,0.6682279416402018,0.053832707669917955,0.6059179313134161,0.7846577115857007,0.26138783637001234,0.15465202156747193,0.005625212686897767,0.48003706731647,0.5274309756918796,0.25900820757379944,0.0,0.9019948424667444,0.7361448993331479,0.08871432900111882,0.49777855311015795,0.8384749733493508,0.8649158819123154,0.07307454064277451,0.6925239218915309,0.9384302640265941
A02,7,37,0.6844213553224548,0.07628817484514284,0.5348571155196388,0.7826504253934755,0.22812361652543742,0.16053948303022506,0.0,0.44121803367403106,0.652940146583003,0.21705194756583165,0.2369607163489989,0.9314729043679713,0.7690234437250169,0.060099081662774535,0.6806904920061457,0.8860430985895628,0.8186025349738731,0.1089597813508728,0.5855936779729228,0.9470779860812434
A02,7,38,0.6650568795885138,0.10918935861757177,0.4367102623288185,0.829235565774203,0.1114795622125443,0.13816387388861334,0.0,0.5479218381926053,0.4645082303305555,0.26575633900911766,0.008522494549440318,0.7568538832434587,0.7946818308303805,0.08505244012407445,0.6371137560046803,0.9122511511888981,0.8090320192522148,0.12299238284280326,0.5139637955643117,0.9435464833446915
A02,7,39,0.6041558877692885,0.09417431651599895,0.4872638000214962,0.7709043643097557,0.25243763390825436,0.1798196815842785,3.5621553246783275e-07,0.46808164573183875,0.43788354184795153,0.2892646113432992,0.0,0.8413816208679836,0.6677741885359291,0.09975271015835273,0.463043993001302,0.8280508911716972,0.8401102534226368,0.06944600528539216,0.6972720110154146,0.9179267845205367
A02,7,40,0.6761604029289745,0.0984956605780307,0.46282107212105367,0.8234931910175842,0.3650101987467588,0.22099856470767845,0.0008105542092497396,0.7216624981804288,0.5714515154969123,0.20298767403083734,0.03464163387581776,0.8486631279133903,0.716962315202749,0.11041336820450434,0.4840254576045945,0.8479066014559444,0.8314692737685571,0.16530049899471166,0.3493301087429674,0.9471665559292655
A02,7,41,0.6344768929748156,0.07841243632066137,0.47592969394970813,0.7353738278958335,0.3308411505803895,0.1666296736260699,0.007871623634183447,0.5161094590479773,0.471015227525077,0.21578151763704853,0.07310462442142959,0.6934582252733186,0.7201589052750896,0.07929901199094311,0.5868572260158942,0.8515844305749314,0.8576061419549941,0.0688379121594411,0.7211841294518967,0.9493714761264226
A02,7,42,0.6947580123730136,0.05712032963398756,0.5616924128709581,0.7744712280194849,0.16093350520766422,0.1718650079056335,0.0,0.46255280586627856,0.5492109384950407,0.28869471692920606,0.0,0.9289834914465785,0.8070485381816941,0.0644792095748497,0.6618131946900663,0.8933555165033059,0.8833282162001207,0.06257148261039086,0.6942423949137867,0.9423274120972698
A02,7,43,0.5580262527898103,0.11786776858835057,0.2694349203739271,0.6972588207627989,0.16725646021967175,0.14568482877359545,0.0,0.46588026148388045,0.4980868162701189,0.2408371609961389,0.12730960629329813,0.8515055333766078,0.7144228438316065,0.08751206995637806,0.5629550655860561,0.8266122761961187,0.8561014849595587,0.04720811053582558,0.7670308220466785,0.9122240102011956
A02,7,44,0.6523477355982857,0.09058036158049704,0.5091120968160537,0.8126776056580685,0.17939650763888526,0.234288180940117,0.0,0.6538359660884553,0.5557617862021298,0.274937789008726,0.0,0.8385420731621444,0.7223823630152744,0.13126407251598451,0.49574405096899865,0.8845508737714914,0.8658951646702698,0.055402190438582265,0.7969257193168956,0.9504615202865329
A02,7,45,0.5874797861508221,0.1251079813084407,0.3577125137668514,0.7297595019772134,0.2833928422203591,0.16746350642865865,0.02893993053384195,0.5208237173311797,0.5013936296934236,0.20785235732577215,0.0,0.7728220462670885,0.6826561486929686,0.07568153064094182,0.541482017028706,0.8074132175459731,0.6835283632179806,0.1923082443845512,0.1701314213331359,0.8652390960581215
A02,7,46,0.7065173167514657,0.144215405904109,0.4737522453909883,0.8848658601072786,0.17499283486350253,0.13916901339139065,0.0,0.48038493375248204,0.575914659520755,0.26035685246015794,0.07005115507392748,0.8639025657259413,0.7675679531380577,0.11971169324595898,0.5230243481054135,0.9364764269221854,0.8495693469953173,0.05021467609254686,0.7551160380326875,0.9090595949790831
A02,7,47,0.6700171760441826,0.07391643509224657,0.52053667785276,0.823039158333296,0.15381528895085506,0.1491589061812541,0.0,0.4630946719918043,0.6662292429940574,0.1825833811999208,0.27852953347156856,0.8900831738202715,0.7476337967980832,0.0862024507926587,0.5632874803772541,0.8809325571423318,0.8312361888302414,0.0969355639612296,0.5774213853237707,0.9630538348365578
A02,7,48,0.6362251907487286,0.07446729303233687,0.4947954422953988,0.7624582650187167,0.3457987913563079,0.21897951375944683,0.0,0.6295837209689683,0.46299273175201644,0.2891999327786469,0.0,0.800358950805725,0.7156602969631612,0.1012251526377654,0.583372101763221,0.846780987186181,0.8434843296510777,0.06711516517618918,0.6806842553869413,0.9130150100763968
A02,8,1,0.9098164572628361,0.02280770600246309,0.8525498688423498,0.9314691364546707,0.5479387697336936,0.13643847697590678,0.3003850337408043,0.785838419111946,0.7775837443658741,0.1447128556811877,0.4871236571733441,0.9583467473106909,0.9048998531971353,0.022765437748631934,0.8513042353584392,0.937764348397877,0.9305402586571595,0.01749298426941204,0.8807650483479883,0.9412313374246948
A02,8,2,0.917051992606444,0.01684157691280956,0.8757994778885562,0.9380103812521836,0.38372368426361203,0.14944507451176106,0.01057130215696321,0.5971261894368786,0.6805539089860534,0.15833291897225296,0.4231273061264306,0.9152326513513784,0.9269717691119667,0.013282041339161593,0.9081564818929956,0.9546522671469407,0.9297835002858897,0.01123599795802969,0.9176407061714212,0.9565779711838666
A02,8,3,0.8368414684103119,0.04351170948866384,0.7808908164776793,0.918296365599389,0.34433735591464704,0.20741653838100524,0.03375020680504121,0.8141098005597959,0.5159393377174203,0.25455083690948754,0.18054578945238312,0.8639375194329927,0.8732299232663882,0.035453881238775235,0.7904381575242667,0.9222289937743168,0.8963236570484354,0.04645966795322193,0.7815352397447379,0.9581408682432583
A02,8,4,0.7515002766483966,0.1306010809498334,0.4195305429545818,0.9151343266381684,0.2679796534933047,0.1668865221342079,0.0,0.6257756824338798,0.6100051295424873,0.2667869879771787,0.0,0.9458260349035085,0.8106577405509419,0.08025375115053321,0.6070040449749124,0.9023042785447977,0.8978927126316967,0.04358157685168539,0.8244043892776699,0.9547905080886004
A02,8,5,0.6920083834648605,0.08738436827320233,0.5751532094096853,0.8318669251797185,0.31231887907030226,0.19501657427869815,0.0,0.6149960859752746,0.4762494932164797,0.25174320522455085,0.09422429810598973,0.8826200305895027,0.7849221031158355,0.11259300174809056,0.4648986666116026,0.8765042673626559,0.8912988413794077,0.0608930567289097,0.744093273301331,0.9693349135037732
A02,8,6,0.7226748698733396,0.039204990230666106,0.6695326383138883,0.7814975629306941,0.16509132935536933,0.18561507087375392,0.0,0.5899228979373061,0.6687523321902759,0.19537109686388718,0.20136587159587174,0.9053646988293022,0.8168301734934427,0.08423498307498212,0.6545265366887466,0.9087286585353543,0.8511163327495261,0.03543771249396219,0.8003683826959572,0.9144048582840095
A02,8,7,0.7021772588687756,0.050871990927529025,0.5927150558719576,0.7939432543204867,0.2605642576827134,0.22970040041423573,0.0,0.6288840772515637,0.6071024543689009,0.24374129533600697,0.10298864894057351,0.8795481727772305,0.7911977538152665,0.058965428112205856,0.7192718952814249,0.8815823885259377,0.8230480074168547,0.07712763592267328,0.6878489055918424,0.9242124655124659
A02,8,8,0.630175178088209,0.10843267696975051,0.38891775207167417,0.801957969319624,0.15842614773491287,0.18516558384338316,0.0,0.5326823463260439,0.520806846277077,0.22040233412889712,0.20672851106054532,0.8743532694002567,0.7634148012267771,0.054129066991017556,0.6340373929603773,0.8387693533926255,0.8645380071515104,0.06738121480650396,0.6953266941099623,0.9422221273784966
A02,8,9,0.5947121935139941,0.12418133351966686,0.2961043258737437,0.7179307063567749,0.18056508961504064,0.1785431175517961,0.0,0.5210137708287236,0.5122492648156741,0.2696765662151776,0.027869783308908578,0.8417348858102446,0.7203126913811623,0.07132193846179047,0.5693713701612264,0.8121006254799025,0.8429671168634515,0.05750094850620237,0.7378229912238596,0.9371172004309342
A02,8,10,0.4697789080589559,0.15883976649253628,0.12106337697054156,0.693986455830401,0.15414957677529417,0.12440582925970038,0.0,0.4157393460540518,0.5103240375737578,0.21123065241357283,0.07167907392286381,0.8359323788754783,0.5774943275520954,0.17435222804281744,0.1368262710398646,0.7675940676873354,0.6403611218667908,0.29032010714296835,0.0759953812637201,0.8868583750236014
A02,8,11,0.4265338670605529,0.09819558822765038,0.18464471071583852,0.5448237217824452,0.197230604198499,0.19087594372534245,0.0,0.5848413351319796,0.42192287158518244,0.14152245029127983,0.1300760991818644,0.6641218576326703,0.47645097965417393,0.18476043813577583,0.07315369215387289,0.6534161689942403,0.6936907554544206,0.19222248415506218,0.05652498561165927,0.8358964774363239
A02,8,12,0.3229993455906798,0.17515054721229867,0.026043068249823227,0.626603177854789,0.2547830776530378,0.19317419149981116,0.01283607555250905,0.5901665144128568,0.2686217904476022,0.23132954594580096,0.005643189617083623,0.6638037440234358,0.44557728704056276,0.13090845061875875,0.2056786367100866,0.6510727459729605,0.5079612652443618,0.33161083439701505,0.0,0.8640068251686052
A02,8,13,0.49740414039967806,0.16189395332490836,0.2814778068967364,0.7443248792424969,0.3316674830189252,0.16566495489338282,0.0301625539269365,0.5758357619120515,0.7556527814220243,0.12450599292432393,0.5028548575906088,0.9355932928710232,0.3190086213284062,0.15800210472406256,9.403125712126315e-05,0.5615544323242458,0.39620830779773875,0.3438527313045569,0.0,0.8576112912587145
A02,8,14,0.3228616042856164,0.26417505582267675,0.0,0.6740567518622288,0.15605365497801502,0.17157779918547877,0.0,0.5756077523440002,0.5959819589273097,0.27706444406352704,0.05950946563063913,0.918759633214138,0.2806697278968937,0.1808853396780691,0.015056540219828227,0.5473520842699034,0.21871445789142416,0.21951289279962258,0.0,0.6568104169418648
A02,8,15,0.24890226159335083,0.23789683673662074,0.0,0.6345570690634209,0.23158682501388606,0.1807009445945774,0.0,0.5341668880274337,0.41174416022013116,0.3374233368691592,0.0,0.8822515836515592,0.11832304907942559,0.10889841144830383,0.0,0.361800916820785,0.08487150372147956,0.11584543293867379,0.0,0.3326345663900046
A02,8,16,0.393867636611221,0.13932984650682026,0.0036716055103587853,0.590473066829689,0.223460649978978,0.17071936275281102,0.006608894050627463,0.5370133238239255,0.5919528138964153,0.20611081847164867,0.06528833826547628,0.832673652681623,0.33019591955575944,0.16464111175696547,0.0,0.5307553490890987,0.36255136280582617,0.2915108331726468,0.0,0.8028165763230523
A02,8,17,0.35431107424865105,0.1772545747525485,0.06255368079525192,0.6512174726656055,0.2524557782009907,0.19940879235936734,0.0,0.5835284436941551,0.569077379892634,0.26512135665575165,0.0,0.922219038843239,0.25304316943350336,0.13618003589179303,0.09525575478788581,0.4889761244090004,0.3968642249372844,0.26873259422051066,0.0,0.7113486232171838
A02,8,18,0.26332330609597926,0.2053160180033,0.0,0.63614435821849,0.10731347726102644,0.1473169125181881,0.0,0.38388910512232155,0.40606862243497854,0.2909980522004836,0.020622070473331183,0.8443782051392049,0.37752582222152653,0.16455320113525054,0.08590508054998648,0.7228582758126773,0.22954939355049653,0.20918661480484102,0.0,0.6623926852561085
A02,8,19,0.300599079491127,0.19303790193155804,0.0328927022407867,0.6078626951910594,0.21941595898661126,0.22709026403473542,0.0,0.5912830432371835,0.4042761779295369,0.27676147103173765,0.01505762005425572,0.801398403672804,0.24777287650706759,0.18003186058382456,0.0,0.6105865125172377,0.17828002123213824,0.2510164978576439,0.0,0.7203452878320015
A02,8,20,0.28099437703758634,0.1422805730072362,0.01914684503388212,0.47512592359276373,0.18826340406608233,0.23341384326412656,0.0,0.6915398426120892,0.539357655648694,0.229205924302528,0.10680852911549062,0.8344537350110458,0.2209870506246797,0.16322224115467374,0.0,0.4575982129435933,0.12738656286287464,0.13234629298597084,0.0,0.36937631501617646
A02,8,21,0.3398191405139182,0.19012217517160762,0.052974014642377956,0.6639916858984041,0.21596083754590287,0.1828513046423093,0.0,0.5622659119937112,0.5002827611840721,0.2743918062575674,0.0,0.8518138365835002,0.3694371074964445,0.11213121991529792,0.14210019428769372,0.5505639868201045,0.4335853524209966,0.3004821493403937,0.002470214422211498,0.835439800191324
A02,8,22,0.38519681542157896,0.24860589340920286,0.0,0.7298262949605748,0.2424173349794919,0.18042681456222398,0.0,0.49463002183665733,0.5196488541351353,0.32566251945139807,0.06579392482347671,0.8568733837177923,0.346526058523436,0.2585210731143644,0.0,0.7126850466821988,0.34086206023220966,0.29794034591571184,0.0,0.7492237518295305
A02,8,23,0.3433045761427939,0.18989319205006386,0.041544588794076694,0.6558459975026371,0.24081397140239524,0.18987246334348457,0.020446076046010675,0.6247889132060801,0.47398022475200363,0.2341032778511514,0.13693468623190705,0.8503779171461664,0.2615650263057664,0.15917539354821267,0.026505169449150618,0.521655002254145,0.09015049171098516,0.11630463034493305,0.0,0.4075302638753584
A02,8,24,0.33615442900574527,0.1479485639352503,0.058744429261150866,0.5680659129867992,0.2719847442756832,0.16769328470736383,0.0017318369729302705,0.56562033751207,0.35185217333749924,0.29888073473916127,0.0,0.7859102215023438,0.32811452056866747,0.198768603142611,0.016307035211741545,0.6536694984968446,0.39562729130545893,0.2191916646176099,0.03761077529728385,0.7240321087573945
A02,8,25,0.333045486122154,0.16971589261969483,0.0,0.5604771872848696,0.2436059178107128,0.19253325838412863,0.0,0.5572046912757472,0.4739154611129694,0.2667581984178658,0.0,0.7813539676054501,0.3286706029005213,0.2170236574127685,0.023357092300097353,0.6415658547682952,0.27269862348308166,0.26747721285873943,0.0,0.798571486683444
A02,8,26,0.26981676957013856,0.14495491610740113,0.04776069355806735,0.6085732207741371,0.1815251469407275,0.1390775191984236,0.0,0.3916958619518384,0.4553009261548648,0.24922310256454336,0.036062609634098686,0.8168579319791179,0.16391327288103327,0.1578928001440404,0.004502057151634257,0.41497600422783015,0.27763571632762213,0.2691418338625786,0.0,0.757765132333945
A02,8,27,0.27059752393024367,0.15687921627482015,0.0853657419728746,0.6220693466484083,0.26706512918323155,0.18698311915245103,0.024198768814112457,0.5754186558344682,0.4290377233876163,0.25309401827003813,0.0,0.8001743948766192,0.18204403640436165,0.13278948788309086,0.00672282028622078,0.5255127594985325,0.14115837529082573,0.1948260227500055,0.0,0.5334555567545328
A02,8,28,0.30525058458348747,0.18597000832490676,0.0,0.573763641959272,0.25351935546817506,0.2203160517475301,0.0,0.5715282343838106,0.4229503962076428,0.2599742413711966,0.0036004547346648757,0.797929622379867,0.2745034244777038,0.17964470786793688,0.0,0.5674366331695907,0.27631773335270843,0.25809457830705984,0.0,0.7252448338852113
A02,8,29,0.32870292444194665,0.216771669307298,0.03091902841373349,0.6978167983472886,0.2539890922434464,0.20324542036455032,0.0,0.5810655060499703,0.49458095334997637,0.23337781568368815,0.1628598485643297,0.8593267930604007,0.1958908460975979,0.12245420985363008,0.0038490591613798025,0.4193475250478205,0.3371829906587429,0.2639381841922048,0.0,0.6692900223309505
A02,8,30,0.35124921516909885,0.20156957670219583,0.0,0.6002898226010899,0.2090203979717146,0.20545294770556163,0.0,0.5176668728553532,0.525188095204703,0.2588582479672501,0.021075592984499476,0.7882757003663382,0.28092342299276135,0.11250965982353668,0.12208132782508384,0.4238718735919501,0.3545064775462333,0.30218930175714964,0.0,0.7754018412846995
A02,8,31,0.22961896972850976,0.11864280102528259,0.0,0.47922083525938614,0.14544045805821362,0.11372027016657066,0.0,0.33897534507427424,0.529986487985846,0.2555975606701779,0.10428333944259845,0.8179200246308965,0.1605071058372047,0.12926334010314783,0.0,0.43399155396840683,0.20181630126432817,0.22000921034086673,0.0,0.5707145994762337
A02,8,32,0.408740842200728,0.16152701709602232,0.049626223436791204,0.6585004922796428,0.2804498612111094,0.18768352242605688,0.0,0.5747587526156945,0.6779441411378541,0.16723349672838622,0.3544705853445826,0.9270501519931765,0.22638586299588656,0.114267646491912,0.0,0.34970666411913476,0.08775024781841355,0.08046812941442494,0.0,0.21965124937854208
A02,8,33,0.2506011209532391,0.12860615318857024,0.03102220888222253,0.47729620586209515,0.17815978115314113,0.2002603242099179,0.0,0.5966625799264003,0.45867247925111926,0.2926690623912927,0.05264712913778115,0.8311734241561572,0.1805870298167222,0.20648182586134303,0.0,0.5638169763053208,0.03568953950526035,0.04957535575228125,0.0,0.1163325816522768
A02,8,34,0.36520717604000347,0.1573391663295476,0.10473655338951825,0.6173727960423206,0.301441247708687,0.15104494966414878,0.0,0.5866407309777639,0.5504168806419806,0.26884620722989644,0.07814639133185523,0.8714979965616371,0.30250759990831255,0.1906735698927284,0.0,0.6020133738645307,0.09298026594251954,0.16682021083483778,0.0,0.6649592054969188
A02,8,35,0.36574435452765547,0.1901413494771017,0.021616851219569022,0.6588846219105122,0.3022421213785498,0.12563928093322912,0.0,0.49910956373206394,0.5722190988671996,0.2518080503041473,0.09296447525806632,0.8581624603858009,0.21723523771950834,0.1761231562912027,0.0,0.5280618380252686,0.24622943731016908,0.24856820963934873,0.0,0.7574357398289926
A02,8,36,0.3048386897417246,0.15694070005402216,0.054026650882518235,0.5180068548651758,0.10804262285216197,0.1298338495057899,0.0,0.4478641395538972,0.6390687075053345,0.09780060336179289,0.4538595947873803,0.8028029376279621,0.3332778337939489,0.1820229993899916,0.05871791305100216,0.5815753760951399,0.16937957662618167,0.15604477806416148,0.0,0.5933538010465929
A02,8,37,0.3919316308224094,0.1576853943135062,0.08775110440634744,0.715580243822109,0.366287189524491,0.15520479306759952,0.08186960914328004,0.5510605032311642,0.6101321773247983,0.1954202924148437,0.14090824144787303,0.8060858926382329,0.2226640465437608,0.17812775133059613,0.0,0.4747658777999141,0.28144907843157063,0.2633928269471981,0.0,0.795895907471081
A02,8,38,0.29784380591662507,0.20227013771384855,0.0,0.6356988879714099,0.3598792995786672,0.17460064402048006,0.0542231139739411,0.7041002103841726,0.4241245977632605,0.28285684683399487,0.028011674034625487,0.816136207438991,0.16212112832313874,0.16363056844963156,0.0,0.4408956687372531,0.09683199986065046,0.17213609958097226,0.0,0.5444622587260453
A02,8,40,0.2785399723802753,0.17119857440790393,0.027546725040540992,0.5250229132251125,0.21129900495897586,0.1479680778305102,0.04270081066156593,0.5388223373020401,0.49565196145415663,0.19375063681514676,0.207058122048393,0.8780615055330588,0.2115258820825676,0.18478155698904228,0.0,0.5272100503090612,0.09479490378277303,0.08976395946576923,0.0,0.2413242983960422
A02,8,41,0.21823663714695482,0.19071422340464347,0.0,0.5798055293695833,0.19900043674591825,0.21940900166088845,0.0,0.7052715349774513,0.4228237130254328,0.29059104631075494,0.0,0.8465411074381126,0.1484845803294222,0.1491047770244211,0.0,0.4187189325959532,0.17106344952774513,0.20130577647694775,0.0,0.5582069695677794
A02,8,42,0.2661568198854881,0.2005849023426549,0.0,0.592652216632758,0.2745918213856712,0.20609360492144,0.0,0.6243431665029952,0.4120626472651524,0.24900799215770125,0.0,0.8511802137629799,0.1919951975330533,0.16185058606869648,0.0,0.4442215580404925,0.3592118563203541,0.22933042454603011,0.0,0.6794985855257369
A02,8,43,0.2771018340023401,0.1939420884585415,0.0,0.5424837754270808,0.17119072845408578,0.22338863575234974,0.0,0.6906038123875964,0.4679282537240269,0.2200148679210795,0.041823776092557226,0.8556486639320224,0.2115307262222976,0.17840762470371122,0.0,0.44370103959842583,0.39817084385754326,0.315514891934887,0.0,0.8235375458140796
A02,8,44,0.21183704374372866,0.13402848011279658,0.0,0.39380532289326753,0.250625450308833,0.08841348216428656,0.14525034048629357,0.41133639313650344,0.2846361715768199,0.1942651535818302,0.0,0.6753092391864447,0.19338212336688193,0.1723050394212441,0.0,0.4710301445321524,0.1194865245072265,0.21979670140251087,0.0,0.621951681736899
A02,8,45,0.46468164063216727,0.1346007692061332,0.21900333965546284,0.6526442825888046,0.39093950364291774,0.20853233105577587,0.025993842552344732,0.6373452261697246,0.6832143008859319,0.20221305760350924,0.2748340207797893,0.9028315502068257,0.239670817347691,0.15343846361854122,0.0,0.4839261501714302,0.2716153943559483,0.22146805675633557,0.0,0.6738722653365823
A02,8,46,0.28771773134360734,0.20165575979811134,0.0,0.5136794863169974,0.19404613900709194,0.16452709793353879,0.0,0.6553729476657953,0.5675409106483116,0.3265222066853475,0.0,0.8641230751728185,0.1623904809185379,0.17916867159280145,0.0,0.5398369302861622,0.1678973780612969,0.29305334496164354,0.0,0.8234529188516234
A02,8,47,0.2973349043342396,0.12493740704109982,0.12587017997587305,0.49594001400575677,0.11416711807464404,0.1264783787154653,0.0,0.32457300404149053,0.4314137937090717,0.25474574644266174,0.043406898997544685,0.7983019080451561,0.3088706835429951,0.17104221849927045,0.02917363335837034,0.6066322871581712,0.2999550722499698,0.22671777764737963,0.0,0.6150141268001592
A02,8,48,0.36941176150850435,0.14660325516434114,0.06833206286816447,0.6502185366118348,0.2312392932302421,0.18082281240803044,0.0,0.5869499487576038,0.579156097857368,0.21022589944468584,0.15629670389639452,0.8997087511390846,0.2151808257746435,0.21503833362894328,0.0,0.6444134132277549,0.1381527685965345,0.11125487955189645,0.0,0.2850385442792803
A03,3,1,0.3628301391943179,0.1786140625557375,0.06339008334576102,0.6581015445055723,0.05024471036945062,0.08166388340986012,0.0,0.2654816883796548,0.17924367095267962,0.14668233003987044,0.0,0.5134397324502407,0.5713650605809325,0.21328208073338895,0.0620163501026953,0.7361637867996425,0.7090478731145129,0.26498536428085595,0.0563914753004963,0.9116114031882886
A03,3,2,0.5684896501533607,0.09905647498289605,0.45246677129599355,0.7543808561763415,0.2333112267485626,0.20735636256741943,0.0,0.5469930939165722,0.3256409185854066,0.15440064198615877,0.036385899659932046,0.5314192746846339,0.7313167032632081,0.1169177396975005,0.45776077904295953,0.8458439089690818,0.7664595081183406,0.10640918042105815,0.5701254953207997,0.9403963314436139
A03,3,4,0.5375184711136001,0.16499233197830618,0.09070146752808436,0.7386928966472739,0.30788736297114266,0.2189201582553352,0.0,0.7285837613429538,0.22401233393416872,0.19661480170366066,0.0,0.6542183667448365,0.7117251016828969,0.181263604535292,0.2197598886778229,0.884266146190092,0.7173100720698409,0.11977240677726873,0.4908386847449475,0.892717477842015
A03,3,5,0.470027192771923,0.16381278525091758,0.05891910345863559,0.6639012668419136,0.2361128088481789,0.20592877634763268,0.0,0.5954917297302748,0.23255590763915107,0.1577570961119329,0.0,0.44953797130730627,0.6465834820607882,0.09533217936397172,0.41893999113527025,0.7893196486089955,0.6703863615819786,0.21825689750207497,0.1315419930428085,0.9041818908637351
A03,3,6,0.5049279454175292,0.07772369746822035,0.3984795589004762,0.658606286131971,0.24375888149103045,0.1589537431924975,0.010905586648059342,0.4790677493081067,0.25779134552704464,0.16254420149623588,0.037562073821698946,0.5085264515411042,0.7323308476191515,0.101261876422928,0.47696080721170014,0.8846175447661093,0.566291199876023,0.11526678070596813,0.32074495115175533,0.7616306254579026
A03,3,7,0.36836901994623383,0.1762019730389674,0.012067850472830512,0.5852878197412297,0.21420148453995427,0.19356660407058796,0.0,0.6634015574333019,0.26014953671629854,0.18097315037362946,0.0,0.5200014963384736,0.6072955116653987,0.142713248027322,0.3733523274746457,0.811393138409584,0.5955558584764431,0.20447422605957316,0.12383675230626585,0.8942971260823427
A03,3,8,0.3664450375789535,0.16621780156571275,0.048626160838370756,0.5829635329331911,0.11445416021016395,0.09077324319112252,0.0,0.30575772012600505,0.17174595045561697,0.149801991269787,0.0,0.5292983990642697,0.6364929075294409,0.1486471467459774,0.20922146942590197,0.7868954979322746,0.6434710756553733,0.25086526478067067,0.05081879805267364,0.8956091084985032
A03,3,9,0.47882369428369653,0.14221422724530045,0.20377194203631913,0.6813546639601872,0.23291687423243732,0.14918122153431712,0.0,0.4195581323342351,0.20702293330621258,0.1335979711557916,0.027546592345574137,0.4197939942134756,0.7324101788542846,0.05941147172120481,0.5818736418449084,0.8271166087006955,0.6464832626110382,0.2430718032255045,0.15695050865572874,0.8983861659682509
A03,3,10,0.47578319778452877,0.14432934193405442,0.13314003488261225,0.709528879836853,0.24876537743982097,0.19373338414303554,0.017743366741534632,0.6462899183078665,0.34254754069139165,0.11688848264750791,0.13704607952624817,0.5757005474306544,0.6743764721393447,0.1477381817244451,0.4741073987976118,0.876291585227877,0.7654249146256245,0.16445184666170265,0.2865796593020965,0.9322805001676285
A03,3,12,0.49433654523535087,0.119411209340906,0.2716271145287193,0.6523965597953859,0.25592304220821716,0.20595141694868505,0.015499416276798279,0.670233353599231,0.2712918296168094,0.150324360555655,0.024563933786945595,0.5729241647842321,0.7313835268838484,0.11935869344982755,0.4006756836542749,0.8817807069505937,0.7038627647988769,0.21920501954995486,0.16675024071420103,0.9084640198000142
A03,3,13,0.40873969284746486,0.11687163050387718,0.151601074578001,0.5864393098551451,0.22435005878879621,0.1379169934503103,0.016817971315869325,0.4672940620167358,0.1817809001175571,0.14720835000596336,0.005475106857424361,0.48406288198579045,0.68949153112904,0.133003939302681,0.3061923700919134,0.8357396275533099,0.5729396937984376,0.29425066383310367,0.03266540753780251,0.8594235049560716
A03,3,14,0.5284392900165964,0.15426431274219304,0.22783581791457594,0.7042193692119304,0.2889756174433845,0.18458707856994644,0.0,0.6026364660433288,0.13888415808167748,0.16784055225109032,0.0,0.5539206479544124,0.7321124219267773,0.11714131962388298,0.4172566543335619,0.8518905948358559,0.6984067564412395,0.1625970519862196,0.42985128990846405,0.8927279458527791
A03,3,15,0.34695571115289986,0.12553681985854265,0.1253038072486855,0.48386669305648117,0.24656939420807308,0.17965824860153065,0.0,0.515853533428064,0.1710721072771312,0.10997108453804372,0.0006256919595455061,0.34074114716077863,0.6712535856136554,0.12067031694101421,0.3608121135566366,0.8151625323096459,0.6981858596209755,0.10957619093752802,0.3819499303479274,0.8105432207140149
A03,3,16,0.3734433735538804,0.1507262353093375,0.08817957441821046,0.5513310490351544,0.09649312477368734,0.10802299884194277,0.0,0.3309862582634045,0.19924117113007236,0.13787743172630967,0.030263884649762245,0.41524290545693854,0.6997030662268485,0.10893862350581308,0.501397836650072,0.8570363097972145,0.7594757532621622,0.1146954986532061,0.4867537609547036,0.8888521556345436
A03,3,17,0.41735679597412617,0.13532356613457774,0.20421133911788963,0.6465710604652983,0.307186976694432,0.2074408909954657,0.0,0.6018636902288196,0.15700075028221458,0.10364731716364045,0.0,0.31894668627072725,0.6647413565519863,0.1411679576199162,0.26224693394119825,0.8157893782750472,0.7798897756939123,0.1660568187052659,0.28288169905666566,0.9333004742802291
A03,3,18,0.4714295594402809,0.09815762178231213,0.31602367915552815,0.6712645851726856,0.24259736398635426,0.14128957456538294,0.0314364993705243,0.47024201694734463,0.3209053778051018,0.10100690584394391,0.11077107186183568,0.510323822555242,0.6802691827324296,0.10254748031980347,0.4794605652140213,0.8344479402398507,0.6719494086129479,0.16143036250130716,0.3875033946370476,0.8876757986862625
A03,3,19,0.44885476936206137,0.1411451073205008,0.25022815534615883,0.6499412891210626,0.11580139117971659,0.10576464036579217,0.0,0.3543292565108187,0.24338641211169085,0.13795051083792575,0.000534496793904953,0.45584933062089605,0.6937633030824625,0.16233512596072777,0.19054455931400502,0.8360419848394894,0.8017009354588601,0.06626407811033562,0.6116945610120114,0.8962476230967759
A03,3,20,0.4182533108520848,0.1959557871756169,0.10481679976863671,0.7357732467547909,0.16291325708278623,0.1903802854862601,0.0,0.5369206709971291,0.1707363234116632,0.10441740247172247,0.014708500380527243,0.3657590484041565,0.6807751022508483,0.14570224817265723,0.4173772672352269,0.870232826779733,0.738615078381179,0.19501151522585625,0.197185624674559,0.9446036004271507
A03,3,21,0.4753488408930862,0.1428724428440478,0.18271003288244603,0.697338793156578,0.2465376327718203,0.23228373611425535,0.0,0.6717160936696772,0.37335680155085077,0.10269797995163217,0.12288579053441799,0.5356637299060879,0.7056245993648711,0.08733009088833044,0.4608108089359206,0.8293816701971312,0.7801386177463736,0.10522155046655161,0.5137659627536154,0.8943583273300505
A03,3,22,0.5005254744740467,0.15683322269213462,0.23264375631229334,0.6871615265364033,0.15777644182985895,0.16216965056062752,0.0,0.4831104112321857,0.19601807411507854,0.15258646299600478,0.02362482555286841,0.4571892194661226,0.710898198028739,0.16687048185660613,0.387761466888811,0.8750067300259206,0.8036714046436306,0.10928062100284174,0.5802926856449931,0.9387273629517712
A03,3,23,0.4413938254624708,0.17336025340827863,0.05366884379386995,0.7003529957137463,0.37768525173714124,0.19714629319201404,0.062436947372747666,0.7599418507678898,0.2536508976371788,0.18583732865844949,0.0,0.6130248023580515,0.6127665993512138,0.12382420648163152,0.3960473748509986,0.8176687598367659,0.804691254346371,0.19472214500767634,0.18081868639228477,0.92417566113307
A03,3,24,0.47131095083771596,0.08739409873352952,0.3581445612598099,0.6416737985728422,0.19198424255993443,0.1516973010281578,0.009410968510798923,0.47110013013872937,0.40034387390523396,0.12008273052115936,0.17371470062101155,0.5775236073466343,0.6642239502743802,0.12750747087389602,0.28011570391288465,0.7939775669981289,0.7358828467512262,0.12367269530052878,0.3702582070840406,0.8507673754116699
A03,3,25,0.4411866491644358,0.15409259666168532,0.1143542557889031,0.6799291600129609,0.28333791327347785,0.16934863662587663,0.008559097586157392,0.5328812472339138,0.13565678600635406,0.12102144581489854,0.0,0.38380256033799814,0.6311469504173765,0.1610336558594035,0.3496122756619259,0.8203526550704163,0.7351222365114852,0.12101868859454756,0.46187139763950746,0.8712860440338395
A03,3,26,0.31937088684993153,0.13100935126033111,0.10955727860921442,0.5256925084557419,0.132933679436176,0.1665508160704506,0.0,0.4176810706612102,0.15381588872708327,0.12874793092268594,0.0,0.33706781060698315,0.6146535491847233,0.12608144075876002,0.3395724391297134,0.7585274820487232,0.6924779233361261,0.15572077000998025,0.30960146794866616,0.880363091090979
A03,3,27,0.5151676602302053,0.09694682423331764,0.3453876591902324,0.690874550872231,0.1947967891312944,0.19314343850530624,0.0,0.48854677401195346,0.27251368354203503,0.17241744285115246,0.010025714574663867,0.5534383627589227,0.6984405979418322,0.08052397091576868,0.4909874122913539,0.8061837402430951,0.820175807305705,0.06496043083053644,0.6804131817048482,0.9076055664845664
A03,3,28,0.4223001205504628,0.15271185022305697,0.10025673615120274,0.6387014787304175,0.1935468276702319,0.12948632403386617,0.0,0.41604985084308865,0.2605791732371552,0.11313558326996397,0.09035657403232777,0.48778709911079954,0.6296891711814744,0.12713325019533528,0.44114232603669684,0.7959234719924059,0.803276178431656,0.059219454578952904,0.7223586579782069,0.930265733641931
A03,3,29,0.5412736674341677,0.09264240080470866,0.4107707779921528,0.709076521166353,0.30734487367480057,0.19142447809766883,0.0,0.647740804874586,0.30281934797208954,0.16707748892636315,0.003091382264770237,0.5222466360439537,0.7088707025459303,0.09448784859012177,0.5671453292887295,0.8517076974532823,0.7505609479850354,0.1625234764724892,0.27789133365980867,0.925818219547509
A03,3,30,0.4628701345787334,0.13313937538171491,0.19620309188481913,0.6222911912885871,0.26143160609101873,0.1524607084143036,0.0,0.5536315190711901,0.226150014869298,0.15181804269138527,0.004670892853897942,0.5059498400687464,0.7167460703069728,0.07477455630973819,0.5892308337221813,0.8330267629531704,0.6701458258891753,0.2082204118883676,0.23326495176159653,0.8783907123214431
A03,3,31,0.32796345443553926,0.1717626887552587,0.06849605666184973,0.6098411319379542,0.0568662049861331,0.07830628862375559,0.0,0.2653765067193228,0.23059348487241962,0.09543593921475915,0.0,0.3683429900417493,0.61621299282281,0.14347031596669013,0.39411941333869305,0.8359291373371814,0.703957874257888,0.16171799945349546,0.3311291379659777,0.9353797429677473
A03,3,32,0.45177586116616314,0.1514457141190804,0.24129452424529285,0.7458809999850092,0.3080656891776011,0.23428745238361556,0.0,0.6958601772551803,0.19495451750266904,0.11264453885518799,0.03608818362331596,0.4418860316111443,0.647145441432055,0.1647195845040242,0.3205287318486785,0.9119051354923444,0.7873120203631243,0.09499952883078548,0.647536747646904,0.9053508504507496
A03,3,33,0.4377161922915517,0.21701427793284603,0.0,0.707438221234902,0.19791678961813117,0.174991928311036,0.0,0.5139123681441096,0.24788662255301766,0.19478648739732451,0.0,0.52052767132342,0.6752227156444469,0.11015430021567653,0.43246948101456445,0.8731839033793509,0.7599003335311084,0.08633499678381142,0.547922766964754,0.8634728455934427
A03,3,34,0.3813280530061896,0.1397603428469324,0.16291241385029723,0.582218291941038,0.06188892437504288,0.09263322632111715,0.0,0.2838294922770777,0.3128727998822324,0.18796585025520302,0.026760245214280016,0.6076232818497562,0.6453699575371148,0.18941272988269506,0.10185608333853877,0.8191079240756848,0.6889611083434984,0.14455192337619244,0.3982913664568368,0.88325786979792
A03,3,35,0.3957019744213889,0.07211605267945992,0.2668897473673579,0.5196751560971972,0.22775255318168622,0.18957776637394425,0.002606438529987955,0.7021900184642167,0.19898044993323935,0.08101975181129067,0.0906626597945844,0.3391598624198035,0.61865319966047,0.19770263970415725,0.24689587293129175,0.8357187756625455,0.7488810986626608,0.13609065120629207,0.3892616171064313,0.9222048007701662
A03,3,36,0.4906632657402909,0.15645770358956915,0.10488884754883239,0.7222388883993146,0.24208464668620172,0.22005786666391122,0.0,0.5820028891002575,0.25475304085770983,0.14140222791139564,0.0028613595524570007,0.4545305270026308,0.6884526089729484,0.09184140732961195,0.5238122647916763,0.8635545206984763,0.781856080961654,0.08564585623392454,0.5936039541986057,0.9034519470281456
A03,3,37,0.39788004303237845,0.17944636635632308,0.09475953863775965,0.665546163527323,0.20550730217588475,0.16752384314698252,0.0,0.45709968240269155,0.25237358586168834,0.21522689068498474,0.0,0.5565652757948423,0.6590858457371698,0.14946316023482673,0.4359352412156868,0.8645914142637914,0.7990734488963418,0.090501711100197,0.6353479915720153,0.8858842158524931
A03,3,38,0.2938936373590406,0.13818300377995532,0.05011143552765888,0.5082868098532134,0.17371929735067645,0.18459444382163162,0.0,0.5252621096229676,0.11944834459258834,0.11996541986548946,0.0,0.4093469215813893,0.6025334510376363,0.08576553516650537,0.41659842029841626,0.7027018203107102,0.6777145799234922,0.13059464282851224,0.459634034845121,0.9081163096821037
A03,3,39,0.42736270844885627,0.1821244335681584,0.046697798982705575,0.6681614327956243,0.15995305495219225,0.15058388714896415,0.0,0.41518995454535185,0.21281148492030694,0.1760363730782494,0.019674304823258697,0.5724990595578501,0.6882340396534444,0.10529473214764633,0.5089915192054085,0.8382331856171872,0.6966119365737169,0.15598857098588403,0.40514211448003107,0.8558771011077674
A03,3,40,0.41643133406697147,0.11278141473941866,0.2363596659191647,0.6036413602069167,0.21777261926029662,0.1652755047295301,0.0,0.5813465774701274,0.26984653583118995,0.11649134811267671,0.07990996651750916,0.41891864617970714,0.5718505238895151,0.1423333196859485,0.3266668917090156,0.7648072545628779,0.8037456011640726,0.07535871928265644,0.6125861549812875,0.8985247713166934
A03,3,41,0.3872616177944723,0.1308278168193111,0.21355789931912053,0.6016009421242016,0.24425691530826582,0.1447595252378055,0.01968147557389997,0.48260962451640177,0.1501782942895876,0.17075956756471067,0.008994372458693722,0.5061346890656016,0.57533407321831,0.12018653017261649,0.29910949325262093,0.7207909647955653,0.6958152255224467,0.1319353203729143,0.38895409565901173,0.8620128847672666
A03,3,42,0.35681106076852964,0.20792123091247555,0.029361298585290733,0.701504427571828,0.23594751406795816,0.17796720493511858,0.0,0.510789267928634,0.16075200911192322,0.20185603792933046,0.0,0.5848152588758883,0.6439692379019071,0.0737204457212291,0.5396829980436226,0.778678608834426,0.7299915000263323,0.18744668756397845,0.2759581732300385,0.908475736266891
A03,3,43,0.3749898812495613,0.12163140631088473,0.1468124013340886,0.5602748272264492,0.23699608776726203,0.15936631334867873,0.04505467029861042,0.5135761557925504,0.21450016936998897,0.1565688063523629,0.0063758821912589525,0.53725041782147,0.6674511190639042,0.08889856612770675,0.5013660046925139,0.8177005372233382,0.6843434399015449,0.13142608862024968,0.335350720834583,0.8680559731625312
A03,3,44,0.2868988090824275,0.15149626499570937,0.056179527878513325,0.4906809752253699,0.17553981138328384,0.197302852765099,0.0,0.5389124289753353,0.18401203549878628,0.10943620485114589,0.0037805363644569817,0.38953807727192247,0.6223119098368777,0.10399051748868678,0.4232878846079027,0.8159592948428175,0.663426567458577,0.2437287303023728,0.14612270912763778,0.9297424541477761
A03,3,45,0.30544216624680914,0.15471100589907577,0.012485506266671728,0.5632012486931908,0.26302721809450763,0.18300790787139848,0.0,0.6445165798155216,0.13511992018225014,0.16467068213306046,0.0,0.42825448780537945,0.6388266157608936,0.12028389554365229,0.26122841706220634,0.8199709907698571,0.6753120616318912,0.08168083683553577,0.48606631132602823,0.7504263121487857
A03,3,46,0.36787450760784013,0.11760389370111246,0.10933197466536222,0.5629042839354936,0.19292304518726108,0.1418591071342269,0.011263369031507027,0.4044969573856295,0.17994297894822975,0.1340065131205616,0.0,0.4880013995864755,0.5843541512855482,0.12377930939107891,0.3518854756787226,0.7861512280126732,0.7518034851981089,0.1259649402209444,0.4478956203912592,0.8741969129360107
A03,3,47,0.3134223023191452,0.1583220483898078,0.07519982433086667,0.5450518075787979,0.16738646011778707,0.18121967674665718,0.0,0.5006955790198495,0.17571117074246453,0.13856074467492707,0.017374821112888603,0.4126642819952198,0.5608740325454354,0.20308582531484484,0.1684669435267591,0.8029708948055585,0.646190949888145,0.1520864456942846,0.24094558826836046,0.7981731292422839
A03,3,48,0.3571470651552999,0.09715471562997705,0.20811332006939812,0.553285741627545,0.2685603252027807,0.16069067305705984,0.051841276215158695,0.512608998717149,0.13335423166484123,0.11527407608414222,0.0,0.35315464836926475,0.6039784036886142,0.18230954210676734,0.3013113953816245,0.8567397612321414,0.7532729099070635,0.09966298677169333,0.4991875168380996,0.8559783258151786
A03,4,1,0.214172684137816,0.11708161812790402,0.039294538598447795,0.39414105858686943,0.17805238005882365,0.20221680513473145,0.0,0.6124001980733179,0.17835177976183597,0.1541999962226443,0.012226882656806983,0.5395390096694255,0.35889119777385636,0.1965006537136532,0.0,0.60790462473236,0.4330269506621492,0.24133709536537468,0.0,0.797975555544754
A03,4,2,0.19604645350615715,0.11775745023022334,0.0,0.363885335409958,0.16252694536876625,0.16381449972975293,0.0,0.4817417734738902,0.16715844736239188,0.1391830352767041,0.0,0.43792756425758883,0.31524764111081677,0.1670287352481629,0.0,0.5659188176871404,0.4163457699645539,0.23578022667577994,0.0034700030589876712,0.7113361465767414
A03,4,3,0.28934493968733105,0.13381078875889252,0.045851166216108394,0.5002064133318331,0.20023129857735147,0.17114087269709824,0.0,0.5570323987541859,0.33374669484410596,0.2203326383483341,0.011135149917422118,0.6440959643753753,0.40624757323509825,0.20684931211473181,0.019482130538665352,0.5989228880426284,0.31739186623671406,0.2392149423087926,0.0,0.6887668978012013
A03,4,4,0.20883527910478816,0.1646017579431277,0.0004897039712208657,0.5249112283893677,0.12633253573491302,0.11212934860254452,0.0,0.4577896915318143,0.2408878401068283,0.17110956537700697,0.006319554946449567,0.5165983737368128,0.457269674474534,0.09722228203595497,0.293714813434605,0.6495910159639726,0.3358128012388865,0.18193105522819972,0.007660646530276538,0.625251168106075
A03,4,6,0.24183893022338981,0.09709761032353413,0.0857539418682959,0.3605554132041381,0.16505999488621187,0.10880721245238498,0.0,0.3495063234547798,0.2957353133554971,0.21728587870733607,0.0,0.5890728074840715,0.3657603769107034,0.1464766506277436,0.013101017680264504,0.5811367995764959,0.5179735112748015,0.2350206964329548,0.08128574806597852,0.7911175329090955
A03,4,7,0.11747405293759221,0.11092527770395823,0.0,0.34089096017145365,0.08768285494633155,0.12323581367917923,0.0,0.4011878487290525,0.13998663898648672,0.1564292006694151,0.0,0.4584265190149147,0.2634604307861959,0.19786219123407092,0.0,0.5350417788354292,0.38972312820379046,0.2488993995302028,0.057096856741654704,0.7809560279829117
A03,4,9,0.3117777856888802,0.1460880234438352,0.10358653403295247,0.5412682801295198,0.23277024939504704,0.1751394450976509,0.021881811135360998,0.5671238675133627,0.24375275917079609,0.1200931120601012,0.0,0.4721788091316443,0.4764691602617778,0.18343997621412425,0.16577176395084492,0.7228491066314708,0.41815676905164856,0.19711591273357362,0.043479351349470674,0.62037404147323
A03,4,10,0.16637060601193163,0.11698795671186078,0.003995628419886242,0.4130993426667094,0.13628257383714612,0.16810358073509862,0.0,0.4648439376119623,0.2091813747908401,0.14589408090820416,0.0,0.3997933495645412,0.35867462375473125,0.24411524771947432,0.015549126207955519,0.704546655754813,0.434797615250314,0.29497743125172277,0.029810846361486485,0.8367274476070911
A03,4,11,0.1895368654348407,0.1399715150448002,0.030991652464321593,0.4003674373803481,0.08983607866794176,0.11035644298230522,0.0,0.38820497922039576,0.18557674340177152,0.1559037434494631,0.0035651215609111713,0.5245696617774819,0.2851148409267298,0.15560992153207523,0.03747446425206148,0.5924614036036119,0.4657013411807696,0.24340316877969576,0.0289785335849998,0.7563756594408219
A03,4,12,0.23969903426748898,0.08603903886689622,0.12961026885218374,0.4159402242939437,0.19182196111917343,0.12511214612444213,0.02535213458921667,0.41501572079033167,0.1807204166217465,0.14297136356982773,0.0,0.4799563069317639,0.41435889368508666,0.15420462509372512,0.13234440909475081,0.6889733464274848,0.3697956020497489,0.23205841266666433,0.0,0.704506397720489
A03,4,13,0.27652508365658585,0.15906671670924544,0.015629240437261455,0.47498736109321715,0.19379155763684677,0.13835311047422558,0.0,0.4268241237684113,0.19914398956263873,0.16931636494083466,0.0,0.44348088350267306,0.47222446299202014,0.15478952573947136,0.1723175116357571,0.6985414020562827,0.4382271239846895,0.18421108271181996,0.12633039513909927,0.6975693275168424
A03,4,14,0.18255024112863533,0.1565173944548261,0.0,0.5020868307085327,0.11666296056941888,0.10559886245190951,0.0,0.3340322186244321,0.1147135235748498,0.09126461413534313,0.0,0.34708123410005054,0.4353751498393513,0.18135793664817962,0.0,0.6873774310666374,0.5234575183464394,0.2050246529056871,0.060199894127025484,0.8555726906554816
A03,4,15,0.27740266323975477,0.1518547969468126,0.007718333162198054,0.4854293807855537,0.1206564129552442,0.1303980329016583,0.0,0.419865669664814,0.176572180473154,0.105432445834713,0.0,0.3280745490886327,0.634286080987741,0.08783516675379147,0.4283299760017552,0.7654207818713058,0.40097176131081586,0.234582519908154,0.0,0.8052419348768078
A03,4,16,0.26552850970495967,0.17050230913324965,0.010160056777898425,0.5732187799340808,0.18570416127339334,0.21529036085385708,0.0,0.5770946945521856,0.26083181185886656,0.20302844927487135,0.0,0.5385065640158866,0.4794542706543735,0.14808838327406876,0.13405444081452764,0.6623317336122022,0.6041147001157441,0.13184157426853654,0.281895351863752,0.7606027888042208
A03,4,17,0.29799458778040017,0.16981958012604995,0.0014173296865101254,0.5543383441063874,0.218765606762172,0.21237289127936532,0.0,0.651917972085623,0.3040340702053443,0.1838397410382433,0.007418530244113208,0.5608176922942575,0.3947795972946979,0.24151194572405524,0.0,0.6972565328427704,0.4447630147438301,0.26195665827908376,0.02546069626665453,0.7808144597483944
A03,4,18,0.17087895173043297,0.1392003735674695,0.016050055992160552,0.43443775517747973,0.15237987946575335,0.13008801131260012,0.0,0.402149304701297,0.1380906252401412,0.13215149759252012,0.0,0.36496320273005395,0.36524947683618303,0.20624776737133055,0.05199884055186139,0.67959380070203,0.48171170822410125,0.2639524796017947,0.01239534327176371,0.8193379077728647
A03,4,19,0.24600167926120442,0.12298774628359871,0.0753537977142464,0.47298823838986687,0.2993223239946559,0.23380536380786376,0.0,0.6985464479107496,0.14859185616609194,0.14018619663726092,0.0,0.42285530838776025,0.4570455546492364,0.1495326387271436,0.20421394404950838,0.67269950388666,0.5631888154938414,0.14346670389670488,0.2851595460159491,0.7738041158034192
A03,4,20,0.24597200973387642,0.14807621013891745,0.09060339319349282,0.5624324201770813,0.15190149223548194,0.18856428842497372,0.0,0.6514600128433619,0.22662960174442168,0.23398751937523674,0.0,0.6539450258173006,0.4357708102135126,0.21401717603906065,0.0017184599006296716,0.7425543732625197,0.673433384446446,0.181465890433366,0.3025657829207712,0.8892084108048316
A03,4,21,0.3271971391998293,0.12494883049610146,0.09299145476587155,0.5416219997000669,0.18607886669318863,0.15662059412547394,0.0,0.4832504356324587,0.31761233648055887,0.10224601995981361,0.13946527625847885,0.5053306476225453,0.45645330058605266,0.178200505060602,0.05084999000358265,0.6696380834560537,0.694410834968679,0.17760993000964215,0.30637259831709596,0.9228845659052981
A03,4,22,0.1977321524206717,0.09337353155374613,0.07180862066163436,0.3604065106164048,0.13757451482021604,0.1138484345000069,0.0,0.360330832347778,0.1676353787561953,0.1153478583494987,0.0,0.3288297743348768,0.4024737920479404,0.22899465658124124,0.0065539358468457475,0.667031317520573,0.6690188499368895,0.11248290242192654,0.47633736117922726,0.8651176066230387
A03,4,23,0.22356988460975138,0.12776303352997834,0.025134797738265182,0.45825379702875074,0.12408712998281116,0.12981126144357694,0.0,0.47281977638067907,0.20174887386470872,0.09188713836030898,0.03650156646602195,0.3740965386071394,0.3883042835654268,0.17486315117454382,0.0,0.6093189126130302,0.6172698376974963,0.2758124501370521,0.0,0.8891864366563424
A03,4,24,0.3531117362133505,0.20358268765041826,0.016082167654242512,0.6124385398550042,0.15434209088437045,0.18432094001945185,0.0,0.48714783555740865,0.24147287586840813,0.1950744251236003,0.0,0.4972671597286538,0.5776804785328998,0.1676561832232183,0.25569683859901876,0.7820931610562146,0.6405769766088107,0.1736810219589022,0.226042310083494,0.8202660721778444
A03,4,25,0.3718058888331095,0.12896094216423426,0.195168010942066,0.6024993960223017,0.23066925430730262,0.19752111665817226,0.0,0.5755050280472526,0.25910589709493975,0.17089997031709842,0.07590051624768153,0.6214706549932522,0.6188167452580546,0.12465210128503164,0.35242649057459613,0.7950552618838606,0.729122601835472,0.07097425575815895,0.6305291692478583,0.838358570876258
A03,4,26,0.31358003472731444,0.1535791940480632,0.07138388576800851,0.5853662152722601,0.27990226759835085,0.19564399740047408,0.0,0.6168445522876559,0.20918759260090042,0.14990894570031418,0.0,0.4890429330656172,0.41453697760390884,0.23414756662851524,0.07151411305430523,0.7599204344412798,0.6080936973544174,0.21782359197524362,0.15776715474961808,0.8428361172079847
A03,4,27,0.34631019039854594,0.17266764927323114,0.008632097869977888,0.6133181855719745,0.26196305520111446,0.16873237134521693,0.0,0.5269850763407188,0.2567429345522141,0.12666255808582902,0.06767802878992256,0.4490600621692428,0.46624558517982106,0.2244784993871273,0.0,0.8242508865794893,0.6383274024105575,0.19445830470834488,0.2694252754463469,0.8814865001689463
A03,4,28,0.4101199493265703,0.11482062295314086,0.13457861866288998,0.5597017196105741,0.24375899940448825,0.15324297706169876,0.0,0.5786330879761167,0.31446421580228995,0.14741041823565681,0.06415079452062199,0.5777946445005602,0.6124101209530879,0.12287416631041657,0.35751103003762835,0.7700505458042297,0.6260229683502249,0.09368042299149179,0.4334610801556517,0.8155699420531157
A03,4,29,0.25139944972461725,0.13401375349014047,0.0684753144269333,0.47237588579034195,0.17743950964217053,0.17176247189363122,0.0,0.544654302926823,0.16893898674918087,0.13072738131349665,0.0,0.40937512541818827,0.5120418204243263,0.12115165074322591,0.3107486791057456,0.736061232466103,0.4987044691503319,0.1943462858433598,0.0808364269368178,0.8051763390986284
A03,4,30,0.17166894171002228,0.10148612940144026,0.03464122538383564,0.4103761603630792,0.19966351422262635,0.13656017109819363,0.0,0.3956152450588713,0.1240561165195857,0.10311671148918473,0.0,0.28672793020549775,0.40652130390025404,0.1544122865264669,0.11700636188139937,0.6307039741638233,0.6948212386099792,0.1552511215881666,0.3448000849426979,0.8995232175803202
A03,4,31,0.3804602539093272,0.10514482238894336,0.1940664715241939,0.568436945321358,0.2006992827911761,0.12690047710946822,0.04495206093798876,0.4546190690163815,0.29106966482349833,0.18518088601744528,0.0,0.5279081888278158,0.6403299989377338,0.11336557442656027,0.4389894416325682,0.8511988316110424,0.6355342246365033,0.12485720717652563,0.3084991566765335,0.8276399182379762
A03,4,32,0.3522504395303737,0.13612992938361482,0.21177634587140584,0.6074815564572429,0.1891308919334044,0.153170110013219,0.02757085187112986,0.5394777475363297,0.2641105593676953,0.14854555416195006,0.02404460034808566,0.5992200283764465,0.5355523504830015,0.15287338598774364,0.3115009715092955,0.8359479664198116,0.6224821648497348,0.17588548593023448,0.27464032708965436,0.8253464310567418
A03,4,33,0.2756150860650409,0.14599178349243086,0.05724758386377661,0.4564797083904213,0.1179137168880228,0.11803993053476364,0.0,0.2880791975008025,0.19761101076646598,0.13270009183032824,0.0,0.3726466818470862,0.5159732491473036,0.13591100745265114,0.2825687168208811,0.7359723494910987,0.6121533390900019,0.19686594188561507,0.22692356608606698,0.9086553157825115
A03,4,34,0.3429859925803301,0.1028129790901808,0.18496437166609692,0.504343806003637,0.16533508802150676,0.14028275485861935,0.0,0.46996197347956375,0.28131465349072254,0.14223382765811735,0.023076770251607166,0.48773384896362276,0.5081532462034055,0.13475575799317557,0.27695196943214584,0.6873268655716727,0.6269390410807466,0.25590955324607884,0.10729944974792627,0.9164986901168677
A03,4,35,0.2640605226914547,0.15275797972012425,0.02192859682949753,0.6010120626951446,0.2503106651991007,0.17516368015379086,0.04820554104693912,0.5940897474038417,0.1409876003362788,0.13346085377110808,0.0,0.44736820642988484,0.46159576830730925,0.18776288834772945,0.07514027656048741,0.7013412365393409,0.6273661368006571,0.17902695935033072,0.28723286061997994,0.9072220323699979
A03,4,36,0.42783840588289657,0.174354778201153,0.12754449667243145,0.7041537501982755,0.31556980403058726,0.14915705606392454,0.001793362574578897,0.6074195639482537,0.2213516138065267,0.13116028697776838,0.04438855008046884,0.41781466834889247,0.6116231773967981,0.13414488613566516,0.3030975283454144,0.7439222430834385,0.6623754254677295,0.10010360796267188,0.49307126937615864,0.8245494563673298
A03,4,37,0.37730717206602843,0.09816870341009067,0.18674106051751238,0.5300201555301287,0.2461127499525522,0.15239700464928999,0.04572767321475587,0.5450251302035664,0.20074518197448685,0.15740223374529733,0.0,0.4875967515431597,0.5861113212722598,0.1081644593887422,0.4753298666663967,0.7563078636358115,0.7476372571459357,0.1342417643559045,0.5532453581357456,0.9128077761847682
A03,4,38,0.38606232172764515,0.19214807631773637,0.0017013923408811488,0.6474701387461254,0.19040148656803632,0.13335754457519064,0.0,0.4291115795230592,0.3134069199122721,0.18468042405897003,0.0,0.6249616563479936,0.498705816126003,0.16936304766654528,0.18176587166057492,0.7391361740275567,0.7399076246812339,0.14219593560925992,0.44526112120851596,0.9052711555562863
A03,4,39,0.38802995515436556,0.17705786290261052,0.0697016976262164,0.5764761423091491,0.27815879714851377,0.19477583203079765,0.006684573472500447,0.5572481537672649,0.24466785944372355,0.21446864982987282,0.0,0.6217202306591724,0.563997157890422,0.20171803069084815,0.1439560915029689,0.7838838865686099,0.7563953122673194,0.11392392144251658,0.6011049698856988,0.9354341224882267
A03,4,40,0.33366202028237446,0.14151457195953418,0.12576280013558466,0.5362110296661261,0.2642953788956125,0.2295436806860473,0.004773766979545442,0.6407512860064637,0.22386208893324308,0.15252038473197338,0.0,0.5351756268909996,0.5862534295316547,0.1564263083205208,0.23345400374646405,0.7806400668977245,0.6673463765869193,0.15147300010522105,0.3720234243660598,0.8782654122532042
A03,4,41,0.39670516612524487,0.1363523196387691,0.14244899662974342,0.5693377261300181,0.2125400720778791,0.1888474551244516,0.0,0.4761957846063537,0.29624817770331335,0.22698307138248286,0.011674959658551984,0.7255225756787588,0.5891803952062723,0.173215799718555,0.2532766428405081,0.7973856788608903,0.6607318037185279,0.2475032761974169,0.09987672707532406,0.9268279463709802
A03,4,43,0.45228500093824386,0.15508458721249818,0.06127337007823476,0.6724418837552234,0.23686027628137643,0.126584890091477,0.0,0.4135693228941032,0.27581619753803355,0.17807368587451503,0.012198835263694727,0.609689455654674,0.6329663626004105,0.15455372505743198,0.15071977276487344,0.8151119198424882,0.6541823182070083,0.24346785390360287,0.1439369121468801,0.9260053808994817
A03,4,46,0.3080456356934948,0.11033984971968407,0.019276118155261295,0.46026934052988083,0.1348082708349776,0.1390686108489354,0.0,0.4452035582760751,0.08731292478874156,0.07999197509810624,0.0,0.2234292790120756,0.5853288473898405,0.11862562268906944,0.3467300793108078,0.7114728895323194,0.5779792667200212,0.13930155919149684,0.3060393840984653,0.8092984022109937
A03,4,47,0.37072725679378854,0.1589274283379477,0.1228813619129945,0.6580427012228329,0.13651011147303596,0.14780812695778459,0.0,0.42341870011333516,0.3255902431025819,0.16808294846985378,0.01764197996475869,0.6298482088851342,0.5770094040154637,0.14273850789887121,0.3856690191619251,0.8377626783511332,0.7190317222552581,0.1515774793964409,0.4199306352799498,0.9383859589792504
A03,4,48,0.3833876297699131,0.15256262033036408,0.10126522065626915,0.5459884213632477,0.2124774836598877,0.15177812262426546,0.0,0.4367419474158276,0.31123083309070304,0.15745224617616516,0.015993259690414256,0.620032568202347,0.4867415887967435,0.15737889289634255,0.2571867340313552,0.7884703507556023,0.7941328695109341,0.09092596602084081,0.5487137529429084,0.8823439335987041
A03,5,1,0.5073957630784321,0.14550438371064361,0.12313633277270412,0.6924697896615516,0.292328453293243,0.2693756707707474,0.0,0.7341442815767232,0.20110648508617074,0.2022050705257411,0.0,0.6106858688729959,0.6740081328348226,0.08859123489876676,0.48932890757719993,0.7993359427146827,0.6661257314941974,0.16256490244273272,0.3899671488372089,0.8880982307184168
A03,5,2,0.40534249575741005,0.1052637997767011,0.1890951291469496,0.5648489213205743,0.06461084466267845,0.07314437539869358,0.0,0.25681542900601223,0.12769333020887308,0.10887869347545184,0.0,0.3839007743515677,0.6196630226824422,0.14590290013390383,0.39322264297841547,0.8300358658581001,0.7652717946252061,0.13035339895565817,0.5043967584688829,0.9329600547819105
A03,5,3,0.4517845740573789,0.17522083816742134,0.09381417910063738,0.6297556342339377,0.3046649473275795,0.22447801466981573,0.0,0.7044030142040941,0.22583446942049665,0.1096265483239229,0.005686794087477869,0.396998747445424,0.6195814915925498,0.18650329703327925,0.22367642773728932,0.7839274496259918,0.7518048511765123,0.2155186347240985,0.18173790426968012,0.9187473983662616
A03,5,4,0.4456419583427482,0.12189767311168279,0.2203694797532334,0.6982487541419438,0.17632942334876345,0.15340921021412038,0.0,0.49240406565124234,0.2619109868768567,0.1464871162218633,0.04539627519892236,0.5539865010910239,0.6254465917639227,0.12616555102258287,0.4647532320080487,0.8334210498155362,0.8248090295823374,0.08467301309160874,0.6207503158872726,0.9570324691961485
A03,5,5,0.39966576362744916,0.1151945198336999,0.17612138931584714,0.5998148727681525,0.18392509482323685,0.17728310592811686,0.0,0.5292291781885248,0.18877828382139059,0.10420060384798624,0.022901573032479177,0.3670455357137636,0.6044240067460847,0.10230367661807056,0.40975966515991463,0.7616088480359883,0.730251767820094,0.13278073056037837,0.3965430767433655,0.9123941675374693
A03,5,6,0.365361129997173,0.10444723917692329,0.14278497749775082,0.532335362247613,0.24544538702030405,0.15867379155481814,0.0,0.503677610828559,0.20933998057180134,0.12072952715421252,0.0029883186118775224,0.40849671069967225,0.5725288126047666,0.17913890028094523,0.20390213980892063,0.8466650693547446,0.6303293660205177,0.13735022863108767,0.4378676833931449,0.840772370666596
A03,5,7,0.47697857908839275,0.11861049304591945,0.26186888550447707,0.6452180648791968,0.25422653789930577,0.18686388386240563,0.0,0.608406344734014,0.24152655059270012,0.11295720811325148,0.04334888751051845,0.40854177054141566,0.709087900530305,0.08728518703802636,0.5460080548403202,0.8329962960951004,0.7337928740114485,0.09734172925636082,0.5222552632160798,0.8408444611095336
A03,5,8,0.3394815503600152,0.19460571104691854,0.00474733667243578,0.6777590441687181,0.14811080030816537,0.18174669890238687,0.0,0.6510915998760869,0.11112680347718068,0.0988020407613829,0.0,0.36059026122595544,0.641308097675784,0.14029886749503132,0.3147536650867076,0.8092633995742249,0.7881074543779371,0.1771495889549487,0.3134865750184857,0.952141477275421
A03,5,9,0.33005686576342114,0.15738306381113326,0.09521706160399092,0.6541801163039126,0.1439921480977247,0.12868709893170374,0.0,0.4008525595108551,0.12916243375206587,0.08874911023671092,0.0,0.2991326888226703,0.6410869146292602,0.13166599781766433,0.3980366210643398,0.8685559513938179,0.7319732196282963,0.12737387488828122,0.5733812802777166,0.9268434344019255
A03,5,10,0.3174133113062926,0.08854707065776199,0.1544084262906866,0.5052240624226784,0.17734124010068356,0.10203188566311605,0.0,0.30807170944934964,0.18702873560334562,0.14345239293779785,0.007161937676553614,0.4435353578733867,0.6368072877084423,0.1013311639288335,0.43660223967243333,0.7569483169419959,0.613719816636046,0.12132234525071921,0.3120863973679442,0.7516102547927349
A03,5,11,0.21356776799361352,0.1583082012326013,0.026607899369864185,0.4984775405270675,0.21857215793766446,0.160245473535628,0.0,0.5046944871668367,0.10116169415342435,0.10916273337540097,0.0,0.3657983375186676,0.4629397643157875,0.18461767075686789,0.15272986660340923,0.8240033741450085,0.7074825701851135,0.1572871317083557,0.5055794768336759,0.9400821741807822
A03,5,12,0.3497828750281371,0.06946563369874742,0.25630938508015105,0.5360221278637191,0.16278489964565437,0.17159671447138722,0.00030046724977607554,0.566162878038415,0.23688362398319984,0.11618492884194649,0.04030061696053417,0.4605045806010955,0.6971669339801292,0.15476682178755463,0.40210650302312106,0.8798531998548753,0.6685565611298351,0.191569772730097,0.23942271914141347,0.8851133732638712
A03,5,13,0.35496030653427024,0.1276779993097857,0.13312718930391046,0.5479038664690213,0.2859161790777894,0.17521673663252343,0.0,0.5734303529455328,0.17239463134633143,0.1395943932378723,0.0006828528081050944,0.38052055048193933,0.504901016611491,0.1963085365297882,0.13332868117566202,0.7818326798942581,0.7198611540971934,0.17100946100219216,0.39551268060187705,0.946252652097239
A03,5,14,0.4008655623244621,0.15494920339042262,0.05249026117059349,0.6490376393135466,0.17794232311752217,0.17845980624266447,0.0,0.4829988199846416,0.2657231956220972,0.18501111965253364,0.0,0.5756505196931663,0.6495939467042328,0.1705496339412222,0.19487599506282288,0.8599696903588028,0.6878035624135663,0.14195567182736804,0.35248326440701305,0.8640142578810013
A03,5,15,0.25697322083715485,0.1489024470109931,0.013745909700317813,0.5588841967847916,0.15136202371309132,0.1448869239711387,0.0,0.40178614396816575,0.1504036580809094,0.13648224685816535,0.0,0.3471927105682112,0.6292310092382525,0.12156457470579823,0.3646759354609407,0.8005569360633373,0.6707268374489704,0.23330425559763804,0.2121229689624493,0.9343477921389044
A03,5,16,0.38075438346940343,0.10832521993182359,0.1267128397787907,0.5170185014546889,0.19937609678999343,0.13170092103696984,0.0,0.4456020359239142,0.1501800486170427,0.1273225635840012,0.0,0.3973917751181001,0.6777535558712054,0.10279643084062384,0.4624941509370922,0.8721309311369857,0.8109452436828993,0.07091662340730698,0.6857687342809535,0.897142125254114
A03,5,17,0.41693579256519353,0.11467243645375506,0.2031652501198156,0.5427334377936057,0.28435964874899455,0.20318248657678017,0.0,0.5667065026788242,0.2187379602991753,0.1445510356789733,0.003847950345694343,0.45211967989572444,0.6455852999794607,0.08666801310325824,0.5076057551630606,0.7853932122881773,0.7628687914249906,0.0664963769968833,0.6306152298634793,0.8512112384212197
A03,5,18,0.2915820230023957,0.13117996860316744,0.06579212974952527,0.4969469604129043,0.19020286783369972,0.16599476826699758,0.0,0.4984815838700671,0.18372184273624742,0.10420392790377682,0.027412595973589422,0.40470595992749825,0.5512244632683908,0.18560751700200434,0.27819295653582327,0.8127922441978513,0.6000233225523843,0.18095501234423073,0.23866791250916272,0.8434849518267454
A03,5,19,0.3533858001257546,0.1555438848368518,0.008342533875288985,0.5799692934427035,0.24691290089941947,0.152511720951724,0.03894875020845707,0.5598922512197191,0.20266721141872437,0.11303561087973525,0.0030448071274169325,0.46693267162100277,0.6399263920128939,0.09158470590774058,0.4622017772716075,0.7735390947723336,0.6893618884672045,0.14261565126857842,0.31472005505787376,0.8521422039127932
A03,5,20,0.30950802831173996,0.2105968919461357,0.025391017588401153,0.6214854421636883,0.26456584822428286,0.18114821903489353,0.0,0.5516429320042533,0.2256278928035379,0.21085504814638992,0.0,0.5636303078450292,0.5540878140753482,0.13708341261107018,0.2889031695454967,0.8074146397548894,0.7521608780091548,0.10616809269880222,0.6186066148539701,0.9579012901730641
A03,5,21,0.3315004603309324,0.15177161108273096,0.0018104385012359034,0.5602719413265421,0.15357985934462395,0.1708682034243068,0.0,0.5065664771807808,0.13570803726419736,0.1267173383498944,0.0,0.37933435344721333,0.590158568919098,0.13352646898238305,0.243386237392824,0.7225422124440367,0.6052924576167212,0.22219804489676817,0.07433349156319413,0.8391153580854336
A03,5,22,0.34615440482789467,0.12943494760397267,0.13164654858155142,0.5812280901443757,0.22837198881106865,0.1362698911517055,0.007416803832534942,0.4112437008070156,0.20268154679639533,0.146913989663107,0.0,0.4011543787854204,0.614910980329109,0.08549707056217838,0.44972381340232503,0.7426744145765315,0.6295357361473874,0.09303805832789663,0.4409888147223166,0.7684926914103803
A03,5,23,0.4629978851115151,0.13194199224178502,0.3012711539286322,0.6910071575307095,0.15364056278412433,0.09737465301894685,0.0,0.3005570998196147,0.24763989506315684,0.14611060083443905,0.04323195194173663,0.5888079933134485,0.7421558244001607,0.09089881568692668,0.5204685965797439,0.8630462407967434,0.7542244290173051,0.19491488691789066,0.27148035967440515,0.9266320056190587
A03,5,24,0.39908840658302386,0.15990499013541518,0.13728560890787292,0.6463990716848433,0.25970498482974264,0.161360640579293,0.0,0.5417081745571927,0.226757543585079,0.14912702977517062,0.0,0.5285705599542193,0.5938773038912664,0.1666487636139965,0.16602781332194322,0.8306662165289109,0.7648243788563226,0.09679652981804407,0.525102966838336,0.8860442488886262
A03,5,25,0.4565985371797375,0.11337725352396207,0.18509696747422888,0.6638309358845155,0.2947136944046591,0.1917479303836359,0.010612275458414446,0.5628297479501142,0.28780335255482187,0.14808453082474826,0.009551809525981367,0.5258560892175743,0.6064053938059966,0.0996621976770474,0.3520764118552577,0.7526461837542261,0.6675111740458058,0.15758904368707194,0.27983620878707705,0.8415215898937409
A03,5,26,0.47711125959836403,0.09898530163917062,0.2864079054177963,0.7275510450503448,0.10653074526121391,0.11149147370395314,0.0,0.3963839156370042,0.3136362954522319,0.1804292480380328,0.016271365572114487,0.6116133557485074,0.6623307358311848,0.08522627666480731,0.5077053248668416,0.8089865074083334,0.5525736585470817,0.23504299029510173,0.051422965465726556,0.824261366032145
A03,5,27,0.40179146874313326,0.11602932251698864,0.22708731342210456,0.6731287162686451,0.13158658695735087,0.17145939231177465,0.0,0.6615996789901178,0.17581502920556233,0.1409815762283607,0.0,0.5220360612239422,0.7121034128670076,0.0877458049155869,0.4825105966475737,0.8479404621598252,0.7443466546309064,0.15383010523903712,0.3828377666390631,0.9034225747850578
A03,5,28,0.5409907102111154,0.11711372739752456,0.325911879575648,0.7538445591913842,0.1946675386030842,0.1302187072063365,0.0,0.4388185453681523,0.2433809820066606,0.1447267705319528,0.07050808962663582,0.4862185335591392,0.73572056077664,0.11996086429719796,0.4362377423228764,0.8513968989235362,0.8214182312798189,0.0921957319536526,0.6399461727283727,0.9436760078160551
A03,5,29,0.4412130017680262,0.1491825409843928,0.15111704808088472,0.6438018608111395,0.21339292283826594,0.21636234337155738,0.0,0.5959628634117059,0.12123774203019691,0.11951449050364613,0.0,0.37871902644302435,0.6701023285993892,0.1640446481266448,0.3548924564276542,0.8912601667380698,0.7976486221229492,0.12997487210158024,0.379168079400731,0.9154107352855023
A03,5,30,0.4096683577107595,0.14162143140140698,0.2125675142164083,0.6095367784001048,0.2906781077938716,0.20577028405720188,0.0,0.6917373094794703,0.16195380395786305,0.10310564886091972,0.0,0.3492621435561171,0.7080816008107474,0.11940741955192062,0.41640383886096854,0.8372134868124009,0.7602519521351428,0.09560191335009813,0.48924112875661063,0.9011714674652209
A03,5,31,0.3094444459451839,0.20406148713722494,0.0,0.6032312424524955,0.13918140830533263,0.11832840571331626,0.0,0.3134670725295825,0.11392748926049248,0.13873384649692894,0.0,0.35684275167031043,0.689669737440537,0.10623687690472866,0.4911332321098694,0.8456770515269544,0.7055528332994812,0.1804593792710696,0.18640099480724895,0.9204784504391472
A03,5,32,0.3639140376517282,0.2139750982033198,0.04274999273430464,0.6936567181894466,0.20277492529101776,0.1836472082779911,0.0,0.5164986005917651,0.23829616795228645,0.21374155931119915,0.0,0.6076017226549241,0.6335935945182828,0.1579914332642184,0.2584323148688676,0.8622886430091962,0.7163156780928449,0.1958048071860172,0.3086712537903918,0.9429805799006921
A03,5,33,0.3436402032725467,0.12872157628789166,0.025922769015867955,0.5050851369263322,0.14644530062799802,0.1199894117609675,0.0,0.40141124825447744,0.11955659975670768,0.1266265976991397,0.0,0.35427934926943644,0.640109357271242,0.18128615093740516,0.10439111740252038,0.8491746066797081,0.6722378650327994,0.14218881615334225,0.29066844472536574,0.8885926132732059
A03,5,34,0.4833628472519676,0.19224725840962,0.07652867285633622,0.6985607832647833,0.40614210899659897,0.19934852309219858,0.0,0.5983273129482961,0.27049304269490526,0.1536114827127245,0.004269142321768052,0.4817389379763655,0.6967273513001224,0.15968107065903564,0.31001482408215214,0.8814991504047921,0.7054997790700589,0.16782808264666196,0.24619315357592628,0.8994457413247053
A03,5,35,0.27175483885819696,0.11457255747337572,0.08622719795814882,0.5543362305845488,0.1642080648730846,0.17214210654679338,0.0,0.4596085608888222,0.1620801704097244,0.14299787556171392,0.0,0.4645623934221987,0.48078276295081734,0.20154377750653038,0.0922784845679423,0.7894069980445363,0.7889574473303641,0.15339005373816025,0.32797894621828744,0.9226873958395369
A03,5,36,0.38241480402488914,0.14536115068246702,0.08843137264468177,0.6258626711155306,0.19679871026907986,0.14134457150090526,0.0,0.3916709286689431,0.24857339773589202,0.1395506370785122,0.024980132699960324,0.4561672973054151,0.5911455226047794,0.1871686924372897,0.23691947550987955,0.7975715191543487,0.7254116487715713,0.16222216268745948,0.3421601698819932,0.9225980501140559
A03,5,37,0.43277558909909786,0.15602335993089847,0.006616981569414926,0.6279486521684507,0.23495271760979106,0.18897708833480675,0.0,0.5757927837934813,0.24903486046013265,0.17941181144283633,0.022253154484488422,0.5644004305432189,0.6766286041063247,0.17720665191006948,0.24622387902987855,0.8793416597621609,0.7990840923969603,0.08906061143052925,0.6407062972157556,0.9306138832515273
A03,5,38,0.36958257951715273,0.1732330706917166,0.03872729380859704,0.6131104777027,0.21615395215357314,0.14131491112301053,0.0,0.552164249445392,0.17264819515717003,0.16660038498368435,0.0,0.42906060186664996,0.6711540356313521,0.12516760242001737,0.44663904479038663,0.8649656110271726,0.7930057237455965,0.0953135566664421,0.5749885833828147,0.9349202823036954
A03,5,39,0.3989624705083635,0.11555743885976323,0.1603256973057432,0.5962286980467744,0.12083949992455256,0.1310574522922995,0.0,0.439368139685305,0.3036232796977028,0.16861298399539545,0.02698139075729695,0.5080561421921567,0.7066918064956792,0.1014680520904502,0.4439556784593224,0.8340118578964714,0.6723881104021149,0.1140037581065808,0.4870980238329228,0.8433591664148057
A03,5,40,0.4434559907710992,0.09965648303832894,0.2020856287029665,0.5729134002120294,0.18455633869733162,0.16553445309404932,0.0,0.39243445708385044,0.2500364027555638,0.13142531809661986,0.05415436883839864,0.4594285497309137,0.7282350923591387,0.06303532562916844,0.643126046886073,0.8363144786108716,0.8421648292060614,0.0596405096332457,0.6858384086279826,0.9284835719943934
A03,5,41,0.32610353375491774,0.13429250219499356,0.030510249679111694,0.5374650811533005,0.31327165066161444,0.22644898948145964,0.0,0.6867554265371314,0.2087938033895361,0.12486356864889146,0.0,0.38977999730565865,0.639445384684333,0.14714184733514762,0.2659403126384666,0.8412089317218099,0.769308815147296,0.07886152133800932,0.6529742439651166,0.9391182953854342
A03,5,42,0.3230727019117792,0.14465442111961205,0.0922925014604481,0.5358052877050755,0.14538010770530232,0.12477731954562181,0.0,0.5176214397216299,0.21344643366419067,0.12135329415510406,0.0,0.4540539118677214,0.7013226244564843,0.10768174908654529,0.42231732348507506,0.8160427804762846,0.6813438434505592,0.26423266530981165,0.0691843344565675,0.8995738490909011
A03,5,43,0.4062274271081419,0.15527178087712656,0.1795076634370234,0.6370171172566528,0.17235222857029062,0.14852144958515642,0.020418370035102544,0.4546332962062455,0.17845810521538397,0.14889335429501574,0.0,0.4539591727457176,0.686433244878087,0.1173267255066583,0.5226376554158508,0.8670525775673047,0.7033076711266653,0.16658717347118213,0.3141079468047073,0.8854947959985454
A03,5,44,0.383593219466325,0.15620789000167087,0.07793186774804957,0.630054648324883,0.1122209258548842,0.14619545241518542,0.0,0.4303440854379189,0.267007422388662,0.1537172493182539,0.0,0.6131845014716772,0.6494282600243834,0.18443381565224826,0.16260618122561313,0.8019093346612561,0.691800668329359,0.11644119077274123,0.5148576145948357,0.8379682986511922
A03,5,45,0.3581657927652689,0.15137817044403964,0.06991277459298108,0.5842236513904788,0.16999582118572962,0.22475343664923544,0.0,0.7349898932410517,0.17798079689683616,0.13986113853961807,0.011573685950916044,0.5013278580049302,0.6098889992429812,0.18719450283330746,0.06696284451749521,0.8158807133108569,0.6375402064205677,0.24394328545209432,0.14834147328188724,0.8986416286033777
A03,5,46,0.42809307371352584,0.112684317989221,0.3018384485286117,0.6165660558945802,0.1548801543386365,0.1247609993197757,0.0,0.3696206963951836,0.24577634283347818,0.19305372682197577,0.022610616688469802,0.6305814545415961,0.7725268160149263,0.057036709095099676,0.7054633662701187,0.8857799332862338,0.7541157142466197,0.1584097345029953,0.266490070842516,0.8978699636920343
A03,5,47,0.2963924055110869,0.1663602001286188,0.08403799960044897,0.5788037551493372,0.21632514671048286,0.14576386030355692,0.0,0.5113158542244693,0.20155825250078604,0.12771831168298944,0.0,0.37399687670780307,0.6245643652653663,0.1123023218938554,0.395849338077694,0.7679633372262822,0.6168469576550689,0.1617593828865968,0.21211015432296504,0.8556323565632734
A03,5,48,0.44651116478242764,0.10628878036594425,0.239591541175543,0.5911666756849601,0.19086717825072383,0.15467162878271135,0.0,0.44942653182741216,0.3098479764451126,0.1548387510722158,0.032051697327889914,0.5307605214160184,0.7261907616725244,0.10063302584823296,0.5095225455169382,0.8716619022568463,0.660612097207194,0.18517186262240065,0.23609237332273864,0.8832753833535655
A03,6,1,0.48798389170664197,0.10334930341922717,0.2942596565908459,0.6350271787778939,0.24631852555169279,0.19678451094743268,0.0,0.5066199875182457,0.2936085184494834,0.20063386831785227,0.0,0.6164282189731504,0.642467943689962,0.12449368380698239,0.4152819144023193,0.8339722476218061,0.7065107293194224,0.20970381215833642,0.19130191910758093,0.9213504138949657
A03,6,2,0.36031396639591745,0.19356244049612065,0.0,0.552886122564049,0.12167759953060044,0.1320075793844804,0.0,0.4411451146832048,0.14974113959225666,0.14130169560434636,0.0,0.4241880456126866,0.545206130035647,0.2322723639084376,0.015936192171093846,0.8303983252530392,0.7586512837450964,0.15458692633410376,0.418743247425911,0.9554227846719934
A03,6,3,0.45838265902991737,0.11969677883196539,0.1763672712404701,0.6267981911182743,0.2837984516731148,0.19081609499087399,0.0,0.6111445170976509,0.2897496851939361,0.12425371186141174,0.0,0.4636806199215294,0.6478201441894194,0.12643967303156733,0.3902432266323358,0.8194781030726644,0.5493078816910925,0.2945839868877756,0.07354778830376199,0.8479850871569676
A03,6,4,0.29758465818763447,0.162632225356488,0.0,0.5843479285206252,0.09577525535138662,0.09757776078069062,0.0,0.3521806511178722,0.22867662622552729,0.16905344706009212,0.0,0.5861327705314212,0.5575192916793235,0.22667664951355343,0.0,0.7864663506527582,0.7513488516651581,0.07521717461682467,0.6168602030755405,0.8803206061167587
A03,6,5,0.359386309534198,0.15574651528915623,0.0778718829624844,0.539691547845998,0.23497348262135132,0.1794013190266175,0.07135523434117241,0.627639087612368,0.211950636836676,0.11781174001272735,0.045918871974559364,0.38848601155726836,0.5902062645629156,0.21022770554488954,0.15721676102200513,0.8277483580487514,0.6044045366798694,0.2167326317348914,0.12391733539440355,0.8445141355860406
A03,6,6,0.2573972659687133,0.1566207827691161,0.008647144944326755,0.5402073957084604,0.08570688064121978,0.08271900411138981,0.0,0.22348364991149303,0.14403731699021474,0.10373274873644284,0.0,0.3062858255183792,0.5832730766203377,0.17997798553935165,0.2897190448247827,0.815142409420775,0.7339861025904449,0.13041144390482545,0.32734484807066,0.8584789596928927
A03,6,7,0.4369478050361421,0.21048209379739485,0.0,0.6830716393463824,0.30167496693758894,0.244547333997753,0.0,0.6659610929707398,0.22433588843608873,0.15559545724650808,0.0,0.5241817790477066,0.706070123236336,0.10681311585656426,0.4973741844163251,0.8726856340721006,0.6160693760602255,0.2138240732803957,0.07355240585284506,0.8946483798912125
A03,6,8,0.40048117463884814,0.11079581919678762,0.1328975241723365,0.5378229249004056,0.0694996802743694,0.13172595490501535,0.0,0.37082438267505374,0.3437437524300859,0.10381686053625669,0.15809075992793295,0.5550211203088445,0.6532502586463573,0.10144769606751039,0.42887689348510033,0.8425170217567871,0.6305814718613034,0.23558671274193643,0.11339784135671348,0.8353668863800205
A03,6,9,0.46960367916673357,0.08588528774712907,0.21913738372119265,0.5966229839037835,0.20269880748413344,0.1420401435841013,0.0,0.47407843190312227,0.3262096895806426,0.11688499749555828,0.11769704617913647,0.4789649019271461,0.6847658048755788,0.09921102270390926,0.48364138334543405,0.8406205029747408,0.712712810352245,0.15339963362420703,0.36024512758421257,0.8607654844670067
A03,6,10,0.36089415895538457,0.19125680430114203,0.02464150249668871,0.5852789634346356,0.1338806006295976,0.14137994458970748,0.0,0.4534262225762709,0.27092543698653204,0.21006252576126735,0.0,0.540085534588226,0.7094234557254822,0.08020302258149335,0.5557253919584689,0.8555503547996455,0.6231807421315637,0.17314529724564506,0.2530669203219234,0.8663841134619077
A03,6,11,0.22400261126061863,0.1451042146709184,0.028099099544526638,0.4389078905074425,0.2222010062625915,0.15088260421770536,0.02404505404407293,0.4758000859941835,0.11361656146498778,0.14001833175576853,0.0,0.4050903053938079,0.48039214203873837,0.17043978848073185,0.14888088090394072,0.6874159949611639,0.6309170151797985,0.22415103001711534,0.04316517259127833,0.8836369977448278
A03,6,12,0.1895148005872695,0.1277280962118976,0.0,0.4206288891155496,0.19086666036804936,0.09947598008859054,0.0,0.3155579808969075,0.09997371487184933,0.08873338692760223,0.0,0.2734498030160471,0.5153598862220404,0.11716325599394835,0.2229532630040598,0.7404739350016835,0.48102889829161105,0.20543008967679618,0.10790614165361187,0.8502693660726874
A03,6,13,0.21049683588759927,0.20718156950186867,0.0,0.5980003344902052,0.16457114435914344,0.1927478560108746,0.0,0.49099062100758256,0.11076011184499836,0.15013921663923221,0.0,0.420660413764081,0.657433765485052,0.09788142243113639,0.4139279395010921,0.7803814793711471,0.7054498954913304,0.1378258192640371,0.3661438842330646,0.9022007341394216
A03,6,14,0.35688159729545404,0.13095765765686457,0.09556802212716566,0.5198930533075556,0.22882631455684627,0.1448636381558404,0.0,0.45966374493780743,0.3173419088779129,0.18333293035743345,0.005760156171477959,0.5584164421780475,0.683540386059648,0.1038180838338996,0.42563658216820727,0.8306652874044432,0.7535363995167614,0.08977438723343173,0.5649859578418891,0.8757410301094402
A03,6,15,0.3534822383039187,0.14179073707154358,0.11678015388157803,0.5971867875261649,0.2288147451680306,0.1957629827659489,0.0,0.6514983788746168,0.21784051918349792,0.12195246714945625,0.0010578877490993335,0.43487231984524183,0.5905508304275774,0.19816890473743148,0.14689664496079682,0.8052495213924449,0.7608177629270301,0.09980023527335379,0.5443615208266085,0.9254388533015264
A03,6,16,0.4560404653087475,0.15184954165483847,0.18293694891811457,0.6830669624520053,0.12714602483436557,0.12759510021096113,0.0,0.4121499208694342,0.30483607359348475,0.16180595565131745,0.0,0.47260844102397115,0.7274696645522969,0.08581828068169114,0.5573695046211894,0.8469066505356132,0.7141658223219626,0.10311590496982824,0.5328063176351396,0.9022358861366909
A03,6,17,0.4578651113025725,0.12317533950441271,0.18827782645481952,0.6650339316844676,0.1610276461524049,0.14027218226765978,0.004235929797723422,0.46135856711335427,0.287324468642474,0.12246777230500902,0.07505156611983463,0.5171726561681116,0.6877511365746699,0.14230228636126319,0.37222077718937774,0.8290857431062325,0.8050960021175056,0.08603332550469235,0.6562856095460942,0.9386178666431249
A03,6,19,0.3586287227468898,0.11756925780582593,0.1855439810517481,0.5339875078860973,0.23450640222274674,0.13640426869791092,0.07954017762131538,0.5350655738172512,0.1847337927649528,0.12888093538427775,0.017032680281014883,0.4973237385156247,0.6380075719269535,0.1338700243593074,0.3522337536446335,0.778577024519627,0.7488524980796535,0.1362448047049327,0.4450093981367032,0.9134159647481414
A03,6,20,0.25809467406780773,0.1437714482457098,0.043993837793027936,0.4486746456103395,0.20898812474257353,0.199384900170607,0.0,0.5965903029490249,0.19687849317476797,0.14394162496732765,0.04412775027279503,0.43691703038725394,0.5541826007062941,0.13746446621421923,0.25639100175906476,0.7402937569635201,0.7850489120510323,0.07281644687365636,0.6157005493434349,0.9097462473795783
A03,6,21,0.32262953295911884,0.18047210327268093,0.03427898209271379,0.6052000876447018,0.16737069535509314,0.16884990057753724,0.0,0.40824683868170025,0.1778031057501132,0.16793814149779968,0.0,0.5327831588683356,0.6156406220239385,0.13429292093080814,0.39099536941235596,0.8401383513042956,0.7809562709068563,0.13023056946432174,0.5132062407503571,0.957940617439845
A03,6,22,0.44521749440662106,0.10488705597642901,0.24693135830282772,0.5726308331741855,0.17299190334421682,0.15667319205441652,0.0,0.44017190983138577,0.2308147298481496,0.15108773447711296,0.005783115235227644,0.4829844710170473,0.7072744787775024,0.1198190925729874,0.38634747934043856,0.8500424559564264,0.7684271502183863,0.09910303670657052,0.5603467994435105,0.9098643736420085
A03,6,24,0.3354761273413577,0.12790034206606718,0.15844442699744019,0.5951186179816591,0.17135035737626722,0.140150868456278,0.01728158796685632,0.4767249701179538,0.24693025282421974,0.14124642868579826,0.07388204445808437,0.5617446437855242,0.6308907307269276,0.09843841507472302,0.4427668850858946,0.7588003162377006,0.7241264389225055,0.15994798067205215,0.281626303296346,0.9076307289024493
A03,6,25,0.287490579668015,0.2605691298868598,0.0,0.7503974676128211,0.17123084083544587,0.11587109360864693,0.0,0.32124530898273623,0.20381331531402166,0.24247021898609397,0.0,0.7289541831245769,0.6750889052420721,0.15232225757760348,0.3914642635420104,0.8834441582254806,0.768436366045071,0.11306270833517446,0.49900968848281807,0.9027949255637989
A03,6,26,0.3894612252372642,0.14947875676334546,0.08036972380387979,0.6238734343097896,0.161311570312427,0.13617910136811706,0.0,0.37742571639015515,0.2123397862383487,0.0974202410074579,0.020863678175981355,0.37150486659034165,0.703549384249127,0.15195560820937853,0.30123718474762445,0.8459046144914905,0.7255454685706816,0.10861945330909968,0.4391117108162835,0.8419485301177156
A03,6,27,0.4012544354770911,0.12620849924054584,0.23531152412339945,0.6318353192676014,0.20531526998111713,0.17565683428616063,0.0,0.5631745649034426,0.2173830150995981,0.14590785052372005,0.010870095324742526,0.46694902132844857,0.6903234922552922,0.12546850007592214,0.4554430143639335,0.8618953289447635,0.7243685449286711,0.18376105627746067,0.31898558596985477,0.9081807917521141
A03,6,28,0.2507064813010642,0.16810936051317008,0.018722667602436478,0.5730801435232443,0.1625234051374575,0.16381089066146237,0.0,0.48315113332222304,0.03980925040303638,0.07588107382022129,0.0,0.27928505994477953,0.6226856225229381,0.20096631241342772,0.09553310158589759,0.872712575157275,0.7512863782652719,0.15484339550254722,0.33347840750188384,0.9322391602502853
A03,6,29,0.26140035997173566,0.1643384639555979,0.0,0.5914488408933262,0.24396217113370458,0.2084349289268109,0.0472291626740698,0.6065308752050323,0.14513805204062066,0.13229260896046804,0.0,0.4059000787208294,0.6342393049661138,0.14635645596429084,0.35521050963204587,0.79557568480529,0.687331055927816,0.18743062447148526,0.2718104974853793,0.918090728770638
A03,6,30,0.43999630450315014,0.15755937176328905,0.1588546594841358,0.6432877550004426,0.24610009222033355,0.12022783641666215,0.08059283244320743,0.4452788008616417,0.22698542840724384,0.16620010397530377,0.0,0.4870799001347331,0.6745575577561923,0.13544559256372196,0.38891634764500543,0.8105200563189855,0.7957972927206918,0.1056055508088121,0.6222563041584601,0.9593994111505951
A03,6,31,0.43238904660178573,0.14873246458810754,0.08305535630032203,0.5842810927602127,0.22182267264038852,0.1502292645269947,0.0,0.4375772314252557,0.28764694906646865,0.18212888222433973,0.0,0.5376814395528944,0.6880412735606242,0.08114704096277867,0.5394908833699041,0.8007578804207183,0.8062476517231923,0.08282306497218535,0.6220062452280141,0.9010441429954028
A03,6,32,0.3288173760215117,0.07815838336423825,0.1660366211806394,0.4588051748037774,0.25254421862336335,0.18513636170443673,0.014786316645133317,0.5671902529202634,0.19689720174241057,0.09785509399235096,0.05034260228344013,0.41157723284506836,0.6176100191270469,0.13607936460915196,0.3464581031978588,0.8227867847278417,0.6782851096452996,0.1588262053099494,0.27262745589527526,0.8464388707192914
A03,6,33,0.25584125926624657,0.0979615748622761,0.056842129551490705,0.3989646562122932,0.14413784146173286,0.1241896234907577,0.0,0.3908305309847358,0.10761485328644034,0.12020255376059188,0.0,0.390992104997044,0.5737360843835763,0.1450917580923601,0.34325002808226374,0.7658564297342849,0.757073639351294,0.09896689074679804,0.5890498984113994,0.8996406804453915
A03,6,34,0.2743575489681747,0.23176715313588495,0.0,0.6314700937514769,0.15816452294930186,0.19377768940418025,0.0,0.5356926333802139,0.17426876697534335,0.16487817979452116,0.0,0.5602259510594527,0.6610974879095539,0.11100307790008028,0.40132792282380564,0.7903810377658236,0.7410083513289576,0.12847865347191545,0.46664672796599066,0.9160808389796754
A03,6,36,0.3631719289985418,0.14967138560656923,0.07713183778367824,0.6157335762923078,0.2704295292989605,0.18006439959694287,0.004389064596533527,0.6009536273577333,0.2667823583944053,0.22056908751566764,0.0,0.5316671119200354,0.6601040973467805,0.09683124524572129,0.5072444513610374,0.8153102495400739,0.6244822077576629,0.2628517534799914,0.10977405164555924,0.891179727322452
A03,6,37,0.42639136556239116,0.12560354464662118,0.2616136533644092,0.6714865267572087,0.3502050087357146,0.17603100638217256,0.0,0.6416890627491824,0.2444313551801332,0.14183289966640075,0.04672491693270851,0.5119345137152633,0.7027047985172199,0.07075311547476693,0.5966706015640477,0.8017924577231874,0.6493936357313601,0.15337275190302047,0.27969588300710885,0.8311593349663176
A03,6,38,0.3713579642712395,0.1553080710533463,0.12968772944952783,0.5819878113209226,0.17546427006843496,0.17485525336177918,0.0,0.5040890330305625,0.29962233489929985,0.2201208834805347,0.012522625051834308,0.6271781952678502,0.5904610587304281,0.18059907010935625,0.09386515264631916,0.8763988695384962,0.6551316896578514,0.25012007379758905,0.06141508831478574,0.9387973930145442
A03,6,39,0.3452742897105503,0.1541350780157495,0.0,0.5347416164912294,0.25598012872844117,0.1905293734050031,0.005597610111443012,0.6389212380990575,0.23061377694895555,0.1962587134777892,0.0,0.652573071205521,0.5797603414006199,0.09463163974986753,0.3845805669934726,0.7202940298671638,0.7573344880971526,0.09110688781556761,0.581165357611792,0.8609352353874372
A03,6,40,0.45050795776745434,0.071007988500973,0.32529526905080564,0.5703847730208625,0.2481975963437632,0.19709546849717013,0.011792136353905937,0.6566670914260423,0.27631658337658516,0.1205257097159846,0.0,0.4113521639920029,0.6526973959946871,0.15224763221640436,0.22518773962744262,0.8134745712541712,0.7575684446368481,0.1147002363727973,0.5228063606762872,0.9350230543991337
A03,6,41,0.23896941854329323,0.1833405548812775,0.017037088575376908,0.6226925115119377,0.14753241973644324,0.1933032866078255,0.0,0.6111455443424024,0.1000191072259712,0.14879810448837863,0.0,0.41414547448076683,0.6119084316009336,0.149651876777916,0.3032329304013325,0.8206106540132759,0.5602564162787413,0.209119509251877,0.0,0.8364384074484237
A03,6,42,0.378901873492712,0.12849734980830826,0.12452827051774455,0.5687935839097032,0.13444249850328796,0.12501141812688069,0.0,0.41614232509298227,0.3017892179631978,0.16941194924175848,0.0030675854590294094,0.5292711897086247,0.6648086666111415,0.09605551959024343,0.5272751188037136,0.8034266447798887,0.7063485670154045,0.11690921900253033,0.4657937681202674,0.9299008024493977
A03,6,43,0.2749278284284202,0.15542894585265044,0.03342396043445613,0.4906489713214532,0.10281403928717833,0.13512258667025384,0.0,0.4334536453834316,0.22394330344220986,0.08613518430979061,0.1014479985054008,0.3736586837920478,0.5671237899988619,0.2388497940651393,0.0,0.7641131596256672,0.6900071771403373,0.16062809124495958,0.37632627060658347,0.9074699142027827
A03,6,44,0.28944892718402676,0.1502319574424677,0.00029825134357064353,0.501901767130738,0.2851458269446965,0.20907945111893736,0.0,0.5780901211721078,0.09804354591296982,0.08497401069424487,0.0,0.26486424666838926,0.6705091057928139,0.10492175365844421,0.4838588009195486,0.820797653887136,0.7377935263770236,0.10613885140579121,0.5239513834017115,0.8580404274661266
A03,6,45,0.3763827587935505,0.13677040956957048,0.09152324642489428,0.6075203397058927,0.21453706370152276,0.14418570006663986,0.0,0.4609239026521919,0.24439820724598835,0.1296774243778151,0.051291083042550735,0.49778218370887817,0.6239448513735836,0.10767162755640325,0.4463287658532581,0.793311532516474,0.5922034959044441,0.24718316989278186,0.12285697595034635,0.9035930502487739
A03,6,47,0.3808725629895721,0.15457978055695756,0.1734131792051292,0.6424524244731143,0.31257501218980627,0.2360696502228766,0.0,0.6833384484498228,0.2201325746025815,0.1425532766047257,0.0,0.47351060134064793,0.652512398299485,0.10440170575052352,0.41854473662355574,0.7768258751526754,0.716964276622917,0.10447216818183487,0.5084778765004133,0.8940120663797028
A03,6,48,0.43043760271549636,0.13141409136142992,0.20403643061755777,0.6223806502527408,0.34271160702725717,0.1682594620500431,0.03217590030618887,0.5993380346962395,0.2593372251610164,0.13584996802870203,0.035193547939437,0.46270399723499117,0.60092794472591,0.1738225176233612,0.24026996737406298,0.7606055237166796,0.6801257228967451,0.09564765297987643,0.5098398977659903,0.8236477922641433
A03,7,1,0.5077933425808108,0.10371853957075225,0.3150611797466718,0.6620318876973365,0.2944490885644739,0.261089443796452,0.0,0.7705515634179532,0.12895527509040472,0.11775882096623837,0.0,0.366259410527842,0.6532511255334167,0.14997342090719779,0.336490429931472,0.8254976556114707,0.6754748736983964,0.19309209842405234,0.15902510353092605,0.885336929234463
A03,7,2,0.3178890639140692,0.12238894990887558,0.08017795250971296,0.5401235892322934,0.05616295121906347,0.06549553170389011,0.0,0.20942658542475176,0.05505623183334226,0.0976065291928672,0.0,0.32557113005390886,0.7092204641554877,0.11313400958827853,0.4997149269399272,0.8490322260227601,0.7816328024883893,0.16961311258633335,0.35714445500143427,0.922927474798951
A03,7,3,0.4459966735018554,0.12473377781820252,0.2578001307194359,0.6596662827408741,0.18063070032977785,0.14261920750603646,0.0,0.48309416542874967,0.14033619795971985,0.15730094787082488,0.00028415326969176224,0.4578607258163152,0.7515267776698259,0.08254948636923147,0.5948065713151267,0.8685835472782194,0.76410646714481,0.13769140144063646,0.4531653132960195,0.950121017381971
A03,7,4,0.46520159378422915,0.14943663770546248,0.21112017197790917,0.7718049365957763,0.273002519387328,0.16673548689170578,0.041860199045606575,0.5342959668078786,0.1480076216236048,0.13791127302705028,0.002907419726573205,0.5058272488627675,0.7442455495468774,0.07444710606941993,0.6130966252540105,0.8539784872407187,0.8338644928242123,0.04581890470584631,0.7273398063638296,0.8928980466171433
A03,7,5,0.40075729772050467,0.16308763449991637,0.12718493352127888,0.6259357890956482,0.23871309609641825,0.13238228466556176,0.02358578861170313,0.47611827288875946,0.17374739317066068,0.1378762354934709,0.0,0.4168225726924159,0.7285128368686848,0.09521194583428429,0.5426259117758647,0.8683930613020151,0.7689699561471864,0.14671783559411222,0.3533692544125553,0.8879612037459771
A03,7,6,0.4435497241419785,0.14789291091150417,0.19986706808788665,0.7311454095629495,0.04882082247657304,0.07353534325137574,0.0,0.2432640109297619,0.21699487638647114,0.1567068184792539,0.0,0.5640875939469956,0.7696198939923532,0.08708089225776271,0.6116080031927965,0.8962653294229298,0.8142517949736134,0.08134633418000387,0.6649321015243496,0.9242713547637915
A03,7,7,0.4919267531664329,0.13612035277860976,0.2139272512568003,0.6984198794490795,0.2814559189913661,0.2005083667545444,0.0,0.5506663212308789,0.20995623198843552,0.1127575534194924,0.012781817930261214,0.43168141183998177,0.7601437686540784,0.06569017682268537,0.6067490975955613,0.8359205867821344,0.8189075815742409,0.07123654323802989,0.6508760955626455,0.9161603822534451
A03,7,8,0.37772243044361686,0.18052077674750855,0.06304876085164077,0.6758681374757225,0.29879132593797225,0.1606993876159862,0.05722312865593778,0.5216739780213304,0.10615285014476507,0.10796227423803857,0.0,0.3522500700656976,0.7273050699722599,0.12860286969515095,0.48161395741061924,0.8858218207059098,0.8595332316014926,0.04579674109139719,0.7609068583436222,0.9220837957223994
A03,7,9,0.34470652314441463,0.14380660095473963,0.07957270791842098,0.5637705697370301,0.2712053852278297,0.15303114308916582,0.017029096143245676,0.5336698111272565,0.16296446274022755,0.1651164409157017,0.0,0.5078684577825755,0.6893872497069512,0.14307790964916658,0.30965839209378065,0.8512034986642185,0.7936659756127615,0.09987257919344066,0.6040160609749715,0.9541530431971671
A03,7,10,0.4861465454602348,0.14965214841256236,0.1341449519482944,0.6661679723453708,0.36309364111965614,0.1911463215028871,0.0009352644505854332,0.6452862317204884,0.25204593061204705,0.16177893324297613,0.0,0.4812748973624924,0.7425341816752401,0.08447672481663807,0.5391032831988347,0.8637269346389201,0.8161806895906873,0.03736853073308122,0.7437306799222455,0.8959828485812943
A03,7,11,0.5604135806894193,0.08113317561188167,0.4178552498305712,0.7153106397145128,0.3013448967436396,0.22707643781087755,0.0,0.7003697517919864,0.34709460431611044,0.17592356402254258,0.00015027166589436685,0.5813683949692547,0.8093265850517227,0.05849699860544653,0.6579188211401091,0.8954566708371721,0.6836260743101079,0.17147003299293234,0.339145014833397,0.9283312932612541
A03,7,12,0.46065251494861964,0.11978383467594939,0.18752120324485283,0.6525993034319614,0.15647966612201278,0.1046215746251008,0.0,0.3118441110038671,0.18862283718391823,0.2073549384079316,0.00856930958005188,0.596450991353672,0.7946828827701822,0.07658184725633439,0.5548684585605539,0.872810327297987,0.7759510273383461,0.14170001048905653,0.3670192923341631,0.9337758598051981
A03,7,13,0.37614115812903914,0.21925814824400233,0.0,0.7341011322779141,0.16940729528057905,0.17150098514118137,0.0,0.4608481887093138,0.22645246983430165,0.24113828290853637,0.0,0.6704505737171714,0.7401467446036122,0.09657320086140102,0.5778762551465609,0.8943031368649775,0.8167784399343991,0.09346401005266192,0.613275480024272,0.9197010837695531
A03,7,14,0.2924445191144952,0.12161831807252389,0.08048989858880243,0.5163604419884379,0.15725204394196216,0.11566630179115271,0.0,0.3803628826846083,0.10172861244986624,0.10324608684880274,0.0,0.3016761098999399,0.643956459415494,0.2337560953530589,0.01500417344697158,0.8986698653162987,0.7650010732247734,0.17668636353715586,0.33379510934328627,0.903412529100901
A03,7,15,0.42516609481671896,0.14544961487456984,0.09393976254515819,0.6577385477005105,0.1675109452160496,0.1518775331736653,0.0,0.4977927899331706,0.21805198395570743,0.1487214771583801,0.003959157757588895,0.488967049999014,0.7144157325345316,0.11924164707162246,0.34926777790542296,0.8437926825965525,0.8256336382919783,0.10019935787701001,0.6108798328064285,0.9524144469214475
A03,7,16,0.45676435546424515,0.13911992137276166,0.1781893979346568,0.6321266400812948,0.18173285448612125,0.1866416279707775,0.0,0.6272146923031351,0.30207167367212234,0.15918531865389005,0.05830945563418206,0.5192660603485942,0.7827582549218808,0.061157196478221224,0.6325504512903998,0.8482203906593447,0.8122792908783257,0.09874718942062896,0.6161806674549535,0.9515283874174043
A03,7,17,0.36938567333083144,0.10281151657944258,0.206606170725475,0.5827092279195814,0.1347377007372603,0.11337018386645421,0.0,0.33500290172892966,0.17339781357416664,0.13519532786345909,0.0032265994278153193,0.4465534447748624,0.751401065012477,0.1084937793795268,0.5349109018039924,0.8934350118259147,0.8087517422401229,0.08623286303423498,0.6628837410393604,0.9336034766200891
A03,7,18,0.5107880211158713,0.13801373729790825,0.198515578051705,0.7133065434745192,0.19964816954553968,0.15151931874538627,0.04034986990549262,0.570842847943937,0.2597670389907538,0.15437446702979407,0.0,0.4981667741649108,0.810573002307889,0.052657417755779166,0.6991532861307795,0.8902068006890735,0.8656514916700391,0.12972833329948324,0.4705297285856907,0.9554428548213598
A03,7,19,0.3402318799864779,0.1379751980738626,0.03352168823895239,0.5654342846366013,0.24368161143697648,0.15644380478873515,0.024484473979363312,0.5833611169191751,0.17033848856907313,0.15142519736286014,0.0,0.42706896485253026,0.6847049788905142,0.13988041908488172,0.34054672322027846,0.8882650422229775,0.7584526683114128,0.1241429316806046,0.4538195973011741,0.9393657691490953
A03,7,20,0.45620162545158066,0.1299875498752417,0.25648168822726436,0.6666906031682502,0.2886325907037256,0.16776341645718518,0.07190866776439796,0.5785996513015671,0.24647193787254149,0.15850667766106763,0.0,0.5688247720577374,0.7243320872899414,0.11996730254374999,0.49692162518053534,0.8651162086882144,0.827776027482064,0.08399430856082477,0.6505124317895238,0.9417787037474635
A03,7,21,0.33425012797631853,0.15496408881953522,0.09093890056874067,0.6138294834318908,0.12409272429933653,0.0975018927774905,0.0,0.28929516894026835,0.1871921294668636,0.08672626307832311,0.03983571928531483,0.3225495190869321,0.6788414011779265,0.08961336069880124,0.49034631140499746,0.8528067683111129,0.8455101497263022,0.0760677211023324,0.7261617802173869,0.9470308143952616
A03,7,22,0.4964874208450203,0.18301809927420468,0.07361154397332506,0.7351398355579216,0.2574014523464652,0.17022920515888532,0.0,0.5317409369979418,0.2591481118160222,0.12963605544708331,0.007504358389194721,0.4791555383972232,0.8065550169124022,0.05754023955892589,0.6872341464011077,0.89656526146304,0.7856032354385366,0.1316553513123533,0.4757077802182018,0.9115962375190804
A03,7,23,0.5156104308949204,0.13525450909835096,0.3238342111054057,0.6828539507505046,0.2525174760673052,0.18204778952466824,0.0,0.53051136702562,0.2984608937766932,0.1793545090556531,0.010633320196340905,0.6485790469429199,0.7582266919147449,0.1111649353034585,0.4798766610861903,0.9139211152650529,0.8560079373698354,0.05443616799832509,0.7225557171328382,0.9206662247642253
A03,7,24,0.46727164998405807,0.13500079239330612,0.21172526551550902,0.630015920163067,0.1835604892015592,0.13251391016208364,0.0,0.48030868947242483,0.23904779211879829,0.1300047874662918,0.05432750899388258,0.46520762154960954,0.7760959582095756,0.06472995573990092,0.6258391125094149,0.8626483645186163,0.8441690018008292,0.05779088811246029,0.7278302008156727,0.9227765548995387
A03,7,25,0.4113861762034882,0.14420042148330955,0.1189184801024826,0.6292790887728311,0.12813098910025691,0.1036364116358059,0.0,0.2853541444682692,0.1271887624169416,0.08818283545631059,0.0,0.27740929254918834,0.7402197798694858,0.12746588845845988,0.3477184030531203,0.8966358584195409,0.790334621569979,0.1281566178415193,0.4885188893426847,0.9569623605684189
A03,7,26,0.5049713651089232,0.11539168458710293,0.24763378358098134,0.7143001196819673,0.17014930313290452,0.12652360531752269,0.0014112315431641217,0.3888659484792169,0.2417522962656526,0.159704247640481,0.0005001099402191749,0.5588984282623514,0.8319883046488891,0.05759428554598068,0.734654147696391,0.9057816252049504,0.8983728361523565,0.04142198887811882,0.801334141182622,0.9663255463291127
A03,7,27,0.46748176961449983,0.1324125604244147,0.14534205227837999,0.6332645719984876,0.15502972131720122,0.16880917398551482,0.0,0.5984401866335965,0.27095044722372413,0.13601991641609562,0.11514438972843076,0.5309858164803,0.7987879616142568,0.0705445855954736,0.6187793479025695,0.8711394404739154,0.8799302761654028,0.07094437886716509,0.7011367999262832,0.9538190723928182
A03,7,28,0.524287973902005,0.11112243784675768,0.2854358630670577,0.7697336669394141,0.25799944896986343,0.12317427062274079,0.013037413884767915,0.4734497513590278,0.32644441664750024,0.13036320150717162,0.08640575452183685,0.5095913030118895,0.7776674559177409,0.07154383987764532,0.6482799146235615,0.8647323128702561,0.8814863113261677,0.08924901511091439,0.5902333094993594,0.9514461519646202
A03,7,29,0.4260593809046403,0.14671636112355252,0.18588104540092568,0.7055754128855225,0.34048168893070707,0.19232601542036526,0.0,0.6625668612631467,0.2513728648100834,0.16286430965610557,0.004434641042933007,0.5849011056526905,0.7411959618730841,0.07137385275416304,0.6095530762405217,0.8497900129647727,0.905442982906676,0.03015667630205258,0.8693677151891789,0.9637585963755388
A03,7,30,0.4588250658456746,0.09004082666077569,0.2993582922025803,0.592550715007574,0.16588270512926678,0.12399073645084217,0.0,0.4178825711801449,0.2290245335601261,0.14355721716076578,0.028493279620097543,0.46308980511348097,0.7918848269093918,0.06145368785483621,0.6915394142380134,0.8720147855841631,0.8415157735155837,0.07273644117638431,0.6537364429829803,0.9151232542182759
A03,7,31,0.5159847557192865,0.10531577474758091,0.3667694424091326,0.7298121122886221,0.28359647030781737,0.17637350977465432,0.008450914812353398,0.5341271154045923,0.16170283217415288,0.09651021041600114,0.04785361468383128,0.3677202100119423,0.7616483457757209,0.07767566910667285,0.6366620198532237,0.8663265586857707,0.883682593861509,0.04883940607321245,0.7996672701796756,0.9478216909765703
A03,7,32,0.466274889178971,0.10580470223022855,0.2983403750111737,0.6317596182877802,0.11491444033973887,0.12861513076569245,0.0,0.4309915231774711,0.2659403754652967,0.1279083796459382,0.022906248160222624,0.45177746642302524,0.7761113002287735,0.07989452826805214,0.6213577358636061,0.8716207110732448,0.7954980818512883,0.1167184330589295,0.492583884538055,0.9021986617167334
A03,7,33,0.4829293825423951,0.18099731744876157,0.13702332834725284,0.7567497446231034,0.19453702710431883,0.16104891027293788,0.0,0.4422901031965689,0.21704781125157116,0.1265924677275999,0.028519696004547655,0.40880049947231833,0.7698423356504935,0.08691071938391522,0.5970750589197362,0.9051795696282225,0.8967700070987463,0.045396657990599186,0.8249278769229829,0.9639743194697173
A03,7,34,0.4487968924460321,0.08579873917491518,0.30156772850427227,0.5669195486857406,0.23587313693321257,0.1502065942921109,0.0015986740748667857,0.43036509728294076,0.1857855313148155,0.13000267685048292,0.0,0.5291104391760975,0.719145129213571,0.08130086563253267,0.5469424928594425,0.8084043093354881,0.8351087263134096,0.09920212800029703,0.5819840202265283,0.9480449376188254
A03,7,35,0.45180546335718874,0.1087635381260025,0.27502832960014906,0.5982346723344333,0.08767945492335365,0.09928661328681554,0.0,0.3091032161379656,0.1844102203123361,0.11720854972585353,0.010650577989399976,0.38445740047355237,0.8286588411191592,0.04086061817460014,0.7622570074041987,0.9022799757722809,0.8135091416724077,0.09526183335429744,0.6549474428865985,0.944485604224725
A03,7,36,0.40043104237959926,0.1400259039385396,0.17866279519497524,0.64979342699366,0.2723011124321006,0.1865876417825662,0.01777572672142797,0.5363709933184296,0.1628726014152217,0.11694379896836193,0.0,0.33224055808147845,0.6964419323201165,0.10635656462973449,0.5408433684083186,0.8342623816035192,0.8364850779827466,0.10840132432937621,0.6157550858137765,0.9460597979465881
A03,7,37,0.5762463266419042,0.08137292415318906,0.37266277689556876,0.6902836972334426,0.15623669093550777,0.1765118000083873,0.0,0.519944701775621,0.434501808836331,0.07688361976518579,0.32980691192304995,0.6123464252560755,0.8004294703319615,0.04102665187913773,0.7040989984462112,0.8424427952584223,0.8855459986216422,0.06121481033541067,0.7594173520078805,0.9761022025365701
A03,7,38,0.4240480078131379,0.09575409820712152,0.21981659708605047,0.5631299081174393,0.14495987994437642,0.14983632055834656,0.0,0.39490224027030146,0.2658098773978657,0.18572021545692025,0.0,0.5340445491229103,0.7905783443464514,0.05390738632066728,0.7248957270086852,0.9074920736059852,0.8811138383537404,0.05094704741036481,0.7553109727275874,0.9504249024911553
A03,7,39,0.567939873618705,0.15605363390108842,0.27024222083414323,0.7431240999125551,0.3495302077883965,0.2515672424045611,0.0,0.716420118998313,0.2010073930337321,0.1763559889651356,0.0,0.5184353013827485,0.8029047271428025,0.06355615609295032,0.6574967853410472,0.8900806046000812,0.91551128412654,0.06016884702238743,0.7412531565307248,0.9727153938079083
A03,7,40,0.48857797402208536,0.12445069804454967,0.30293929144712406,0.7129631004975507,0.20584531717232576,0.2061246405278606,0.0,0.6079422683995241,0.25295794881353295,0.16914696861682438,0.02785435001580618,0.5184134860071802,0.7242131005911275,0.12530695899646177,0.4501398186041081,0.8451809857921558,0.8394618880964076,0.08718426687757967,0.6947253962299901,0.9569425318048547
A03,7,41,0.44243438257684353,0.08514146023138008,0.26745492374448065,0.5736180787509854,0.2420165050088703,0.17484811561169353,0.0,0.5997503181000513,0.1931764831763432,0.1257534872857583,0.0453790076271133,0.3982408926066356,0.7627539145469607,0.09166740164951462,0.5291744325042838,0.8740737638114527,0.9078376362814424,0.029695634324939994,0.8405026944948321,0.9539030785806238
A03,7,42,0.40858512962597116,0.11517705659926632,0.11726547733947443,0.6348382060887284,0.21943520279991088,0.20593598035285118,0.0,0.5208929042618822,0.15510592102282805,0.10369987042765133,0.008277205370285328,0.3647766584855144,0.7791863401147231,0.07053933136274725,0.6415751592131229,0.8900411656262692,0.8422870756106395,0.06136215701466547,0.7351172269054376,0.9181243423627138
A03,7,43,0.42256602982516583,0.14114407777611,0.06979025706605946,0.6731196996817255,0.18057070917892531,0.11994531023713463,0.02258959861980398,0.46865567563137794,0.10454022718490975,0.10891639053578057,0.0,0.3769957154490506,0.8091673507375037,0.04635957456998876,0.7171475918021891,0.8877957371574937,0.8632251867061494,0.07583257321522126,0.6544743165445043,0.9437777471681822
A03,7,44,0.5406313926284726,0.1481495320823368,0.1881681239207931,0.6991515436378606,0.1774979293727579,0.13302264305673506,0.03161252835020455,0.43555674309949133,0.2621506946432778,0.17580936845452075,0.0,0.5816529020946517,0.8118536192999943,0.05914907892266083,0.6445037982342178,0.8706205555560869,0.8802996916285228,0.05458887117576983,0.787197005708587,0.9593310243616341
A03,7,45,0.500841306693162,0.16541248841041356,0.1833987718377088,0.7560188582021542,0.24967504993086195,0.18003642428546243,0.040784399584450966,0.660988842012088,0.20606578409017995,0.15766294012397522,0.012438479666597613,0.578970718112825,0.783753608008639,0.08744385036001265,0.585900253944383,0.9051005340415481,0.8698066400983605,0.06723038791090034,0.7238466179718641,0.9586873155652001
A03,7,46,0.40206259122583726,0.13136185912281045,0.2048602271483914,0.6567124797385759,0.12482814822979177,0.10709296711624561,0.0,0.4358109194981342,0.15853567989531506,0.12138671954716795,0.0,0.4154194631383056,0.7296440026338137,0.10144889185708876,0.5515770302706661,0.8960054026507202,0.9105554107495479,0.015251256102640996,0.8827440038424154,0.9359653401461848
A03,7,47,0.3838388975170845,0.20032112668869972,0.032201519133012356,0.6509882957246571,0.1489951043815943,0.1210545257869032,0.0,0.3884551315550522,0.1406502365970866,0.1049182638948441,0.0,0.3013403704070516,0.7482689127554083,0.10035456355655407,0.6005905208161465,0.8820180026776118,0.8763366385437522,0.0726268415170163,0.6869637311126995,0.9631217461158423
A03,7,48,0.5082393521130493,0.11702113047040874,0.3182925147231635,0.682079778937023,0.15034263143487228,0.14419675504247176,0.0,0.42172658064331053,0.19274529351591493,0.17984195816696755,0.0,0.5854254029729964,0.8339903555340616,0.05830153866501968,0.7375330689590482,0.9372373995977255,0.8864235739349233,0.07868885504538112,0.6546771435385406,0.9700803932514555
A03,8,1,0.1870730119238882,0.16555586999063635,0.0,0.4706408700258769,0.16749279017401422,0.22227484453070528,0.0,0.6176206345895127,0.1741929969744722,0.13273401064960166,0.0,0.3677147255534768,0.29688045615778963,0.1826291971227774,0.0345059629624263,0.6564208888242691,0.3695469134078551,0.23414780762391235,0.0,0.7009938093003788
A03,8,2,0.15183088883463655,0.13091022659478455,0.0,0.39849379717413225,0.15392014955567573,0.1665552061819846,0.0,0.5160808948017566,0.10203111868780664,0.07241535112681735,0.006667558157746841,0.25970653798601673,0.3136885435293056,0.16803158152487774,0.019536909218683913,0.6477292782278193,0.32993102684082737,0.16780838737198236,0.01737859191331976,0.6442709988368761
A03,8,3,0.06634206412571551,0.07999161893048798,0.0,0.22872407639768708,0.1361962662936234,0.14299047085196062,0.0,0.46535443949716854,0.05751557064031011,0.06791805272565395,0.0,0.20990785072035253,0.14049020092843106,0.14863684414817904,0.0,0.3975104426001047,0.17539914945115748,0.13319382274785882,0.0,0.4257425877333105
A03,8,5,0.10564677680558641,0.10295486362637131,0.0,0.30213841248957085,0.2134134519173571,0.21225745693169534,0.0,0.5205421028118263,0.17906776009841596,0.13364153763994724,0.010245717425819114,0.4709553435676698,0.09244598245236932,0.107588471944939,0.0,0.330145125771421,0.20918044061502591,0.1867194058985776,0.0,0.48956329175887314
A03,8,6,0.20351597320974682,0.12442185213898659,0.0,0.4007528411671615,0.2311089595882306,0.18386643350419396,0.0,0.5235630445549722,0.08909608559810503,0.08103593974755322,0.0,0.23838697910080672,0.3083602974607241,0.12399234352731724,0.09475868819361535,0.5339154140196969,0.3517255986094266,0.15341285932195822,0.018089714825134755,0.6286588239666696
A03,8,7,0.1418560570206042,0.11199613843238569,0.009744887517483671,0.43408469856179516,0.16146862732998338,0.09707003795313077,0.0,0.3245227264308436,0.11364502040608009,0.10621357578663011,0.0,0.28748571163056535,0.31382956997631184,0.16321268925028562,0.046649995844588385,0.5400089828297758,0.2722996897577202,0.1498834556592956,0.053739729183360486,0.5094104276290314
A03,8,8,0.19898193016565144,0.09102741957810985,0.017522048020098824,0.333359516110452,0.19194608762974155,0.14135707806190656,0.017636530202587486,0.4485494196782544,0.1931385986542691,0.12567261950963107,0.006225438002035328,0.43038453272738914,0.3412481965960151,0.12658187806211985,0.09037075902845662,0.51222824987448,0.22266207957751774,0.1456264241491043,0.023419938994004613,0.5317426773866164
A03,8,9,0.1526163235550713,0.10525142711420304,0.0,0.34460865444658084,0.12112985283690983,0.14914631877223708,0.0,0.4486933045021083,0.21624005804407415,0.11623288012621388,0.06433411567292056,0.41243903944462945,0.2308283592977463,0.15905751598744566,0.0,0.5583776787845637,0.3674564147568712,0.1549910587614193,0.0027492863127864175,0.59732169484267
A03,8,10,0.14493609835198656,0.1480355403115079,0.0,0.4794755178982038,0.28523731856467394,0.12833978643097696,0.018084968202521985,0.5176686345887554,0.12286099557760402,0.17281631487251914,0.0,0.579875108867882,0.2264503863021762,0.1351710342149269,0.015550740011458366,0.48642396525099485,0.33268471401858546,0.16184333922331107,0.07352545833946424,0.5801325302314103
A03,8,11,0.13679957289674674,0.07584861482033849,0.0,0.3002801391647129,0.023950042182468538,0.030303381569417573,0.0,0.07318913459695502,0.2710103587793812,0.11444644924115613,0.060674471140670976,0.4668349455542974,0.3014374040478941,0.14241633537032133,0.045698678546456914,0.5039550587368927,0.20310635547164105,0.1521467043948723,0.0,0.4877575937016401
A03,8,12,0.14615086421548085,0.10184464583296525,0.039779574220094295,0.39657521828737446,0.14132134510613975,0.10416903106190141,0.0,0.3614586906886559,0.1904800280509722,0.14504775019228755,0.008050232234451322,0.46325229483886343,0.15107156378467831,0.13880350953774523,0.015273641226535501,0.3995200534318243,0.33144916682332165,0.19665012482584115,0.0,0.6027086175564932
A03,8,13,0.14588478227942162,0.12783327709201814,0.0,0.3479859298942216,0.18222877741782112,0.1677146599256921,0.0,0.5554574397116383,0.14386770156732942,0.12507933173566183,0.0,0.3766152952892801,0.2655739196235722,0.1090434850373235,0.07152657555643525,0.4720228462413519,0.1903248024870269,0.162141779802405,0.0,0.5982095041092351
A03,8,14,0.14343822992198538,0.12255575107949791,0.005892873335699703,0.4318180923722788,0.0916434998595544,0.10076727340084893,0.0,0.30994051007762824,0.18259468045877297,0.05270002007952565,0.08716745246888548,0.28070855762071545,0.22811113964856256,0.14409103386129998,0.026099006596932556,0.49313772609130135,0.2728287822097373,0.1868929556410964,0.037050584568947845,0.655094211377967
A03,8,15,0.2081589513113179,0.10732084112638933,0.0,0.3606121991111931,0.25844907239398185,0.17378223394682357,0.06310053269386283,0.6616886279778755,0.1593846007730568,0.10568505329109473,0.0,0.31731134518448595,0.33998939305700643,0.17460948344167068,0.09358866379270132,0.6314872976452431,0.1814233424224342,0.1556514822098955,0.011070667834500678,0.4313102253377076
A03,8,16,0.10600533575032117,0.08832346154246967,0.0,0.23426206586598444,0.11381258697011856,0.18388264917570527,0.0,0.6655734132832658,0.17619527614243471,0.15382502829687586,0.0,0.43790838655352227,0.1944885467063287,0.1369029468388126,0.00032561741180844476,0.47473606591177114,0.2349911785865813,0.132658406445709,0.04558069390982838,0.49780197798595305
A03,8,17,0.11541760086372217,0.09510470659784172,0.0,0.3110364665685892,0.22292830598187574,0.15593757302688216,0.009444587220031529,0.5129716396810349,0.08086731710427929,0.06564584036623015,0.0,0.21825339435851895,0.2053794058357265,0.13117959390210476,0.004590920749704829,0.4867719362898671,0.28567068772508947,0.2119650403003605,0.012464689759624559,0.544146699479557
A03,8,18,0.24688254275457366,0.15351999332100283,0.052764507372630734,0.5513916791109336,0.3196166933454952,0.13697055392257954,0.019379548385787038,0.5018296940406991,0.2550101023589616,0.19860633277066844,0.0,0.6376974771321938,0.3065941065278494,0.15208549509234584,0.07245654099952073,0.5130762735281641,0.32722862400588215,0.23821079687862717,0.043963760857394986,0.7755108744660167
A03,8,19,0.26602039350806256,0.15568575959328232,0.0,0.5088736412934631,0.2653041056555781,0.18110060991583996,0.035754728487357355,0.6628896938684232,0.25130320453358296,0.19474054810737026,0.0,0.5356937975401098,0.214158083102778,0.15443399096670843,0.02465826839295509,0.4621605049960566,0.16782007312011502,0.17154008890110256,0.0,0.529674382002487
A03,8,20,0.14144071871867694,0.12055903691318548,0.0004932852573153536,0.3569313334985543,0.16074206259946777,0.12658348876488562,0.0,0.4144101879939751,0.14272559063639728,0.14361660583230898,0.0,0.37209872229132007,0.23328311998174436,0.10414587449950947,0.029823916848684746,0.39249071830595883,0.3356226982781285,0.14906075255929013,0.08221023739484791,0.5679563254436361
A03,8,21,0.1818879179747486,0.11254612859087501,0.0,0.4242518407890627,0.2841325990879219,0.14673250792899975,0.06733267442638022,0.5703410373847492,0.14966271125115455,0.12921388220978233,0.0,0.33582006993592384,0.18087327023478114,0.19463934221812196,0.0,0.5207442336456459,0.26117741403158345,0.21391548157994747,0.0,0.6961698452039117
A03,8,22,0.18205155441600998,0.1462721877983142,0.0,0.409000762808496,0.16796089706358738,0.15093163788415276,0.0,0.5060427531219995,0.1468891587341164,0.15612050377513662,0.0,0.4495379841893495,0.4090794761622648,0.12367050551222823,0.1866064551913276,0.6147835291241929,0.2158824110906916,0.1628795474963318,0.0,0.43552590305336
A03,8,23,0.14011263419972145,0.056388540119863696,0.03512882505971988,0.24149407647770021,0.1642598189954222,0.1427394210840009,0.0,0.4587093838241705,0.12478936843739959,0.09516248905664881,0.0,0.35086189119350014,0.33118718666388125,0.13595398304522366,0.08245521988830452,0.5109366912071981,0.2658898336703769,0.14064839698951986,0.03598749445674628,0.470202017397071
A03,8,24,0.1821917966690605,0.08812519925515874,0.05906457882225916,0.31522364017366444,0.102060911351941,0.1312526191493051,0.0,0.41346503988644684,0.2730032892798785,0.16015651776355477,0.029882814954034713,0.5295322825375386,0.2157320408274987,0.17140304352784894,0.0,0.5184812562133418,0.2080622031725475,0.15980659377206122,0.0,0.49416550446974944
A03,8,25,0.1682040335495963,0.14220933492233856,0.0029070128984804828,0.41144999143769645,0.20516778496138594,0.15516644572984423,0.03992890504482113,0.6081581292300152,0.1607163325832187,0.14172508957260951,0.0,0.41490150075868826,0.35931648550953366,0.21353071673977722,0.013930734597191836,0.6250518478313208,0.3450213372194154,0.14053024753771706,0.06928091128096556,0.5483057800571748
A03,8,26,0.2035088885796364,0.12458202952153129,0.0,0.4429477648725942,0.22797706783978466,0.16547832252465347,0.0,0.47433717262774727,0.19052831384937832,0.2061824709485184,0.002529246685317082,0.5410385431173103,0.4170877393897463,0.10754898822228283,0.22268029801836345,0.5703349279494733,0.30557785538613574,0.13434903440983,0.025357649295925717,0.4517445629290278
A03,8,27,0.2063346338834234,0.13293254592222967,0.0,0.3837837599671001,0.13739382592325652,0.14304575442758694,0.0,0.4489117473367488,0.2507802130490326,0.1777902710782557,0.013522672634385415,0.5310770271793025,0.39118188481948823,0.1846422613093849,0.08270031067363934,0.6367416546904032,0.3098402830422321,0.18579731911705646,0.0,0.7021312022049925
A03,8,28,0.1250379687939443,0.10507314405912101,0.0,0.2897655467038658,0.19411401385243413,0.12766360566244964,0.0,0.4493472656030208,0.12438179058596341,0.09266329157850631,0.0,0.27476756635172817,0.25129605504203506,0.12017834651771728,0.08282578298777998,0.4510455594912943,0.3683640356554387,0.225133746083929,0.0011169160411480844,0.6547649787395982
A03,8,29,0.21772951804897966,0.15256515270628832,0.0,0.48330825541192995,0.25691840783833014,0.14090025597713748,0.03298078180994494,0.5162118583359764,0.18800723252608162,0.14745711341752368,0.0,0.4304817524911198,0.37277707012057587,0.13599831772209822,0.0978176639607673,0.559240260373053,0.4037865953058108,0.17854354100742895,0.1418819671429375,0.752695813559402
A03,8,30,0.16512805489812973,0.14118986964965521,0.010930011547369596,0.42743797487099167,0.20175703051816582,0.1806914073108948,0.0,0.48549059926387994,0.19627149053612103,0.12158099855651887,0.010410629478526065,0.3679900794164759,0.21301905469590984,0.14435687551425166,0.00858062407557065,0.4291629042425807,0.2932872589831393,0.188718891659538,0.0,0.5517909313722582
A03,8,31,0.16718999518057032,0.1664364021543418,0.0,0.4211344529434249,0.2370869413213626,0.25166100350435683,0.0,0.6035832750824889,0.14906508226672727,0.1350940026184284,0.0,0.38519129920475403,0.28149136116593326,0.1317358751545185,0.026055074019598008,0.4403443307990678,0.34154895631014914,0.19795431964287327,0.009667392609546997,0.6557572832025269
A03,8,32,0.2334771074375449,0.09510644426615066,0.08039297381718256,0.41748402444563604,0.2952962119390819,0.23229564922944745,0.0,0.6783787651092457,0.23599538022913089,0.14989463013885615,0.0014076137228297783,0.4890856184303352,0.30558694845413964,0.15602249074458074,0.0046498741665041655,0.5311846488837159,0.3525847988429997,0.17952297405397682,0.0,0.5805787552822205
A03,8,33,0.18064486323336898,0.11259140197130749,0.0,0.3295249789643026,0.1449991998441743,0.09161721813742328,0.0,0.32525250383310167,0.18724265142640772,0.15093102888498372,0.0,0.4390870941610991,0.2509416442957367,0.12945723087070604,0.007808978677309183,0.4889175472177764,0.2990596919126311,0.19351326841268976,0.001978883558677036,0.6692796527266073
A03,8,34,0.1994405071765327,0.15232547894521803,0.009112469849851479,0.5365704231622409,0.21820560710210868,0.21308639468862792,0.0,0.671118593724974,0.18593171886108734,0.16701630143226426,0.0,0.5085990091646919,0.2476142370826312,0.11771763061550074,0.0280386405903397,0.41212141759880827,0.23306115881995731,0.17224441410153532,0.0,0.4595616655936384
A03,8,35,0.23940163095189682,0.14161062583312314,0.0,0.4370542682103872,0.15042915016872413,0.1528919754340085,0.0,0.44480574230485975,0.2653629980540526,0.14461191908918788,0.0,0.45688216955892785,0.3525330760621489,0.11582844089710365,0.15191389988463058,0.4868254589844478,0.40535215410167247,0.12293028283019614,0.10761029217187072,0.5509658482849054
A03,8,36,0.2082183680345314,0.14010356646644528,0.015412085171454473,0.46423493095236906,0.26537078222984345,0.16558952000164126,0.0,0.51781087276976,0.24921983015049984,0.14722137551869346,0.04710261498162376,0.48199920996558193,0.29841556408866465,0.13297735786111697,0.06807067863339986,0.5219794681303518,0.37119253473309255,0.21959876961810584,0.01791369879141488,0.6669244344004657
A03,8,38,0.21224624075538007,0.14384107918432348,0.016910118641899525,0.5101743937945348,0.204520863108809,0.18991852714027246,0.0,0.5661177195873367,0.1897399057308751,0.15884665543532434,0.0,0.4595595391906725,0.3952981904197044,0.1312470620936126,0.14260496982155607,0.5314947569644505,0.435046532021161,0.18037175924138088,0.16430141359493858,0.7429340407942192
A03,8,39,0.2119779568968372,0.1462948887843118,0.011999051315469713,0.39005183486209977,0.27346864099869744,0.17876509425139386,0.0,0.5846123388442072,0.18877106781476688,0.1569728078584091,0.0,0.4474151693127399,0.34673296446049545,0.14843116832372796,0.048345632604271195,0.5993706148474203,0.5150562444999882,0.1896692052788939,0.10462127292042356,0.7408179416813631
A03,8,40,0.06343106017603209,0.06372080595578168,0.0,0.18477032010845953,0.25814610328618987,0.19982600031591477,0.0,0.6070776880896229,0.043063221192224437,0.07110685278842979,0.0,0.25925759705283674,0.31434014070152067,0.15804761517476656,0.11643601897955148,0.5793015537150195,0.37323386770715694,0.22872653522514202,0.0,0.6774177083277683
A03,8,41,0.28853992519305544,0.13345634516786603,0.0,0.48375303671182973,0.23815870356881566,0.1914719293897286,0.0,0.4497415627964588,0.31592989940203714,0.12666127751762266,0.009617498627910186,0.45505117838653525,0.3170055880628006,0.1662337460150439,0.039473600743245796,0.6145416729203277,0.3066441502045081,0.21859568905569252,0.01809408042566139,0.6576701701858576
A03,8,44,0.21379630455441004,0.12891543028564467,0.07057851082424535,0.49422972939082294,0.17688717056658723,0.1685026082362829,0.0,0.4667482452386539,0.2866628831176617,0.12384751970117276,0.06650835097790242,0.519437605600267,0.21031844850411885,0.18863107558208794,0.0,0.5320881542140745,0.3048486797738281,0.26006396687577527,0.0,0.6861547749397611
A03,8,45,0.21934510272073773,0.1658355911771966,0.0,0.5282632969260878,0.19414502217889235,0.13830448459371067,0.0,0.47248642402279856,0.24301698835597194,0.15455901543736397,0.0,0.4750802037241199,0.3328551509552284,0.22125004436857237,0.0,0.668154261076161,0.38951009993104824,0.234288423677924,0.006677795424224864,0.7593663206990634
A03,8,46,0.15039689079559215,0.09604629367068304,0.002026701887596984,0.3101735342283084,0.1946336865117602,0.1768233644765321,0.0,0.498869380336816,0.21109931850710187,0.11942715600474207,0.0,0.37648557491040263,0.2285649990226532,0.20643084167936668,0.0,0.5751884233348635,0.4186941423546075,0.18719095906346533,0.12178795784750295,0.7529548169166255
A03,8,47,0.27453955812748443,0.15244798253406633,0.0,0.48540132852195395,0.16718468882148194,0.1437075304087801,0.0,0.4819796912105083,0.31773883566448774,0.17376008690729206,0.03418099724725026,0.5765573008419586,0.27544900948495826,0.13179250612477186,0.06444666329480843,0.4780424853779457,0.4444204769606398,0.2483424334971816,0.0,0.8056024469996625
A03,8,48,0.204270314298138,0.11945839647244848,0.024678539389724814,0.432868385450003,0.1933543992462992,0.2060277101656892,0.0,0.6135667227805187,0.2662467888980104,0.19113528596485233,0.010480064041035377,0.6079304964974285,0.2722287433835863,0.16796971019051485,0.014298297113079743,0.5461847377293344,0.29250871361490843,0.15322811883144877,0.050362347889098436,0.6601802796874221
A04,3,1,0.2615448771518901,0.08958005097058795,0.09914081667066835,0.4196481197374205,0.1559759566075579,0.1220934116294805,0.0,0.3297737663838456,0.23658245932056768,0.10664417793976996,0.10346411032587956,0.5041780231103219,0.27825359640901975,0.17257749688371446,0.004668602029073884,0.5269468213831102,0.4740313638030431,0.13805818614403684,0.10397001023100724,0.6394363946868563
A04,3,2,0.20575827121932405,0.0908989515290341,0.03197924306683507,0.3820872040560016,0.08998227945604383,0.11582873247699546,0.0,0.30544797523914,0.12234687579892346,0.11563193942105517,0.0,0.439613760684531,0.40706878941868013,0.14271780730383893,0.005038699701087469,0.6247170667492059,0.3505505847146894,0.08232119661185068,0.20558126107682245,0.47328301877404394
A04,3,3,0.2422487070079707,0.10319924973402238,0.0,0.36265282945206806,0.18622519088921782,0.11718625839437974,0.0,0.37096246675483113,0.19816890392147984,0.10431444778520568,0.01140895487988707,0.33573490070857354,0.36564305053589846,0.10617925594352547,0.17143315274269236,0.4807420670578317,0.28262384619763076,0.1728386632958888,0.0,0.5141223914609976
A04,3,4,0.26398087060665254,0.046836143548676316,0.1844610286371322,0.35302119872838883,0.20778157291348143,0.0757809964680008,0.06885646943835752,0.32921564022695066,0.18705129479668361,0.15394978653434852,0.006041464259118461,0.571010232306835,0.3200006910770288,0.11149561070219371,0.13892494274443765,0.43364932152764873,0.44417269926652814,0.05646587523636395,0.29317316544250044,0.5284181602414513
A04,3,5,0.2450439154199334,0.10130741468736523,0.050078742330210146,0.4152165755662557,0.2283780411431343,0.1521296456935642,0.004645100515495366,0.504265955873754,0.2409642698423254,0.17385638757454272,0.0,0.5690031043052145,0.3134436591303064,0.10935862919429526,0.11219658272000944,0.5319783326536358,0.3328288171432597,0.13333129251277,0.06302833519873188,0.47253485506903264
A04,3,6,0.1958093210644879,0.06915101413008078,0.06425436912553126,0.2891316882781399,0.13335631333392353,0.06841533180301868,0.010944281899415589,0.2380089470777775,0.25884146951400855,0.1319420186580783,0.0,0.461752991496788,0.2767850642415618,0.1391716023791252,0.0068337819089513575,0.4934960888135262,0.3469940420478136,0.14646015541517152,0.07388548964513032,0.539651781370338
A04,3,7,0.161852178566678,0.06845090593451868,0.06253021828258283,0.2751039495166623,0.09812750557705782,0.06384463516550506,0.0,0.2059240245796389,0.18280876402146765,0.130781678677249,0.0,0.3695582650219543,0.27180222822894173,0.0779990851143854,0.15083270841186153,0.41754130700106107,0.30589166048177635,0.18437326977538837,0.0,0.5694829522367488
A04,3,9,0.13004771539314974,0.10573893824417042,0.0,0.32884942668792777,0.06620175640173971,0.07878001430771951,0.0,0.2194420661512632,0.1701244913879899,0.13411140396253438,0.0,0.4882770939057476,0.21774149731224643,0.09858553641380112,0.050978192309603765,0.3815107654147067,0.3124888415762595,0.17575214734529548,0.0,0.5139644178285215
A04,3,11,0.18547480798958133,0.10232840455289353,0.0,0.38386663879598715,0.20998874988732225,0.11625351140713908,0.0747832472034207,0.45943578067169116,0.14967305004552317,0.14279350202913527,0.0,0.4149468679148951,0.22890132231823018,0.13200726652221748,0.046297180482537885,0.4367951263473047,0.3331695987924294,0.21820870205704995,0.0,0.7104602668370023
A04,3,12,0.17475047910737077,0.10573864321032256,0.0,0.31068287176933634,0.1658318532252555,0.09663598718993949,0.0,0.2960721306847738,0.2035682568720278,0.12692692474773323,0.0037562375673250636,0.43299358114194203,0.20899351339046363,0.15469173216858748,0.0,0.45556432528903323,0.23057129280039132,0.22066177471234125,0.0,0.5549961232951739
A04,3,13,0.18013646379673406,0.1479921783066215,0.0,0.46484267118148054,0.30386827343627665,0.09018770788158086,0.06215161601458414,0.4645157081914126,0.17191778478518932,0.2248656021600133,0.0,0.6432888445178049,0.2091621248326361,0.13874412079024834,0.0,0.43804199601209365,0.13834569198266414,0.1361226390282296,0.0,0.3489861807352895
A04,3,15,0.22810372922615818,0.09718412036872683,0.02508617103307826,0.3804689121100285,0.1881106324547607,0.11200456144807125,0.0,0.3880019938570562,0.24771231069604613,0.13144524915890698,0.01755424142164081,0.42387905410291754,0.24313482421335442,0.11749464871940839,0.06383938753934555,0.45929429275361633,0.2992815807405924,0.14350428138292073,0.061739017482636514,0.5021706656244723
A04,3,16,0.13923631298858932,0.0749592542247144,0.02493136191892596,0.2915363372042213,0.1612740153939248,0.09840822549873121,0.0,0.3800912873991204,0.16192117198181505,0.11741378809327091,0.00955567171158037,0.4026628776757085,0.1246756013700843,0.08538958930828061,0.02175845336295379,0.3142043773816286,0.25702582751346414,0.12272332420444342,0.0,0.48268566780764643
A04,3,17,0.2308789616555891,0.08194202395769641,0.10411956673344495,0.43839001546895784,0.17231897476930855,0.09643226150685291,0.029382291378739885,0.37734123259007074,0.26751614536838847,0.15138312027436826,0.045525269107475265,0.5598257420190167,0.26761825651114446,0.17032755249086856,0.0,0.4798635859519165,0.22334089537411966,0.17766333011497948,0.00220366645791803,0.6231161121582082
A04,3,18,0.13389615275791525,0.0644820823682342,0.029743852419207295,0.25952186795860743,0.15262606842984444,0.09531417751817983,0.01661730231135158,0.31983586611283915,0.06408117040742077,0.06697721638013905,0.0,0.19098296381484273,0.2313852713266241,0.12587708871051828,0.04743243970592072,0.4480830138304529,0.3873521218783032,0.1755220985308876,0.11416254666623779,0.6623843289748235
A04,3,19,0.17786353473341043,0.06084377072864551,0.053767078819824995,0.2756297990356253,0.0966620012987441,0.09646734726907268,0.0,0.327013061095299,0.20523108467977103,0.12274495202082203,0.02895950420115732,0.44728896201561713,0.28506560679993254,0.14522986558038678,0.07604243004165401,0.5230661217418726,0.15398588199521157,0.13417709924277232,0.014197326904668826,0.4711803181966015
A04,3,20,0.2143524430687519,0.10288489647830662,0.020864408369646124,0.3425612345830612,0.22606033750032015,0.12241567643368172,0.0,0.46185076640349976,0.31524947733166664,0.13486690077869007,0.09613957692159225,0.5635777127777112,0.17192349653007283,0.12521551874996026,0.0,0.4020312661487407,0.16066990684101173,0.16054171019466792,0.0,0.46171971767575454
A04,3,21,0.22640285927027606,0.08702833946723001,0.034047992491466395,0.37410948199496613,0.21067613136740496,0.10943234014040899,0.03750591212772395,0.3741603499263916,0.26268859141516093,0.13331788178692433,0.0,0.42419479528097565,0.26668492705946634,0.13289940657505175,0.0,0.4675100223315497,0.2629592702944453,0.18441498114585847,0.0,0.5748986348324381
A04,3,22,0.11587418810427842,0.08102468703732105,0.0,0.25568436460199295,0.1314444674370787,0.10984922736683146,0.0,0.3343555948838032,0.15173601116253285,0.08914183701046921,0.015600850204875878,0.37552430907217904,0.12752009843736542,0.12242076300301968,0.0,0.4097026859208887,0.12556631375146957,0.13899592301313562,0.0,0.4119298930969753
A04,3,23,0.1776815514029959,0.11131282018313393,0.0114461687480152,0.34277930145741903,0.21542565361623725,0.19567688301927608,0.0,0.5614704593955999,0.31619296133406843,0.21345192738765775,0.011352052197369076,0.7992667104901905,0.18568331084060813,0.13511345134044841,0.0,0.37249320968424093,0.13767321288679601,0.1556654114112188,0.0,0.39740548717798296
A04,3,26,0.18999381860151623,0.14985578860776075,0.0,0.6274619963552368,0.16551048723726916,0.13722007601905664,0.044579335982653054,0.6151922178840865,0.2508715951346803,0.12205657859192617,0.0,0.41576308625777786,0.1470883681366715,0.12214233008316534,0.0,0.38639256474899797,0.13812531702373115,0.09703137610774702,0.0,0.27055483770312827
A04,3,28,0.2167378826707929,0.10259311606833901,0.028916098114653597,0.40959518112214954,0.1841783992196324,0.15199802298145082,0.0131935078897401,0.5801687871110662,0.3140569020451076,0.16344711694375286,0.09439122797860751,0.6361913821716542,0.24993130915363787,0.1312289355534355,0.0,0.39594516602055224,0.3429597971802055,0.1544017422298495,0.0,0.5274043932721088
A04,3,29,0.24977154405191607,0.1422433899797909,0.0,0.4745509119226064,0.21877013593856987,0.19736534579065185,0.0,0.6338113436870753,0.33123650580245306,0.20469072612987962,0.01395313095547506,0.7199368401888343,0.16934397485599792,0.126455841457465,0.0,0.35005296644560374,0.14106352183644208,0.15065083586444153,0.0,0.3961220662025767
A04,3,31,0.1608800536340462,0.11921767773758835,0.0,0.3799486599579155,0.13311965273152968,0.12093796574424898,0.0,0.31570742612282393,0.2268719984922208,0.17836321002670255,0.0,0.5421753084191543,0.19226509643051243,0.11450840756593349,0.027220535121674865,0.42075050991294605,0.24413524801472736,0.13997018327659025,0.0,0.45843339110350084
A04,3,35,0.177356636159867,0.09607778188054636,0.008129247267107589,0.3446095589810427,0.19385427800703686,0.11659768468088533,0.023171994283978075,0.385180016656162,0.16345749875390755,0.1503925350606299,0.0,0.49413773261250754,0.21495941415376205,0.10250906136205158,0.0,0.4504973386785818,0.2870442966617449,0.1891388563170346,0.0093435808055594,0.6119432927382643
A04,3,36,0.20158218226610927,0.0960338773700524,0.005225672707883449,0.38487901650480805,0.16193428697509965,0.10977413939023307,0.0,0.31448812355573635,0.2509050634675946,0.16637783936111947,0.029522092561841413,0.5098294332737006,0.2397660056121086,0.13574540242269625,0.0461726301351247,0.46014968034025144,0.18517332269647285,0.11235261540250152,0.016318669997323596,0.42253709251894417
A04,3,38,0.1461363130320268,0.11534910153144784,0.0,0.34460014046015247,0.1625943890610409,0.1427772077267435,0.0,0.3642197047301412,0.24854572637948577,0.17740822502936507,0.01633148145274513,0.5042518677958788,0.1454516852181568,0.10797273614602468,0.0035442640342702803,0.33752479174962613,0.1533146651036264,0.11717516084221742,0.0,0.34877923556611357
A04,3,39,0.17876836666676077,0.1065186366018735,0.0,0.46432852573782607,0.20102143839199232,0.14076030570896028,0.009980046974016379,0.5319735636972979,0.2532526860004565,0.1938423074481985,0.0,0.640310346674375,0.2161612413145031,0.10965622074447903,0.0,0.38140180138360436,0.2738089155706193,0.1666241839543538,0.0033344880401395033,0.5288448417003898
A04,3,40,0.17063263561641523,0.0700750209705047,0.017592178402819254,0.306733551575213,0.15310816542653646,0.12242527125842073,0.0004831406358406509,0.3953284733762098,0.19835592938169483,0.15842142297209205,0.0,0.5942802041900516,0.23323119995395813,0.10603577108668612,0.07891687000380669,0.3955188285105846,0.16926516960036123,0.16017403256158788,0.0,0.3848885675771963
A04,3,41,0.1793732847483661,0.10648986966206825,0.01343516198009084,0.3497814550929417,0.13393430543662488,0.08587739475243156,0.004072712263090773,0.26894951454385696,0.21178970608521738,0.17720378288545385,0.0,0.5598303202795364,0.2353612310659538,0.10925257884693378,0.06929770733897085,0.41003664259137124,0.25947596125569616,0.1986399087013834,0.0,0.5549194605866596
A04,3,42,0.23547528686276128,0.10419640459555612,0.02139462185609886,0.3644268624623389,0.2241811240409765,0.1228476689643832,0.04056181048911589,0.42639533683007397,0.2938138985419438,0.20318861519681122,0.015782496292328578,0.5485047365030671,0.257097645685442,0.14354208700679966,0.019655293748823306,0.44571284168893455,0.20511287148959167,0.18236753866375663,0.0,0.5206024873833788
A04,3,44,0.22378408702460373,0.06993869095311263,0.08065243300359935,0.3635254622619218,0.23305486170900291,0.14097921127757596,0.01872420971127125,0.47846454175924374,0.26424262362113643,0.14099343981302548,0.006159024705147763,0.47695033042582147,0.25231692895940194,0.09588066853669594,0.08864157942336814,0.3631394004285585,0.33279955644847176,0.1764980782444454,0.039492545220219485,0.5435245250049746
A04,3,46,0.12994810341968716,0.08987774626950065,0.0,0.26689471673197074,0.2142064880006278,0.12942489676363114,0.006439985269430951,0.4264188153210644,0.10584453635386078,0.09581913665616495,0.0,0.3282436376249783,0.11138369389933625,0.11221097454242364,0.0,0.34336044210781486,0.2618188397729003,0.15021805333759516,0.0,0.49718249383013857
A04,3,47,0.13067788493612112,0.09827990279685285,0.0,0.31989832728363715,0.17693007697572335,0.11935650560443599,0.025227092250628896,0.45048797412981034,0.08716496794885194,0.10217231230193806,0.0,0.31370084874691667,0.12139639314629377,0.09236446744456583,0.005333801081216029,0.30656902296872474,0.24669487598086537,0.1963738151279014,0.0,0.5573034402218346
A04,3,48,0.17597966694013145,0.09929432855490429,0.038443553831645404,0.4071494804982071,0.17833407266009965,0.14155567493789048,0.03334401661728175,0.4684043061863613,0.20481955356269113,0.1656501352435238,0.0,0.5103351995866715,0.2013475880508226,0.11554957006445418,0.0165010785635589,0.3619477803065096,0.16328171099021382,0.17320020766954483,0.0,0.428976441079746
A04,4,1,0.3126847925488319,0.06574227828366289,0.1794981354962852,0.4684098389687925,0.2929273360203145,0.11154967104007822,0.09169300313684722,0.4468276519288035,0.30137790997210756,0.1565007360563504,0.08642011290880809,0.525595851827793,0.31942738678169563,0.13176553499416688,0.0,0.5277569041764346,0.40012515083687616,0.18291315062535668,0.12229014327741974,0.6258176320684665
A04,4,2,0.16646775090918328,0.08941434358914935,0.013308868184484703,0.2880318565522484,0.0928947280010656,0.06476563937587715,0.0,0.22896438468199382,0.16202313397726995,0.1588372795236104,0.0,0.4618758015966828,0.32919994477656733,0.1032354960608205,0.05872223944486653,0.5183959627332051,0.34558493690980524,0.16839927435686486,0.026698492239733734,0.5805877654263389
A04,4,3,0.12757013196945344,0.10074486720187101,0.01103941838777156,0.2730865251398863,0.05567647782736757,0.05539259384761835,0.0,0.185617241838178,0.21589084348369045,0.15130785827488616,0.0,0.5000801706520361,0.24285633323058192,0.10528943934153671,0.052544755693346476,0.4595177029547027,0.26595946960091815,0.19131736979915864,0.0,0.5867198659629201
A04,4,4,0.22392878173444938,0.07471033025094921,0.12677006875787128,0.3630756405080879,0.10607347530926914,0.12467292141136248,0.0,0.40220853054134315,0.3415979896513611,0.16545936149360407,0.06311994810471241,0.6283635121868537,0.2705613440442463,0.07977050854257099,0.09367961811695462,0.36994228415439506,0.3889271722621025,0.08422182862662723,0.27762728288709465,0.5217280121902758
A04,4,5,0.1455575645187149,0.09553946991827617,0.0,0.30945163405380655,0.15218533769196968,0.06986997200400341,0.03650312772529845,0.26066723681013687,0.060860349315934745,0.09400704926635646,0.0,0.3260789586381841,0.2202658534704814,0.11805204724164306,0.0,0.405416814485635,0.3593643057246386,0.17444094741125235,0.0,0.6553204217421601
A04,4,6,0.17294679933593018,0.08327083638577173,0.04683966854406047,0.32270859057004736,0.137114193543027,0.09292200276486823,0.011641147371400175,0.378247248153189,0.16957044938761986,0.1395344928865911,0.0,0.3844431115661612,0.30333250039752246,0.0851322845535271,0.14450574791935825,0.44748163677367614,0.30272070081173513,0.08051897224434783,0.13790940882204217,0.46474831738161954
A04,4,7,0.22288607570293467,0.08732258023562481,0.07431230150155269,0.3813128635484412,0.114203676429473,0.07140105502436137,0.007588666807212692,0.26212879642162545,0.279233796029039,0.19690957263955872,0.0,0.6978605223752937,0.34809964403854116,0.11936958920259233,0.10167320952665114,0.5805738365900149,0.36494158510024466,0.15682930555660202,0.0,0.5727703109280343
A04,4,9,0.21624457423640783,0.07443069020221055,0.06900674326641891,0.3170052765265643,0.1280068795585988,0.07108380443225418,0.017572539384799333,0.27588321969482005,0.3321676158463729,0.21547201582930087,0.028195873772219437,0.6735168522507694,0.1594605191149984,0.12892982754870996,0.011554427262432419,0.38701387681375193,0.40483638197483374,0.18840885228058057,0.0,0.6553921298748141
A04,4,10,0.2134653527617761,0.11446748744898386,0.018646798897543233,0.3590668733091019,0.16026185330129092,0.10710633111142041,0.033530209902796745,0.34148155277382003,0.38604284416506507,0.09892926296472736,0.15752776176256403,0.5785854750841591,0.2024524258586046,0.15360722155616907,0.0,0.4169060443331383,0.21794984315855634,0.1952271012421976,0.0,0.543623986279785
A04,4,11,0.242226192541781,0.08203218479435516,0.014496196241909533,0.3777686890583484,0.1782724791867455,0.12194337620711784,0.0,0.4570157297433883,0.26186861805380246,0.1390654118339797,0.04925031444696309,0.449866922198147,0.2878479804414821,0.14820640799033352,0.014014363440744184,0.5108770049996286,0.41074309814258336,0.18515435964266722,0.0,0.6500157061132233
A04,4,12,0.16390321130920996,0.1098835533450448,0.0,0.32266319042814245,0.11195596946862037,0.07127151991901877,0.0,0.21457764751805877,0.2822134974550942,0.1971021114758749,0.0,0.6855256766172617,0.23266642106505736,0.12357395503092962,0.0,0.4902666142604693,0.2900023454314843,0.15158662923462649,0.05613587236200668,0.5561239493858964
A04,4,14,0.20027164061466254,0.08237411192906209,0.03699527734657783,0.3126157103075311,0.1341306773582594,0.10350240209040508,0.0,0.2907148402347878,0.2458171923297703,0.13434679011066578,0.00801908040955284,0.46095835498040694,0.22338705767746384,0.09514351087447653,0.06014456007383246,0.36961195341332065,0.2804653526293918,0.1768162110562905,0.0,0.5067507345358665
A04,4,15,0.22233312723718127,0.10209836014849676,0.030681540685359634,0.32867329193175904,0.1948596630965342,0.1264184391458476,0.007338147644897042,0.35156846387036567,0.33930779705826875,0.18727039803266055,0.0,0.6520563828199578,0.216378982630297,0.09306845532156564,0.028936219578083042,0.37145944348268634,0.22511275907823644,0.19474124234453027,0.0,0.481566659554168
A04,4,17,0.17597217904778167,0.10620856422690486,0.0066126635193838,0.3866234026183683,0.13962401361793672,0.10893664481783842,0.0008408228774115115,0.3218095028397278,0.22418626317078472,0.16257844589725942,0.0,0.4977607480806802,0.20552406494097022,0.12457267256296581,0.0029748088566706266,0.35224902602339997,0.23958970094115212,0.1737889147653857,0.0,0.5658193129489414
A04,4,20,0.1936562952626247,0.12838430746104215,0.017582302436227826,0.3586052213641328,0.14121952290478296,0.11700056297859264,0.0,0.3145559864561273,0.23780801557937434,0.1732606477189434,0.0029623039264514706,0.5513621770214964,0.27538408490808713,0.0632349609729079,0.14596672900302285,0.3794457449016489,0.3273167814043885,0.21528805329389633,0.03236579100073156,0.6731058783253169
A04,4,21,0.22296426453519638,0.07328509382307548,0.08152981848426388,0.37483803248173314,0.2024025528637653,0.15776771860378624,0.037867851618603635,0.6760958221942314,0.26913639266972655,0.19705968488627432,0.007980980103261981,0.5336993121999268,0.26154985936562103,0.11266282792921808,0.027613054612033876,0.40280855391168746,0.2600613881726751,0.1492804964098656,0.0,0.5282832819141867
A04,4,22,0.1787626149261136,0.08825733057335146,0.010655333240547476,0.30086269208670696,0.15462199659738682,0.07657046435517223,0.0032085893825732903,0.30394360166388684,0.24066483378572726,0.1396042350520927,0.0,0.49441012022126457,0.09243065917390424,0.08603032807006458,0.0,0.2725742788384148,0.16507214638419004,0.13754702299141974,0.004107201185586004,0.4729547546996326
A04,4,23,0.18416901514967016,0.07027338641891809,0.10688958475668756,0.36286513212591737,0.14445036955105445,0.09243296199744855,0.0,0.34117152451858823,0.2691754115762778,0.11778996285330287,0.033460156790650876,0.5073537462314127,0.19110816833938557,0.08964117241609997,0.030662764393475865,0.35482469958070945,0.31949625642401613,0.17485626108166258,0.0,0.61778334311808
A04,4,24,0.14863369040999805,0.07242490647573253,0.0,0.24977572994602523,0.1370249556628247,0.08862613052800877,0.02072316791372031,0.30389989258394695,0.19732532385857698,0.148868841080137,0.04741571120041648,0.47594938918958213,0.17365446092041528,0.18124562526927426,0.0,0.47429495814626216,0.19854147140074652,0.14736826901395986,0.0,0.43620320308127836
A04,4,26,0.21377049240302232,0.062436606135454535,0.09395650071762028,0.33461662920717944,0.1802773386451186,0.055183236123692955,0.08778822685977362,0.2705649274099741,0.24622839389577336,0.16338828188368132,0.0,0.502995706639132,0.22402538090913426,0.12279339202042037,0.019031866487002756,0.4993726126738513,0.12229805287490553,0.17865918264669747,0.0,0.5776781049054572
A04,4,27,0.21277956335810097,0.09740661079842022,0.0,0.3750315314092788,0.15623948613582028,0.09086369800545788,0.0,0.31498959953969813,0.27517675837523453,0.19630290666199146,0.00912278172089674,0.724312702784455,0.22035378501270333,0.13136680896060293,0.0,0.4383459353993578,0.38444182999547427,0.22220835622329121,0.0,0.687935144409366
A04,4,29,0.1840482259015588,0.07729928651889086,0.054288301396950386,0.339151573295364,0.15628928645114196,0.12415131001271823,0.0,0.3833310571809379,0.2016801479716011,0.1328435802614529,0.0,0.4028955534713448,0.25178335217560166,0.11256916977384243,0.06380207215058102,0.4055728396681574,0.25747433008298126,0.15850371956887613,0.0,0.4886290179545763
A04,4,30,0.17643394973861246,0.09746425111322345,0.02071755405458047,0.33138348157775377,0.14997981883511466,0.11098169045065362,0.0032557505330353953,0.40601717140998617,0.22680594113775987,0.23397973483257026,0.0,0.629238036782201,0.24821422205309432,0.13958135545252487,0.013777591582827955,0.41710471669006044,0.3848291761098029,0.15471356864990393,0.04306452118536148,0.5983602261965828
A04,4,31,0.16297649630033995,0.16031688950264664,0.023119178755226035,0.5227687203376918,0.1516294648285979,0.13971874379996446,0.0,0.42211691840489424,0.13786321893542627,0.1930774939996922,0.0,0.6084450338425632,0.24619930675468651,0.11693343667602213,0.09541114869671367,0.4739757567735329,0.2495095355528208,0.1649236718442254,0.0,0.508788390596526
A04,4,32,0.21069823255866657,0.09154906600855896,0.07672778371833844,0.37764952465135027,0.13524210527876254,0.12497049387755853,0.0,0.3960669383456961,0.26480677404846836,0.13662412528155662,0.041324843483973805,0.4328093133523954,0.3009353803094905,0.0959607046564095,0.12698158762760495,0.4269544125731022,0.2604682696934501,0.20822988277099438,0.00990465847650249,0.5876516294074704
A04,4,33,0.2072504061398743,0.0853847637891131,0.0763940291424029,0.3528104797117778,0.18821436920038617,0.11596112476539752,0.0,0.3394879674262968,0.24863872403608359,0.1232440759361053,0.009220220456369166,0.4265691019881886,0.16124074595587368,0.12943152051232762,0.015795727384146314,0.43222506847053804,0.19170020338425728,0.14264715757517726,0.0005941921542220253,0.37235763710194864
A04,4,35,0.27869028356606307,0.06122244194961699,0.17693763551853975,0.3645730577460318,0.192528056116687,0.1270180655844383,0.0,0.3948160434737093,0.41071516026428945,0.10726861338336695,0.24511660584737807,0.6210734185913146,0.24335332930782094,0.10253214779840725,0.04765217794994692,0.3572188770014014,0.315593558967594,0.17162522224164645,0.0,0.48077339702028243
A04,4,36,0.13459286548807342,0.0992389777841828,0.0,0.2953221293336579,0.09652242942893069,0.09287348150185346,0.0,0.32633927404875507,0.1702233241892667,0.14436781980771932,0.0,0.37153798935566223,0.22627398999614062,0.11270633768397378,0.008628464912335931,0.4638437151210107,0.3969891330240914,0.15758939563884683,0.0007147176499130278,0.5821542258899625
A04,4,37,0.15082362219939516,0.061521435408545266,0.0,0.25950693985647993,0.14571720989928044,0.10209833136857524,0.0,0.36575971431971915,0.23936514343152407,0.1846384063219706,0.0,0.5506245674326073,0.13304657301870423,0.07962065249763985,0.0,0.2911039512415051,0.23367489404069058,0.19907870764138655,0.0,0.5701544692330877
A04,4,39,0.12870741560780702,0.09591646856905202,0.0,0.2840586493389011,0.08801140632322862,0.05799317467774888,0.0,0.1954020117575623,0.12987425813988762,0.12327776222064168,0.0,0.3824738711231913,0.23957828493800806,0.10241059033892849,0.004560177085861554,0.3771050760892913,0.3470222561860559,0.16265608156713138,0.051660521503901595,0.6694973372968969
A04,4,40,0.1805420708678412,0.06830844667426851,0.06984770107656613,0.28615307884808594,0.12395011449305932,0.11207026842943035,0.0018751381431126393,0.35455121348367113,0.19581401503311702,0.12338537199336512,0.0,0.36354422698762556,0.2497885104605956,0.08835805800471562,0.09908790486875148,0.4032623327741994,0.20189464235722795,0.16382888294179804,0.0,0.4607645320043369
A04,4,41,0.22152788151300498,0.09907252149329342,0.04184611866179693,0.3789606578946169,0.19986237436891824,0.10346206572734729,0.09815483679920678,0.44543501259015583,0.3026409666911772,0.17230457696416782,0.01951262775961073,0.5583032727802012,0.13830728611851786,0.11537759930722075,0.0,0.367780473973947,0.18824850803192658,0.15999462181503651,0.0,0.4685339284644171
A04,4,42,0.23767555250958042,0.07752830789961025,0.06470605790234506,0.3546462211283147,0.18534831764965692,0.12689447775394663,0.0,0.34909322320601616,0.24656012682749273,0.14064963781677212,0.0,0.49429071750118886,0.3170538111799293,0.08564457003526571,0.14434661248143968,0.4757534476683962,0.2659865124557731,0.1390068337436553,0.013775971141811378,0.45140653529575087
A04,4,43,0.24725742077085852,0.11778872766875359,0.012745071273501314,0.4471450441307495,0.3565795145702842,0.2563965879718686,0.0,0.7191510056643703,0.19409376075730458,0.10379447551530376,0.0,0.394475697298854,0.2404814337790578,0.09958328839075802,0.011005014393872723,0.39930062709296354,0.3345311088723774,0.16016106178583941,0.0,0.4926360660882226
A04,4,44,0.18473477850394762,0.09585918099943894,0.022925570292992976,0.3243296104940792,0.16265380425945886,0.11188030851554104,0.0,0.3882214244935683,0.20855585435585852,0.12925004434078377,0.07246044022648236,0.49038288314278095,0.20539666948524507,0.08552230670875316,0.03618852466843931,0.330719850003805,0.15890178123562418,0.10357699800172379,0.02343244798539831,0.3762544199321975
A04,4,45,0.1817779698840286,0.1021726837567466,0.0011775808490565667,0.3524134216619707,0.16611797337595507,0.07982747805215269,0.0,0.26346881527452043,0.31334375947082205,0.12173904470852837,0.1330946595558403,0.500982015671975,0.14375152540745237,0.0972655501638583,0.03145942711196196,0.3328926723274207,0.13066404763205314,0.13007353415810807,0.0,0.3529488290704043
A04,4,48,0.2122733731449324,0.12887603475923737,0.006031441099029121,0.387365896598844,0.2365677852206297,0.17484843481284817,0.0,0.467665267549942,0.2933365495068937,0.1419174226564309,0.010921118032662127,0.5344095050224917,0.19490424987322316,0.11964613986551904,0.0,0.3545550632878567,0.27443206244229335,0.19039617519811008,0.0,0.5596550551216906
A04,5,1,0.2886985960800398,0.06147932571142447,0.19794880584742947,0.3887600812416913,0.10084479682526828,0.08886876966632669,0.005212723550937636,0.24512942828285628,0.1970035506068136,0.12577407818538597,0.004129911060100204,0.4177772656107721,0.4249936689713227,0.1023441047657956,0.28997620754313846,0.6135956974249036,0.45758054828907985,0.13577696753662077,0.25722990446425975,0.6786400545438351
A04,5,2,0.25841000280609444,0.05821964486640384,0.18058118967856512,0.3500567657097927,0.1927431814211978,0.08043169060070716,0.011663942007864803,0.31741283323882935,0.173636026881803,0.09822193852604254,0.003149628111437121,0.31649667213310234,0.31366119089924405,0.08729409940952115,0.19589203752130344,0.4967433391604055,0.4199927345290051,0.14783370144111532,0.053159575284034935,0.6156115387804978
A04,5,3,0.3030576709715619,0.10629240841897089,0.1913827042219141,0.5402521021559378,0.2882334747302548,0.1631415563423223,0.11734602532027459,0.6517657358252903,0.2170742901255417,0.13038434354309178,0.0,0.4223588391714305,0.2987759182575702,0.1342529389432447,0.07298657874535233,0.48671340232377075,0.40604897868846807,0.169095731351709,0.10865035542084303,0.6395478805493784
A04,5,4,0.19073119433702368,0.09955864381617933,0.01640453625588169,0.33028651529760417,0.13264643810986115,0.09830315962002513,0.0072191800910604365,0.316657424655813,0.25357635519544264,0.16226250087967906,0.0007935700660888857,0.4847128149636534,0.28818839007646135,0.1356807963754725,0.045048663792022436,0.4804884524543454,0.339930588481964,0.18412538727382538,0.0,0.5946973115919568
A04,5,5,0.27407254514314716,0.06563073650176093,0.16007262107257195,0.354453313343115,0.20347998004191462,0.06148324698604521,0.0794612034738595,0.2873695151882979,0.2581792837823152,0.15790912117373643,0.016047009301066013,0.4985857732079192,0.3072976358594052,0.11600947722929676,0.1067257204856902,0.5157534532379601,0.3801389558256245,0.17639759589066809,0.01849868591070233,0.590077384307251
A04,5,6,0.2171114646657695,0.08246511641631424,0.05222892758771658,0.33549851876804715,0.10000134735408424,0.06239380001682199,0.0,0.2457301497990527,0.30346506722644917,0.16547200885513158,0.0,0.4953686676914459,0.2294148995393675,0.14492004123558455,0.03388196162795958,0.4380284911387654,0.44779768065328657,0.12444298936747371,0.22875310655389877,0.5972107173500864
A04,5,7,0.20566925022418284,0.06881066778255183,0.04117143134900899,0.2889206640727671,0.11577495574687538,0.09222160948947467,0.0,0.2608629349364496,0.2676320699324851,0.11454375014743004,0.025532694352722905,0.39182022969284536,0.28489277315199374,0.1436401797461145,0.09451590356574162,0.4890896193572945,0.44284887512371307,0.09815333809705688,0.24345867905503754,0.6064729986153038
A04,5,8,0.19602019406892487,0.09732302582343927,0.03571757952806953,0.34481266923431736,0.26800524396280767,0.194609324626541,0.007145165698650456,0.6640640935172939,0.22381271123157642,0.22140202575952952,0.0,0.5718887319374363,0.2153801883801006,0.11848427759803569,0.0005074152560915479,0.4101038296225919,0.3301924560482666,0.12972067953656416,0.0467946465746938,0.4626041802531934
A04,5,9,0.22663898126932797,0.12050788529053813,0.004103676275992777,0.38316653206253376,0.16728164294119943,0.10843820492157734,0.006203602106634144,0.30105333718234856,0.21080008483311324,0.1606580481136246,0.0,0.5487510030709488,0.2793144983362094,0.13095364994849365,0.0310640299499171,0.5163854004798928,0.2720897643870447,0.15363369896789683,0.0,0.5095551177650843
A04,5,11,0.1967660637961587,0.08053196726756594,0.03669801537816919,0.346433410873963,0.2211282741219881,0.11686491730263945,0.0,0.39906146106144347,0.2706458610140027,0.13681333515665817,0.07420997270324436,0.5011241677618274,0.16284680923179645,0.10446849742394496,0.005845408708520493,0.32467295633431464,0.1481391474312785,0.1469543543294924,0.0,0.4355602651132421
A04,5,12,0.14570122680385067,0.09222929768285268,0.013319330934587053,0.3512487692554928,0.15213401076010621,0.11925699230206012,0.0013399019938334447,0.31822901076021487,0.10998221153489718,0.11556728498167063,0.0,0.3402480626353061,0.25849069879208825,0.14549615694598272,0.0,0.5186414218131405,0.12062561001827972,0.13522420776391644,0.0,0.41208711163448564
A04,5,14,0.2551348937596049,0.09538945722534303,0.0,0.41929101849128536,0.22410371392615772,0.12325794417364111,0.0,0.4546632126538807,0.27411858654553456,0.16066120126140584,0.0,0.4975928929972819,0.2705062531889842,0.10203061345568658,0.09682942280760402,0.4553526318629785,0.2112750646061117,0.167935023804221,0.0,0.5032973118198895
A04,5,15,0.17277950158547178,0.06315317206823938,0.04655198296003592,0.26922956229671163,0.11971334984117411,0.0819382136892208,0.0,0.2250060408225128,0.2496194127090849,0.10956484214739427,0.010748073859915148,0.4770872805386461,0.2035167473515256,0.12366117433764066,0.04402427281171322,0.4269279855852464,0.2044794334791455,0.1813538843052149,0.0,0.4529165082941525
A04,5,16,0.17867259887442413,0.08902269109624705,0.08040193190414006,0.3166824930852394,0.07687788929533933,0.11157197004099728,0.0,0.3687650937951183,0.3214505388127943,0.1562470474232008,0.043714531595711405,0.6307201410402065,0.2506763032272338,0.14191313600940567,0.010439554514164466,0.4540733587336168,0.17005769402895884,0.12852350268510307,0.0,0.4198550419784396
A04,5,17,0.20138209681162722,0.10150769071695252,0.005098001119208154,0.3183436070404652,0.23075405367463822,0.10925219288524786,0.03592939788748898,0.41484915176351345,0.24288896527850606,0.16349301508319164,0.0,0.5001744668753436,0.17703003009130835,0.10467809937412205,0.012074497710265395,0.3128220708249156,0.15143277406680006,0.10768629788860959,0.0,0.3605784115498003
A04,5,18,0.20348646791812763,0.10596298425166427,0.03930423746995456,0.34455647897731,0.1667750446317195,0.13921052426057662,0.0,0.38616967873439195,0.2298516422702449,0.07427565258268125,0.08707541963919709,0.35554835158363535,0.21129944859247132,0.13309891558549228,0.017541119386270627,0.43191755454588304,0.22815088059253172,0.18717797635842678,0.0,0.5402890141413776
A04,5,19,0.15621823490331865,0.07590420808805397,0.016374063994702297,0.32243668415770477,0.13105651005683466,0.10150806537893953,0.0036382467859089607,0.385888994909053,0.2277157501218878,0.12140819909262986,0.0609383642545411,0.4469828186468406,0.17134233647591082,0.09064306212230541,0.0,0.3358050620290141,0.22228585698503575,0.17527329574403025,0.0,0.49289542915595436
A04,5,22,0.21557224137892325,0.08214411744889699,0.050566235914725866,0.323807110034918,0.11536875269705077,0.09610133843509074,0.004089602825094645,0.3281975716618809,0.2753795961287962,0.19079961246160163,0.015311997521423362,0.5176695282042696,0.26750955056154474,0.1259311340921573,0.08921065059021639,0.498529819873008,0.20989734162397042,0.13261973996373522,0.0,0.45917055548483837
A04,5,23,0.16551719797240325,0.09230515639302331,0.03384066277494656,0.38941448787592836,0.11946132119739229,0.06866952890607556,0.0,0.21912347300073792,0.21644994162963888,0.190493548821026,0.0,0.49047324688424376,0.2028835824662763,0.12639833416841337,0.0068279727334023465,0.4176123340358426,0.1566996766467783,0.18989286839004238,0.0,0.4860477361602214
A04,5,25,0.1805006174698606,0.13161804820307163,0.0033867952871568913,0.4132169202357419,0.18999186475656948,0.1771949088845914,0.014282712222072542,0.6754256632337905,0.274657845934129,0.30806945426099946,0.0,0.8125718622845117,0.2360896142798377,0.08974558837778528,0.13173463997440282,0.415572325302849,0.20799038899840766,0.17666986488553343,0.0,0.6008462005461283
A04,5,26,0.17907678012075431,0.0717367486527135,0.04307930597833465,0.2903589539909958,0.12883578103110807,0.08066567640172063,0.0,0.24537707432232772,0.23152820860303253,0.14407713001927977,0.0,0.4037212028042857,0.18267748629129832,0.09508026756478524,0.01693730642465896,0.3403350221294389,0.20271199967454667,0.19142714227954274,0.0,0.5274073700407677
A04,5,27,0.174639005456721,0.11037597409503122,0.0,0.3780610139658111,0.10238286819173616,0.05324192612864377,0.004119300515516725,0.16579243423324094,0.19448651247179422,0.18917793584804116,0.0,0.46165472875049,0.20639345445969148,0.0832091426294243,0.05014873785813242,0.38755415258424797,0.16880900946084657,0.14707715470405258,0.0,0.5169550475965518
A04,5,31,0.14601041838636494,0.11299681927823943,0.0,0.3188449721955548,0.1450317730874844,0.11089363028632977,0.02803951569643537,0.33175790401706634,0.17565719207402505,0.1410965469705388,0.0,0.4251307584503402,0.18461826793968703,0.11927913084345966,0.009180915820249935,0.3715152783401054,0.3363034188535644,0.17439693221787034,0.0,0.5531563156818476
A04,5,32,0.17481983943376642,0.09128440680045419,0.014357799466476973,0.2996305101872694,0.15850675311881088,0.10272976891628773,0.04270654030249377,0.3654574301097742,0.23221605499584186,0.14234392530108378,0.0035544600586658237,0.4444586829257779,0.22582749291272197,0.0817272666636133,0.06733831497483762,0.34125782841170044,0.1860167211600373,0.19387872658094732,0.0,0.4488106559858629
A04,5,33,0.20245092936511663,0.10582201493789924,0.006532569130372447,0.36057672245279787,0.13187742552128526,0.07387778902731264,0.0,0.23341283245277317,0.30767575071646447,0.21993238361926395,0.005703763610159515,0.7234955339849234,0.24871095178030578,0.11257822198445709,0.08576925691819633,0.4821870379227617,0.267119667210861,0.1799582077459859,0.0,0.46757131207765334
A04,5,34,0.19298982026377054,0.08049359151092066,0.023230621928739942,0.3274359259511862,0.13539452693111362,0.1173817957915427,0.0,0.39619060676616813,0.3261347586188445,0.12741888741606913,0.22117046104901913,0.6384767887638816,0.20564923091833662,0.10613497851879496,0.0,0.35733186749129553,0.2664961796973645,0.16007541651361473,0.022093772015183238,0.5379892647549466
A04,5,35,0.1360743724091298,0.07493221752545108,0.02609442280556438,0.2607550054802786,0.07640195442083055,0.06927483536388085,0.0,0.21592355445027436,0.2266394250251723,0.18305341892843816,0.004086514093478203,0.5011798680694998,0.21336517460997834,0.11040510124957127,0.044531157888042995,0.3995501734935739,0.23088859791018346,0.13300855254491567,0.0,0.4008041503975895
A04,5,37,0.14382899899946047,0.09388355739142845,0.008916495895044665,0.3086094386880696,0.08061710757206483,0.08864160302961051,0.0,0.260478526808061,0.22088365179737193,0.19609942865411634,0.0,0.5475642515517393,0.23245092156104835,0.1023123345672077,0.033516846989246764,0.38014848189734296,0.19645690480397207,0.1752745436333246,0.0,0.5172989943728566
A04,5,39,0.1958852050802415,0.07704568974303716,0.05516464473218704,0.33746888188265045,0.13295879610513006,0.1091890871493441,0.02071481287465279,0.3374860181417669,0.26659762497812,0.1396426950741244,0.044973724463325766,0.5044847823340683,0.17603921812117526,0.10513141277560814,0.013073860542733597,0.3060987642780451,0.29042522444441177,0.09504588835698793,0.13858801126260156,0.464954761395199
A04,5,41,0.18522890330974542,0.0770743836815236,0.001490719882390547,0.28766294082083244,0.17142918415553954,0.15306517980912035,0.0,0.48188444524108487,0.24754953352831785,0.15631278724930114,0.010800823115524596,0.43362670053100966,0.19763068300791342,0.09202283900772584,0.03720408439218798,0.35764312567033635,0.26636724885440843,0.18370594090761533,0.0,0.538705897093343
A04,5,42,0.16616748541234952,0.09361423384638043,0.022529038842403364,0.33338972027511016,0.17494451942185846,0.15293745229146308,0.0,0.4306751912183485,0.15849846671434692,0.1276456754853859,0.0,0.3614886331729704,0.24604012765302397,0.11179844276527606,0.05361814066794458,0.427041061820487,0.27372180858424777,0.10810643528861479,0.15545767946935823,0.5439164568575499
A04,5,43,0.16384413133932663,0.09478114902541623,0.0,0.36635823464189243,0.10779442391943712,0.11293642136633543,0.0,0.3561440523182708,0.19237457083024992,0.13979877510356045,0.0,0.44886087534405067,0.19559656692278052,0.11566619677964302,0.037567040844416054,0.40628051813697486,0.10093428576715556,0.09933895749407272,0.0,0.26598737751095003
A04,5,44,0.18332750847346804,0.07648623095024584,0.0987982526834902,0.3834663470708846,0.13681059328925607,0.11648950865392646,0.0,0.3918086434726792,0.2770515037767213,0.1739996943365481,0.0,0.5126925100052863,0.2801658905687518,0.1169853748984675,0.002444130907021796,0.4010675634850557,0.26468424592149614,0.1364611376997141,0.0,0.47650735522275844
A04,5,45,0.15385214508139333,0.1027866130081875,0.0023896194437612434,0.33312956862550575,0.09602086531778052,0.08791043275812711,0.0,0.2403762555539166,0.261067536630461,0.14437296791448734,0.02879062431625831,0.4627738876754748,0.17936518097997384,0.0736889014880321,0.025835728513090413,0.28595669542294483,0.2621622966059329,0.21319350044348367,0.0,0.5660548648246247
A04,5,46,0.15876310845022515,0.057978662698336896,0.027896124071586117,0.22244979272700607,0.15409731431502047,0.12346960556679996,0.007371047139312407,0.40479809193904787,0.19763517591625676,0.12377225209191772,0.025514483708783904,0.4407588686728605,0.1888205755358351,0.0871653084516852,0.047291769248185234,0.31760765799071716,0.19491201140956702,0.13550605560738657,0.0,0.4478836151119239
A04,5,47,0.1900451855492974,0.06730441752516708,0.09196689649781505,0.2984798078574023,0.12837507058120423,0.10885150344399191,0.0,0.4140583212058854,0.20982816411310948,0.12221210938222399,0.013141381944872894,0.41030986759008153,0.24198232706021144,0.13162140082630974,0.006710174989587846,0.40431677817958434,0.3353192450090749,0.20688937025474227,0.0,0.5553332176703245
A04,6,1,0.2786987613548958,0.12487498939092667,0.07201769978621182,0.4214120414954425,0.17890796460501593,0.13330339405805264,0.004469997061451648,0.4347089647614171,0.26993196115935186,0.1744737150693727,0.0,0.5186269186056938,0.3939954842888253,0.08626046211823557,0.2020650138458841,0.5438893023001796,0.5194123385980048,0.1027988487106594,0.2992607208513512,0.648584461423824
A04,6,2,0.22754774775436218,0.09288056010714443,0.07933702823800227,0.40456074300225187,0.18141930238814202,0.07038365866580105,0.06501737134023675,0.2914432271924717,0.18253253752481516,0.179795216023468,0.0,0.4864746017803359,0.34027474713290873,0.15113720882374915,0.05059173208620279,0.5448360309725826,0.3932706430693653,0.10956074482795644,0.16819934498903136,0.544277606583068
A04,6,4,0.18419350324401984,0.10428635864190612,0.03045448579587151,0.32832407600726266,0.14007721665411965,0.14819016507972768,0.0,0.4080218867699437,0.1924874416422088,0.1176698717643745,0.0036514915645239343,0.37901214193000066,0.24109456598967302,0.10200256411080763,0.0319908228706266,0.43139471333524343,0.3280106235781101,0.13758104631852663,0.08038808663576304,0.5365574416193774
A04,6,5,0.2242257418345748,0.11337637133215568,0.046918633175212957,0.43573528904288167,0.17986499492013924,0.10732555588805295,0.027450115851378323,0.3604384142219538,0.21485426565034388,0.1793447459893637,0.0,0.5216667757166388,0.2602358708834555,0.10721813621867696,0.06394035425573931,0.4926311989191762,0.35517184042811667,0.14333848678463051,0.02857049709759079,0.5114654450483597
A04,6,6,0.16102411531934527,0.0774102398117184,0.01821371667686906,0.2819990389350701,0.11044350006945017,0.06590172648180652,0.012591526157786121,0.23903807679090125,0.22297760186215812,0.0959614641107966,0.0393054601577077,0.3523841492149745,0.24230607072593982,0.13130335260728287,0.016506548081727388,0.4124529577353683,0.3390176015152036,0.17433846565330216,0.04506236006026384,0.67062264171311
A04,6,9,0.1537170215703286,0.094845674309977,0.00013517523509830122,0.3021676628457546,0.16426357132337907,0.16760562985792116,0.0014643118638251978,0.4805601872163398,0.15669558660187644,0.11992341654762928,0.0019589951315258963,0.49955658349069615,0.17003783226484848,0.09365531456708648,0.0,0.3318686482159338,0.18135081944109388,0.13187913199715837,0.0,0.4457942282071614
A04,6,10,0.10142993915583778,0.0746466585066864,0.011270799363256987,0.2534485353448681,0.12687284577610866,0.1287634931874935,0.0,0.4315850224079801,0.22983285025329087,0.14426731690775801,0.0,0.43340711278228056,0.10152714452434684,0.07601673631570509,0.0,0.22747201229147174,0.1811588911021679,0.17177051666276025,0.0,0.48976984468995816
A04,6,11,0.17837698879880415,0.10169010827461285,0.019280836700832044,0.3304839900470168,0.17439149416184663,0.07567205177842846,0.02267107135305581,0.2866092397657501,0.1355076456773773,0.12457453799815708,0.0077360417264156055,0.3793811416864309,0.16677186464882887,0.12759061174546238,0.0,0.3615509534725188,0.22894024202223448,0.15599054365079232,0.0014426666208971564,0.4811710000607224
A04,6,12,0.17608652447023632,0.06380135386773787,0.0726953855834114,0.31297192025815895,0.12278146341488595,0.11997787227494952,0.0,0.3554269089319189,0.2962721739757846,0.1146351814497575,0.11312299195110713,0.4527788190234805,0.18801946412187145,0.11627365155088186,0.048336995529580186,0.3899440247770007,0.28535634895815487,0.12336256122477492,0.030489373544107762,0.40633641059265113
A04,6,13,0.16189039454781953,0.07725620785013317,0.008575544810829925,0.2600978283108953,0.1589971603007852,0.08437405341557752,0.004769336766590241,0.3196480304587306,0.18211963986669003,0.07465867945313784,0.06552679446692498,0.29673777690690556,0.22282290821053535,0.1443196235548066,0.0,0.4319614717933522,0.17060560686876533,0.1131905203415868,0.0009736554654971982,0.3835368723593726
A04,6,14,0.18379795526741705,0.08008704681806743,0.03496836989440472,0.35077555060735227,0.14184438772209956,0.13714678791508086,0.00208918004396162,0.3943433373354284,0.22482503670938142,0.11455385489745314,0.04199193600356072,0.40849195046133696,0.24452048526281137,0.07789025029517475,0.11767026216691683,0.41170796589386954,0.2006358390777821,0.17774268604161114,0.0,0.47149333126231935
A04,6,15,0.16309569619856426,0.08585168327761418,0.05288753456625788,0.32691848032796894,0.14197631529582697,0.11332599457419426,0.003601302480093319,0.33949146345640324,0.18211219861350006,0.17442927326198118,0.0,0.5232573086540508,0.19476173442502923,0.08472023675314798,0.07186941819559627,0.3281120350370402,0.23841910616133793,0.14064762221592947,0.03653774860935927,0.4738166900352813
A04,6,16,0.13287914277906682,0.068367436306206,0.022043718979776226,0.23833374330657559,0.09252602381705881,0.06358266818435886,0.002353500838624924,0.18206254189145676,0.1493098093724857,0.15601564626833753,0.0012550401425794572,0.45662617184618715,0.188002463417691,0.08172535061172644,0.025921988045609856,0.3099688857549404,0.2033718072926377,0.16131085243947044,0.0,0.4689208472423964
A04,6,18,0.15545347038668342,0.07913392877683843,0.03619290647497654,0.332986289303885,0.177540170560228,0.1347880562209351,0.0,0.5005128695915445,0.19263804280659208,0.14978928030082175,0.0,0.3753787158779031,0.23140220385543678,0.06192230447840941,0.1588247395483046,0.38671691518991125,0.2902237107551322,0.10808114335596955,0.00752930248736261,0.5023968351400171
A04,6,19,0.1576440811551185,0.06844132146707874,0.0076139081075806535,0.2691639436870324,0.11594634655730078,0.08950941685218068,0.0,0.279040793644413,0.17301556932473924,0.13784777897908096,0.0006139621014180323,0.42712909027907825,0.23687767360877185,0.10174329056470616,0.05723799408128627,0.4049722034377184,0.2388493770833358,0.17671229597719376,0.0,0.5065115638034303
A04,6,20,0.2264730069646676,0.08126734287267162,0.09306211846353295,0.364652817246187,0.18775378703683662,0.08245853534283001,0.07733403789580542,0.3315697597808049,0.38742559055412207,0.1413904477678077,0.09941739999195079,0.5713069825258469,0.10056761550067736,0.07618577664256582,0.0,0.20772105037822305,0.13529148231224386,0.13513921408279111,0.0,0.4247455940133732
A04,6,21,0.15969554682018544,0.06114930053245365,0.014323825759164592,0.28536365669598057,0.1385392971994203,0.10204989415470413,0.0,0.36505331368123134,0.1787533211712725,0.1107963932690414,0.0,0.3795677623800132,0.22306324671230987,0.09378180855973038,0.0,0.3558854116931924,0.276838243683713,0.144904120141017,0.018750673544378427,0.5608055227765497
A04,6,22,0.23283141127600662,0.07946453747430281,0.060739046228174894,0.3440003106117744,0.1290182383507353,0.10218312311602386,0.0,0.29589988903416564,0.34984679167570065,0.0911782565855321,0.17909588988117095,0.5110859508346443,0.21623971107740367,0.10312473415862751,0.02050947726275138,0.352428577191287,0.1723672525131065,0.11141981421008924,0.02239526259014322,0.3508822382780954
A04,6,23,0.11194999385908157,0.07439063743927249,0.0,0.27879497016242094,0.06391023624775129,0.07508928668227656,0.0,0.26979867911210226,0.12743945688183236,0.10238901679833566,0.0,0.3136072956492046,0.24715021466829185,0.1320218025995048,0.021288963499854843,0.4149044971624057,0.1858604790985455,0.14671101611942436,0.0,0.3859384408640801
A04,6,24,0.19595624629860717,0.09212451812310377,0.03210853559994358,0.321994676947705,0.14054812849140266,0.09052478692966369,0.007033419807238024,0.29232808751739003,0.2688355135949118,0.139669273669239,0.04131402654914128,0.4598192760791738,0.21863716848282327,0.10145509009036956,0.04930178481376583,0.447108420190457,0.15731792249222165,0.13979598714350303,0.0,0.4325278380372429
A04,6,25,0.16412307594055076,0.07578753810801778,0.04829745603945855,0.34436332156086363,0.1398836439273224,0.07992636640454225,0.019924182647906723,0.2689833061130448,0.2561433114217652,0.15695694460697268,0.042458155286678165,0.5448487293901391,0.14321088713301702,0.10210791952149394,0.0,0.32529276051343176,0.1920383523528512,0.11958157345245402,0.04117318507390092,0.39258425433140864
A04,6,26,0.19689304583887507,0.06288968736845453,0.09193678264313929,0.3028854268088998,0.14285731268997964,0.07953990471299996,0.0,0.25459060372561076,0.26312550395058637,0.1676014410363884,0.011764617413358547,0.5554894833749139,0.19287597088282857,0.07100639192489726,0.07588115327852317,0.3048622121312264,0.13226659196532184,0.14522623226426923,0.0,0.42673366538532126
A04,6,27,0.20687855254012355,0.05567026115791851,0.10658941858707636,0.29886199738439034,0.2057752377882078,0.1137673395943019,0.02710240275685275,0.3576494773899882,0.207809326693026,0.14313519039043612,0.0008643036044487319,0.49255640924178234,0.22819377285034984,0.1108063600592514,0.043224517026625615,0.4264027309774721,0.1939866079924548,0.1193335631818224,0.013878112482148128,0.36804839694497066
A04,6,28,0.20571545376524086,0.0748642004391675,0.09834263528919492,0.35257565338989905,0.1741465894909049,0.10358733758712435,0.0,0.3070800743716848,0.26772530779911535,0.12415660632068781,0.08822506734588749,0.4703195871796831,0.16830996558557515,0.09288363109358709,0.0,0.31343566063731043,0.1586083037124875,0.11532253939696199,0.0,0.38238575105987654
A04,6,29,0.21460080849679802,0.07572602171602633,0.0634142596450322,0.3815904459717218,0.24264361161849698,0.07385462101427136,0.1135885691711462,0.4028956142358977,0.19604688457930355,0.18906985403940996,0.0,0.5440256309420722,0.13893590919767676,0.08574407973494341,0.030354250380775598,0.3331190656463429,0.3763405965916939,0.10991907781025002,0.17390730372487212,0.5212693964476512
A04,6,30,0.20263296098475678,0.10275411187932525,0.016936495893176615,0.35176197322568914,0.21829229852310048,0.11545253337631475,0.05943574982448393,0.45575295148166906,0.17445673408241583,0.1651774626671699,0.0,0.48518440833175575,0.15990489200483637,0.12507234026282393,0.0,0.35178426970251747,0.20466662563974733,0.14515172301756615,0.0,0.4516297153004648
A04,6,31,0.19207413726503997,0.09519657082453514,0.031799987117142416,0.3703547367054711,0.15301517551155866,0.10490655909997795,0.00815755341363186,0.33859342462940606,0.31616302335278695,0.17799574274154611,0.01590475059789206,0.529593950131466,0.17673226765922018,0.1582192441848234,0.0,0.4688019945149752,0.1821035590644806,0.09835156929245308,0.053553964315765756,0.41341174688113613
A04,6,32,0.1883337752411891,0.08363676728735665,0.012896523028688045,0.3365477951328524,0.13272350053427567,0.09516725139590569,0.0,0.2886313195883485,0.2249165108833685,0.13806634664712794,0.005206268144545152,0.46267511400284,0.2097829600294715,0.09780421539579272,0.0,0.33253743024285143,0.2551333313150188,0.1439022350238781,0.0,0.4743870240007535
A04,6,33,0.20499612236012146,0.12982729432455417,0.003619877755209983,0.36262999063543827,0.22185808470958196,0.1553428456153253,0.005280640125754259,0.451606411366269,0.26775398790056193,0.20530108375383732,0.0,0.6007813101572536,0.24509840580506712,0.09756186483667599,0.007281384371202769,0.34634563295502824,0.2096894498723258,0.11422805829932961,0.016123677475094387,0.3917683147806975
A04,6,34,0.2188717902413324,0.08907960098096535,0.027932997620998243,0.38878297843334153,0.20260732878890855,0.0834847434564699,0.0042620423266473495,0.34551545552613944,0.22593974567377356,0.16770628170041313,0.0,0.4937534584233494,0.2373025299051152,0.09427447204522142,0.06948988660633915,0.3692356745992222,0.30967816934535397,0.12375272864654029,0.09815256649448176,0.5009609365879704
A04,6,35,0.15392565909968026,0.08795474778365929,0.019039164111882684,0.3019665162403497,0.14086773833476127,0.08926172543788927,0.013302661791296482,0.30810230879921574,0.1780314503838854,0.15089299928998914,0.0,0.4949246119034994,0.16342284806552074,0.12714988297095797,0.0,0.3751415981671892,0.3157540679830749,0.1672824694966475,0.0,0.49730079846201797
A04,6,38,0.17610823889378666,0.060185210852887236,0.058521849614244906,0.2641607896454147,0.10299319549461586,0.0779771975105829,0.007278814091755221,0.2562418887231541,0.2093180958805607,0.10655214707132561,0.0,0.30494825379432555,0.2718286567057232,0.0934024906935392,0.06461724794385812,0.43499754100295335,0.2954486575209901,0.13886367430099403,0.047372119664856834,0.5175267134553454
A04,6,39,0.17356450095048298,0.10901646493642202,0.04140253113910719,0.4382761192255252,0.18699827222427245,0.0896265735196433,0.027646369464729474,0.3953053670495729,0.1900592130394258,0.14311643702373913,0.0,0.4509255510898685,0.20287267479421658,0.12567116422313065,0.0,0.45678488968479686,0.22736272941899846,0.15155246820249693,0.0,0.4407325821597362
A04,6,40,0.13753251796616908,0.05731957995026816,0.026179089456334896,0.2485329959248245,0.09993710632932966,0.07735742502962277,0.009831313908862192,0.23149539693445856,0.13405404599186152,0.14102091552815244,0.002026562999796406,0.4008298131673527,0.2116962878025524,0.12363853342292146,0.0,0.4101054551371922,0.24156078518338964,0.1526286364754812,0.0,0.46366014159217567
A04,6,42,0.18225343215397488,0.0847585784049193,0.051920211859431076,0.3264746031737232,0.14481582053659378,0.08497601674580155,0.03948086539938754,0.3279445426927537,0.2873257973199373,0.1345361026045005,0.008592108211962149,0.5122830611193608,0.21115703702506142,0.0997753707538365,0.0005389574834354649,0.35106686889914124,0.22074354607455035,0.13169287318197465,0.05347245500006743,0.4341500956732552
A04,6,43,0.17678589606187245,0.1020962103256954,0.0012646776436109342,0.4105090197832613,0.10482436705996391,0.0899469671405272,0.0,0.3112798320128454,0.2790457589172053,0.18363138625834294,0.030677612704307498,0.7496390845190758,0.16940172042775742,0.13259546184062068,0.0,0.45562032423888177,0.27899136812461467,0.19212826328617363,0.0,0.5673256178275421
A04,6,45,0.15706575359896893,0.08992683802493003,0.016486998435002405,0.3145259235414169,0.17580950297787692,0.16713362658063172,0.0,0.5209828344288808,0.2673854432860651,0.1120934475073434,0.006562973092017936,0.47738331917274796,0.14606495683897736,0.10986966203664744,0.0,0.35369890566692025,0.13535709622328793,0.1389161933378246,0.0,0.4837435967105651
A04,6,46,0.15013332300299276,0.07031472138899066,0.021623747262207695,0.26418149056212015,0.09020055390911827,0.06838427994844194,0.0,0.28364754952949467,0.1926436676045383,0.14792975759246083,0.01432304570789944,0.5210494588639322,0.17926082928155404,0.12422932959502232,0.019918059426398255,0.3733500375984134,0.17667608830743967,0.17087113377315008,0.0,0.5892804298628731
A04,6,47,0.1631583178726705,0.08802336941901251,0.02271498460069394,0.2910720534429781,0.1084064345514189,0.10239719407658285,0.0002622352773621645,0.28082920575385717,0.2585978485280422,0.14598586015716034,0.002108704670159905,0.42130293372204014,0.1571934456227335,0.11976736284006582,0.0,0.3112117361542207,0.17748341707055856,0.13522236243891167,0.0,0.4010401585815316
A04,6,48,0.2046759829012384,0.11471656051102362,0.012985339512094114,0.3756566788433798,0.17389881530758125,0.1342357279637159,0.0011481776905381627,0.3961723483367915,0.30587999375733343,0.1766810985779692,0.0015498542507750132,0.5825543245721769,0.1769422931307768,0.13140339989751648,0.020033889866744686,0.3593838471221735,0.2591263560490288,0.17039733187457065,0.011503093198316898,0.5084822615105875
A04,7,1,0.24962508313789675,0.08045427213968723,0.07675731137432029,0.34208872563698584,0.12454183235914924,0.11814786385196782,0.0,0.37978752837952306,0.1968859078898337,0.10267706937194661,0.05525414499386548,0.35650898141250337,0.403612549839809,0.09697485445823788,0.1759514246569917,0.5305379033531564,0.5093857285147697,0.07680216506112747,0.4169822189040314,0.6419270508771998
A04,7,2,0.26711146093738786,0.09640219413884486,0.11039705693889004,0.44475199576779695,0.1551134139539257,0.1261107930335998,0.012460275440490744,0.39419968510112163,0.24036025051016488,0.12290903114260145,0.0419202466084725,0.47584707663360376,0.3800717082628358,0.12192866164803873,0.20366726577927755,0.6286071641672301,0.4595972575682419,0.10770534592981049,0.14506321420269527,0.6133289122738853
A04,7,3,0.22414481860462132,0.13142986645702975,0.00028873793173357843,0.349540397549117,0.11309286882318993,0.09314385062409791,0.0,0.23048839130870744,0.23629063050465784,0.1946622227702226,0.0,0.5286512687685667,0.3408975949995204,0.15304242407796464,0.09329060611174009,0.6218127819360422,0.42116278632061277,0.09627843168521523,0.2395308421001758,0.5551631653999611
A04,7,4,0.23554151012269717,0.09208660684168782,0.05755041834350995,0.37963661513606944,0.18924921372431774,0.09608518176542334,0.022256801519156242,0.3499243980543005,0.2245513385025875,0.15076403192221366,0.0,0.47574379737171496,0.3076090838777532,0.1211079105967561,0.05300269307800386,0.4657463253946064,0.449576142670851,0.11241704173320624,0.16192615938835156,0.5958980307870924
A04,7,5,0.24243267717457068,0.06856239168667297,0.10089666626953467,0.37231352462521955,0.14830189257348236,0.11666340358581975,0.030162051373292642,0.3799199932261354,0.25767090393104347,0.1282157601811426,0.03170816390659814,0.43892899012553427,0.28903629294254285,0.16932115439392717,0.010341952276037134,0.5858306598916876,0.4668400941960781,0.16261044895107973,0.0,0.631032286625391
A04,7,6,0.25249603086597744,0.08373534802687549,0.10923844840661989,0.4169636727568548,0.1718086248858644,0.10944589688489219,0.039643214537219466,0.4226724627056719,0.32514122845869814,0.10364748041407514,0.07959652677490611,0.4410489444694707,0.31705600158822084,0.13164486032413314,0.09472359133522301,0.4619658109741218,0.3998425452549363,0.14570282561472828,0.09248482843436996,0.5983328090310855
A04,7,8,0.1319065341182493,0.11907617447435712,0.0,0.3611422516624748,0.15484044287602403,0.1909342911049655,0.0,0.554606333066973,0.1035983904792223,0.11127256473370026,0.0,0.33491843119390163,0.16951496532748325,0.09678921233791382,0.030117512634218198,0.36449884845456,0.3445458568413272,0.11408698228862893,0.19575870068055407,0.559768767885966
A04,7,9,0.13817086194940248,0.10754495995202797,0.006176655116444115,0.28885425969899503,0.07463723446733755,0.0721016432416744,0.0,0.2587655892479391,0.1955356331359333,0.15031786981321515,0.0,0.4408528396418197,0.24310927543700853,0.1462060354979498,0.027221289955949173,0.5318000259308617,0.4056849498750471,0.115592797254594,0.1328027630405717,0.4991276678514856
A04,7,11,0.2049928920922694,0.1064225522411772,0.017279174187804638,0.3268729584839583,0.17766903783569496,0.11679481200822546,0.0,0.4244118347581224,0.24803105254624846,0.17405465572421777,0.0,0.5182777610415343,0.22679302390714198,0.11276049989609895,0.014914840217212313,0.3981020202234252,0.33371957189886997,0.15038114649965784,0.046890576258685965,0.5944884526225688
A04,7,12,0.19775037308262494,0.07553868529111595,0.027292311032712395,0.29080423085931095,0.14165805936049525,0.10578096346641641,0.013477914456942843,0.3272902213241343,0.2706807484463511,0.17321269252046967,0.0,0.4985921994336929,0.2463723598450685,0.09332127463640418,0.04542172707793097,0.3255328921079306,0.27486663948388373,0.191743821186186,0.0,0.474868757698904
A04,7,17,0.16251666201887452,0.10037247179300025,0.009080948942021874,0.3119173933071929,0.08441230157968542,0.08049305342169927,0.0,0.22514673372187727,0.22554450175311846,0.18749272081087565,0.0,0.5455061845917302,0.23491564643092758,0.1033363606727731,0.05086988914778745,0.39993963908770247,0.3413537035732475,0.17255889737767613,0.09655474115549935,0.6568436478498374
A04,7,18,0.17166867444217462,0.08971993477943627,0.015237848298085626,0.3197087030650665,0.11463843894604413,0.08836599259551887,0.0,0.29465177995071873,0.18547705194732617,0.14774239110058562,0.0,0.4287306118578221,0.2472463922674942,0.11776775986944954,0.015709505285049077,0.4067467587628442,0.4241415630579995,0.27224984660404544,0.0,0.7880317651733054
A04,7,20,0.16038890088097923,0.12209988806841347,0.0,0.4304374757565673,0.13422353584921257,0.11648392786059422,0.0,0.32288228436816624,0.2004054450573647,0.16450929546880075,0.0,0.641609955142753,0.23108592128112937,0.08590102800323775,0.08057785768174917,0.3924448474977989,0.30138705341224276,0.10218057882277592,0.1457362325634128,0.45258488141694225
A04,7,21,0.21993202463639147,0.08443661472670777,0.10439142665555647,0.37773528752853913,0.286160447370232,0.1136946042223146,0.14188162091249493,0.5039601612087481,0.21207234468022204,0.1791800649476038,0.0,0.5204946607720428,0.20259667776451812,0.11231249535039209,0.01989538984211963,0.43547493299719153,0.0901479326663654,0.09902759530787135,0.0,0.32721615520784664
A04,7,22,0.139755093509731,0.10955871020602975,0.0,0.3257989247733365,0.11472995124691758,0.1368724901114209,0.0,0.4204258641772431,0.16943822928748153,0.14225465369309842,0.002919245549150621,0.5102368123613011,0.17407560084733167,0.08557454801431195,0.028282490289015465,0.28843240155076577,0.20299800476135285,0.18384816819892738,0.0,0.4408336030283356
A04,7,23,0.1585751134729918,0.07645475211926037,0.01738519447931386,0.2973233804773927,0.10319316021722257,0.08841176140782465,0.0037064626514790033,0.29473944808176,0.2063574373259294,0.15266602187457456,0.0,0.4532028202324037,0.17900948393200397,0.14335441516695116,0.00030615046383981285,0.48602272751461306,0.1952497467378905,0.14369486703004689,0.0,0.48961519591923597
A04,7,24,0.18115274459712413,0.08044260614088791,0.06174994073356889,0.30301818852858603,0.18695789611318572,0.12193393683845594,0.005514291510746846,0.3634692819233828,0.264894026018253,0.10299944341037479,0.0752624431461182,0.448973677590622,0.14128758562525617,0.09138842628922209,0.01897344934454889,0.2886348474512568,0.18740467679586897,0.14896030728703114,0.0,0.4480218147357093
A04,7,25,0.11556252835377337,0.07344981513890397,0.004892532993069719,0.2166842223578279,0.15686006665216742,0.136170356712321,0.0,0.46364559003847655,0.12846661610205903,0.12281745714876142,0.0,0.35695474569057073,0.19758798700255964,0.11464971092874508,0.0,0.31750946192194274,0.09592622897899081,0.11676163295441844,0.0,0.2974267900106381
A04,7,26,0.2534934879815855,0.08945408124659025,0.1290721135147164,0.3833575497456319,0.19116125849615975,0.11934861042468582,0.03187118941333954,0.38034966119979796,0.35110157109205514,0.14687240010882438,0.025119486076752216,0.5779452300366886,0.22887979043940496,0.09876764234053179,0.013479782577517776,0.33322635551296337,0.17037888484101263,0.18520357551744074,0.0,0.54406668326412
A04,7,27,0.14976425640663474,0.07625073679150907,0.027324989872171784,0.2645291791058822,0.11752884157908419,0.0712491206872368,0.001999092039782594,0.2483942687817485,0.1965796205659422,0.17093842708569873,0.0,0.5122481100215921,0.18046038822619478,0.11884550457239214,0.0,0.36416746065703964,0.21649024358911217,0.17287623403193886,0.0,0.44075266910420907
A04,7,28,0.1968026456830762,0.10665631133043377,0.02644962036878746,0.36652561942715656,0.18972611025860303,0.12029126871996364,0.03267975035897557,0.35800821846808734,0.28132703621352384,0.1368904340226904,0.0,0.47235219684575336,0.22492570277397997,0.11414607564577171,0.07074111105593936,0.4123452505047216,0.15632669295288762,0.13025143042655057,0.0,0.4247904964650934
A04,7,29,0.20336016838590976,0.12419995295261006,0.00020621865573985536,0.402398880041047,0.16863623730160093,0.09469262400570168,0.04837509254935451,0.3215788283949584,0.22735198653584435,0.14221331337146578,0.0,0.38654105229945696,0.18722157391208938,0.10948204227507141,0.03165834517146783,0.41230968367727094,0.33481938434138125,0.17587799371863352,0.0,0.5709653370785686
A04,7,30,0.16987850435632418,0.08640215567424979,0.024767331752798532,0.33159586043756895,0.10754687717421424,0.08397485849523217,0.0,0.3322139445015839,0.2808122233846069,0.17098068059270136,0.0,0.6053118071905302,0.2583720002055912,0.1491939101567196,0.0052535444747946625,0.525344835420521,0.1892926795508224,0.18317857553015673,0.0,0.4665429135022129
A04,7,31,0.17446283790699188,0.08069513226730819,0.0378831540529324,0.285375246713414,0.10812492608996611,0.11767489222033571,0.0,0.35795570958043005,0.17813451092952784,0.11975294004297722,0.005997837962979179,0.3477908073284412,0.26058338702852457,0.10104087725682162,0.1011362551312842,0.4043857110955789,0.20206101694621692,0.1424033775652301,0.026816613825634876,0.44691709519570944
A04,7,32,0.16159816203906185,0.0997209187872021,0.0,0.29567156598405175,0.10311464307200548,0.05938731875968204,0.0,0.22150579325781422,0.25316375156615395,0.18258964394796126,0.0,0.5124877081774223,0.19491034217145436,0.10321938331546616,0.017564656352307147,0.3449394622754366,0.33596168947507127,0.187453704151589,0.0,0.5985006371842172
A04,7,36,0.1850112603473888,0.07935955711997765,0.056206620680494944,0.3046026877716854,0.13654108545366747,0.08893059305820963,0.0,0.3323767057372217,0.2691697040959637,0.13671559852115261,0.0738463394397192,0.477587685728416,0.19865551942629617,0.14107575607614062,0.007701954460493725,0.47528790176928387,0.183934983944885,0.17767992204431857,0.0,0.5723123723369652
A04,7,38,0.1807115607164663,0.08844825525968755,0.017793100272047963,0.3034070360774573,0.16685270497852772,0.16552954868114805,0.00027073426019479693,0.5002671896113217,0.2779341730870806,0.11795136234504262,0.0,0.4251193939615941,0.1731513681638027,0.09448979368300406,0.0021320317980944342,0.3481593945302775,0.18587775054405073,0.177570650295902,0.0,0.6720401567414858
A04,7,40,0.19211874368757528,0.13173573991032483,0.033909967492444126,0.4597747338598483,0.13200467844124733,0.15799097334235965,0.0,0.48294071755276097,0.2498555980323149,0.16148105378417774,0.0,0.5264888069355171,0.2735384544446757,0.10383935969634711,0.0909017603627017,0.4403998407033215,0.25237731792460777,0.18059966462336682,0.01813460974390497,0.6505969191548504
A04,7,41,0.1692483529681389,0.07909175850653719,0.0043146151178979275,0.26174597805084404,0.17257533060717695,0.12028263321614557,0.0,0.42151066345703986,0.18125402857847756,0.14609731846131943,0.0,0.45480318173221784,0.2263090659902633,0.10550802786812916,0.021728133340415838,0.37803047711746046,0.2944022483425446,0.17403692758911057,0.09345921655529807,0.5406488461026071
A04,7,42,0.16747182421001267,0.11277562377389933,0.010816436447644882,0.32338869635689926,0.15004102783083212,0.13943812382156992,0.0,0.4140784958454137,0.25562401560744213,0.14736747739474929,0.0,0.5273230700216748,0.1973230870960402,0.10102866788021833,0.016825018541948195,0.3386339539046999,0.2155212780186106,0.13773984090111732,0.0,0.4346400465498382
A04,7,43,0.156731775491961,0.08362950976861867,0.020026653253614635,0.27841709125529807,0.09563734770135249,0.11824754101915312,0.0,0.31127095025896956,0.1871176694792032,0.1156823207631056,0.04805506223229672,0.37193546141380424,0.24968744581742996,0.09945264298805084,0.05556760682039471,0.3957562071267389,0.18454827972664362,0.1528106758823371,0.0,0.4772359211430775
A04,7,44,0.1789498328130657,0.07831975356300941,0.020578893832063096,0.37013773699187136,0.1429181532176938,0.07485747498745629,0.008236594063556908,0.2261818327773351,0.22471273133199265,0.1233386504255044,0.07114022965088615,0.44438857529703396,0.18044266850964463,0.1252935195755435,0.0,0.4065300367770561,0.20345556922872365,0.13594637093000622,0.0,0.4088277009648315
A04,7,45,0.17782651679221845,0.08667094203132264,0.026184704274066193,0.30862745316511514,0.19993300804995523,0.12904256869459707,0.0,0.3514607274975816,0.19373720137703695,0.1339743731695815,0.0,0.40157841668822103,0.16316281522042367,0.1065670629633986,0.010784063562139392,0.31296257466607624,0.3448240242066369,0.09947093892796217,0.22128787839352013,0.557398853013393
A04,7,46,0.1630856235789103,0.08136483792708944,0.02076328948635388,0.2794636192559047,0.08300286676023512,0.06519682076406928,0.0,0.1688084752940335,0.15697029919468874,0.08152977312076104,0.0,0.2951639395186466,0.2944508383852319,0.14318406384043697,0.007873699529284264,0.5142607584369712,0.17970463720994498,0.16474098469271797,0.0,0.49893436525378715
A04,7,47,0.14277100075189111,0.07137649208910989,0.024115523660053397,0.25361180482455364,0.08686775136961271,0.08915793423940829,0.0,0.32888551937252714,0.2943867193284149,0.12461683244153052,0.02044258839632402,0.4582904076249283,0.1562324046088519,0.08499781626513883,0.007282145126731564,0.29385522606562514,0.18736054219646825,0.1706944648843782,0.0,0.4749571026767234
A04,7,48,0.1515737328607417,0.09253392600987022,0.022506180202526056,0.3330832212110081,0.12165358720250269,0.08819367918038679,0.0054762293945004314,0.3216732931653257,0.1914859720565133,0.1280766261092618,0.021238798720637386,0.4285434556995979,0.17979919065209632,0.10485557790026678,0.06480856280085183,0.4092982256676165,0.28989228092561437,0.13657961106180536,0.022018823577774738,0.5572086972634613
A04,8,1,0.2810495427343977,0.059667203918415256,0.16910553001633438,0.4154184975820306,0.12597877905867302,0.07711771459184535,0.0,0.2552654415091065,0.2180708249915366,0.1589660170205379,0.0,0.5391583023117518,0.36550372729789377,0.09255601884146164,0.22064785498647485,0.569588741940594,0.5703116206083237,0.11232570688745469,0.22490113201747183,0.6848192165206449
A04,8,2,0.23632034023748805,0.09480698005360724,0.08410737311173512,0.42684361451818703,0.1465716096493868,0.10240892555316525,0.00750697954049944,0.2958533081425778,0.2511063875663613,0.15906132555317198,0.020605983316220117,0.5096039687170654,0.280358106787776,0.14011726760831275,0.06999825673013461,0.47450137071626364,0.4363435147854497,0.13994751304719716,0.07608125954422106,0.575092926048205
A04,8,4,0.18060473695194187,0.10408937937776679,0.00966223663734435,0.3073620375999144,0.10257246773444345,0.09069751519425351,0.0,0.28075233385515436,0.15972933871923933,0.1304226828607062,0.0,0.3621727630040002,0.3421353405757444,0.13690609595237957,0.12017427445898564,0.5724400080130135,0.3771964454362125,0.14734509452813135,0.03665079752877968,0.5889797061573259
A04,8,5,0.22254003380562853,0.09999292531813285,0.0436911073789832,0.364937380696703,0.16904630061654674,0.09496793270869502,0.015091335798900953,0.371626426138861,0.2758923375597971,0.13467168885885028,0.0,0.5236730393008996,0.24207002209360112,0.11192287275492742,0.06810154422207491,0.43398772812541925,0.4244124402403185,0.18002831712404252,0.013902079701675436,0.5953428208354227
A04,8,6,0.21210557009705527,0.09017540982471281,0.055988478411574345,0.3523764426323117,0.1772362022981941,0.06994117696177835,0.05095435700006052,0.276405978303489,0.16169607868971614,0.15518978576376158,0.0,0.5100977972561054,0.288245223587305,0.13389536780744882,0.037633368900342905,0.47930325984792077,0.3759519354517586,0.1728605286659897,0.0,0.6002800827168908
A04,8,7,0.15510993093717404,0.09868045151236282,0.0,0.2927291755346123,0.18215875122338504,0.08419123369508902,0.04117306025984613,0.3778620916344651,0.1730077688771551,0.16639998679767426,0.0,0.5391571669409069,0.18383084735176508,0.1323345118264718,0.0,0.3937692817568867,0.35028747906580165,0.19011325950029342,0.0,0.5297855114201693
A04,8,8,0.15570331513907718,0.05087420310622883,0.05048955247299009,0.2381226949989949,0.11821446958057012,0.09758415290068914,0.0,0.2978339883770585,0.18180591584114783,0.15980660740479444,0.0,0.5354227455052778,0.17279972832318094,0.101588799009335,0.00276918078093242,0.36891399723951734,0.34400542231639086,0.14345152486650634,0.0,0.534042804864961
A04,8,9,0.21056635787642905,0.08203263648171814,0.10832307729245605,0.3314470969538701,0.16216928860173582,0.049978975904460196,0.04432249386741232,0.23779539698794286,0.28670004587257547,0.18736984627222927,0.00045830001686354905,0.5601924141261089,0.20951804240361974,0.09989707642758915,0.06920302656763945,0.4672646211506404,0.37973162828961016,0.18557224108987527,0.08536206927342556,0.6555272023166205
A04,8,10,0.15443935175713486,0.07223785076186637,0.018201813058019933,0.3066972348145382,0.124279152309733,0.0742183846534774,0.0,0.2611610416542675,0.13137623171766305,0.13670203151397384,0.0,0.435534180103197,0.27511886421035675,0.08523714711754247,0.11837378612313873,0.4089898980136755,0.337414525302595,0.17413863356964127,0.025581147708009518,0.5992787549419062
A04,8,11,0.13588714045687247,0.0846911054565672,0.0023646243914104493,0.27447494645290943,0.09047676143266989,0.11612409258295846,0.0,0.3296578021052129,0.20916897145838914,0.21256531368555848,0.0,0.6231205486504473,0.19237999732128647,0.11723523327556203,0.0,0.328365367338443,0.315263228054724,0.16150748215270716,0.0,0.6003188406450387
A04,8,13,0.12824377989578273,0.061054403500555285,0.04174000134157189,0.23091692055950755,0.09103312287986935,0.08364476891393015,0.0025105407594708646,0.28656207783824916,0.24615925183098458,0.15518309262044538,0.023502995672799534,0.5005957029228253,0.16465302676946847,0.1114568684862524,0.01485029013665611,0.36155786685694263,0.1448060205135183,0.17392346541571835,0.0,0.49775359444881956
A04,8,14,0.15423309255722917,0.09770253690541258,0.02075330098998854,0.33828803422859466,0.09105694486501652,0.08825470859782865,0.0,0.24858454390227686,0.2365663213371879,0.19877724995915658,0.0,0.5602629758735561,0.23847107549040367,0.14607371226114116,0.04381414125518084,0.5100056864136635,0.23108114414737557,0.13353009336287353,0.0,0.4792614123375385
A04,8,15,0.14061506930630432,0.08800561763708915,0.0009918546182246285,0.3529923315006793,0.1760493688717528,0.12261465049238061,0.0,0.38107872210342375,0.1605615324948327,0.1454991138132254,0.0,0.4452399887723518,0.17383308611912238,0.12538224086041277,0.0,0.35297807452184243,0.1596179988144743,0.16171887690601386,0.0,0.4457070375435733
A04,8,16,0.19723238730742587,0.06657704304497586,0.08114590049701491,0.2798991793610608,0.215521460257888,0.15595792477725115,0.02374762231758668,0.5724441786314322,0.2732635755356997,0.1577646420789341,0.0,0.48000438881243507,0.2102160486636525,0.11611479282959886,0.045100366335702025,0.38355188088338227,0.16382136789383742,0.2147014092827147,0.0,0.5898089068849205
A04,8,17,0.1920260114394046,0.08229440310769622,0.06900589514579733,0.36193992880808473,0.1396865761849128,0.08475097342459563,0.0,0.26554474514157084,0.24330090318526468,0.2145304169023099,0.0,0.6552273882541417,0.21729808144327203,0.09508269288258926,0.041092517034045706,0.34944629128071664,0.323059598582413,0.11535774836018657,0.0,0.5082178449218681
A04,8,19,0.18372037297832203,0.03068490385907793,0.11725409186351056,0.22676597963443745,0.19078312738205597,0.14229282884459932,0.02317160146404632,0.47875709249077847,0.20939345971374765,0.12504670887213268,0.033686440617756844,0.4120070911037793,0.22067300267012604,0.0872032632999087,0.13800770395267878,0.44117940731880206,0.16944183488285836,0.14548771848662173,0.0,0.4083792715798521
A04,8,20,0.13722572986677328,0.053509384421933995,0.045557848815645,0.21976514079837545,0.11169011743870993,0.061238545056503314,0.012223763829948085,0.2091304624372112,0.13038539307965624,0.11841785983289722,0.0,0.38415317828454926,0.19464778010849743,0.09802218176988835,0.04446087952035739,0.38701137832663635,0.163734575130253,0.11298907055005832,0.002018339004202896,0.419784006724145
A04,8,21,0.19661024332432292,0.12151531039933348,0.03746811901466464,0.3805499925762706,0.24651771514436024,0.14269621955617567,0.03703583392579728,0.491631838839614,0.18653021288528776,0.1460893841600077,0.0,0.4306300931609277,0.16546577787760156,0.12641013097681897,0.0,0.3187587700333908,0.20503949090876356,0.16886309581555028,0.0,0.4548116314514895
A04,8,22,0.16260224445417412,0.09582985841293269,0.006785582199180938,0.31734229022883925,0.12695392582690132,0.1050025700269469,0.0139988150158943,0.3513971277944587,0.16984852838015393,0.16386768698341722,0.0,0.4357204784181678,0.19282489432039382,0.10802339732424045,0.01791522044102069,0.354736539812361,0.1689480989344198,0.13844492732260172,0.0,0.43730718028524335
A04,8,23,0.1628789538790826,0.08467303605820123,0.0,0.30837796523437877,0.16783926796913903,0.11618672968630951,0.0,0.35667972454408553,0.1740073900100593,0.1221925693354565,0.0,0.3579721583939727,0.1805562233430515,0.1216292800506663,0.008266275650192747,0.38761498329902455,0.18273484560413125,0.19053675673062498,0.0,0.4823229002334294
A04,8,24,0.17823396220472493,0.13554492590273073,0.006037571218138257,0.4185437851307093,0.12843257830840624,0.12287917849322785,0.0,0.3259749015904277,0.19543452541196396,0.18446096439997683,0.0,0.6296650830154179,0.1507528977919713,0.12554386508678467,0.01294482125346327,0.40772155850315933,0.2747881112579895,0.20844187612993945,0.005364416771101713,0.66908872695276
A04,8,25,0.1491133587789955,0.08907605310367556,0.0068352007818437265,0.2898459281050664,0.1952525946640969,0.09394584731164846,0.007529594043818969,0.3306310915888296,0.13490653538834602,0.12647712716506462,0.0,0.35001453400903404,0.13858199106538116,0.10083591793815504,0.0,0.3069320320149573,0.30805677883286225,0.1464973541590536,0.0468604216874268,0.5409824671448394
A04,8,26,0.15627164651584396,0.0780455188318972,0.04199606738305,0.2938119221534885,0.15862786379076163,0.08099684497958272,0.04553407982215406,0.299249696989365,0.0946120656254176,0.07688628299676126,0.0,0.2650841764637982,0.19459597332769724,0.08230692685638538,0.0408251038137944,0.32783890850709335,0.24395569253888097,0.19774082645274552,0.0,0.5035453756256929
A04,8,27,0.20053893929189306,0.11276673055161945,0.020825977637641442,0.3608255603856253,0.1731098180510879,0.10349065421327501,0.01939941968892584,0.3145402869071832,0.240750855515199,0.14915089160403594,0.003946840864772705,0.4861945332877919,0.1961425655135896,0.13341437093592423,0.0,0.40349071417173865,0.1758368903371628,0.1583615163301774,0.0,0.5098515903374282
A04,8,28,0.17508426071058805,0.12084610530069273,0.005035534440376315,0.4561729269926671,0.17053247624066564,0.10008876678023053,0.012225303330399395,0.32947103901675684,0.22713807936120703,0.20903526328690317,0.0,0.6287058638501467,0.1237005455461808,0.08181515605858598,0.005009687533082285,0.2504989018982217,0.32931853122823096,0.13511660886461352,0.09455814566668383,0.5278362740245964
A04,8,29,0.18378789667402054,0.10870219823023455,0.026750149987734617,0.3687137854858943,0.160295158742125,0.08435554888109988,0.05567274783133001,0.33607765120916444,0.16108952234907542,0.12324239328307915,0.005276326297293148,0.4363473887930649,0.1919131808406878,0.11664483677637524,0.019666285252437615,0.4359320964474954,0.19764836416728027,0.14187766478161162,0.0,0.3997214317655917
A04,8,30,0.14229958182286293,0.07515606637768438,0.011101054098732235,0.252068926753529,0.10199179237137238,0.10781493683496014,0.0,0.3715288659232681,0.2632503034088687,0.15519968437701315,0.034136892185863243,0.48064749828587744,0.15162313561136304,0.07784757256991441,0.023151280472798526,0.28273870009847035,0.2897438648528928,0.1429974055344184,0.018757477877877547,0.43009420975144763
A04,8,31,0.1853319145696673,0.06606818230889558,0.09953099922410467,0.2973579945813353,0.23158587464347444,0.10313720507366438,0.08885625862150578,0.5323594440687545,0.19675803772219488,0.15255382040909057,0.0,0.434663849250233,0.14414530285346436,0.1008799874666091,0.0,0.29902264683480617,0.25605270619152,0.19308784983648578,0.0,0.5599346798063368
A04,8,32,0.1524296913323136,0.08894034164910887,0.0038358769193544656,0.2982586679526173,0.12116793774521474,0.10104087119756681,0.0019015238663637587,0.34066951734422796,0.2117631639020826,0.1610955994873066,0.0,0.46770816603561904,0.15025006927543735,0.09326391935570642,0.0,0.32543278783066104,0.14990227180250645,0.11896698359785432,0.0,0.30893702085339453
A04,8,33,0.23222894857250237,0.11973827623806363,0.0,0.4045810208966435,0.1744337656946464,0.11327179682089213,0.021116671190391876,0.4309266292287915,0.25206326824904285,0.26936134033424863,0.0,0.7363903431575297,0.2599229664077836,0.1174920641998768,0.03132733188243581,0.38466631842610965,0.23854289532356618,0.19360933837751,0.0,0.6268988399602421
A04,8,34,0.23351816833358705,0.12309118363422711,0.04240208975737098,0.43592365993006715,0.16839477701677605,0.09971769007990249,0.013542597215400774,0.2909119958939795,0.41101718338412413,0.23321488194870818,0.008904202733885369,0.7889025928844626,0.1710109174373909,0.12858074649696594,0.001625392956989031,0.3279814073472583,0.161429519904373,0.18949208785566482,0.0,0.48108171762426616
A04,8,35,0.15055559886927256,0.11076444789272637,0.0,0.3599482130708363,0.15034325744938049,0.1360080154509989,0.0,0.4275243879892909,0.16019955832874738,0.13836194841949465,0.0,0.37657606348083955,0.18230071095608774,0.1285248917495149,0.01824449918073791,0.4529750332760662,0.17873134617381856,0.13553725099511355,0.012514367643370343,0.4378617476847864
A04,8,36,0.15409161451261952,0.06990717705151898,0.03991842972499234,0.24642771916333459,0.19715647022908417,0.14393672496808396,0.00019011699856501845,0.45483007526696806,0.18446641508048067,0.11865019963290184,0.03252962209978326,0.374124259117465,0.1427548082859406,0.11419947515733662,0.0,0.33478556597070447,0.2078665286369111,0.14982485766373912,0.0,0.43130965039087493
A04,8,37,0.13789750589655886,0.06959300105260487,0.012479916992256162,0.27810186241591117,0.12641395404400912,0.11029411709261659,0.0,0.3156630395924944,0.1954602721661852,0.14995288376119648,0.011008682412300226,0.43810563406982134,0.17761409182432733,0.11847658496300832,0.0,0.3669912477552001,0.2987869751040549,0.16190858534980831,0.0,0.4838375295117407
A04,8,38,0.15318019704258884,0.10106932122406548,0.0,0.33303134837607257,0.1514927345770978,0.12465175815810244,0.0,0.34511754216225093,0.23344230851710285,0.1437149505437765,0.0,0.5155709662632016,0.16917465770080561,0.08228751616576879,0.02445262970944722,0.33808420296336983,0.2991002277385739,0.18192940462485813,0.0,0.541755938328378
A04,8,39,0.2001167453327544,0.11079700713126467,0.012673100008502716,0.3765372697029036,0.1737293409391989,0.1121094020425301,0.028610455354276438,0.3711997007683155,0.18021055642527584,0.11827138145945874,0.0,0.34652043773851304,0.17669791417406655,0.11660828854963994,0.012708347144268575,0.365849066478845,0.27273995206418106,0.13739152384263503,0.022092028818892606,0.46534776939175815
A04,8,41,0.20059059299941903,0.08080733227855928,0.0686855382460162,0.3325898652428489,0.17565931764788204,0.10181175425594723,0.03779671519429368,0.3490319939764741,0.3081469394694389,0.1882181537242101,0.03934723384573456,0.5809518192261097,0.18696041837876473,0.106515539607299,0.0,0.3287146866535266,0.18974033441166432,0.20107514814554123,0.0,0.5698384040990626
A04,8,42,0.19521287962512074,0.12148919948437059,0.018822433444038413,0.4075841743528406,0.17389666449646984,0.11979877307756806,0.0,0.37468928849166677,0.1773210461648867,0.20068695301299863,0.0,0.5242590049341149,0.2527928503437658,0.11479261060729598,0.026401380155136538,0.4590734544400653,0.3080186642686789,0.12406716399869541,0.10460204592545148,0.588951565409328
A04,8,43,0.13609591264941936,0.11708264596719778,0.0,0.36626138270957886,0.18668468383053038,0.10326427994288692,0.02007659587821764,0.37932926145350027,0.17808303653305216,0.19672905062369514,0.0,0.5887470153472979,0.12167804910934425,0.11655646913431543,0.0,0.41233772858211376,0.169365390583373,0.19168433659162468,0.0,0.5545617313037547
A04,8,44,0.15809452948728364,0.08518323668686624,0.016759469025824036,0.2807933662766671,0.14916811256179205,0.11571111609929093,0.006034545097819215,0.3219879499469493,0.18865106554656536,0.1427907664110823,0.0,0.492991397174469,0.1685870856618086,0.09171845578135077,0.028980522660846116,0.33946283117537496,0.23812714335385798,0.1696966424675305,0.0,0.49573224117050446
A04,8,45,0.21039088930799205,0.09220446165926789,0.037058451017774906,0.3575686424222453,0.14452497146953808,0.0820568200578737,0.0,0.2977967223626331,0.2500612187403174,0.14859146299120413,0.007747601786785796,0.5383361466461866,0.2593361652807436,0.10665604586048845,0.10815058705490532,0.4808261403090492,0.1596658053090994,0.09091437749759353,0.0,0.2921383869470495
A04,8,46,0.18314271839920607,0.1170710118255172,0.00868120365208507,0.4376152197231407,0.14949140189190405,0.11232132485353404,0.015720877650287273,0.406417233638078,0.21977945636211071,0.21560792137256654,0.0,0.633585535063727,0.11320425633237967,0.08817489750251045,0.0,0.32778047786619074,0.08310471471408336,0.14940320930779555,0.0,0.4764931441774389
A04,8,47,0.21322106589084105,0.10864443717270511,0.0,0.37325734690091,0.1726218453913905,0.14048961147447778,0.0,0.3906823601979446,0.21637771624360386,0.15763688638612056,0.0,0.44588279109015233,0.23886907075126015,0.10874861200860736,0.12432303627173764,0.4392234478402761,0.25384508604222583,0.18574343757606812,0.009847785418724775,0.49494229435929454
A04,8,48,0.10622117382111478,0.08430954107985093,0.0,0.24655317282319902,0.138004500874062,0.15623517509307336,0.0001829053697434611,0.47099550108961363,0.07046537442278208,0.1028826273466261,0.0,0.34788446643269,0.19170989709587802,0.09692170193250438,0.027012195727903365,0.32959466695543477,0.2062467430909457,0.17019999897669152,0.0,0.4613148645056467
A05,3,1,0.416631328287486,0.10786340335042278,0.21943205979130534,0.5759876599836371,0.15134485763707495,0.10290820071209933,0.005365633874104682,0.3222470754298457,0.3232030303141207,0.17786393881840004,0.00752459634986088,0.6012674172247335,0.6805246772357361,0.10734049401770726,0.3925233607285779,0.7922031374661653,0.4577767603781497,0.1760576124594266,0.1797692201285504,0.7435032817345819
A05,3,2,0.4161960197157802,0.10178516041593577,0.2578203032697829,0.5639642471166734,0.2271179495493769,0.13257280344234293,0.0,0.39739773236264303,0.38081382691193855,0.19058184707651513,0.0,0.6192827893647898,0.614792812273743,0.12319003574511164,0.4034697938262068,0.7858857669793559,0.4953092154005251,0.11910223525157705,0.1525007823706412,0.6122817520495987
A05,3,3,0.3718991732483946,0.09473584068209591,0.20963378108980196,0.5124220827866431,0.17552478325138104,0.07983587964162829,0.05462778400253965,0.3106352757252254,0.39131614369578244,0.1970837634956775,0.07835505772593668,0.6594154785312062,0.4997746514839008,0.16238884743338525,0.22579688636014447,0.7574900872259581,0.4155419753492995,0.1826840453626239,0.03945107918186969,0.6827410816950994
A05,3,4,0.3376655097663591,0.10378505000369447,0.16213764075945258,0.48665460535353805,0.12937214316391957,0.11622247361645247,0.0,0.35606499530354935,0.30343264448869717,0.16241645572483446,0.012004993377059911,0.5083648848013037,0.6117993998148717,0.16697958025612591,0.12205019348793973,0.7933290336410591,0.3681216727395543,0.20215261999986223,0.04052023626264637,0.6576732928227587
A05,3,6,0.3129337231241966,0.10551232964775129,0.10215610009432952,0.4470390921426947,0.11203452062781963,0.09533481390099495,0.0,0.22108991769973715,0.3573354166855438,0.18170898139041586,0.0,0.6688296747747012,0.5446053602950429,0.16990160228298068,0.2449898702827987,0.7501602645037908,0.4428139226923076,0.07791898908303631,0.33229375874007466,0.6019789614111216
A05,3,8,0.4422523109273638,0.12398509882472226,0.1544892580809162,0.6058492633956882,0.31459318529017827,0.25005518551510925,0.0,0.697259141145674,0.4498228838198075,0.1787944977485907,0.14269935837408396,0.7176205865824049,0.5698709706602982,0.12431423865014857,0.4216535247482321,0.8698094363319148,0.4670508067705688,0.12443485699181989,0.2972450551061043,0.7046835315095927
A05,3,9,0.3430306305771735,0.12587269113427887,0.10537910789843884,0.5329302116184037,0.18903208055370702,0.18113307368443113,0.0,0.6018338884028026,0.43480333567925383,0.20349459836612172,0.08159748128896487,0.7901859591497317,0.5182765244739989,0.14772258073351158,0.17904786277924303,0.6976198958558396,0.43871972598778236,0.16812574095394087,0.06109633290043221,0.6984957724362305
A05,3,10,0.3583272538635187,0.08753365134016325,0.23806498043820842,0.5274071164996981,0.1428096151798116,0.08668868759823638,0.010924691893448277,0.30726001976801187,0.3230722560776021,0.14919527341103841,0.057580777334061986,0.5541432442655505,0.6184305683673023,0.07660086405810838,0.49096552853826764,0.7062032493514904,0.4926232954976178,0.15662851685774082,0.20180056829235601,0.6985274529927603
A05,3,11,0.41838059282819534,0.10134086300507716,0.1621941231421946,0.5962024578364347,0.24288308903439124,0.22667861827826602,0.000547499045282824,0.7648889821898167,0.4788546959493353,0.13527555572331493,0.2670403594531224,0.7151877035181938,0.5415424607720029,0.15726874635447138,0.1675803303007203,0.742385441155779,0.5152203702094442,0.14305473535629495,0.29309673547654647,0.7889835775558954
A05,3,12,0.3574505032828548,0.13146590876906172,0.1268503940826923,0.5895413912871325,0.12218370552336015,0.10426160738707223,0.0,0.35845058703625743,0.4099341114819091,0.12104324768573844,0.1614971217775681,0.6354152958202803,0.5365981666981106,0.1929912604380837,0.10543006487450957,0.7965611278291121,0.5942011971847919,0.08748972565094702,0.3973315538534525,0.7265913365546453
A05,3,13,0.35525731831790514,0.13981685605182062,0.10744248548342147,0.548690534573546,0.19723063966501728,0.12513009115268647,0.0,0.4349629881356746,0.3743526014939898,0.19331179603239765,0.03561187412908335,0.66218803352615,0.6208722260672641,0.17306004696369146,0.1330582126352778,0.8245866264422751,0.4880718521035765,0.13416614339958996,0.2101527004178466,0.648824086980654
A05,3,16,0.3740603583363648,0.10256833048567637,0.1722997484599683,0.5098593226486655,0.1884066086383232,0.10621398993537133,0.03469575259425391,0.4329716583763485,0.34001612389114566,0.1980831042885634,0.027658383264300496,0.7175481290082091,0.5736985523619696,0.1065186896855008,0.3879027512825788,0.7798765031124457,0.5049090272052278,0.09724587208922263,0.34070845991971055,0.6445554995624763
A05,3,17,0.2900412085182039,0.05959667296481914,0.16110472849502003,0.3737552190701926,0.136169075642059,0.10483925048520143,0.0,0.29079308390633535,0.3768160363130526,0.1936531968756111,0.016563183590669803,0.7710921111642417,0.4573423324242337,0.14726945493439472,0.1447699922675312,0.6576491923813055,0.5581849549848706,0.18678834318200932,0.08257100069924049,0.7477100379996645
A05,3,19,0.3009299740270249,0.10951083640637374,0.11850677657474072,0.4833995235484512,0.11706641040917568,0.10070958214578206,0.0,0.36117298034164236,0.357340189424163,0.17431993308136043,0.07357360983509108,0.6462965828727899,0.5366324331937872,0.17178933669709234,0.046266687499944927,0.7138006682052799,0.40678709301331345,0.17257342130838813,0.13365050530986702,0.6820463878725723
A05,3,20,0.30568565612666043,0.08659813753002946,0.16015376880576532,0.4413493667879587,0.18183337785784426,0.18069375775244678,0.0,0.551366386806511,0.42386206520892267,0.14680113104687342,0.05089101973165363,0.5981956304391647,0.4241117196327667,0.1528603976670589,0.13661006904035689,0.6457423595622169,0.3323697850032633,0.16961637774212385,0.0,0.5547113720698292
A05,3,21,0.4101878452584103,0.15899308211656218,0.10230019866196785,0.6971452594234412,0.25762384370420216,0.20303146747390297,0.005692424769017356,0.6435870588671146,0.5123307679677901,0.18208141566439862,0.13925406665586704,0.8175617438292673,0.5463601640323,0.12408651473927682,0.3065244287519988,0.6993044662138537,0.37111329785558134,0.22637849238084465,0.011739187621752507,0.7583622368429142
A05,3,23,0.2732910023327802,0.1250708214311375,0.04413652219404978,0.41965093179678703,0.21451188204255173,0.13474440259698783,0.047794630734041874,0.5414223482104386,0.3316646500402708,0.19236710416322894,0.0032961295972850435,0.7003289271671731,0.3257845107962833,0.2020440033728331,0.05379342510085868,0.6633879175338377,0.21582563558897927,0.13377299166836892,0.06148932671228659,0.47944344253382937
A05,3,24,0.36825315306737016,0.09297038239850808,0.18617103311616143,0.4771833234195978,0.18656424199302257,0.14445225272011833,0.0,0.42866240241681025,0.3828686480479403,0.1903729990649891,0.10909736888903676,0.7989456010749312,0.47671389428129735,0.18514125178233198,0.10077116797728349,0.7879863237054289,0.32241136764412964,0.17549252146186722,0.0,0.6282821300751824
A05,3,25,0.34251116867558273,0.15107614824428517,0.10076229878628848,0.5618814068184681,0.2696627097164682,0.250655930306039,0.009485695706874473,0.790479925894296,0.3872322629302319,0.24665507933251432,0.0,0.7591692188267516,0.4274183848072083,0.1426630337996422,0.17206419893821984,0.662253334620871,0.44826390576580405,0.122378281560347,0.19274795121247354,0.628716399456363
A05,3,26,0.3483108900904025,0.08406066585797832,0.18452656219144656,0.46436881289924986,0.19482425225478966,0.06820722589464567,0.07474809407650972,0.30293746837626073,0.2856721974749876,0.18336503652807382,0.013978055233645528,0.5789035193685311,0.5049663787095422,0.13700511188443923,0.2017213457059385,0.6893218929798656,0.4086354534532374,0.2034606199053234,0.012954074841208616,0.7073416099815318
A05,3,27,0.30992074545925835,0.1016867767011668,0.11860425128959394,0.45296846660941686,0.13826658359075214,0.11812885579588528,0.0,0.3680025256223631,0.25608233822321363,0.22422321378437143,0.0,0.6113398404962327,0.5068341213196272,0.15265698082279386,0.28809496987309685,0.7758198165689099,0.4104143577363454,0.16076468628341248,0.021399728123658947,0.599199947065573
A05,3,28,0.3086346008322052,0.10738221440777525,0.056792793023608464,0.47428361657780027,0.20846487609582287,0.13276323769471846,0.0004458959878660724,0.46410863665432356,0.35644674249625397,0.1622582524942389,0.005675714826517472,0.5550659154212482,0.37316649467456725,0.13209533733756712,0.07969142272253153,0.5536668742244544,0.34856538009112176,0.20738889957009976,0.0337683017565344,0.6517071885287462
A05,3,29,0.24957821441518965,0.12563845915357846,0.07721047682858499,0.4888451423605676,0.10105238687883945,0.1464125232520375,0.0,0.4808983474539544,0.284174341943989,0.17063798298145472,0.0,0.5248576723800473,0.4644946359622425,0.17817904220413014,0.1382799647482766,0.7012058982650897,0.34664864722194,0.18189145939685555,0.024274354534093417,0.6385492031101527
A05,3,30,0.2695866901348383,0.1148528981293348,0.09894836544228912,0.4782421823434305,0.10175263433854585,0.10822679010205871,0.0,0.3957014581791575,0.23673152123185803,0.2016505349269332,0.0,0.5986026789414031,0.4794326971971107,0.1420114852459261,0.2644933553294227,0.7457407375626832,0.36532652182914677,0.14436450739292703,0.08066173470882627,0.5863085915771681
A05,3,31,0.28569438323740753,0.13338158152581572,0.02495867442156168,0.4754078585125482,0.15854969794774906,0.14346643022118785,0.007885423250808305,0.5496978990196305,0.27416674556621473,0.15998406102178245,0.0,0.5720359044790745,0.49688215269326264,0.12735308583590113,0.2416285005067834,0.6683925362416713,0.5098483044799779,0.10090571022465901,0.3370064084956521,0.6441943599606423
A05,3,32,0.27621495225884574,0.11238983380874265,0.0482076661672307,0.4126622449655462,0.11669306606903683,0.05985588744611169,0.03621805644253178,0.23329028574521202,0.3496623002723073,0.18805976942877095,0.02838976238594188,0.6707692012663996,0.48060773260011325,0.16612978520526311,0.1283848567882806,0.7341817803986371,0.3604518993701864,0.16247382804418709,0.08212845286411756,0.5974425802884392
A05,3,33,0.3968629074387915,0.1555743449830529,0.13603984665067198,0.6989699492177239,0.3124419933839466,0.3034349559328497,0.0,0.9188483382657184,0.4436663422411252,0.221304124354554,0.08086983221817565,0.7921531143054432,0.4675397861146531,0.1149446489812744,0.2650480862273495,0.652456893066047,0.47037090870086706,0.19536784864346224,0.0034066918986204015,0.6750568997084735
A05,3,34,0.31586998025479557,0.10786632144740008,0.10520897266938603,0.507622716480817,0.11351278841716636,0.1301230197421714,0.0,0.42372478824100573,0.3707663262811847,0.15556666014686088,0.10716843041107992,0.567946523465771,0.5778963381714116,0.08347569393164765,0.39253492543786345,0.6999916957738848,0.5196112043727353,0.158842291353325,0.20268298149210975,0.6822868425150397
A05,3,35,0.30724628751714417,0.1247402454995176,0.0049691205121647885,0.4488027840428685,0.10224462855385635,0.09401661880672131,0.010648061745479656,0.3148549746656769,0.4213519411084904,0.1589513214726063,0.095236834495799,0.6486929179483357,0.4667107687468354,0.17927834915885074,0.0,0.6703272211514933,0.4815692084206472,0.2097450664864173,0.08741833033464534,0.7105369213230529
A05,3,36,0.3152882661294944,0.1280327632519797,0.14342929093317838,0.5913163174825049,0.16328727740857907,0.1970127557241353,0.0,0.6347697306367899,0.2658078205254101,0.18987934158551872,0.0429860590837579,0.6307821855914134,0.4937389889274456,0.07299491631265972,0.3527339119678314,0.6235283630640873,0.39237169125067184,0.20857808355672502,0.0,0.6407085321600446
A05,3,37,0.3388587696885322,0.10981193827984367,0.1764251213508173,0.517743889651107,0.17835994697566934,0.1495125260441665,0.0,0.597060834486569,0.23064206259257455,0.17242740677926224,0.0,0.5080887435971031,0.49875454180741535,0.15462364055851965,0.07714256825812531,0.6912306511851511,0.4600063321839509,0.18043673507485872,0.06939961583916662,0.6284222233603513
A05,3,38,0.38143564725443274,0.11722781807040529,0.13261092027315455,0.5577093468893776,0.2657292989475518,0.11923026795041591,0.06953093728860955,0.43255040406635203,0.4520657724847304,0.24731736755317194,0.0,0.7654217279897901,0.5515713465141394,0.12580289947082626,0.2775975867066038,0.7592100253654449,0.45314279049545836,0.20765227162976482,0.11743412507337245,0.7433455511411559
A05,3,39,0.37268120791303877,0.08992908489982969,0.18073336788811664,0.5153250386006093,0.2908146104845525,0.2748413121516315,0.0,0.805084294289451,0.28460542600820593,0.1441873049785308,0.056583773762799786,0.5267088662975654,0.512426464661298,0.17768317875501258,0.1662360231337278,0.7525314064609973,0.4178254894120285,0.2293942305491426,0.05922839150749472,0.7574558818930627
A05,3,40,0.3121987503853434,0.12871782982836,0.04537055948746359,0.5157031213646098,0.1750249456515572,0.12769247073771553,0.004555500536937873,0.4008742710906308,0.3548834761929419,0.18184433751715165,0.0,0.5834615774389019,0.4519893026095667,0.14037375974757446,0.2293079940673059,0.6784823099261846,0.4839703846467263,0.14843732116903655,0.10523286196563589,0.6725548387837889
A05,3,41,0.3032852068319537,0.14928468769392725,0.044412332518894794,0.5025312695206384,0.18650450191157977,0.1658822723435443,0.0,0.5657424642341544,0.33531612511883985,0.22061930719270673,0.0,0.707699779321925,0.3896793481740629,0.20479264066155248,0.007121765316743657,0.6421106977894864,0.3640489491937769,0.19152778674394058,0.0,0.5616934880319836
A05,3,42,0.297423346682929,0.12236632874652575,0.08443385989772281,0.5384420814948475,0.11967268700298178,0.13630912849066762,0.00015522423553801116,0.4820498495790654,0.3895281385007945,0.14490371664615098,0.14729051173457566,0.5911886006403589,0.4641642498474869,0.12823082837730007,0.2311213706901529,0.6592169679108827,0.4190257132779793,0.1941280693091281,0.046860652511585124,0.7173202720579048
A05,3,43,0.27729493895604335,0.1112872550582098,0.08815699907526865,0.4432573917867068,0.1114027392008176,0.04702875362204935,0.05073378762663367,0.2344087480082533,0.39301415393069516,0.21538131325393797,0.030158282523362074,0.7329832028839568,0.36619047569088764,0.20002111111447413,0.0,0.5846252798004308,0.41488743384907995,0.17917671814949443,0.07842072306693268,0.7155707876009721
A05,3,44,0.36138279913857085,0.10083757958547736,0.18984025017543207,0.5090379022615349,0.2642928612228353,0.11990457102605062,0.035396202381868816,0.4499905834902827,0.373707530118578,0.17258024553182216,0.0,0.546528019421818,0.4709054499992744,0.15772903497206536,0.011575050558057314,0.6377688529005054,0.3086645380101224,0.20831001841091776,0.0,0.6195025251274198
A05,3,45,0.41390465747312544,0.08410432877947216,0.2473914301422271,0.5233824842973727,0.27330794184764867,0.2370825855851495,0.025244466071219582,0.8289992183736388,0.42157134453636214,0.18124027395958398,0.05084793156800597,0.6189586260321586,0.4975262729636782,0.0992022351852539,0.3220832349280399,0.6673247171799129,0.46099129067102484,0.1461104059503733,0.2670792225819925,0.7300782633084296
A05,3,46,0.35642974530463206,0.10429501053692145,0.13994314028089544,0.5496658194164751,0.2831398895847263,0.1512418156710013,0.11714105675441049,0.6252061616091079,0.3802048802328965,0.18609885331802217,0.07834306441207858,0.7303261490324892,0.4674047447086541,0.20216466366564823,0.0,0.7411732703525233,0.3837145243261305,0.17133197863546779,0.016852478120685164,0.6164279897212115
A05,3,47,0.3280126827807387,0.13868255279351546,0.007863252667920049,0.46549960130787166,0.15837789228799337,0.15236859411994774,0.0,0.4647476220937447,0.23971515646352953,0.1730264400207748,0.010067469174716666,0.5401450358791055,0.4983659761729217,0.2036060418518995,0.1368711529939805,0.7836068733982674,0.4325305261506445,0.19229276649706564,0.052405813707389726,0.6841318340115609
A05,3,48,0.39060476321100385,0.11332583388047822,0.24994930150112785,0.667329199832601,0.2796669679275319,0.23551229856981537,0.048780045303698075,0.7922572470921747,0.3025456900863255,0.21164519330284706,0.0009517780958059488,0.7011539186463862,0.5650807530829014,0.09338294737936095,0.37286427951729234,0.6763863554602709,0.3616214296458779,0.08153987480073263,0.2451491729475407,0.5104314268062422
A05,4,1,0.4318608749008032,0.16451911385778492,0.048015254158367,0.6152417459977256,0.1850968194359218,0.16055131724241298,0.0,0.45521181634376456,0.45791796980688687,0.23006859361350265,0.03796390910771324,0.6961449244045184,0.6536311932573553,0.19007265708764018,0.020233046454806915,0.821452149021461,0.6282635650253591,0.08765409225386894,0.3945546237727557,0.7250606458156102
A05,4,2,0.4550702685397996,0.06792747594708651,0.34808573850167696,0.6066605307743018,0.1709154239923327,0.14462832173930582,0.0,0.5017010614246356,0.37022280967818677,0.15343102807103634,0.12770274815307198,0.6383151995384365,0.6871411137685807,0.09681435433946628,0.462401007460516,0.804230128878741,0.6103966245239155,0.1572701485097203,0.26001922918763654,0.750350588871418
A05,4,4,0.40772270463451243,0.12243355005118987,0.0282578134879948,0.5275759705230385,0.21777019660165475,0.15156149344896727,0.004831882209012206,0.4696690116208052,0.39598200632311564,0.15898624002907638,0.11478081118413226,0.6760205674599976,0.6158756169177971,0.10592094486594722,0.3832102263704621,0.7866345578418448,0.5782682383930041,0.048168829544813725,0.4560301544236763,0.6595054778953326
A05,4,5,0.4031866136196961,0.11921834920339461,0.2323648524981404,0.6258564196321059,0.18303857470003376,0.22080980838248115,0.0,0.8156837993872809,0.3937862404431056,0.27064981887384676,0.0,0.7922428537299987,0.6138301128903869,0.12662476518691645,0.3382458235761365,0.7494641418081704,0.6425660199713848,0.10456381549238487,0.36134180639137126,0.7524333265846036
A05,4,6,0.4237876262674865,0.11160700785678687,0.16726005282837786,0.6320360428794665,0.2087595409762097,0.15012943639172444,0.04165906385109847,0.5316503314317585,0.29520161473820866,0.2605427817234149,0.01758149339934009,0.7931639289834153,0.5936860868018127,0.11839060047450163,0.363225443412533,0.7168237472677024,0.5761598299018656,0.11520997013921119,0.2995445634460947,0.6924317093224878
A05,4,7,0.39342914254517075,0.06501787751672611,0.29419829599880337,0.5384146678895335,0.17045786173928976,0.11817096967949989,0.010577453085223953,0.46817775956873037,0.41274779352197566,0.1583509887120254,0.21829959846073146,0.6643450645516713,0.5465048209235902,0.14882041507466662,0.1767353517719949,0.7635017181481841,0.5749752325757831,0.05813736428573457,0.47035693111114224,0.660981584014447
A05,4,8,0.4162553034727959,0.11056418916662271,0.19488602768851804,0.5845616127414731,0.1762008201803858,0.17934400178695983,0.0,0.54518037726421,0.3349597308341338,0.19265890370205607,0.005667736347660411,0.6494219229774415,0.6236469597012381,0.11926701399952577,0.3084841970373006,0.7893898744421453,0.5773416173259769,0.16773453994760237,0.18544211208164058,0.7501781669155599
A05,4,9,0.3926574870876211,0.14986791652006246,0.07875599821182307,0.6250759152472947,0.13696032494838198,0.1323676787652665,0.0,0.3655166938925909,0.3892173938605315,0.2071612275134674,0.0,0.6625902737061542,0.6906370845676592,0.08530039679212523,0.5739986271506539,0.8634013881658661,0.6101810877409336,0.08428755310418617,0.44900929421692576,0.7561649000227532
A05,4,10,0.43278949757370694,0.07369498302956055,0.2687508297232393,0.5542972481337674,0.21927405149068874,0.29508188385758094,0.0,0.7439613338204644,0.3971695719842771,0.2355446681223245,0.0,0.7140629899794176,0.6278026293412577,0.11339352397945325,0.3057691904491467,0.7638452520359519,0.5367932010423982,0.10491251750843657,0.39041272281919437,0.6904295909264108
A05,4,11,0.3652444736426988,0.11911502560536932,0.10527656850744446,0.503812915029166,0.13204676738539012,0.10071191072972589,0.0,0.3479722594385299,0.34699724345909144,0.21052344207399762,0.03784005050245539,0.6814829619366097,0.5687525678289662,0.11370121299311278,0.3155492623688462,0.6948560867090258,0.5100018487875064,0.14405977095461794,0.10263026567379231,0.6657120191151066
A05,4,12,0.45451454095547267,0.08987788969413012,0.2603702658097457,0.6006605395032778,0.24162213298836913,0.11005041200523741,0.06058448874219332,0.38359712653978956,0.434481149304872,0.1313701013912982,0.0853813454658036,0.6367950095081277,0.5842436721019725,0.16826385529720272,0.1991216854611873,0.8143763533112918,0.6318101088802518,0.07113772923213961,0.4820963668874899,0.7196164940406956
A05,4,13,0.3585926857842194,0.10863974287711058,0.1052181912434449,0.4748028841026598,0.1774452815343891,0.13897871482978086,0.0,0.4658200904207264,0.29752441781295286,0.20034405450521148,0.0,0.5646342429055845,0.5628853750542866,0.09081870019417221,0.3533117755303769,0.6934182368281631,0.566833482656693,0.09871358607673274,0.337908831874066,0.7288687908884143
A05,4,14,0.4203798028781689,0.10755815001941678,0.20195910093629094,0.6996319024344457,0.24669675060360258,0.19856130149819884,0.0,0.7147502562900383,0.43088204470980745,0.16029596698020393,0.06819449223758477,0.6286287622550857,0.5606930182376757,0.18339020631977682,0.0497508442888604,0.7859685850257586,0.5799850448209102,0.13583933199638124,0.2652460637537001,0.7862497379431853
A05,4,15,0.44758772320034546,0.07961677384683495,0.30618934435925343,0.6102974410862376,0.16286962954545475,0.11209405578175144,0.003936518678452112,0.33976744835968126,0.28402635689685,0.23950965313932188,0.0,0.7965293058640669,0.6545998808859295,0.12730945691220805,0.26929918205098013,0.7764562786761985,0.5824902909477588,0.1532604869260517,0.15244453457604082,0.7632431040617688
A05,4,16,0.38569368081285677,0.09606431461129172,0.1786340798775006,0.49970007117005905,0.10954450076856075,0.07194936054410576,0.0006667198263053477,0.23281684187820015,0.35946387263482676,0.1909758647136631,0.05762925439635807,0.6155900611793655,0.6450312065008657,0.07470294277827669,0.46163065616051435,0.7529002983352998,0.43986860986065207,0.1809343403201217,0.1299463040384542,0.6734299891556479
A05,4,17,0.40090933875872214,0.0996744844650706,0.20634788585443742,0.5383597258962821,0.13808205713241198,0.09352583102110663,0.0,0.3145167493378169,0.4124968848817049,0.20379396129779945,0.0,0.6332560417730727,0.656297608009286,0.10320019313865526,0.3864647420736373,0.8063668585712179,0.6377924165391018,0.11005804370494235,0.44499194742866705,0.7619682484200511
A05,4,18,0.40523628897329295,0.12059356020136659,0.18803669226806372,0.6398620985998671,0.2111532607627558,0.1505146337375959,0.0,0.4669839916443816,0.3852210588429187,0.12673299394588702,0.17326189600270495,0.5218891573495269,0.6239641839059452,0.08821286417919334,0.4975320729756074,0.7792005965056471,0.5182404878288576,0.15068778123511564,0.08920336563081424,0.6578766788945957
A05,4,19,0.4503663816978361,0.06907999398048184,0.33887721282150063,0.5668023122397523,0.1910938088266614,0.18417846561248732,0.05790732925647076,0.6631891875879169,0.34427071848266894,0.16569436619623326,0.09013441035774851,0.6081075231769776,0.6268340407996563,0.08340811736079722,0.48839341133175385,0.7304040043300193,0.6499810960007913,0.08704501316762453,0.36433684863728233,0.7290077891269725
A05,4,20,0.4072370327936044,0.0898798737076393,0.2319786672890716,0.5295716498190722,0.16666470362710972,0.10753876033209693,0.03871098658007969,0.3597861552212947,0.46205739907417304,0.21554627109122637,0.048644458383450884,0.7416367967154626,0.5836218435938106,0.14055180599462103,0.3266326918491928,0.7504406422408533,0.599955661903632,0.09721953866935193,0.41317495219552036,0.7313771613087124
A05,4,21,0.4702454747477019,0.07135509381707328,0.29969144846205237,0.593322894756735,0.24305350803475226,0.13990417406345879,0.010046678062254804,0.466394535045906,0.4523060507908198,0.16474433274504086,0.11665319738750639,0.7146269450930199,0.6886868994401549,0.06962531886928258,0.5578661916666129,0.7898850227629508,0.5904285004030905,0.18707273363614188,0.03514225430528041,0.7899395290388326
A05,4,22,0.4694625245969443,0.06592517695547623,0.37045464116822535,0.5902218119597552,0.20819831801301225,0.0927550184775775,0.06347888321936082,0.39086045892731036,0.3457536456803728,0.15218420683624886,0.07599673935902924,0.5638363841554712,0.7083459688841018,0.07028420983385579,0.5902422483807046,0.8189836025452353,0.6176742990083136,0.061278739989617824,0.46479817931518025,0.705681142455311
A05,4,23,0.4104468226039066,0.08300980903530317,0.19712989461972,0.5193147169640584,0.13846793688961026,0.10494883048764315,0.00463116027776002,0.3248355900247926,0.4506860980751012,0.2158085818160814,0.0,0.675571166381835,0.5937804883745226,0.13201493016102042,0.3317681839057101,0.8213864913345615,0.6182497097633836,0.16131693676253486,0.1593404865453128,0.7854543355710438
A05,4,24,0.36082418233044417,0.1464946867329385,0.027766895533277207,0.5226653097079806,0.13948912448479203,0.15082487901714217,0.0,0.4317035104008123,0.316243975076887,0.19958949305926815,0.0,0.6138717133957495,0.629955308523889,0.0974495347593767,0.4684594441976739,0.7890913706848552,0.6226677772713245,0.11420401468775122,0.40328009519379265,0.8350210008301737
A05,4,26,0.4114397692607354,0.09271524955718935,0.20037616878933404,0.5661391622485938,0.15606802566007696,0.0983034792766623,0.004662102374185438,0.4059036548341421,0.34667927778531815,0.2185142037131931,0.040499871993164835,0.7709363025670616,0.6133231726536773,0.1328783325571028,0.30680752690960267,0.7612810371993806,0.5555365384273458,0.17836784544992754,0.19123930642778847,0.7472723211108734
A05,4,27,0.36530215757849444,0.07227503548294036,0.24091667771475908,0.5105266870865657,0.16688974074640414,0.10729081930964829,0.02354042040913253,0.3497979703421116,0.3461106790709986,0.14431348883333045,0.07931621559476217,0.5375017869338662,0.5784530794353872,0.09599623820734754,0.43658232564505056,0.7411388196152309,0.530124190009818,0.19915468448022608,0.08669443157288496,0.727607011622479
A05,4,28,0.3838620947559305,0.10747956009677147,0.15996551280172314,0.5119791816222881,0.157803838991287,0.10983252771344852,0.008950264336769423,0.38331961608619064,0.36654576071359196,0.20897961806656298,0.03706170051405496,0.7784511963414179,0.5461418546103861,0.1533225747866594,0.22796798507100569,0.7115402992815134,0.39447248992779343,0.20526135428810852,0.0,0.6329880808560253
A05,4,29,0.46776784201120186,0.09874851987871085,0.30431345852428576,0.6132083873657722,0.32897679674355335,0.24070307616964276,0.02182996677132782,0.769683196169015,0.3478194882815327,0.1612022188160792,0.12300806156296619,0.5553133251945572,0.6281007081416858,0.14779433510845,0.2004906074030036,0.8125677990463409,0.5455429216506956,0.1681880799404594,0.13406291337991422,0.7235631166451799
A05,4,30,0.4623605036402422,0.0664711384314111,0.33180593729180413,0.6031764446118782,0.30514557299635203,0.1588876899830039,0.010533830660828105,0.5146999373789275,0.5407664703323716,0.2098122962943709,0.1123563066732012,0.7889234335649565,0.5900423727984736,0.11345904951988466,0.31064643241024587,0.7514847980288817,0.5545187886954608,0.14596897052916133,0.16859089900124608,0.733685558592636
A05,4,32,0.3411328989293765,0.11352749394816798,0.030116435954911647,0.47148590138014324,0.1420800571186317,0.09374295361998014,0.0,0.30029277556662165,0.3461321669073455,0.19567440250362894,0.02472662125826684,0.638377954587704,0.5821085276520594,0.11519229379533073,0.2805791365181007,0.6917707081597866,0.4579847309145781,0.09806115660654949,0.19540130740266376,0.5790222803209976
A05,4,33,0.453288470429885,0.0841872775445346,0.276702374556132,0.6023302748556919,0.18687802644762255,0.09548228877826762,0.015341206447116642,0.3527242814118066,0.42256051175305637,0.18258046301072683,0.06103468319683062,0.6396707711555986,0.6505628776183153,0.07625243436167324,0.5050609661514114,0.7456308464600453,0.5921503416721973,0.11803898767958257,0.3209751106393295,0.7205735761758858
A05,4,34,0.3886551981564668,0.09376886877826753,0.17723884159535547,0.4934174372490154,0.18127504153851975,0.1373918120421735,0.002380918527575921,0.34787047743184996,0.4124657568838395,0.1428880261436495,0.10688383504798589,0.6158786854475544,0.5697538448360838,0.10962119623852878,0.2811159032593424,0.756783933498591,0.6230208127413837,0.10270000282332183,0.45971890799455306,0.7880639150337674
A05,4,35,0.38131772273474035,0.13588513953562142,0.13494370829847172,0.5601519850069677,0.1974653146142497,0.13737238208423155,0.0,0.5041166320285002,0.30185085224793773,0.21643249719730207,0.0,0.7170392923472908,0.6108366375801071,0.10036846900110871,0.36558990030777355,0.742007358832728,0.5500004583902949,0.1824416278034382,0.031929804297622634,0.711286074761997
A05,4,36,0.44741952452725825,0.08157375052879767,0.3116056971366074,0.5590466574400035,0.20816473745219632,0.14860180133407863,0.009512044124561001,0.5381972002117459,0.370567308197993,0.16211553166358822,0.05311767049016044,0.6024169905821445,0.6385699810409243,0.10734382009014833,0.4455644959247262,0.7834019306135468,0.5875305818032551,0.16259344814530452,0.08789879797206353,0.768793257747661
A05,4,37,0.4346173280497135,0.10435835261431678,0.21245702151113113,0.559685406462055,0.23507619441022645,0.13275629496029712,0.04947070522231134,0.4811548745301155,0.3940743655896604,0.2196691858926002,0.03226240396861776,0.7610217065654086,0.6523769082554939,0.09215485965993252,0.40878818450768595,0.7596480594709467,0.5567401129708632,0.12597267605537046,0.2292851480505575,0.7231538773941527
A05,4,38,0.35635987507301964,0.1098190100120002,0.14375128546583607,0.5186608990381788,0.15465619983292514,0.10515626523069674,0.0,0.3078870722877453,0.30508200225104265,0.1551826759886336,0.08061689472930346,0.5756716717224533,0.5684652993119835,0.09781352989543746,0.4027087964383482,0.6818497576214764,0.5621606422825409,0.12566025061181146,0.274995993971079,0.7164054633625838
A05,4,39,0.36913900690115303,0.1639301556043322,0.07019750317769695,0.5774649544444167,0.17010136240092968,0.14141431657645875,0.0,0.47496620160083863,0.4168261566007242,0.11841119728366747,0.14581130118227095,0.6130509731122782,0.5914262571422025,0.19808506862597303,0.02851486068604157,0.7726875982432142,0.4787942070596893,0.16098073494956083,0.13663266161343984,0.7795032043394954
A05,4,40,0.3812955111574404,0.11066112117706646,0.048346082713424963,0.49763693857302876,0.1691468828984177,0.08559399551661077,0.016649755592056486,0.29087345828314476,0.3053026696214177,0.22336392781259862,0.04504465948302908,0.5897661049813987,0.6162528332429882,0.10164425389362464,0.4070251030107182,0.7493344345162296,0.5411515148133106,0.07361467412214319,0.35244013884872466,0.6540951632524988
A05,4,41,0.4113365784177964,0.18507471204314185,0.19718255043101868,0.7129939070454638,0.2901775141703273,0.29184233612017413,0.009852582098412681,0.9193312225079592,0.43181717966149014,0.18637453709175036,0.022050446793518103,0.6280948529312065,0.455952744724807,0.2232509245722908,0.06942331848942536,0.8206468047507809,0.4798141732170361,0.17959021606631353,0.12117126749425607,0.7068604871430242
A05,4,42,0.3056189477559469,0.15073685080326976,0.021058697177999908,0.48515240416235034,0.24827217991731804,0.19449705696254369,0.0,0.6563254462865761,0.30724080488233185,0.161762837957364,0.0,0.5645454406504176,0.5067235454158644,0.18848622210455138,0.18277164581719976,0.7975721449195283,0.3690376985693525,0.211620299569232,0.02715593795483608,0.6166463250431802
A05,4,43,0.3950221076179835,0.09677531010328137,0.1395054620903745,0.5107182071322767,0.1819294285182054,0.10407203654036448,0.001826491669398649,0.3211607118714979,0.2902527035649428,0.16879581355257436,0.0,0.5494012463178551,0.6806476376981555,0.09105264599192663,0.5411654144829685,0.802700311375118,0.5349468052462452,0.1505510063257073,0.07328854831653134,0.7268880537092706
A05,4,44,0.33765814267115685,0.19551267953277712,0.06168434665921855,0.7680448182168105,0.18712716356913597,0.32307125986068574,0.0,0.9182719994443929,0.35745586630920406,0.16650377143888706,0.046128325801474204,0.5450089663825219,0.4694462651267337,0.1644476911866709,0.12713882673781313,0.62752854126265,0.4788597583775236,0.18582105122629883,0.07616610406385063,0.7342651787091613
A05,4,45,0.42659366735916476,0.059361109898286434,0.2844249640288763,0.5089866304746531,0.14218802440901454,0.07341317303504491,0.0013035781587882322,0.2666417880965795,0.37725349417117465,0.1272960530504018,0.1696110796343806,0.6231844309903894,0.6414159136980353,0.07836273295986827,0.48789741175118223,0.7212183283419249,0.5296420631700155,0.21375983027319134,0.0007770543830405747,0.7359529033998251
A05,4,46,0.3233446865159243,0.10884134696068883,0.10473978532050898,0.48777755502882425,0.15037084864861816,0.14069448946715463,0.0037975385353644802,0.4347781194765886,0.317562914278784,0.1560409165224004,0.08700725253143564,0.5861724781010847,0.5569877476834478,0.1985259194032007,0.0946451247184918,0.8400898013474034,0.4481808881795933,0.19884511241369765,0.0,0.7216357207886632
A05,4,47,0.39088640232992244,0.08213757889301725,0.21223216067538744,0.5359115852978409,0.24280278702329128,0.211560071469263,0.0,0.6232191429810607,0.409922345135393,0.15990227868906906,0.04409429702206418,0.5876839439407027,0.5249144554559838,0.12936461960446288,0.2074624200443044,0.6752035866620673,0.5407743732713733,0.13675715168292193,0.26448618118999906,0.7601447327886454
A05,4,48,0.36363280720293056,0.09389546287993504,0.20599446810213085,0.5102154090773606,0.1259048645059008,0.08735467334295204,0.02293045272109557,0.29647580539589297,0.2516984325489736,0.20176309937881381,0.008835872847605055,0.6478666711700815,0.6147915814841708,0.07812248492912588,0.5155814557106033,0.7730714567631504,0.5352707709004805,0.08895528080942991,0.34322138303970595,0.6753509876161866
A05,5,1,0.4215948880271145,0.1118286942993548,0.09605778896409176,0.5546871989612464,0.38235785080133355,0.2564990889948878,0.07272260495515258,0.7666745621410114,0.3896140470099134,0.2337122023047737,0.0,0.6972491542089987,0.5019669167369052,0.21512118051807205,0.0797429694066757,0.7551026426666425,0.5414204301795543,0.0815011782975038,0.3957019090094508,0.6946379752722872
A05,5,2,0.4150393274385288,0.049767576553076405,0.3294536645479882,0.527111330514708,0.14382139278569345,0.09683242767261592,0.011993662246127221,0.30553678253325867,0.46069653352827566,0.14548804918480113,0.03571038170876136,0.6623521823545021,0.6271300144662126,0.09399823032037255,0.460152995054028,0.7496025492688282,0.4663555726618864,0.12117183926169757,0.17290787287270235,0.6214728552203859
A05,5,3,0.39351097118183703,0.11786453561061717,0.11248549654933584,0.5281350148974894,0.22111798111906433,0.190174331793425,0.0,0.667323684837758,0.397230796363801,0.26330704223225165,0.00921890677839716,0.7114728091330937,0.5809589113836288,0.09612010197679016,0.36723489814173554,0.6985359865790771,0.4164735948628797,0.16791058968930078,0.08430609525379461,0.6490612076652432
A05,5,4,0.44532860837077515,0.0664059809484633,0.3366190684054788,0.5670066542533896,0.2836715997307286,0.1219216735856629,0.06978062925658944,0.5610265326871068,0.5007791978614358,0.13921560623979606,0.2611331777268687,0.6981688725644641,0.5873465930626234,0.0881757442767798,0.3659812205942445,0.6856016841417613,0.47501305402686334,0.15038851283136984,0.22605580609739467,0.6754565224080201
A05,5,5,0.38842088556060006,0.08902157308224483,0.18533725075649318,0.5328556603315898,0.1502531197783008,0.1420373539353795,0.0,0.43206629918844974,0.499446993634753,0.19398288911274983,0.03441435062265145,0.735778819414619,0.5511406921114258,0.14191026533681156,0.3343646153770639,0.7585424462615062,0.4427330126040087,0.08485745604517989,0.30284796464887354,0.5526073788140472
A05,5,6,0.4377567584170307,0.16136062890462693,0.1602442256152162,0.7267202002128679,0.282381917369542,0.26976157568928655,0.0,0.8139689290267232,0.4370751050280868,0.2724896182938266,0.028038377593512766,0.8693237604656457,0.6022191093235202,0.08381739403624992,0.48398882251390113,0.7124135184979782,0.5215184414553659,0.17941120390566231,0.054102595353238914,0.7238464856186543
A05,5,7,0.43378036623999877,0.09854733462578147,0.2520285881453611,0.5509425331543254,0.35915521702342523,0.21199762577963677,0.03140194682312192,0.8057030860707897,0.49182019387477294,0.16345096864154224,0.12298959783781993,0.6867025575629773,0.569078406510376,0.07865770150868523,0.45293886522859644,0.7018159133284654,0.4836358911521728,0.1249666813607905,0.1808305229565428,0.6754954123185524
A05,5,8,0.3711956830419225,0.1186687571535347,0.06482864688287451,0.5186045589457715,0.19544378908386176,0.09645647533738586,0.0,0.3608609054586194,0.3901146358267832,0.13859863743337114,0.08627381977503597,0.6707881061251432,0.49573278045063573,0.18701204480090186,0.15569631196298697,0.7126156830843121,0.5081957635385359,0.12983641465773368,0.09530722245810139,0.6585133178895559
A05,5,9,0.3753175550716948,0.07486896908060343,0.24451115527613237,0.48885801053486916,0.1398621265220428,0.10863748450923325,0.0,0.36603715474394644,0.42251263972099257,0.2076476521842516,0.10405995992629871,0.7136364835996131,0.5548911154572335,0.1355130331562042,0.2213210637468359,0.7396167728280029,0.5210825680860663,0.10234524919600113,0.3749137466502917,0.7120864174974387
A05,5,10,0.29489356616229395,0.14647011418360636,0.07075544199483959,0.5089631118091746,0.14734266186394357,0.21290798993826723,0.0,0.7046497354387473,0.3237066053764329,0.19883135981709985,0.0,0.5992446343641455,0.5509225197012919,0.12472445277253279,0.20307787065171215,0.7062440095784621,0.5031682500575334,0.12341321299909731,0.34888612645053446,0.6889614667591368
A05,5,11,0.3862999029824109,0.1459350095759419,0.07224801439192564,0.6034027816691173,0.1753920127200431,0.16697622184301153,0.0,0.6003848479477831,0.36299264054443386,0.23595761797516018,0.0008177318276562413,0.7079624414164617,0.5992304838479539,0.11171199395309274,0.35600256951471704,0.7189396296597387,0.5118768955695205,0.13686361061200294,0.252164139295575,0.6829591288970642
A05,5,12,0.369306365188731,0.07783887584360806,0.27785675124292736,0.5318711229347619,0.16744652410804964,0.0877276711706127,0.033892482942580245,0.3255183872677135,0.393527029864137,0.1904329705908237,0.04433590922556959,0.6936448334286498,0.5460312842635021,0.17168321923617288,0.18464725252493733,0.7667244497322155,0.4721916181265346,0.13163261117164798,0.13207319775952894,0.6550016740118394
A05,5,13,0.39844727075001424,0.0684849500538733,0.30911585424352495,0.5384426554366968,0.2439250061060236,0.10291831395983188,0.07314569399616809,0.4373953911021653,0.31104159887438854,0.137639573906411,0.10017194376386362,0.51190484513801,0.535862433423424,0.11653287145137639,0.27588342783897624,0.7037332312239899,0.5586973725963766,0.1174596985737078,0.31946959472051323,0.6795671314250272
A05,5,14,0.4650230994762729,0.0829625160848799,0.31118624152733226,0.5687812708370208,0.3031405038497176,0.17146589197315573,0.04030882850497792,0.677496568261864,0.4402698013726271,0.17318797353140278,0.15419963165508,0.6975327783105126,0.6172001481458784,0.10711482677314967,0.4386744142731486,0.7405520189040065,0.4027433371066494,0.13003133580675735,0.20041409555655035,0.6265713547297846
A05,5,15,0.4504283980018021,0.09312348856267863,0.30940235497397733,0.5870262873095644,0.2559441834078192,0.19776654475861735,0.0,0.6854734889244314,0.45700801780943107,0.11983828593098135,0.2544224427343929,0.614618166749073,0.635096354635318,0.10045351673485252,0.4179764657893754,0.7625250390028524,0.6022287524429423,0.09131947448532497,0.4211579477056469,0.7128206897465753
A05,5,16,0.4665736964631835,0.10768606640676069,0.27844460698964185,0.678959459072303,0.3033086331421767,0.2814610883057233,0.0012525717481679363,0.8405199497908473,0.46732034542015294,0.2504885024788908,0.01475795740707637,0.759747013108172,0.6320357861907813,0.10576037092306607,0.3896047381210249,0.761860531734566,0.5384932423880461,0.13317259150279623,0.35113683404174056,0.7233889753024735
A05,5,17,0.3833200991986233,0.15104732774362917,0.08682504690805001,0.5583355364285507,0.18457384022825202,0.12337151305321094,0.0,0.3530418999270637,0.44452883511321734,0.18164796309413686,0.08902925281035941,0.766363726324807,0.5514753325170925,0.2101029859793348,0.07853938224957993,0.7668962174700082,0.510647620420983,0.15738519021699818,0.13588204655146605,0.7093377678481225
A05,5,18,0.38341272794587383,0.14564988683840177,0.032457105777710486,0.5400335034352696,0.08105711727926582,0.08335580196609392,0.0,0.2348494516571546,0.4258171599170462,0.18020934049731455,0.0,0.6617066458435271,0.6550097942508211,0.09525139535780858,0.4182392239296332,0.7781800704571388,0.5112988991637111,0.11144271294654187,0.26792945033926224,0.6525512718264903
A05,5,19,0.41244044511865824,0.15226151279098815,0.12290891428171426,0.6049381576622856,0.2508123029237629,0.20221421430551945,0.0034819768675991808,0.681679418188317,0.3415868762904374,0.2121383361032847,0.0,0.6197458575476712,0.6101342117503818,0.13168968692492758,0.3591143211749522,0.7787451712346255,0.5515348992362621,0.08775980106462303,0.4077475039389018,0.6917027757404274
A05,5,20,0.3519002952911897,0.11568077537407934,0.08207161875773918,0.5185848491049877,0.2008769615170786,0.16640196397619028,0.0,0.5102036818760874,0.3424555025827287,0.17664335860210112,0.00378065125353233,0.5503293441355849,0.4801445894802954,0.12983962478970507,0.2630102357021077,0.6711324363123062,0.5309950543473954,0.09868663781561322,0.32645611293062854,0.6631076599218461
A05,5,21,0.26229157871185704,0.149192663745416,0.027871942645040466,0.5389104463746144,0.07757063339081875,0.08555894971212828,0.0,0.2392478721829894,0.38747890915421423,0.2002790482848476,0.05006969317149125,0.6547491246072872,0.510539229277249,0.14514045211743098,0.24769715609292117,0.6869665746467435,0.4270882711631503,0.16990784343920465,0.05515013545118649,0.6119176693478529
A05,5,22,0.41904793830212245,0.06783883894994651,0.2955883621224589,0.52463570907503,0.20760634982979778,0.11712613632979632,0.015273805990413438,0.3396538369967164,0.4029135276744184,0.17111311728440154,0.10587029241523552,0.6996298398114027,0.5909105463923761,0.09815475597370481,0.3223089252897969,0.7454881102941764,0.537754948165418,0.11189104230654433,0.34179203307690964,0.713906396686206
A05,5,23,0.31703653650958596,0.13865415438676437,0.03662320980278181,0.5104705916228229,0.1231387208360188,0.15595211546176818,0.0,0.5164437023563624,0.32828111256983944,0.2269252440444279,0.0,0.7168683839430907,0.48956884507201764,0.19722328091683367,0.08564590038593457,0.6827261347933088,0.4621185135902887,0.13590367971146255,0.10914594256962498,0.6299514592619014
A05,5,24,0.3609909064697035,0.07613058446819092,0.1762266523404547,0.4674990030213047,0.17440317943379247,0.10182488019690704,0.00734581058433424,0.36375494599076214,0.30755308611460763,0.1714572955682586,0.0,0.6470972051934989,0.5895118148538449,0.14705143488167166,0.2914998196214119,0.782637951315398,0.5512316878679983,0.08960297124169278,0.3881394393151862,0.6754125012866747
A05,5,25,0.3407285158516779,0.10558787181253061,0.18223477079126107,0.4953520836731136,0.1317642060157275,0.14177020652874361,0.0,0.3907287423251871,0.34896834551967704,0.18041907603621338,0.0738871330053414,0.6323972322566817,0.4652958736621066,0.17096606172914125,0.05030930201178739,0.699809962173843,0.5172192317637375,0.1499627487586564,0.2131016293811772,0.7360008369367481
A05,5,26,0.38557157629602246,0.12324793752400826,0.1499535373050073,0.5618313808326009,0.18963229047606883,0.09482724424634853,0.03741520185188853,0.40144328517819444,0.47499901142412176,0.1742268540983006,0.15421807191831224,0.6791845262635221,0.5138826087878398,0.18791824857873612,0.13906306487326828,0.7118549993982783,0.5974624337080089,0.10748942295850422,0.3101552616789038,0.7416125275873755
A05,5,27,0.32777669483923566,0.11847951179197073,0.08766169437294428,0.529699859466996,0.14412906044465335,0.1162679809563327,0.016720968539176168,0.364734377937331,0.3817130543054283,0.23923539946201056,0.009451356778424569,0.6447155135587952,0.5160173046179428,0.13245412317942926,0.2549392708459689,0.6956061425515402,0.5310788609750172,0.13419983971072028,0.2759043066327319,0.7509711260449786
A05,5,29,0.36653416077683854,0.09302664103977301,0.19977497676172704,0.5256336242016164,0.1958982591197914,0.19266198470802706,0.008233883656230614,0.5586444802191044,0.4816475983596382,0.1035477846246491,0.2958013207880551,0.6911016251899246,0.48404585713784093,0.17012883678606175,0.12785512941936397,0.7059629450338268,0.4285857373574631,0.16149348403567476,0.11771584808831101,0.6359492281073033
A05,5,30,0.3528471193958004,0.14861143873194768,0.11846378203711858,0.5557992419018902,0.2440085820106136,0.12023946269988413,0.0,0.43694562593898567,0.25617065254325827,0.25485894835883605,0.0,0.7863798949416934,0.5199957959090644,0.1576850619185772,0.13703221367121723,0.7175213925989202,0.41107844889063966,0.20501237834797964,0.04857923546081614,0.7483871734163242
A05,5,31,0.31877531456755065,0.14978924492124643,0.08624258563320679,0.53601978687158,0.1460669504715815,0.1502004027106612,0.0,0.38157550685280966,0.44702744580318793,0.1667922695110667,0.11369603981000835,0.6590011258853791,0.5581790280139635,0.18001719215940742,0.14284625889612937,0.7538687421919965,0.405204860097118,0.1826539830239645,0.05797707067800611,0.6573772638074641
A05,5,32,0.2918254947590821,0.10453172057037491,0.13887480167103863,0.4927255237780192,0.21620146873244808,0.19929681361983836,0.0,0.7181517772966581,0.26080844145929444,0.13981121356014825,0.034258326266668374,0.4688605228074274,0.48196910293080947,0.15368052292066317,0.17031838161464602,0.6737006389018056,0.4535395722538687,0.1671674660525869,0.007625354420478815,0.6685393710914156
A05,5,33,0.402714941159519,0.08146442396502093,0.2388382006098936,0.5408608566354521,0.259328506968096,0.12763494225317862,0.0010847429189413393,0.5217656750704117,0.38658375618505425,0.163373533449341,0.11137572678891101,0.6825882970811161,0.5467036150713503,0.12162534049225228,0.25849651786819006,0.7222701043702161,0.4110458061324158,0.19440858249851695,0.0,0.6251782735883464
A05,5,34,0.34802718725742504,0.1506380049488577,0.05923558249933717,0.5349870829545045,0.18076726428671872,0.13792096283274682,0.0,0.34572513368257773,0.4010685913917109,0.18763745474439897,0.04249344866546371,0.7012179854360755,0.5277026603993228,0.21675705779589663,0.06113097071539068,0.7637994216135077,0.46446595468484964,0.15152024368971329,0.0697840389154127,0.6738584511351691
A05,5,35,0.3958206375146684,0.11636562877755482,0.11717422359063089,0.5910178938338913,0.16840199004501716,0.12269397125771096,0.027866148445015986,0.4462807664181026,0.4842092480222513,0.20255683972863694,0.014533997923226802,0.7706540753288111,0.5562709870647532,0.16412310631082205,0.2307724321293314,0.7253041407709088,0.4411812684910246,0.12974115085304644,0.17100693186734947,0.6260580136342782
A05,5,36,0.40636199607964746,0.06369883044484892,0.3163185551216624,0.5340285189113042,0.24850508297097954,0.12092047832926375,0.030542182068805674,0.45605640224270466,0.36005045142449144,0.15036440391554848,0.08831591617891112,0.6149772564214496,0.5515731342189819,0.13343021125558377,0.2692898669652493,0.7874871844524274,0.4345761992393597,0.09283383808301751,0.2303528477756435,0.5987596485957953
A05,5,37,0.2913734892947809,0.1282654107528982,0.09775662956444417,0.5001480756292539,0.1065316244612838,0.07896524542352301,0.0,0.19199953944660672,0.35016661756217804,0.291392332180303,0.0,0.82363841420423,0.5522499170085144,0.13206855026981126,0.32577112419087995,0.7514420438184696,0.4503650395791941,0.18905624335361895,0.0,0.6429072704140362
A05,5,38,0.3849330765940435,0.08220985340073679,0.26529416309289805,0.5118513922991864,0.28383569322138347,0.06479911713627043,0.14190125948578622,0.42568262219275127,0.44021444370948903,0.13885330334720972,0.1362994037223347,0.6467897401741443,0.466500206730483,0.13302769139117065,0.2736832099788789,0.7128198288161044,0.403642178651796,0.17768088114801717,0.06631598560935012,0.6396319753232808
A05,5,39,0.3708968951655752,0.1367247696336606,0.007559392248653064,0.5653936079803356,0.28090274756039124,0.1556900045665688,0.0035765552841077186,0.5526960587900636,0.41247619698401744,0.10323245872227585,0.19899455911075675,0.6160160589313962,0.4489489836958247,0.2094533518300209,0.0322745128328065,0.7099648022712016,0.49352175241837515,0.12002196870864508,0.25950173385156133,0.6548539976827918
A05,5,40,0.39428885012290665,0.11456268288192067,0.21711631092765657,0.612234007941373,0.21123363292241717,0.11074546375009288,0.06238962552629616,0.4620636021290131,0.44772376424054355,0.1694095267654604,0.05714021079604751,0.6579397502461586,0.5937151137366513,0.08981549735610787,0.45480497452764795,0.7541030095353333,0.3817033902740969,0.23764135298053554,0.0,0.6828973043579583
A05,5,41,0.436052711058296,0.10156357646605574,0.20188126468911122,0.5619576397377485,0.2593394292186572,0.12417822462310667,0.03733977091141706,0.44619584615181396,0.4587180058139995,0.1450596562410186,0.16982252980381438,0.6761314596372532,0.5577004712137572,0.13057949635783633,0.1885614520408097,0.7136119533883049,0.45151001023491977,0.15567981924463167,0.0,0.6407532204370516
A05,5,42,0.29327063005620924,0.1462647053780738,0.008839291412381172,0.4781357995872816,0.17729533567903752,0.1490106617274578,0.003103743798042267,0.38389563458827125,0.15788361940253265,0.08444559086590045,0.013190639167166356,0.29191467653609343,0.45983654253502754,0.22025143332589767,0.08333854686390571,0.7567388959467453,0.42021545043066083,0.18362709890182422,0.018371002944889008,0.6408355406152019
A05,5,43,0.3080188585499238,0.128838390877403,0.0,0.46781758657180206,0.20641690207355542,0.11789762075813097,0.0,0.37187236080050445,0.3020502299089418,0.26160223729527804,0.0,0.764955737481617,0.45345156305395123,0.17752861177038443,0.1542894140436573,0.725107346211355,0.43484433852739657,0.1438403118487171,0.01982828807126264,0.5787150425328855
A05,5,44,0.37936269590841737,0.13336171578678038,0.031560979236836505,0.5314512532147322,0.2565147707733365,0.10009400013938434,0.059412261982526124,0.408151946149877,0.2919534798646363,0.18783668447201526,0.003393799635359954,0.5766159908945836,0.49951618225856964,0.17033996894042053,0.09365519905671015,0.6758249857811812,0.4489731081791138,0.09717668758733494,0.3363649316892456,0.6565483161612209
A05,5,45,0.3594539357524418,0.08258603076905788,0.21535822250680964,0.500275314530858,0.25296651861128555,0.10500015703178228,0.11551134118152119,0.46318411272209686,0.370769381405959,0.1401581608936644,0.1589310033414954,0.6545551771581073,0.38561229005599373,0.15970734865653982,0.08177938113877492,0.5913587295454283,0.4116758173680774,0.1966614086247392,0.005645481338806014,0.6142952677777908
A05,5,46,0.343663820673214,0.11584265024736147,0.18498801168785065,0.502779918734024,0.23389867226350974,0.17572347501183497,0.0,0.6036818492976954,0.4206859153450127,0.1919206221729907,0.0075627673278253005,0.6948551139033955,0.42293118455350825,0.18603926410828422,0.002477412275615947,0.7029213296985162,0.4285623556320978,0.20271690957301503,0.02799975188011112,0.6910147150376116
A05,5,47,0.2786355299273132,0.12595691772408069,0.11585204269525765,0.45002313109173286,0.1294514496067651,0.10800029777410748,0.0,0.29713080667612324,0.30619624336578816,0.23809354484750064,0.010296141393101659,0.7505157571733388,0.5062075312428858,0.1628513815335346,0.26776062446746346,0.7204573289682411,0.3913562973271346,0.18526867213156217,0.034632221410212306,0.6493776949008652
A05,5,48,0.3523998866255312,0.14181166871317008,0.11675543174048675,0.5365915679144221,0.23659317916029868,0.2071084656721967,0.00757425576706188,0.622414170381178,0.2726502571392443,0.20060368144116916,0.023633978772457733,0.5879028053073208,0.491349743539236,0.09036619316137623,0.3192046356942314,0.6417267572716435,0.4271357134918153,0.15420109673996207,0.12413441984190107,0.6725883597683782
A05,6,1,0.4779480078211224,0.08860895388462028,0.2805671234749568,0.5748492490727058,0.19291206076756706,0.08954269717573855,0.024928199620499525,0.34723462006813627,0.545371950510434,0.1659896374252527,0.03202013309843553,0.7501113371573752,0.6441417374115914,0.2301204438544303,0.0332608269891671,0.7975991195566748,0.6438260292577335,0.037253730032887254,0.5782141168968445,0.7214828695186892
A05,6,2,0.4831784435244261,0.14625346615224355,0.21031114403297907,0.7580703300547157,0.3677935719640325,0.30507500506430074,0.0,0.9301676890814944,0.39361181942951545,0.1857513880046,0.07683158673395932,0.770945376326141,0.6206218462292968,0.10737356582807212,0.38989200571604016,0.7471740845353418,0.6058749454251677,0.09850601483612831,0.3985401458153865,0.7196632648258473
A05,6,3,0.4634591444497055,0.12260137831084675,0.20278593070982895,0.6366953764819527,0.2655185729350112,0.16606567854877785,0.08790517553123087,0.7106284559909587,0.46750821658398384,0.23286044515645823,0.003594580935004088,0.806073533387125,0.6023105090304512,0.19231542317889203,0.0672249185986937,0.7825950307500481,0.5959575208347643,0.07514906590407415,0.4204068750370834,0.6781682544138449
A05,6,4,0.42466238213569135,0.06966828950528557,0.3008065146139226,0.5419002598321228,0.19936129800101313,0.07821827802546026,0.030914449806961723,0.3295347570837581,0.4644535211358833,0.1512484657997124,0.1155030944260206,0.733899158884473,0.6210794451121573,0.09653870073206466,0.47312927872557947,0.7675781947315529,0.62218294747828,0.07604969701011001,0.5200146953604108,0.7940919413722567
A05,6,5,0.34925104248087746,0.12381556391563234,0.15449659088181017,0.540509446370606,0.1877122445126042,0.13429854648601633,0.00531589242504084,0.47224746389681466,0.2950949633097538,0.25520159212424537,0.014804393458040124,0.7678101085103767,0.5605560587161253,0.11199792874857516,0.31136459717400256,0.7060860354423736,0.4601316566533129,0.11201311288497279,0.24682332538193183,0.64206738677937
A05,6,6,0.44552944168413094,0.08027716470537513,0.29428071379331006,0.5716570969300732,0.2833470858996658,0.1581106883764148,0.14273021739467748,0.6641841994668312,0.4991672639340896,0.18954766095906753,0.08547437244696245,0.8004537327313193,0.6352121428663635,0.15257876530221762,0.37513055003765766,0.8112226269113838,0.43646958326319996,0.2632440819706833,0.0,0.7688164059729584
A05,6,7,0.3863879904260746,0.17113253157371802,0.0,0.5776415619930317,0.2424298320656248,0.15563403288667796,0.0,0.5238162234841238,0.43276171350221837,0.2561906499657561,0.045098415964628775,0.6905962395890236,0.6047223656039039,0.1630096907407785,0.20266650623547353,0.802254900791951,0.4699786226660812,0.16886938425710846,0.1624930313360497,0.7320701363559294
A05,6,8,0.38897158261798365,0.09879304732027594,0.19151221784456224,0.565051934726975,0.2801022264307687,0.0835130886448555,0.188851713263392,0.4811402883079687,0.34278171490461506,0.17642640047578917,0.06626089743164967,0.6473289745714567,0.6027879034893381,0.11020591522506726,0.40707899132550224,0.7471052945820686,0.4499498882401795,0.1716076331113152,0.17258093402460764,0.74959369329144
A05,6,9,0.3763791574551484,0.13930758927637008,0.09921352516965654,0.5889854255670358,0.30552527998126383,0.17605834205318438,0.003067171744217556,0.7171553920980228,0.48843855165271977,0.20039781290155595,0.16120894082587306,0.7904096227350978,0.3447355051521613,0.20261643023305914,0.007177033369296505,0.7346107767958855,0.3432484615065853,0.213159417914386,0.0,0.6323412316598809
A05,6,10,0.3459522723857674,0.13659321672435318,0.10332537311507203,0.5113388499456235,0.15508168370077974,0.09321786804252472,0.0,0.2684139476363219,0.3959888002960574,0.19722128601396346,0.007732143537550188,0.727094301729167,0.5800865431763647,0.1350272463279644,0.31031857859134115,0.7508110611389238,0.36386721849584086,0.1713730448791868,0.09806653135679735,0.5906459231974931
A05,6,11,0.33070119212773363,0.12482358602290794,0.06359883808131916,0.465139649580867,0.14175703889814634,0.0919598367821408,0.0031123602613624284,0.27450045485035374,0.4192054283218242,0.1660923901376467,0.017492042816815014,0.6319278513576926,0.5213520720336902,0.14463541612024292,0.2647761665928427,0.6850753200685695,0.46647783269400767,0.10718649624025764,0.27430908635731205,0.6323284826781663
A05,6,12,0.30196422622150293,0.12121355739409301,0.0,0.46011116488219933,0.05088144347041926,0.09792349556901084,0.0,0.33239054918752536,0.4167050499680667,0.20491065167492648,0.0,0.7156428735349575,0.5529421123498707,0.1366806135021294,0.24996698822252444,0.7498348203024164,0.5398913670249285,0.13677396545497672,0.14013121752977722,0.6716284474416708
A05,6,13,0.37961946987548134,0.12410354769609763,0.16876431319657856,0.5491917971448509,0.18360702033194481,0.18506557180157984,0.0,0.5832838499398593,0.5211183357948762,0.13686358878328167,0.18041404072443784,0.7169335976209225,0.49196169292747044,0.15371560252479136,0.18423714134927213,0.7086279887390033,0.43068142586482966,0.19282339054361314,0.04295802061023268,0.6746183032335461
A05,6,14,0.35222011476705856,0.08115361612600251,0.15758500620281904,0.480259932595437,0.2286343419322976,0.1566871004038508,0.05014694875406681,0.5907792372598701,0.3734004161827777,0.12419524218504613,0.17151552126334607,0.5906223072216277,0.472957135840235,0.18713425354756744,0.05659521806617914,0.7199857439758416,0.3314243317253605,0.1830833234389015,0.015268985319389599,0.5712750109802631
A05,6,15,0.3480033283059389,0.15006654520217627,0.052652354459512204,0.5850072797558888,0.16726410512099818,0.14568476705970115,0.0,0.5234070520576559,0.4026085895226678,0.18660513844511611,0.0020507420158215445,0.6081673453045849,0.5774548176619693,0.12923897949971164,0.3657299461468325,0.7228009547973693,0.3701239899353107,0.17983742782112613,0.14422239908218132,0.707240283066808
A05,6,16,0.3932849255823237,0.17865269418266347,0.02119633745441818,0.5922831204118847,0.3047834599094989,0.2546627012050749,0.06829152568730894,0.7997074367007987,0.2559772533085956,0.2101648657472104,0.0,0.5766003102110087,0.5708123621746674,0.16981591434084295,0.28571168463029706,0.8108120777877108,0.4687036781090219,0.22489094895596856,0.11224890601499789,0.742375913052478
A05,6,17,0.40036265156861905,0.11842349134341967,0.11477291466956266,0.5654861835238773,0.2018691350795655,0.09847571994514398,0.07622460883669782,0.43421428009782176,0.4626945811208503,0.22472307542827946,0.08191393894350507,0.7743416752315146,0.5429574437570366,0.13564309500307536,0.13205520938422846,0.7348270406777141,0.46232112040452916,0.05316214213118041,0.3585703404999411,0.5440729323819351
A05,6,18,0.41937609128705283,0.09902103148184987,0.3207284374351214,0.6253290327936972,0.2629457091014948,0.2563880050374393,0.0,0.7641025429590388,0.3620013633404868,0.13656268083580672,0.03255624887767034,0.6164142489245524,0.5462315714976388,0.18396186263981806,0.1357674338795123,0.7314353447121117,0.5769334988875052,0.13549033857071766,0.2730126372239497,0.7331286085989047
A05,6,19,0.4346037361233653,0.0993398058494986,0.21996260618242516,0.5657545206295774,0.28922742337225926,0.16111602034271788,0.04247169438221337,0.6737524380380017,0.39093302304319244,0.23374806150869828,0.0035068663428347658,0.8152604539054193,0.6151404574647034,0.10867403739378718,0.29075830894652693,0.7518032732993529,0.41373426310724887,0.17095375133065488,0.0023829476788432996,0.6219324383845193
A05,6,20,0.3500415414544124,0.16072990283457111,0.0,0.5387316126527749,0.221483586077906,0.1779875037876365,0.0,0.6930052836143297,0.3371283371878431,0.1837890319186428,0.0,0.5496614070820648,0.5045280998287028,0.15852245711572016,0.2671274198250812,0.7009123396574777,0.4653530757774877,0.13508700987108363,0.1992890814854893,0.6223186193440294
A05,6,21,0.3790131178687911,0.11493507992844325,0.21493152115021724,0.5374449659601349,0.21011936594194658,0.10226322925022563,0.03254019543016752,0.3649841095077168,0.3396316675687939,0.2311393101238187,0.039332842140537595,0.681436603209897,0.5169177189103086,0.2146039473909581,0.0,0.7001697267257156,0.4754485907540085,0.1702812990999591,0.2497472117375025,0.7114720960096851
A05,6,22,0.35507863959529595,0.14250113629308456,0.01957715042882256,0.532611500429329,0.15599458881601805,0.09615546806948763,0.0,0.29849036421323455,0.5236115370707302,0.19656613008584986,0.06282296878003614,0.803844419540025,0.5601028103728916,0.17055413056187305,0.18230751534264908,0.7354741348201949,0.48063581260422666,0.1487298225595029,0.2627613202368994,0.6797669402028429
A05,6,23,0.42495447382096924,0.08904605370653228,0.28949535450365715,0.604650934091065,0.25106790258001815,0.189665107817777,0.045065596849871103,0.6543948832243002,0.4485502290968342,0.16961517254414304,0.2403724421493186,0.7270692480618527,0.5468858538744877,0.10433364682534801,0.4180959055987235,0.7460378788465206,0.5341813822075611,0.19675200498867806,0.07345742916800066,0.7477323263181039
A05,6,24,0.3892561947832612,0.17014567558352275,0.08928068422382304,0.5951328909807517,0.2573134211697114,0.18864287726455303,0.0,0.6560066226701123,0.3530641034650362,0.219845631989279,0.008634009493715813,0.6978817853853413,0.6176455351302678,0.15098611843858106,0.30475224164782405,0.7946967786419582,0.5198563809074981,0.1237711919685342,0.26330497239839706,0.6710271650159022
A05,6,25,0.4024398923154346,0.1017644261633593,0.24417757706983753,0.5867239010790399,0.2431147064574951,0.141968057071692,0.006523949021120031,0.47761135954220757,0.3637427247481885,0.1736138703124972,0.005252813689393232,0.5985244709359586,0.5739116609557635,0.10539494624118519,0.3961422301139554,0.760908658775258,0.48379572743790283,0.134579963505696,0.22754140832571051,0.6720624916669767
A05,6,26,0.3632788344135516,0.1197977434778888,0.19247765881005346,0.5750151372216504,0.23499510714877167,0.16705678779792307,0.05018522839045947,0.5902759925556361,0.29468617348936665,0.24172896323416088,0.0,0.5893903338174772,0.5017175336497945,0.21615051803068472,0.06541093285445998,0.7517433536617518,0.4813726415935364,0.16319730882270125,0.04789837765641108,0.7123836411413738
A05,6,27,0.3004981797817633,0.11454769519150432,0.09048048836511209,0.5075227733536006,0.13963014816561023,0.12644017473527364,0.0,0.3752202844618098,0.26554632640236603,0.16898441965111805,0.024934518032220212,0.5742041211903729,0.45570615396521863,0.14370935686875919,0.1910078485113574,0.6697224692657198,0.4533208673950141,0.16512005390849321,0.06441603179446505,0.6423486184871009
A05,6,28,0.36896955473125476,0.10209615701115717,0.17830562647646303,0.48276449738370747,0.22212923871006743,0.09222761838855227,0.07378216282540453,0.40357918563397593,0.36703008595501546,0.18577366706242124,0.0,0.6698733198327412,0.509777210062028,0.15326941030514551,0.21644382167656642,0.7026740687129963,0.38574454624138454,0.22004331688688408,0.04558205626851047,0.7714496823723082
A05,6,29,0.346677329100887,0.13041017491027623,0.09040601480089747,0.496237636595582,0.16498594313060228,0.13036678288276232,0.0,0.38091504436598905,0.28897231792795447,0.1615240653640255,0.0062924020794343305,0.5068134296984825,0.6064538395618929,0.07538278138436098,0.42404024876813823,0.7192304705811371,0.5617074736886488,0.09826496408000848,0.34728229544084754,0.7210685863433433
A05,6,30,0.3439062130267373,0.1099864131083848,0.14175963977886186,0.5203256343654437,0.1913634040353089,0.08442418908645574,0.0005976584980774532,0.31870570061082537,0.3126981586946478,0.2694786431957779,0.020996406797196436,0.7839476621456166,0.5127755295564468,0.1621873946355681,0.1922277000485327,0.7082686663910005,0.39768373979908295,0.23768899959951745,0.0007578492725317679,0.6245159003036298
A05,6,31,0.38283901714501917,0.09322259942433979,0.24954319952639814,0.5253906041180653,0.20372374034101615,0.18137706164381764,0.0,0.6291123659456807,0.3954196362608383,0.17928534911190494,0.01394816195249642,0.7146819694197015,0.5437144258613936,0.15823284636885432,0.21131172185754282,0.736615673542684,0.4195655044002213,0.14629070087614826,0.08408904230589964,0.5951467910866359
A05,6,32,0.39479813883917403,0.10012964848176993,0.2037265794054128,0.5512778613262098,0.2857657371160841,0.14393404999863035,0.0706979544347542,0.5754698483162601,0.385309787382197,0.17762037079986087,0.0,0.6017243419693974,0.5417999205982371,0.16920725988666752,0.003001392925298948,0.7167668131936592,0.4136702265361601,0.18485037271553806,0.07811203199027346,0.6092365457095376
A05,6,33,0.3748819781280984,0.11836321083926764,0.11299984230123035,0.6129441727418753,0.22090320861587381,0.11517140834610504,0.0,0.3723413361647589,0.41841874666719997,0.17035487888259165,0.1768279470547034,0.782978114327336,0.4966184560713741,0.16135862440588997,0.18595325193572934,0.6838869024007034,0.39342320392415703,0.19662418650705646,0.08847283742546323,0.6469369490050108
A05,6,34,0.4548905886961307,0.08773168036878604,0.29221928024935195,0.5826075656915799,0.2388375532524337,0.145141229808383,0.02167440882933577,0.5036270566832288,0.3987715869153935,0.16971913824482274,0.09668220886694157,0.7286386149776172,0.6324594882201382,0.08325725894846753,0.433798011114562,0.7388229716399809,0.48573831500952985,0.21558683503910808,0.01149832159095562,0.6473706393246914
A05,6,35,0.4140243485493631,0.1253084778910603,0.11655646585782577,0.6534956541188846,0.2564848205182015,0.15382107434060946,0.0407739821675605,0.6070252186540888,0.5398845082826234,0.09893492046336426,0.40399215134031863,0.7076971126028611,0.5707918723955175,0.14326999331102627,0.2297522560806702,0.7617364446150369,0.5199691567661937,0.14710794011508424,0.2692580642420092,0.7308594443463363
A05,6,36,0.4776596627579717,0.10453571314975564,0.3005552334314746,0.5967440219595078,0.38693876582879677,0.21802614709581017,0.04221201738920218,0.8665565911648642,0.3896176524640912,0.18929860562824327,0.04209542516458553,0.6386667166347414,0.5961599969016663,0.11210002307114374,0.4155623284489645,0.7680853414089184,0.5900422560490131,0.09047363235729432,0.4524517871703308,0.7548477482883198
A05,6,37,0.3981131195688806,0.11185347549181898,0.18284306203289807,0.5398356163969605,0.23872038662709663,0.12989944387438274,0.07532543607317989,0.48403032980826793,0.3509828732804419,0.10808869415150554,0.1486883458175412,0.5188635313882032,0.5650639602243488,0.20348856096238332,0.13082460390520476,0.7316442650719953,0.4558567498143642,0.20737481454070913,0.027253806306328232,0.7049144894598401
A05,6,38,0.43365547160203666,0.14481833077339723,0.11956101517277205,0.6429660356029971,0.3265067457997605,0.10517183247345918,0.08828428131414005,0.4965727547152778,0.5078866740241461,0.19567499755829182,0.11422089146117521,0.8417840821018522,0.49100719136409404,0.1832011596907569,0.07490813351576098,0.7373169753322636,0.4758792856968427,0.17947729139442936,0.03295805862007593,0.691398803526601
A05,6,39,0.391892156316513,0.12521933109525937,0.12407136386155816,0.623224768303059,0.16453357904810106,0.08078942151592498,0.03496570951477288,0.2995057212113812,0.4324387722726252,0.1778916226091382,0.11238489482172642,0.7191477375312056,0.611572535638362,0.1437228251900221,0.3299865293174286,0.8736518648644139,0.5516098508346857,0.09637882047618414,0.3605906718954931,0.7238708716293897
A05,6,40,0.4353533493589787,0.08138048660945822,0.2614900203313884,0.5561690878247278,0.2634340378724865,0.08471109401650773,0.13437405355507623,0.3941709582420115,0.42912521495256456,0.17674610810127284,0.0,0.6775657374954553,0.5756410469088589,0.172076738969006,0.12039281296096539,0.7643847257459283,0.5270875148295526,0.14348109296401695,0.27491853511886427,0.7329711592445844
A05,6,41,0.4245896974907219,0.08172794321046617,0.24958558118848181,0.5389785034033474,0.26279964983287185,0.09682715143998608,0.12821517602370475,0.39137214650191876,0.4541828456044916,0.18565120694647788,0.15851284212294608,0.7255916048677673,0.5494647292695057,0.09639857847314275,0.3669093063218868,0.6822959160090939,0.4705226473769863,0.174088983505955,0.09380755805556341,0.6994574160436686
A05,6,42,0.42303773085397356,0.13520969692904264,0.20541916286376813,0.5928658120500615,0.2248090057850715,0.22927886455255334,0.007861832728783713,0.7151002895644566,0.5023355065719682,0.15439781407365305,0.1380859910957595,0.7392662459922423,0.5238146938903819,0.1741479027394677,0.21840732309330343,0.7742450212963652,0.44006680679944393,0.13924055711238273,0.18040534725484333,0.6383637322623053
A05,6,43,0.36478690312967677,0.13712260782921082,0.058788085656177845,0.5350023461461486,0.17499645292412208,0.1257980945221285,0.012109133821800424,0.4043769613108942,0.3850983802426358,0.2480842204206059,0.04235229767562476,0.7312467812243381,0.546142001024306,0.11341999900402867,0.36388902785953847,0.6966767728160191,0.39041160207826536,0.2283444895252417,0.0,0.6314178190226997
A05,6,44,0.44741847151540964,0.1509764211541382,0.20901081408400332,0.7677435620007155,0.24160826393705126,0.2495261406310201,0.0,0.8126657839806979,0.5129835055709001,0.22190877160475175,0.027288173884477906,0.7359236645492342,0.6024092393565634,0.14726897153646995,0.1869699408782748,0.748096892362134,0.5737700465053179,0.12294369987948821,0.3854404319772196,0.7842651903715615
A05,6,45,0.4255787160537095,0.08576027993813595,0.29425672261503905,0.5252381563114036,0.1710113823009813,0.09447247983898152,0.013799741060976525,0.32438769208858026,0.5423047371585084,0.12309724185590419,0.3438070793533242,0.7141720065320044,0.6125416988691692,0.1130471013089532,0.4094620028759847,0.7643577891650316,0.4300740107193141,0.12885062068880568,0.056048085107858206,0.601848691977164
A05,6,46,0.4001516569996952,0.14473152531694955,0.14532045732271262,0.6456075343764593,0.2971440792924071,0.22180885074633747,0.04294102353811927,0.7267002976969045,0.4362362697710923,0.17394660392990882,0.16149842603165757,0.8334783410221578,0.5348800229511859,0.19877960725910135,0.11535707655304717,0.810235533363169,0.3967182116167818,0.22508000912160023,0.0,0.6867912982776989
A05,6,47,0.34757328090226486,0.09416886258643531,0.092769791192727,0.49195813873406147,0.18040095838178996,0.13288305843110948,0.0,0.40623755194114725,0.45000047473383464,0.22067726670972268,0.0,0.7145440809127059,0.48121759168331135,0.11322437943305298,0.2978108912844671,0.701059780998791,0.3964581250002991,0.20944375844469582,0.0,0.6285566572128333
A05,6,48,0.3883774655709736,0.06563061348431155,0.2785913762354125,0.541360328281644,0.12098347145375676,0.08881494128023684,0.0,0.2595622112249604,0.4185231709312783,0.1284126172268725,0.2304862173751272,0.7102791217546891,0.6877689099022921,0.07634781487146712,0.5109347314809328,0.7837152752501463,0.4746293894582418,0.10358043833958375,0.24411541996103883,0.6247571209871936
A05,7,2,0.41121144011106014,0.12150622908584519,0.13411259405529166,0.5906245755508686,0.3034111796499262,0.13816932168860693,0.0342578455449282,0.504599548344529,0.4543172528026222,0.22174720339056864,0.023790900836576995,0.6783671639028066,0.5779538209118705,0.15770352311973668,0.14312225880486715,0.7354680991148609,0.5005177000222465,0.11405394375582588,0.3629582788277661,0.7040795645482572
A05,7,3,0.3667079240757861,0.11045817290791406,0.16311355950368814,0.5360517012225788,0.2743550414991988,0.13049088862083602,0.012601311075159034,0.4378582211642718,0.3826856404697611,0.22475680609971727,0.007195179011475087,0.7756945309135893,0.6094783346227507,0.10276648886354935,0.34614230921017697,0.7339089224814043,0.4471688313947844,0.2572162275972405,0.0,0.7193538457689704
A05,7,4,0.41339024762772403,0.08822577544824116,0.30672844923674936,0.5460441149186596,0.24003080994137044,0.20019049547019918,0.02692380616958285,0.7873054594581925,0.44284890856453285,0.20336775593743883,0.11391419708937507,0.7651459912303177,0.5095048215369566,0.12924256865525355,0.22419330243345256,0.7632714152197488,0.488324568706965,0.12386007297520125,0.19796765913860145,0.6651335445170604
A05,7,5,0.3819558017385595,0.16932410466338502,0.003469897262010286,0.6744300926267719,0.33135972157192606,0.21247716407841483,0.0,0.7757447228553597,0.4034588388256221,0.2161699667649623,0.0,0.794422597593168,0.45525815884177956,0.1376346487692055,0.21097587918276237,0.6832299609350695,0.4596076153568622,0.14061917845047445,0.15580461073336402,0.6242411569050329
A05,7,6,0.41997040613485814,0.10655051426329844,0.24993730751775547,0.6305663140520729,0.21724682500316547,0.11765312242540467,0.0009750402423674658,0.39450383100423186,0.5104126904035902,0.19441356706610444,0.1761972807402165,0.777074079346507,0.5787904767842431,0.1787477451309005,0.09241801779764358,0.7724881525894565,0.4202100824763414,0.20735738623718608,0.04103114272554963,0.7498818541717206
A05,7,7,0.2681435729054162,0.13686361498159688,0.0004139782520195138,0.5008399183856685,0.12714327602555497,0.10908349806368811,0.0,0.38325225038083727,0.3637124635055222,0.21444347166145905,0.12061199542247174,0.7249468060299433,0.46721641506952716,0.19449556977658433,0.152260091148842,0.7099650830696038,0.43154923743714907,0.19293531655933216,0.008641217221443604,0.7704705255481714
A05,7,8,0.3943373076347771,0.11072056741607644,0.17379117329623073,0.5457786148048674,0.1905192017429714,0.14724260378802848,0.05159188759690836,0.6088767721380931,0.5258614837218231,0.21207416170715823,0.1607544969202868,0.8249732803736914,0.5453926524906745,0.132095132625719,0.2987714015163126,0.7480611053068343,0.33694527019644627,0.172157367993348,0.0488525626828065,0.6153107946943855
A05,7,9,0.4268120936569003,0.1648466775246656,0.010153368815740456,0.7045364309790789,0.2700564750543314,0.2327552617423363,0.03675147244271323,0.91424729544125,0.48739324328637645,0.16828590834342283,0.21620415201212814,0.7691407655873121,0.536188005043395,0.21186055022563913,0.02122808334791626,0.8351413114155654,0.5060245054849015,0.1653160765162396,0.0,0.649436515392131
A05,7,10,0.3914694019380418,0.1327349335833737,0.09806341950698481,0.5511901891007573,0.15374235577633008,0.11983874979308735,0.0,0.395360638288794,0.5065173143252092,0.14740839805258002,0.15485449379007776,0.7258319757160512,0.5803629560033888,0.16874767791461442,0.19025967730631313,0.8315873565489019,0.43029861488876625,0.16915028970210846,0.08269458842230035,0.6638411481247413
A05,7,11,0.3920224485086522,0.12476451181927573,0.12416970045850376,0.5512189967433226,0.22485714122338954,0.13451233387690473,0.0,0.3928733547126457,0.34782457475529416,0.2602529202521319,0.0,0.719870926643841,0.5916858838542173,0.18202806489818957,0.13504837964693864,0.8179029341721054,0.3528404613520416,0.1664185515542395,0.03762429860503052,0.6429723256970509
A05,7,12,0.31454189974017027,0.11278625091694826,0.08329052658658687,0.4754319786267488,0.2209685596737805,0.10217492836989178,0.022046476956893244,0.42094929891075594,0.33852567437709297,0.24138041222948534,0.0,0.7490544807037617,0.4638438765224218,0.232042676142544,0.09394539997640598,0.7620609619333568,0.3355465046122912,0.2761507505655052,0.0,0.7331128024169103
A05,7,13,0.3441433966705173,0.12569976764313767,0.15154915924834864,0.5639693406732427,0.15610956098470288,0.11526948470025616,0.017757879214608585,0.4431152264771277,0.5725951374208526,0.15216555675347665,0.2422640984190693,0.7346998824468588,0.49883086891823986,0.1944880374207311,0.11084777229869933,0.7735671082922518,0.2500282772426119,0.21911709321589032,0.0,0.6253060814074153
A05,7,14,0.3603389679036125,0.13831428043531616,0.12941273244695228,0.5283440925473096,0.20262620007819956,0.1302418992313371,0.009781583803831428,0.42934096843654956,0.35105716082827426,0.2899174254266088,0.0,0.6949146330458117,0.4680049224067642,0.1522490264434763,0.2562400705268674,0.7151237144298067,0.3629400644908537,0.1659206556881601,0.0739359505212388,0.5828515950567874
A05,7,15,0.35385004660075237,0.11270355706412227,0.12631631106023547,0.4651447827351479,0.20823399907997697,0.14403722374016864,0.01003454777726988,0.4917733418273108,0.42087955910437613,0.19072230782382693,0.056202748917539354,0.7180031587682293,0.43672529655194864,0.21366786085194095,0.051492742480841715,0.7135132227804492,0.3879634855031905,0.21949081743565954,0.0,0.6843882924512525
A05,7,16,0.3283504267586991,0.11217214521030205,0.11596509409798093,0.4993183001348043,0.194695879907865,0.14372198714635567,0.0,0.3875680615407356,0.35122384643087107,0.1786613028493926,0.09843753855323459,0.7109884076463021,0.4686585335671027,0.19029949468722618,0.07133294214873627,0.6821820436628986,0.506203308961615,0.2132595054625314,0.0,0.7759833069250094
A05,7,18,0.3291751690489941,0.11981968955539068,0.14510779963140344,0.5005542808247069,0.18018890631966683,0.13138745489267245,0.0,0.35227312503084296,0.4191892035750823,0.17570216886796972,0.017969924203387118,0.588347808554842,0.5108139696299537,0.22558889002135818,0.011374889809238906,0.7579007641250401,0.40191742742554365,0.17022760426706707,0.038983251312022196,0.6443551109582721
A05,7,19,0.33032364406837217,0.16137577582463045,0.06970802742245452,0.5864620531359949,0.15464908385064716,0.10429689703081325,0.0,0.3300101421876339,0.42425709493247754,0.2942539973212433,0.05423303010825843,0.804486356944192,0.44108187518194375,0.1504790609050052,0.22338081134558,0.7070092025261736,0.4544472904913427,0.1744642250322746,0.020345821186269437,0.6389428521434465
A05,7,20,0.32255705073235036,0.15051506226064776,0.05138339759918845,0.5704982087787324,0.19855081171995959,0.10291999244675706,0.038185985462211934,0.3208486830334762,0.4510441570791814,0.22336861863797094,0.03580036353109287,0.7646646689710509,0.38569416003249873,0.20668621064507153,0.0,0.698720230794987,0.16604720087554886,0.1543841567308004,0.0006335196952656734,0.4402882366565523
A05,7,21,0.4035182513789923,0.17037879710943776,0.09591703689399769,0.6593717136602274,0.25323928842891374,0.23453829413148006,0.0,0.79895202224605,0.5997135403645649,0.16146534620327496,0.2702999995291342,0.7796397662430257,0.45015080838998395,0.2059703391942631,0.07519800352799655,0.6843859689362236,0.16858440440681727,0.19662936062932584,0.0,0.6137242961847004
A05,7,22,0.3321556775732682,0.16169126444189835,0.07409361711197097,0.5398157139189407,0.27883823656529194,0.17429616654802604,0.013632230594116683,0.6942751318657557,0.4808395190658214,0.20347157234336205,0.0868626569935982,0.7222576193954475,0.38732788331495194,0.24242411069898123,0.0,0.7263050448891228,0.13967274363272728,0.17389189834331475,0.0,0.5115672704883056
A05,7,23,0.2800903186827436,0.1468549684223957,0.08645592676600553,0.5372038851766916,0.14130465256040387,0.065170693497118,0.04838449324330912,0.2551646412031167,0.35756926293055113,0.2592360179161743,0.0,0.6697609218042572,0.3952057205850986,0.21605329326558223,0.05718011892155835,0.6968270452321956,0.10701172188374183,0.13252418824518558,0.0,0.3419313635630929
A05,7,24,0.335837924631275,0.1631593888001299,0.0,0.5326641590392811,0.1736840036954857,0.1369658562557219,0.0,0.4116187817648834,0.4427394579215462,0.1849785523623993,0.021395204375395407,0.6981683643039526,0.46255046805595496,0.20928063915607945,0.06100718666315846,0.7143182001959258,0.27908069551982273,0.13875067723224477,0.039272878019789036,0.5134259205633924
A05,7,25,0.3362762608367474,0.09333375349622205,0.16121291492270493,0.4875270963614443,0.18658145340843804,0.08149721614900783,0.07320001381311976,0.4429629280345854,0.38706406927385284,0.18764452881167815,0.07687868475012663,0.6887158880497759,0.5269201570651936,0.183219546439508,0.15806412403463455,0.7410354418706383,0.2968535576630991,0.19228594352688422,0.0,0.6524835040271387
A05,7,26,0.3320603665828625,0.1320751864086963,0.07468438726891043,0.5160662619496008,0.2378970122082658,0.11268407733505394,0.017493476887734265,0.37854635440847545,0.4426689947136106,0.11580737294591757,0.25502539683449993,0.6353035850972665,0.3815995125328744,0.22072128300755917,0.01855052215363595,0.7334616679957342,0.11896730293157326,0.12678082509213717,0.0,0.396059585513176
A05,7,27,0.30026699518032285,0.16271414268880197,0.067656319925635,0.5351741072530084,0.1710303027363197,0.14181437273165232,0.0,0.37779669992202486,0.4298392577227509,0.13365993383931585,0.19727927625734715,0.6799282996563595,0.42307493559791226,0.21459415095197285,0.016500777877321182,0.689174325450821,0.08020856317429119,0.0710911836806837,0.0,0.18922393245699887
A05,7,28,0.3277616036844435,0.13642537339022004,0.06300097766628679,0.49344377752423885,0.21948206549567786,0.15759039413297668,0.032171116834490046,0.6842113084418642,0.45470305555571583,0.18175802127408008,0.0,0.6699386386379957,0.4201926180058286,0.26022675976525367,0.0200324687968322,0.7386568063764124,0.27569637805639197,0.16934836928849198,0.06535079260043007,0.6379292662075161
A05,7,29,0.24031456925636668,0.21650687544389158,0.0,0.658604765895715,0.1878928008049046,0.24135999715102135,0.0,0.7812864775826444,0.25818765754585915,0.17248463595586017,0.0,0.6086945480579544,0.3108429310384757,0.2525085949892154,0.0,0.6910118287493788,0.21811521307516302,0.1540358055896282,0.0,0.44272464437386144
A05,7,30,0.3083155133952366,0.11573198050393017,0.11816598533485907,0.5098488481116507,0.20733048832064255,0.1252392126285806,0.0,0.3718787316012036,0.3387439024352973,0.1988917353937088,0.03401384060185153,0.674365787903757,0.43977818378887973,0.19359803464775688,0.0518836149880501,0.7126725930580224,0.20616903791911492,0.2026524923463361,0.0,0.5277442820908306
A05,7,31,0.3737415328686376,0.13598258767706403,0.1851875540574109,0.6958900234404793,0.3309329429445352,0.24012934353570906,0.06871527862404529,0.8505651166333382,0.37735264780286315,0.18560971439652896,0.11742940733065235,0.7374150440602104,0.380407378019433,0.19296141918804666,0.0060349535158177635,0.6615409200617703,0.1777961363199735,0.20295850025660409,0.0,0.5877555812767215
A05,7,32,0.3530228813625571,0.1681273940654324,0.07791059938306337,0.6012889083738658,0.27914360149280604,0.13252496742908354,0.13255188539251392,0.5482471607155135,0.4356519562331344,0.19104312611473112,0.02295326690963154,0.6228400726117359,0.38171005346199105,0.2403100157785016,0.011505975618970963,0.8287560415971108,0.18912320880744166,0.16405414789934167,0.0,0.46353395529982117
A05,7,33,0.3660684263443164,0.26820547651590476,0.00034957329775601016,0.8640930358493476,0.3708508795696496,0.2708902231441211,0.09392811148194234,0.9243249302758404,0.41700932746107183,0.32066344793506557,0.0,0.9055039412592716,0.3418354648810965,0.2399485271876544,0.0,0.656202918652313,0.15175481921816794,0.1594767194862327,0.0,0.532162194173737
A05,7,34,0.3464515477137086,0.13072136525107417,0.14591120908652286,0.5276340018653749,0.21590447778633517,0.0879421576998964,0.0,0.3645375045060733,0.3914054682649704,0.1284997333459624,0.10873724494335713,0.5765409304895551,0.4495515735564254,0.25395986711960095,0.014651342996414875,0.7429200073889081,0.39528405042397735,0.1794784303732935,0.0,0.6160139196632635
A05,7,35,0.2854565396855188,0.1079435816247064,0.14403160255455272,0.4904856838305089,0.1370885992121119,0.12747168391592908,0.0,0.4527875919047609,0.4146630341831067,0.1685025184974479,0.18640092940514633,0.7550107271729548,0.409939871475817,0.20340448734495478,0.0867870931276833,0.7749499413315747,0.23444811786512604,0.23175875529313492,0.010054799994743045,0.5990646401684865
A05,7,36,0.29339404342211145,0.14134652189406732,0.09014787045016104,0.504356375870138,0.16562366772066348,0.11198460090546511,0.001738974447515838,0.3302680208036837,0.4624499806788067,0.1912630977966869,0.13030941110085367,0.8680202804954912,0.30735485137475477,0.24698012362788782,0.0,0.6778768145487215,0.2932013740926668,0.21743348054042133,0.0,0.6075546481136286
A05,7,37,0.283180555017073,0.10503691141064007,0.11673964657803244,0.44495512309368934,0.20067359295197681,0.13989139348338553,0.023912579641987675,0.600200236249367,0.2818904446616981,0.1789301756957379,0.0,0.6066400924852832,0.3896696470168873,0.22177673617427995,0.0,0.7039579672415904,0.17896388939109717,0.15950269977344236,0.0,0.5206067593483311
A05,7,38,0.36266228677985524,0.18523032110296928,0.051527577321205706,0.5540562171440431,0.3017641586937342,0.09987638006531424,0.14222750077133403,0.5185710790806823,0.2964470165071618,0.14240423714302045,0.0,0.5843544455857617,0.44054491565145865,0.2959037179425924,0.0,0.7759755471781228,0.2360385121163443,0.20271470463697747,0.001001153061227833,0.6646232200363015
A05,7,39,0.32464332935742735,0.16717317766552708,0.05636094862591395,0.5979697340299214,0.1695890837443895,0.11037414873125669,0.0,0.3845819579181232,0.52732569196452,0.15889915106999092,0.25100232457958016,0.7642171273394747,0.4180537652490038,0.25662767096313704,0.0004987181195658266,0.735051617728634,0.2824283377522599,0.18058007871647455,0.0,0.5824816561302246
A05,7,40,0.40908078551542926,0.16902814404645952,0.10518306135915369,0.7496892299604622,0.3220789998899974,0.228047498362423,0.14298817395099733,0.8487511152960702,0.49527146594402166,0.14311856035313608,0.2849583760494483,0.7987814409425933,0.4613373697730321,0.21948182711138775,0.0967353751900235,0.7223573552801916,0.18855261355374892,0.1554744141198225,0.0,0.40400139471824453
A05,7,41,0.2956348956629968,0.14225083916331221,0.12493885361818384,0.5815145934525253,0.20084988616497543,0.1427697257679427,0.06822580401974375,0.5325267198985,0.49165915480466243,0.1599167080697532,0.22062867391320512,0.702551981489241,0.4229517670794783,0.19433916588770297,0.0,0.7265368807816678,0.15509587968604055,0.22772774762720713,0.0,0.5976045801448004
A05,7,42,0.31022401604544736,0.1236081053927817,0.10483437937304732,0.5148595321020503,0.17061215206919525,0.08987114928620196,0.03740487360892914,0.3298717290050456,0.38145630718942397,0.24405164287794925,0.0,0.8324394626609389,0.42432209262962733,0.2193787910465641,0.09445110382515955,0.7015878030990562,0.1632431835238584,0.16838891632148403,0.0,0.5114307828306355
A05,7,43,0.28198997555205396,0.16149797275895003,0.019789166965248333,0.5422505530444887,0.1919062347724775,0.13815370755317466,0.0,0.39355725764632604,0.40347611389742954,0.20605889971642305,0.05823455018442027,0.728707964644484,0.3429216995243143,0.2715500595109699,0.0020685248385555427,0.7399197646414896,0.2882724916968686,0.2049554334010215,0.0,0.6189697656517434
A05,7,44,0.3567119734671817,0.12165513172728415,0.15891664699294733,0.5258432409036417,0.203462881713941,0.124003229952525,0.01564610283930203,0.4516675418189098,0.4176869557784595,0.2178358209047638,0.034892754277960555,0.7326413231438748,0.5027096667585521,0.11018069448314241,0.33706430339093185,0.7072130903551602,0.25946718232331706,0.15483500037751088,0.0,0.5330685509035378
A05,7,45,0.25118736195548574,0.1138465607637037,0.03034543842420569,0.42162840034088755,0.12966863149944657,0.10271852270628613,0.0,0.31730182960106357,0.35201716872295247,0.21581357686952676,0.0,0.7673061680689359,0.3715290271232104,0.2163451786352033,0.0024076553199344763,0.6807981135304975,0.03456584491639855,0.05114217414937772,0.0,0.15706590140048818
A05,7,46,0.31973555270056964,0.2020942158143971,0.0,0.6046096697227353,0.23560466639098307,0.10484433473973286,0.03347701660842566,0.40924901815757686,0.35894902931951594,0.23786497592136008,0.034882804512327135,0.7358017655307705,0.43756669605974496,0.273002757273316,0.0007145038595272046,0.7855406541460186,0.19599811831986963,0.179072897613749,0.0,0.4807059262210488
A05,7,47,0.33034474904255934,0.14734192468315713,0.10628873143621312,0.5910338382898931,0.23378428128443682,0.11077109271042122,0.03549716921430955,0.4520992398412474,0.3778387743559206,0.18119910336636327,0.08588499589134944,0.6223399085478932,0.30349873384984866,0.24472999138112858,0.0,0.7537847528294324,0.26534743988842796,0.11363055343516394,0.04338313732109086,0.4131744408854683
A05,7,48,0.29305400176324026,0.1532499614132288,0.06164701073548329,0.5432701399753681,0.22451149433516346,0.13399491885289366,0.05507177972575845,0.4694004542584211,0.33881340714842595,0.20959377837414192,0.0,0.6565342828909054,0.3716276183377214,0.2133668502043756,0.003946566266448911,0.6254251617906136,0.1790178188553013,0.13840755475461183,0.0,0.37010046753118153
A05,8,1,0.36055571622378174,0.12981563121666564,0.09180109838629666,0.5416492868673218,0.1610660466352639,0.12350561081146305,0.0,0.3565930339501551,0.38628147739294744,0.10744636023691523,0.18562322935816702,0.5994993466534925,0.5372330889354536,0.2065255526262959,0.09900508774223904,0.7914594481387454,0.3653631026616849,0.1949702065897773,0.0,0.6719211631259255
A05,8,2,0.3131478740180283,0.17419637306169886,0.005046183193787087,0.555563002635373,0.1247578818663589,0.09582035347397855,0.0,0.3045939690119756,0.4299376055769456,0.19173164304311854,0.011748978517926778,0.6703521892209158,0.49600305058720223,0.20909396038506325,0.022703262362508032,0.7870884672115214,0.4120518856127007,0.19707645375291818,0.0,0.6806138619962167
A05,8,3,0.3313039771672056,0.12091430334297508,0.12242258727199178,0.5156235775517094,0.22230513437212596,0.1409270188306448,0.0,0.4434564733339591,0.36971155976361,0.20534649645318198,0.06769490881345033,0.6807020565096327,0.4354983513278581,0.22470060354108323,0.007364969752872327,0.691575051792641,0.38782163344674847,0.19800718476590673,0.11263074987514256,0.6431863305346269
A05,8,4,0.4650209750019939,0.15989426408583016,0.1928818902598865,0.7130707446720889,0.42206298518727314,0.18486018011353123,0.18141525879322992,0.8261659956211599,0.5310223352098112,0.18390535699033347,0.16954506353519025,0.74572306641722,0.4084907593704344,0.20164219240469852,0.06944248639016133,0.6617873696116411,0.33399747536656743,0.2541745058461671,0.0,0.7573856436710702
A05,8,5,0.394436627108414,0.1334072501855793,0.1409932650681965,0.5443885747308925,0.1802529403706949,0.1382820643472875,0.0,0.4229147267085112,0.40063363781698713,0.21142758978708157,0.022991485809894456,0.59924132577458,0.5953557153776351,0.13274185852089243,0.31675400815627175,0.7626799179379146,0.41514293943482977,0.16621911387024488,0.014991695679051216,0.6238508734060372
A05,8,6,0.351292826751317,0.13121577838570153,0.13756830741894685,0.56086111700455,0.3152460622913162,0.18540350005456577,0.028617172560595656,0.6380057328233896,0.37498045969952426,0.222893800711248,0.01617629589896346,0.6989894618459799,0.4204614810157566,0.18600742898550207,0.058833221053685984,0.7142216324316679,0.35065683815882226,0.13890238647119957,0.13793332654561333,0.575996612577025
A05,8,7,0.2947518720837046,0.1291991810380232,0.04607294339673746,0.4856024429248789,0.16896283280333438,0.11657021562979628,0.0,0.391751467640021,0.26907403527977464,0.12594423575614236,0.047261565693158016,0.48675683390815255,0.44268056796780736,0.23272109355628218,0.11417580639629078,0.7655318198043213,0.35758676189287114,0.17322156681623618,0.03502062239848632,0.6051126692624019
A05,8,8,0.3015213003956442,0.13379052674752342,0.0,0.4971175802989029,0.14294422888290576,0.14476291487710854,0.0,0.38899378824999686,0.32481910583400886,0.2190711814481546,0.0,0.6028661068991413,0.45234963177227466,0.15360656614419815,0.16793566847457594,0.7295888412925253,0.4527706759931297,0.1498481776939737,0.19349733136189812,0.6767656240018215
A05,8,9,0.3285892942314677,0.08697217053129257,0.1402286159347701,0.42382792077752257,0.1936258831543284,0.12392281363228862,0.044076476847479916,0.4518660547265013,0.346760150094165,0.23147430875618297,0.033447215595140314,0.6853496316741714,0.4538278504127654,0.1683045618770619,0.17688829085541222,0.6560350688303804,0.4530725667614621,0.16689987632426723,0.09175038693019423,0.6567434413671803
A05,8,10,0.3089628852416912,0.13352282771409857,0.07923816017831777,0.4637243530403184,0.21672216427635277,0.17510612955037208,0.002290564665411443,0.6224287227726928,0.24416633402393886,0.18406208192887408,0.0,0.5944871091276583,0.5109764006947366,0.1329015875905616,0.24873017443371698,0.6501265340837723,0.29246796759892324,0.264491702243235,0.0,0.6658818372705566
A05,8,11,0.3536282063791846,0.10109288780480472,0.21128451414443328,0.5723361278261005,0.18636648695473063,0.17253985742320815,0.0,0.5027816628608529,0.4447032382997851,0.13680747175163208,0.2322965275722046,0.6449189572541334,0.5243561938228156,0.15445669869915682,0.19627879183762736,0.7230556443541809,0.4699019092082915,0.12322436139669864,0.28835263563183583,0.6700187181280507
A05,8,12,0.24847968525735503,0.1742299570167484,0.00046284867296669016,0.5357322388030423,0.15682803497691905,0.1271489256002532,0.0,0.3758857874579857,0.31533818816951537,0.1852062561786701,0.01991708743404979,0.6198237806450401,0.47215828824320705,0.14406550214804414,0.19616841839903287,0.6448878781290965,0.2609654808355403,0.22139817481653914,0.0,0.6498089217207237
A05,8,13,0.2849175714841395,0.1570888506465044,0.01800028749964249,0.5226981176515272,0.16591209946256005,0.13187518509305657,0.0,0.3888111779929279,0.33771813853599025,0.24717452157734826,0.0,0.7285307365525674,0.42569139731646016,0.20092064353890143,0.06947444655182977,0.7448144433778091,0.4042172179075164,0.16938656759793302,0.05215163893569784,0.62394624233287
A05,8,14,0.360934614716836,0.08325264528760822,0.2177077171179029,0.48546864120046646,0.1735252593582352,0.08097185413331967,0.05146138191196216,0.3455158450179957,0.33787262134341367,0.1457755741070585,0.138430471551058,0.5676977577287475,0.6071088431330285,0.12136340216064179,0.3234093000450095,0.7473921847690895,0.4222551613418572,0.13802845229134153,0.13465004845406328,0.7033698873107773
A05,8,15,0.31631241857426323,0.17734702959195353,0.015619434630373154,0.6262432934847286,0.1799105552041563,0.1888120490947726,0.002163457164399902,0.6013588625482863,0.3998293138208639,0.2117432403950722,0.01622208453810592,0.721971252538703,0.44606290281018185,0.19475468369353283,0.007371075585781396,0.7214255566116997,0.2692837108093053,0.20085618917850465,0.0,0.5903466953930465
A05,8,16,0.3937219768066812,0.11048804849057728,0.1210442911883793,0.5313347649432413,0.27035463081819,0.13674520127316886,0.0,0.4786811700257766,0.4554545692871647,0.14006941574459514,0.1884131242633534,0.6551181924768461,0.49674301269139554,0.14744044018295824,0.235621157135023,0.7549964154656059,0.3659039649226584,0.22324588544518975,0.029817597364157074,0.6786785661625105
A05,8,17,0.3563427652159168,0.12161543656438341,0.03010758871415074,0.5005097994749936,0.203095540904516,0.1597454364573356,0.0,0.5591366118913811,0.38198961009170884,0.13872365694292743,0.10489211286469433,0.5891178752720246,0.4911844698154835,0.16131405559540038,0.20239590882986364,0.6719265911594265,0.42450695228130636,0.13072528294212732,0.12080642147239991,0.5921733968215633
A05,8,18,0.3932653710631468,0.11866297384721369,0.10626452517542824,0.5474864247957668,0.23318520718687621,0.14424570499136025,0.0,0.4874704702031318,0.4433711870207253,0.17498020951554152,0.031112681594864227,0.6585772314088025,0.5690086609925941,0.1462935208878104,0.2448107193803865,0.7365586424116227,0.41346065563561196,0.1889012643441772,0.06995630019927716,0.751873103185209
A05,8,19,0.3668862918188678,0.15853244077791698,0.036481240519061396,0.5335555622304535,0.20340248870473357,0.10674225889285265,0.003913852481347886,0.3855035140297972,0.3769152241561165,0.17781173410025153,0.0598219414878059,0.6653376352186646,0.5592906277134077,0.17004329865176304,0.2808491104316431,0.773676620892165,0.49956901090731914,0.17499412497777497,0.007994198130634447,0.6939685382916468
A05,8,20,0.4120342123472417,0.09020772911642594,0.2299249291489605,0.5625107025295284,0.29596848240065055,0.1483774794978932,0.07343289553977163,0.503688314273257,0.38666028393905283,0.18845029429904747,0.04135456271339978,0.618886814921274,0.5473691290367974,0.18457223714446966,0.04785847308635801,0.736070069828016,0.4104060363670333,0.19783572105077554,0.11520361308155772,0.6642996887389758
A05,8,21,0.3505817112533442,0.13398600422906168,0.10546908861486201,0.5305663870680022,0.26900403475213597,0.1690623665087558,0.053694165783856614,0.5894366880967625,0.34134293438486407,0.18379319372882336,0.052327738725278884,0.6491122229108913,0.41150519756714693,0.2115551173481183,0.008889629878003775,0.631987917658083,0.4001530504664474,0.21875651806408195,0.008762472998492785,0.7019948364061737
A05,8,22,0.380975762635562,0.05361242098097065,0.2696796916779551,0.4685696294216472,0.2589172787706144,0.15646941132378314,0.039514452058922504,0.6024990085194403,0.38782604831561523,0.11014017095965298,0.09470799621803419,0.5333453080112902,0.5401188903684339,0.13595633808311883,0.3068584628845233,0.7154622465560108,0.47793820365013034,0.1957985180878791,0.05611059210192109,0.6940145342074008
A05,8,23,0.42106222366104007,0.11826395658433099,0.17989817980955314,0.5695878836744825,0.2322746391940014,0.08503333571983498,0.10708584452026239,0.3970716792984793,0.3833061728795492,0.21368757765582916,0.0,0.6796510729176763,0.6518031219215177,0.07687672349955744,0.514301532478145,0.7991705405591597,0.5082975072293099,0.10261330726010143,0.3605448154672537,0.7402292972532158
A05,8,24,0.43169608812825594,0.13593427790381496,0.19155759663558777,0.6841097787478343,0.33093571752921924,0.21055459110341265,0.15229257821119882,0.8078866711960803,0.44139726548235114,0.25607578028173617,0.0,0.8319928958308623,0.5855331706220849,0.14237765720052348,0.19908213005370085,0.7466463975643751,0.3692315802773667,0.19524003765215578,0.03514602809057056,0.6220301083796419
A05,8,25,0.3909669547983866,0.11216518520131974,0.18696128349185775,0.595003013534537,0.17732604247071002,0.09579355038082883,0.0,0.3184909312203769,0.49585462829805294,0.2029323874939704,0.07761560453412185,0.8103928406375728,0.5854106264119832,0.14644442219650278,0.35443931861965255,0.7528888463515592,0.5440247522045895,0.07087781265593836,0.39741173476496144,0.6329550319917232
A05,8,26,0.3488168515338817,0.13765557383627583,0.05145704291007114,0.5531534216318272,0.21981137019890978,0.1008208558208657,0.054184942058161614,0.424204589811424,0.5009497504934377,0.1583384529747096,0.28662831398892824,0.7368411336680268,0.5188983689445688,0.13815338300313906,0.23014100422932282,0.719852113791603,0.3962798514485864,0.23385946829242332,0.02072343679477519,0.7039268882585006
A05,8,27,0.34950197717593795,0.1680554923193955,0.10174325323877513,0.6406517711311773,0.25870297765134687,0.17705244460516967,0.0014128315546746903,0.6590911797727015,0.44810486402167504,0.21173215157355282,0.03858890344503455,0.7850498499397158,0.4323196922763182,0.15150006166755867,0.1468897038666152,0.648494529705067,0.3196862419783255,0.20783063322389675,0.02403674379886887,0.6161753864211234
A05,8,28,0.3450540977971147,0.09810789807011919,0.11876089392571697,0.477985345408619,0.22590617923298592,0.11087717445157343,0.08305056882799784,0.4824703108423699,0.36323680545949,0.1868095279356776,0.056914329589803345,0.6673781892359545,0.4792967023900452,0.15396580812696845,0.2498730412208325,0.7601399187939213,0.3783711249046945,0.2079667607339648,0.0747151385451964,0.7141753616277126
A05,8,29,0.3728915129200031,0.10976764916447501,0.1714994259616202,0.5327444793945981,0.17456156630415798,0.1014589535699981,0.011347682876709191,0.32958944742451096,0.4215254801344258,0.21282154281849466,0.10405242341632638,0.657525432777153,0.5304846113231391,0.14925310078940518,0.14839912637595226,0.6945693078253182,0.4845283791852282,0.156772632377093,0.16801192818862049,0.7357811591488286
A05,8,30,0.38187106084536976,0.12239532173145146,0.09307093311927164,0.5128707709566165,0.26572990409493025,0.07120344848497484,0.1183354566093495,0.35166979469955767,0.391252003654449,0.19910406178535614,0.06331092211234038,0.6973878029006846,0.4801025892598201,0.1702717428388343,0.18631303597978893,0.7342244962791897,0.33636310045857576,0.14227106535242337,0.0,0.5094132883066526
A05,8,31,0.3639138473810395,0.10262666514736135,0.19311520516383296,0.5507976344488225,0.17985736906129773,0.10459190102456732,0.0,0.3639670141525974,0.34767203215344133,0.12967342815972763,0.1722460097714511,0.5991018664468003,0.5405413854299306,0.1588169819341734,0.16968323382833286,0.7887528561938504,0.5558029528797006,0.16925872785523483,0.1975890864891879,0.7262196901598418
A05,8,32,0.30734266584308595,0.16374067646811616,0.003354656433977286,0.530647374818986,0.12558286232149352,0.12202442925038656,0.0,0.3301433586228754,0.3923579029590875,0.17540333542904168,0.1547500221490148,0.6575127877134516,0.5311297545728448,0.19128418458061394,0.04110982927139024,0.7344283612915642,0.39004349943329936,0.10929652441780624,0.14503738974639774,0.5500495510644852
A05,8,33,0.3736171061613724,0.12653002128635182,0.18612772826189536,0.5584741604376251,0.2601392430542801,0.16126759734125587,0.034817895485645546,0.6881144941734814,0.35566828739679474,0.24600874272319276,0.0,0.759919837093195,0.5547113107773617,0.12374634477287624,0.21214514482967578,0.7440275144795355,0.4896143523517375,0.1333700237335186,0.22386996151228986,0.709795493252491
A05,8,34,0.37813084238782896,0.10805544940767607,0.2051886763047568,0.5910128255406774,0.2551610307036442,0.19582541112635551,0.04073890141858253,0.713899128498317,0.37071358488006523,0.2187954364810585,0.0,0.6526813046381922,0.5218218653354221,0.166036957859435,0.1514236712283355,0.7705182534105429,0.49143635238995625,0.17302700632377951,0.05192660986344766,0.7414148009263505
A05,8,35,0.34707599575521697,0.13242047851094282,0.09238378371491818,0.5568076426547995,0.21118713347951326,0.13954000165295474,0.04483377496401418,0.5764796295353596,0.38766958168714977,0.2228705110569296,0.028422945501719914,0.7611448241696923,0.52227106925998,0.14629224312940198,0.23682848118847197,0.8182053262371848,0.475836506395457,0.11022658761302136,0.26307355965433005,0.6592390918481484
A05,8,36,0.3353857534849381,0.17375176090339775,0.05401450866906481,0.5777803646549591,0.1660225909857136,0.13542678831541308,0.0,0.43531275982434375,0.48006571047182084,0.18739740665098129,0.1883125637253018,0.8090117575655075,0.4736030801842272,0.19754443308619396,0.02055013094372693,0.7416391240917156,0.5261725903815946,0.13910539377431114,0.27423174594519223,0.7151823461131726
A05,8,37,0.3949390685527652,0.10972590576986471,0.11899670289164914,0.5277448602565332,0.2672264924324298,0.14492632288072335,0.05137398653626092,0.5082596101004515,0.48911018212636426,0.14007904558213827,0.21624036250830866,0.6330849602187245,0.46860667077429347,0.17658680130237528,0.08313096977132761,0.7222880010876309,0.3970089223499695,0.10757840198666753,0.19138834398993518,0.5827487764727067
A05,8,38,0.36745897348010376,0.13657687719694458,0.11869889423800169,0.6356012806137784,0.2720231577094479,0.204109826014818,0.0816953374112238,0.7398699997099291,0.38411509581763614,0.22879439050197745,0.039742660701291226,0.7252287314128703,0.4222485016937693,0.13803506169285495,0.10966800396315952,0.594008251936946,0.48454853254859337,0.17179059582548464,0.1805561946356209,0.7199926368401757
A05,8,39,0.4019428378619066,0.07248230920918514,0.2876526742524549,0.5427924439033621,0.22837468525293012,0.11742861906186113,0.03777320986631801,0.38140140864791483,0.38945600956292825,0.17985663429946894,0.031267028181618625,0.7195305436089485,0.5974587446889743,0.1030337254606646,0.3862868577711633,0.7490469573959438,0.46559079295480377,0.17052720284254835,0.09833566765533894,0.6850741402594942
A05,8,40,0.3750307733568808,0.14244126077210237,0.08169198873903882,0.550194087129529,0.10584310732915737,0.09256935618879267,0.0,0.2769232315572218,0.32964730380779084,0.2821784500183624,0.0,0.7835805866676677,0.5816776255167755,0.11563942186601367,0.3656635908877735,0.7299176126239934,0.5595840477763384,0.11237687771460685,0.3094937716114584,0.7499343652558789
A05,8,41,0.3576860191669392,0.1229898474032564,0.13868593574014298,0.563794604415197,0.15582471722016467,0.09429478965977077,0.0,0.3215042120311921,0.4386929150250159,0.19458204942296978,0.03537195986083143,0.6551944359552346,0.4656926609399792,0.1634267642290534,0.21240408682059858,0.7351070636359144,0.43656707953214285,0.17913629052440294,0.04585177438561795,0.7195511852463538
A05,8,42,0.35433073258769654,0.104165776132938,0.152044089168182,0.5192019839513751,0.2096152724649557,0.11965850921680256,0.016408583003158998,0.3770400143318658,0.3572018032571547,0.19642082730314486,0.0338784291715869,0.6896673510829977,0.4146871134278689,0.17627239338075884,0.07877669085064375,0.7126353541124543,0.4405994985876486,0.15671359825269465,0.07115378015056602,0.6566345916545439
A05,8,43,0.43014244927065126,0.08471659658367717,0.27267634010327696,0.5715720366934625,0.2808715850641337,0.11651722372199064,0.08323574012664495,0.45345981032438415,0.42808014195207383,0.2053841182850146,0.008321796530132495,0.7194444901808658,0.6360392947986638,0.08386020260323347,0.44972482294449817,0.7729271957227395,0.4325497868097243,0.2158271603538591,0.0005161266603461564,0.6773806940966652
A05,8,44,0.3315879146731421,0.07933005872956927,0.24632874398605972,0.47439212965949423,0.14002753929849085,0.13711015743183005,0.0,0.3800930220215978,0.37272273588576904,0.11653455963633966,0.23749140024537294,0.6465899801925122,0.5103465965873953,0.11443008402114692,0.3559465869401432,0.7384479009692078,0.30794162809517034,0.17738339282009563,0.010600807643124845,0.6245083624374915
A05,8,45,0.3972228852233323,0.10213369710639156,0.2037889804450863,0.5522791583738763,0.22548484592250626,0.23112444211498342,0.0,0.7179275044792808,0.4682764218340033,0.1424276661004811,0.12211241202877991,0.7245963596303377,0.5454743567779092,0.1303815868484126,0.3237003854951812,0.7678704527233637,0.5041556360735177,0.17002440931830454,0.14236722180834446,0.7412235561002926
A05,8,46,0.32662394235235936,0.14989915403650392,0.012771646814300366,0.5783498341212645,0.2074364690065134,0.12875760610331966,0.0,0.432285991407551,0.3606374371734124,0.21751939555637123,0.0038353098800817387,0.7678588457632801,0.47002718838128854,0.18921403447310664,0.0,0.7377845047014279,0.4355787279541579,0.1577780288330214,0.13406961236916268,0.695797606729605
A05,8,47,0.3160784666184949,0.1104155129827237,0.0656687038883091,0.4590245078944267,0.16990390857045445,0.13290104900945018,0.0,0.43300973584611363,0.2808348242066197,0.1395105133308654,0.034303912118916716,0.5070245319096464,0.4841081208215912,0.1626664692088811,0.20031994040980625,0.7040793984689826,0.4720918567135985,0.11088799656636207,0.21981314419383594,0.6272139153892425
A05,8,48,0.3586840155764713,0.11530712400880797,0.14616068039798616,0.5524463876864006,0.19767175112460242,0.18004503268239364,0.002693164870581006,0.534578535145994,0.4973878546053199,0.11790212720855843,0.25438166827421355,0.678624252931718,0.5663063821977333,0.1014362496591293,0.3663622962297813,0.698941480313794,0.39313410641014496,0.24773955612476303,0.0,0.6914634289631383
A06,3,1,0.23623207090842693,0.1630687843206616,0.021012327925201833,0.46800098104344157,0.32175477434505834,0.19758914690120688,0.0,0.5927477624116274,0.2054980442056059,0.19475716414852773,0.0,0.5481984714945056,0.27666745740099796,0.18363487393520717,0.0,0.5809260797233101,0.3623293011855115,0.19176740598312125,0.022653937387306096,0.7765357153263891
A06,3,2,0.22085507103078064,0.15378130643593965,0.029306443610500547,0.4895526351885908,0.2805544262267599,0.22330166069561067,0.0,0.5937119588447224,0.1876718501775994,0.18922878208335292,0.0,0.5787686616771074,0.33957358707273305,0.13524303706818833,0.053987294086605665,0.557420561353524,0.21433708862330617,0.18088995810666092,0.0,0.5635083728978163
A06,3,3,0.24459606344026566,0.14682671448801676,0.0,0.42067596875520424,0.2993088355317425,0.1715556678909681,0.0,0.5011266795900507,0.16904996917727638,0.17135709929454027,0.0,0.5428042784061662,0.3360558248474755,0.1335755930731851,0.0529648485746982,0.5351869971688838,0.4959996863669505,0.1425201158348665,0.18218018572622244,0.6788721474589277
A06,3,4,0.23075180852400906,0.19987566817888414,0.0,0.6283481793115141,0.25138266643968776,0.23091063562016037,0.0,0.7962200126439304,0.23924504721178702,0.23472437495754803,0.0,0.6987367505589812,0.257896521401142,0.15514462389111366,0.019066251007116168,0.5589101453349467,0.4960515122278881,0.15086456762526557,0.15618005405638888,0.6970609481612513
A06,3,6,0.318460893590438,0.10626002299384758,0.13730405453959957,0.43857141147885603,0.45745538552393317,0.136530728351934,0.10938300537259564,0.7536525058563416,0.28343323179165564,0.16416294231539685,0.012006224721317642,0.4904223910120809,0.24236177708112314,0.1420658227571256,0.06797777316849343,0.5290340333265833,0.2801210334645836,0.19650573940208615,0.001893155960004611,0.6261890991285847
A06,3,7,0.29753114086237886,0.1369060305645428,0.04799327726602382,0.4187518347290454,0.29908458149784767,0.17745000804972713,0.0060874257941402965,0.495234070036007,0.4103258234268915,0.19318314849201326,0.030607714700591458,0.7342499995608753,0.20679587574233205,0.19220977681897491,0.0,0.4778194522532909,0.39992684093473374,0.19637369726976292,0.07896818179418877,0.7456559663971586
A06,3,8,0.3385317450185908,0.13434899573892842,0.04269724007932512,0.5725104407275455,0.35408958858124356,0.19067900971434912,0.014396231673969877,0.6127804920192262,0.3801733507542513,0.1713760236856291,0.10035249443155926,0.6320387133189972,0.28602003639188245,0.18434557051240832,0.02909272823391326,0.6177998422520554,0.3067682904972426,0.1761990114410693,0.07083986287311228,0.6697769066295322
A06,3,9,0.32413295759701677,0.1110370736948186,0.14370270128043577,0.5064193431103546,0.37333438560361254,0.17380111829482278,0.03195873721206916,0.6174483207665028,0.2935343289932245,0.17414827338074815,0.026163161767266328,0.575198195429065,0.4553703428236663,0.09612340651068793,0.2708408590639637,0.6227738377071818,0.3367183498464233,0.14005321201159215,0.1061786227538001,0.5601042118787461
A06,3,10,0.1780658078763197,0.10108519781869889,0.013006235350790136,0.3556408053371659,0.2558520735619997,0.18529422104914622,0.0,0.5976990502916869,0.1533121187108923,0.09352221827538258,0.0,0.2792707743558225,0.2392818764226741,0.12870859920792724,0.06605302552713822,0.43523915574056626,0.40388673163090183,0.13151887293565934,0.10705219704564695,0.5554618465098421
A06,3,11,0.2715084268834219,0.14231396053709092,0.09570597847730808,0.5252721150411844,0.31100045944644433,0.15891925896697154,0.06658117217311801,0.6503163757256577,0.33005630111332224,0.15666398981198934,0.08737943234019621,0.5673817429617313,0.17973789934877463,0.16248014378861378,0.020534364774121534,0.5649631215743233,0.31294933353513105,0.260966334530882,0.0,0.7639076555777635
A06,3,12,0.23681578295041225,0.10863097391570241,0.08774627744228784,0.39823970209901877,0.20418940844151606,0.1567384370085315,0.009005900618213254,0.505543706697966,0.21496383749705547,0.11244851160516253,0.0,0.3683101964499244,0.3861498886982579,0.17686560084995848,0.018476429425038705,0.6662479845412557,0.3650417633769095,0.19686671726283372,0.027473170143713883,0.756954467430458
A06,3,13,0.2754813768044125,0.12480288058536149,0.06896663685365712,0.5052702408711945,0.3604787940516844,0.15541252810611836,0.0,0.5371525723827469,0.22971392924947925,0.14557023865301777,0.04543686411879463,0.4349983673793863,0.2722106659637045,0.17460867602793922,0.04679064169006984,0.5415101872832117,0.4005066199333352,0.2027147956730646,0.0633292611351174,0.6504351760114797
A06,3,14,0.33137168046201576,0.1967424001853765,0.0,0.6211804578450248,0.3119864979963267,0.23910599239051425,0.0,0.6557119225094495,0.3358750986081907,0.23716827921012393,0.004070773260254084,0.6701429597305646,0.3102213678274068,0.15308488614191765,0.0,0.506851314032624,0.2994447272763495,0.21562078708820506,0.07328306616864244,0.7317142379472515
A06,3,15,0.18496903371410484,0.10923924979913892,0.004241809882565918,0.35671364721020904,0.24462116985166527,0.1029059003504117,0.0876772337349935,0.3772706057162155,0.16263975405591577,0.1432536268371302,0.0,0.4356258506525891,0.24934543584912813,0.1676277008970291,0.0,0.5018259293405445,0.19553067806458088,0.16306630787460613,0.0,0.5220987871052493
A06,3,16,0.1830195615240398,0.13690078197094915,0.0190295639390675,0.4293877664229145,0.07977698995776716,0.09550477864641772,0.0,0.33304369527227473,0.36947609888549315,0.21995211834764095,0.07109735949022403,0.7773130598625018,0.2434076318273371,0.1200047057130418,0.021849252312265897,0.4288959903052461,0.3717657249165125,0.20442293841915288,0.019604495518225074,0.6666783688717757
A06,3,17,0.21506179428692798,0.18427755276750463,0.0,0.5544862932896865,0.27249572804567035,0.3011394155828078,0.0,0.812108827567063,0.21769466604198567,0.10697574622238679,0.05061551263807954,0.40100009975855283,0.26976928946688833,0.15235127159181977,0.0,0.5070814777146945,0.2508013549282538,0.19753114181824988,0.0,0.556612537964363
A06,3,18,0.24194914390260325,0.11627947730474318,0.027420764065027897,0.4994229092808598,0.27404405977856994,0.24049350803213546,0.0,0.7040057501585026,0.3190140970498644,0.1466214408239498,0.01568763624375307,0.5448185526196216,0.32017592814899554,0.1198276107884394,0.04547216708652032,0.5132175481158113,0.30583802176276725,0.18694413216356548,0.06712328651870147,0.6803983390513263
A06,3,19,0.23996866357677687,0.1231683597838294,0.023370461597521906,0.4027197885014161,0.22450263771799722,0.20236340372301845,0.0,0.5757610845770597,0.319727270783762,0.175816924316776,0.026495117699334086,0.7004790340667056,0.2472320059030016,0.18374643280600947,0.02397807203126956,0.6094344835790536,0.4203430695466158,0.14290615243647614,0.0723371544712909,0.6580104174465908
A06,3,21,0.30393601273016263,0.12869703533071286,0.08842801773684386,0.4887625811835593,0.39499415732478727,0.21270803277049666,0.0190823995224026,0.6289075998833523,0.2332811907877232,0.14720529396558835,0.0,0.3983607040916849,0.17234857704434609,0.11934275164259656,0.02360797564039812,0.37510620103929354,0.325097298459787,0.18967744891604926,0.03329849400781448,0.6170585271251002
A06,3,22,0.29633436839408767,0.10039912330981365,0.07428606707480281,0.43725254345511555,0.3161259335213676,0.19306150425292867,0.0,0.5628440697207697,0.26093802031738256,0.1818226775212138,0.0,0.6319406397725136,0.3170787546706247,0.16126994119861535,0.0010363827089666339,0.5734377617371296,0.2681082971929871,0.16432973689689645,0.0,0.5551311492571815
A06,3,23,0.28789364397910283,0.10836743655220894,0.04206722261151837,0.42000597767285186,0.28200855876358843,0.2016732013030198,0.037548183851515336,0.6240427153232925,0.3620631783239688,0.1565872687344431,0.10962935023420498,0.6278110694526274,0.30117416755112886,0.14888002145301352,0.0024942877085597503,0.49002323316629937,0.2658333640227476,0.23185068316309582,0.0,0.6543742059438421
A06,3,24,0.2991947354088979,0.171812141359951,0.009690173157781725,0.6099121863174644,0.3673049572407814,0.22096346419493562,0.0,0.7731647383758142,0.2910325163794411,0.16444263185409053,0.020051676092310147,0.49658516954578186,0.23309184050267476,0.13181756212378654,0.06789629033494361,0.4969677632053724,0.453978592273412,0.15450547783521779,0.1667775996044542,0.7475446119340852
A06,3,25,0.3218388342186887,0.1563012396940786,0.009619972018722032,0.5659666696019433,0.3995154095218856,0.20116009506013216,0.030246339238951783,0.6623990860125921,0.3876702078748,0.16883253385619634,0.14826573182766883,0.6477158355897158,0.2515349931491977,0.14025927997495283,0.0436930150014631,0.47684358362081236,0.3033316428292704,0.1967554455535974,0.0277397609872316,0.5786792334795768
A06,3,26,0.20287000164784733,0.1278099064430887,0.0022943949212111325,0.41952716256576394,0.25943284078822704,0.23829029197366391,0.0,0.6501744513775539,0.20093178970805337,0.16926477336097742,0.0,0.5269477516190985,0.30876261498206736,0.11422610726589169,0.16056497734801603,0.598258985951074,0.33082574813122495,0.14463004255933964,0.0662141968394983,0.5249716616474299
A06,3,27,0.23247076093000343,0.13293818081232936,0.0,0.43939642450591104,0.2959669691935363,0.18058104422228885,0.003972270399342496,0.602628190783711,0.18972919777434816,0.15020523286068022,0.0,0.4474637061898621,0.3321034728537156,0.09988206644407371,0.14678363097263342,0.5425016885732071,0.3764661476192193,0.15280606747871228,0.06951231426093597,0.6702074380670441
A06,3,28,0.23203544469622447,0.17143611336540399,0.0054840879341828365,0.540603638042055,0.20084981972357915,0.18995296570056355,0.0,0.5999996357072864,0.3648500107887881,0.24351433439213496,0.008722001799506583,0.6862132885736122,0.26497914207326523,0.14670032874936548,0.05392829859678989,0.5707905624883213,0.38275978467414346,0.25862346204563447,0.0,0.7036925094233855
A06,3,29,0.3297336399444204,0.14608980450722023,0.04955106193592816,0.5835275748116218,0.2454681378467831,0.15934096303652545,0.0,0.5154767680227049,0.32107153853896786,0.16903542346294045,0.008057028519657696,0.5824707247180118,0.33350579732675173,0.15770941850298265,0.0647722453242979,0.6598468172945168,0.41753214452873055,0.18514226214230542,0.018978686034385208,0.6878807809459792
A06,3,30,0.14970130382976074,0.11652752603758536,0.0,0.3591617007442364,0.22771798598730605,0.2176495009837633,0.0,0.7814062199008859,0.1780837399376051,0.15205387425644887,0.0,0.41858268424570794,0.14206302960524905,0.11668710673433279,0.0,0.3339420505702813,0.26991942339315345,0.2892201299361833,0.0,0.7968251538434429
A06,3,31,0.21138183971386393,0.127720732491465,0.0,0.45107964797869193,0.15552221933513302,0.14371210316438796,0.0,0.4724642505552161,0.36328488718782564,0.11049068426548675,0.04224130840998819,0.49759319800373564,0.25574765659585574,0.2015182871040168,0.0,0.6877861586325399,0.19181439713094633,0.1733554224615271,0.0,0.5098534681501296
A06,3,33,0.23925128798811274,0.12462491377417514,0.03759165951996898,0.4743424193465077,0.32585528760912036,0.1734216947761177,0.02066482658762368,0.6207518644874035,0.1676108984582096,0.1471431681725946,0.01516349959553333,0.47804336619500276,0.33991693551289237,0.13303969268889287,0.09129923411247465,0.4887945788518427,0.4033268827274916,0.14451148899121344,0.18999859300524408,0.6383452144124871
A06,3,34,0.18771434888730426,0.11060299475155498,0.044092398623322926,0.458229259717287,0.172305852963086,0.10635629883546727,0.0,0.36472570431519663,0.19612915261411726,0.12563032229833956,0.0,0.4928508201701924,0.25890217161106555,0.1920974648111123,0.0,0.5339411853680494,0.17615004625303848,0.1403319426814153,0.0,0.4137380220983205
A06,3,35,0.4290486512417129,0.07684158485179658,0.3103641855966125,0.564091415665197,0.39663235363169025,0.21378473324454586,0.05353718457202784,0.7713694286847436,0.4485421550296218,0.1946456350771765,0.05706360605485745,0.7946632097778412,0.4797844459623202,0.09259426961261531,0.3196274350153783,0.6079218274141961,0.2912481366850077,0.1644815401483317,0.08493179079313322,0.5458242472911693
A06,3,36,0.25186378540030835,0.1400504719860931,0.024400005559031213,0.5782789168982925,0.24034441243204974,0.19085245362077505,0.0,0.6467842366629771,0.3758989645184023,0.20944730147070229,0.026252516739906775,0.7385918375300449,0.2460738856037418,0.17257119735154017,0.003942703642600076,0.5145938597738842,0.3772009211383261,0.1570493674167035,0.11031708922018116,0.6609791971656833
A06,3,37,0.22165046843031594,0.11401240836108532,0.04112418286574545,0.44815836446101376,0.14795517125290983,0.12906126816149785,0.0,0.43312096576169967,0.30923729286719287,0.1527692564448053,0.06442066669940626,0.6900884428013008,0.31298176933484795,0.13469871106299097,0.11483064019149877,0.578397670034635,0.34305625505263465,0.20358552771178495,0.0,0.68346806221848
A06,3,38,0.213298493176073,0.10768426045272722,0.02159643371813475,0.4173495692620536,0.28501559914402036,0.24198584900162037,0.0,0.7425891234006733,0.17938463315778294,0.14937664711982399,0.0,0.3923882688246923,0.3230678097019695,0.11331927953033578,0.12822442088090075,0.5149122769223579,0.4229045419539136,0.1754257880062025,0.04824284820692678,0.6409774544475414
A06,3,39,0.2908812084966318,0.14691995267455976,0.0,0.591795526242512,0.3402789550719062,0.18566165313905209,0.046121309738813725,0.6215270762356796,0.3703696084265109,0.1511774334541044,0.15644653770685052,0.6691704510761655,0.2728244292782737,0.14850084352825815,0.0,0.5531519058838049,0.31142755651213666,0.1888755615832361,0.0,0.5630006960832702
A06,3,40,0.20506012677579089,0.10948363273291509,0.07305049872596481,0.4396125277861839,0.3435394243554532,0.15574464548720982,0.12133544279578369,0.6790404539283577,0.17848309188126343,0.194553022147827,0.005422180646946916,0.6492051175549644,0.24617174728898636,0.15099362999627391,0.01090204802523677,0.4172490729236272,0.4562489952292771,0.18364866536205782,0.19503047410460947,0.7231714473824236
A06,3,41,0.29695700668617436,0.16794278950671293,0.04504583862033689,0.6185394729864349,0.285018956268475,0.22375554279039778,0.0,0.7317527523332181,0.38212104326043744,0.21647608929134135,0.0,0.6667780762230192,0.3248488370519287,0.13508057380337485,0.0,0.5147582555860348,0.3863783860733882,0.21822918803238708,0.0,0.6933613114462466
A06,3,45,0.1999347240509801,0.1346196043250129,0.0,0.45405513419720034,0.235207773876713,0.21807603681421114,0.0,0.5569350753604768,0.2280357462340471,0.1786456721407245,0.0,0.5890166168853651,0.2634872794398729,0.17302675970790496,0.0,0.5549085221340738,0.31151935673866354,0.23075051251142303,0.02339205519618213,0.7852639359580174
A06,3,47,0.24179050412345612,0.1772142054139403,0.03127045272134721,0.5857835488384816,0.27759055263240445,0.2558151477129188,0.013634521783964832,0.6860851446845854,0.2058973979017478,0.14555497349545682,0.0,0.499576549912696,0.28266040533164544,0.12582720948205794,0.0,0.46075065231703777,0.503286697981951,0.17780380461815232,0.25224287078229224,0.8071145663534907
A06,4,2,0.16033607126667038,0.1405848390517635,0.0,0.39599789507578725,0.24693816434665142,0.1902036707235332,0.0,0.5836848420274743,0.24101685560487832,0.17445010309260395,0.0,0.5396430654300128,0.08919888397252382,0.10685376603973874,0.0,0.32402539667882807,0.28752856991594744,0.19859534152619354,0.003234130477417591,0.6570737440455671
A06,4,3,0.23567297653352112,0.11120873402445179,0.04158387275870685,0.446048338587179,0.3030454513612492,0.13736417105276585,0.08161551214671517,0.5341975609859665,0.23131222044182112,0.14198978370872212,0.014827612538180292,0.6268680172297544,0.19958840580774256,0.12892240676210043,0.005414355383431316,0.40001675357846267,0.23248833131791974,0.21513640673690407,0.025450835873221025,0.732629149342542
A06,4,4,0.2684336340411228,0.1321977127792893,0.041880593188624866,0.5157165720467589,0.26131395880385483,0.15763931745097523,0.0,0.5014574868279424,0.34490876264275716,0.22850481160478073,0.07168843569174106,0.7446663114162265,0.2137783901325461,0.16812804531164052,0.0,0.5418128141208938,0.26674223111944173,0.16748416837630145,0.004583657759386739,0.5446242588997113
A06,4,5,0.2665069908969531,0.1190538693612081,0.020634528781532397,0.429592654656341,0.2616597167079625,0.15936044283871803,0.0,0.5364052467041948,0.2948418143016853,0.20375888276391219,0.0030169257209228728,0.6224838019723034,0.22556709565962238,0.12855315730873365,0.04903894114971801,0.4688544720449442,0.2432912926739751,0.14279098382717006,0.02463448893972799,0.49606447616049226
A06,4,8,0.18795505920708722,0.10099592972104307,0.03168573648826645,0.3750223500235071,0.24056546079757007,0.1712215421702258,0.031430030467374435,0.651122870762032,0.22676926580621073,0.15499682439554818,0.0021146614028422217,0.509644642999494,0.14008948658713755,0.11118680400643659,0.0,0.3758996810826107,0.1672185892674713,0.15697727317266696,0.0,0.4420375882178192
A06,4,9,0.23934534505962674,0.166461440559413,0.012003724623499443,0.6560760380375363,0.20700444416591363,0.2281901024946616,0.0,0.7631147986478225,0.3585870114359089,0.1468288181514642,0.08235462948149533,0.638509401784746,0.2301568791581822,0.19796182296452966,0.0033196467117692246,0.5229124196071689,0.11142854832750783,0.16104460903860626,0.0,0.5314511355534267
A06,4,10,0.2680871838725832,0.12948725948999165,0.01205380919494438,0.5199826525062088,0.3043864132118096,0.1614977935794876,0.00458008546896422,0.5222607343784091,0.3267471312312659,0.21075191533877824,0.0,0.72945408864024,0.22344968367784282,0.09431279527873816,0.10534378472123714,0.43728615428817674,0.19007113380487242,0.11446130946407444,0.0030565581334132596,0.4093344474129224
A06,4,11,0.19073566488971228,0.16341811695748282,0.0,0.5835084763002506,0.1533589191714708,0.11893064846540972,0.002573672657264365,0.444906008415565,0.3042378979610604,0.2530599267055948,0.0,0.7476834795903261,0.2233210451327926,0.17321294834036638,0.0,0.5432175133035774,0.1268863418567642,0.15694243229017285,0.0,0.4209329588160252
A06,4,12,0.26524160424296406,0.12230613293275311,0.041882290895850195,0.5329787935967186,0.40354814809599254,0.16271104652851673,0.07757870383862624,0.6755123472140976,0.21223903183587736,0.16655626581041535,0.0,0.5788731840580262,0.19770614265039485,0.10130794790543321,0.0,0.3175768156803097,0.14990540702857105,0.1648059393321233,0.0,0.5784580455980503
A06,4,13,0.15172648275169964,0.07216283419031982,0.03480890675282893,0.28319801336443434,0.2993613714888295,0.13066258506769693,0.015612913756265627,0.4562297247055147,0.1234777744813909,0.10780807156773625,0.0,0.3049801808517593,0.14422851668239284,0.11531441337378072,0.0018435996059806836,0.339187735000755,0.16698861074471913,0.21414769411108808,0.0,0.5786638853888885
A06,4,14,0.21154074362192324,0.13839581553033514,0.047943194090136095,0.501150922318112,0.3145297051496193,0.21427745216460614,0.040697672020769717,0.7161714865596854,0.20475400571351723,0.110008887571141,0.0,0.42920282615659977,0.1363278554942144,0.11952587909741486,0.0,0.36825664618434867,0.15007327412365426,0.15448062728725126,0.0,0.5147533844140219
A06,4,15,0.27725502792079076,0.15096889539603267,0.02062898910063685,0.547341873748368,0.25522200073068374,0.19363556280078426,0.03215464320528205,0.7259644483151041,0.32404904635007753,0.19920374650853592,0.0,0.7026789545260844,0.26125004343894487,0.14110677626165363,0.01724876628800601,0.49462491466435193,0.18017663353804508,0.1578912103870152,0.0,0.41175969865768364
A06,4,16,0.20961373547836532,0.12895080221530758,0.020839137295438386,0.44514437385445754,0.1891088732441468,0.22187663294809612,0.0,0.6018212296270097,0.3784637922532897,0.18421425116471127,0.015664408151145972,0.6783625196753512,0.10887698709466775,0.09936049468726088,0.0,0.3294355726411916,0.1827934416261903,0.16576588174509113,0.0,0.5456338782046708
A06,4,17,0.3145645837430212,0.16529140394820957,0.09042462843152424,0.6540797341153476,0.36605561867418207,0.252714300616837,0.0,0.8762511205128555,0.2891766377366818,0.13292363132054646,0.0,0.5050125019094743,0.2135504268493205,0.17046814643075175,0.0,0.5498287281978917,0.08007916800133962,0.07971139226559247,0.0,0.2339954636193416
A06,4,19,0.19558807324232821,0.12590659108336227,0.027007184876854082,0.37260497426321076,0.29970502032320984,0.23239712150189223,0.0,0.7424633791566881,0.2789419853325921,0.11048719151432491,0.042143406360304336,0.4110242979622289,0.11023556087788768,0.08353714380745846,0.0,0.24771097823831403,0.14791528451327834,0.19575989661451637,0.0,0.6053102374334075
A06,4,21,0.21967874479757882,0.10888156009880742,0.0665408267189855,0.4498443817797549,0.2399299524724986,0.19567256829462618,0.0,0.6324810552480329,0.24548622646132326,0.16213495884946227,0.010763113760823697,0.5756171749701205,0.20995224682841504,0.12719790701092326,0.0,0.39914015976602363,0.24118234723509702,0.20136679310574632,0.0,0.6657493931127945
A06,4,23,0.26277636641427315,0.1560357729128834,0.020818346424131415,0.4840593740426305,0.33848992237734643,0.15467343763353028,0.047535723114477256,0.599312734348788,0.3168556934037777,0.17239980999226984,0.06203034378740698,0.5961082364545877,0.2599002137579295,0.20537104598860523,0.0,0.612157879462602,0.13220969125246412,0.0895275842559884,0.0,0.3102987634914238
A06,4,24,0.23184195046154113,0.14019655205365716,0.04116149014481189,0.5102478317810963,0.34170354804757497,0.18252574613032263,0.09404540756356802,0.6582065954630716,0.19716463892092148,0.16946901758166827,0.0,0.5033787341040733,0.21594369715460085,0.13661959488699324,0.06004502747961742,0.5055812794049935,0.269818793883446,0.14504966326858657,0.032589566226493054,0.5076452932687009
A06,4,25,0.27829418018008484,0.13365551654918814,0.058663718967852926,0.5156077969480812,0.30152409970928784,0.21035544604593623,0.0,0.6590589454910739,0.31393831682712586,0.12023858650139185,0.09788552270747633,0.5210810668416961,0.265995948523203,0.11054187306811236,0.08287954437620275,0.48424138805942574,0.16691797624272714,0.1676898442360691,0.0,0.6317267436425535
A06,4,26,0.2902582770434664,0.08909335766988824,0.14959462059959114,0.4222259698234484,0.40525626251014285,0.20068707850611192,7.884204549689157e-05,0.6431200958353424,0.27113747591852333,0.19113488743580806,0.0,0.610284098721128,0.18480318521327443,0.10745254100797513,0.003470621471880867,0.3730071729105164,0.17064685171453117,0.1962797489837764,0.0,0.6649027614984521
A06,4,27,0.22127317455651127,0.11035876225692766,0.08370610021483256,0.42360747918765507,0.19359482313813398,0.16013925685801392,0.007373802246487061,0.44764294241551766,0.23789240183071791,0.14637741868149814,0.03010334742232284,0.551724214433012,0.24885974284589618,0.1424191504128089,0.03032773990190507,0.5347523320730926,0.1482613846762481,0.13092321406938456,0.0,0.36491213935586597
A06,4,31,0.23438032381482726,0.10067706733222427,0.05990769964448983,0.3581753602837394,0.23622568514112094,0.15121533589872957,0.00237654355419822,0.45028959457570766,0.29070159373523835,0.1277045717644817,0.034754831562583445,0.5024243278917269,0.30787436535621165,0.14776009628337758,0.017290779112325,0.537095617721253,0.305519564060849,0.14590411791871824,0.09325771585078678,0.5524665978342667
A06,4,32,0.23989920513123594,0.1205303262619139,0.062103821247409506,0.47279631891464907,0.28079900135385444,0.1741227396294774,0.0,0.5835546075376922,0.19541721375214247,0.1434312881456907,0.0,0.4879313989523682,0.28831009093566473,0.2032523292371943,0.022722316751113088,0.5907298520759147,0.33439674315473356,0.18727732612318698,0.08300416726560782,0.684791790491324
A06,4,36,0.34487653543261476,0.1233858087861264,0.07205949836319078,0.4951935160084547,0.2565034850875785,0.1732321752093767,0.0,0.5853837401177705,0.28477186745027777,0.1693813458219865,0.05602104758242166,0.6916142958080389,0.4426624353185351,0.1292760240387156,0.05441954135488706,0.5785888693334404,0.5225464382029913,0.20589603569248754,0.26502887203668174,0.85937034805809
A06,4,37,0.17193660664775112,0.16735298449002747,0.0,0.4600388473272048,0.15182495979211866,0.18214407311721514,0.0,0.6276029657165861,0.18887702846331017,0.23443786756468796,0.0,0.5667332711469305,0.2497054121256718,0.16857031584471083,0.0737702843439952,0.5932722232620365,0.514721283388279,0.1889586381941291,0.012181685532170583,0.7640475289855101
A06,4,41,0.28154464240043275,0.16380432912431214,0.020657734116550603,0.48099685117676627,0.3897807480578928,0.1605793633537165,0.08469496526642396,0.6233632108717907,0.35091626779630236,0.2834340762013855,0.0,0.7270811395437444,0.09208882525136368,0.06261012465953304,0.0,0.17891839849566726,0.226140081949713,0.14884813651019893,0.0,0.4136686942652474
A06,4,42,0.26779361334429436,0.17216728868529965,0.0,0.5208352124213379,0.25411430088367754,0.18744424060466533,0.016796957908581805,0.5305834469815339,0.23408510806922714,0.15846782355597736,0.029407725129910127,0.5781986215343216,0.3222005583399943,0.16466532957244756,0.0,0.5974482936234778,0.4589504352673351,0.18634857259501783,0.0,0.8184378597940188
A06,4,44,0.3640436343232677,0.13635743855642693,0.013414880261589514,0.5091495959271712,0.3495986236062589,0.20209117530989276,0.0,0.6643584761622382,0.42424087297058594,0.15576522355932684,0.21980523090858545,0.7009108063825991,0.25498179847672314,0.1181705480983128,0.09866223482645534,0.4697166054403922,0.4284231609108218,0.1251545475051359,0.22917123186895857,0.6847462444574884
A06,5,2,0.31362774547232886,0.13208757560657067,0.04620604332240411,0.4873356845295008,0.33728677821351627,0.20545614594584646,0.0,0.6137599273574109,0.28538836609480445,0.1910642187204889,0.020434587109720077,0.6549413803925214,0.31829196107988683,0.15331650718434325,0.0342585893181061,0.4831920276480367,0.1997635913218865,0.141031717443947,0.0,0.42094016967943226
A06,5,3,0.22673011092439393,0.15932001680481397,0.0364726068543317,0.5165497636982925,0.2986158403472353,0.2113569013066335,0.00813999483000619,0.6465336656387165,0.32018012342935315,0.200510527734763,0.003737206455922713,0.6779048798922381,0.12023763784111106,0.12081433989086583,0.0,0.35997232051698563,0.08872628039530288,0.08118273142310617,0.0,0.26287203313904467
A06,5,4,0.17162772356621467,0.13324703237469787,0.0,0.37497493343868216,0.23240848869502898,0.23065573458451538,0.0,0.6065230417041513,0.28083988842036334,0.18985924166893337,0.0,0.5667901502892132,0.12224283514269957,0.1033471572211751,0.0,0.3215540537298642,0.15462087450747755,0.1481189158056417,0.0,0.4157312087088884
A06,5,5,0.26207482355353684,0.14038574748928037,0.06975913550828959,0.5482807832244011,0.39793070155537685,0.1653687580655263,0.027282244928636686,0.5897040066996598,0.2649352303258748,0.18827058023405308,0.08542407223538508,0.6371594696783379,0.21847083155942393,0.0958026684003383,0.06973748232127154,0.3418440300601328,0.24854485069611781,0.1676578969980572,0.009561305401386142,0.5259871464484377
A06,5,6,0.20785372462937657,0.15556014214686184,0.017512247003364383,0.4742768994499308,0.32557181575771504,0.23111143833694178,0.03936734873616066,0.7407716678149777,0.24500713419873232,0.18698395277116575,0.005491425883974872,0.5297638101843721,0.14177233096525196,0.10336320734698853,0.014613996245312313,0.3046018672320435,0.1614611351345188,0.16790203998642192,0.0,0.4652150305930472
A06,5,7,0.21583141453065358,0.13012551842473102,0.021790748984548802,0.40325467155625094,0.26726667119265535,0.23779453806647174,0.0,0.6598345290083055,0.21128603659937334,0.17012820056210157,0.0,0.4801100939537298,0.1394733615063841,0.10211769287729888,0.014078758237658171,0.3136285708037367,0.23369135101475977,0.20805363434214486,0.0,0.5758044644556725
A06,5,8,0.19985295432428288,0.11562478349678555,0.026372202522555566,0.3940470094890701,0.2237897970470971,0.18614129039185037,0.0,0.543989195728102,0.21294541715758838,0.20206558174738248,0.0,0.556588256318988,0.28336947838404775,0.14108404433388477,0.04702432022354698,0.5472106525541276,0.2857120788914825,0.19561432697475983,0.0008057230526827512,0.583564589495891
A06,5,14,0.2943156129858348,0.1192713981712906,0.10577468636076015,0.49629360328104494,0.3242949903591299,0.2085164986442734,0.0,0.6000191044517883,0.3185506371999353,0.11106085833724483,0.08153137147482814,0.4943120177699227,0.24174153297194245,0.14621120142819152,0.0,0.4937797442611586,0.32347870925849415,0.1259461366777602,0.11706770175845528,0.579525640964834
A06,5,15,0.28819721966969813,0.11623982514782304,0.12742896386457278,0.4674508063502545,0.4266347916210506,0.11017963533275926,0.28281866008573153,0.6126488707619389,0.20664189626579518,0.11844738505862203,0.04879801003452484,0.48367708657312297,0.24497176543523674,0.16529484793265237,0.0024901716946390856,0.5365287371359739,0.28082251565678434,0.20606275658934559,0.00996803638470846,0.6085843434882463
A06,5,16,0.2449924483906831,0.1660966281699239,0.0002622034868510838,0.5967806127854762,0.2404173080290078,0.2552947915102021,0.0,0.7175904640102502,0.291380870959794,0.12999289392076907,0.09321977788535603,0.45178552896858004,0.2762604132639277,0.14526388277051477,0.05235081434132013,0.5351089484943664,0.4065224270574114,0.25244047586467344,0.030289801804708954,0.7268124333008664
A06,5,21,0.3343061766039678,0.17669526562325205,0.08932471265130847,0.6280898389129828,0.36011989964741126,0.2622879770399518,0.0,0.8272159935484386,0.27077604474549594,0.1772383113729962,0.08215494312827334,0.6741575258010467,0.3721560332538114,0.16607050617372832,0.12216111655306254,0.6209496928920707,0.36265325392755593,0.1801618249876741,0.012584231431080293,0.6782878282684993
A06,5,22,0.335866828916236,0.14675410981135276,0.11487755561597883,0.5648541583160319,0.2675270848345142,0.23461219716967488,0.0,0.7857625700874168,0.43077002847102447,0.1863115459106387,0.1216566575725638,0.691225222142277,0.3632134232796648,0.13331601472383595,0.13791678613026645,0.5201604857242345,0.2861562238081464,0.271325691356257,0.0,0.7878783124906749
A06,5,23,0.3110855471803715,0.10789711440529058,0.1134372542506912,0.49843096946164694,0.25812862394363817,0.16741518876759,0.03425712880236446,0.5542845779753396,0.2612830404748345,0.1733913548240781,0.0,0.569751281404414,0.3859840881903255,0.20155267776206814,0.17563223983152648,0.6758394801968902,0.5199230596977749,0.1919156835839827,0.002348005747696526,0.7444871658232545
A06,5,24,0.32595350864699896,0.1062600817628348,0.09634900007061728,0.5149735333973209,0.4366526078060478,0.1850991022671925,0.059287063950439624,0.7452179620339916,0.24778915446335842,0.1332305092293846,0.051247780100764063,0.4642777840892977,0.3459185694135266,0.11571387512578717,0.08761370485211362,0.4843200499539754,0.3796470251445327,0.14973090529464905,0.11604848030601264,0.5684210908928607
A06,5,27,0.3515720489168042,0.21527842370389066,0.0,0.7227741507123417,0.46419941050186236,0.2787685149776233,0.0,0.8158090694711165,0.19951777893753897,0.1992723058313929,0.0,0.5373051625406119,0.2764896395174989,0.2248653353306941,0.0,0.6334053950951924,0.41213643526210464,0.2002957168428919,0.0,0.6932604553213293
A06,5,28,0.26912078169024145,0.1103620364731338,0.05171412628067586,0.47197214071792526,0.17470793093807868,0.2235404718625746,0.0,0.608580781060362,0.3206276856182388,0.1413981356505433,0.08084624747156129,0.5744823194533694,0.38818885334455927,0.16291002232502513,0.0625959379248846,0.6534719542587354,0.3771760550578682,0.2250013724393286,0.0,0.8518476441657518
A06,5,31,0.30000573739890923,0.1219964401312299,0.11656481276122237,0.49046584526303316,0.2733085591728743,0.1848916088191937,0.014744666523395076,0.5166189289482476,0.30217695425666297,0.14836779944007064,0.09113784495720169,0.5559394601898384,0.3147275684221481,0.1407545503740241,0.06255878489539038,0.532433888644879,0.38448351329638697,0.2387121825579234,0.0,0.7502930679584369
A06,5,34,0.15146964284539563,0.14877419589507296,0.0,0.519561181478033,0.1300579834107112,0.21132450126393407,0.0,0.6554699485372039,0.22307958022764077,0.13628660111968835,0.0,0.47710193152006386,0.2404185416218089,0.14127850670348444,0.023981794844580073,0.5209638780125505,0.26443648333235886,0.15002301530203827,0.016776252986852654,0.4813559945186806
A06,5,37,0.36031925450870184,0.1726859710587853,0.10795595107485549,0.605760021698794,0.3789689095231566,0.23136620566558314,0.0,0.6923035036422958,0.3467217154712961,0.1657345452498554,0.03537443208060125,0.6307682476277356,0.39105404383980086,0.14548719484073971,0.12300708731781503,0.6749568502960767,0.28590959927688914,0.21917785328582462,0.0,0.7482547162006438
A06,5,38,0.30517332358169436,0.1462802832354328,0.02869459716160578,0.4912318474709055,0.2716163361290737,0.18487584560160755,0.0,0.5469667943836884,0.27824229332021405,0.1672217908790568,0.035931367677101096,0.6365746678176771,0.37112136397548684,0.17052476877080325,0.0331012805420526,0.6432464884251495,0.3968721379268722,0.21612180137627385,0.004315675731802296,0.7176858755869885
A06,5,39,0.32847846179165585,0.1678149218516038,0.03407484780589503,0.6270278658988201,0.3144999892583159,0.20913869851628003,0.0,0.6089628922116275,0.37449012495621886,0.2715181168450672,0.0,0.7669932284251394,0.3603242109937087,0.1432519670897833,0.17092323966464332,0.6646399420433029,0.42908507072295016,0.2452258791970417,0.0,0.6866996854423103
A06,5,42,0.27456002112059635,0.10147587656321035,0.09785926935607317,0.5058870522426124,0.26428270924285524,0.1632452127319238,0.0,0.6393940119549263,0.2509091006586636,0.1425098205141513,0.045591309244549016,0.5159519246606673,0.3145982334326388,0.12712124061819985,0.15638471473909968,0.6024113788836823,0.35548013107743376,0.20151979036832782,0.01277021978160767,0.604003307262776
A06,5,44,0.2182329059118561,0.13041824810853528,0.022316921226706525,0.4161256762654504,0.25621472742115864,0.22230999459291928,0.0,0.6772598980901912,0.2678419933941168,0.16230477068955712,0.02791983905791971,0.5275345955623149,0.2290604019904134,0.14230427273388002,0.04931714933939419,0.4830008270553252,0.2332712954522173,0.1386308285469708,0.07750486450447916,0.49945717276716184
A06,5,45,0.2918453421201956,0.1929791623072812,0.053905754262665924,0.6066335651352764,0.39266656033560204,0.23615347264519568,0.054947058735950294,0.7877775432851897,0.25772216073657306,0.17937762685614295,0.0551955427830253,0.6534451484629156,0.24536054059294973,0.17010100226049749,0.0,0.5564382509402338,0.45199929021905916,0.2427662197414203,0.0,0.7148270562948842
A06,5,47,0.24078561328918582,0.1069440154391626,0.00011495106881791768,0.3981705259856426,0.30035330193830034,0.16780658515906918,0.004684243011596788,0.5203767326005894,0.2386956856815001,0.13992414157259364,0.0,0.4867822177260538,0.2882781418367883,0.13848227166806443,0.03445618469348349,0.5138481710204007,0.32991923124753664,0.16585474597383587,0.017234311286362658,0.5707958374256249
A06,5,48,0.3097618467679971,0.11487877684739797,0.10345658753593767,0.5297699414594508,0.4988768539724511,0.16661276071758027,0.16099695123441288,0.7377386666151354,0.23513431133414123,0.1842959376639994,0.0,0.5136582627755322,0.3976813363927534,0.12267204083026181,0.12886854587262947,0.5370752189781978,0.28263969817149787,0.17617863300388847,0.0,0.5772507262756095
A06,6,2,0.23534762373967652,0.10492768140729891,0.06365168262584613,0.4040854541923889,0.22092453303454446,0.1698624395677609,0.0,0.5650246111032317,0.2509870473724692,0.15426388524681914,0.013284049512764629,0.4852563638520892,0.2665246559867398,0.10153395148143675,0.07615660146738736,0.39258641760990376,0.43797786815263234,0.17213189921044125,0.15437795035447638,0.7072402510324836
A06,6,3,0.32649994241436464,0.154187199109668,0.04960866120130674,0.5521230923533331,0.3005119328340047,0.21436264128759672,0.01667821572598565,0.7039749814790668,0.33412823166284267,0.18705016971383495,0.06528772449623521,0.6273740112557934,0.3729608984111348,0.20740878127623813,0.0,0.6941952962067817,0.25711963140791183,0.14679874764354223,0.03076174775724814,0.4856195380992442
A06,6,4,0.20332769834468709,0.168162755408919,0.0,0.4326272833419996,0.292913546153788,0.2109378448424792,0.0,0.6232362131201973,0.1993671761074403,0.2185787195547311,0.0,0.7277311255353611,0.3189845848096596,0.15032846144749698,0.07951303549267562,0.5336557192833117,0.2659144828799795,0.1804647319404059,0.0,0.5995169041833066
A06,6,6,0.23322738729831013,0.15853006342016987,0.02901755717662946,0.4502185891839701,0.2645401198415321,0.23787866480645822,0.0,0.6780009600262665,0.195056972425324,0.16032240103222006,0.012339028999483375,0.5133241256443257,0.25388805237407175,0.13230243189312474,0.02935254563229967,0.6225115811738571,0.45391512785713706,0.15430552021965557,0.17868841981512354,0.6928503067982473
A06,6,7,0.31974402869744367,0.1286432498874551,0.02402968311140736,0.5235744073685151,0.44938670474098763,0.17988699246794054,0.010170627273217667,0.7168208823345124,0.2598997717353901,0.1166658495510299,0.05325837729038168,0.4425252500531197,0.26493589128361145,0.1520859675244404,0.0016309277533547162,0.5447591897738173,0.21125542877086015,0.19570220583000628,0.0,0.6175782629748662
A06,6,8,0.2168525893008965,0.13291279271387538,0.008719901069131881,0.47837184413159395,0.17454341920343636,0.15312724418129295,0.0,0.475867147980882,0.30362990352845803,0.17345400986258838,0.017027341294852425,0.6116781684646666,0.2725879720432292,0.18040027289554306,0.0,0.5596321091193188,0.22413347694940206,0.1867334553328606,0.015355606689102344,0.5468508578023583
A06,6,9,0.22006105860608768,0.13359941516678717,0.0030439671990557843,0.45567833124610047,0.2888790114507025,0.20426409135875814,0.0,0.5714457990939518,0.20447547499740212,0.13697472053735232,0.0,0.43898449995865185,0.2385545826307032,0.1454189564961576,0.0,0.5596213448411326,0.2394549804675134,0.1555034693470868,0.0,0.4960163959212252
A06,6,10,0.27229146332733645,0.1060329232064625,0.07073695590253719,0.4201404073666844,0.28618779782675824,0.20320357310402923,0.0,0.6455872942006325,0.25940641390752833,0.19635153020451712,0.02083190513093374,0.6055291450444826,0.16046693536640882,0.13052524342264896,0.0,0.42699160059866703,0.38382927346769863,0.25403963033323207,0.0198383085215732,0.723613319488609
A06,6,11,0.23124589256932074,0.11658206480569241,0.016740075075149772,0.40644920840180526,0.29700789235065617,0.18683412885995562,0.05495568505140063,0.5904559181262128,0.2642714540434749,0.15552122952386838,0.0,0.6524764042799343,0.25671381533854,0.16011958806651774,0.03198074369020248,0.5583614749705615,0.26778574745862155,0.16270123853039942,0.02273147961905713,0.6899703433364183
A06,6,12,0.35764003238239367,0.11945264397888282,0.1555138532948384,0.5299686795852068,0.3562474025511854,0.17612321846250867,0.05975822408685457,0.6615246115774519,0.38219804198255497,0.12201316865512157,0.2121323723101272,0.5713088724306333,0.3057112102608046,0.1349822482565279,0.1399084107363198,0.5730864205450226,0.35291220863684547,0.24009078343360782,0.0,0.6947219431143177
A06,6,13,0.2126377822983405,0.1794785295793963,0.024730482643326397,0.5560709514107823,0.27162993891954756,0.2152829732220853,0.0,0.5951447892965571,0.2097729904680571,0.15846765109992342,0.03721073186928365,0.5389623753568271,0.2705229481022108,0.18391569042202432,0.0,0.6181102466014787,0.3964045831888485,0.17739751764583242,0.0,0.5862808320518151
A06,6,14,0.27558247563239285,0.1523143778890748,0.026204799172586397,0.49245021777361925,0.2724747045237349,0.1975292865099455,0.0,0.5845862125058326,0.32294977702704214,0.1419484479291347,0.11765827782912151,0.5447829135762037,0.28301992091213657,0.12524027617081485,0.004809963197998582,0.451147306817001,0.30710009468671395,0.21479477677598124,0.0,0.7520473602498766
A06,6,15,0.3770689611151929,0.1735483480337351,0.04083913570647973,0.6461253650403617,0.30149928852154073,0.22647907921238591,0.0,0.6485167486896586,0.44432097151879396,0.13706754526709522,0.18357164986801205,0.6236117186932318,0.30215527281670695,0.2045424871167384,0.03406360143906954,0.668297834910547,0.28382459707400604,0.21839621824075067,0.0,0.7237443705349115
A06,6,16,0.3334129981915466,0.13473980546316291,0.08140911194596887,0.6095572431136965,0.46561606812128475,0.14020159543634542,0.21990854908087834,0.6949130853727661,0.22921671082799375,0.17369560507821702,0.0035233527369591877,0.5989750989758872,0.21599422727354542,0.11203777172213743,0.04765477019428556,0.41179901180760076,0.26121264724192444,0.16279349419619402,0.06621886296729786,0.574361055522799
A06,6,17,0.18365425658224585,0.10630448770709773,0.032992895301135805,0.3941247742278876,0.17040446581337587,0.140428480634102,0.0,0.442659319133282,0.28260759639612004,0.17950596163354118,0.017663495236056877,0.6132138226793431,0.2313300688150267,0.1409353594432789,0.007234379698117291,0.5242036070477047,0.19657110041834505,0.19518439297099902,0.0,0.6112897394117874
A06,6,18,0.20779750467126323,0.13737570191266413,0.02135525516175953,0.42919027128096554,0.2309235656096119,0.21962161341691258,0.0,0.6208927183238095,0.2560888222751535,0.18169946047073782,0.014191719907736457,0.668745820599681,0.22645431986845138,0.17877936083896576,0.01955280123843019,0.63801976759364,0.36465757729442927,0.14611694078777004,0.05877914328867452,0.6264168378398606
A06,6,19,0.2146808590966131,0.14126849576075376,0.0,0.427479698707682,0.24519571981398408,0.18022436005918696,0.0,0.546489955627591,0.25545950035615966,0.17367472898491684,0.009366818269028345,0.47843897716345596,0.3195072954768412,0.12555904225202236,0.13710183206967866,0.5339411801098992,0.2423950053328294,0.15737867423726776,0.02336590456697261,0.5228641796927015
A06,6,20,0.2616461396052574,0.12875534203092226,0.0032718735253741377,0.437650874502063,0.36948575084134705,0.23560748305491283,0.0,0.695064100418953,0.22622379048459354,0.1624798213036189,0.02482199713068697,0.49444613618950145,0.29832422733602315,0.20115913359657697,0.028050102545323332,0.6352929166816476,0.33881833117609556,0.21718348052513337,0.0,0.6634978695621933
A06,6,21,0.3493563178599138,0.21160945662760164,0.00032608726178670215,0.7211114358988783,0.32042099437103094,0.27798090906175144,0.0,0.7016957155372603,0.44581486663706527,0.2153949520312406,0.11794628066495247,0.7947929218317354,0.42339722593424944,0.12340930219367251,0.16296490206482833,0.6543731638080484,0.4614376049067193,0.22036591543832199,0.13790781515577571,0.8398495830674877
A06,6,22,0.3051579006200324,0.14660912219359823,0.11032098079441754,0.5776776004303414,0.35812205739229863,0.26484839247869196,0.032891384318106516,0.7672591368137448,0.3492108106737906,0.1536868222359226,0.11201559634931975,0.5271381936812677,0.26392870782979205,0.20038642663536468,0.02607725291428239,0.6537314170006117,0.4769624639098463,0.26107580075129805,0.0,0.7933429021540708
A06,6,23,0.18625166347101677,0.11210160734787152,0.01401159032529274,0.3918913713415443,0.16475051216553233,0.13942672632585648,0.0,0.410476452065781,0.21482314885779313,0.15541596899184737,0.0,0.4634714333612888,0.268738892434923,0.12739235067146465,0.03063318997146309,0.45160570008039613,0.2932472896204052,0.2939775453829514,0.0,0.7016516289932785
A06,6,24,0.2781947279944403,0.11436004566812123,0.07998099538463287,0.4347353123121796,0.3901507723568638,0.20913489839778493,0.0,0.6417634930964596,0.1869048922702243,0.15571672543759607,0.0,0.4126209833359336,0.22592180909167403,0.13552602759330526,0.013369439920675059,0.5082572178258028,0.29371171714043265,0.16570305427822782,0.014723213407919631,0.6489465066039048
A06,6,25,0.18988972714126806,0.1104365798343465,0.00833094878745831,0.3720990499161591,0.2319001849519599,0.18488387444335522,0.0,0.5121139539884604,0.2650808343196709,0.12599866392563414,0.02551849254571113,0.4068004407735767,0.21733482652051037,0.16923379070535394,0.0,0.48982091539071076,0.34086986415518805,0.12348424107105521,0.0,0.47474696144501677
A06,6,26,0.29911700954229165,0.13552978920479905,0.04865391075048634,0.49708451611911897,0.4148669444769809,0.18371652946085706,0.055089334396046956,0.7516690244254028,0.2562898936743282,0.21040571972264502,0.015364847833840003,0.7397375452820973,0.25060574251097545,0.1490914238609541,0.07043110752007184,0.5373536806994117,0.38679575868520144,0.19140506403582644,0.04607587945727414,0.6644187124941808
A06,6,27,0.23469167380968192,0.12161882967515142,0.02508761767678231,0.4523107103768503,0.22299593617784302,0.20307258394220296,0.0,0.5582187000458022,0.2857403239704837,0.19360436589685187,0.04417871433670795,0.6181862651628268,0.26072176074524717,0.17533275426761932,0.026645659338118577,0.6091779072354238,0.46184837904144865,0.22450161967122176,0.056870131176898354,0.8070140578334691
A06,6,28,0.2685761529708081,0.16406629219636643,0.0,0.5502859382833089,0.2728360171554777,0.27632768249552114,0.0,0.6874155353871153,0.4214197195545309,0.17010394975634233,0.06280575720256532,0.642087845070703,0.2740059735991839,0.15195796249089763,0.0015061748895723235,0.5587786589933638,0.3171032008598467,0.22178760682262394,0.0,0.604165407704898
A06,6,29,0.2651465179280445,0.11728078807991146,0.07483070278686381,0.4078402489887858,0.39146463982722707,0.2442724245747665,0.02275151193328159,0.7537467404052932,0.27148023847003244,0.15313083525915092,0.006031725383697705,0.5371259113155102,0.14908049797861228,0.09400029034352796,0.011561194531949814,0.2894484303272189,0.26311635618178597,0.19515371147310123,0.0,0.655859887723105
A06,6,30,0.25237678190961843,0.11222435136912332,0.061821148260116976,0.44486591186001323,0.311890081595972,0.17175761438088563,0.13847766394030267,0.585465954295701,0.1459055354729902,0.138958045262717,0.0,0.36230856799998584,0.2793152352136922,0.16678881460650594,0.0,0.5000109064077374,0.19287532954000397,0.17193008876463112,0.0,0.529408270117848
A06,6,31,0.2582966681253349,0.16093806646532627,0.03150767668514455,0.5430751980522958,0.3112325034187913,0.14827545640419185,0.05740640494554404,0.5372747465934051,0.23841352074310013,0.19313621338264042,0.0,0.6492846195797338,0.2962964390981498,0.12425203058323014,0.12699936107359494,0.5757623894505297,0.2490476012531465,0.1852395034338618,0.0,0.5599262625086069
A06,6,32,0.19814789577457712,0.1381567090447351,0.006116102710188254,0.4453124800503776,0.15190515675976865,0.1718199377952886,0.0,0.5253897407222249,0.24971520033586478,0.166986617027266,0.0,0.5732679212073796,0.2738221203500339,0.1694171181395868,0.022468056096667306,0.5210313317522474,0.38811995592370174,0.16369740387967124,0.035250125063784124,0.6400720731217973
A06,6,33,0.13853380640056753,0.11223298013994318,0.0,0.3771771396550874,0.13057713074673982,0.15227256960205435,0.0,0.5859031508194581,0.24727290287087922,0.15084415919545302,0.0005730245830569374,0.5007974752034695,0.1911041628964389,0.13582687566548446,0.02694757884666294,0.4495173609838781,0.34789728384261687,0.18996504860734373,0.05601361800630659,0.673013888652194
A06,6,34,0.16900736522930965,0.11499538372835724,0.0,0.40799264013530123,0.22110606536450314,0.16274636840446766,0.0059069894191722105,0.5185227215600313,0.23885792643088966,0.1144243603148708,0.0,0.38646430048241237,0.17131719810701246,0.16492537309919925,0.0,0.4509815920102942,0.3215375294273557,0.22036573769131748,0.0,0.647841143522108
A06,6,35,0.2715638601187203,0.11808876519987231,0.05751028237362289,0.44501110140183264,0.2671436806100881,0.18755855294167942,0.0,0.5659897843140732,0.33248739627440266,0.1597857787228594,0.017136337612080967,0.5100837526996023,0.26946044045176204,0.11968907443553269,0.08370132412091795,0.47475960816561197,0.18302143279864633,0.20432689350637734,0.0,0.6115800041690894
A06,6,36,0.3001347071593536,0.11566225688254635,0.11485424260652806,0.46990198147231016,0.318192835626015,0.1700664085961369,0.0,0.5195279242213966,0.37357097254531,0.14780190218026695,0.14530891515400243,0.6294024363289125,0.28558039987278794,0.14938781138674376,0.028594105993228962,0.5482132337593774,0.32698313869374734,0.1958562811428402,0.0,0.624426773303801
A06,6,38,0.25230038272365424,0.0942688001894613,0.07691809434088735,0.39585257779090777,0.35978903878242807,0.23619527762566914,0.0021575432121109716,0.6992769853061755,0.2516054391446096,0.14762426931257,0.004797722528237561,0.51890650082378,0.2400589744438931,0.17688907913572133,0.00290643893065125,0.5830963478771353,0.3738893656660614,0.12158203663481483,0.19024119196314018,0.5608483132254943
A06,6,39,0.23926750694567395,0.13876611541735084,0.03499975271440078,0.4739468028344452,0.2707290610034081,0.20518832032417084,0.04417976949418274,0.6539769320926629,0.25696364277043704,0.17589086169095106,0.0,0.4796639817427396,0.24174953176417327,0.09430403780173245,0.11187279082158838,0.4470517392405677,0.38971382909316005,0.1833968178046324,0.11675889684486598,0.8034234837335534
A06,6,40,0.2829470513819507,0.10469476756710955,0.040706010097843026,0.46946727783469916,0.3533008746968598,0.16779638405494957,0.030425523644719017,0.5810603166283174,0.29299180719624396,0.17144459728713735,0.0058905547902856304,0.5909185440113884,0.2687916037632481,0.12787846654954976,0.02146720556379838,0.4608309983917364,0.4397018593256572,0.24647305186510043,0.0,0.7264481095082329
A06,6,41,0.2788053886901105,0.1436512946563541,0.019430852358361266,0.47940533776385813,0.38254690001020214,0.18336377910807022,0.05869100383320415,0.6529070904195906,0.2399413189396399,0.16593208846219498,0.010558013980764265,0.5793681662832485,0.20838431409719382,0.13180039371202873,0.0,0.4642060368153907,0.20175643796655926,0.173239717334221,0.008034364074448241,0.5837519026930025
A06,6,42,0.26408125161535534,0.12447010481982677,0.008364415023676273,0.4594621101943734,0.25591297816163433,0.2151100292136772,0.007858857267963188,0.739761202124635,0.34354091363753664,0.1656309552648241,0.07838620082565463,0.6105775961854419,0.2621013576203449,0.1214894212163608,0.11153056548001085,0.5198392555978598,0.35756838206684644,0.21159555795477533,0.05349894991182792,0.7048200125171675
A06,6,43,0.22706245859541055,0.11433906874343755,0.04412125767196985,0.43942167681647915,0.3353794253717712,0.1556770536462806,0.007968921792730248,0.6294536521714359,0.25250436764897516,0.15257914018002497,0.0,0.5504167449809895,0.1765964517557928,0.08906497829602228,0.03580373576417498,0.37873495185751427,0.40315567302929395,0.19166644712073827,0.06487131504191909,0.689901658726522
A06,6,44,0.3258422472813983,0.13868679475505286,0.11208934944374595,0.5545949627023768,0.3411696463517167,0.19392307821229285,0.0,0.6684766547819996,0.3679341499947832,0.17127228514073914,0.04983119678910884,0.6332827883765021,0.3462460978674764,0.14212955169426875,0.11543469854645547,0.6802912798764786,0.38939829481747906,0.18928286417576487,0.051816954733840924,0.6413530332981862
A06,6,45,0.33471388016518516,0.1369328203102342,0.10861525495458883,0.5756314169723362,0.33706834178300127,0.19007015734825186,0.026303308248411032,0.64081455948436,0.2729285112586918,0.11839814638023903,0.1191501943839179,0.49998105366469353,0.30066936994177956,0.1668022565913409,0.006383134306049706,0.5737130529685571,0.28860024037072735,0.17369489520372314,0.0,0.5573887483645484
A06,6,47,0.293064916847632,0.09721351369157141,0.167780366666798,0.4777864180821922,0.32957789830558787,0.21482768998431673,0.0007700969405913329,0.6845632011233839,0.35509571205206814,0.06720106898089659,0.22475045660664744,0.48709122804895333,0.2914506511761464,0.09968482637625456,0.042221545486818966,0.41197718514246795,0.253106889261675,0.18462093417672779,0.0,0.5523240730027499
A06,7,4,0.27991665864123494,0.10301565611445551,0.14659969860731373,0.5196220911658823,0.31205920570842827,0.20970946580295327,0.0,0.67032353503014,0.26752754939573103,0.12441675816175951,0.09134752195559993,0.4954204355575034,0.3275699686740988,0.13418917488660295,0.134868299250024,0.5704064380033598,0.313204767420732,0.16334716126198448,0.05965464185094211,0.5820136153129329
A06,7,5,0.297169592357117,0.11544108722115687,0.0353527621691024,0.517339041810568,0.33930065374560475,0.17325163139133562,0.016908864512916795,0.628418461730871,0.2694155748304984,0.20443920984465527,0.0,0.6947155377190387,0.21521344012225196,0.121515298007239,0.008411496008835919,0.5208531228464206,0.381894801229784,0.20461480948962021,0.06524426301059492,0.6847737975496042
A06,7,6,0.1862864731553418,0.1584391910294178,0.017968268711565205,0.4971699136470588,0.15179881394678488,0.1767816244718085,0.0,0.5566948461464687,0.2118266887007533,0.12411611649606805,0.04086837479805394,0.4430899353777657,0.3613740734237423,0.14938596376844182,0.08201041815879272,0.6034455174197154,0.41307522677844954,0.205667026095643,0.18790673455664914,0.8115941268136044
A06,7,7,0.22323093898460009,0.0886291665730444,0.08565043311851328,0.3230980756554866,0.17710072728814855,0.14425516617099884,0.0,0.4688532587609024,0.22301246826458404,0.14855410942269795,0.010804286762116422,0.43156759551406126,0.28452199480952434,0.11959677506623308,0.11534073491960059,0.45366014443017855,0.30842819561693097,0.1970962401620978,0.040360925206147834,0.6391976550901772
A06,7,8,0.2726156099868729,0.17807399107248634,0.031203579782779323,0.5653889688039035,0.35026062521563334,0.25107365422068906,0.0,0.7259003259277257,0.24013956403701003,0.14546348578103155,0.012758958046756705,0.5411353194075368,0.27729717690932015,0.1468147311015692,0.02437371040365967,0.5322927867235178,0.3010748810175379,0.13755342477054822,0.03257164200864317,0.4769685562657436
A06,7,10,0.18577088721108959,0.14611248752365155,0.0020221241319124633,0.43241631148838794,0.34248909611400546,0.2432292830959831,0.0,0.6817635833904987,0.1363291116235979,0.14028120649695527,0.0,0.43883804323895237,0.18429636118142095,0.13450624445646592,0.0,0.44895819794723074,0.34532552546023987,0.18985104479965217,0.047282180593899534,0.581746184725752
A06,7,11,0.168022630382466,0.08331769675964255,0.032464850938533005,0.30558211307973926,0.1323180415317716,0.13482293520284686,0.0,0.39580379893565926,0.17896910266578764,0.13360219348206645,0.0,0.3994272283081282,0.33628549488596027,0.19263578417992716,0.02290924743471188,0.6793325993641842,0.2789277897997093,0.1915110409982816,0.0,0.6755259520113605
A06,7,12,0.1675004299119584,0.0848055113108417,0.0,0.3209328664649052,0.1580871887139206,0.17736793593345293,0.0,0.606904575239436,0.24544832395897015,0.14188616260815282,0.008856789842014434,0.5106060018171187,0.2556809792064303,0.18031070080085146,0.0,0.610579924750015,0.21344261484005375,0.18401270984329995,0.0,0.5807207057332594
A06,7,13,0.3257746228274223,0.16512880995225543,0.003209458875680899,0.5485118445941057,0.21879049385183696,0.23183918383636803,0.0,0.7499219027661576,0.4240364814523893,0.19405062587181773,0.12839707499535125,0.8054941203721117,0.36715876147844806,0.20458020642140282,0.02246305363668347,0.748718660916998,0.25302209838853645,0.20090201127662335,0.0,0.604814784971334
A06,7,14,0.24114324183373387,0.136794543452027,0.07295897010363296,0.4659189584769336,0.23987778265491397,0.2251055084327894,0.0,0.8044206507400649,0.2870055567265499,0.21699815205098788,0.0015639795223525432,0.6575053005876431,0.35353406113042024,0.11464295662279675,0.10862764300948301,0.5629911398231383,0.3113897018461162,0.15820733858953256,0.0,0.5335483120104374
A06,7,15,0.3504563983890018,0.1314970866237711,0.13062745239965928,0.5978293355332108,0.3913714873243474,0.08681232924170551,0.28726894794264063,0.590522788087146,0.26909487274851845,0.22408526536786755,0.0,0.6839259681282643,0.39274991335346776,0.18251325635617954,0.01285568254239893,0.679630094469588,0.3676598327823302,0.17556002011806154,0.09908005821595779,0.71916158074837
A06,7,16,0.2656124293016289,0.14841767563046046,0.0004559946509191036,0.5282668791473575,0.2849405993453168,0.21423429203747707,0.0,0.6604154624158189,0.29483735317027615,0.154077033326064,0.11122986569073567,0.5643921887894595,0.2519018792106471,0.17369220469848143,0.008954976812022366,0.5809005004510198,0.3347903141029335,0.24376400679462865,0.01562320471768132,0.7068663812276849
A06,7,17,0.31159652626470363,0.09093219317679509,0.10860784590296034,0.45317339891727076,0.3620939738442939,0.14957670106148258,0.09682715408249205,0.5948733999439799,0.32914668088932475,0.17948220234264425,0.07463733859057445,0.6431774211678212,0.2925366286978898,0.1317938945247309,0.050802728175651755,0.4768335042798531,0.3462846783188482,0.2062258775946656,0.0,0.6723453182241235
A06,7,18,0.23387827994335295,0.13733176105924974,0.002341717451687494,0.39388314925559414,0.312061515502052,0.20260214905871937,0.003520773356595238,0.6566994181300939,0.23867449417411796,0.14082735230658436,0.0025851254677391943,0.38064437346838503,0.24785786885031788,0.17237541028168926,0.0,0.5410874589644238,0.24404248700893702,0.19202175139135835,0.0,0.5502486476095895
A06,7,20,0.26882411131091677,0.18191338942974958,0.022628771538579468,0.4835159550462468,0.3527143450204547,0.1826795710107313,0.0014915013535468885,0.57329301105833,0.17609401222314033,0.1907445845394568,0.0,0.5341708105415244,0.24693910838009708,0.1434003863674795,0.0,0.5073349907203097,0.33689134950069144,0.17997832585788529,0.06530144163255377,0.6003154210934938
A06,7,22,0.39347904692345753,0.0835749903140969,0.24422893471626125,0.5617361780734609,0.5229060341422525,0.13871989409858654,0.2668907005312799,0.7307603746238552,0.35263497179588793,0.15766686738566335,0.1602503571497364,0.6222595177639603,0.26590980480277987,0.09273372136341941,0.05052336086839637,0.39329893355693224,0.16561434002687614,0.18979427078595987,0.0017446091985048476,0.5633474324062762
A06,7,23,0.3220825578457716,0.1414957176575872,0.05489786850150602,0.5430655023500677,0.4098944199600338,0.22553298812796932,0.016301456846038977,0.6530617228397054,0.21858339117139824,0.1556653790658388,0.0648121241113161,0.5279669100647655,0.3656988143133925,0.20726422075978723,0.031697036401719045,0.5997668726760793,0.39304167865792966,0.2266505888381534,0.0,0.6701502153741427
A06,7,24,0.16478393137124978,0.11821860932243904,0.010029148765876683,0.34191029291784675,0.23728789750204857,0.19284736329387933,0.05020012656456669,0.6548498282149209,0.1904499428774123,0.16929422695362964,0.0,0.46019969951027084,0.1766838850020182,0.14583324008474108,0.0,0.48246818989777207,0.3471381226015875,0.21164172207891227,0.0,0.6839306535305804
A06,7,25,0.21053865345095077,0.12867336768855392,0.018711245141037915,0.4469752173494787,0.22160895920654197,0.1588231938825228,0.035083926156512554,0.6705406275766974,0.17015484796371894,0.15248955524571203,0.0,0.5797938625014469,0.2775900336282819,0.20527963920739267,0.0,0.6720457260247149,0.30030932102875063,0.17955095874395038,0.008068411760000298,0.5550056187716265
A06,7,26,0.27927863830563926,0.14889555401963242,0.04153542553966273,0.5508115309397114,0.29390407359862825,0.23767320693820257,0.0,0.6590966368863952,0.2469330915879646,0.11872077789398934,0.0549048675820168,0.4274097108237574,0.3420118548159401,0.1374702689809974,0.09932122726010077,0.59624782024159,0.35029568150750184,0.2231977504458644,0.0,0.7544302115773708
A06,7,27,0.34602089342839676,0.09295920468102357,0.18191703382363025,0.48892106392033724,0.38078155364520133,0.19725858377239566,0.05753279684930818,0.7017003580469073,0.2947399436946995,0.16842454731398995,0.04849381958069589,0.6204248605130136,0.37363291056743414,0.14884091298443844,0.055190841589850534,0.5993367081922216,0.4444590730359625,0.1505325620804439,0.10326895817588867,0.622864870614311
A06,7,28,0.27087545168129906,0.15730000584381978,0.0,0.5024050919470386,0.21415146877502458,0.1730182628652495,0.0,0.5013691698729741,0.28774907991576554,0.1474319975855496,0.03980703900243719,0.49222027037008836,0.3895775044671937,0.2008101781975618,0.0052951897224316246,0.6631987560949894,0.3795843146281487,0.2308618536849313,0.0,0.7654782859563782
A06,7,29,0.26110658019868205,0.13365256977879797,0.033092251520777737,0.4841208645786613,0.2353067122228083,0.19049718693291642,0.0,0.6463948926695485,0.2939473229717088,0.14606888136045473,0.0,0.4913585780777918,0.3257016400912466,0.14611029321433464,0.13532652868963627,0.5865327084593217,0.44590204175215487,0.15003593951090713,0.30362839988510704,0.7655481762357506
A06,7,30,0.2713840714779641,0.15643239547661963,0.07509524762248729,0.5342138094763128,0.2783188266068493,0.1701695162590655,0.0,0.5341095854404072,0.308069828899275,0.23840801658397917,0.04407021665787663,0.7826474097541831,0.32618934916444997,0.20229227091904045,0.004232396075103189,0.6945463781615743,0.2858765086613608,0.1889223028328567,0.00030961163413415323,0.5999732361876099
A06,7,31,0.29824394608480487,0.15256436719381855,0.00027913960590210597,0.5609196470637933,0.25067983575485103,0.2777223365689229,0.0,0.7584873240183496,0.37645139038788683,0.21688799653838525,0.10092706167044993,0.7575012011895306,0.3104600253278999,0.15180535839253653,0.038091944449523525,0.5469846139321606,0.4256030758836747,0.1593656156749251,0.15973463458951567,0.6667832445055569
A06,7,32,0.2993940314694223,0.1628363449573663,0.0,0.5308238707712369,0.21106019842474188,0.20851588235538301,0.0,0.6939966042755774,0.37175737294798983,0.15246432575121818,0.11321476083555704,0.5860127225478136,0.34272879914975013,0.1656478546190128,0.0024820641483598144,0.5946990933122258,0.47913150640709745,0.17170893797828887,0.15878543855748115,0.7228181297745871
A06,7,33,0.20921201063053982,0.13258916838914708,0.004286922812146821,0.4705801289061612,0.36514048995647086,0.17260784093070466,0.07995302997319023,0.5990707615622711,0.15556071546044573,0.15101590099953088,0.0,0.5243901292361729,0.20411998527251685,0.1582992143785801,0.0,0.5619093890305179,0.3803771895826353,0.21066098388208396,0.014341212320114665,0.6358223174218288
A06,7,37,0.2515506736391878,0.15676982225353775,0.0007372039724673009,0.48276646413271396,0.27024621698447954,0.22323129898740338,0.0,0.6435811667315132,0.185450372897482,0.10503133423972894,0.032042237621740174,0.44902240505634383,0.26688159912457715,0.18393416670487675,0.00825589501203518,0.5088921086663439,0.33678041509367845,0.13824284131737097,0.08062892673752034,0.5786698052088415
A06,7,38,0.2717731241006509,0.1530035390431722,0.0,0.45985029528456145,0.2605670018813901,0.21367490917320808,0.0,0.6802030732542098,0.2692473810839146,0.13686601699446366,0.0,0.46225221420672086,0.35340597746125424,0.19974442814110357,0.08915826398190005,0.6993089973826437,0.43025241338570924,0.17883941967895386,0.051135938906469426,0.6680810671916638
A06,7,39,0.2887875971040111,0.13250699601659593,0.015867968160633423,0.45779335788979364,0.31933743186612323,0.18579063147853636,0.0,0.5996313713765656,0.2071194602344563,0.1705137573009568,0.0,0.4606278945374651,0.37265694592796544,0.09038367217463386,0.2110982254821567,0.5089652178699782,0.48295305668985883,0.23445461841790655,0.0,0.7615438387929904
A06,7,41,0.3690717292821075,0.10315147794592593,0.17870385977866254,0.5118690543203425,0.3660017311973601,0.14521678602110835,0.11391106369763426,0.577146243112005,0.3796673029562592,0.15995263020371242,0.04837515733697865,0.5870518073158142,0.37490238971462087,0.1876318723602951,0.048032397176693754,0.6563400376703024,0.3191188885790833,0.15816171266724768,0.0902028104780698,0.6065016013662093
A06,7,45,0.42733641959548063,0.17958597569411047,0.020426421212210482,0.6604965631504708,0.28558736543190716,0.22380041851258015,0.0,0.6275633080609756,0.4021520515847972,0.23309840250765057,0.10038484791712074,0.7762780718686807,0.5385251307332765,0.20208564758686867,0.07826662307585759,0.8117882873646487,0.572770718101205,0.1739403426003784,0.061480165791876415,0.8019054404146518
A06,7,46,0.25947415537634705,0.1097033901315185,0.08445231960706409,0.45282387526194307,0.1800353399890582,0.17340244939573057,0.02485584921528391,0.5543460104008998,0.3845769143618662,0.12026251740592808,0.1984889955403684,0.5789034620783201,0.26183279650534164,0.15075673430861686,0.013903578241096623,0.5225049082541394,0.6080721063511313,0.15067228227941007,0.32274538613554793,0.8181855470364346
A06,7,48,0.2879445546011959,0.16338464953708218,0.0,0.5020786944656057,0.24706793141159195,0.19693520845458,0.0,0.5366112311716702,0.2846581622720812,0.20970059762316542,0.0002583260206591958,0.6974006505701479,0.41060661577127006,0.15863534128750872,0.10237940704652215,0.6149275477370895,0.4837323410696068,0.1244146886996425,0.27274981382691216,0.7317175444064031
A06,8,3,0.32175308964856586,0.12178925806233262,0.10897247917358843,0.4773465406286353,0.27675704365089,0.20173592289625836,0.0037439720334727644,0.6353210925853163,0.3880250679823571,0.16800964115711164,0.14183993854850893,0.6915506068845535,0.36053054354296,0.1652496235002975,0.12033495772932194,0.6698295181958187,0.2260806162357611,0.2448937987679895,0.0,0.6980063193464329
A06,8,4,0.23241393854879897,0.1535967983178355,0.03742959175122684,0.4937971304890339,0.17831336594799863,0.1393343226725151,0.001311125401646748,0.4222716948276598,0.34218429040980336,0.21102918197623005,0.0,0.6515139149196062,0.26315111827620036,0.09719898780491609,0.11195695723025778,0.44262267378867365,0.24882395043318792,0.18749073019727272,0.0,0.5146199913656505
A06,8,5,0.19777948841222906,0.16300549920569893,0.0,0.506690794531977,0.3807934468657816,0.156459748236133,0.10669965206675389,0.5513285633319763,0.12262625252598756,0.13832380088737609,0.0,0.4806871217911941,0.15287203398646357,0.13819931215597026,0.0,0.372880087240297,0.31433322287009435,0.22500912568783574,0.0,0.7088490480282925
A06,8,6,0.26905819915799467,0.15858409626625053,0.04538710546635446,0.5337396300024067,0.29241192666734095,0.1984914619931927,0.0,0.6205420578333859,0.3266173869588496,0.2413248135272414,0.0002987029166719208,0.6359964262319853,0.21400129012852082,0.13597749781498622,0.025219708615145362,0.46911947815409,0.318816909118403,0.14119734031548858,0.035302249586158005,0.48791102159763333
A06,8,7,0.24092583766352324,0.144601446869153,0.0016762145279938087,0.5026143612642817,0.3083429695264456,0.1745188435869404,0.0,0.5886838008153178,0.25249794950883675,0.15763695848768872,0.0017802067863813395,0.5481737674640266,0.2625582709112632,0.1451387111077691,0.018666319268641058,0.46649232989688066,0.23336780976952462,0.1739099896273693,0.0,0.6501905105112847
A06,8,8,0.2854208805096357,0.09143742618655896,0.11737553007186496,0.44488854688990476,0.2905882601758616,0.15068788764200272,0.0,0.4866253694880741,0.357389854285518,0.17663436127063806,0.11920090876732274,0.727947622435444,0.2636845770089383,0.1261140494247772,0.06892186570427554,0.5106471305831258,0.3824985200572211,0.13383923836284345,0.1182163930029144,0.6282862165721644
A06,8,9,0.2986207188067104,0.13046890333302338,0.10602591790918969,0.5400832718425828,0.2602403273669171,0.15277183801470198,0.02661711413090186,0.5748395440535429,0.3810296555234888,0.23335055610393907,0.007704807500869945,0.8194756825700186,0.2510000218670007,0.11841802890248711,0.0446349903081107,0.4307567098570578,0.2708871867551475,0.10420192177925187,0.08664723029866761,0.4811465619994236
A06,8,10,0.3311021545613922,0.11113254924719446,0.13324268619936683,0.5095616666502225,0.3185723516261961,0.183495692416253,0.0,0.5800608968902425,0.3672194306522901,0.11104613347253722,0.1828904472256164,0.5429897072476003,0.3096104286521732,0.16592564873577031,0.0,0.5391806444884051,0.27498419390974027,0.16970967870780707,0.021384814527454426,0.5251282118353254
A06,8,11,0.268334126102301,0.09983300415337931,0.12635895709569075,0.44050305398975226,0.35229140050155666,0.20918011860625782,0.14828352435743658,0.7988582921901294,0.23291285710632825,0.1491671253989409,0.0,0.45526757562458275,0.18943761377271232,0.15366785073129982,0.0,0.4916021382612073,0.19000671239404068,0.19263333442990757,0.0,0.5824478749131823
A06,8,12,0.28734016949073204,0.12935560416518943,0.04604171396543503,0.43161991419224893,0.3464787436547223,0.17265401590829604,0.06846107358644526,0.6100904932891593,0.34028599928419534,0.16443588738464654,0.0,0.5677171699460343,0.2022536484360709,0.12025566792232145,0.0034791027087297216,0.4325115736027666,0.17992779234813988,0.19447413700865726,0.0,0.5628377832529683
A06,8,13,0.22922860181342405,0.09323522307357415,0.039726909726402616,0.38658564900412584,0.2657735587766782,0.17651807924683183,0.0,0.4916787086561004,0.2745973489272104,0.12423587464428774,0.02716195593595602,0.46288864412242353,0.35422801980138374,0.14973234480754813,0.05549622641993911,0.5250123658416943,0.15847307345139688,0.13194088060984918,0.0,0.40201749214154126
A06,8,14,0.2867779510313378,0.14032022946802453,0.06557703996148807,0.581865629278126,0.3176295726376386,0.23091341884494898,0.033934921894318966,0.7126802745775719,0.30780301366592583,0.16719055029624585,0.006890204180835572,0.6092091539433232,0.23190268593164282,0.1465185363961511,0.0,0.5139337905932228,0.15948818423709568,0.15898787569835784,0.0,0.45125360122304986
A06,8,15,0.26084503529369885,0.14320049486740197,0.05267751582204342,0.5441245640790238,0.38353058414745356,0.2110760474007866,0.0035012467665016373,0.7465404488777531,0.22288621775629605,0.12239635187562364,0.02709751720870584,0.4104358689496356,0.2221979073714867,0.10813244857266771,0.0018226310803489212,0.3636222796060143,0.3258096036671514,0.18180585099729277,0.01833079307627372,0.6084414692966776
A06,8,16,0.2705450262213903,0.1288276842624916,0.05855828857715316,0.4628282814770108,0.25501107024506137,0.2583149112773951,0.0,0.7374447234464804,0.3222727873327748,0.12067112340362886,0.110973986450045,0.5237146131413049,0.28282700928104926,0.12977822074019388,0.04472665959157781,0.4550953226065969,0.1922579755795194,0.12974394489230898,0.030506443218299508,0.4315736314411519
A06,8,17,0.12759820863566762,0.09334268161756834,0.019929882429258892,0.2944646078843092,0.20964210800265773,0.17333610007212624,0.0,0.5206578587214131,0.20574860040717038,0.13589391595465816,0.0,0.4521586593009305,0.13915068905220357,0.13247742007841246,0.0,0.3968088127260257,0.21643032869850526,0.21387007812109507,0.0,0.5590082086552977
A06,8,18,0.3164957801533223,0.1297498772526168,0.09090832615433057,0.538558662433802,0.3746840683666194,0.19250182472597152,0.07880655807634437,0.6710481308920594,0.35962515181899346,0.17102407026553884,0.09297961290069824,0.5951064027106822,0.2216685919365721,0.21555002189253417,0.0,0.5178709152062387,0.18546377749360748,0.17560083857896824,0.0,0.5840781552069325
A06,8,19,0.27947218980575916,0.11573197628775109,0.04177167918245645,0.4526828036996906,0.31827895802823725,0.16153667359401822,0.05454629484319973,0.5171789509165242,0.355558916665179,0.16402235636130647,0.1375931447253782,0.6900863057741213,0.2233754719890751,0.14459513888028805,0.0,0.3893695470544504,0.11844753878000207,0.15145026287886573,0.0,0.47312838726901824
A06,8,20,0.3336175167646342,0.10545145482513449,0.12929183338054798,0.501485624302802,0.3576035067530467,0.17085650601808988,0.006799083602140353,0.5600895880650211,0.3383943236939229,0.15317016161675995,0.18858126866169003,0.6515568297774984,0.2742166436448297,0.15132041553895684,0.08603164380273051,0.49672766734657864,0.2771158008791159,0.19073603089700378,0.05935424133434529,0.5846466448909323
A06,8,21,0.27906246170572996,0.12200586294763996,0.041907731759423736,0.4325071038867055,0.26433645041611253,0.14656985761212704,0.06264051361567209,0.6368787206282376,0.38079337449733497,0.17090225801263623,0.04015613027078175,0.6196912283864725,0.1948172443117261,0.10940075453769701,0.038749413702080925,0.34675863222317094,0.10428946342024702,0.10789213357588502,0.0,0.34645192880694203
A06,8,22,0.25801151869032624,0.11278689488404087,0.02508238036345583,0.4045600870637847,0.270992007844897,0.18075369082289144,0.0,0.5936097070962109,0.32408317321997504,0.1947258855084231,0.040565446920629925,0.633971471393667,0.286099618611268,0.1937349470925529,0.0,0.5528440652845737,0.306636695890049,0.17755538014386524,0.01077977408659127,0.5086009027947551
A06,8,23,0.3070559153067174,0.17454413421945064,0.059065695719498504,0.7024693691568716,0.42337921490859487,0.17045794033312994,0.06782230448183639,0.7811945768053233,0.2976273158738969,0.17253544093757706,0.03423312349482192,0.6727826632755317,0.2612791065328581,0.17935621432709625,0.04341754559495888,0.5814973796179433,0.22551100497785986,0.19950502221369099,0.01390691149841575,0.6595819761250423
A06,8,24,0.18813894454416386,0.15481166164779098,0.0,0.6012161714968415,0.1063580728190063,0.186479929497846,0.0,0.6194486182471097,0.2972883672196375,0.19156263027856252,0.0,0.6134042323754646,0.29170479600132176,0.18153584408973525,0.016580524267421595,0.6359536976201637,0.19097906963672354,0.1716281830475599,0.03890049800218747,0.5957577860197378
A06,8,25,0.14282914653981937,0.10318199461555692,0.02278679533296519,0.37088878589834856,0.0889012455715663,0.09556391184833471,0.0,0.25863681672649214,0.22365806028312274,0.1857811192472203,0.0,0.5711656985239043,0.2399378519200871,0.13915735908993246,0.029988755407505056,0.4298153077692319,0.1694890778037327,0.14118102409605862,0.019309807556405212,0.4105569927984543
A06,8,26,0.21638745384187974,0.17254571580996128,0.011596902848031212,0.5389041449687066,0.32585769845577217,0.19006083484444095,0.0745752240786762,0.7291812842468532,0.13298731322104995,0.14344547729134074,0.0,0.4305713736474524,0.24353279127238267,0.13464866300667927,0.0627385059817588,0.4802616317449755,0.27769685932159505,0.19539702753697813,0.0,0.6087509816912482
A06,8,27,0.35582407921954395,0.19584613305593374,0.014875570231108541,0.6380653067397244,0.4147724066358654,0.2506677691875721,0.0,0.7294818439920471,0.25249044416575017,0.21902647150623203,0.0,0.7551852414374327,0.2691030689857242,0.13967392001784784,0.004030122153285687,0.5384044541292792,0.35575223499020503,0.20020713321074843,0.0,0.6200656536810988
A06,8,28,0.2979248648844614,0.12084216011742803,0.11091170731046877,0.4674405472828868,0.3439893808791116,0.15442720591586595,0.1126176784046948,0.5843452780633617,0.3391672620645336,0.1704231433329789,0.020888540292245628,0.5508975724679729,0.1950288447134996,0.11055956355851906,0.0,0.36655577980110593,0.6291638117802318,0.16800934518663685,0.34225666372832514,0.8396451316742203
A06,8,29,0.3066320420920663,0.14058063472153814,0.0,0.5090781958678908,0.20602743785525718,0.13854881276738448,0.03421317584490467,0.46280819182722016,0.2984221746352661,0.1913207942734587,0.002452236186756559,0.6712606343636195,0.2735944921711841,0.1842365075633006,0.0,0.5736956077517928,0.6507457878867757,0.1884566091988076,0.2893961371212423,0.8699437867391246
A06,8,30,0.4614758597714143,0.11940221995465461,0.21581950948229295,0.6786890292162513,0.5035773485367121,0.21055016289851114,0.07036326849768847,0.8004155296897374,0.43282550035209766,0.20175208318957288,0.12063336371733623,0.7550656176875156,0.39811082667128583,0.18743713332012965,0.03541751992995723,0.5941329474157152,0.3296994137990036,0.14576223418969889,0.0,0.5782911021144318
A06,8,31,0.26176690750862214,0.14836584698865357,0.1018399269987096,0.5872164452904008,0.3108551138099388,0.20198980234640793,0.03400018471171346,0.6948348944151644,0.3434993841354978,0.16224960288030174,0.12414178888597095,0.640600951291229,0.35722459503038356,0.17049565467563177,0.03340471887506164,0.6122840960297931,0.2968533324627868,0.21113343276624924,0.058813506662693756,0.6966889203380082
A06,8,32,0.2184488917220322,0.15689268190974248,0.024547975199948637,0.5667110471693584,0.3161667609168352,0.14728155713337024,0.09997448610699358,0.5679256725034971,0.23661422072085422,0.22970997230827475,0.0,0.7281965062962541,0.2050846409907351,0.11383542643834865,0.0,0.40896132637146715,0.2918310989393226,0.19102823469854033,0.0,0.5826964780254155
A06,8,33,0.1583040408914928,0.0848643926401472,0.02459126609711621,0.31374298071793455,0.23886631360305893,0.17889010436133376,0.0,0.5167766355687085,0.15209707665704403,0.11011440472753752,0.010436307478356952,0.35737651762761885,0.26788689550888856,0.13615297839902374,0.043055678611870665,0.489817101797403,0.2712003886740914,0.1501588277469453,0.0,0.5452160166146587
A06,8,34,0.21692309621628336,0.1372213662471847,0.016343336627259397,0.47985280897540317,0.22022899287183847,0.15241253309347463,0.015610779696786783,0.5001569221067387,0.23375355489107216,0.1337838352326654,0.0,0.40985100298977634,0.3028943679849763,0.10884875645355109,0.11588158345371916,0.4553878121905545,0.35716514251249176,0.1917590741483747,0.02363892482614408,0.5808534375268485
A06,8,35,0.24919495547089668,0.14396164122040803,0.03889692368063461,0.5064240638446211,0.29363515770961635,0.21300575198125526,0.0,0.6353488847068881,0.22795036362847593,0.1367718607723684,0.021226109876170636,0.43512030413167446,0.3012709184494281,0.09503928808837486,0.11660068309398544,0.4306569825417422,0.22268045111473117,0.16525938890110553,0.002127255346054085,0.42402939618307917
A06,8,37,0.2657506716767883,0.15365556130175417,0.07067843725630552,0.5064781737152623,0.262474011831758,0.24482962857479532,0.0,0.6338996041453354,0.27668553339667684,0.1778124132555706,0.04193241741429066,0.6157535198601745,0.31176971167267326,0.16286544056774435,0.0,0.5334962581922159,0.32009348175940805,0.15938917998215255,0.002410229536042704,0.6225140347321708
A06,8,38,0.23331428032411006,0.14678898817657984,0.03685607982201955,0.5625868216365503,0.3480710746220414,0.20738968150950787,0.0,0.6882316597336582,0.22615450732601408,0.1162464017915626,0.0,0.4253049073210685,0.2101650500344399,0.14084074121609166,0.0,0.4467947712793687,0.280254488603389,0.21555570768200977,0.0,0.6853824739013147
A06,8,40,0.2871286522895861,0.16051666015204172,0.0245715549965201,0.602933850939556,0.3243021200793014,0.23696572352185588,0.0,0.7088204696817731,0.33036927421264867,0.15859779033174048,0.034479679762735395,0.5620804694734047,0.26578547896565524,0.19399759175655082,0.0,0.5573719309762925,0.3036717537196495,0.1445350895905013,0.06043519645100372,0.6131029727957665
A06,8,41,0.18633084475474668,0.12111065212078274,0.0,0.3665395279769993,0.2317045594023634,0.16242407103335332,0.0032772663966915377,0.47453300536481197,0.13963625213916456,0.10585154722500276,0.006466369586903339,0.41110684509295503,0.24955305208690118,0.17947715527513675,0.01256126954450503,0.5084466943697663,0.25209637538861146,0.1874261092279965,0.013392259350500988,0.6012549687867653
A06,8,42,0.19956283417510048,0.12243085355297263,0.05004254636663904,0.541087014286229,0.21007883278496772,0.12974995841712067,0.0,0.45882408840470956,0.24788349493435888,0.2018214929569868,0.052469255204036745,0.6377548277148455,0.24288990011232095,0.11296608797090198,0.06428180226004217,0.4256422974257638,0.31872594966142465,0.17594593022750935,0.0,0.582250066402287
A06,8,43,0.30566707520591785,0.19229843512440456,0.020653400483625833,0.5945961148644343,0.3947733718011426,0.24722330809023424,0.06808126159356857,0.7370160785628236,0.27289639850705183,0.19273729337052678,0.010471950466942619,0.6285876580893416,0.26799424753924433,0.15492723308366615,0.06389986246340337,0.5212471329231986,0.5128839151462953,0.17677467511705747,0.08430682833802404,0.7298415775662838
A06,8,44,0.16466139982929978,0.08154328146111549,0.0,0.28326245795429367,0.11362773569969645,0.09500459720080051,0.0,0.31430902816082484,0.20101783199166154,0.12700600942931292,0.023611728772099667,0.43551043875566725,0.234482540134186,0.1077725065799056,0.02797827497991044,0.4063457342894777,0.4178845471587627,0.15450166083738218,0.1486656274439801,0.7230848162330833
A06,8,45,0.21785113095456304,0.15982838207249456,0.015240727989698286,0.46106266508669513,0.2973603007873157,0.1980596563521385,0.016230783210983386,0.6256291947590044,0.09680277571446332,0.11659957608430974,0.0,0.37001411525808636,0.2999460475243133,0.1315630314134212,0.11612993170440347,0.5524936910858909,0.30179671220381016,0.23313047353647326,0.0,0.6470242967899595
A06,8,46,0.3157468908407909,0.14715351012364009,0.1649003328581187,0.762002438400035,0.33021197418462894,0.20387111513148604,0.053870031780719065,0.8590388326075035,0.32898678171911655,0.17281610209468926,0.0520575526635062,0.655649636088685,0.19299691670175248,0.10541150701807625,0.008484422522037167,0.3669020817232206,0.28533802134961916,0.17909200101154024,0.0,0.6454651200136657
A06,8,47,0.3100837675313325,0.19760823266732339,0.0,0.6064753800381444,0.300279624352797,0.24773796673904339,0.02656864480709629,0.6974086077780571,0.36353415659461885,0.17007451106446606,0.017066101090500885,0.6512644091579494,0.30346915344402264,0.16169444649823514,0.02699534937155076,0.49439366412796465,0.23001005084619414,0.213850750123958,0.0,0.6058824831689699
A06,8,48,0.20238963164929888,0.1149187178392889,0.04530912181134986,0.4400288065080594,0.18449247031159696,0.20132583602773887,0.0,0.5604130618663935,0.31672797300105593,0.21922380252939408,0.04965780014203404,0.7056189308488278,0.22615754035849978,0.1402152673862923,0.029013014850817025,0.4804018856293847,0.1662490258517083,0.0928926495808473,0.019060823581748525,0.3520628620869642
A07,3,1,0.0878841927364271,0.07938771524502579,0.0,0.2594042967866526,0.2335121867685356,0.17579121550256657,0.0,0.5652988371202794,0.19618021087301957,0.14568108444368483,0.0,0.4705586580124327,0.12273807767106784,0.10880022362549382,0.01692586276438544,0.40073754203038725,0.11065405112518925,0.12022478042364626,0.0,0.3153658002409922
A07,3,2,0.14678955163009935,0.10690807762173186,0.008149117271294621,0.3892641080849014,0.3101125092695866,0.22775988486076038,0.010410616807757202,0.6830409625554953,0.2642309453465515,0.19407678993437627,0.0,0.6395235811994776,0.15576176015115495,0.0788260948590127,0.052179006924649385,0.2776692192039367,0.10914384147761853,0.12425562677244306,0.0,0.40513592802606285
A07,3,3,0.1247876141152365,0.07943992244035486,0.005866409190490244,0.25658851173185615,0.2629679343492994,0.19633082322638057,0.0,0.5563016454452052,0.23719152985211836,0.22088721317595703,0.0,0.7108936976482267,0.11451811016553784,0.07152220421639845,0.017152848358865325,0.24734867183842132,0.0332600900438557,0.04705519949951822,0.0,0.16776877391699802
A07,3,4,0.2208536045690459,0.0954137953061052,0.057847647218137385,0.36216074978029533,0.3276502691194639,0.16700454791855082,0.052119646722219234,0.5872287208017486,0.19175096858691423,0.1748337154520723,0.0,0.44182058057316204,0.19858568195952309,0.1162667689646562,0.04054953635007086,0.3928389053843157,0.15137917898283887,0.13219239378001693,0.016047297587128546,0.3834862940473343
A07,3,5,0.1746869339522438,0.10632949608309206,0.0,0.3425819740808366,0.3007884848459692,0.18426593906598263,0.07142346974205646,0.6586452429256715,0.27813096351307837,0.25373527457360473,0.0,0.6937411611029096,0.11107114019960752,0.07046449401127285,8.950362431639889e-05,0.24312664251628657,0.07341277111776749,0.05456584828307914,0.0021423235820495767,0.171884883559733
A07,3,6,0.21911011246456402,0.10460156595447227,0.10561380199923524,0.44012127623335245,0.271508830843034,0.10939556899234283,0.07140364237179599,0.48978427486615167,0.3337152015588545,0.17132188640057963,0.06178493539733844,0.6531026340029195,0.12939112241846445,0.13461379164445847,0.0,0.38355686927861815,0.09778315091631905,0.05510875000891994,0.00947980044081241,0.19053853190570327
A07,3,7,0.1886469573465029,0.1087657024128436,0.0,0.3749769160933966,0.28202308807353843,0.17796772398158175,0.0,0.6190878686010449,0.19198938696968856,0.2017572575795744,0.0,0.6358822496375837,0.19478203366936375,0.16087002852745283,0.010699616689405635,0.4210799788397514,0.11170507780830473,0.08490961542789743,0.0,0.25699172076196025
A07,3,8,0.26745949054853196,0.10048552423441845,0.08742699115525567,0.41136419274459246,0.2822141030445088,0.1836047772012177,0.0,0.5759265845489844,0.37403470206383266,0.22206797338832546,0.0,0.803935371940196,0.21714622617247775,0.1445922586643091,0.020160971874515394,0.5238511710367463,0.12602298361478578,0.08029228679420415,0.0,0.3261810164526468
A07,3,9,0.17101466828046313,0.1053583169295754,0.0377248204193367,0.3855067464877389,0.25539805072312677,0.14557916541884158,0.028654302585591238,0.45099278440580465,0.22831562287698473,0.15313658514755246,0.031338426149693004,0.6326103934983777,0.15512517544676432,0.12728286562345845,0.0,0.38051364022165685,0.1424304694644649,0.0980049869879263,0.0,0.3325525161831059
A07,3,11,0.20584619016112382,0.13209792667500267,0.0,0.37659123201683176,0.19786486585774565,0.19921203886444863,0.0,0.6559993348090118,0.388724403092751,0.21439082490108413,0.0,0.6574281505989626,0.16113941681268099,0.11131672079257504,0.012216025495787455,0.392350818433215,0.10281750842588284,0.08776358947146407,0.0,0.25609421211773314
A07,3,12,0.19889014347605177,0.06309071593777078,0.08962092628113962,0.30998020295693707,0.26227726140455293,0.15010696358898343,0.048030676074403665,0.570632403050425,0.22560169463045296,0.17689001585319467,0.0,0.47106979864078,0.2027771813864856,0.08846897072636493,0.08310751775010738,0.3820799455991239,0.11374169621385673,0.08825305876201793,0.0,0.31521104045088866
A07,3,13,0.22867412497612577,0.12764525809184846,0.0,0.39776090986688434,0.27288689133880056,0.18821630631041067,0.003954064494985984,0.5112459792543956,0.35692455934715644,0.20105565688126317,0.06292871465246373,0.6787719824583132,0.17785630932653174,0.09276960950601168,0.05244767142831597,0.371808440211667,0.21975891981120868,0.13589462058339455,0.0,0.4354176617529383
A07,3,14,0.22590113039972287,0.10817429162776789,0.0,0.4757195369286858,0.3534068360715214,0.191459117285,0.0583386800975363,0.6568069173319213,0.18434155166051366,0.19514437411244553,0.0,0.6829606636257927,0.21976330906979946,0.08887183037775422,0.03367193513639144,0.40165518798657324,0.1252003474963189,0.09943467153221201,0.0,0.2886727802869163
A07,3,15,0.21947972370123123,0.1027390433250904,0.0,0.3779596587607647,0.18744573074918988,0.16066410861769712,0.0,0.5461345005446401,0.35945185704160854,0.2092272635435313,0.0,0.6699903706786042,0.13531103322120394,0.08361425913754311,0.0,0.2702981453793756,0.11154535239445815,0.12212978932248447,0.0,0.3922467525710815
A07,3,16,0.18512713374251505,0.10831360043843245,0.01751669989695353,0.32351870815453015,0.35291244509025316,0.22737847321025556,0.0,0.7044919953512548,0.20417487102607018,0.20294143252212724,0.0,0.5322782853211031,0.12321108314417026,0.06834755165045979,0.022264500522325,0.2523678304773388,0.09720431894587236,0.08550004077400035,0.0,0.34288163523147003
A07,3,17,0.20999704427403879,0.10428757282225745,0.0384215336101358,0.3834938860896597,0.1963032418646981,0.13847696183123226,0.015483070615377474,0.5171995189326408,0.40839609947354133,0.17385278408534305,0.0622049450801287,0.6223491633207755,0.13246148887823092,0.10953419689830542,0.0,0.34405201001638896,0.1396280877236091,0.09734360015517542,0.0,0.3265367227460033
A07,3,18,0.23889117135917415,0.09629249662895865,0.09119785640771162,0.4450458128066724,0.34119295975712166,0.14184142779782608,0.1378397186331665,0.6055349890642662,0.2934726955305477,0.14216821766524754,0.0998435399280706,0.5702272944310371,0.15159042066749281,0.1463224463049985,0.0,0.46871712609447425,0.14569131150708484,0.10752163864792463,0.0,0.39733377384674773
A07,3,19,0.1972864362425839,0.08392998178006972,0.10025131687847809,0.3759743335952579,0.21994837740290082,0.13226218768328463,0.03509595694786712,0.4826836881639714,0.2564608299902104,0.16060921285472093,0.0,0.5040330613302295,0.21651485071657348,0.0924480431851674,0.059223938471417235,0.3739494678160202,0.11880787506205431,0.0703512442534861,0.0,0.23729260066243235
A07,3,20,0.13090567260078265,0.06628748393822065,0.013716713234734874,0.2479173420647446,0.24162347646898646,0.15806246721204653,0.00510645275060005,0.5422686059681227,0.20233641204679087,0.16953690657110834,0.0,0.5864554799102351,0.09842604251396662,0.08600305114835675,0.0,0.2536392406408268,0.14304755303636757,0.10222438209985273,0.0,0.2974311444375261
A07,3,21,0.15834529890863783,0.11557819978210991,0.0,0.3536265453672422,0.08176249473603775,0.08994595758579965,0.0,0.2537988062247422,0.3487956755231066,0.18736266652395278,0.011432901908076649,0.5554226072799723,0.20900249407539698,0.0920335493127373,0.0071860024117588505,0.37029649686070115,0.1281860451841885,0.09902434572127078,0.0,0.302817979986489
A07,3,22,0.139444658189693,0.12205367405952419,0.0,0.30794923975132704,0.1974746937688378,0.13665453604998334,0.0,0.3936011319494792,0.10231233139646369,0.09579280658520145,0.0,0.33257282051532355,0.1641690578244885,0.1443138152863143,0.0,0.4623024665695662,0.1345907379146263,0.07993298122672426,0.002943600566489441,0.2675539250538285
A07,3,23,0.22221691020821943,0.11950725024956951,0.02484950156380902,0.38838452948819785,0.2877797031827661,0.17636633171986926,0.014777194238195346,0.6115240849321533,0.27924026013076897,0.16705582821144827,0.0008821264890078887,0.5011630708220595,0.16276989770822456,0.11234362495573753,0.010740965639315021,0.4395451849034342,0.05312302570953513,0.0627591069810973,0.0,0.2341900446310319
A07,3,24,0.28164299575672863,0.11435341575581842,0.09241191799929019,0.4698105317241273,0.32077685352139773,0.1881005676265177,0.007366275005090065,0.570807543157934,0.38248397654420824,0.22115115003550168,0.056419499478737936,0.7540167300548025,0.1798583692203579,0.10321410438241971,0.03141954505258319,0.34561256301027665,0.08205158259095519,0.0755798582266547,0.0,0.2471475604817901
A07,3,25,0.24683175025149692,0.13335200897562566,0.10608750390933179,0.4706322211923305,0.30037569662869,0.18298456958098958,0.0,0.5543714480109422,0.17442687049047637,0.1206624074385758,0.007291565288559628,0.45302003197320895,0.20535388419382986,0.0812544560320366,0.09891352868430514,0.3250496734354523,0.052547438578549224,0.03677796856066541,0.0,0.10545930092502075
A07,3,26,0.17518258846103135,0.1119626892716767,0.03270298162355677,0.36923954325103253,0.250825785138756,0.24155272224373808,0.0,0.7955215751618553,0.1715731015636043,0.19000458870787273,0.0,0.6456565602614269,0.11696995879428133,0.11060262280762426,0.002080827708936615,0.38718593921041283,0.09920779740998613,0.0785692356639891,0.024011381252157942,0.31627640850881955
A07,3,27,0.13703764052678,0.09559446200207965,0.0,0.30144208832177327,0.17325335181375917,0.13193403420328131,0.0,0.3607283660363851,0.11966337881517695,0.1453673096030193,0.0,0.545582452116648,0.13054234785432456,0.10636003126845102,0.0026162135760551897,0.3399448907805742,0.07928505271779729,0.09886968631051887,0.0,0.30635353189331915
A07,3,28,0.16917374196117202,0.11903628745532545,0.023310013333526353,0.4464213476716092,0.10632060359819293,0.10474386495838132,0.0,0.3823534747196608,0.28687463379120054,0.20485762903187651,0.0,0.7930266846089233,0.23748311225170388,0.10533457594301032,0.048981235237502925,0.4037578484618942,0.07160978517317214,0.08385564280687867,0.0,0.2511514882809219
A07,3,29,0.17300248221775685,0.13495805033950858,0.03510476284118845,0.4449230705892027,0.20005169122593372,0.16929472516995778,0.0,0.43586157992510366,0.24362455339075595,0.2032390873805158,0.0,0.6242791139347444,0.16927995452938122,0.10756464588306722,0.0,0.3769099524218101,0.08436004262064446,0.09782270926682637,0.0,0.26325310237609745
A07,3,30,0.255659129607383,0.10504236447114548,0.1083819575162986,0.5097931319511753,0.2629135379884592,0.21214202516699318,0.012414676387523693,0.7102781341857305,0.3112735088646046,0.19474856619468758,0.047516011294402145,0.7791093007880301,0.22966277860504275,0.124130148460919,0.050312233536265114,0.4598106424503681,0.11519754714411184,0.09443033796681481,0.0,0.3206709898515543
A07,3,31,0.3115512151544016,0.11052063242646244,0.1206122853666871,0.49144400259005655,0.27037965116979445,0.14477447078558348,0.0,0.5817034461582606,0.5261429362543419,0.16938735588966422,0.13471024472603332,0.7737259121182783,0.20918584844564395,0.12771226976360545,0.014891794861459482,0.39647627605052177,0.07859168174321166,0.09955518304003012,0.0,0.31751252955994874
A07,3,32,0.26463289912953497,0.07008319911638895,0.09401914895144482,0.35288992383420587,0.21189314032029208,0.1264714599663967,0.0,0.43175489175766096,0.36447053413783503,0.17696134399250338,0.12624111631592833,0.7104961380183602,0.25045828615261,0.117021966998522,0.07009008684045717,0.449082202138151,0.11792167118205119,0.12257379927118614,0.0,0.39769203737941694
A07,3,33,0.21825345929272322,0.06169849757356769,0.11306045066511464,0.33437870588233176,0.2456504117682892,0.13590391157597267,0.020211382702637115,0.4985838605429977,0.2607938758189188,0.14860646740341366,0.0,0.5172659330651408,0.2359121234543239,0.0706466546969144,0.12124023738452597,0.3464222832175606,0.04022954176325145,0.0423967147641903,0.0,0.11541973395980545
A07,3,34,0.21241231662537785,0.10471674449429115,0.051931022859624316,0.36355754324382594,0.24931090724047647,0.13911410204648977,0.057225741500449616,0.5052616929492108,0.35871927432286715,0.23934073276326884,0.0,0.7163864502095768,0.12035018995559514,0.11637715882374196,0.0018918570099649384,0.36173133004223595,0.0898870361496989,0.07328167866468811,0.0,0.22703934474812787
A07,3,35,0.19489273254165937,0.14932688485782927,0.005112226974139965,0.446564125136799,0.2740418243177101,0.17063975414332153,0.0,0.5688259818367124,0.3454297901259741,0.2036397800063644,0.013573690205271263,0.6950626498314187,0.10730324345735041,0.10517247769334177,0.0,0.299282815393597,0.0809117753885982,0.10295192514680095,0.0,0.3323553068964
A07,3,36,0.21345785384888677,0.12803835920581416,0.023696721732710042,0.3787091143402109,0.2249576506518916,0.2069332258290199,0.0,0.7267061491185218,0.3114288442633923,0.24014100996907814,0.0,0.6814546324135285,0.11283951615904228,0.09865634652456452,0.0,0.3692093170928487,0.1108358495481088,0.10355839061176231,0.0,0.29842397365568996
A07,3,37,0.2407403981858015,0.12662555812147133,0.009809957419115469,0.4301164223436462,0.38621679528352115,0.2252756818826253,0.037407839912878486,0.7565425620472029,0.3199386375849324,0.19784165648853966,0.0,0.5875653961142413,0.1395352600680774,0.09010294993551467,0.016923912779513932,0.32406432954971204,0.09352806869182105,0.08582997975273644,0.0,0.2959655551196918
A07,3,38,0.21798024103791033,0.13616054996565224,0.07036468817323269,0.4374304807564572,0.29579934946196373,0.20951323528040725,0.0,0.6965863714480853,0.28127830459814146,0.1960726908950049,0.0,0.5558824277694218,0.17000774572833546,0.16773389315323603,0.0,0.47899022542244263,0.07840799175898797,0.06820545473785068,0.0,0.23395207363818174
A07,3,39,0.24160119618743664,0.14829745238864778,0.007482449874825888,0.5124530178795366,0.3597598036124004,0.22605956350972387,0.0,0.6522163364370605,0.3581840550091443,0.1804150177652568,0.09302320188379756,0.6917070074564465,0.110871297724664,0.09913406293076876,0.0,0.3362490550999161,0.09801718238893736,0.1123769064302544,0.009115174946158227,0.43525128083978526
A07,3,40,0.19113326233900038,0.11595546077615475,0.01822390204748284,0.43764510919737404,0.3506252203067198,0.213532005738748,0.0,0.6923546451238938,0.25059284734780096,0.16342378728012413,0.0,0.5213496709495282,0.14912945751084963,0.10192025865201519,0.006499246403533562,0.31928942792385684,0.124356654483239,0.11957033646636746,0.0,0.343085448480398
A07,3,41,0.2197674884567238,0.12776150775730524,0.0,0.4832331905767201,0.24645364067043443,0.17139787811988796,0.0,0.4821156900844385,0.3015589905989182,0.22493472598980632,0.02172470527058488,0.7828723447725553,0.19459485708063864,0.12348121199167635,0.0,0.42478180537095117,0.11819830307669502,0.07560475294400551,0.0,0.2265991678187273
A07,3,42,0.21591101790529882,0.08743086353774064,0.052883794688532375,0.40810260516315705,0.20671753024890496,0.16040351888456128,0.0,0.5238455620724449,0.3524369092652911,0.17636469124131715,0.03877715209209763,0.6203907290605036,0.1669934673012269,0.1190753362581684,0.02681750931580424,0.430087644130675,0.06794268390396732,0.07485136064946062,0.0,0.23480476273861828
A07,3,43,0.1710032646572146,0.08728427799830525,0.05306879953203177,0.3200404577401953,0.2557593956168878,0.1921628999360332,0.0,0.5287997383796746,0.23621482760328688,0.1833496016322964,0.0,0.49175728258067775,0.13058118868769902,0.1265313312390557,0.0,0.37657290366834095,0.06522477705572544,0.05927356454025869,0.0,0.16548232447989739
A07,3,44,0.1734765863383205,0.11104586441057165,0.022877343117959605,0.4224139829933179,0.2783143980818855,0.22069607616049053,0.001691377888672796,0.671121654374183,0.3556600196776233,0.238900638187966,0.011774425003917201,0.744936133031727,0.10342264362439947,0.10580025464172357,0.0,0.286202436773298,0.0905332237651396,0.08964328487998033,0.0,0.2804209733893281
A07,3,45,0.19140358957949757,0.12413397247734494,0.02482562662214186,0.3892113609047846,0.22534405532824406,0.16040095910509455,0.016553573482185762,0.4733687271296722,0.25972579272010143,0.1591036458486719,0.020298514852003673,0.5269774708416534,0.161655612576901,0.12439831705961589,0.03411283991799991,0.47696221090233476,0.10649964803554314,0.11304990500366822,0.0,0.3360707500965971
A07,3,46,0.2019629560978344,0.1204520484634526,0.000930538221137137,0.3563982941055158,0.25884341703436486,0.21385349741581805,0.0,0.6408884015579935,0.32285516018184685,0.18667264620708118,0.008656418634185838,0.622918852302709,0.14651620036945048,0.11635705225998422,0.008617513454777934,0.3740280421464885,0.06461650832682048,0.05270281430897384,0.004613138670567293,0.15708157434003006
A07,3,47,0.18757240089360527,0.0933864968106078,0.058240419185064556,0.3870765154133398,0.35294941173814026,0.18064250547114438,0.0,0.5799830614591392,0.26055260699331034,0.2690135991303195,0.0,0.6802257043415254,0.08757310101648037,0.0764411376425801,0.0,0.2534017494593782,0.10702209530605661,0.10466052996063702,0.0,0.25933901777749463
A07,3,48,0.16958190978032112,0.10412476909598437,0.016112608686513256,0.34858764674803283,0.11539885111142589,0.10440561857819118,0.007534162814054184,0.3503148892868303,0.41906921130338104,0.23938053517180102,0.0,0.7616274418785461,0.10696621468246634,0.09452274699435714,0.0,0.2694270598176647,0.09521808834088076,0.07500147640770305,0.0,0.23509962127816508
A07,4,2,0.09516023181861441,0.09441868601777006,0.0,0.2802312130089725,0.10482789183509493,0.16029482637911485,0.0,0.5852661659536283,0.18773147753217928,0.20604185034622052,0.0,0.5486473830524665,0.19159081347014073,0.09551120246622692,0.00988623574269752,0.37179795897153406,0.07036680156819189,0.08695538477969267,0.0,0.3038613349515841
A07,4,3,0.12778696092797148,0.07133651170297235,0.009029563750493162,0.24523669250765343,0.13817378701876415,0.12615360167244846,0.0,0.4053977181555021,0.31274552300241076,0.17628646084273894,0.0,0.683262936638738,0.1621457762861275,0.11387324901746027,0.0,0.3488873481662192,0.0972718390846372,0.11294451543604744,0.0,0.311553076693981
A07,4,4,0.23375236180966302,0.07548256924915057,0.1182005460307904,0.3411292659028077,0.25501936483920234,0.20717307934808887,0.0,0.7480582241624011,0.24831614336941393,0.13477286559436896,0.03760521704922142,0.5123229296657431,0.18272957311206137,0.13437423033913176,0.0,0.4361309923266846,0.12834686308222035,0.10392454332349654,0.0,0.28760498023047004
A07,4,5,0.19690318480389604,0.12255458937919504,0.0,0.4057034832128118,0.29706982283120875,0.2061874963815008,0.0,0.5700484372577476,0.27741007010849755,0.1998727142679668,0.0,0.5393483977052986,0.19176540926321783,0.09191114192576119,0.06314469690236345,0.33860990465004626,0.12375855130819367,0.055655759291331014,0.0144039267410022,0.2409875256777661
A07,4,6,0.17278063082143433,0.12837253869060583,0.0106226947715381,0.38515473498644315,0.2407027028122305,0.24305671961473554,0.0,0.6588573017331163,0.2950846031217061,0.1849445606787673,0.042628457881335895,0.626476566062709,0.13383393986691974,0.10639424045793552,0.013339016519657045,0.35359952565218294,0.07327379067788449,0.09261249847969245,0.0,0.27292607246087724
A07,4,7,0.23454864827646213,0.07306916814008524,0.10776870300087722,0.37433475598192334,0.33870372503310586,0.18659608434415792,0.04279882506103094,0.572730698820308,0.3710027669244201,0.11577026016682342,0.22166072481895213,0.6263473486913925,0.1539869313659474,0.0845213026346924,0.022120719380881875,0.27528026825022983,0.058848919181654795,0.0797238755938057,0.0,0.2397876669324665
A07,4,8,0.193488215817463,0.10657772416035109,0.01788509199104552,0.346635683515791,0.33279471737495414,0.1473665542724167,0.1043831780156492,0.6226376855380085,0.24617828236435055,0.2107973775754889,0.0,0.6228153224228393,0.10323838728333247,0.09341049485581007,0.0,0.27676984135394733,0.12040717061120557,0.10031163644181705,0.0,0.32405840614819714
A07,4,9,0.21199133286378172,0.1389419786162337,0.0,0.4085445290160212,0.2769374078704582,0.20214501877105612,0.0,0.6128402848588638,0.4049536451259114,0.26199925485961856,0.0,0.7409266510255829,0.08515532651713431,0.08244118692863733,0.0,0.22033390672891048,0.04127838668420617,0.044199348570683555,0.0,0.12922133025431184
A07,4,10,0.15878862715055975,0.12585832218395504,0.0,0.37027376325407335,0.26515162726824276,0.24516145197523773,0.0,0.7060242315570102,0.24472264798751506,0.2047730385663952,0.0,0.5789167386022411,0.13379448340820385,0.13811970734694384,0.0,0.3706609178733154,0.06424281522918655,0.0545027122978692,0.0,0.18670555374798553
A07,4,11,0.17859835701363835,0.11443893835691656,0.0,0.39901410284372096,0.183938217842784,0.16852197125757168,0.0,0.5751703219156347,0.2895133040667392,0.18416253493402657,0.0536916029412265,0.6219358462357628,0.1324309218107707,0.08485178864521734,0.0,0.26356145737396863,0.0962291766107986,0.0811501042558169,0.0,0.2335472246864668
A07,4,12,0.245133405907815,0.1287390781612114,0.03611756780068476,0.4010336017792793,0.3309587116890979,0.16072412283895957,0.09350944438585491,0.7357332983742435,0.33604389405596985,0.23701179310164452,0.0,0.6426720114494829,0.1436174786455723,0.12794624780775893,0.013759088713027048,0.4271711960766618,0.025701396607620098,0.03698973899037904,0.0,0.11816512222349453
A07,4,13,0.20112979521953708,0.1273497809267289,0.04271108059045915,0.47725015359784534,0.16046501911701858,0.17734064531933263,0.0,0.49545541715115454,0.291991063478604,0.22767090573662319,0.031300178086470516,0.6510674434959778,0.17132758947075766,0.12101355605364353,0.020708007544812963,0.37072374557322,0.050711554406368396,0.059262367788541326,0.0,0.16259220313609107
A07,4,14,0.135826213411052,0.09391221996110821,0.0,0.3242257422087654,0.1553287344008833,0.1633131007548863,0.0,0.5455588360910412,0.16278482001805156,0.13243006036926622,0.0,0.42600615739143705,0.1415265267137202,0.1386395327408133,0.0,0.37996687599943463,0.08868920243776177,0.07321511851591751,0.0,0.19857133198661606
A07,4,15,0.24834342706866913,0.09212595146447446,0.013448488904684879,0.36374371754467444,0.2975579525761284,0.13483624084176724,0.05933184160968784,0.5365326492515438,0.3141814339276785,0.20171230179219476,0.05708851561611424,0.6727926496459699,0.21706122333388936,0.09200971661498399,0.012024771950082764,0.3336473053855708,0.1142368601345761,0.07830668458037451,0.007153248279083908,0.33446114018595186
A07,4,16,0.21232883831847407,0.06839121564778784,0.08288172848595128,0.32262720810170364,0.2798820272612936,0.14729414740927224,0.09214127163498712,0.4963717674662691,0.39905943365786684,0.19072132890880816,0.05223880513367961,0.612452214283522,0.12163410779035913,0.10795994898643567,0.0,0.354684413879145,0.12376579744521331,0.08287372245188798,0.0,0.23269083155471765
A07,4,17,0.17775303738915302,0.0635328310629968,0.0797415007329725,0.2946123530502508,0.2502534619045373,0.15316480275082595,0.0,0.5285149095401561,0.27009357558616587,0.15110049210956206,0.06059057951811686,0.6286271790672172,0.1353892820517234,0.07700618935143927,0.0331005070472372,0.27590232388786917,0.10202145062207209,0.0994219654741969,0.0,0.284083405333557
A07,4,18,0.18265854485193703,0.11166137041406393,0.03847605027247918,0.3802960511746675,0.19538243013490958,0.1319969857232401,0.0,0.4551464922735487,0.3031033386235251,0.19344989232641724,0.0,0.5484996033868897,0.13062983038367684,0.107008524580906,0.0,0.3567574187016283,0.08843142067721294,0.0934003917169593,0.0,0.27785707256751574
A07,4,19,0.198630622176931,0.1256472632521317,0.0,0.43517131131908016,0.25306264165966125,0.18950504428923567,0.011419373921066511,0.6328713469127328,0.31718358282417014,0.20189187759887622,0.0576640874834115,0.7723058130173615,0.16085293291827887,0.12622494845747895,0.0,0.3993784373804665,0.092570325718388,0.06477202411518952,0.0,0.2249490662963208
A07,4,20,0.2657267299797781,0.08839539223037529,0.12262856223581128,0.3962720962912788,0.3235951041193413,0.19055704168869733,0.0019995781664935114,0.6153648390929047,0.3922001140582548,0.22407565151938652,0.021525924858993992,0.7082861625349656,0.1620214973355263,0.09311283515492852,0.00807159531809698,0.33033906507515404,0.025043561299948176,0.027327993371202494,0.0,0.07843877573089428
A07,4,21,0.23289895274726405,0.13560485943887302,0.007799117547343637,0.4480701251619621,0.3681934392294116,0.22992971770240436,0.016342103220843413,0.6727594537024517,0.3211236728397305,0.1753317386768609,0.06377057872851392,0.648075362412931,0.13163791030188624,0.13821597079174472,0.0084426793405766,0.4478567896849551,0.06684929272559363,0.08226467310853906,0.0,0.2571260175202212
A07,4,22,0.2591251617652783,0.05850899437340863,0.16680305948709367,0.37783829393486174,0.29143706588682244,0.15209709535897434,0.005017125150468419,0.458265534361349,0.3464910156565699,0.1730202989349483,0.07005687424611291,0.6647426570033855,0.1713480565307535,0.09495464637399575,0.05502009717129624,0.3530728642381815,0.02704550926409726,0.038021055903143024,0.0,0.10745630987537202
A07,4,23,0.22432662142989926,0.13722773684283354,0.0,0.4518212786778563,0.26854143055395585,0.15673518605623413,0.032332637291789416,0.6104558977116987,0.25112234277859247,0.26019091870209754,0.0,0.8267260029268969,0.178092893606566,0.14345406300116118,0.0,0.36955950444285296,0.09604773013231761,0.08986949779573652,0.0,0.2987245642401303
A07,4,24,0.21322235362428296,0.10284533094537959,0.023721206944183178,0.3697395393394264,0.30562084454893523,0.17423647018296395,0.0,0.5915093278458194,0.3328332553351531,0.23586973715247322,0.0,0.6751532925953051,0.12749368654945986,0.0838746590066201,0.03744519759758872,0.2905523237778925,0.11514834072183931,0.14592071819615132,0.0,0.49112135182810024
A07,4,25,0.24013111980081298,0.14483883234489883,0.016741769329232326,0.4453146296481515,0.25987940380810187,0.19303281811203582,0.0,0.5325874328297875,0.3041231900895528,0.24760331469466954,0.019479958723618802,0.7280520344885394,0.18238992883463964,0.09643795433443121,0.0524321303259025,0.3178163965635251,0.08947180791655322,0.06473059226774137,0.0,0.2074350162715161
A07,4,26,0.1558161775492724,0.138738191576065,0.0,0.4506990235965108,0.151763835447204,0.13636800728056866,0.0,0.4328275385867615,0.25206024429767804,0.2304150789066097,0.0,0.6198130805177823,0.10449742996612622,0.13395991565732074,0.0,0.3860904673390442,0.052967821100038,0.055476948997223885,0.0,0.1722949143732166
A07,4,27,0.1995354114650371,0.12071901025325908,0.0,0.34870997136520904,0.179965297186607,0.12226367376496426,0.022599240500458393,0.42159947901521094,0.29046292694076675,0.21560232268571736,0.0,0.5863228085800077,0.17397524818622695,0.11697151827023317,0.03732478726166951,0.4355098051474774,0.09540562496666008,0.08806455653604821,0.0,0.2717899252564196
A07,4,28,0.19925055987290935,0.11483666924821574,0.048904982460637646,0.448620448147585,0.2146304533767204,0.12442976813160579,0.0,0.4318952263969419,0.280701965143715,0.21471238754127855,0.0,0.6835369146025417,0.16722975054734737,0.11017213952925904,0.0,0.3716906371583985,0.12904425222558083,0.1448483099725127,0.0,0.3985267359653061
A07,4,29,0.15297871325295043,0.11430223466856114,0.0,0.354454871976086,0.21485020543364527,0.19618643179100034,0.0,0.5781965549346608,0.21473072005166027,0.17411532443094863,0.0,0.5005447443837403,0.11667970757233949,0.11771581575352667,0.0,0.4207563782472042,0.02175254145938151,0.03433508042757588,0.0,0.125134957718996
A07,4,30,0.14171548602918357,0.082211238801983,0.012034745310762303,0.29210796338033396,0.180392229113795,0.14659261191001877,0.020552679821094925,0.48212315307364134,0.15366732879319217,0.11139600031380517,0.0,0.3245874688951874,0.15368485597102233,0.1163581644040313,0.0,0.3357176203320847,0.06345487831194267,0.06255405048177859,0.0,0.21627944234155572
A07,4,31,0.1666494395248945,0.09750317768734462,0.04813608209377545,0.3497718159178792,0.22618587643308483,0.18322636492775662,0.0,0.5261750170254913,0.2533019106198988,0.15225296032272945,0.043693139731385125,0.6103538942877581,0.10649378611214715,0.08741712656408616,0.0,0.26374342537220136,0.14534632705401104,0.10156611418665827,0.0,0.33898407436139844
A07,4,32,0.2344337849165224,0.1638311148730188,0.0,0.48677576430730435,0.3001645055147815,0.2762409657322644,0.0,0.8035085566586526,0.2802467633959806,0.19551143988810904,0.0,0.5449687942394136,0.2056390041330603,0.11225170436652059,0.022201282769580315,0.40427476066077717,0.0751017363270151,0.06986320495458734,0.0,0.23273384505062025
A07,4,33,0.21164017244498484,0.13039889644620506,0.004081127905430708,0.420842069749282,0.2353513125788493,0.181095344095604,0.0010583228513775561,0.5420489706492798,0.33721699731054794,0.19812084555420187,0.0,0.5959232431793673,0.12325115700574939,0.12286109637554321,0.0,0.36665806343103424,0.052567070286442155,0.07707544111896268,0.0,0.2521164865214773
A07,4,34,0.19593981069169394,0.10863286448581046,0.03370109035705417,0.38183590940115275,0.22248044348121984,0.18178726909325715,0.0,0.4696188843382698,0.3776511796425939,0.2111699461619827,0.08131570406874637,0.8280666947723647,0.1628129716754335,0.10539701180984276,0.01851840247848965,0.3360608466691941,0.036376214179299635,0.07324441377133639,0.0,0.27883771522761974
A07,4,35,0.25942529981451645,0.13505950958023183,0.04252483703120339,0.545832102144024,0.21253157447003243,0.19624064625228743,0.0,0.5582155545639523,0.41560252725362784,0.18901685804474677,0.05992746761879978,0.7257457815761009,0.14723089054957794,0.12934873649186732,0.0,0.37545215951006444,0.08610452084061367,0.09853598009929866,0.0,0.30371841526332083
A07,4,36,0.246079385837866,0.13971599864301004,0.025933475796803274,0.4476519880995044,0.37059165798098864,0.24174258371319815,0.0,0.7391326343192951,0.30359633348505966,0.19451881016318098,0.07554791687175688,0.640585719835884,0.12976278328626034,0.08426379936707412,0.0,0.26775555629621645,0.06319477744775874,0.08105549696219885,0.0,0.244618782383663
A07,4,38,0.21640050386342918,0.16809186321748057,0.0,0.49442512221953977,0.1978769093474076,0.254355135501402,0.0,0.7296316579457629,0.38235501029934177,0.21482798363867567,0.0,0.655987137857528,0.14493382677441724,0.1274935389227432,0.0031906520878426064,0.4029226252003673,0.07775172682850358,0.07109744766641117,0.0,0.24449883341905745
A07,4,39,0.22565633422581846,0.10251796291361655,0.06004876107113198,0.47592946604829084,0.23944972926388455,0.16641291023268162,0.0,0.5288395060782963,0.3376535095647596,0.18424411685809025,0.03740842306553359,0.6796197349707153,0.19866019529334192,0.18612016974213402,0.009651760171078891,0.4856833379891423,0.06568125023127205,0.08087213288730795,0.0,0.2950413731756238
A07,4,40,0.1608242827051601,0.09219406527469545,0.029129524048506265,0.34760011461439755,0.2323356162177545,0.1492612296291449,0.07395863552344717,0.6165084827127473,0.1704904870306652,0.1891189083501848,0.0,0.5608581588831562,0.1756061898130158,0.11723930759347226,0.0023863971996201778,0.3797650826059745,0.05171891365753955,0.04971030898843342,0.0,0.1323249024573349
A07,4,41,0.2608860457023973,0.10472041970220397,0.08630725582969577,0.48450209357628954,0.3196941998409291,0.1421437472904633,0.051462076637004306,0.4947339383271852,0.40470102892579624,0.18743698445407014,0.1673438707557834,0.822938368634609,0.14985982415719604,0.10597032202387735,0.0,0.29413156093114967,0.06841609917342238,0.07109055964891345,0.0,0.21968178904701638
A07,4,42,0.2255958901491218,0.09788126224299996,0.018331837785035363,0.36346781848974036,0.24847408628667939,0.16372790121103262,0.0009694895895704857,0.47238486182410117,0.40627060995709174,0.10356101337372757,0.20519238620235689,0.5877314665745941,0.08918590599703959,0.09075781625385247,0.004458795894765642,0.3792198515211314,0.043084081333272545,0.04772616965869191,0.0,0.15186346800055736
A07,4,43,0.15804747553121304,0.10633449273298765,0.0,0.3023356950479718,0.2170982556250488,0.21890455460564015,0.0,0.596250861410377,0.1906031425688066,0.13763324602362814,0.0,0.45171437597637715,0.07592659945259024,0.06003874801715897,0.01174938191301868,0.18167519060728227,0.050869059015009745,0.06664428398647515,0.0,0.1868160496821325
A07,4,44,0.1346594080443537,0.06764561647029839,0.008620574963946082,0.23352014115619293,0.3223068079638125,0.14122947195960378,0.12138244851948055,0.6238249774336452,0.166834371221774,0.16537085852793437,0.0,0.4591468096611803,0.11123801283762998,0.08898700700660242,0.003249334173916009,0.2597279008447077,0.11677475650204543,0.06878306068377048,0.0,0.20437137100236896
A07,4,46,0.22335961062508233,0.1176144905934683,0.052948604391357956,0.43949406726163437,0.2990969790506564,0.23743318120022347,0.0,0.7034913067484484,0.29782004838118714,0.23143111187280466,0.0,0.6321501198778241,0.2183800043821119,0.1392386901540773,0.03281029609980405,0.5026712722916882,0.13036212894150181,0.0744952626125876,0.00581367707867686,0.2867487978892647
A07,4,47,0.14970013048647265,0.15342537215592172,0.0,0.4468161420807877,0.1618610178968819,0.14990538403243778,0.0026241287435280996,0.5194381660746076,0.2630386878271408,0.2066308681450519,0.0017948236897396472,0.6490119194841891,0.1252418771455812,0.11378583572308151,0.0,0.3302562773773937,0.03654034920927593,0.05670816559990196,0.0,0.17012359373330202
A07,4,48,0.1703063281942839,0.08260343919986216,0.04953596841723044,0.30948344244645354,0.08467450354701658,0.06239817204682907,0.0,0.1899405726933092,0.35719870931747083,0.13447654160725547,0.20875220265642905,0.6024083626601643,0.11199976663837423,0.06292170302507023,0.013714390523203779,0.22154019774162917,0.08248413648506965,0.07960177141396524,0.0,0.2484545806884939
A07,5,1,0.25649218945050084,0.13845519004353493,0.025492355553819537,0.501769185767207,0.2785851107306036,0.1700529833612343,0.08790832760180389,0.5970572865745216,0.41579428478311115,0.20060991343661302,0.14935810058691754,0.7486364318954228,0.16632239944566019,0.1259434406093915,0.0,0.40309504151975234,0.07427819352448456,0.06532817279935332,0.005757635564347449,0.23538466520005802
A07,5,2,0.22122424715172123,0.09756390089128275,0.07030937978656678,0.40744892614897693,0.30565979260816467,0.16680302994222715,0.03133211574048035,0.5560901639801151,0.30180808886256244,0.21452085655684267,0.05178981889174158,0.7374910615955267,0.15795544051789615,0.07290191946355379,0.0057921350769773216,0.29007012111274694,0.07936655371994389,0.06834683886809466,0.0,0.24328370292885276
A07,5,3,0.1490239999033653,0.08523758439201709,0.03175757830074829,0.2559354942097142,0.191157939687549,0.19109393756120324,0.0,0.5975599188184894,0.24331319249431388,0.20099420066283177,0.0,0.6411930179630083,0.14424533331195122,0.07680710380166335,0.011070601915000406,0.3096724755047808,0.07032993625457155,0.04923121751242648,0.0036083545134090495,0.16493903313277083
A07,5,4,0.21365651521629173,0.121845840857343,0.039931455802758066,0.3799045729816629,0.26826476226522356,0.11992761537796634,0.06836914075655749,0.4675758945356169,0.2901863245431007,0.2785461458643407,0.0,0.6779861272825823,0.1680610501946182,0.09684108926810608,0.04797167162088029,0.41862223705201157,0.14881317651121156,0.08093463671563589,0.025645735405479826,0.3013842852776561
A07,5,5,0.18407458005043287,0.11559585235333342,0.035436563816791514,0.39672879075811157,0.34011213988847594,0.12644837782852075,0.11063500090412624,0.5637027971232886,0.334755309174064,0.27608403688430116,0.0,0.7245612560104994,0.11006296751715582,0.10487267845015291,0.00022484860415651818,0.35029950363413503,0.08834915247815998,0.078012232247641,0.0,0.257764375644277
A07,5,6,0.11877112760144343,0.12919797461770166,0.0,0.4191206218078425,0.1500661467363678,0.20510797122759553,0.0,0.5665669139075159,0.27645264538892506,0.24214976904399627,0.0,0.7600501062756418,0.09620538163341723,0.08189916425169681,0.0,0.25877599590976186,0.04051698873662537,0.06261280186377897,0.0,0.20210923261410071
A07,5,7,0.14744909037438733,0.07767285677694313,0.011043398769297321,0.23845069629594037,0.30612663743796203,0.18706952419355452,0.022187775914310964,0.5747724728560887,0.16376000747191835,0.13589763711073644,0.004526897453595199,0.43652744880378347,0.10832386521487242,0.09001738389446089,0.0,0.31253157589963426,0.08911718286089129,0.07675518147733087,0.0,0.24573864510857815
A07,5,8,0.28189777009236006,0.1104317675378003,0.0820225145959476,0.45374193504765425,0.3406482649787966,0.17042245948347132,0.0,0.5477332270483845,0.335475924804899,0.157582000953215,0.07661322924036959,0.5763957668988562,0.18749290393843546,0.11839829230042367,0.03976489670194453,0.432339903587232,0.12795755505240308,0.062185344752045714,0.022089804332102614,0.2378533097616862
A07,5,9,0.23610440630341153,0.14923396124597535,0.05520926222229895,0.5721665956625299,0.18739406613717957,0.14685684853489062,0.0,0.4491126704648449,0.35927991905013507,0.2613255689435411,0.0,0.8706418748274788,0.1777486139310312,0.08605940403328152,0.04969915631738986,0.31389656508985214,0.06813476573273371,0.03815330774106226,0.0,0.12850262177797808
A07,5,10,0.22018025136722472,0.10942037183824238,0.01377405204343672,0.3904481677108192,0.2403368058888008,0.1439681113320002,0.03329051306404445,0.44873908073205665,0.32055342251626257,0.24540230375570515,0.0,0.8046713543229643,0.17853922293539698,0.12276418237781832,0.0,0.47112837044185635,0.06417886998976942,0.08082226951663538,0.0,0.2749963062990635
A07,5,11,0.13831335001509526,0.12529552625347887,0.0,0.42114220241768346,0.25707284069995906,0.12309129996381245,0.01926166635177887,0.43088004077772046,0.17279834476345782,0.1571984365741073,0.0,0.4632308697635815,0.10211853590304137,0.13862231786351278,0.0,0.4567758666765352,0.09358115898432824,0.05079526672282323,0.00507255747155969,0.17576046348646804
A07,5,12,0.2289507358212803,0.12545886489516025,0.016144162647344258,0.4354679095012032,0.3718926742868146,0.1907192307038302,0.06538795895552467,0.6489171153513097,0.2745096064349223,0.2007290439781264,0.0,0.6280929565750825,0.16587146100224479,0.1138381769634797,0.015938262918067197,0.3648724724314342,0.10209962216613687,0.10906355384442457,0.0022212727535826054,0.32814984536236713
A07,5,13,0.19385303870361076,0.139516527632804,0.0,0.5379628233161479,0.3093332924217926,0.22311681274952996,0.016471534720592183,0.623296243333262,0.2960539736052455,0.25284051838060306,0.0,0.632651084257284,0.13188711980065623,0.07832415519719588,0.020920631385450732,0.31616874487984786,0.07797028362609733,0.08505951469358848,0.0,0.271706059093643
A07,5,14,0.23219900873830746,0.0919783297468559,0.05058428151283345,0.37138058893075865,0.20349774227514222,0.15911488577480085,0.0,0.6018564799776558,0.3643072022185442,0.13233979441843918,0.09257503816442349,0.4967370954796682,0.2328290996092848,0.11707970176959044,0.03421257782534607,0.454739628200826,0.16939054570688014,0.07533527767980448,0.027325182576242057,0.2993554960081211
A07,5,15,0.23500891729594245,0.12310234028457695,0.029900765821355986,0.42727381831815087,0.21471930476029208,0.1630037023693063,0.007229606905945033,0.6740018633923999,0.4412367695765874,0.16741559754148902,0.08786184477820393,0.6734183575389595,0.15384560493490404,0.09745869086717583,0.01331340829152545,0.30140478882993765,0.08159534815332399,0.06350829231103412,0.0,0.2239217198460717
A07,5,16,0.20998340935254317,0.06373122504486368,0.08858020668856029,0.3620667582660962,0.1832199243444689,0.16479750934597245,0.0,0.44504710207716636,0.3876652493487444,0.13236305633404502,0.0752656936863385,0.6020827493074867,0.11827317148167067,0.08467917566410756,0.010709048070343214,0.2598172168683951,0.1007232384522704,0.10967154839108394,0.0,0.3138687944397761
A07,5,17,0.2568394743597848,0.09503523053825245,0.0452995945659941,0.4019577283973366,0.3924893657654769,0.1773734122699737,0.10739196560635424,0.6528153642904356,0.37451839300077333,0.12738735403083432,0.03558475779997409,0.5779528839458438,0.138234134131387,0.09418634277983243,0.0,0.28485166601971235,0.08465016941015285,0.07899053339556228,0.0,0.2245152919597794
A07,5,18,0.20513777388107984,0.10062586560673624,0.017909186085996027,0.3469055502282616,0.306828221553145,0.14612355166871685,0.0,0.5284578097288518,0.17665214003789564,0.17575425148277116,0.0,0.46623161073404945,0.19203337939676626,0.13101953712171202,0.00431284019306734,0.45281053949470357,0.08771022482986265,0.0728028853436649,0.0,0.21447420534335151
A07,5,19,0.24379740057538266,0.07361575270402,0.13409291822552205,0.3593100440537122,0.3650240991527456,0.1413545957030809,0.11880612170189055,0.6039937896299111,0.29598208042727503,0.19524782311874744,0.017480989026042955,0.6147249350754792,0.1716089585723404,0.11047105184853075,0.06561171857927482,0.4392816861926291,0.11665651360373414,0.06797598404750206,0.021263152895551665,0.2260664186033516
A07,5,20,0.18677131487243784,0.15169440909625587,0.0,0.5214689706630703,0.20394654975008616,0.20198883316559224,0.0,0.6708765075982285,0.29880475358686925,0.1525071232532481,0.052185736464595456,0.5134191951123487,0.1689406737189234,0.13080560812042044,0.0,0.3512655972755589,0.10002188242539461,0.08259415919501202,0.0,0.32183901935264625
A07,5,21,0.17409966765337062,0.12494232231947139,0.03132833014670354,0.3602466520165749,0.23557066688914102,0.22228153651462973,0.0,0.6430532505663658,0.1492011376590872,0.16245778778614017,0.0,0.5465212983703547,0.13781311005465702,0.12963315350033106,0.0,0.40074660785495725,0.08206348155934046,0.08117291703068824,0.0,0.2737310299896452
A07,5,22,0.13574901226455402,0.11457152294821256,0.0,0.315337995790618,0.19889677386149546,0.20110342627645106,0.0,0.5025695176721708,0.11662403068458153,0.13896100764270986,0.0,0.4057484840061588,0.16316227310267176,0.10053282625923893,0.015629977881966788,0.3690058248797707,0.10970458772890236,0.11560615452391104,0.0026000194525525678,0.3369434446087108
A07,5,23,0.15721621981726763,0.09412586015975323,0.009314358143722232,0.30986307317194395,0.33406693664121334,0.1825510106880136,0.044931256571436054,0.6302227388131643,0.17794631127493393,0.10380618237239313,0.0,0.357327799387913,0.11153206808537632,0.07470333505451277,0.0,0.2469515977169192,0.051164210773802184,0.05156759375736506,0.0,0.20229723361695148
A07,5,24,0.15625895861399533,0.11198903768211568,0.006188888152326354,0.3772507154051284,0.3458366285769996,0.18369370270928473,0.07137875796201808,0.6331570839460142,0.08254734873214972,0.08512411324898808,0.0,0.23383133795031455,0.1566791239493021,0.13501479676238617,0.0,0.35952196007504117,0.04577300345920485,0.04345534298016063,0.0,0.136891225487981
A07,5,25,0.20935040154593196,0.11283705350909656,0.0,0.3956147767481566,0.10583560054040039,0.09938266836315517,0.0,0.2844342016888235,0.43044601545195404,0.16083080352973553,0.14170067849750406,0.6742458696076498,0.15808734496401908,0.14703686792673062,0.0,0.4517308782812357,0.03998126250350339,0.04804434706558393,0.0,0.18965901818744943
A07,5,26,0.24097853686689638,0.11629453080510405,0.0,0.4155112457653011,0.29275961796708333,0.1680151757856831,0.0,0.6645766536209913,0.36867475247720044,0.20820613958547002,0.0,0.6024421047247495,0.17035271447338352,0.0987205038891229,0.0,0.31845171486856744,0.068901782373259,0.08018206002090779,0.0,0.2776096680922308
A07,5,27,0.15103532837651912,0.09073041521315445,0.02168443347437738,0.2882401615304511,0.33885109232374605,0.1722610041065329,0.0057620255239932815,0.5399562824297071,0.1936230617290274,0.2069622833925445,0.0,0.6298043212079276,0.11238247364519505,0.10181244355714188,0.0,0.2959607588517859,0.13103185351731034,0.1318601587558842,0.0,0.4567567211635157
A07,5,28,0.17778648979459927,0.12151565929260705,0.01610514925505608,0.38755121063550896,0.253656509010997,0.17367891958264156,0.04532160957065808,0.6447517696562508,0.28972150156735227,0.2557618641605685,0.0,0.6716273668837579,0.0735968084920561,0.0764271296565509,0.0,0.22525584729443818,0.06356089019383795,0.07574165139486262,0.0,0.22284712162556694
A07,5,29,0.219712416250412,0.11737376241751096,0.0,0.40287460023656935,0.2851349436500873,0.20832770250561533,0.0,0.5937302417193779,0.2673593338903905,0.21736646923138897,0.006230673079908449,0.6270118049012618,0.18010808044460094,0.1336048793418261,0.0,0.418474749605374,0.09459886063570065,0.08993882485303234,0.0,0.32910555795987445
A07,5,30,0.19231674751881525,0.08820507663565838,0.05275885643078653,0.3852556694286867,0.2391720812739062,0.17169459812055035,0.0,0.5813770831444164,0.3352268482938426,0.17326505737728276,0.050177243188890656,0.625269909922476,0.1414926860224945,0.13710406171156914,0.0,0.4429379153721869,0.04146901000888315,0.042203955597744945,0.0,0.12447812234676105
A07,5,31,0.17885688462059054,0.1165859246707458,0.02574395360929011,0.4237317783481885,0.31908768907511864,0.21968740275326173,0.0,0.6424090542661752,0.2642191537641425,0.15215350931277477,0.032767498308933295,0.512833832076394,0.1344709569931098,0.1311766423424574,0.01808972850916086,0.42599899400332647,0.030964019798918087,0.04619210524580894,0.0,0.1365653608259032
A07,5,32,0.2549347307333309,0.115091430625037,0.03889357729021029,0.5117480133156386,0.31203519818406916,0.22587015293467863,0.0,0.6231093712406056,0.32890569448269463,0.18045092059661522,0.058809819976520426,0.7463509403140459,0.1923640122348349,0.11293625521235118,0.02872023848574869,0.42857632902864395,0.06829613632170413,0.06601285633275374,0.0,0.2479583693882304
A07,5,33,0.20600855932927123,0.0710675394974117,0.09475555436021729,0.32360041948793755,0.20188751794591317,0.17203959015023074,0.0,0.4509405381077881,0.34994560049758267,0.1263238197267791,0.14830028352321487,0.538694383566951,0.13810919468127472,0.10434551688216889,0.017935767679274264,0.35856045500952355,0.0949368366759566,0.12093021343434282,0.0,0.4177599436604687
A07,5,34,0.2125746006288275,0.11683035753751016,0.0178179184084777,0.4229173172569148,0.18040225383397093,0.10090824379768497,0.02392632416058108,0.3983444553748887,0.34574762218463484,0.1616464103750523,0.029225657155324405,0.5393216713857644,0.1961284638972473,0.13462390781869754,0.01658007152035588,0.4968824191697657,0.09607284116157663,0.10343787062952722,0.0,0.33600566398357057
A07,5,36,0.18983994684643787,0.12355449437425073,0.000256427039213279,0.42813260062734315,0.18856163587027142,0.15862083183597617,0.0,0.4920427529614849,0.28741864838896186,0.21602342633747793,0.020201126126707325,0.6793895346001041,0.15868811772191532,0.08028487150607279,0.014281678064076828,0.28896369259138105,0.08202594253569447,0.05772546847316306,0.0,0.16409926675712197
A07,5,37,0.1661986308691486,0.10218019636823189,0.0,0.3137536831241559,0.19309477540476777,0.1878323315960364,0.0,0.5541140352246446,0.24915650002466216,0.13799083911793078,0.0,0.40683382058956546,0.17714008795567235,0.11160177258534443,0.03225122813973653,0.389102786388122,0.11091185658446112,0.09856653266328297,0.0,0.3054451113619202
A07,5,38,0.17915004232620993,0.11670264385287937,0.0,0.39161807743475313,0.27472643483629877,0.2020754235935738,0.0,0.606493873760318,0.31478610265256557,0.22753208808406267,0.0,0.6608910007046866,0.1285577610410463,0.09705447949238596,0.009611424818071344,0.3002345612340697,0.05583383524113285,0.0758347922027304,0.0,0.2679249786348165
A07,5,39,0.19690334273727794,0.1544018698889684,0.0,0.5237098236587768,0.23401415860945315,0.19884335248214172,0.0,0.5500257497773742,0.1992005595754649,0.20782443262830477,0.0,0.7400097067188066,0.14915191316764606,0.11523878243725304,0.008440886590628851,0.41441956181965833,0.04042348888340812,0.04266779820080444,0.0,0.1288124927534794
A07,5,40,0.17147812423369363,0.14836662627026798,0.0041837655932054196,0.46391586611208585,0.2238211839492566,0.20222275282352012,0.0,0.7137943633595683,0.31027483058119376,0.2358256070661208,0.0,0.6606121775044539,0.10457782730797721,0.10596742779513778,0.0,0.3694262220123169,0.09385851687339357,0.08369374949639924,0.0,0.2895136660883012
A07,5,41,0.19351068435890423,0.10949627464372082,0.036041086349603915,0.359078310799021,0.3990324598733354,0.19905125863000944,0.029580596742352725,0.7651958412294191,0.1742713521676809,0.20547470835461965,0.0,0.5322177155964283,0.1453814485496784,0.11717048168946785,0.0,0.36543402911026873,0.044741844850884914,0.036989169173921845,0.0,0.10073248847085378
A07,5,42,0.208169848589408,0.06912221138041495,0.09274960759057878,0.3666594171135363,0.12669559353897433,0.1478922093060637,0.0,0.48730272279668485,0.4015674539734219,0.1868782373967258,0.13069269974507017,0.7380341888509104,0.18752341311400772,0.09220239036047692,0.0359605123729263,0.3381371010012147,0.03724343349757172,0.04047052363190495,0.0,0.14131180902982635
A07,5,43,0.20010197961264328,0.15622557839584691,0.0,0.4879166335912778,0.22002712312040654,0.2690333459367288,0.0,0.7301383195520676,0.32928506113484257,0.21213773071332215,0.0,0.5772121326398005,0.10967127471103001,0.10553182586282424,0.005429150242323821,0.3749328972093866,0.09265706889731638,0.06538029684072892,0.0,0.19330350498711896
A07,5,44,0.18884689516609157,0.11526248505238004,0.025898471137988203,0.36508112571437445,0.3528211373391911,0.21895435384386214,0.010151243684965292,0.724726543781131,0.26214423905830786,0.21049212323058764,0.0017922294710442774,0.7392431414881694,0.04798561258006905,0.05876572717344725,0.0,0.21717902668997158,0.06880405913626968,0.09939162489405234,0.0,0.287287322533975
A07,5,45,0.21742239519303064,0.10967181013191747,0.005261726079488779,0.3741385058718973,0.26507571869974994,0.15550428187304582,0.0,0.48164516287820763,0.27050355188460007,0.22301271490309493,0.0,0.7009458155492725,0.16679715142784865,0.0849955871424568,0.018009198849812003,0.281425568012314,0.06403698929053928,0.07776494114692632,0.0,0.2795833054521218
A07,5,46,0.18163219832044866,0.1302435852807341,0.0,0.39618887557783494,0.24923988973140573,0.21330885123060905,0.0,0.564946441017842,0.2583712807530545,0.22100639504241681,0.0,0.6336868078357669,0.19455792202927086,0.09605011499990654,0.026336078837363823,0.31378663044567595,0.10712659331188384,0.11933680922639488,0.0,0.4009172249922467
A07,5,47,0.14039864070089425,0.09486899353386767,0.0,0.30006397035998456,0.14812118802173482,0.10746067167374639,0.0,0.31553987913683706,0.27637183041677604,0.2656690596920626,0.0,0.7788212204326401,0.07857037075885367,0.07692826653466524,0.0,0.26892501250588674,0.07789187712291182,0.08237792807100967,0.0,0.2284976413774094
A07,5,48,0.3002742192269032,0.06781660596455634,0.19018659492958934,0.42585771139891476,0.3932857605261831,0.17735751574892974,0.054398405533934234,0.6539700841715924,0.4289991777238059,0.16987801378206532,0.016630167416686308,0.6707975395998332,0.21110454485617147,0.11031153585102338,0.0,0.4138495659327463,0.1132635288909046,0.08101285613507243,0.0,0.29493016928441396
A07,6,2,0.1346033700805898,0.12112246314537176,0.003426204026755023,0.4288177411817782,0.19714075018811555,0.21162884772631393,0.0,0.5405785500661989,0.28715641959025395,0.2294220296270617,0.0,0.7050757422457935,0.157276437907188,0.09648903156841376,0.013799277514216788,0.3359241140230364,0.1742523733737881,0.11423783846701568,0.01844529615073836,0.402221800876109
A07,6,3,0.13078291287187632,0.11191941768690948,0.0,0.4049561709606335,0.3769476461724583,0.13406653930995915,0.20108923345750696,0.5982039368686413,0.1506451879528788,0.16133638091765917,0.0,0.48440381788696885,0.14820840085044992,0.12242214188760515,0.0,0.3984620221906664,0.13456521007629946,0.14206578730685965,0.0,0.43060663308898955
A07,6,4,0.2566149235378924,0.137014735442954,0.03549382022633201,0.48890142252208485,0.3850707457785504,0.13537619290551697,0.13365284607949135,0.5954932814429471,0.20321824708644626,0.1567729066387975,0.013386136545419234,0.5192295228747484,0.2607697438489008,0.1467738715872993,0.028858457442431176,0.4660374818206096,0.19817563661717438,0.10542099343010586,0.03923596259481194,0.3794097364132932
A07,6,5,0.20598679014761373,0.13258631366406928,0.038097138511799154,0.4873497996089489,0.25771771765543056,0.19515893485981806,0.0,0.5484577500438591,0.31160002851348007,0.19547282767951563,0.02004746273016378,0.563090940351472,0.19937813023344222,0.12565217797599032,0.046812968568919734,0.4570327478230153,0.166978718505309,0.1321436083935376,0.0,0.4650291425691958
A07,6,6,0.16213123219631953,0.11711554846103267,0.03337177219399058,0.4223601539105237,0.29768699565546947,0.2122061244092381,0.0,0.642809259954418,0.2673785536456054,0.16269125302841383,0.0,0.5603329679577247,0.17214555993227526,0.09717493202795995,0.031173117076810808,0.33442149604251953,0.08707490399327446,0.06250158549643973,0.0,0.18864946533295343
A07,6,7,0.158396591378179,0.1272891709735305,0.0,0.45562785532821476,0.22841537749021742,0.16357285081823889,0.0,0.48102161030599155,0.3492375850438794,0.2268184704852751,0.0,0.6581991110500909,0.16192341434070065,0.11698470828238286,0.042610054216946795,0.38620818672310253,0.07727431179567128,0.047557880866457396,0.026075602627118482,0.20022085061736597
A07,6,9,0.12246347951934702,0.08400244789191325,0.0048492984950675765,0.2949395723678064,0.15089329561804982,0.19665027936779664,0.0,0.6043690457980849,0.24631874369634044,0.15949920325928443,0.005474703540680946,0.4722903982523122,0.14605048084211253,0.09867975420356055,0.02768447124584794,0.35520765913349706,0.0966857105081013,0.08294779839300338,0.0,0.28275407774188277
A07,6,10,0.15273422733254854,0.11291607423566712,0.01056311681670701,0.3510117208797875,0.28742028123480184,0.23357953942970147,0.0,0.702785053627843,0.3164113975115261,0.1922371182504011,0.04693312552127872,0.6865516442787191,0.12975839201795436,0.11141844394573759,0.0,0.30156005234511946,0.040128039722490016,0.0672848236150491,0.0,0.24305799985957482
A07,6,11,0.168905676767463,0.09367294651863667,0.025288305634375865,0.3609436096204516,0.3128708945658063,0.14232916908958126,0.08818354813675289,0.5792205332709841,0.17793922272421345,0.17235996121574762,0.0,0.549695384867814,0.14326414717368413,0.0931096331775119,0.012099823402265406,0.29028050633435915,0.05409268052043094,0.046367987170298906,0.0,0.1514384016445731
A07,6,12,0.15549933334702315,0.09980841370301806,0.0,0.35966799929347804,0.28660347524651436,0.1924278663057668,0.010717190254138895,0.5614609297120065,0.14254130627883177,0.1523090887668211,0.0,0.48590330565638734,0.13417456185738053,0.08466810889486738,0.012200493745857124,0.26546384407244494,0.10196131966491372,0.08703867111118042,0.0,0.2951351607149758
A07,6,13,0.22199908367026247,0.10220009933476401,0.11113777491373487,0.4703505157609241,0.2577886545668868,0.20356763637958294,0.0,0.581466678002642,0.40003764797802044,0.14472201653612005,0.22031271822852896,0.6741156379957671,0.11956848611855993,0.08298484030352991,0.007027656430439043,0.24817724340536104,0.10823426535775074,0.07035867932171784,0.0,0.22470893077886375
A07,6,14,0.2753277513771514,0.15479552665835605,0.0,0.44862649100845975,0.24934533621693364,0.18087180555475815,0.0,0.5176159811283003,0.3667251799158084,0.19200136509240953,0.0,0.6274135511223776,0.21642261053175474,0.13812429414647703,0.0,0.43527805150755,0.07429794036035729,0.0770843884115949,0.0,0.23450590728133994
A07,6,15,0.1968802459596997,0.15762641424637638,0.0,0.5974510296812381,0.2883879151846618,0.25068072194124247,0.015743493738339547,0.6790554678980126,0.39750687506208077,0.2064390573762324,0.06892508681397407,0.7845958792702129,0.12366294795506456,0.10122146449437124,0.0,0.3085027904689204,0.07631072913273115,0.09727287295893935,0.0,0.2935099890825383
A07,6,16,0.22811815386102302,0.08631405328420962,0.04413431118887775,0.3673951153589257,0.2296605123892491,0.14557125129512136,0.0,0.48106799079163176,0.34182238290485195,0.14674814691443713,0.12722307738676933,0.6279691799024902,0.1827508729305782,0.08335828261539249,0.03561583927479991,0.37851361576175063,0.15032260417651883,0.11456228704566261,0.0042341373909355095,0.4127299928115543
A07,6,17,0.17610716612706914,0.11141989344910193,0.037821168795540525,0.3447133132552933,0.246904412190161,0.17892282378177643,0.0,0.48225541415287726,0.2626967394926702,0.1416654029498308,0.0151476790802639,0.5543519840090473,0.1631050130172659,0.1061726629142618,0.0,0.3347519299960456,0.09306755369843901,0.09036095498214652,0.0,0.291487834711461
A07,6,18,0.18633928578605152,0.09352165376416714,0.053102586080167366,0.36822280027382537,0.28664321177534263,0.0835250104196737,0.06817865661057974,0.4460954447032822,0.249680825290716,0.15714593493469756,0.019880722585196704,0.5612198072603285,0.12761124246346175,0.10515994290692084,0.0,0.3042753297756676,0.08872208169709972,0.06196992437268145,0.013123447132038168,0.2181765013514754
A07,6,19,0.2349583146820796,0.14395720730315265,0.0,0.4712658926219886,0.2593641013782088,0.17670738027322272,0.0,0.5647143178192728,0.3672311412171828,0.23759032462016938,0.0,0.741599821543476,0.1552584585367511,0.11775727846583328,0.0,0.35428688505215594,0.14347468252125278,0.1139172654338657,0.0,0.32404880876230285
A07,6,20,0.19193261256542607,0.08565554231520238,0.015804684197889034,0.35298320202912414,0.1983000559781818,0.1524945605213885,0.0,0.5748959892820797,0.28286995106838525,0.23976296136804587,0.0,0.6328825646986085,0.18317865853638005,0.14388344237711936,0.014792165267158304,0.4362332778990495,0.12992799205742833,0.08239282683657967,0.004369238162720755,0.29380926039832783
A07,6,21,0.20190039663517234,0.12012251287016604,0.0033068035150207414,0.38126509716027257,0.21565027850673743,0.1919546206829742,0.0,0.5512258471565535,0.2455381968496918,0.20764466317242364,0.0,0.7264176449548904,0.197328751826829,0.08937913299233692,0.026288512915562827,0.35366503680716416,0.12239704729968803,0.09536240463549137,0.0,0.24999220191664953
A07,6,23,0.18756842020681616,0.09027280949593942,0.020172128831852282,0.2938624165257632,0.2981632263903357,0.219019289394733,0.05110659783655236,0.7187117613642056,0.24484836684118141,0.1704598732796916,0.0,0.5131989291350926,0.1162257283893491,0.066695261195638,0.03807646911444048,0.25553298744204017,0.10329246762295262,0.10153372741455417,0.0,0.2684815180320736
A07,6,24,0.26669494410712236,0.07546501355900438,0.11613587246141673,0.37021495474364363,0.31115903353491364,0.20026575697185403,0.04693074593915241,0.6723260726594174,0.42412569025825175,0.2136010973512016,0.029041834015299823,0.7505996584387276,0.2120282150292568,0.1339428002818703,0.0,0.4314987419415344,0.06388432290645953,0.07819543371757033,0.0,0.20535474505126367
A07,6,25,0.24014298202289305,0.09809002055637978,0.04791846423273538,0.4165196172701205,0.2444444694173522,0.15007236805954616,0.021790863139201328,0.5084586252802759,0.31804975988644446,0.21366378109822895,0.06602797015353874,0.746508231998466,0.16422883907172617,0.07337821788367518,0.005929646294855373,0.28438545661576453,0.16873278538623993,0.11293128652294615,0.03127191428270578,0.33562082925962267
A07,6,26,0.19629026378204728,0.1055079216390392,0.0,0.3714719582522375,0.2533826912110721,0.18265901420693226,0.0,0.5964417588896515,0.17585128693925817,0.14795870276526588,0.0,0.4731342785979334,0.21045131573581627,0.12191361169589976,0.024834730197323913,0.4142625987064341,0.043926717622771484,0.047604195226514656,0.0,0.1566000554161881
A07,6,27,0.26359979307039794,0.10172424827360377,0.041036467747186625,0.4045171067212127,0.3300709965256204,0.17584455951652775,0.005157141601566535,0.5379893196668274,0.4251981845929579,0.14042719471564602,0.08947269457012759,0.6173466275090844,0.2011326976644506,0.10448223767433343,0.05400535029803656,0.41858916568000104,0.07330976228266979,0.0940718490894968,0.0,0.3140290844719557
A07,6,28,0.24711858527084882,0.1024456203525366,0.07663666122272098,0.38613182924044487,0.342759061769258,0.1355377702941813,0.08863515982638513,0.5937827326341626,0.335639861395531,0.1952383677798954,0.0,0.6015955590699317,0.15825690082853988,0.09440732282686128,0.012670335625800777,0.3255329545223482,0.11328580380875392,0.10440185775923595,0.0,0.32923303764861117
A07,6,29,0.20009480551667463,0.12718538113340247,0.044861591215258234,0.4343870794486452,0.21645756370620617,0.13552773128525508,0.0,0.449550909563112,0.34478206065898925,0.19588732479914617,0.05925150180311949,0.6751236093777108,0.1377048992345207,0.12712036305781346,0.0,0.3833424225342615,0.08451145629845952,0.06282892534487604,0.0,0.19185546544811122
A07,6,30,0.18766993272384785,0.12461976652304756,0.02621567152663719,0.396641236781846,0.1530337687174184,0.18523787780537537,0.0,0.5488482209420619,0.2884585211657492,0.24707871747142265,0.0,0.7559167190271455,0.16472520714672498,0.08315140270232672,0.01954480577794921,0.272725539107991,0.07611943990965689,0.08193934261175431,0.0,0.22587928923211859
A07,6,31,0.18207079555327413,0.08932119656338283,0.04801891681227009,0.3218602281492026,0.17948399702683498,0.139842601279102,0.0,0.41892216201132865,0.3024422156127618,0.168924465477218,0.032876833130567364,0.534977219983344,0.16705089318153418,0.11350155458614125,0.0,0.3584702561843978,0.11765650233853991,0.07740000920048841,0.0,0.29476911366829983
A07,6,32,0.1948950372517873,0.12418776317493521,0.0,0.3876135092805001,0.20419696617540498,0.1644341409254566,0.0,0.4430780350608258,0.36360116733680076,0.19656951632397515,0.007184103331486827,0.6492291673439597,0.056663275496184225,0.049850369650972164,0.0,0.1694770345316936,0.07343310435548082,0.04836828653735388,0.0,0.1436725208033231
A07,6,33,0.24303187784178484,0.10665106410601008,0.08415124844471392,0.47087072373432004,0.309788757616741,0.1838975661810035,0.02180520023380777,0.5676623087390318,0.32553283354067813,0.15851017988098215,0.05946572247933392,0.5386807978632316,0.14796818020045885,0.10341822032908939,0.004631295493602305,0.31212699115459136,0.04001318632560017,0.0515014681370385,0.0,0.14931792093233806
A07,6,34,0.238932016063617,0.12290995576579734,0.008218030220340193,0.49621722184264583,0.3619196086534638,0.12088840969923625,0.052341737729704886,0.5038082327185502,0.30085178026182186,0.24001302168062838,0.0,0.7796745089516971,0.10499251189636265,0.09756911610924754,0.0,0.2905011820429423,0.07026973375066072,0.08112741500094023,0.0,0.2902145888395672
A07,6,35,0.213419898527397,0.09080285656402606,0.009030946013356236,0.3386647849664418,0.19636381436624575,0.21473259002554754,0.0,0.5765895050724004,0.2881672307745276,0.16356916034257074,0.029732297032260897,0.5169289265668946,0.17261130153018153,0.11583733770036082,0.0,0.35426746591744235,0.13603497181015242,0.07371675443041595,0.007984316307115158,0.22966865286298033
A07,6,36,0.1541226727495953,0.09548673400478473,0.02296230484086465,0.3294648264060305,0.2713662195215649,0.13532515274776075,0.02819107334661806,0.5604471916166011,0.22308900645521773,0.2299729000005252,0.0,0.6742125342902806,0.07394817259900817,0.06327339980019618,0.0,0.2130262161868655,0.0686159263851672,0.061286030280533525,0.0,0.19480365236551853
A07,6,37,0.2499262651406703,0.12312516915190404,0.008269943923893876,0.44317475032219866,0.2533090519073707,0.17449513059088073,0.06137962255603392,0.5667626584810433,0.3882954403674571,0.2624994631328078,0.0,0.8166847515150899,0.14386983286819344,0.10144541492915958,0.0077435138849889186,0.3165359361828702,0.06731145977531658,0.07679974653206163,0.0,0.20135361559361026
A07,6,38,0.1737384501199485,0.11166038161820104,0.054185452309990535,0.4283672643928792,0.18189111422885987,0.14264618777348972,0.0,0.49563552436460745,0.27355011721374056,0.21660934236828483,0.0,0.6548361345999136,0.13791898657118415,0.08382215861335168,0.0,0.3195091436808907,0.11431276640639601,0.09087321063347445,0.000851049248043261,0.3116413036221002
A07,6,39,0.21703440476891644,0.15777483622391,0.021530068454631235,0.5062920036917807,0.25369766189457077,0.19539451636453378,0.0,0.6832235236590145,0.3364711143400861,0.2396701601300931,0.0,0.8105797808156799,0.12985321720952125,0.08620689304836988,0.0,0.26836762496618094,0.07344474317751812,0.05638628235770481,0.0,0.17620012633293441
A07,6,40,0.193843529036958,0.13637776172388605,0.0,0.483132853912488,0.2442117748215517,0.2238091624995098,0.006672818878245224,0.6978644928950082,0.3108650013278583,0.18840155078423754,0.0,0.5944838141456616,0.10839818886630927,0.0982150710389355,0.0,0.2693766078865792,0.05544613690388092,0.051566056753178394,0.0,0.16847713368239875
A07,6,41,0.25492637652837313,0.1033042098025441,0.07486129986160406,0.4205449534215114,0.24231344612177722,0.19860760107650138,0.0,0.609074917144203,0.47680161430603707,0.1697234081855199,0.14801853120959438,0.7577327344220732,0.14148703633378823,0.1375066797315435,0.0,0.47569320884769295,0.07442370672027156,0.06754421734511412,0.0,0.19720859299812002
A07,6,42,0.22694659473362916,0.13164299495000645,0.020929280250302877,0.4216092583808541,0.21918923513350214,0.16414563104582103,0.0,0.48689744660664747,0.2806450868369737,0.2160472843717192,0.0,0.6800128198105229,0.21586143356608808,0.14358408270399578,0.001616809594153509,0.44380444638091027,0.0897856531530242,0.06468576005054483,0.0,0.2534892778650105
A07,6,43,0.20811197958128538,0.15465786023104444,0.011090847917048698,0.463749231506008,0.21463317870059093,0.10659968549504169,0.04340650503771041,0.42246857229944285,0.2995260709995604,0.2472761918288789,0.0,0.7693979346850147,0.20132793943275862,0.14322526150262835,0.0,0.4166886778385272,0.09482296597172503,0.0835760078378678,0.0,0.28045144784519177
A07,6,44,0.2635514164195925,0.10681281873006616,0.10292022537391392,0.47803094125588014,0.29331260780588203,0.17861522482219594,0.08062446218515015,0.5862954794019959,0.35548058855252784,0.1467845630568729,0.08359928691363841,0.6027900064766044,0.18592537177802684,0.11545114018676504,0.0157218812798458,0.37527776168383864,0.08173777443780054,0.08037109505111693,0.0,0.28826576571611234
A07,6,45,0.18470328834094002,0.10077486973137818,0.04329636139299702,0.35994995104465793,0.13106519025440935,0.12727056839686166,0.0,0.3980714648651532,0.37725728767929706,0.16261603109024841,0.14419686733158327,0.6040731866146517,0.09077264540571162,0.12500133470176975,0.0,0.3890823994052742,0.06848832766367859,0.05725670119765903,0.0011698039101967048,0.18964121690602012
A07,6,46,0.2627020853244744,0.1128132399829456,0.050011432140398444,0.407250633044851,0.2622687649058346,0.10398263071273109,0.03435645999081532,0.438615703376859,0.378440084194298,0.3031746977206522,0.0,0.8052224059607214,0.20951931814496458,0.14426711573603704,0.0009152702621439968,0.4537939173542981,0.09762106659832098,0.08157051564791931,0.0,0.21110533975002468
A07,6,47,0.23449494774044286,0.1196916679007134,0.017090782371408153,0.43644228220160003,0.3311061328560735,0.14710334403725234,0.11145244701285699,0.5439085689702701,0.23832074042023152,0.12196681343279965,0.0372038592390076,0.4625294314339738,0.15387176238204667,0.1232684259136808,0.00785989450169138,0.38640494643029716,0.062184575210356696,0.03232606762283188,0.0,0.11170746808605758
A07,6,48,0.23392162704963512,0.12604397971344286,0.04235373257435514,0.4272183515553753,0.25656599730474733,0.1405550957217226,0.08456252709445262,0.5388351578519556,0.32716960498040565,0.2120393665243641,0.01830124154128559,0.696239837452958,0.16492004578247346,0.08848754696803433,0.05726604911729601,0.39185159720013435,0.06799134461701829,0.04634626768991984,0.0061216166880593125,0.15005021086363318
A07,7,1,0.20780732414765443,0.12958824600473134,0.03212475679029266,0.3851788626193449,0.20368114084908054,0.19369692559815851,0.0,0.5356099072041106,0.44639726181463735,0.119793011902929,0.28525479477613136,0.7215866999397491,0.21558137114424938,0.14020369796354004,0.03173074798311445,0.5325472698976554,0.12017149382444396,0.1341929336954023,0.01030858354931977,0.5277135365372588
A07,7,2,0.18696054505925247,0.10738564932255616,0.006185062135582247,0.34452000765116575,0.2611210801687593,0.247782722380286,0.0,0.6832342695479522,0.35498844437759897,0.2058078237327165,0.008695360674503494,0.6223360635054483,0.10266231281550195,0.06304557165948672,0.02178311866679645,0.25944696982856424,0.06329886027245597,0.057467672706969807,0.0,0.17124837910474203
A07,7,3,0.21273775813294632,0.11280413877141184,0.026082231294963565,0.39972750015736086,0.17290710217239352,0.19227997597163743,0.0,0.5255640732647768,0.2944638919244879,0.18188137290281706,0.0,0.5404307317733004,0.2510736943777415,0.11652398034320371,0.08297607968879672,0.43776058276403224,0.1073824656909704,0.0936919455876587,0.0,0.2852846588121322
A07,7,4,0.23447081611801626,0.12451848408939618,0.0,0.43803570045674306,0.1805006875223792,0.1608915416727483,0.0,0.48285664315452614,0.5120317129280936,0.18655310281103404,0.1493651701847572,0.8254467164423251,0.13064812309324533,0.13088194042121207,0.0,0.4577520184897942,0.04788650420355042,0.06059554626469438,0.0,0.160611194980032
A07,7,5,0.19571339303385918,0.09331095503535586,0.03970065450865068,0.34241652575832854,0.22618626466952182,0.18588329541333237,0.0,0.5811677371151579,0.24051298052907522,0.1280215715099485,0.0025030280393275755,0.47746955795964613,0.13921546984918104,0.10541516319799457,0.0,0.319045150060454,0.0686307035940072,0.04649037168991219,0.0,0.19047816330026382
A07,7,6,0.21744376460599874,0.10748409493179124,0.0,0.43850703767864374,0.2880108411103305,0.249851353970566,0.0,0.7205250168531592,0.27262179403723935,0.19802136167963036,0.0,0.7558729396612461,0.2137270004610172,0.09500691431239676,0.08742311028867866,0.38777400018286085,0.11483845373442972,0.07719014275816663,0.0,0.2811155171513962
A07,7,7,0.19021261651013613,0.1207138063475966,0.009204803415042278,0.42923100430513744,0.27349084983898353,0.21021365082488797,0.05666367592595751,0.7006088444548869,0.16715331768098435,0.15115751263757596,0.0,0.3986849628643009,0.15224715818236334,0.08481062770662993,0.02117676695945522,0.3087191642304852,0.094296881085297,0.09450339895074207,0.0,0.3461096190726099
A07,7,8,0.20320959400216312,0.12236191996786758,0.004951958983461251,0.3727292485127589,0.2161882159033686,0.17030378818761877,0.0,0.5087999597128312,0.24768129593462765,0.21864381750997983,0.0,0.5888115289798455,0.16745696391936252,0.08974304357436057,0.04324316228240748,0.2935766775341518,0.08287920636880572,0.061669234033100706,0.0,0.19779167849230778
A07,7,9,0.1592418331822491,0.053969258009639316,0.07559488410978595,0.226454899501401,0.18729941307070005,0.14060210580571542,0.019827708205814094,0.4404482836221894,0.234032513024303,0.14949308839923522,0.0,0.4741842565958135,0.1552495873220218,0.07265445441038626,0.032947570391401025,0.28255922830228947,0.14080098839275398,0.09540317900682192,0.0,0.31818048327477133
A07,7,10,0.148705944698882,0.09512411995331281,0.012909378079641447,0.2916085902645495,0.29262243363217294,0.15705185110153222,0.0,0.564771992157252,0.23188957428543897,0.24382815963235496,0.0,0.7251653418032378,0.12870431641251032,0.10857321755620604,0.0,0.34396130115108076,0.11353246884297344,0.06880366359628225,0.0,0.27023218427087925
A07,7,11,0.25300111573655576,0.1325283384836416,0.0434089526300102,0.4820246722855437,0.22335143085154308,0.22241136254885227,0.0,0.5571714335420099,0.3209148646707793,0.2372393724449163,0.005908266071958569,0.692411832402781,0.19639971925237873,0.13543549301371863,0.019667811989066548,0.43603148011172266,0.1416518959223849,0.0742219711435245,0.02214403077528569,0.29140746108309423
A07,7,12,0.22029719924375948,0.14086651988765528,0.044124290503654726,0.5197515150156988,0.2307981679579478,0.2022925622493511,0.0,0.5736980011326026,0.33249278952725503,0.23985369819250615,0.0,0.7613405158823513,0.20231694399753514,0.08349328223982347,0.032038985592466464,0.32396330433572357,0.07985911987958527,0.09435147990003319,0.0,0.30230800208043046
A07,7,13,0.1137349588889086,0.0667882555462727,0.017224349405264024,0.2568085491581849,0.22205708950993086,0.15353522401165462,0.01957502308532872,0.48408304725625423,0.14680034231969089,0.13166919170766653,0.0,0.40813110940996733,0.14020788604793016,0.05008366948245791,0.05423973409269944,0.2168629894941441,0.05448736671950556,0.0684207990860257,0.0,0.22343782926157824
A07,7,15,0.23121359688131202,0.15538520551915885,0.002383303099947736,0.4386570381140201,0.2741254786269573,0.18211428962890341,0.0,0.5102379008876496,0.31577303973365,0.22327224562765308,0.0,0.6822225145171347,0.18058499587544644,0.11991210595934843,0.0,0.3866538433287722,0.06969304640303145,0.071022844187602,0.0,0.22448501029067186
A07,7,16,0.18530107329647033,0.12875519631397972,0.0027727677462822597,0.36610128010527276,0.20147938715900765,0.18003051277542415,0.0,0.5106009786044114,0.212606043317445,0.17906941997851336,0.0,0.4940543929624672,0.19524015773903908,0.11681882746029923,0.018821607796074828,0.39895896195523356,0.07790557909244464,0.05410635621463318,0.0,0.16684752863722294
A07,7,17,0.18650694353315347,0.09710726002366285,0.0030673151631673517,0.3331777355943747,0.277035055789047,0.16762045252879765,0.04211985888601128,0.5623518305311719,0.3021235071195841,0.1968426411288413,0.010990696073524384,0.653335593573326,0.1334875615578752,0.10628251037845494,0.0,0.34719206691179255,0.10577472623758913,0.10270734226703408,0.0,0.278307902012265
A07,7,18,0.22542370627293434,0.11957322660411956,0.052872162503046875,0.41700604255747653,0.3172897612356637,0.23818639144531237,0.0,0.5757947812126637,0.2642254951335712,0.15688557723883048,0.018029895073770903,0.551004265994892,0.22649930985887654,0.1488010290984752,0.06090564713467276,0.5719696910644133,0.08752856797838837,0.10110958055180788,0.0,0.37013424026658476
A07,7,19,0.25401883558315946,0.1016688383125529,0.060875311902745054,0.4068129509242275,0.25821034861353725,0.1818979415259781,0.0,0.5783523276355199,0.37040015578911717,0.17535705942606547,0.08941562780221467,0.6477392812262117,0.24479381191800698,0.12387938022530263,0.05598874532450093,0.4621867910960657,0.022295087521178796,0.02272344848448258,0.0,0.07973344168184361
A07,7,20,0.18746463812939437,0.15356818196430766,0.0,0.48949542166479365,0.22997317817442467,0.21356747208533552,0.0,0.6055053843282796,0.20398012658183967,0.2130392437305267,0.0,0.5675096690421665,0.17185815687365,0.10335611942244984,0.0,0.3369977527563276,0.07410042998153729,0.07541338824035879,0.0,0.21333577975058354
A07,7,21,0.19688687270320085,0.0777229171802457,0.09670324528198097,0.3653131445462546,0.18198428025586882,0.16529700194202307,0.0,0.46265751165045266,0.3389535196131583,0.13784752840373804,0.05543530953942747,0.49196298540878847,0.17712238778920994,0.13410372279366964,0.006253260031346043,0.4049317074866893,0.11093946729163022,0.11765235931802034,0.0,0.40197306309261543
A07,7,22,0.2825262653687208,0.13140067373093212,0.029402831333306075,0.4448508945498296,0.2985739582716312,0.1390514302147092,0.005999849458066864,0.4847253734318745,0.4397090060226178,0.17823612089787316,0.0,0.6645442527349562,0.176158118433945,0.15385848255660733,0.0,0.47655468969804454,0.07279647832138433,0.09437972254605305,0.0,0.33211609087883737
A07,7,23,0.16063512931335114,0.10220086801031812,0.0,0.28524271185307193,0.2708489575343275,0.19993549293949772,0.0,0.6406066695767737,0.1799969086815067,0.1676866290130381,0.0,0.5533718889919825,0.14680959691730325,0.09175273149788996,4.978123135351049e-05,0.33576610135741214,0.04266663952427954,0.04561079158753463,0.0,0.13090343123731285
A07,7,24,0.22743353130672445,0.08996729733745522,0.06570251462389878,0.3411879538258264,0.25748797758482295,0.1390652822114176,0.040625138439800076,0.4600609346863816,0.33210396713224277,0.2416203462043465,0.033688936999866935,0.7632096668521956,0.16327933605235864,0.09829262517880716,0.0012361465898353804,0.33919027686351955,0.16654349281011419,0.1041523597907106,0.003966849799031137,0.33627385891336686
A07,7,25,0.2562211927703039,0.12926437261564652,0.07323376696788672,0.45118187933082926,0.3131109317804637,0.21418569943264382,0.0,0.6450091497202829,0.3570210491830524,0.22488856347164787,0.08222061215334955,0.6642115103278899,0.21845428850981322,0.14079660648250733,0.0,0.4774298453408452,0.043201107921211485,0.0569783646930929,0.0,0.17698556889618186
A07,7,27,0.16394818746118422,0.09234590909343061,0.024148692796411932,0.3766726823759732,0.12160280005383688,0.07586573921068948,0.0,0.2570698895903752,0.21848068117751515,0.16466916952388733,0.0,0.4976484365120591,0.18886307051150597,0.1366590789523041,0.0,0.3828637203683323,0.06618411953903826,0.06494030642279643,0.0,0.18660249620892624
A07,7,28,0.1743155384282994,0.12920325029470792,0.008670366230133906,0.44298499334004715,0.25258955698562524,0.18847499211726745,0.0,0.5233988683057473,0.1847273739099609,0.19484209407233136,0.0,0.6330624953195167,0.18460018312617296,0.18287433310829324,0.0,0.5137478288371067,0.13338272850336472,0.09596432350762185,0.0,0.3461072212559379
A07,7,29,0.2619207320239255,0.09737376087783559,0.12653405500698386,0.4350009459003087,0.232554949176916,0.1591194505940848,0.007847549006138424,0.5550800042986107,0.3442249011946061,0.15062883571957275,0.1352263795325178,0.6006018174496192,0.23254973715731247,0.08811404539476247,0.0805549176982532,0.35646465226500473,0.07804805493576678,0.12580364011626005,0.0,0.47154065095271813
A07,7,30,0.20676537166709302,0.13951864528803998,0.0,0.4629709480900869,0.2872490554242597,0.21214002061469245,0.0,0.5627776045703164,0.359538533514208,0.2137738456819794,0.0,0.723829087072503,0.18010550162848205,0.13010588137388218,0.0,0.40241078686511667,0.0843957209409621,0.07099031343412948,0.0,0.21791969477124776
A07,7,31,0.20504684473058477,0.11681672365235862,0.05553299973873465,0.4662595259860529,0.16609657747991252,0.12475953650052747,0.0057131763855763195,0.3449863957592293,0.2858304695546565,0.21165019180300956,0.009479954722414427,0.6380594899794321,0.24835119826686572,0.12695105398680562,0.04930399051949698,0.4558962675839536,0.047463582401064505,0.061590771485104064,0.0,0.23850627851421777
A07,7,32,0.18792946546830644,0.11067733891019939,0.049840954263848235,0.3779932008239087,0.225380829985714,0.18559265189984311,0.0,0.5103368882336451,0.20858695035569724,0.208321908998792,0.0,0.5938705828604126,0.1423387944355208,0.1381549466867651,0.0,0.40250004277658563,0.04649532512597856,0.0477415928501433,0.0,0.14159108753466032
A07,7,33,0.12861971990024332,0.07652785046615286,0.0029039431805593574,0.25926437080343595,0.26822337151908554,0.19938534277995065,0.035712778532961065,0.6951796452364236,0.06399879483945897,0.08550567195667047,0.0,0.2539889352557579,0.21411538464554017,0.14673238367830818,0.0,0.4315717686533044,0.10088919764496208,0.1356497035356714,0.0,0.38335223563674864
A07,7,34,0.21725106110746364,0.082543328302427,0.047239394802141024,0.376302919439602,0.18814693935960536,0.17372078343057767,0.0,0.5035268669299029,0.39101094804484865,0.23150300290262274,0.0,0.6686410656220854,0.16296421543262335,0.09497223594823685,0.0,0.3067437125872021,0.10511426536038762,0.09167872894537457,0.0022155410071833842,0.3412875063399804
A07,7,35,0.20316996442968713,0.15718730155113234,0.0,0.46947318939330546,0.31793254233000917,0.19528518670126463,0.01714664160911131,0.6248829306873388,0.1763439366582031,0.18977141907481634,0.0,0.656513848843506,0.19750006915187332,0.122443644679783,0.0,0.41176752165582853,0.12821104444858256,0.1356221784740479,0.0,0.3785408047883346
A07,7,36,0.20833733546775415,0.09694943405796108,0.05832499663243445,0.362423949840645,0.3764849238346254,0.20101670324629015,0.13397183998207693,0.7848404109172166,0.19590258437940453,0.1561673088561099,0.006817715371343902,0.5561513737024882,0.20605669303736632,0.0920881454067055,0.0834752304146031,0.4023302423735339,0.0871768698549655,0.05669977607414565,0.0,0.22509370183726243
A07,7,37,0.2999950506699741,0.10014405986905707,0.07308478322697061,0.4697020747257899,0.27718573509265954,0.114911553751643,0.007096006874107703,0.419373072327802,0.4401883523322537,0.23991964522858683,0.0,0.8088186247161125,0.1902623459141838,0.11191870384501479,0.04316089876001634,0.42654081677196043,0.08671784386542902,0.10040871121055889,0.0,0.30919440529179437
A07,7,38,0.2463838640938138,0.12466987866205007,0.0491837649265093,0.5003954093733493,0.34943267484811547,0.22655222481559872,0.0,0.6663504439146557,0.39033534987270524,0.19500285970030976,0.0,0.6172838607174275,0.16162179928816256,0.10448939372967934,0.0,0.3766788784989162,0.1004268730987344,0.08895304243239614,0.0,0.29717578727890626
A07,7,39,0.28208581448733017,0.09904804511666558,0.06186985603947448,0.455094587146942,0.2836028494829578,0.11409770600832955,0.10093235939927311,0.5410814914259168,0.45862671237799074,0.16978704021866767,0.03944874438635726,0.6898573647972954,0.145265524861061,0.1077739802141882,0.021532642504217492,0.3695081026518787,0.06536414489010532,0.08524922911658042,0.0,0.27541515788662146
A07,7,40,0.2577084403040973,0.12037842070295125,0.10727906625244045,0.4788861203897487,0.4160979570278797,0.10053200688151542,0.14138193366629997,0.5266575086641478,0.3856821497190967,0.22009289257608644,0.02577239357460524,0.7230105467999598,0.15188887410358654,0.09544194506406095,0.028147966415142674,0.3605268700120497,0.11693582650529105,0.07206042370174834,0.01228588128183897,0.2516905378456932
A07,7,41,0.25566530640682217,0.09285485566332338,0.09540189943364216,0.4409597909342616,0.17029162893585356,0.16647532746755037,0.007070432129825293,0.6616723086510424,0.40498533378660556,0.1474066494860504,0.10377290301276684,0.6748790315839494,0.22955717634378722,0.1499267815780171,0.005164700557921588,0.4351959298947009,0.26949398789410334,0.07475203977760435,0.1323287890567177,0.37196774147927286
A07,7,42,0.25164827883023116,0.11790922055442446,0.03258613604644954,0.42810965256963607,0.1832080382680147,0.12007786556733609,0.0,0.40072507560621584,0.3168472691732059,0.1787128712769733,0.0430875120201761,0.6073964917169637,0.2892829870744509,0.1449400319406382,0.04040935769822253,0.5514620694673542,0.09149063435826671,0.09520293822225838,0.001036431130787076,0.3233259754516226
A07,7,43,0.26623014039993126,0.08469611805317895,0.1390876826732218,0.4695331128518636,0.21483035926019314,0.22317671248196183,0.0,0.6628902191237145,0.33600955269098404,0.22716708171726863,0.004982992156019129,0.7616448656966828,0.26284444018841924,0.08307851988710833,0.11879540580898713,0.38772124069553787,0.09432942919930963,0.1048935701779722,0.0,0.3056024061576462
A07,7,44,0.12762944974626225,0.10034861963046907,0.006839617814031259,0.37844013177578123,0.13280108433317664,0.15315167782014386,0.0,0.4760898734743337,0.19583622520756397,0.17538173976859792,0.0,0.5185312805333641,0.13628335153898627,0.08668028776992684,0.02348845268262883,0.2863051628800845,0.05121046444212798,0.08064498865663305,0.0,0.2505051030875043
A07,7,45,0.2146880527841116,0.1300722318656561,0.015940730917935336,0.46387971382394405,0.21780184961202495,0.1732200270338429,0.0,0.5050365613067477,0.2532475795893617,0.25444204722613867,0.0,0.6418746016038941,0.1999841023728399,0.12307503191268024,0.0,0.43593892042502697,0.11021844729253893,0.05603827360935905,0.018790411955334946,0.19682220409352233
A07,7,46,0.1509101137032739,0.11808113482365495,0.0,0.3712670701467636,0.11123779155035732,0.15439144109635575,0.0,0.4818640793557622,0.17355985801847443,0.12730408285657493,0.0,0.46949421130623037,0.21416122908757762,0.15162841772374008,0.0,0.5410859573043572,0.09343661183409473,0.07773748535860102,0.0,0.23056787994723768
A07,7,47,0.1978318471016368,0.1074736924482047,0.02075219129933021,0.34555539292829696,0.14751584279425975,0.11465640069400618,0.0,0.31363444200701146,0.2623217786510754,0.17896684287736192,0.0,0.5396182746495961,0.18164821058307243,0.11547130014523153,0.025079374905281147,0.4018796379006498,0.28037555034949097,0.1486873390267853,0.08997032450223966,0.5021247017350062
A07,7,48,0.23423230659457087,0.12942975298159573,0.03317057826397529,0.43932851891723096,0.3094945861009152,0.16595306692896294,0.05075645023281924,0.5851682203832154,0.3427787985186425,0.22543560707240004,0.010197053274717522,0.6630224725520509,0.17459980885728008,0.13967640357253408,0.0,0.38233282740827107,0.09718013542769212,0.0840285087561228,0.0,0.23926431889845157
A07,8,2,0.12919360588195922,0.10751278805004995,0.012886977450239463,0.40785851868279377,0.3905352702918786,0.1695521165088494,0.05797323757780781,0.64175693146833,0.25858441720461545,0.22578837129974283,0.009112704860500895,0.5939522578721427,0.13988607217655574,0.12134350154677928,0.011653499489080375,0.33990668988628936,0.11667971152172792,0.11944762595589398,0.0,0.3516960464706
A07,8,3,0.07085838297297974,0.058070761818980444,0.0001493133627471499,0.21719680697675162,0.17861772908895115,0.12442177868608234,0.0,0.40513602748903976,0.23359314860167774,0.17504309496047527,0.0,0.5642271453650911,0.10364257685237356,0.07417359485767511,0.0,0.24163959504765087,0.03599583923846925,0.040390187004689236,0.0,0.12264976059756628
A07,8,4,0.18560656542213935,0.08958505110975908,0.02916546853393092,0.322045369205093,0.30183296491705713,0.1210862632369491,0.13546201784048503,0.5667381779573556,0.33229502344425665,0.14622553249857306,0.022812586357231997,0.5467415423066652,0.18691259680795533,0.11996831245001487,0.013311336367609077,0.40705277206006407,0.0946737948090244,0.08448228672966693,0.0,0.28106801274727855
A07,8,5,0.08402316377294287,0.07463740172445815,0.0,0.2377887120677187,0.15821911330881896,0.1539656020894704,0.0,0.4276274293445321,0.21883387062394383,0.187259662129875,0.0,0.5652559272263057,0.09849955790325916,0.07719892823807817,0.0,0.24754702616168958,0.07522055575313148,0.05636275878296343,0.0,0.17007728179667442
A07,8,6,0.14764389058818408,0.08681901656274417,0.030096977707304653,0.35540354489415005,0.1841259132123194,0.14389650266290394,0.0,0.44783621580891847,0.20440566387920073,0.21638058117931952,0.0,0.6785530537403505,0.12336816212149838,0.08236100077349591,0.0,0.24410236464579663,0.11003771349944251,0.0865022505215633,0.0,0.2666455594769462
A07,8,7,0.2322967082156069,0.1365580338860098,0.0,0.48782236453057254,0.24683048167641095,0.17811295831402177,0.0,0.6727081982526073,0.396452230942531,0.2736315524354911,0.0,0.8314780992330959,0.08972553599116082,0.07921256478878366,0.0,0.252216274272289,0.10296764617163602,0.059836168621804464,0.0,0.19043673996532834
A07,8,8,0.21771685324764595,0.13466268011634225,0.0014632420136969162,0.420868596756885,0.20321847660135262,0.1753870115695152,0.0,0.6163753288367243,0.3737900064411147,0.2479892910520442,0.0,0.7723457546609132,0.17807311908151535,0.1401477370844238,0.0,0.44968962140410024,0.07927334475148252,0.0414820291021364,0.023692145814940946,0.15411150835583357
A07,8,9,0.23138906572257065,0.10350201401803553,0.03614622391359425,0.36289630209841767,0.24171657682516384,0.16251783052839702,0.0,0.635684714031358,0.31853962903574595,0.15013430211819706,0.08882933782028841,0.5549100239836173,0.2261254043513144,0.119637631540818,0.055573406228963375,0.42104168699282774,0.06608613544299334,0.08298850511813695,0.0,0.2747763317439897
A07,8,10,0.23213552087966396,0.09728485528412292,0.07405726660979568,0.46950022738510644,0.3160257094223858,0.16904571697692486,0.05798220341479269,0.5635887448967903,0.30493549290947103,0.17753913461483015,0.006797149345539798,0.6234696778520803,0.18154944872758894,0.1275700163393429,0.007161364225523127,0.34386677779264324,0.029080449519957533,0.04582756760623962,0.0,0.1496848465845351
A07,8,11,0.20195841467971049,0.1333538254615551,0.031067047260915377,0.4546668034480286,0.38425146626190115,0.18627604413478224,0.0,0.6164943062544259,0.28954641822477895,0.20163684877692592,0.017559892873476306,0.7515115340927937,0.10116265123978935,0.0769842678638798,0.0,0.25023452688913767,0.068063436374264,0.0496117130011157,0.018948286172006328,0.15476210810650867
A07,8,12,0.1849672716833459,0.12047104314563965,0.0,0.40130944823570774,0.17742078979995254,0.11769188249350568,0.0,0.45183716888650755,0.3118828107902151,0.1902492445588783,0.0,0.5684925509551946,0.11895217706039664,0.11838697943709897,0.0,0.4106042863632922,0.058991447051258555,0.03984754849365401,0.0,0.12844732652413574
A07,8,13,0.2634225346783717,0.1346714034201038,0.012103516351174777,0.5207709595219941,0.31679597933738457,0.1593432521103132,0.03227506107114179,0.5660231872527286,0.41086778136677704,0.2083483851808407,0.010009450954126975,0.7042716556650924,0.17519976792876543,0.11627612981911745,0.01587418810123255,0.3601748332700664,0.047524454168381136,0.062005879177004335,0.0,0.20889278960001606
A07,8,14,0.1676398330330794,0.09291481853170215,0.02605584198374265,0.3248062201406086,0.18358309111184018,0.10525273054712898,0.04305179277289628,0.40206790077114735,0.27200099316711795,0.18136444522349915,0.0389505862137306,0.6680509289676121,0.15097944913186512,0.1299911635595525,0.0,0.4458838866789702,0.05989340258163714,0.06764414308012225,0.0,0.22798556847662815
A07,8,15,0.27028958805538195,0.15653872284855785,0.023619454621001474,0.5174887502511506,0.39554861485981224,0.15460120199696475,0.1391492884369994,0.6208472699466945,0.36441191680076324,0.26485893952789347,0.0,0.7693408953792348,0.1698397008884102,0.09710540310503629,0.02731419316344205,0.42297628326897047,0.10866645047696982,0.087986045529701,0.006886639068085699,0.24255311090071277
A07,8,16,0.23030451129010918,0.09415876579318122,0.07204013751010681,0.400331479690347,0.29712708626593226,0.1837045970607137,0.053893430552360004,0.5885008168228955,0.1940390416229037,0.16641062938275866,0.0,0.5566954960073881,0.22665639068369456,0.15317523643394482,0.014050621038838964,0.45945318524719714,0.18704006479963647,0.09545648680473308,0.06529301719721313,0.4429849695935495
A07,8,17,0.17885475406966128,0.09648718922987892,0.054118042415854974,0.3789263866565199,0.33726427319080265,0.12017452001543041,0.19128798648692255,0.5780509678279994,0.24753251208698845,0.1940870367790081,0.04904449976721285,0.653303475602245,0.10508860235208765,0.06975476277823914,0.007947914463575678,0.25482279473544905,0.046374352033183214,0.04624765170041421,0.0,0.15047614554513658
A07,8,18,0.22597173729442727,0.11810244023065951,0.06907739395887573,0.40651425151033205,0.20551596327090757,0.16556593567488948,0.0,0.45455538678748547,0.3285232446921089,0.1932817574818886,0.017662709347456253,0.6076293315822016,0.22596057589375035,0.11571165449162939,0.08985168243532922,0.47556154742152223,0.03834976160198072,0.029587460650986296,0.0,0.09047244259628615
A07,8,19,0.15776003618519038,0.08695171889513337,0.02039291576224069,0.2933800579520569,0.1978885225277108,0.20410406099249082,0.0,0.5680881701334389,0.28735607785081174,0.1574655056509427,0.04169883214194546,0.5699138450222847,0.11959190338823003,0.08663939415042772,0.0,0.2806373838160937,0.03897361714430943,0.04604916264301592,0.0,0.17041108929261575
A07,8,20,0.19776654579151268,0.11379886423788792,0.05266469071021439,0.40040020642149926,0.1846057962757562,0.16307366655909444,0.0,0.5095726027056072,0.32513570397851854,0.25054641460651284,0.0,0.7530432174762842,0.11624081295899735,0.09668974149160753,0.0,0.27592446214093097,0.0784465857499778,0.07758641776307833,0.0,0.2541022571643098
A07,8,21,0.17678462547317736,0.08852527693242687,0.035070201441361824,0.3142646068659003,0.22424048633664545,0.16385523067124022,0.007827764985563304,0.5461425684538169,0.22129105791002918,0.20522545156415,0.0,0.5652143786361871,0.1492171068788256,0.11156439035390099,0.045589626081525565,0.38503017036279896,0.07040105197315336,0.10548388145049663,0.0,0.34750487823134785
A07,8,22,0.16596426122169647,0.07907969265794201,0.06537187558641473,0.2909888660956595,0.24057524346572207,0.1428114221166019,0.028052315625107967,0.4602254937391543,0.23204554125398597,0.11831851454196107,0.006548884545617513,0.3934753321109687,0.1702408778568832,0.09669274624643584,0.0,0.3417343660308302,0.04245133606779404,0.0629764541544717,0.0,0.1758428328129824
A07,8,23,0.21905324317141972,0.11879905133490834,0.0964458211656563,0.49068948385226274,0.2899975225413842,0.10321786298911095,0.11006110455761176,0.4387271752122142,0.3227220664805642,0.23157412768361887,0.059787860793749724,0.7954226803568172,0.1213417531903919,0.10104786575695916,0.0,0.3193440004446567,0.026062554565086566,0.02616154803226898,0.0,0.09612089425238803
A07,8,24,0.1554436165904978,0.09928629182411809,0.018555300895144837,0.3263588351377894,0.25398510486915443,0.17848520528203815,0.0,0.5365026185181329,0.28537659087838496,0.15300650833544613,0.0,0.5547645337740449,0.06512624949120972,0.07403599339607139,0.0,0.23323036902918076,0.0259253310623058,0.03241272888295939,0.0,0.09345080972626937
A07,8,25,0.13614694899100754,0.08239165410054416,0.011215737712802312,0.27457056114703376,0.16306102810218734,0.14691163131951335,0.0,0.35539242916161,0.2104845840971562,0.13974404253544864,0.04025056419718203,0.41251202876149906,0.14387891173491324,0.11367422397783788,0.017815864160147164,0.392047046990867,0.0490621633091025,0.04488532838451007,0.0,0.12004597713771438
A07,8,26,0.19172447943588888,0.12741489738851472,0.0,0.40035226126543716,0.2099780306438803,0.18869812856919,0.0,0.5329528924132834,0.323311632268192,0.2899289995669371,0.0,0.7388074511800784,0.08689842764909778,0.05029463888951563,0.0,0.17324489692274403,0.10062680531256665,0.09997817008708951,0.0,0.30005969217123324
A07,8,27,0.24182596873321377,0.12662007609919293,0.027837994513074053,0.44835402369404953,0.22865012065520346,0.18973966675737627,0.0,0.5594182851585122,0.3959260410109921,0.18891571919675643,0.010325801714851883,0.5865890449610687,0.16005746940450943,0.13002847070035323,0.0,0.35267479015379616,0.09442318243622817,0.0779046501375964,0.014117074399062639,0.26830436474203456
A07,8,28,0.21713387946142756,0.0904560066767815,0.06816721386365612,0.3376463923666411,0.2768222441189697,0.15708309678650556,0.020695074408531817,0.6912291799977395,0.3103337606219076,0.19889152327265924,0.0,0.6165944397143326,0.16472262218563496,0.09040110728680141,0.011908462804095441,0.37806180774536324,0.06974855662644035,0.07419157623089696,0.0,0.24114502340849117
A07,8,29,0.19791549997961458,0.0860037801825864,0.044967181005913535,0.2968842084529391,0.27204461862867557,0.17628254287258127,0.0,0.5507271107468471,0.24297885185655504,0.17864441077794185,0.0,0.5085837931476083,0.12498630680543468,0.09791919870551324,0.005554460137730517,0.2999475079630403,0.12669534325585527,0.13005019112483843,0.0,0.4334533976496428
A07,8,30,0.18885068955943404,0.11870130878605677,0.004467977282178658,0.40867404030345117,0.15914367115979966,0.1553291899842445,0.0,0.46074832474360494,0.3370406284535243,0.2744515053823931,0.0,0.8209228695475054,0.14981096235080732,0.11797602054479486,0.0,0.3640746679958914,0.04717081676473144,0.0481486889737622,0.0,0.1554722599375242
A07,8,31,0.15551115006340202,0.09862162229904588,0.03624432470504002,0.37035564697564954,0.2176559305781039,0.15513714455729724,0.04317611287092615,0.5337113362211825,0.2543043233222165,0.22562923862921416,0.0,0.5851787328597224,0.10492166515263568,0.08651772161849378,0.014910392336096003,0.2961545225196599,0.04100889201172222,0.03231819106492476,0.0,0.09407860083056209
A07,8,32,0.20354715314021837,0.10907266373129167,0.0,0.3449262422849309,0.30056174794826274,0.20103060730665945,0.0,0.5722261111171694,0.33040671614368733,0.16111161363959642,0.023440417296186924,0.6565092643012631,0.11981704753355506,0.09175199966127366,0.0,0.3332482309962506,0.02045961432399435,0.03251149516213049,0.0,0.11514813946126115
A07,8,33,0.2044623986893811,0.06263282145190123,0.09619658450337289,0.29166885950116467,0.24625145610299756,0.15182370929704891,0.0,0.5147723866046913,0.3661903085082056,0.14997453175571632,0.1299889336839055,0.6244784331622099,0.12419439756950462,0.11989693964505095,0.006000711024775761,0.410348284011451,0.0818608533805891,0.05268497558857143,0.0,0.17910905392260842
A07,8,34,0.19823565805099086,0.1365765130890397,0.0,0.36769599738004255,0.27008760532417037,0.21947221888073246,0.0,0.6329564645527392,0.27764849871710073,0.20135945332678049,0.005116223322887954,0.6768823256977685,0.12809722127539638,0.12516247459377294,0.0,0.3887781841032985,0.03927337664874439,0.03608951947926993,0.0,0.12869385763705674
A07,8,35,0.14362606403769274,0.09772251036257106,0.035665856744810945,0.3684162357854085,0.2419858870989737,0.14082331929416503,0.007513651028462354,0.43882826968959565,0.2185137191082287,0.17164782060690248,0.03634643525556764,0.5537774062919422,0.16708241192512158,0.09345441207892381,0.030639676846268813,0.32773259491902795,0.08518542386644984,0.05661456585216854,0.0006323869209421565,0.17828907160074095
A07,8,36,0.13601580652470377,0.08762808372519716,0.016063589396519085,0.33063921101926563,0.271860518614532,0.14889417326646653,0.0003972443329090763,0.5889030750361466,0.23000404158784082,0.19843698296737713,0.0,0.6930461278197344,0.10170868576290651,0.06852980216531213,0.0,0.21604146496873217,0.024564072522861354,0.03304895593488021,0.0,0.11670020929516166
A07,8,37,0.21485832683931283,0.095673916273483,0.04248374619825433,0.3412887261680317,0.19981146311214873,0.1651536402215177,0.0,0.5037218072263586,0.3464482431362299,0.2269835053555857,0.0,0.6243565919466972,0.20299187712137265,0.15239315596407638,0.0,0.39865935535245695,0.08968877448541251,0.06823124235514708,0.0077243664466742756,0.19743909333752857
A07,8,38,0.1688116563262379,0.13257489414825374,0.0,0.36620479200933964,0.1323306840302726,0.08857769697715898,0.0,0.2863770367693723,0.3310331858280387,0.2190748316207639,0.0,0.6944034416421498,0.13703397468821285,0.1340803736085384,0.0012191249135787682,0.38001179361800774,0.0780251161468802,0.08917952985152873,0.0,0.2505012053251767
A07,8,39,0.140827671625436,0.10304417069161599,0.0,0.3741373158341906,0.23965213013837436,0.19849861011866132,0.0,0.5687032096535827,0.29933294294004287,0.19530490765815003,0.0,0.6484549509865349,0.0895549854836876,0.077066546312047,0.0,0.259919319074422,0.037638924151607626,0.03814591557399596,0.0,0.11740337265671419
A07,8,40,0.16528813306713522,0.1151764211265994,0.0027475351234287665,0.37800284590829486,0.2679262015283757,0.19044843280826296,0.0,0.578434984869798,0.15470512775504636,0.18155919723136116,0.0,0.575319817934067,0.18709846812764971,0.12381063413661884,0.0,0.4350652975660179,0.061061406063067994,0.08619207467716006,0.0,0.3280036214654244
A07,8,41,0.2108760233194785,0.1436270309375306,0.026052870641888565,0.5146392796157461,0.32933640758486626,0.19061596382068655,0.028702090208464037,0.6947281907122486,0.36086585678753563,0.19832927266339467,3.1106066525883005e-05,0.707203915344636,0.11691209267150257,0.12488840528682806,0.0,0.3854143330501582,0.0753106410540845,0.10731415713327427,0.0,0.30276018601162347
A07,8,42,0.18120892559683988,0.1260518065290107,0.03232757927329429,0.42331975592589643,0.3179912781769106,0.19057593462877864,0.014243985367883263,0.5816885924197709,0.20160737539240656,0.20241721767197998,0.0,0.6039164465286981,0.1548998323763154,0.08447211759903792,0.0037096180004097296,0.286988971517486,0.09162687607439143,0.05743551168093265,0.01181150187810663,0.1958560617396401
A07,8,43,0.16314789087945777,0.1623578745830337,0.009855384538152061,0.5250192358539729,0.20928680437353525,0.2299422599937959,0.0,0.6393630761942765,0.17492077863991198,0.1358232668134862,0.010791608964738107,0.47836013661542437,0.10331016716310076,0.08240141964992723,0.0,0.23681552379860588,0.07656056257554196,0.07570571605642477,0.0,0.2576820518956168
A07,8,44,0.2026551587726598,0.10334443525136286,0.03647151151573532,0.3549780584110724,0.34778721619546155,0.1642998253835925,0.13544239471638764,0.7141241335160476,0.22252324632804388,0.15774114456488247,0.0,0.5428756175934273,0.11383480246655572,0.09151121720040757,0.0,0.2893666490920677,0.07912346879011604,0.05888502257830088,0.014619851527680432,0.19351073909285854
A07,8,45,0.17705103121138163,0.12536524944284808,0.021546612752702705,0.44706022862155353,0.18674319261798497,0.17481960389888032,0.0,0.5562549088792361,0.32670156260103694,0.21899039708511817,0.0,0.6129543279674216,0.11633608471825477,0.06837047957878808,0.010891597099344761,0.23226114757372665,0.07395288161794726,0.048540330198800996,0.0,0.18515590542894295
A07,8,46,0.1636820830237557,0.13762598473792048,0.0180177926002199,0.4718170764065189,0.12304068690607603,0.15826766687478386,0.0,0.5043848419503164,0.21924107707684876,0.19078940796223837,0.0,0.7103165859514131,0.19621178786607718,0.09415125100148929,0.029448779751912815,0.33919569017520473,0.07766112114862993,0.07755073682361456,0.0,0.27711658303457737
A07,8,47,0.18071094743773455,0.11838148239365372,0.0,0.35057553687901905,0.13362845038832813,0.11931091243646677,0.0,0.33633009073228515,0.3447312604054919,0.2268758988219404,0.0,0.6190166853066952,0.18547370772397215,0.0765174715843072,0.04454496708411339,0.28918025300745587,0.12408613117274297,0.10165915503507887,0.0,0.35912497427253537
A07,8,48,0.25487407396894585,0.14676173548790544,0.057365732547930745,0.4620690749488845,0.2676812894587679,0.13738536183053324,0.0656969324985428,0.5332533643141761,0.3067059883515574,0.2239258932999982,0.0,0.7126282590256717,0.1949276487476285,0.166971130542025,0.0016518913010131436,0.48242237509106184,0.1428270931444375,0.07418465083811492,0.04020717571608439,0.28020025254332576
A08,3,1,0.4956802610206569,0.1505377143062794,0.19034807355813196,0.732300403474485,0.5096148075172678,0.09641612870111715,0.3247639350923492,0.6655501551670815,0.29758409412509074,0.20669418618553692,0.0,0.6718439129641973,0.6109854041304265,0.10520055373385155,0.3727299440048696,0.7793819445073391,0.6447969271933407,0.24379819840472905,0.18977611934402092,0.9232514387419081
A08,3,2,0.554097385110806,0.14910299875338243,0.14553982206164529,0.7743274852006446,0.4085733187686176,0.163583473345011,0.10418370731234727,0.6429097972554866,0.46807464201326276,0.23588061404605198,0.0,0.8223953666460134,0.675938213588592,0.1322061762104466,0.4618200164253429,0.8633653534565279,0.760973529039644,0.11235084306122073,0.5767259287332065,0.8880490897425976
A08,3,3,0.3936005312310397,0.1933432764408596,0.12206814582656401,0.7364125907717218,0.2745016021161112,0.21137887452503806,0.0,0.6233945090081707,0.38867437934426113,0.21963747884033302,0.08470218131597264,0.7895690548395954,0.5455802528303669,0.2048420882530832,0.18995437261028222,0.7803933726191234,0.6597792728926736,0.11771352602108172,0.43425984715305155,0.9060362558164654
A08,3,4,0.4512805407312278,0.19414488097722468,0.1799052405658241,0.7340011799733872,0.22686423292903285,0.22212348802707405,0.0,0.6457610612611743,0.3739148980260885,0.19846068985844398,0.05029922217543951,0.5997335010992453,0.5951131420106788,0.1488500392031318,0.4174943123948955,0.8333179591471434,0.5998667603409196,0.3051620996933732,0.02660907793202654,0.8959597633782498
A08,3,5,0.45226577987011224,0.11386629964555657,0.25267785730353587,0.6554484183258086,0.31177296810778343,0.17885857448293774,0.029686333426761604,0.6791670967694187,0.42157421328321304,0.14963720327228475,0.16044405332891,0.6847289905557016,0.584129893252518,0.14908379578155548,0.23572846736465705,0.7247178588501709,0.7538837442716102,0.1484878504424333,0.4390225266074631,0.932920058226306
A08,3,6,0.45849254075962587,0.16117531528845885,0.09224084489543824,0.6390034384878812,0.31174062593478635,0.19078849807955828,0.0507468143538624,0.6617191505148428,0.2583588592937261,0.18721250048702867,0.0,0.6788757913485072,0.634482546653214,0.17117504290104082,0.26834720611229257,0.8376729953482237,0.8227846357925946,0.11659752275906438,0.46573480298469677,0.9118281473148677
A08,3,7,0.5045079405707944,0.15207997631724351,0.2485479444493977,0.7175855082326245,0.358093832316156,0.21400002308816235,0.0,0.6252018926190468,0.3746422503099984,0.22375481484594345,0.004065723932145945,0.7242934390418304,0.7445923632887052,0.08347869081330551,0.5946442589797495,0.8746820231816234,0.7296418431856249,0.16956597163658854,0.3072537302999439,0.9102077973934783
A08,3,8,0.5029218642105696,0.11033904142966493,0.2462463743551542,0.6618460459598413,0.32125092487753304,0.23175520362585747,0.0027019503246110688,0.7491618809526175,0.3992781245846449,0.2132019631274515,0.0,0.6653786672791862,0.6257161799045982,0.16546847269095405,0.22264967063906788,0.8257325688458461,0.6771482339576663,0.1812214154897063,0.24070902311460035,0.9050262674633265
A08,3,9,0.3965942987194835,0.15704787448268273,0.030310115982059065,0.6419742644327922,0.42145403888114996,0.1422849512051695,0.16633221313063573,0.6809174907409702,0.3223581001131739,0.23340259462248544,0.0,0.657572219734306,0.5534767876163145,0.1604675927913335,0.291933069312713,0.8337364217643403,0.6781163661386278,0.20761622647296693,0.2217431657032575,0.868292527495714
A08,3,11,0.6228867801032048,0.07901074042607455,0.4691583791418692,0.7790988950075917,0.4178582218180986,0.1416453589371957,0.22906518845981325,0.678863110938506,0.5694918012687268,0.21894813303750701,0.1281564337731313,0.874166514742645,0.6731061936782734,0.12973492197673134,0.3514708231187545,0.8134492146958662,0.8248562912684011,0.07261068149165797,0.6897008821736909,0.9319858964740891
A08,3,12,0.436115351016837,0.10875381466143266,0.14414952142892418,0.5524997008218471,0.3316546262336447,0.1568463959863494,0.07038277970429288,0.5654341821758165,0.38685361140393965,0.19460206412338693,0.020930337410892026,0.6060049636891268,0.46787250274780273,0.14707459301389691,0.11874352415087297,0.6774630481334835,0.7578515473520219,0.18143240570240837,0.3666235164030858,0.9282554030490305
A08,3,13,0.4540279877872037,0.11285238804814322,0.17922075770471851,0.5856413236500975,0.38368144860376197,0.19697752362230014,0.018755208033157778,0.7041495268965408,0.4782793193145236,0.18356172250531294,0.2011323125280672,0.9325967472483879,0.5850808552369593,0.17622114218032395,0.10656400087769871,0.7358088116628665,0.635974077084422,0.23535240351817244,0.05306250253864063,0.8406977842829415
A08,3,14,0.509880374344053,0.1677009995201334,0.17923834403984623,0.8108724220459668,0.45075802950644206,0.155680204111825,0.19395064693300565,0.7205599419283191,0.4430019846213147,0.2725389739519937,0.025541291655455472,0.8723449741713838,0.533977725307527,0.2528002185557746,0.08774934587818353,0.817389221420573,0.5737755931460266,0.28069763490801547,0.0,0.8088439552011976
A08,3,15,0.42461911073813796,0.15558241765562003,0.09690454560740487,0.6964606471983499,0.41014175616226023,0.18921536777010464,0.00011056149481325495,0.6542968681354421,0.30800146980494697,0.1347901409890562,0.0716892381878588,0.48095331814517167,0.46485256124653146,0.21848345871654645,0.0,0.7705045815377346,0.6564662682819998,0.22042447002902688,0.04316921121363907,0.890572581100278
A08,3,16,0.4821509737022571,0.17457151371180435,0.20121519644481176,0.6737974527807733,0.2277815231463827,0.1412408762771959,0.0005613696094295248,0.4511488398724707,0.4794316296683572,0.2812270085091345,0.07342964125157123,0.7765409622804255,0.5172859329593926,0.22207891028807633,0.02653397908217538,0.801650537885511,0.7023965819280275,0.19476935164783019,0.09628197518485014,0.8627664753531702
A08,3,17,0.44129079895965423,0.1469057237802231,0.07492780424718175,0.6397381877615468,0.4206434181903916,0.21221970089478465,0.008805223163843832,0.6764270554123877,0.3831145986195515,0.15771694273425782,0.05847361889974773,0.6375828665913303,0.46632132065712073,0.16374943618083002,0.10621468932793933,0.6754548267607354,0.7916394683219802,0.19537178982278605,0.16158866581915696,0.9457287114981546
A08,3,18,0.42883389953809253,0.11361245145925664,0.22675758808191868,0.5848750898039333,0.3337160005800182,0.1340936052231797,0.12381728003830597,0.532354239916839,0.29673816850120427,0.1589573028926479,0.054796658503382493,0.5486519894427925,0.5363986419010331,0.18864835856172224,0.05498788265644415,0.813436125268135,0.589592423624217,0.2428328393521771,0.025196874003147105,0.9100506009553643
A08,3,19,0.45171169436205183,0.16549299810920323,0.030304244825170374,0.6313233000756809,0.38515691579705635,0.1886224235683472,0.009628154880197446,0.6868089773723478,0.38130409304688245,0.2380675415952856,0.0,0.7619696414099374,0.5111387193474372,0.17351442513757004,0.11932456044762205,0.7796344385229234,0.5684605819394686,0.26147894304770597,0.009510883298225201,0.8493841419660347
A08,3,21,0.484995948884871,0.09027084439525167,0.28920624108323495,0.6299979395333661,0.42962066916798436,0.17419013405723935,0.15072473241038264,0.6737633848011501,0.36378802228053514,0.23537689712401538,0.08286473619999787,0.7706144083984439,0.6023606231844517,0.1575487116746704,0.30402887831821485,0.8227386715390891,0.723182069813583,0.13467734080560415,0.5103724608805043,0.8912582920215913
A08,3,22,0.5188177598124989,0.10276727467050907,0.37780903936220395,0.6742122005750105,0.5045439607402622,0.24486643814169923,0.0,0.7507806172712774,0.4097872774165257,0.1696561965949748,0.03849584607929287,0.6236202088134527,0.5241890602277066,0.20553418198618453,0.1217472272495935,0.766025239777858,0.5836259676337597,0.2552796922186739,0.004930609895368373,0.83831971708231
A08,3,23,0.46480899461635605,0.1368262747548231,0.14516338294236591,0.6882503687375533,0.2215970093777707,0.13323224820780225,0.03558119749054441,0.4612710498004931,0.38725255824492444,0.203065218049765,0.06157993549742575,0.7530199273726855,0.6229225170134992,0.185710600628852,0.06478931507219174,0.7817106435968845,0.8028531163613751,0.17594804619278448,0.34501973852681445,0.9176544045414526
A08,3,24,0.5226647172192854,0.14169561375082762,0.10897627397357319,0.6555350520782834,0.2806743458639466,0.16295872034472014,0.0,0.5159494203847348,0.5369694336552723,0.15977825360256365,0.16641812081663845,0.7234271514146341,0.5741868164375651,0.13014626149822187,0.2916417965940464,0.7598054196220383,0.7670245005481361,0.23570712234033775,0.04653828657777551,0.9382676973078524
A08,3,25,0.4162273552915421,0.18665645102781203,0.038107498377437765,0.6654045473026631,0.26105465840391884,0.1869523137091511,0.0,0.5947176983324077,0.40236921959099525,0.20884026440348355,0.08136858983319661,0.6809804486211343,0.4271547077825473,0.19862389732256527,0.10654406151850468,0.6984256561237606,0.7008248583321252,0.16117778774320454,0.28632560060653944,0.8541971025529376
A08,3,26,0.44369285206046083,0.07133126064742498,0.3241005312988773,0.6068373246085034,0.32046853644233736,0.2629500796760891,0.0,0.7184680857256381,0.3289243420369881,0.19672621765796708,0.041741333074723115,0.7207238957972196,0.5160310683478907,0.1498513063250664,0.15012188250367406,0.7655365268794283,0.688867037878649,0.14638780429021916,0.42635112671313224,0.8653883482138512
A08,3,27,0.5073793611675339,0.1504576070936595,0.2748464221404566,0.7889873226023963,0.359350419052994,0.21671900255612236,0.05198158446933213,0.7598215565759586,0.49564450283583755,0.3380117218066181,0.012211706332250074,0.9221540676761281,0.49294435814565163,0.17087814840304982,0.1329478287714306,0.7590426105726048,0.6285348302580036,0.2288291445812514,0.16192290434246567,0.8712597498291826
A08,3,29,0.4445109633805392,0.15135736012496953,0.24966740108013788,0.6812025049373293,0.25750863835190213,0.2147872276391273,0.036091684606537396,0.7696550147096272,0.5012537469084405,0.2547282925169466,0.06575940766510523,0.829655508008608,0.473705101275801,0.20135331455118072,0.11837486013653088,0.7239574116783423,0.6218193893280876,0.24957868162212682,0.02133973046045282,0.8652940592848657
A08,3,30,0.47302914690061304,0.19745199855105855,0.01728905719027282,0.7191299508703495,0.30662108434921287,0.20230117702120964,0.0,0.6629731678724025,0.4124543981132642,0.2190369041182572,0.0,0.6707087671018704,0.5928146917964885,0.23282180769494426,0.04044389229646057,0.8621820110430786,0.6472412689206977,0.1840648799454793,0.21234557900979376,0.8550174296997722
A08,3,31,0.5378294870403183,0.10047491720794087,0.33085741904069277,0.6669352265101617,0.3913223703986487,0.18113734468015108,0.0034325938054776683,0.61679054361355,0.4881905475916504,0.14224190026475858,0.23633649181623778,0.6918721952420742,0.6067787133062305,0.16025501826883798,0.3388326751663507,0.853310565497396,0.7436871094733272,0.18959529823193644,0.2078412076554856,0.9373851794491415
A08,3,32,0.4582922420637721,0.10673903993522506,0.223934308496572,0.6003708386959205,0.29473107869407256,0.2232685769289679,0.001274742720729852,0.7312793316131586,0.3699922079711146,0.18647375605451902,0.19199027955961226,0.7682201795189244,0.586289883678908,0.10618337394811048,0.44392670504158005,0.7523824152551865,0.7711795125055434,0.16541713781982798,0.2541714967749162,0.9193960918119526
A08,3,33,0.45650068278199096,0.20249333618201823,0.04877078807957939,0.6580376229118323,0.4365826471481301,0.17940920930665138,0.06662570657727067,0.7197036677328417,0.34741069017226883,0.26570973680490195,0.010622462215373234,0.7424736768716065,0.4944607379570144,0.18842101634391104,0.1215221666337026,0.7955729068776128,0.7590117246723976,0.11611281844017436,0.5512791580488537,0.9242445209157545
A08,3,34,0.45215934529843094,0.19036182579570518,0.08953883116725421,0.6633621255143796,0.3193719024619713,0.1737397373399084,0.0908510446343024,0.645501319025258,0.36787660976398245,0.2154379260416128,0.04113643490593585,0.6661244529980884,0.5540056159583494,0.19072580949160192,0.10330276722469312,0.8503197945057884,0.7332481486331036,0.1374354402603354,0.4430633434711841,0.9025112505410454
A08,3,35,0.5175102530344724,0.1978060816501717,0.05236033276421576,0.7816166114299172,0.3562134148045791,0.2797334412728577,0.0,0.7620202029339872,0.5122392807711315,0.1951709773179179,0.11415355332033465,0.761381128082143,0.6662222589746365,0.11175799995812327,0.4145768668824923,0.8381499947994925,0.6693208268635656,0.23934669416560428,0.05427755698022661,0.9049477371966023
A08,3,36,0.5127176226442568,0.08964796924971563,0.3736249579002727,0.6434777894057585,0.3125074527036086,0.12609757017384854,0.03232386423695288,0.4828592893523344,0.4132293883610906,0.16974973010543912,0.0718837363723291,0.6633460431672142,0.6098739498135457,0.10870871142837264,0.44842640331208344,0.7810360459503014,0.7546746215950936,0.0913028275983374,0.5330295412551346,0.9133981136912349
A08,3,37,0.4069269047539629,0.13811288436219357,0.19229512994573067,0.6354162115015195,0.2798756633599611,0.11963384259673844,0.1102297413716959,0.4952923181603181,0.44204154133966556,0.203467903840323,0.08910311983800026,0.8201301763434178,0.4825889923366355,0.17702863131923371,0.13829833474595976,0.7475238055499727,0.6213857086469052,0.18446722673890203,0.2366345555736596,0.8574641524924891
A08,3,38,0.50962195956174,0.125996612001634,0.3105545358202492,0.6723909596695599,0.32367193246649617,0.20031661352120336,0.05685531062476877,0.6728677646803761,0.511996676348199,0.2643571156287061,0.020146385414619026,0.8270915735746893,0.5446020774037102,0.17181161988483004,0.25644660762693616,0.7569787838854936,0.613076657948434,0.2800613707713262,0.019586615454798974,0.8742725365948643
A08,3,39,0.3237927552277281,0.16165001034923876,0.025436422757622448,0.560444318139473,0.30018403753478634,0.2181678840565146,0.001020187524244709,0.6306650820839322,0.21508563901335317,0.1489161832380603,0.0,0.534654121227247,0.46661625562641257,0.14458767589456384,0.17546661497918464,0.6673801711189292,0.4429881085254634,0.28068273565797325,0.0,0.8107349588888422
A08,3,40,0.47240984957081694,0.13869801355746017,0.16403323350664087,0.722918379244395,0.33640138103626466,0.11369908130755646,0.01958054626147465,0.5335187110831863,0.5227368497223801,0.1825688497334092,0.06472131912678859,0.7586229631220024,0.5432055417419425,0.13500342420701686,0.320531863566477,0.7978485478897108,0.7371300992557991,0.10501815366284606,0.521092054182797,0.8940245082682584
A08,3,41,0.3829586620675942,0.19234461898892577,0.04484942571829541,0.6899604361409895,0.4069272714099394,0.20289060888909466,0.0017743877249134035,0.7198862857504719,0.3851456390961001,0.3091522637993585,0.0,0.8265456993186048,0.4270826475502327,0.2117819847676517,0.042573980386366096,0.6802125249819315,0.6157589951104769,0.1936515633970043,0.0688751894346166,0.8467320990240198
A08,3,42,0.4062747613625945,0.1153724423309074,0.2669182919108937,0.6672086435376162,0.3650558617280844,0.1411468774597184,0.19119052059943512,0.5952277501856439,0.26215153469970587,0.1587777809076462,0.027645118726936806,0.5148164523618448,0.5404074140556,0.1397824670601769,0.2835070364604222,0.8226715116242316,0.6441590542769265,0.17515378115180363,0.2092444731244997,0.8643708267525234
A08,3,43,0.40321918220158603,0.12244297222946389,0.12852124740987758,0.5496939767533612,0.2878992170057229,0.1637534756928247,0.015461721377876365,0.6432051008958888,0.3243629633631871,0.22558502475835773,0.0006963054364510184,0.6208154933362351,0.5602253845561992,0.12777907242104608,0.32020072516508186,0.7251352712250737,0.6387675651639049,0.1311913439419807,0.31051027721187063,0.8594844711341828
A08,3,44,0.42652715079951947,0.13459931105842982,0.2313221442446902,0.6412406457852422,0.4540753380204545,0.1744720664218862,0.19657481997520604,0.7275881111293546,0.39501383280901864,0.20059783092876773,0.08995635529127075,0.7266881256459953,0.4841629655568555,0.1512413599517219,0.14702633233849088,0.7488185701791235,0.5399687018895841,0.17220893804721193,0.010572844985468843,0.7426934713735791
A08,3,45,0.32658674896678963,0.17333746114555323,0.013820724437448575,0.5890452259767842,0.4256580824388569,0.2541040325078801,0.0,0.7540694966639678,0.1986331149916575,0.17612263321585372,0.0,0.5222927919738138,0.5330950591828135,0.08505762007879172,0.3278638350031024,0.6528779779737933,0.446177171038406,0.2750766238602157,0.007681408548381253,0.7929732808937617
A08,3,46,0.3121621921515054,0.11089681082709629,0.16885508604841548,0.5427259190234134,0.2765868033006721,0.1937967485220844,0.0006017964749134297,0.6020545920579454,0.2671920685623376,0.17370540744151913,0.029497548606662632,0.5288229466140058,0.4532851337107939,0.115429363332179,0.20634148931731877,0.6280343499505516,0.6868911907718879,0.1294050059930526,0.37155205338037195,0.8492875738430232
A08,3,47,0.31247664885719917,0.20674813029916012,0.0,0.5505494752904984,0.21017421740619582,0.15711208224201126,0.00990825410272784,0.45000171243948606,0.28554367190190066,0.2352104153029933,0.0,0.5924918436903664,0.5147447691120297,0.20433953134917607,0.11394725366181328,0.7589376523736383,0.48849295530788034,0.19379467253190866,0.21629992909998058,0.8288540329857588
A08,3,48,0.4575718735763822,0.11192539827509387,0.23971726278484384,0.6834407693665775,0.3959045021489768,0.11158552119738337,0.18733358931065797,0.584171359499971,0.43875053233619943,0.14846203359080073,0.14846349685732557,0.647287459805508,0.47942551512557685,0.13788052149487823,0.17776291331688224,0.639966727174525,0.5104839677720311,0.21691147414972967,0.16014042908658896,0.788594596172495
A08,4,1,0.5678507464191178,0.0952706993245324,0.40578157543814364,0.7614771244207648,0.21808570915147127,0.16950238274140844,0.022557316513541283,0.5086855273695913,0.44379714255670427,0.21359961994166785,0.0,0.7687741438554657,0.666562038327443,0.1443257482012624,0.2601423361146102,0.8274888561604569,0.8334190907810829,0.11843376842267032,0.5141562495263755,0.9640033537970042
A08,4,2,0.5979840815169096,0.12121793107453017,0.25815652767420344,0.7619081917347819,0.4807049294311712,0.17708683492883454,0.20364631454448712,0.785526615395401,0.47242540207393957,0.2164513529171638,0.0,0.7031852171543074,0.7224815194504041,0.13306956583492524,0.4344917172421268,0.8451034392120202,0.843839659608712,0.07164765051265572,0.7211522390832054,0.9337668044550738
A08,4,3,0.563228272093032,0.13751884891965294,0.26007990693244876,0.7593996805361803,0.4221852841897572,0.15438489992213783,0.14510669908292062,0.6706832211155014,0.45480286938604664,0.20911098472511058,0.012413591786796447,0.7237054301349554,0.6390006725771022,0.1685633681526571,0.3486834188731338,0.8858667775005861,0.7649126550074967,0.13794907549140964,0.49665723117285854,0.88544832996013
A08,4,4,0.5633392735989466,0.1081862837393382,0.30618719606112293,0.7596018474200692,0.3385137294965835,0.1713132695923761,0.059141664952719206,0.6792171332290933,0.4205731324399098,0.21871394259441054,0.030529905912185944,0.7574465436644545,0.7043078113073701,0.09002595745619166,0.5193992799202686,0.8452053497951882,0.8813493085272273,0.048396179959971815,0.7854759558009933,0.9456852496895062
A08,4,5,0.5323554229374131,0.13564164135109927,0.2549981091093666,0.7029992112233722,0.3187554633721872,0.169725232069575,0.03781050818011733,0.6679721176289722,0.46398729008524664,0.19735446086732977,0.03399736221607008,0.711316080375837,0.6423989186592489,0.1002597095173308,0.4816799748611125,0.8309686513371399,0.7664324529092925,0.1989240745499218,0.10626227394179609,0.9333811910913669
A08,4,6,0.47810880466180233,0.16423346691950017,0.13947565217529587,0.6688767091819441,0.34452086276116056,0.19353643687743105,0.0,0.6556676825304111,0.32872479366716867,0.2144821251615019,0.0,0.7154458814797285,0.6286300439617082,0.1418154573457014,0.289396704049743,0.7832207589211172,0.881575248441671,0.030393610605333295,0.834653978175898,0.9318993775787424
A08,4,7,0.5479872766738878,0.19141084667122552,0.11609178493159511,0.7153928319333608,0.3877057489502928,0.18477004151322957,0.0,0.6496769764121563,0.4708670070845721,0.21674165939269516,0.0,0.7391290546262596,0.6408135137076577,0.15571799341237752,0.306440921298332,0.7779482712325559,0.7340918765279143,0.2127333692476903,0.0,0.8853951222033674
A08,4,8,0.5024373801897923,0.10179947144707066,0.39891358675780036,0.7903927963502106,0.2841731141569192,0.20536820527155036,0.0214689996855425,0.7978938451649824,0.3280567411902738,0.19447552094337345,0.0,0.5887961069029551,0.6948403777570119,0.11341841408549329,0.5091416078411518,0.8271626996119327,0.7712100046054081,0.16078920057933418,0.2536141376812725,0.9329601061001114
A08,4,9,0.6705258835750751,0.11070842921716108,0.3535048028536103,0.8199774631234221,0.25292220342877914,0.20748941728768985,0.0047308513442123135,0.5713366412411673,0.6972263435192733,0.22397540838368393,0.0,0.8682614005189844,0.7520811135252331,0.08254171106189372,0.5817736551982077,0.8736149297005564,0.8392393612072713,0.04676715743363572,0.722296768212732,0.9170526259669719
A08,4,10,0.564820478755548,0.08383641896479205,0.4368997722083285,0.735355559272838,0.29663361889069567,0.19942052957647957,0.0,0.586326594779273,0.3962029366195123,0.22317951713259968,0.009892801811131344,0.7038509063281161,0.7008205374570768,0.11516551826586538,0.46946379295931656,0.8356503731102622,0.7395974736346618,0.25692379845009033,0.12869736359954928,0.9164111435890684
A08,4,11,0.5653520917004493,0.09605167744828308,0.4621088172166913,0.7418045552102868,0.4224334265219712,0.16821274553880133,0.14479492599247287,0.6574278698581282,0.48352714315085343,0.2193411559400479,0.08268496646756499,0.7670149348439352,0.5911604698820215,0.15362181865015942,0.2926741672225225,0.7948090408436013,0.8372249816056098,0.0661471594237057,0.7245747021358149,0.9333249077740302
A08,4,12,0.580875645167822,0.1047974210769987,0.36606603566654083,0.7515807082149984,0.35421079334673783,0.21457968072014433,0.058230774058657286,0.6765263458599525,0.4793426081166853,0.2132837538358656,0.12813528171066582,0.7991424927798719,0.6473160069820609,0.1573924827267519,0.3973917536335457,0.8590142678988413,0.8225952103879596,0.09142704832524766,0.6490514651485926,0.9272547332724616
A08,4,13,0.5514403000089025,0.16179921313850124,0.18940992693337919,0.7757974505544809,0.450009440184301,0.16264854460161113,0.13574270194303747,0.6780905676258477,0.34997736585237793,0.23833761226962155,0.026803921938251953,0.6776899473796899,0.7116496658852317,0.16761054887322205,0.263215009531517,0.8672674786707312,0.8368252669376238,0.09968031443320997,0.583690775630806,0.9575370289148971
A08,4,14,0.4623654049993134,0.18051091258359203,0.17644753007858194,0.7162936009801212,0.3452196682292801,0.22024925201711032,0.00012933066662888595,0.6676377945886113,0.3899735297336023,0.25288734731582746,0.0,0.6929591769665004,0.550092832108426,0.22904431481927542,0.055168754591044915,0.813697129603997,0.8258609000747907,0.10937848982819422,0.5995559245918588,0.9477966430352184
A08,4,15,0.45407494152686545,0.18668235208046666,0.020098776383912314,0.6771665193550412,0.1896277721259723,0.1237836050090126,0.0,0.41219237068545617,0.4026117329249403,0.20772513910637383,0.11307170724978065,0.8115830166361745,0.6364031165036261,0.1837691579123473,0.14567981991194623,0.8110120077259442,0.7910570172717671,0.2111662896411745,0.106902262286782,0.9638873046403328
A08,4,16,0.5206468656075023,0.11038532125831524,0.20155682831990449,0.6531446766743814,0.3253245545133965,0.18782397650521773,0.05954319194957036,0.7896627305254453,0.4078553826443378,0.24730674016788012,0.00931007535407131,0.6752392943360528,0.6374714909948689,0.1431068545732083,0.20568638585652582,0.7709197411131122,0.7455718397805828,0.15832833523080153,0.29459737800126057,0.8845740105252065
A08,4,17,0.5064306902671305,0.13107861283520517,0.21825154028158458,0.7009349029559947,0.2949547120363939,0.20680045381112058,0.0,0.6471847614503224,0.31296198693375094,0.14797555696456854,0.10682578506520599,0.5844128311647181,0.69426157492541,0.1661527749807289,0.1888771212630837,0.8398692055385241,0.7977334011457821,0.13300685610118573,0.5005331059217581,0.9507244847540307
A08,4,18,0.6219090473016001,0.11179481031934148,0.33589635099226395,0.746142843515794,0.4659396672124862,0.1849976604445136,0.06710499492897189,0.8642016534640382,0.4684466289554325,0.2447282546720222,0.0,0.7154895646534827,0.762236786563873,0.08001181987590979,0.5618416861903721,0.8514543632958942,0.7905783853128889,0.16455861027901236,0.3516298948626858,0.9238682421033719
A08,4,20,0.6391899320400165,0.059794073274712534,0.5012357577537377,0.7253583761829245,0.49841830039007634,0.15244716644857234,0.10412211295074851,0.7121422127928593,0.3726660089707953,0.15030536919271684,0.15890840467854392,0.6284224931279315,0.7395937981702677,0.05314218018191145,0.6347171237401321,0.8192899485254183,0.8470459998776758,0.09889835687907744,0.6356855685779346,0.9489231819582676
A08,4,21,0.5680410166940342,0.08875506035846455,0.422681500745902,0.7223918983788037,0.2571207784657753,0.16394377428907425,0.03561470164386425,0.5597090409004449,0.4645687491700298,0.15056394951627855,0.2525727270910338,0.800104454129185,0.7212255597442117,0.07418228934116143,0.574102041504784,0.8422052768659344,0.8533878028119645,0.07379531416840417,0.6917986839820286,0.9424640717231657
A08,4,22,0.49046673116099276,0.19175532235482912,0.14180351935669053,0.6748665453392366,0.4648405048011574,0.3081973991250892,0.0,0.8849499011244699,0.31194077113449964,0.24386126718962714,0.0015508347848882664,0.7160899157290636,0.7009150335187375,0.10732674175308052,0.5027129307325112,0.8577081939362712,0.7950497533273511,0.1498568143376228,0.4377332750902734,0.9282610162704292
A08,4,23,0.4955376522444068,0.1478188683312209,0.1417825726245766,0.6746423900303608,0.3236369943235633,0.2203543722681491,0.0027111693481022903,0.6809401676661936,0.18395189449038968,0.12522583563373055,0.0,0.3975584515820922,0.7584960808994778,0.08340478954035953,0.6318960838081722,0.9152407587173256,0.7788593498517565,0.11591338796624721,0.575849277310615,0.9120052757517197
A08,4,24,0.5915009108199458,0.14609229532384874,0.2587503281901076,0.7355138572840436,0.36113655900235386,0.16913210941180484,0.11137948698158906,0.6314424501503462,0.4467514896722706,0.1678661455810131,0.16530448364276298,0.7173345486341159,0.7089776145696915,0.1344500404295954,0.43653076643077277,0.8425725257508013,0.8778543695581917,0.08026623686835764,0.6512924461159679,0.9593900052681671
A08,4,25,0.6330553022013813,0.12390028395530278,0.4258847164025001,0.7687315990425352,0.557269359280891,0.10955876424738772,0.37318281995326785,0.8124657512256411,0.46422950294975307,0.2772568010898395,0.0,0.8296436794042162,0.7745690098544364,0.09190891987030438,0.5772741097122581,0.880876935590159,0.8912921377591846,0.07211572941207689,0.7167289916995063,0.9609580936784894
A08,4,26,0.5912381564992674,0.11442442610133419,0.41892161117120985,0.7578581517807984,0.37415224865890323,0.17093420686749097,0.009515568795863318,0.6371484584560557,0.42572722361892995,0.20075370189530461,0.011998783815363758,0.7158916033978195,0.7788378712835111,0.09406247451832343,0.5740262705767177,0.8815388058450851,0.8836996512996458,0.053634872421624256,0.7644159758137434,0.9526776163804233
A08,4,27,0.46328360398437346,0.1965780246227528,0.05122559669040737,0.7040487981445429,0.2887432804437172,0.16368177076854445,0.0343024853209832,0.5852948075669737,0.3628247744218805,0.21747382375995794,0.05241424572482405,0.688178903938936,0.6298166170897926,0.12881122707244247,0.34161049207761274,0.787349764624454,0.8095986830479145,0.07702495131743885,0.6099308911873148,0.8923613072834443
A08,4,28,0.5747664003843255,0.13810991493666577,0.31661714198605134,0.7879225864739373,0.26019900090496206,0.18964570154159863,0.0,0.5733464662473203,0.41110317309513245,0.26027586788385004,0.0,0.7998662098821194,0.7482335809286528,0.08115751043824034,0.5928363897606133,0.8898185755973547,0.8429207798687112,0.10588879980053313,0.6176311141006826,0.9433585575171197
A08,4,29,0.5268933449616472,0.14604650945654504,0.2175136956184684,0.7276357209053607,0.2258666284632276,0.1703524225799017,0.0,0.4697717256809674,0.46923372453720863,0.1643150615049969,0.16116665581725664,0.7494686386232408,0.6792951700272785,0.10827597641139809,0.48783970049524567,0.8275292043776037,0.8130097747890961,0.15661520818398247,0.32718189893707633,0.9256122893046055
A08,4,30,0.6134131978538025,0.15413199728129232,0.14074392835242588,0.7771625767026682,0.43456416617511784,0.20698710736988765,0.0,0.6781921378146034,0.5815502370897936,0.1546673740746934,0.30700321179686807,0.7974587648004275,0.7079009077794995,0.10849417573030283,0.48085646676980837,0.8423885966797966,0.8862762362531945,0.05133329491699711,0.7648600315143969,0.9744572483195769
A08,4,31,0.5838302118332218,0.08559236596044445,0.4133555742280309,0.7320739655690164,0.3317335784301731,0.20852219980913467,0.0,0.554244009077613,0.43691959780423567,0.11227305887463916,0.31690561730591543,0.6815328454128641,0.6782471821956675,0.09538288777265583,0.4820480608492961,0.8536448959358081,0.8336903102598642,0.08418815907441274,0.6742945345075625,0.9323955604841505
A08,4,32,0.5293208542437537,0.128952651731267,0.24144288752075374,0.703764440716473,0.32942740279551236,0.10004472775262521,0.16796940463301915,0.471026556541347,0.3350388085333775,0.20425848935744023,0.0,0.6586763064389335,0.701742139958515,0.08882339608040413,0.4629121439363818,0.8122629311720058,0.8451830748838902,0.05321793944265517,0.765287516693826,0.9332168021649903
A08,4,33,0.5559609129207188,0.12620853018584996,0.32700537471512436,0.7008698991322786,0.41139406933950445,0.11298123633589295,0.2580512053161858,0.6283882079578179,0.4304693232250012,0.205013911726013,0.09537260962952655,0.6955765041535991,0.6329706981741733,0.1949402408351186,0.2316151769856098,0.8325669254291502,0.8034129524885554,0.110714938040419,0.5176422614023242,0.9363262458465772
A08,4,34,0.5982280361867903,0.06781049870221292,0.4934698954673209,0.7575148510574363,0.33997263963093244,0.18571671444587248,0.004308584352947882,0.7272731485593301,0.41596178675819845,0.17581783683818691,0.11220695582721378,0.707108737511776,0.7458334542254099,0.08732945414961706,0.6037747759640727,0.8995495801580603,0.8567283834200217,0.06043169137779865,0.7238401668627975,0.9263430714050508
A08,4,35,0.48927200714028846,0.13600815709001038,0.2517842144434039,0.7061968536115417,0.3204330673747534,0.16892810133845804,0.08886505273452447,0.579000674142271,0.38236778965461443,0.21462725901820012,0.01679269583354464,0.7241021684387808,0.6765679339264306,0.14455251370415695,0.43829445150724033,0.8607900393532419,0.8760232755494447,0.045224748051678344,0.779206121849825,0.9460876069224107
A08,4,36,0.5233186116576566,0.11448466615999238,0.2131150667456014,0.6635859701441925,0.3478253383371253,0.17511040621521878,0.024902263199592593,0.6258592950802354,0.27397696361893586,0.1611742235001638,0.0,0.5145978196928116,0.7518443634916097,0.058493119090796165,0.6272477190061388,0.8531012049493916,0.8669045867923731,0.04213770351265894,0.7811423402017915,0.9363928242544475
A08,4,37,0.5141185176551644,0.1291082681834891,0.30670192263936974,0.7033643974662206,0.3310072413727823,0.15476297954062698,0.14898988975754665,0.6733928902710534,0.4016244078953347,0.2041978341123579,0.18707273442831537,0.7664083567229939,0.6535698160370732,0.10143322555776761,0.47318880296985366,0.8376844905022589,0.828142485573019,0.09792512098925797,0.5661865480175675,0.9101771397296511
A08,4,38,0.43282433388386254,0.16027121476231024,0.0028521935746442318,0.6431387994411255,0.21909024671453928,0.21859605433558682,0.0,0.5604936085266082,0.3161250433642515,0.22010566200504722,0.026702064103861143,0.6050544671423566,0.6910757139031541,0.1430615556626686,0.3377184360831698,0.818874822544608,0.8325341943902022,0.1572703498376644,0.3067281586049762,0.9492523378528015
A08,4,39,0.5206807789194488,0.11110010260851984,0.3709256214984962,0.7032806211465122,0.2532068311960398,0.17684871691557238,0.019228510639699454,0.685887047453779,0.444850103654107,0.1763783712855315,0.1020274969974008,0.7119200280287297,0.6921121484168424,0.11542932536619778,0.5131235902431079,0.8932368294822763,0.8241530121868282,0.1937647186276298,0.14348778803297277,0.9555550307947589
A08,4,40,0.5128266634781279,0.07781670786102537,0.2983244040075754,0.6019637440620492,0.2495617765250134,0.19196378210445902,0.0,0.5429863901311894,0.43557702561132977,0.18036570490446974,0.1603642262711364,0.657238997676315,0.655930311342994,0.10543470410176727,0.4046385046798022,0.7831750246663296,0.8404623498413898,0.11472200933508488,0.46275615723384517,0.9301442006769175
A08,4,41,0.6715803790041236,0.047690410111953886,0.5613534312360737,0.7514519287436296,0.4212909785926555,0.1955445729466232,0.003900769572521231,0.711127297188417,0.6556686970780059,0.12366409851429927,0.3006309704591799,0.8517656113624594,0.73648509541662,0.07938344835065338,0.5515124280149915,0.8443159719579851,0.8212176748167652,0.08417594461513495,0.5874259872123905,0.9000766245095925
A08,4,42,0.3537160154595418,0.17695478850054522,0.060511752852863525,0.6498206515458183,0.2752243364943265,0.25040872200104003,0.0,0.7060652620876381,0.18951282792358615,0.1837247696718311,0.0,0.7197652361202955,0.5700327906419915,0.1709887717687341,0.2722397984049443,0.750369656311661,0.8124735353652106,0.12529686548510685,0.40904064526674916,0.9213257586663851
A08,4,44,0.47759142456519277,0.15080434426821804,0.211594454269414,0.6763369195770209,0.4265605815898214,0.1955791949889549,0.02308139307055725,0.7038610240479919,0.3032321382190903,0.24335886165165146,0.0,0.7262454027905845,0.6731843541053849,0.10087663567281288,0.4314644180883687,0.7700835930538046,0.7325072817090302,0.2534818779726199,0.08968624643532229,0.938571491397627
A08,4,46,0.5006464554850931,0.10228700176102853,0.2882426755264634,0.6762669399311203,0.21546966642455623,0.17193578862795644,0.0,0.5484671215426149,0.37361041301109704,0.275470498686965,0.013975397779321616,0.7523080720268831,0.6457323346020947,0.12442658146863385,0.39459538060628724,0.8098133993891816,0.8042751140728924,0.07145736435296834,0.5805001818204732,0.8710821079647594
A08,4,47,0.6145126917705173,0.09333468726220343,0.473048033127021,0.7461186159388676,0.40664241296651915,0.18776252114148104,0.014057727214948754,0.6708846572074897,0.6034534240620236,0.07554397232973875,0.44558256814784214,0.7099144958163153,0.7118443064826703,0.10799741450136553,0.4694580881560781,0.8660483242026761,0.766083083504019,0.17365621954869542,0.37115187753845097,0.9111060499227255
A08,4,48,0.5370783527937205,0.11957673658415205,0.33001063072019204,0.7151863148787788,0.45452780605569243,0.10687925600871724,0.20730412729508693,0.6479334859589532,0.40478092855492503,0.2223467303209233,0.046557758381043875,0.7692621758651759,0.6963366836650646,0.12274069776450061,0.4755783822872787,0.8438946397023356,0.7457868423064847,0.19624611261545657,0.2545600137307226,0.9235336823226618
A08,5,1,0.5173997735701514,0.13698210866542757,0.26691477883128056,0.7064423079068008,0.3762827616416139,0.23816532729298592,0.042157260649034724,0.7383130811756382,0.41676411517251083,0.2842505356477944,0.003500113227638768,0.8582218098993613,0.6301000422663701,0.1346950824719468,0.2483331854983652,0.8147549612615441,0.7692260264532981,0.12043627328852544,0.5233733542695324,0.925011379403897
A08,5,2,0.4339471490713462,0.13188260892145048,0.22111344817629122,0.5948744304589055,0.3048993960455369,0.1817991242830013,0.054171527736760025,0.6596165619874841,0.2809392189857149,0.1846560464900533,0.0,0.5937074361217264,0.5840249150915685,0.14636675571094684,0.1762407811229397,0.7345755029610102,0.7093285073779408,0.1653244998621243,0.26499854589871435,0.8625416092632879
A08,5,3,0.31152473074085724,0.16507598861025866,0.018095108056799432,0.5393509215292425,0.313084364099628,0.19787882812418622,0.10467620061532479,0.6224637569574876,0.20380723447600615,0.15313065376318272,0.0,0.5005145718349001,0.43963519124637607,0.15882751123466077,0.17077499510472696,0.6965520478655302,0.5697050516892418,0.20876871412428816,0.25010369582898456,0.7932992050525028
A08,5,4,0.43365919556462607,0.11673588526997045,0.23641938595683923,0.6198722769503849,0.2554304374716753,0.13752410988440247,0.10153358361531674,0.5662984467244855,0.3827424285005946,0.21738464447835337,0.0017508314892027263,0.7265970171400848,0.5412511336752395,0.0998322011673822,0.38479752123225974,0.716275875557308,0.7496176053720122,0.10536132846549849,0.5339963984827047,0.8678471944758547
A08,5,5,0.41493180821788866,0.14140282701343085,0.16506128707944492,0.6071329680874935,0.3080643461862516,0.18337273586744834,0.09733197086785651,0.6500928598188784,0.3328408166870397,0.19158223574722624,0.02730275245037645,0.5866086066429883,0.6013070542262037,0.07035725394661949,0.44169065157397097,0.7240034974465903,0.7742076881509483,0.051106060089718054,0.6731713116888267,0.8423017191054114
A08,5,6,0.4229540978940788,0.13390919259209572,0.16670639755459796,0.6041313443369162,0.22766714186921166,0.17973246550921868,0.005662145630275529,0.6245503356847176,0.38870707010765937,0.21497298814999793,0.04339306637904783,0.8006751187770476,0.4920945931283517,0.1878008969079272,0.15581528401087713,0.7210229238487456,0.6878453265509613,0.17079449044235537,0.2705340026598116,0.8619872625822999
A08,5,7,0.4643983763805399,0.13905489454257824,0.14491979993511897,0.725554720832949,0.2906972281448969,0.22683059132111885,0.04052515219535478,0.6964090117007575,0.5129713845664011,0.1825446336014612,0.047616327184531126,0.7452858171912238,0.5346419588963813,0.07836328426483098,0.4093126359455081,0.677517100706723,0.5834709821088342,0.25059697317617247,0.06819449877534803,0.8898965972759115
A08,5,8,0.4207083416015283,0.13079775915904562,0.2073238106951667,0.6245723892826005,0.30797518908580473,0.22791655963880428,0.0,0.6252949319218022,0.4533851438775342,0.19420794934524463,0.15789565219238547,0.7693875284386351,0.46632830751531684,0.1415910765192218,0.2338400294624332,0.7406711572721942,0.6669012825440236,0.12823668066080457,0.36664171769986587,0.8193146210033874
A08,5,9,0.5597531747939933,0.10235038239890737,0.3076435768757712,0.6823468066919534,0.40992556075078546,0.21521237917575659,0.019544176745452186,0.6543056972587495,0.5221651906253147,0.14654692082584134,0.2245714905989681,0.6845979280706436,0.6508020978511098,0.11903378279091717,0.317343600903153,0.7752519325027719,0.6575934401025436,0.2329537160150633,0.0808382654862811,0.9002274120222565
A08,5,10,0.490326541922243,0.12938082383855468,0.2878285371791219,0.6841614804797083,0.4268498318890765,0.1601254656226119,0.08497382263503672,0.6059698113195867,0.5025823624267365,0.21060272343071573,0.01792043972365823,0.828696379594423,0.5642369554961051,0.11696946859603813,0.2989446204174664,0.700793957304488,0.7137810061593454,0.1346153122920244,0.41690313395087886,0.8760330096799699
A08,5,11,0.4925712117441528,0.0490929768056366,0.3909788345081228,0.603002694252354,0.4523850527806408,0.09690296395581871,0.23994226071711605,0.5834634334945076,0.43431428377008807,0.19743753555044494,0.15958499994236125,0.7394813542483404,0.5931460805676364,0.10529651437276111,0.40949864080979254,0.7876277522828622,0.6900599659146144,0.11001826626421607,0.4655774645689909,0.8546330755677174
A08,5,12,0.4483110776577765,0.14935995902671872,0.15356053263437364,0.6428388064467011,0.39192206672113183,0.18703399104954904,0.0,0.6449090371751913,0.4332529773645654,0.19593995142014645,0.17439722731558852,0.7134999984182916,0.46523189206117704,0.1972452962458583,0.08750284897174623,0.7494759656610854,0.5348677860110335,0.23626471998674145,0.19077981420368914,0.8521369753627566
A08,5,13,0.449582016721009,0.12676338435976844,0.22595899410535233,0.7054817463691089,0.27680437738368135,0.16126735255097133,0.0,0.5590068033987545,0.4785740151971647,0.18665639170180404,0.19077625730193068,0.7484388905255902,0.5095855732000115,0.17636437711778816,0.17889318086597017,0.7371344466785351,0.754949085565075,0.18189390845710735,0.38902962564782834,0.9288108172464854
A08,5,14,0.44554949476590705,0.19911038771478687,0.009416317799620932,0.6852417411736328,0.3141578834500072,0.18518459119256359,0.046160133460289576,0.544515931069346,0.3678877202067623,0.2801995841040005,0.0,0.7782844339157499,0.6008211471226403,0.1423107241953959,0.2951653470084195,0.7818328076740091,0.6770156156003941,0.23207264937166674,0.03401566754700464,0.8740551338622714
A08,5,15,0.4782646372301332,0.08760667819380559,0.32038600950954726,0.6341757460515005,0.36694214066991926,0.21784026874376394,0.0,0.7257424827446319,0.43356185328512287,0.18896170523698677,0.19012859744727556,0.7249766789802693,0.501593331242076,0.11562595106528487,0.21152511023837878,0.6942023220982216,0.6883818449714499,0.136458934579767,0.47176082407708014,0.9182486958819288
A08,5,16,0.45948714999406803,0.123974804292317,0.23383301039232077,0.6390653148294155,0.28997642296214016,0.15509118939315053,0.0,0.5445181482074684,0.40507599479423545,0.26012703535469023,0.01636909757062185,0.7814801284201076,0.5502984672394005,0.1156735624304144,0.3232927369223411,0.6945186146580908,0.7213609924650104,0.21589528222625085,0.05198255205922418,0.9287686213187293
A08,5,17,0.494583801896978,0.11848002740214159,0.23716490815888078,0.6396801200184695,0.38104495337104727,0.25797063232139206,0.06341539358599553,0.8452557560297073,0.48438173230285386,0.1516076210040398,0.16036414742674804,0.7268384684710906,0.5324570985666578,0.17325009165883187,0.08854532595624338,0.739593358998854,0.3993370070894641,0.2216019308724392,0.10144033795755054,0.8127307674553151
A08,5,18,0.3834638162470556,0.11112068930822595,0.09551088015463775,0.5233062737875389,0.3473596072751071,0.17230350363484276,0.14135065523148926,0.6324451722810043,0.3275790038360686,0.21878787474678235,0.0,0.5736113388276328,0.48766741273420366,0.09375843625576133,0.33448717714267556,0.6398504187875298,0.696408740769547,0.1341734604128069,0.48537368748085286,0.9281700190648073
A08,5,19,0.412218981962399,0.13935768768859141,0.13481556969651415,0.5959587751224052,0.5068975134054875,0.1321968671355946,0.24777012674710822,0.723005854252496,0.2913411233603197,0.24226245765627322,0.0176234428312771,0.7730188982140574,0.41998388436674083,0.18466936024252809,0.03235440455980178,0.6728148609453406,0.7040405900809072,0.16125495629102166,0.3188022702814938,0.9070874774521638
A08,5,20,0.4642952544992575,0.10882560779729372,0.30381185631792434,0.6493161996505608,0.4451039895017816,0.1897278380851902,0.03034608685376269,0.6909171730618286,0.34101333994366845,0.24555600201525135,0.0,0.6656375927042685,0.535141203760748,0.18565999678935116,0.19426015694745016,0.8147414879468352,0.6485200307425406,0.14477542365442733,0.23950267888433605,0.825194743961798
A08,5,21,0.4790299954851489,0.16884238553182862,0.17484980327059135,0.716087408447115,0.31602325436898343,0.18968557077075673,0.0,0.6284320981894181,0.5399435718517099,0.24706369156185268,0.04060042504072207,0.8489538245655329,0.46845789020061346,0.20074640564959065,0.03706283186392805,0.7786192404089683,0.6138310032408103,0.13479739567870166,0.39388727836607756,0.8186306593447068
A08,5,22,0.40161238351244166,0.15446856987281996,0.17172923557639233,0.5871457311333206,0.27173002270072405,0.17126974658756805,0.02971998603657208,0.5672190810418225,0.3698122358403907,0.2067992427260551,0.0591931975097079,0.6656088941534716,0.5403027691306176,0.1245270178046781,0.3606955791829894,0.7490210435927318,0.677873521787351,0.18501301702045098,0.1569926008067343,0.8864541993528745
A08,5,23,0.36477527963987055,0.23684951119147699,0.03715036226001055,0.7216748870590369,0.18514004136673867,0.16889199866862076,0.0,0.5645905429995184,0.24971244006611043,0.18751411452650382,0.02726687488350345,0.636707881436943,0.6202380814658071,0.1876703491232134,0.06622263515073698,0.7970578688933321,0.6168091936828527,0.2207446655019691,0.052852731894826324,0.8973126425543917
A08,5,25,0.43738172941393016,0.18581742599384357,0.059835357738662505,0.6163794785246104,0.23184625084767674,0.20431351571654852,0.044521062803608,0.6555875410583901,0.34295600938360277,0.15193157100169205,0.03450432823487172,0.6034280596274766,0.5932265959945657,0.1633499817684348,0.2872065400145577,0.7550806549836856,0.5265485747170365,0.3121874311500598,0.0,0.8893159397204461
A08,5,26,0.49715891562842907,0.1063229467167172,0.2559491475603067,0.6386616874373116,0.3143479407873649,0.18133852568191033,0.08790597147468811,0.7066198176576288,0.46662557087135254,0.18304376048537563,0.0,0.74152180942339,0.6129720657358746,0.1192553424767895,0.40020783041051217,0.7944459795282383,0.5840088249000032,0.2023804028869144,0.24113483909751038,0.8263664222562292
A08,5,27,0.36306145325624756,0.18203654255735172,0.09743126338011021,0.6032169376019996,0.26076378323856503,0.21847591098875135,0.0,0.6735974224531933,0.27932721480782163,0.19823251316597704,0.0,0.6404008195016679,0.5643914262144578,0.10613601147594895,0.33454748701769865,0.692665815391253,0.6286603304775904,0.240085350366563,0.024554289613931548,0.8286491056940279
A08,5,28,0.43908183750250424,0.1482089307614007,0.0604878452658565,0.6522337190570452,0.31111252337987444,0.20797140027343114,0.0,0.636734111447515,0.4270978701814496,0.2223817541365145,0.019000166047989788,0.695141530949366,0.5409263723938736,0.07693412925039975,0.40326326258075784,0.6413959018566423,0.7029128209306356,0.21974471666133366,0.08316678775309835,0.9056769445534937
A08,5,29,0.47225986195267494,0.20495001482463346,0.07622800148351441,0.6632446314686434,0.5066227949505241,0.1974835409953401,0.07720702466302132,0.69776309294181,0.42557058468232895,0.22837037224589884,0.0,0.723261757202993,0.5827464138595659,0.16223109099883898,0.2566240118387238,0.7834326417791814,0.562118327937984,0.2589977399464793,0.04044935747330779,0.8476005535761096
A08,5,30,0.4625806303117133,0.12499735539587492,0.08321210895136613,0.6065640701681406,0.26197490641533805,0.1982676631486444,0.017295884466731453,0.6092528902676971,0.44223316485068215,0.17424887303934608,0.11588010015443766,0.6388965256918022,0.5596265535060102,0.16086128207709047,0.24552416352322587,0.7791121317520435,0.724560149939112,0.10586893703903881,0.5180841149205136,0.8487245552066293
A08,5,31,0.4764946858756912,0.10561253624098926,0.3293152136977248,0.6732295312021422,0.37598583894203147,0.22969705473973565,0.01229106245071925,0.7747048519906761,0.5001067706107042,0.21860074240842545,0.04640090449955817,0.7622614418433035,0.5033095229537733,0.1669483566742634,0.06635872135670796,0.7287544562152155,0.6521118964319542,0.17141487362419322,0.25381797725040556,0.8136703585914143
A08,5,32,0.4745269797131801,0.22061278627560107,0.021293541602572717,0.6721273053303819,0.3844128804902685,0.23214181293433733,0.016038155306817896,0.7166966450430593,0.493676252938407,0.27500948138216147,0.0,0.8778778532933663,0.4621099336993795,0.21860861388759015,0.0,0.7305291206570386,0.5277606984871193,0.29050921139152047,0.0,0.8867505770023885
A08,5,33,0.38174750200179935,0.14729032567671918,0.12476835810314603,0.5575446603253312,0.4255134575327272,0.19754549113712735,0.12302746853809074,0.7228082027801498,0.30400527616245604,0.20276977166513602,0.0,0.5599411687514306,0.541104915711167,0.13487381805738763,0.16125358251301325,0.700683536732217,0.6594702277529797,0.16072428683191373,0.22593147713403447,0.8189596009946433
A08,5,34,0.4198686647610518,0.182319537062857,0.11420491944349999,0.6414563119643936,0.34465453645442334,0.24563871796158457,0.0,0.6521186671456718,0.2466994421996255,0.2569650950188191,0.004015797880698692,0.6345298671358293,0.6196624691768007,0.12310845308558244,0.3496816077565277,0.7598153999973699,0.690399899598123,0.23936852605964706,0.03401036991786661,0.8944723920977636
A08,5,35,0.43236924133650245,0.11235521211428308,0.22344024194182602,0.5937149817705073,0.28347032804153965,0.22189863046182381,0.0,0.5756355509173903,0.42442153414758205,0.15998307005831847,0.11744555749555888,0.678177300246803,0.5159029027671261,0.14528428185005002,0.22038316558765028,0.6996387782180075,0.7353392950290963,0.12184082785561233,0.504128934896126,0.8908827795927399
A08,5,36,0.43921562454237434,0.15850320282186042,0.17438362432646168,0.6621034802061728,0.36837413892022985,0.21295249647022893,0.05918666185109302,0.7253375341984262,0.30153517119180484,0.2276856495383222,0.0006869877219153648,0.6995661162116081,0.5260834754569823,0.11351858562820444,0.37327763179332507,0.740185595638529,0.7195570093842506,0.12105083825684489,0.4427656221024895,0.8229434349447569
A08,5,37,0.4622812794556344,0.10242388316135571,0.270301097398077,0.6049436960459781,0.4805444653534833,0.23918143573090045,0.0008549980457656568,0.8207394224363911,0.3481147336912282,0.11333983811031278,0.07087547431607544,0.5526964865773286,0.6543135982527936,0.08197039798029256,0.5444815150718334,0.7822021859181084,0.6622554569815781,0.15074714208386278,0.34361533670860905,0.8916864377225119
A08,5,38,0.5397367981756988,0.07075404794042436,0.3922561779774374,0.6441964767815733,0.21361880690333043,0.1542865558361704,0.0,0.4286945691081003,0.5500255366502647,0.2104809401633082,0.12727649043071795,0.7775090255315961,0.6148211793621385,0.11673320658427701,0.4191550524040755,0.8242361753149386,0.5759948125184151,0.18446718694868872,0.2062709022353568,0.827099386409286
A08,5,39,0.36684393125555254,0.12986701806477782,0.12027526916186614,0.5272693494014021,0.28262267836518407,0.20790250701201518,0.0,0.7346475740089166,0.3291672710261243,0.20477389478168292,0.0,0.5950487892727531,0.5696959480463711,0.18914116294237412,0.12538904304924178,0.782425810994566,0.6324968853692254,0.26748680884583,0.0,0.9121541089604106
A08,5,40,0.2879848989117249,0.1824231403515142,0.05962022727199607,0.6063246592550462,0.28952946118895817,0.19784819463227835,0.05529421155274859,0.6976016023422399,0.20706405681636883,0.19447549190683053,0.0,0.5998285691627601,0.474411552006089,0.17966429178485113,0.08037896187639373,0.6595990672078784,0.7079364504340468,0.18005415133918207,0.31248967457675614,0.8810032001329897
A08,5,41,0.38575075819639587,0.17780578474029649,0.09760335286541737,0.662323812756855,0.29497382540520334,0.22999215494941264,0.0,0.724804061483283,0.3460075196609953,0.30138368779061775,0.0,0.6918075464370376,0.48396496173432085,0.21871336263365027,0.09141594931840469,0.7410105249409916,0.6388553577585602,0.12159019000092681,0.389716498974449,0.7753858937916055
A08,5,42,0.3825466282687267,0.14294904637429648,0.13541138795833177,0.576062023635392,0.32584642385799056,0.14212449111361905,0.018471724154421092,0.584606488187812,0.35074557105026183,0.22965300154343302,0.0,0.6874954753357821,0.5958304371452959,0.0658693113532687,0.5076653338944224,0.7040146198339841,0.6510589597476913,0.23745208610662913,0.12177375530245879,0.8786032169287659
A08,5,43,0.4886845837295078,0.12033744055131043,0.30101234843402364,0.729407156523167,0.314167726402013,0.25432319420350813,0.0,0.7060452364298256,0.4009595253626801,0.25176261003875233,0.0,0.7780421638304541,0.5888536124171588,0.11069609786177949,0.43217762263163795,0.7457004144279059,0.6305938985789026,0.20963017651378799,0.23940011099393455,0.8891541853511856
A08,5,44,0.3948980248242261,0.11687243618809302,0.1743621889509544,0.5969301173763498,0.28235796539595065,0.14694338056032621,0.027148543925654134,0.4677883442226815,0.3428771887550436,0.19922999527685284,0.026065500840948656,0.596628984925397,0.49977265468636506,0.16951370816968456,0.22444426514239732,0.7397648991179814,0.719002984243024,0.13416088210972738,0.43384996230178935,0.9094676529735246
A08,5,45,0.4337552440688815,0.16920301381995323,0.13453888419152799,0.6708406995811602,0.2684930164820076,0.1918481003299761,0.009952794717890092,0.635472171595587,0.4390599791619474,0.24988627763964064,0.0,0.7442058648830061,0.5830823636289862,0.16557338743610592,0.12074865519696597,0.7721532023217424,0.6884947799549468,0.14422536267335953,0.4356053642070374,0.8966876459158406
A08,5,46,0.45522931158465446,0.15180813704891216,0.03627896742807362,0.6309646819779104,0.28201009849380193,0.1911736931125647,0.018186817999863072,0.570444888901613,0.47568694849087073,0.17816810096895347,0.17077734695617983,0.7277539929302784,0.5511034161976208,0.15970876374877083,0.1367789740329466,0.800319486991982,0.7058181455935076,0.20629923421916235,0.007077463733752224,0.8890830530806025
A08,5,47,0.42719202140316614,0.11485602715751898,0.19425024358224632,0.568001470568486,0.4683997401835903,0.17206644893991063,0.0787521799183624,0.6677284487200287,0.30592982021112836,0.18369322197302265,0.023986625642398823,0.6387500687336762,0.5481566787161861,0.13695337238935992,0.32368250288708106,0.7333411765167043,0.6755182181037906,0.17517948873786007,0.18695707793333602,0.8791675498163194
A08,5,48,0.4568531774816916,0.13335581601585164,0.2525031993898657,0.704804151933355,0.379641715798194,0.20077175880561537,0.09012183783402809,0.6935234525048914,0.41911919489696353,0.22986717232493448,0.07405890345488857,0.7803536543256631,0.5246074799532943,0.16487360312019766,0.21562308399908856,0.7263350751896285,0.6873461584329562,0.1263159197956971,0.4663463829101223,0.8734993486903411
A08,6,1,0.5570729363235324,0.12683357497318296,0.26965097433597307,0.6936250121164519,0.45130287366972094,0.1977558439854455,0.12235927569514475,0.8113516690982643,0.5311791459405751,0.24326921521493905,0.028049019093993027,0.7708040418433467,0.6265317254940656,0.19125277442428626,0.2734188327762877,0.8628079062227346,0.745884453498712,0.10628545493284444,0.5026509166411143,0.9160307055506366
A08,6,3,0.6262996859466389,0.06634965807907851,0.5140259890500046,0.7334520422641193,0.5720902411177788,0.16005386712502992,0.2337082456178022,0.7901314775406225,0.4618352234570727,0.22581087339930042,0.07361493490534403,0.7663410996741852,0.735664427706371,0.08414260567840674,0.5805926267691998,0.8464391689444586,0.7774771487754446,0.10890185980553682,0.604558639150655,0.9528103772381744
A08,6,4,0.5659850113111816,0.10745094283123836,0.38878053873465795,0.7563526530114802,0.32045072639440914,0.23820205257710783,0.036604024132824056,0.7198570015092941,0.548062455100539,0.1824425323942441,0.16463385913845427,0.7843822271103298,0.5708031373438421,0.1567710607792196,0.21059004785781793,0.8003856846802029,0.7484258876873883,0.1198979497529684,0.4790453714417735,0.8852872715549326
A08,6,5,0.4209379925833512,0.13916007912240116,0.11250789185727937,0.6339660468876847,0.31513545831176926,0.11375514164497942,0.12362188443195078,0.5719456837436608,0.37335121005507943,0.1916533047390802,0.07774629394135472,0.6476033293429191,0.5571781724848165,0.12400452643965915,0.24341963531250885,0.6769774107596426,0.6266368942851828,0.22780326250699778,0.06566491334967973,0.8956132768336046
A08,6,6,0.43166306789087455,0.22191515112691237,0.08835549402110818,0.8808279725543217,0.5376270274880789,0.1669046958116698,0.11506725398402874,0.798142002410629,0.32907821490236094,0.2818517259651348,0.0,0.8758685658868642,0.555013197841473,0.21698309375689132,0.28925545937789404,0.9047278428800923,0.40474754306529576,0.32636466518021146,0.0,0.9108616484260867
A08,6,8,0.3735146832340984,0.18028036159162508,0.056554035833442935,0.6455344290932308,0.23679622641149625,0.19219095727335547,0.0074584025514374186,0.5657642809146666,0.40493487445239673,0.2221050468715737,0.007308014402426344,0.6464054085864285,0.46854373322783033,0.28470800422516623,0.018728991504738328,0.8153766065344177,0.6479642867957367,0.26038998415261233,0.08779454039588397,0.8732742388144755
A08,6,9,0.4385311081712275,0.1579165480763792,0.16907847429394263,0.6702806744628148,0.42933005497685084,0.2640151792253397,0.0,0.7567279443114694,0.2821483772489799,0.2027050450348651,0.05265590304269593,0.6440808878225398,0.5817106124254025,0.16423183130788405,0.2675227410847586,0.8202101063850842,0.6165300154734473,0.16525253546794524,0.29834717929479243,0.8983257402680521
A08,6,10,0.5142377644581322,0.18839871921729176,0.09555991116209198,0.6741940488258608,0.4168764647129851,0.22284446954309528,0.10334714051574621,0.7707137746926523,0.48315505796267505,0.2497349122830446,0.017436576718321994,0.7307619108426016,0.672620216483396,0.09740073999764454,0.49293622073842824,0.7956955758420554,0.6401403273763063,0.2678583981080582,0.0,0.8543479390202197
A08,6,11,0.4410099075615218,0.19660406258047197,0.008475461213615023,0.6622927892087487,0.4025635531921837,0.2525982665756084,0.0,0.6778713950872738,0.2591168688327367,0.18486744086915735,0.009063956167242235,0.6711372013969452,0.5597282693362459,0.20269201148124605,0.21092991153653934,0.8545965430634695,0.5423316995101302,0.300949812111057,0.03643925269555175,0.8406521304175383
A08,6,12,0.4820660561061213,0.13800670338070528,0.12633984774690685,0.66312456618087,0.47612428542515417,0.19607576404931393,0.20351160775226215,0.7882472732174354,0.37459199644138963,0.21495373646987578,0.0,0.7365339341739682,0.5493903632242293,0.13954061287857544,0.31711520005956284,0.7149155913086849,0.6205798183260843,0.28211019505718143,0.03398982551548161,0.9180699934825606
A08,6,13,0.4408481603044214,0.18408972093694598,0.1955090999428227,0.7199389984991901,0.3388619540044572,0.2620231503116088,0.0003195712249243833,0.7361985700003674,0.39022118710702924,0.2604746435388388,0.0011463459540871199,0.7788752682694159,0.5855084458111054,0.11129683628204733,0.37049526417607004,0.7544544166341085,0.6744974747504202,0.21736923930358687,0.15517949386008612,0.9083929515157776
A08,6,14,0.4919428828669714,0.11913310115560512,0.2829614552634692,0.6366708322174605,0.3504660238071487,0.18569350835004347,0.10618999602461136,0.7689822189084868,0.4222278252291221,0.2335470341022216,0.09119574475818101,0.7452813639008979,0.5905489700203439,0.0915161867041272,0.3620725101379444,0.7282925606260687,0.6613120890261615,0.22844851508991457,0.002259044181871569,0.8865068089166867
A08,6,15,0.4055765869911137,0.14574885935377557,0.12712019679369027,0.6788372162734083,0.2034336695999519,0.13907353979537232,0.0,0.39667963738300166,0.41944945817851603,0.2597878198499653,0.013243434408479146,0.7412978188358992,0.6071686907131115,0.13438924774651254,0.30763728840808824,0.7917618745259916,0.7386125263158766,0.18535374469892985,0.2494609412738679,0.8960411416677575
A08,6,16,0.5114844417414032,0.08086926878678469,0.3497913532156585,0.610307118471955,0.42424562607760774,0.17563099678627306,0.052483814804141785,0.6906254575146059,0.4045645321019826,0.19090434506405446,0.06880122276557624,0.7582214630306003,0.6390794281872857,0.10025446156404273,0.443214375877781,0.793801820780124,0.7453311871469837,0.12113598938220303,0.53212971162303,0.8948745550491246
A08,6,17,0.32475337955720124,0.20474660164623876,0.0,0.6479733634411744,0.21619525036453746,0.1839645994969138,0.0,0.5189912613239148,0.27091645567891826,0.23493218483587586,0.0,0.733773252035393,0.558102066122048,0.15686314739882312,0.19957767198883894,0.7621679634227893,0.7078963318123958,0.219553213321182,0.17642841875677404,0.9312330130661733
A08,6,18,0.4235349867191713,0.1587303006831567,0.1943486559038808,0.6741259420267491,0.3926096639460729,0.20492519169882623,0.0892928796655976,0.7732391053428925,0.27599049095657063,0.19027582402002324,0.0,0.6837532161565594,0.6194963177755675,0.17044589223477855,0.27528455258100665,0.8641278391499666,0.7678722019890933,0.17347394872465582,0.22123543085796868,0.9010728809002281
A08,6,19,0.6110659502463834,0.10644953686109804,0.4299128499734294,0.80883905341463,0.41109736469744906,0.1522513657545859,0.10085999870489352,0.7076644175761942,0.7090233268153934,0.09592525311164503,0.5541010444469635,0.8773038211742028,0.6290828947325299,0.18735656224084182,0.2561767820771506,0.8215709476159009,0.7226111570628394,0.09330290895410026,0.5270139685209619,0.8288298796117289
A08,6,20,0.48921555817447,0.11817185232686798,0.2720968539626233,0.6488569726130091,0.4471975887831655,0.2473263692250417,0.014027349556378885,0.8499922976630973,0.2565172739094457,0.1752450458329009,0.0,0.6777463755272778,0.6644437055507084,0.07841834881094473,0.5504649316147391,0.8027659928027966,0.6865433996571276,0.14144920887291243,0.2854934102445212,0.8511121757912727
A08,6,21,0.5115758521534213,0.12261343591675115,0.2491741343482943,0.6903606642306305,0.2528006590543403,0.15020556006211863,0.029570913583376286,0.5032609909068498,0.43443953358573767,0.19911434826428975,0.09608209260689338,0.7322995809615589,0.6602461462325863,0.10352624651567756,0.4080431053463749,0.7722477222144263,0.8054475147442363,0.11674498471064193,0.5568431597971102,0.9303764116934434
A08,6,22,0.4156184266444936,0.1478432318969482,0.06751265566491026,0.5554035123641068,0.4215514008918288,0.17823312989089343,0.17974763927859594,0.780100724500237,0.25134929930191496,0.1734100612903864,0.018658856386848357,0.56720245831075,0.5267058700253819,0.21077149530771605,0.08826916788777708,0.7492031033197172,0.6614220424950479,0.2322751734498354,0.0,0.8706059902255389
A08,6,23,0.557188741118897,0.09092316350759158,0.3777722003575179,0.6935518891713626,0.321557978614856,0.22684854188030368,0.004269670557615195,0.6112534106792034,0.4367092008675255,0.11435197959041396,0.242152588885102,0.6618496664737358,0.7110473282753434,0.08263764381449065,0.48449799157057455,0.8206193506277012,0.7581716966980342,0.11400146154806011,0.4948039711858942,0.8949051512594043
A08,6,24,0.40539658690676356,0.1905169783456496,0.00602523306818435,0.6075308824540241,0.42836445452725946,0.23200231524041,0.037656518815711894,0.7720408177446157,0.28071235678481155,0.17197082114120113,0.00418463608651192,0.5878405442749443,0.5245493173185776,0.21116565897145148,0.0897885349995747,0.7655944954635155,0.6735554642893379,0.2477816642810954,0.021510133247462426,0.91893512601887
A08,6,25,0.4948241909060242,0.1672722586988373,0.15301928736946083,0.7179636113585318,0.26546628192080124,0.12555304218968488,0.014872225452879298,0.42885107427433217,0.492451824748471,0.2604237230694543,0.033677460636441774,0.8315912699796307,0.6101954907582489,0.20450128161020198,0.14056980369159924,0.8696682370467406,0.6195712051895226,0.289580574392876,0.014029012218380757,0.8722490198466867
A08,6,26,0.46974201425418965,0.1403533759344714,0.14879327801747894,0.6758527069631425,0.4080360410002546,0.18333078300823824,0.08697868412169228,0.6357634114256554,0.34531762982769115,0.20749701448812627,0.0,0.6943672742461918,0.6276033508156165,0.11005526007606699,0.38880275671250913,0.8286830038925472,0.7501106093028188,0.09112766371239157,0.5622155657455389,0.8619653010976345
A08,6,27,0.57291783485122,0.10933651396422886,0.3420153199536789,0.7271126290884352,0.23211683555319745,0.19426959663818041,0.01157390362620909,0.7478292429744888,0.5667247886325539,0.13862233024356171,0.34835747363997915,0.7917099065011993,0.6615636433571471,0.1350074358552073,0.34550098900366677,0.812700599695859,0.8439762378645372,0.08164675376431925,0.6049242496124663,0.9312596535182998
A08,6,28,0.5442395436591253,0.09645519291004087,0.43064469448495607,0.7469591684173776,0.2876051735590586,0.22033812965201266,0.011038941745175961,0.6516196917516268,0.5094958908440657,0.17653739629589676,0.18749390974932328,0.7551772277711172,0.6286768871745019,0.12799341636667108,0.31243191052217656,0.8450156960099882,0.708947949456803,0.1825537070084454,0.27502467688253734,0.9048351582191565
A08,6,29,0.5106020613288177,0.11990208239645964,0.2099638247796074,0.6535267563241826,0.4047510124750448,0.18732110492987458,0.01125509220413098,0.6602056281491598,0.35383457372698895,0.16193730539949258,0.0532200162047457,0.633314966805923,0.6558921788213521,0.15646065091714,0.3459405413414552,0.8552479884897302,0.7361828097102524,0.23917266866606968,0.0,0.9433833326082308
A08,6,30,0.485350157635977,0.11907588084506711,0.3125815836730363,0.6625206191925338,0.21933634468112528,0.19740158223208548,0.012226982622224294,0.5634954237593127,0.3379186636855727,0.18457744707076137,0.07376277516003293,0.7285251000898175,0.6673218285729148,0.095529310210325,0.4542237937753604,0.7811566572760665,0.7070173401935963,0.12879186786169372,0.46258693288571184,0.9075490909519361
A08,6,32,0.5660582918258933,0.10031560462961066,0.39052065573428013,0.7030230308591159,0.4296815042622549,0.15757630325403552,0.07976640306727671,0.7050189617750775,0.5443436776277477,0.15152824698062223,0.2876953702598189,0.775164922633299,0.6336594744799307,0.1670858418266039,0.2153144414750607,0.808950467423916,0.8048483884104893,0.12923410688283918,0.36707559322988403,0.8906737949994828
A08,6,33,0.4912288083347194,0.12927339402460075,0.32986290300335536,0.7732188746071099,0.4846353198032025,0.14064122172192975,0.1528474831864699,0.6327472666365533,0.34829729308378893,0.23968061881708838,0.0010263789895258763,0.7359270465177339,0.683107807422605,0.10104838677428284,0.4013003908211301,0.8252719160930176,0.7370955988933596,0.15682544675925608,0.37649219637423803,0.9260251094357022
A08,6,34,0.5738983937728573,0.10002118703971864,0.4041851473803226,0.7153185225096108,0.230968174387384,0.21411692538247773,0.0,0.6053649998539693,0.43697111648087283,0.1370637482483031,0.2510920582937605,0.7672707992855807,0.7295332980933257,0.09606653851096933,0.5590516024265006,0.8639019724441025,0.5836982264180701,0.23820645671188542,0.12597455555856413,0.8819018672979705
A08,6,35,0.4919164555781553,0.18504880604133198,0.06030821488789254,0.7270653670786059,0.2962133055803354,0.1605124008582972,0.010783078902463408,0.553313866436574,0.5121422129054395,0.23019158185035643,0.0,0.7659730807059013,0.6221604350772842,0.1080337414334212,0.37054810756228257,0.7528220011053939,0.8315080519232371,0.05772448110946556,0.6596089635800367,0.9051254319132188
A08,6,36,0.4561799748230494,0.20358714132762631,0.04411055728908316,0.7299528213717545,0.15359465296200478,0.18409370625937577,0.0,0.7164736663991932,0.3026763057157293,0.18329295361838105,0.0030277214145261982,0.5560955908330109,0.6495058482497186,0.16154772997535008,0.27181034900124323,0.8604776655069346,0.7609013993331487,0.1347312132490269,0.4914170686743102,0.9030594362026176
A08,6,37,0.5529740841993465,0.15071013570259764,0.2740232359420903,0.8003266254989267,0.4038123698438587,0.16067259479564724,0.18859124072928052,0.7023176391361429,0.4712508664514898,0.21905102137627697,0.16958665668970802,0.8473128711281053,0.6405477403417937,0.12804606754443165,0.36889602381686837,0.8406281587899525,0.702366929440218,0.21590848555152478,0.22935155131184123,0.8767348909154967
A08,6,38,0.4595578158664765,0.17544418926298153,0.13584321172236655,0.7120721699285817,0.33899105210685954,0.2378134604372831,0.015660513338068855,0.7674607741383157,0.3918883383648685,0.20875492292527326,0.0241093395248503,0.7046712726619087,0.5830711782197344,0.1927767029700468,0.21648806580933933,0.8112239290167257,0.6078481711486483,0.2291799289144764,0.19091248379704215,0.8585325790110213
A08,6,39,0.4923220710704225,0.14228816409580483,0.09486200286152567,0.6300794020023109,0.3196672707630331,0.20360971120053611,0.0,0.5999926064723227,0.48902102805916986,0.2319420282383322,0.04862037166206733,0.7979079782301517,0.6005180288909097,0.10847812887666222,0.3497074424364075,0.7363095038833787,0.6853914304315791,0.19560950956845427,0.3121876720453479,0.8656915133124219
A08,6,40,0.45419931835916005,0.15814098209307154,0.047922070328251874,0.6632337871775312,0.37934013174076064,0.17192089826221554,0.0,0.612586133898297,0.36748050255749665,0.27635560410437804,0.0,0.773165243973249,0.557991102069994,0.14885390335856363,0.2834575066140218,0.73986916742804,0.693676516165457,0.24771162658337326,0.14026429300378424,0.9690639233416265
A08,6,41,0.4458494268846787,0.159091733764383,0.11090306105214744,0.6760680992052243,0.32527384076609317,0.16130243079727657,0.07794335686897592,0.6113806224361994,0.306003784903555,0.20637901331349323,0.015371460111974497,0.6300431125228576,0.6162314434262903,0.12158238803465671,0.40360641730007424,0.770806372631183,0.7586085176332698,0.1370837651278662,0.3344907431038118,0.9130670021674996
A08,6,42,0.5453458928171526,0.11476472072264261,0.31649402918756037,0.7366442475432267,0.37609498934222463,0.25674642758309124,0.013955938653813298,0.7980833290465831,0.3443910404543792,0.14939390470091532,0.16214858089456038,0.7016472999061992,0.6881979610693624,0.13168605134601716,0.31392990319142583,0.8572302822799059,0.7343383477060852,0.11879976256274506,0.42661559749625383,0.8611924228883987
A08,6,43,0.5550007112817484,0.1204690944165713,0.3440714764855302,0.7925186611545179,0.5198222391366456,0.13245667469407474,0.29534017878374713,0.6987592660447346,0.43574953540125566,0.22156412020679195,0.09255614983501326,0.8282799030285198,0.6155633241689162,0.1860209646841707,0.03006699201635708,0.7964034428863206,0.6623031578414985,0.22424884781626697,0.004849311385343137,0.8409701993903894
A08,6,44,0.37923813461425515,0.15251221181640048,0.08077302579764312,0.5533507287988768,0.2153599145927437,0.14384230532559833,0.00016056045504710324,0.4706297462459585,0.34686595420409433,0.2082939286799802,0.06881473180586371,0.6738247037549209,0.61869777321754,0.14172381900996964,0.3793168648547243,0.805094088107544,0.6125106806170132,0.21883654768829588,0.16127440805519994,0.8522081967560846
A08,6,45,0.5589883800470214,0.09438431041641955,0.35419411661019373,0.6876681462163748,0.4202500779683941,0.2366567562747527,0.038322029563314305,0.6918466798640429,0.48957371868692123,0.13858098673954386,0.23333919190984123,0.728641536051453,0.6381066610456121,0.16646241364556758,0.19616947278529492,0.8064492902340705,0.6949506424140535,0.10965134859075498,0.4421729402879681,0.8447140532836597
A08,6,46,0.4938130731174747,0.11498803024796975,0.26254224745612037,0.6502218001851071,0.3349733714725584,0.19262661201702058,0.003717494140171307,0.6172634175291414,0.28084929115466994,0.21940969407813274,0.0,0.5286986372326196,0.7311204753803174,0.1023715912798645,0.4475589870476034,0.8283731792976108,0.6795354624153828,0.12804757498707103,0.35239411524848613,0.8061624115454931
A08,6,47,0.4214255214386998,0.19639244968563604,0.0915800290529489,0.7586486116328287,0.33383162176375475,0.20961917395438373,0.005827448142219915,0.7235365198258714,0.3264666615827354,0.2585762006065867,0.002274605495959766,0.7871796709888913,0.5936162623562616,0.13638201515590692,0.42221450538900795,0.8146890542788429,0.5191325898942201,0.23030686695982705,0.07925309488131578,0.883745855128389
A08,6,48,0.49221052977254626,0.15981903207466497,0.09376971878439845,0.6921652946079383,0.31715093064990013,0.2085934021694924,0.0351393149071557,0.609141210142187,0.4047231651515864,0.2060713338009702,0.013363881332823799,0.6451648374578218,0.6272099870847014,0.12910961428325107,0.2558911900866204,0.7827431703681936,0.720518475344147,0.22576923713031402,0.0,0.9146585742500636
A08,7,1,0.5820958947459685,0.07453949181644882,0.4340980147316304,0.6922602010276815,0.4721188306873426,0.13633009250692468,0.2716157226142449,0.6720873546236731,0.5763100960081459,0.17967664479724452,0.16178200612402377,0.8007115873875476,0.6748590791581444,0.11022238639865525,0.41695776304016874,0.8362470440663793,0.8174005911910306,0.04257337051327803,0.732212068144964,0.883091138426966
A08,7,2,0.5492290777339328,0.15797250396238108,0.20492262167834077,0.7743033747348844,0.27543644038413767,0.21969749993987106,0.0,0.581746733333195,0.5115931114645973,0.12324845207024349,0.2562435533981895,0.6293719149573798,0.6454505122380094,0.12011699823562857,0.4687865732772983,0.8579847488466917,0.8042442698942,0.16955678550661754,0.2679654864802102,0.9439813576027064
A08,7,3,0.4056608009713429,0.15223606370707776,0.06734961691573894,0.6181361110390109,0.2569860118806796,0.2443055055894729,0.0,0.6751709552139378,0.24951178889933542,0.1868167227937417,0.0,0.6424117388230143,0.6751012557050764,0.12710491251213382,0.38045397281323223,0.8206265283676976,0.7151344484446511,0.2435820863036549,0.01491793324181967,0.9033513508112653
A08,7,4,0.532194200911357,0.10060356754886367,0.3965618095382376,0.7320544798565416,0.45623292345574584,0.14351115623334385,0.22241036564322209,0.7390562156864381,0.35682480307300035,0.20835183761261372,0.0,0.663332425777206,0.6144977786457505,0.14321140919131958,0.3885828843740156,0.8205150294701629,0.8471334415378757,0.073140723293129,0.618862477816127,0.9140021752405014
A08,7,5,0.4525658497165553,0.1361193395305362,0.24512537249774272,0.7016967936744919,0.31840221460078577,0.20456059998045792,0.0,0.6083645568810925,0.3182516994591208,0.27280745279781093,0.01471873824058721,0.7315546429526579,0.6009899744081384,0.10482998138765322,0.32849899811378575,0.7234925198143106,0.7802445756057739,0.2044582228938669,0.28439808303758035,0.924139702053138
A08,7,6,0.45873540828365134,0.08084377702668444,0.30993073003605415,0.5810240617741625,0.22876479975943012,0.156228495180056,0.0,0.5374027455713968,0.4601009219861775,0.19343856316005634,0.08448883666167127,0.7044158736547969,0.6455671862631164,0.11522006786913068,0.4083721756668067,0.8355375943362147,0.7463479883237476,0.12189411570687428,0.4884277415302357,0.9030069181549464
A08,7,7,0.4298601163991554,0.22830257574844018,0.1280138818678107,0.7695918720218659,0.24824867745244106,0.21459640868183863,0.03929277789977608,0.7295647655522792,0.3384759953430925,0.3093688291789498,0.009617000383657806,0.8980942210949399,0.6074143796755195,0.12540455112932714,0.35137172155486635,0.7632974904344868,0.7873146972135733,0.10856214952476465,0.549725292877152,0.912312881838629
A08,7,8,0.45076850805414564,0.13325695338554575,0.05899164838705827,0.5587191925638475,0.4495154685491983,0.2099612952834767,0.0,0.6723795049750824,0.28782589233713807,0.1870495293955303,0.0,0.5930643365335291,0.5557878146728433,0.15373583440553906,0.32055011663500305,0.8126871132495547,0.8139097156075012,0.10711897627344484,0.5471379779029396,0.9430017985217086
A08,7,9,0.4432566235115597,0.17387219726620656,0.05720551570942868,0.652083166181417,0.3059429836186975,0.22470054917421362,0.0,0.6698858981924861,0.43930766926746495,0.1563339182281909,0.18921771686398364,0.6923120445068723,0.5856770780046495,0.1283716369721704,0.3213603283398433,0.7394425427227537,0.7204987076794416,0.11543309941156014,0.48620734349021305,0.8442160277890508
A08,7,10,0.5315900832188748,0.13536449255434854,0.18628260664106325,0.7030672880818213,0.3654466833522548,0.2038916158501069,0.02191514732750875,0.825266676461798,0.5421704453323819,0.1351589934781033,0.26656824515110844,0.76631166543657,0.6240208469978825,0.14609741896084616,0.22739001171032158,0.8100396245213352,0.8128875333183893,0.07717410784477984,0.6616335839857308,0.9370720962198954
A08,7,11,0.49214317447137657,0.16412562110274181,0.040202089990309275,0.6666659630667148,0.2776755036555203,0.16775871689438077,0.0,0.48793689618952835,0.3468106016550966,0.24370079000224645,0.0064375449774967276,0.7276298174375999,0.6449064918432424,0.16879230202591197,0.19606844411405078,0.8206165652104213,0.7292654901978268,0.1730410629929321,0.3278601218368885,0.9132386509436466
A08,7,12,0.5592494792476551,0.07142949397903153,0.45284075695172143,0.6672962096550233,0.4393724505089723,0.14745755890283624,0.13721273939338785,0.5981803732918155,0.3621105976783306,0.21037080573803482,0.039349777828480766,0.6635567411484449,0.697386186559744,0.11525633785869734,0.4834292633798179,0.8605762716066913,0.7703287754381886,0.12056224917063531,0.5463934194342385,0.9197085032577684
A08,7,13,0.48342943162657936,0.2065026451881376,0.18449024641613546,0.8114579953442908,0.4055768975431431,0.18667298838600543,0.15109279882982304,0.7148260300178297,0.43700484375380994,0.2605331631915589,0.0,0.8818693337053459,0.6307220091441224,0.18083192322363298,0.1549466290466559,0.8875404579050705,0.7418761559362392,0.15586427684745247,0.4162553875047054,0.900644936107403
A08,7,14,0.4074348097532246,0.17757253018387353,0.013606984662179198,0.6910975106011897,0.2659902581827,0.20146479704577652,0.0,0.7034149282650907,0.363626580631179,0.10408971165343474,0.16086694112530897,0.5114566274854507,0.5687575873235683,0.17281308056882136,0.3046705698361634,0.8635064579135888,0.7333523465948016,0.14883882380747013,0.35731945644295937,0.9154283927935881
A08,7,15,0.48418199643291576,0.17758717245108702,0.12009196772174931,0.6849404331423304,0.4828490687705419,0.1795833411511364,0.18234745848617298,0.7804030895584754,0.35915153816167183,0.22896928193421165,0.0,0.7925477985077506,0.6452903910068887,0.1175300419507006,0.455697378351747,0.7759228339424202,0.8184931544231387,0.06638287738340101,0.6616446945886715,0.9140267368623209
A08,7,16,0.562123335585824,0.1381145480804458,0.39340740166554705,0.7812749983735152,0.3692392012030496,0.23862304233137746,0.050142671671424686,0.7734608080803539,0.43135264120124117,0.24782475623971328,0.017055407758290637,0.7880696417645913,0.7079604929979555,0.09128571937986009,0.5740338865329274,0.8759620730288508,0.7933110244459148,0.1060439987747732,0.6255015712590811,0.9160339513799002
A08,7,17,0.4512770084856522,0.09569147955702452,0.23288198249146827,0.5617053855704259,0.2493873801673169,0.15778143544847154,0.020824332989031746,0.5533330628735204,0.356363847771738,0.17946944458592343,0.07333672676526745,0.629521980236286,0.573486906606007,0.10515538436302875,0.38694084337507817,0.7844699377592861,0.7638936586219918,0.1332881399257609,0.39007060482856876,0.9136776730550892
A08,7,18,0.5439995589784732,0.13266586342093462,0.25803980232584045,0.6966892353966293,0.2602998654351806,0.15638248516738149,0.0,0.56509699794924,0.4015958915051921,0.2967596378592934,0.0,0.781672774774154,0.7444906595549484,0.07139171057336567,0.6390500112325731,0.8888255310267427,0.8243286826517197,0.11472634398401124,0.4604103239407827,0.9121050655714141
A08,7,19,0.4505357567653575,0.1083598374593237,0.3015437337025847,0.6422289570610685,0.39155575118825237,0.21772950492943582,0.0,0.7172958902800087,0.3381446794808065,0.21399700521760898,0.0,0.6150183153189277,0.54642411730111,0.13138169765328483,0.2567094317839765,0.6935984283881139,0.7682421359758401,0.15263438257097917,0.5600371420191628,0.9569190819383372
A08,7,20,0.5445708809963001,0.13439395148001085,0.16751696323362766,0.6631212789579674,0.26420090854389355,0.17924747507939381,0.0,0.5278880017688706,0.4883432911454459,0.20719260368020523,0.06659108090723645,0.7108149764319317,0.6860068556585283,0.12432682006569622,0.3535973112392896,0.8724849193069882,0.8169509188248193,0.10422047036541429,0.6164867433474563,0.9389108671144498
A08,7,21,0.4319735914948891,0.0850723329247197,0.2677363142830794,0.5642258140973461,0.2883627841653084,0.21252931871255695,0.015847824195229676,0.6272357363851976,0.25255869692749555,0.21615411728594283,0.010561128602458376,0.6704717733528422,0.6286171759851007,0.10086462353820459,0.46323291976230013,0.7747215549719524,0.8353876561879164,0.06959341598357845,0.6750978121765501,0.9333834891454911
A08,7,22,0.5095258072976122,0.11741617841723624,0.19869923973195253,0.7156558602366996,0.36389049479892754,0.16450629757494623,0.09977458001187829,0.6330536520468388,0.3351686875847616,0.20362813657300377,0.0,0.6806798432424755,0.7030094852441099,0.07466388214921636,0.5335595528776984,0.7836812574111003,0.6618147447124199,0.2536934962971078,0.0,0.9234833313709009
A08,7,24,0.38612675740398195,0.1972351379391899,0.007639782075056762,0.6596431290170292,0.1770690842232638,0.2065968229071603,0.0,0.6239703510990902,0.23268312960735646,0.17209017598118503,0.0,0.5757669384689537,0.5599305005510252,0.21989677112498876,0.07184428158165587,0.8228192010849126,0.7256644771936624,0.18435464629732914,0.2088099752038032,0.8975858467145367
A08,7,25,0.6349782193390375,0.0801106389382324,0.504226726648218,0.7461528787174166,0.3820894615353217,0.2200083725384496,0.06755126923095753,0.8415904806453122,0.5413265595100867,0.2091644420628603,0.2091643935513476,0.7648443957013414,0.7339259081568849,0.0605204928580041,0.646480726283802,0.8245243958599037,0.7983104269757332,0.07220551626634415,0.6512658025401484,0.90890121256215
A08,7,26,0.43155564009173397,0.17844608485352928,0.15277828956527584,0.6880770802093213,0.27776259142531945,0.22757750194178328,0.00293824456600833,0.6617271119093868,0.3718495926650832,0.22584165833339945,0.004981297891458418,0.7532265469425427,0.6144964138785682,0.11499953618050332,0.3493232689154892,0.8140420921869208,0.70753369361494,0.229971082366865,0.20816016107873042,0.9356668994449139
A08,7,27,0.5498514325971487,0.08906035818075504,0.4454067812810864,0.7431943037416794,0.31664865938400555,0.20515418802114213,0.05818863094501541,0.7005538482301209,0.4812912291969687,0.17843031159527928,0.11198483414591173,0.7714840068100735,0.6523842954882958,0.07595886033600632,0.5525468712126852,0.7794802165437967,0.7679449787162466,0.20647846505812945,0.09530228516389218,0.9329204248858859
A08,7,28,0.43836809523524056,0.1630009929724422,0.12755045283824795,0.6758031809588362,0.32433777004946124,0.19877251949128938,0.0,0.5773159373689252,0.3048885868909771,0.2378915332609659,0.0,0.6382834313876318,0.6738719397738617,0.11158840879615582,0.4185238264015739,0.8129990889033035,0.8116876710486228,0.08693347141929429,0.6169179215086877,0.9050685414820815
A08,7,29,0.50542722570335,0.16809158591569784,0.13187357820140147,0.699425374266795,0.47113998566626764,0.2229609169239352,0.09692655513378302,0.9036284467803831,0.28696809301868575,0.2276203254974775,0.0025480461856233366,0.7128133839815393,0.5789124600350839,0.20486767206147788,0.12644613982078465,0.8137121453200811,0.8691552267458975,0.03614350789099105,0.799600563659067,0.9162169069349796
A08,7,30,0.5308781169706446,0.11805509168969527,0.2404404159532649,0.683335168649654,0.3488295222931041,0.177501017296238,0.018042177779062554,0.7093786456471222,0.45843343611489745,0.15201302814186107,0.19528914793805757,0.7117449105620618,0.6006417388723302,0.18548182467081029,0.23400855055313574,0.7862132734854658,0.8376809477167239,0.04471546987844379,0.7636566158304137,0.9335978115092441
A08,7,31,0.4490254946011788,0.19463909186947262,0.04255001526997087,0.6406492844578043,0.22981319050406368,0.21936944674292716,0.0,0.5783231471393294,0.3289797414598814,0.18508959470706798,0.0,0.5561677778739252,0.628999413270969,0.11906834120664106,0.3791654104200842,0.8251475481842495,0.807924654614236,0.16460447503500253,0.32988394539109345,0.9419354267380325
A08,7,32,0.4975436645478643,0.14764199969215405,0.13256372263108854,0.7327601356560561,0.2546672122337158,0.18725183517379254,0.0,0.6033499895308302,0.42800610687038915,0.26494686726973377,0.001077964957571382,0.8457949126880779,0.5994502129719049,0.13261910980417968,0.41259579467064433,0.7914947503636641,0.7721260769206668,0.10906721118003578,0.5853706395997411,0.9270559875711488
A08,7,33,0.4947246038341366,0.1261670590555319,0.24143693877350245,0.7671496168288222,0.35525136987819417,0.22538996605444217,0.0,0.6693831390707687,0.4154996230523872,0.1453960453169633,0.24205307692112246,0.6634072610013552,0.5636620079480142,0.17750581345922986,0.14915482698491456,0.8386299757622334,0.8598491530653795,0.052502928457308314,0.7608660550858485,0.9365372200817451
A08,7,34,0.48180724352490417,0.12837145968718408,0.22264436336323196,0.6615400652384709,0.37809934509258336,0.14352775255867375,0.14015713975058136,0.5990089909916828,0.3603939728156465,0.22651751807170606,0.013253746508832789,0.7675403092714649,0.5815488143774366,0.0902641394684271,0.408069800668568,0.7328640600332863,0.8239527009300247,0.20831346931207265,0.1856997567515961,0.953284759490824
A08,7,35,0.5585520040964147,0.12560124523894323,0.27917428169513964,0.7773925688435048,0.20633980623409826,0.12314218646929206,0.06136370562054521,0.46569487313308816,0.4515865172889594,0.23191661684741513,0.02470237263830786,0.8321257081414801,0.7027333777281497,0.1136609177367363,0.449308062780782,0.855660855692656,0.7960725134183337,0.12883279141780474,0.3866806867230661,0.9126199598596828
A08,7,36,0.4429079642968198,0.12379273112616447,0.10695984554648004,0.6410633461348089,0.3307458734607076,0.1929538425788034,0.0,0.5863181262829874,0.28454119583839005,0.12845518992551302,0.039829123672884256,0.4993610464283276,0.6496547547313117,0.11266351229942105,0.4428846693690187,0.8430013034191491,0.7524281087487233,0.09845697834883542,0.5211531238404494,0.9007704065702258
A08,7,37,0.4712933707387995,0.1637477315152192,0.09834436146106555,0.6642681632181434,0.2155274820756405,0.14393195982175214,0.0071900938677368674,0.572860036471875,0.40127837016474444,0.245453203450781,0.010672580663381044,0.8181581077820832,0.694842186830168,0.06907190617473344,0.5819264312977406,0.8017222830825809,0.6593011027224703,0.2312770332234247,0.0,0.9135371364323734
A08,7,38,0.557172642014568,0.15891835076439656,0.2150029744261365,0.8046917498667987,0.42548609644538815,0.2211521626638265,0.0,0.7664415294282476,0.3852836642625487,0.1070317751637014,0.2563361058200201,0.5797731546821397,0.6466016626374724,0.20894794740996198,0.17102065819257536,0.8916359062685876,0.7874622868820436,0.10884185969693652,0.5713842806891902,0.9030414906391034
A08,7,39,0.5498334702359888,0.11329320994764319,0.39416629393006336,0.7672933670219388,0.4178380833553155,0.139360877549417,0.15910102597494122,0.6512499016935788,0.4245811146503626,0.1855606035609954,0.1027787194775551,0.7507996040368872,0.7047876525459699,0.09662558125923114,0.5365132710545482,0.8631348938873654,0.6972422328432492,0.14671646698582502,0.43788104811341133,0.8933819850327467
A08,7,40,0.531151187030533,0.12940378724284768,0.274777043673823,0.6953174419249547,0.3757109685872165,0.15732410356004065,0.07668516933510997,0.5919690754045904,0.2822435403658992,0.2450135414734465,0.0,0.7099422037230599,0.6994271973284157,0.06709697192993466,0.5815272043591077,0.822726892232036,0.7614723180994353,0.10791025179701444,0.6111982698845091,0.8965881945784
A08,7,41,0.4659942566048007,0.166504972716315,0.08352525101814275,0.7039993660886502,0.3721264978708486,0.20897262882156595,0.0186198408866906,0.7181461940156799,0.28491490829387484,0.22413869451825996,0.0,0.7272718753683488,0.6032487218683917,0.12847594695753117,0.3184281447751537,0.8245100650025632,0.8196613139188478,0.07961093152133221,0.6658660915731607,0.9411802954790306
A08,7,42,0.3709717189098741,0.1955919903300858,0.0,0.6399558692209598,0.21228172447745755,0.25432045628035616,0.0,0.6390551419722476,0.28297390672349876,0.20318836667823426,0.0,0.6480427267099084,0.5818733878476158,0.11742577956799195,0.36170012419598924,0.7527905814892716,0.774090225248996,0.11871324927688329,0.5126739646936155,0.9183783774580078
A08,7,43,0.4531083381599052,0.1378627073629317,0.2553546498554197,0.6670963114157688,0.24182512881325102,0.1627311675289591,0.02102780584257732,0.5102524607173307,0.4022259505173001,0.20080538176824472,0.0810270156305567,0.748310974698497,0.5969110968344374,0.22549587710588004,0.05536106190553702,0.8036636199639628,0.778763782846814,0.11122550459074816,0.5709178134681776,0.9326547733663164
A08,7,44,0.4955024145875482,0.1962658586115984,0.15711035867432502,0.6913384217841289,0.21261475285811926,0.18106894451018243,0.0,0.5535410902775083,0.4195084824768515,0.2922222499808052,0.010184357468070147,0.741644128761895,0.6764055933086582,0.13385461351379738,0.2769513528169957,0.810201916034257,0.8661762261703548,0.057102501358695226,0.711975062494795,0.9209115926889437
A08,7,45,0.4353273781065824,0.13608631799980328,0.22979127511863315,0.6489069901965179,0.2882119922179388,0.20851842449105998,0.0,0.6489817917662947,0.2819107045786236,0.17197092935574168,0.004222728957856391,0.6077141617235926,0.6438882667191486,0.11058045002495592,0.4611660272062791,0.7902602945357291,0.7560575609710519,0.10408860387495072,0.588632781245674,0.8821563567390189
A08,7,46,0.588005130199909,0.09538978337409738,0.4158461774924751,0.7284102861109357,0.417104969193328,0.12946195915376152,0.11898213888004427,0.602880442182126,0.5050579888627903,0.15745710288494638,0.29355515551192884,0.8480709371196541,0.7087968376287633,0.11065115990607702,0.4821990869123197,0.8502115232767119,0.8223355625935288,0.07533795645289579,0.6528868722418801,0.9195368758365922
A08,7,47,0.48248022927263073,0.1617351196935963,0.14090066014416774,0.7024509356675496,0.3915689273612172,0.23091725303770033,0.045628325331935504,0.6972012970101957,0.2814773027731956,0.1826269578293448,0.03041842070616791,0.579492313843755,0.6239420941657322,0.11613917571927361,0.40357369918296493,0.8117882436078601,0.7357268745648214,0.14135199370300353,0.46101052745591975,0.9348568798872129
A08,7,48,0.5694280549769283,0.11082092186866156,0.32018173840908215,0.7142584787597738,0.38181315814394023,0.16871744517591153,0.10356124441111872,0.7443959862279935,0.40168837124064644,0.19544827329438696,0.011033726771429902,0.678091070545299,0.6704487338662267,0.17228354438137125,0.16137590074197125,0.8120527132255175,0.8184928013731093,0.06612693573176721,0.6962684596986454,0.9388869346758463
A08,8,1,0.5327833862144219,0.08915862439652925,0.40501151114855044,0.663113071461664,0.4727144215532631,0.16305108785912242,0.13008057223376454,0.7864417304469511,0.4829883494376671,0.18680865060229043,0.19885217826100574,0.7461966206672602,0.5137680621304835,0.19371040438678963,0.12020885124465926,0.759184229865579,0.8229590999995466,0.050208871753295144,0.7193155553016884,0.8804251238051829
A08,8,3,0.49055547629781765,0.1534910041469552,0.28113126469842914,0.7591672675830928,0.23122937248460776,0.16017130020173564,0.0,0.5314722675878242,0.2822132811890053,0.21773211183512836,0.0,0.5585340521612429,0.7306203482132535,0.10795649394605214,0.4538924002332218,0.8971851849599547,0.8924230125107694,0.06756347706917788,0.7087015369429507,0.959882117850401
A08,8,4,0.5094082107561761,0.2525357426713219,0.07507846424851958,0.8612830951676,0.28903241933370827,0.18374086509723322,0.0,0.5693449955612557,0.4079060718009519,0.2374555509873496,0.0,0.8690738631588403,0.6410217683290449,0.21995296684228202,0.09101911778392004,0.8903456885953924,0.809330781960781,0.1702754082182475,0.23022489055830356,0.937123102408286
A08,8,5,0.4928767926977441,0.1442926048328326,0.2614409555093576,0.7217186852916994,0.3831293184920047,0.21840978368357136,0.0,0.6786775603952904,0.3548680208561397,0.2587001185045849,0.015864982131099898,0.8201571195560966,0.6356485016149513,0.13189816341758587,0.40606503423825874,0.8349889465463782,0.8280827900654796,0.0743487331675417,0.7124738500658798,0.93371694694565
A08,8,6,0.6012436876185363,0.1290869330478923,0.34510959685015524,0.7697716832498304,0.27591780770154345,0.20649069591925823,0.0,0.6157783693385294,0.335595487784245,0.2040006203230843,0.06252541545944539,0.6093383272190759,0.7815281605276551,0.08847559974797335,0.5565040537321956,0.8987789372771704,0.8617439982068779,0.17460177561195508,0.26901058051288507,0.9609106298134423
A08,8,8,0.4794937088941357,0.1112775371456862,0.27731304909110127,0.6632156697276219,0.24600477301913132,0.17432809653048925,0.0,0.5239078422780618,0.33220322668127356,0.14214626135865052,0.03499228708833692,0.6003024983102924,0.7385843620261294,0.08939711300192553,0.5281830155374928,0.8983555673220653,0.7623571704414264,0.11573305638217955,0.5493496746042708,0.9187841251199239
A08,8,9,0.5231159220624213,0.12923392680073184,0.2524230889920565,0.6840825092490677,0.3085696620837655,0.2235422662315321,0.0,0.6678697154040917,0.2670283761496418,0.18922293176369445,0.0,0.6468551808119443,0.7150839525519477,0.15161789927074762,0.37309757907636454,0.8705295023191673,0.8868926529712021,0.04684080819885446,0.7885126247086822,0.9568820948022198
A08,8,10,0.5867804342061329,0.21185179853537192,0.12939063362880682,0.8492535733151518,0.2766187493678512,0.23236221134303153,0.0,0.6255322519450803,0.42272841875617956,0.22697732971414128,0.09410818504830432,0.8118672646817796,0.7466813174548925,0.11189977451364645,0.5086539664075228,0.8727569037978196,0.8720907687021348,0.05215384138815581,0.7715694240609573,0.9481616817121947
A08,8,11,0.6048243650862656,0.09365573533707623,0.42053582134974615,0.735028958893569,0.35866561932974156,0.179637925605526,0.05641948176757857,0.7417461442740565,0.4548856876290908,0.13465097716506055,0.18371531977495234,0.6967451399095194,0.7073016811746708,0.10956571644961803,0.49687552431661514,0.8638392615026325,0.8664459056096422,0.0647411816537067,0.6988781406209518,0.9327902181639528
A08,8,13,0.577117858287173,0.12283929760095512,0.2674789926384254,0.714738936310458,0.3638596505861772,0.2108724569754767,0.0,0.6922357487049995,0.48433636160399873,0.19128207704523983,0.09360317943582393,0.7657419893700561,0.680813370219808,0.10110428614719055,0.3958148162051601,0.8025907239885648,0.79370082619033,0.10163979260780441,0.6135669653532896,0.896443979004375
A08,8,14,0.6309255583656074,0.10724614507572117,0.47431711952857,0.808381234717226,0.318992689519852,0.17519783619518908,0.06423890545803546,0.5841380169685472,0.5201156342350356,0.21222315494111132,0.053749987054059124,0.7737460149261118,0.7840013761769754,0.07601837135675779,0.6630012350851031,0.8726086430115512,0.8516645917101823,0.07241812928200606,0.6892930204052502,0.9496953596333043
A08,8,15,0.5891797773135866,0.11987059853674692,0.3965176575125134,0.7732118993368681,0.34039139991628675,0.2360670706892033,0.01655985932705966,0.7890551519736169,0.4017989808429779,0.23186226055011283,0.0,0.8194136894629749,0.7648242793851607,0.051920879315588114,0.6852368801874607,0.8703007172015587,0.7685295859182066,0.11822357231385364,0.5326027232473146,0.938040935878867
A08,8,16,0.6174238648764147,0.12169568986849934,0.37109721684951713,0.7760916941503544,0.39007693514915676,0.2130754876745465,0.03745781990072894,0.7184579431684871,0.5439233544121382,0.16195608132123757,0.2790727933850138,0.7807949966316683,0.6935513364344532,0.14223873022921832,0.32869852611021894,0.8570958036668804,0.8113995877518033,0.10494755527879679,0.5438876417770993,0.9557421074154284
A08,8,17,0.5415494963989935,0.18580841448335467,0.12732151680675996,0.7660303105054611,0.33806559295769506,0.18432691816836105,0.03133374385484015,0.6115345485698614,0.40116499037802716,0.2760754059918238,0.0,0.715143719998194,0.7191930800768781,0.0978706760340327,0.5467389107924226,0.8337505617798879,0.8850704687212196,0.06524106822399765,0.7130631708806822,0.9543180797925576
A08,8,18,0.6328750285390377,0.10516393015801803,0.489099620240213,0.7856928861182138,0.25280818483665196,0.16114938874150964,0.0,0.49926287515715934,0.40670324169436933,0.209584116785216,0.07746897157594582,0.8308813115971214,0.79003408680037,0.08776675388854605,0.6420763959922768,0.9336778288300243,0.9112537104559164,0.06116541150150322,0.7242490286337874,0.9603318568996644
A08,8,20,0.595174766673392,0.10832200508347302,0.3951559854485765,0.7672773744092425,0.26046946102689456,0.24763051892324053,0.0,0.6253527930445778,0.4796159352259368,0.2296615738813878,0.18660419741437742,0.9108252131650806,0.7315492820015558,0.08099008947923503,0.587828170579755,0.8511847254065591,0.8752950842095127,0.06431470644371685,0.7286680062169572,0.9520625370457596
A08,8,21,0.5892789729214406,0.0954986545556127,0.33034101320804127,0.7029361680809619,0.3688505279335747,0.1968812010268773,0.0894105530130802,0.6866600683173943,0.44153166762228746,0.2067870418142856,0.0,0.7066422761574931,0.7305705537222973,0.05048964980864926,0.6675183103111699,0.8040682954458013,0.849769171977854,0.056223061569613396,0.7539460392068073,0.9325091805180205
A08,8,22,0.6120732065396127,0.13508788130954463,0.2896071212964536,0.7697768570982506,0.27065904089893805,0.20390371631227702,0.0,0.6586416787063472,0.47877056463777073,0.2032434975267105,0.12259358047388492,0.7646301121637243,0.7473809835674697,0.08015815908778223,0.5920924027533515,0.8728134765566098,0.8928797796870342,0.050317907368769565,0.7830696121230926,0.9699890804802829
A08,8,23,0.42121317770519234,0.20504771970955915,0.0,0.6722008858401598,0.2873131912509797,0.18693739809602866,0.0,0.6070197211885706,0.2005595261110171,0.17592012240979177,0.0,0.5337807520964003,0.5803843445526284,0.1924005268562607,0.03672969522772386,0.7987964885891171,0.8179327714037695,0.11958862355125642,0.4766084499245918,0.9399461383943991
A08,8,24,0.6792614815549923,0.091353958040539,0.5309282388039008,0.8258379136753202,0.31703439486083257,0.21970660839154077,0.0,0.671299805032996,0.4747315484758732,0.21941270168415947,0.10677912369583076,0.88676123707896,0.7641416365724063,0.07839388199568809,0.6271519982575297,0.874150900244922,0.8570884336373562,0.10305576960807931,0.6107565064498075,0.9616863002648739
A08,8,25,0.520749835056296,0.09512431160768944,0.32048484198400295,0.7282940638335792,0.33477284109225197,0.1483648060083188,0.14535743009069968,0.6067056921631062,0.4213514071136222,0.2506189993512903,0.0,0.8136535102630063,0.6727410517907061,0.10732425056350872,0.5158991699992301,0.8405710541547167,0.80087119630984,0.12620912886323996,0.5881932204060639,0.924300973409793
A08,8,26,0.5565926511128161,0.16703668969758095,0.22568604822721278,0.796085404808384,0.3265110902485093,0.1564119148181981,0.10447572908609204,0.5657922035266436,0.4307399772922922,0.27016529846874276,0.015926123924884066,0.8691892849371027,0.6973796115550555,0.11690978254559083,0.497119388344568,0.8554505705315915,0.7710611540506966,0.1481395489849172,0.49037170191406154,0.944791518948542
A08,8,27,0.5504470877742952,0.18622334538797672,0.141081465743356,0.8030453521378835,0.4635208275476772,0.21801544917345997,0.04666464713978787,0.7513245705731771,0.47240127233002943,0.26468572437778887,0.019134068440136116,0.8240998980488029,0.6441255808083138,0.17142730229924102,0.2059619175105394,0.8566368873815995,0.7872857624700043,0.13903576502145404,0.4399428726255333,0.9348816951120236
A08,8,28,0.5654490678313248,0.15801954988326883,0.15538111641023006,0.7246323253843273,0.5590859368519748,0.25326093737437844,0.10148676843312567,0.9081164575012046,0.3221226200752396,0.21733178685668328,0.0,0.6028490692723921,0.6671602659594559,0.14931682917020475,0.4097286412385219,0.8730813542518046,0.8810319379976207,0.05381313266383871,0.7842053283515702,0.9691599911507159
A08,8,29,0.6191878551199701,0.14853747882636364,0.22828852661123245,0.7964505201036429,0.2720640861491619,0.2070436133268592,0.036607626067540165,0.6277771102159398,0.5964629604553887,0.2150488486325663,0.15104630128140023,0.9251637190557667,0.7099666317116134,0.09476700270294973,0.5656265305838677,0.8780054608588703,0.8351385753259037,0.0919427607691735,0.632746365561277,0.9475494545279737
A08,8,30,0.5659454652343013,0.20046288778749663,0.11352775818322174,0.7515440953527878,0.23358304189509166,0.16203254076870932,0.0026144458802927245,0.5131729919091806,0.41448917263424434,0.27072027645660673,0.0,0.7995179885510932,0.7638759716187131,0.0967491575498084,0.5542530577747179,0.8864634302228175,0.8429903057348791,0.11584925357957312,0.5916205736294514,0.9680708009302074
A08,8,31,0.41391776559494203,0.24774909998985675,0.09381613155751348,0.7928492767973597,0.2235021054302564,0.19698268779345288,0.0,0.681411613161755,0.31151190425746755,0.28416819968639506,0.0,0.7690473001387146,0.688586169696237,0.16825742766771967,0.2329446473123438,0.8667133564896109,0.8419940090399191,0.14765687642433134,0.42053224183647137,0.9610528738992291
A08,8,32,0.4919730223749757,0.19250319482695807,0.06629147430526613,0.7310417513085264,0.3186086051762426,0.18785434037559565,0.02134725261332517,0.6440253913296683,0.27937786450876617,0.16977924607634354,0.01647208520239705,0.538773380739985,0.6567159426849908,0.1781259785595408,0.09559685940232462,0.8587083862043754,0.8048455725924211,0.19739047253118921,0.26038056643056334,0.9749786782753171
A08,8,33,0.6126941238589687,0.09743243286998667,0.4411859565792467,0.7506043024224899,0.26211967336296704,0.21435488270617403,0.016784770419299568,0.5705193895424753,0.5145014887206157,0.24516467469202155,0.0,0.8085705568386319,0.7441181011741979,0.08585956416543981,0.5330877078217953,0.8594046730535362,0.8717808518933832,0.06691093084364308,0.7273904202217472,0.9569995773510953
A08,8,34,0.4621580103658626,0.1855110412376332,0.12191775533390183,0.6839210043356905,0.46384300292533,0.15201204838953503,0.11854555478569359,0.8172757438697653,0.3376164199342744,0.22950463032902527,0.0,0.7592323715543611,0.5851196950179959,0.1818941837996475,0.2708482466078714,0.8000053344538788,0.8029788082067771,0.12106183056512325,0.5096532568876452,0.948269667284431
A08,8,35,0.5829910528623186,0.1304553531471835,0.33580122925180966,0.7258419956142195,0.300523700129789,0.16162034198634823,0.0,0.6471376770847878,0.38087052895019435,0.2721286350568461,0.043816018407730674,0.7968694871297343,0.7527474021755973,0.10324706384461445,0.5170905781576457,0.8754831512366158,0.840670302406711,0.1270195251306987,0.5909094859320126,0.9649299480235614
A08,8,36,0.6000129126731103,0.10875876539393511,0.3759162355801217,0.7244035154603693,0.3729493884434074,0.23652992478472956,0.0,0.7684816058798851,0.453270167284999,0.1959388053252092,0.1262000733504099,0.752011797019283,0.7216841230208009,0.1115033512435114,0.45512891011341555,0.8703770786828269,0.7878007116803052,0.14803369726700258,0.4572013895838287,0.9538876493150966
A08,8,38,0.5398528576435377,0.1280257364086734,0.30769654361407917,0.7038380944354733,0.2105495197161634,0.22378303340095004,0.0,0.6219056399122505,0.4004252421235121,0.2591676747444512,0.030194119896451963,0.7971972172592742,0.7186878860178252,0.14211475329919265,0.3642482045035189,0.877984149115427,0.6824569404617059,0.2769121462889166,0.23405385047854416,0.9115794186163887
A08,8,39,0.5014290388275614,0.2033763874512661,0.03660449130914578,0.719642827255042,0.43084932142578114,0.2173375167877339,0.0,0.7262082338033969,0.3559065962980821,0.22947328738041942,0.0,0.7407088448313484,0.6268130602666153,0.16831949267007576,0.2916510027593735,0.8411853702457822,0.7543361117563587,0.16190953205083913,0.22599116280636952,0.9043856848757251
A08,8,40,0.59988051537067,0.07524894071733648,0.4413387028551807,0.7183116453571058,0.4121492261222608,0.18997904734596238,0.03503424946901606,0.604754462798107,0.46227868964813923,0.14781437714109938,0.24593449001667436,0.758562916270869,0.7232085951983505,0.08171021008005237,0.5977142657922586,0.8460932726211097,0.8003465995021932,0.1347755833685521,0.43141063408058933,0.935366515000914
A08,8,41,0.620896022633299,0.11986215294433673,0.3395311295796509,0.7501686401257233,0.2878426363144167,0.25087560032086476,0.011367136241447409,0.717358578522996,0.4531527346742172,0.2964382228529639,0.0,0.8452659269411783,0.771358893154182,0.054020334219221394,0.6845801509859438,0.8641743907714512,0.8648563170995022,0.07837783487239625,0.6349484598108023,0.9282098858404108
A08,8,42,0.5634921671617543,0.13341357936053705,0.2511080878391415,0.7271646240029563,0.23528419862578595,0.1649579798589293,0.021502271038827705,0.5665864383842488,0.4257738592579972,0.2167660890532503,0.04364464037385675,0.685222213571676,0.7281697530083151,0.09445894616157903,0.4714992118047446,0.8536243980840714,0.8854317087873137,0.0773114236139779,0.7285733547456286,0.963502829444581
A08,8,43,0.4395202487320272,0.2020609015864854,0.11864787573576105,0.7923864455142023,0.3373423559195197,0.2437636780628712,0.01956542676249879,0.7410643064258188,0.34637516994457584,0.1712035278370956,0.0765665278998643,0.6302809035648395,0.6417357346315598,0.15773090185360863,0.24146774707059102,0.8263614784604377,0.6998251727135592,0.2610122091199575,0.1877707516793248,0.9538876750149899
A08,8,44,0.5085345050837813,0.16044803741787236,0.1285567275022642,0.6819431242167926,0.41894242772614637,0.18359562607797827,0.052333444742379207,0.6472680383257874,0.4202971718405767,0.20761723159343454,0.02879588272397723,0.7124062509329628,0.6331687247484716,0.13420527045858927,0.4180105991096839,0.8153861272511908,0.8467691901400218,0.08504514498038741,0.6872250499915136,0.9537706580053814
A08,8,45,0.5643838646345334,0.16434126899614354,0.28164080180724566,0.8138344859959202,0.4237170113010758,0.26374008394985604,0.012271396524295066,0.8059285364003272,0.5546150906213845,0.23439306250735054,0.034974798786128934,0.8402277225356153,0.6378752629004294,0.20507242676298923,0.17901037584617896,0.8448066745751337,0.8322388387824617,0.08497584665626934,0.6394288739555363,0.9315660539987988
A08,8,47,0.6032041958196415,0.17047690189440315,0.17038263452055813,0.7539338131883347,0.44324799564977335,0.12874929499105958,0.1651277376951681,0.5978020019625492,0.3887182562880014,0.18141265854479524,0.14194203820964107,0.7154309142913654,0.6999904238233822,0.21632482628389907,0.11298640964745875,0.9105816850546455,0.8572005276260587,0.05528679943941001,0.7540358735605733,0.9605464080713563
A08,8,48,0.579029255802214,0.11575109421161396,0.32729027218377305,0.7623923875906611,0.47396359750549366,0.1895278687349306,0.057355686598826075,0.6956964655373755,0.3752973545898689,0.20759889618432362,0.0,0.7150880464062872,0.7248599195723017,0.06993010834696867,0.5871523242771286,0.846421095312807,0.9211895885810844,0.047608180512889356,0.8388976527732979,0.9768868319810883
A09,3,1,0.17391108913540101,0.1426262929583535,0.0,0.4110426361802021,0.16177464790155482,0.09633287124872639,0.0,0.33202094415702765,0.24682609287105287,0.23019470312479598,0.0,0.6737996429717258,0.2207483288389254,0.14121889263180953,0.0,0.4529119237806419,0.09224807407862244,0.09706937402230342,0.0,0.2823492902919572
A09,3,2,0.21003248071678346,0.14964042839349037,0.014996083837189185,0.44954849281221504,0.2068050244508535,0.17222074658423403,0.009706982242261979,0.5191942465397268,0.2281037752259871,0.1689377714265371,0.0,0.5807235999036051,0.2980612282553786,0.16272207998356306,0.03131550542956908,0.5067199757716849,0.16795860551470979,0.14927922122947335,0.0,0.42215966709324054
A09,3,3,0.2704120720330131,0.18943198542784476,0.0,0.5804398194645016,0.16786114783303197,0.15963129359450137,0.0,0.5204158806593939,0.3306778540850043,0.21204305787419964,0.020560807166202868,0.6562162341082846,0.3505566633262568,0.15882800037354713,0.08179628934111548,0.5787734447200743,0.2735495767723806,0.10482575316864938,0.13303598073751768,0.42541190627493947
A09,3,4,0.20384904261384096,0.08299782276261124,0.035747393564298964,0.32403553012646125,0.1636200896755388,0.13602701845065648,0.0,0.4257184355908378,0.25138119388622976,0.10042536415741071,0.06041327801777468,0.4546635185062515,0.39497466408863546,0.147669288594825,0.1726331230202496,0.717039053833384,0.18120425442567922,0.14080229254361198,0.0,0.43098548123411246
A09,3,5,0.2094539444846804,0.11806493628573363,0.010678851659505153,0.3646496212148165,0.26294403763674495,0.161794788147048,0.0,0.5109566921096461,0.24896158961428544,0.16908061830776241,0.0,0.5981443438814296,0.27448882480946474,0.1496368475828403,0.04325286868752449,0.5488210667848553,0.10491112753759697,0.09944423791840663,0.0,0.35711958854373405
A09,3,6,0.30105573889333104,0.12324831030055229,0.08303232366376591,0.4868292140847205,0.18726015767698415,0.14941492442907192,0.0,0.46934901019797504,0.37880200696715166,0.11454073945621258,0.15165315306377783,0.5252903933729799,0.3997601503687107,0.1651114151262016,0.004268657901358663,0.5880019830875393,0.126453566719176,0.09051974275921441,0.0,0.2528903176383463
A09,3,7,0.20108024835888705,0.11906277219612701,0.005489927386583731,0.36813291797900094,0.21742412525996807,0.19847115021939465,0.0,0.5657364812322051,0.2461452030211784,0.11470016634628476,0.009423329569442918,0.5185967855093362,0.35973685226130425,0.0833803787671532,0.2257764603711357,0.5146264191786304,0.10657602729998694,0.1446346841257018,0.0,0.40977675178476375
A09,3,8,0.18931910032554602,0.15234298882126543,0.0,0.42942730220782843,0.0815375912883089,0.10547136332440524,0.0,0.3699919022854287,0.2803153301428784,0.18645509259294973,0.0,0.5237681298055384,0.33438978828456245,0.14767769548001491,0.12278790806932757,0.6022154704117865,0.11684248937189239,0.12352555202872706,0.0,0.38158183734091056
A09,3,9,0.1974998844958156,0.10601057506573697,0.06300293093550224,0.3784062804711185,0.22348990450859535,0.1890418042441983,0.0,0.6565139225721299,0.19349391535720872,0.16246041578496578,0.0011399866111094145,0.4659263431812818,0.32574484395452713,0.17121971745944922,0.03356494554248814,0.6431149931822383,0.18776884196908533,0.1588996863089501,0.0,0.5436996214463782
A09,3,10,0.1844116210908341,0.14948387163896124,0.0,0.4831575171432646,0.17381639519796874,0.1582826170371022,0.0,0.48044110725062694,0.2703265996836309,0.17247166642277073,0.05414849774172427,0.5878201365421045,0.3513163761569668,0.12824007644862426,0.18822281013162784,0.5495166727189859,0.23745429420064215,0.14806493217719632,0.006515246684571057,0.4717223371573433
A09,3,11,0.25238121325985297,0.17268430572229138,0.0,0.584690578528844,0.22280974200360634,0.16812456190903594,0.0,0.43235346755829224,0.2609482142995219,0.24384366643471303,0.0,0.7838743047975695,0.3668922635839066,0.13455619465065052,0.1598205230628398,0.6241745256618579,0.29042464219684005,0.14044531611062963,0.0659259125599335,0.5175867187271141
A09,3,12,0.23442665849408426,0.14198046453188543,0.039885356897547006,0.45825267931929187,0.15937552585080147,0.1817851367177098,0.0,0.5437161979621356,0.2936049876180613,0.19890511802589128,0.0244883824715055,0.5750255909034421,0.3099830198337148,0.19651945018252287,0.04605371228714672,0.640384713307909,0.24315685052863356,0.1332070927149547,0.05497028854440406,0.4688756737409689
A09,3,13,0.2945341895784158,0.16232850955663625,0.052631672007153206,0.5337906895562751,0.3804076291008158,0.1753916940179986,0.06559099565873586,0.7898264409244138,0.28915482447552093,0.19867671061820846,0.018278294229159338,0.5636912322121116,0.34314400483614943,0.15197389273653472,0.09387869875479549,0.6152972007189998,0.1876610667105078,0.1529885010784709,0.0,0.5410384616194878
A09,3,14,0.23668554910222658,0.1328373132101345,0.015977531209376443,0.4406186331836985,0.13691377052185155,0.16123477673147718,0.0,0.5376345760321593,0.38939722597851617,0.10787314580338438,0.16881053465992793,0.5531873229220333,0.2520124300098666,0.2014673639166733,0.0021584735303138585,0.6392353602129924,0.22216535707508364,0.1981735421062483,0.0,0.5345064015980113
A09,3,15,0.2007221583805944,0.10725867421650674,0.022285456598278613,0.3821969459254239,0.1806932924491731,0.09388445851614119,0.02340182714242762,0.3572685584617451,0.26623181065142,0.14714737941498301,0.060168669892444515,0.5623952459032372,0.27269812007179745,0.1627489657127479,0.00645715989774222,0.5362295740056052,0.17319312756149835,0.1137316263525696,0.0,0.3725547016953254
A09,3,17,0.2810818058427792,0.12943146450227058,0.09765101568713741,0.5374993982746997,0.26826858819728117,0.12178568800901256,0.05989623042716162,0.5309771793809283,0.2858071121701212,0.11444186151813113,0.1300812925431104,0.5363492653085614,0.32781324211677176,0.17741504519243403,0.0,0.626019461575748,0.264399566226477,0.20261683674924186,0.027237615787029417,0.7362137262251638
A09,3,18,0.18522683126386755,0.1375932783348843,0.0,0.3858364658755241,0.2606190030989415,0.14842465338630229,0.0,0.48373792551886563,0.13183443519069582,0.15360242939551422,0.0,0.46319149240280444,0.2590378630055996,0.17082711715378313,0.033906425962094776,0.48989492575022,0.15640836000801514,0.08891760368483596,0.0,0.3379460730273262
A09,3,19,0.28919861844746225,0.0990266779292165,0.07893707991913415,0.4223462948145857,0.26953471108742044,0.25776404415651705,0.0,0.7298616791670279,0.3505319825124185,0.14687985639201964,0.1571371837249535,0.6171410978933763,0.33010375318085605,0.11456468835293662,0.05935659234497922,0.4798025464306167,0.27337731132286813,0.17401314958588512,0.0,0.5198258768435386
A09,3,20,0.204792477738277,0.1642042900198109,0.015520422250341337,0.5436375243693395,0.2961461959520909,0.2289458270783034,0.0,0.721199956427527,0.2566641535327953,0.22286910172095778,0.002477498300486571,0.7864974000442485,0.35583281415370405,0.14646014936778984,0.010589357512037425,0.5593591617892216,0.13572788061196162,0.10804354600214322,0.0,0.41534865474893456
A09,3,21,0.17492576264928625,0.15080747662105703,0.00814803097623811,0.4869555392320069,0.16123728793741765,0.1536192776247767,0.0,0.47339947174134495,0.2290514744611409,0.20934549350612028,0.011179200277885897,0.6387645987261094,0.3476473601030465,0.1603666559821975,0.12598174870014936,0.6476433503545574,0.16726343733153554,0.12283171199985285,0.0,0.341822635130906
A09,3,22,0.22914324173406428,0.16972920513292575,0.0,0.49954351116855866,0.15301704538490266,0.1674018517342623,0.0,0.6151047330424381,0.3342746395189143,0.14514216352370035,0.04640249618350615,0.562289428993523,0.3237608404097093,0.1924148345161529,0.04382661485779366,0.6498617909458847,0.17968514622993192,0.20740392335637645,0.0,0.7058517371556204
A09,3,23,0.14982085713261842,0.1262004027262301,0.0,0.3832104072355479,0.21926200759132458,0.26336935538377326,0.0,0.8002380385434442,0.21772739709275396,0.23982121216416952,0.0,0.7279593826480655,0.3622646129045218,0.1636818199163029,0.15548740059983945,0.7221527016933381,0.14198421894216734,0.1185258678729373,0.0,0.38955962116841963
A09,3,24,0.2318251205884635,0.12582314297395736,0.0,0.39314714674573625,0.2037980617077671,0.1205826781478925,0.0,0.39293945523697665,0.2620744672986865,0.21150481421224768,0.0,0.5410884775830171,0.31754648739483593,0.19983561471545094,0.005492940258979316,0.6023428454952381,0.1007392833391398,0.11416930278458444,0.0,0.3984853085670447
A09,3,25,0.20495416185655763,0.0906960151738479,0.004196359633232917,0.33323864156644234,0.22877899912837335,0.24241048605581858,0.0,0.8137943936531474,0.2692581323670142,0.12766102788725694,0.012865249516037989,0.4694000788312288,0.1773877694584313,0.12740047889426695,0.0033679931245498124,0.41882420929900116,0.10899402926395908,0.1170635482972533,0.0038992416844342926,0.34326614741055855
A09,3,26,0.19990266477228255,0.10212503542155663,0.006338947830233762,0.3541698320009643,0.1513784417172735,0.14303474719709028,0.0,0.40767654628793987,0.28008593530732884,0.09686763575727572,0.060381354451676694,0.40309686506970893,0.3507429271090277,0.10184130342770545,0.22895874354161552,0.5244976855704472,0.12794350803942287,0.11749862003099941,0.0,0.34191993027389395
A09,3,27,0.1895802288578249,0.09254392870033097,0.05506121366601312,0.34086845262200904,0.19854869606417688,0.165275294425096,0.0,0.5463143767539146,0.24257882048919807,0.09605279798938475,0.09187100664533769,0.4745634969037379,0.30840716355732717,0.1511232182977913,0.04645904680311822,0.5705493657649963,0.08887656698840767,0.09552966971497522,0.0,0.25948784647029355
A09,3,28,0.13222356130477778,0.09983342588305179,0.0014868029110321082,0.29724896669562634,0.19965435979058335,0.1093648704121338,0.0038231307310036466,0.410708907784157,0.16458230958065834,0.11887526551133368,0.0,0.3418782410546897,0.23486424393998612,0.11458368286070743,0.0,0.41631673088476634,0.16080151449279861,0.12332830160763263,0.015011360744119065,0.4075205455739604
A09,3,29,0.21498607310259457,0.170387972639009,0.022001131017398406,0.5225040163483584,0.20504788195773332,0.20279010796574445,0.0,0.639953380804397,0.22637501788380796,0.16578109992441634,0.0,0.5510125604306422,0.33348154469452584,0.12154101688782537,0.013578993763041138,0.5270697524660702,0.19813779599570455,0.13567217914956056,0.030879126163769914,0.444311584766791
A09,3,30,0.2486498719013023,0.1968258946452823,0.0,0.49593845885203036,0.3183931543311199,0.3042481295327157,0.0,0.8149918453736227,0.2689695039646185,0.17131617352268785,0.0393428092788707,0.6435584709234725,0.24510828961798883,0.11004332176316323,0.06251849857137586,0.4333179946780971,0.24014260762785924,0.1977471868694891,0.0,0.625140545168307
A09,3,31,0.24343959536209292,0.15875621636622736,0.01928419321886321,0.5350936790113391,0.3226386096842287,0.23942016210080722,0.0,0.7405411751309253,0.18933492952826078,0.15704803097619063,0.01048862835995176,0.4934185644462762,0.27219519839402273,0.1613474823336478,0.009506536737267344,0.603080195354307,0.131251788660718,0.14757480303979484,0.0,0.5571414614192866
A09,3,33,0.3086409741484655,0.14202401927740924,0.057510902325842425,0.534756356621918,0.29233926145083283,0.17282976128479502,0.06906452177958917,0.6519843987128695,0.2978848283485838,0.12484616604339628,0.07592709721126768,0.5561959592021766,0.2459173042805372,0.12921008439695106,0.08213511201786301,0.5932037818948678,0.11699502195033337,0.11712352581323801,0.0,0.3942712780895375
A09,3,34,0.1573088885844057,0.1522621210786913,0.0,0.4647408708798633,0.31116361794004427,0.2185877602901881,0.035063938011928565,0.7540327467843394,0.12566715270441434,0.09289796362744321,0.0,0.25406442199480594,0.17696426954046204,0.16745624660528727,0.0,0.45112704723993896,0.10146160623653146,0.12574244220749461,0.0,0.39242766124039946
A09,3,35,0.2391947835243056,0.12508776975299193,0.03028957794135066,0.3965089292524723,0.2686193738593471,0.24265872225112606,0.0,0.6852229049726286,0.2617665524733671,0.18981082175470426,0.0,0.5695834959823387,0.23914879933576258,0.15252902164171403,0.021847997184521968,0.5884811762463862,0.15692995096219423,0.11751671056094744,0.0,0.41301857275288406
A09,3,36,0.11095294292208792,0.1059585571059767,0.0,0.42755000483803446,0.12053921596480406,0.12097325577230413,0.0,0.36980684774305617,0.11935561449824772,0.09404497579509834,0.0,0.33174790980531915,0.31629081728324976,0.19070185162612915,0.0,0.6643029657087414,0.16071500862469854,0.10562563712123321,0.01660035033938886,0.36508608682293847
A09,3,37,0.147947393219294,0.13745705964616858,0.0003809648358102459,0.47700494870541454,0.095858220555937,0.18111882294471404,0.0,0.6542585676101638,0.24208634694975958,0.12988875000967107,0.03315203177363389,0.5249573352177878,0.14939526901483458,0.11482792290602538,0.025151060268120307,0.3580489429554836,0.09960092956214102,0.09627565201021814,0.0,0.348208578009596
A09,3,38,0.15282654647806343,0.10874476660540919,0.007045160575594646,0.459161052798647,0.23918726382740926,0.18867553213419125,0.0,0.5099898150741394,0.2318940496907179,0.12506316654180333,0.036310092611291034,0.4757060350793497,0.2215014117030584,0.14184033607450333,0.005954038076100938,0.41516513481770934,0.1879869052605979,0.20198433529038923,0.0,0.5948867322203338
A09,3,40,0.20470884942334294,0.11769756572600094,0.03236981338362922,0.43106388934171547,0.1704031391909146,0.14081128114344504,0.0,0.3987136052307513,0.28917006358611425,0.13465671904558713,0.0329796615915684,0.5154296776988586,0.298042180136281,0.20646480685682803,0.023489623981729903,0.6307741973647694,0.13556814433202252,0.13894606056581496,0.0,0.47232733127920873
A09,3,41,0.2803234841394533,0.14030553494589226,0.10016243822681878,0.5732383719544005,0.25419455406630037,0.2156446822637023,0.0,0.7067849270345531,0.2897712836703284,0.12771639482134595,0.0743592199916349,0.5032822297639927,0.28701754427106513,0.13019130654248368,0.031045119605602585,0.4758124343753595,0.2986524334611152,0.1418215851575529,0.07323064680003437,0.5517648466118339
A09,3,42,0.25062837460139026,0.13297791436453094,0.0036214535795654162,0.4728529336239487,0.21171776980590773,0.138567142031373,0.0,0.4657830054035136,0.29134816487221066,0.16382008340696505,0.046185555241048094,0.5957809190027662,0.3559661668750976,0.1681097051513093,0.043388644513167866,0.6135919576165284,0.11516611588308562,0.10788586586329682,0.0,0.383768799320837
A09,3,43,0.2292797772571006,0.11741457590018987,0.0942375206137398,0.4772198047885701,0.25024630538216663,0.16784006112785022,0.0,0.5246686315711496,0.21916515628220226,0.12182075053147093,0.005949708442440614,0.43120749288386584,0.2990627677620454,0.1486810357968778,0.09103300465967464,0.5242663460278133,0.12526077135873045,0.10769228653406648,0.0,0.3391090298001695
A09,3,44,0.24698943045919033,0.09459056433386617,0.09029511053376313,0.41770263023853815,0.22543431665264632,0.14412946201135285,0.04734290105809876,0.5433192632695231,0.3443508673376566,0.15988416231881067,0.1268199241873428,0.6897881080862355,0.19072273716085245,0.08839838078725008,0.03708489804117227,0.34674853221813756,0.10234485166949935,0.10572517924391926,0.0,0.34081279709661655
A09,3,45,0.17251703640221344,0.12327079406179703,0.010643859118097874,0.41553428615351223,0.14754679522463893,0.18990119557933705,0.0010558037086509295,0.5931031211190897,0.2021677353046049,0.16748866670721008,0.0059699662339156735,0.5337968036931653,0.22902576823799398,0.21941994862060007,0.0,0.6197769962102736,0.23201230486172741,0.16899570801915914,0.019931927624339468,0.5284853539722143
A09,3,46,0.18651243171640602,0.11424007344932183,0.009874652563331263,0.406940417757682,0.15706322568548264,0.13962119069122053,0.0,0.4674298346715947,0.31823588289727567,0.15774288316426172,0.05972865377064469,0.5183551204185488,0.25560926087021313,0.11584206984073786,0.09605985003102525,0.44452340942327545,0.07918837758600021,0.09181600141864601,0.0,0.3015725380666442
A09,3,47,0.2431234795239834,0.0686125434072536,0.15476861759769328,0.4150137772140269,0.20021760686638934,0.12069000897839434,0.018277463210551775,0.4356764232954002,0.26868026902844455,0.1654644789949817,0.0,0.6534141796766472,0.23428735426824387,0.12566207650128014,0.019330457347263685,0.49048069792282195,0.313166564122794,0.12759718154114225,0.09530503185881498,0.48298125516239515
A09,3,48,0.19805285280801163,0.18434368169713028,0.0,0.5094392521410194,0.18289259371595784,0.17319006374585172,0.0,0.6668935823279483,0.21336984922578897,0.1669371108824921,0.0,0.44620663943442496,0.1917460432014421,0.08679732394800371,0.05713815546928388,0.31902386070718863,0.20302513719386503,0.2026030121047261,0.0,0.5822642474080499
A09,4,1,0.1820014808405299,0.1274748994727293,0.013502862656819674,0.393040409446725,0.1976178209688859,0.17039047310374497,0.0015624851348738447,0.492120079534708,0.2922303014189623,0.18992582339826466,0.052705090797588734,0.691029072004743,0.2068870043715433,0.13457101324167398,0.01886724113493981,0.5160756997138385,0.10062163001542944,0.09985083642530673,0.0,0.2786513133375275
A09,4,2,0.1864915014763288,0.1472663159024479,0.0032043627257819984,0.44898696659467763,0.15790856472450127,0.1626529257740981,0.0,0.5100095699203882,0.27222406337925,0.149255019994991,0.06769200786370098,0.5244303000814906,0.1988779495611281,0.10687907012390448,0.044119479033875635,0.4159439641317913,0.16258545656386605,0.17522884549829643,0.0,0.4448468454389499
A09,4,3,0.22358998443988337,0.13302772718776218,0.0,0.4228075393756946,0.25225233958750054,0.21279470476334383,0.0,0.6245949334968234,0.23529476796179977,0.15046764486790346,0.011751119970567579,0.5233843981619141,0.28071928996394213,0.2087474495776089,0.012556002353416649,0.7133586610631265,0.14743245777832112,0.12638962452647362,0.0,0.3634259920405878
A09,4,4,0.18774290285490214,0.17113421372581805,0.010817019310643097,0.5564607031767778,0.11339206565796354,0.07540072386110305,0.0,0.23207112496007862,0.22638588815219343,0.19307687602433138,0.0,0.6534162909914761,0.2682470490154313,0.19498861739887693,0.0,0.5356261441193745,0.08934060544315794,0.09784024218530361,0.0,0.2781688835581621
A09,4,5,0.24963013945920862,0.09785564733645587,0.0875474428958136,0.4246503082234125,0.18020695466870912,0.09018465999665547,0.07970499105074833,0.43411211240823894,0.33509423026388,0.1704679949939724,0.094305120084449,0.6989530503674981,0.2678491627386294,0.12956072032092747,0.07186450554546046,0.4818076066898626,0.023915826210268356,0.044611182285062924,0.0,0.16610807911673325
A09,4,6,0.1403740681332163,0.10579436480464988,0.0,0.35272585618199676,0.13535981243010783,0.096429134500567,0.0,0.306836277354589,0.21770556744934103,0.14557539070133121,0.008818336958557446,0.5094890036566005,0.22984890023894816,0.13610124356621134,0.009210421404450306,0.3906789104226863,0.1772079005451812,0.12189703879072385,0.016747044935193394,0.39203024285844856
A09,4,7,0.11846861099728341,0.07823476880429973,0.01565973244392376,0.31200031127414324,0.2446640959027289,0.0891206501597227,0.04646059001896864,0.37671053122692727,0.12065879540787901,0.0835736037048417,0.0,0.29108860023109057,0.1864272163548062,0.13677920809808705,0.0,0.4508582067651595,0.06585004493900093,0.08840638674849169,0.0,0.2894615477194472
A09,4,8,0.15028216029078864,0.09071518611130983,0.020114731733562548,0.3568216452558341,0.2351103664350162,0.1879922129382365,0.014597991434759467,0.6435851931824432,0.18477460254822384,0.11431858753143019,0.0,0.40470093590372336,0.1658586610324066,0.09794946518154035,0.005302427841724681,0.3933794422951184,0.07954033682775473,0.08831253193952864,0.0,0.2977154642119576
A09,4,9,0.24242228137149102,0.17141795832497103,0.048841175611652195,0.604378779725418,0.30853076615991587,0.24229514950326997,0.0,0.7674824349931175,0.17825702121621798,0.12462601529198926,0.0026106045663327115,0.40030752254075935,0.1909508503322481,0.17981274541009498,0.0,0.5425460069081379,0.10749674553161662,0.15120225955202887,0.0,0.4323183483953085
A09,4,10,0.21523062977703103,0.1332362401808393,0.06461984489847292,0.4432289759886786,0.3457855860245184,0.14972402433054605,0.12491683204300741,0.6788606903414814,0.1943971730827159,0.1277574997974247,0.018994800883398603,0.5076799525717631,0.18726404805233943,0.07797742824156016,0.026016259067715843,0.3365365844097346,0.18176679484709404,0.16179566653103225,0.011303359358207112,0.5535638317071144
A09,4,12,0.2695195905066679,0.18889407295189378,0.0,0.5345812240648854,0.3255141706656947,0.17056516017611079,0.0,0.6519545096591076,0.36507733855030106,0.21825825054148068,0.0,0.6985286392896582,0.23683078690407458,0.18216346695480118,0.0020110849237755207,0.5917073232034845,0.45836106112561753,0.22928118420360574,0.03562300871683456,0.6733013448883538
A09,4,13,0.2746941755043608,0.13832207030535007,0.005442682321213588,0.45700238250664427,0.20011973418706352,0.16165658535225383,0.0,0.5340062005014105,0.38574953063587203,0.19924225844773905,0.0,0.6309765805107367,0.2331025126493929,0.1417934165226292,0.008870313006535084,0.5117715811613319,0.2871697955579953,0.17330529756233473,0.03675677786164285,0.5783093030646356
A09,4,14,0.1369338370014598,0.11848987785879835,0.013279582899242217,0.43795241145314084,0.18672803268364643,0.13973443382697487,0.0,0.37020383761896347,0.18017547628124445,0.11437967250169391,0.025701653154608102,0.4905074698498227,0.1857258213771696,0.11431285037098822,0.0173750493387891,0.4106386515159905,0.06321055133897803,0.09148360037923711,0.0,0.26694047894158557
A09,4,15,0.2262947120775872,0.15884654156746114,0.01764448788083869,0.4968167676373465,0.20302251399071397,0.1265059323584626,0.04679460412329539,0.470715755457035,0.33202362908849875,0.18301721199210735,0.10050682344267789,0.6821491038676967,0.15615937819989317,0.1212810673804016,0.0,0.41195051079706807,0.07733328511562391,0.11539917056898831,0.0,0.42483410758387435
A09,4,16,0.1710964405628648,0.11691898140276183,0.0,0.397994386170054,0.15734914186439938,0.14700165924847838,0.0,0.44496651249899305,0.24469737327301128,0.14968106231699796,0.0,0.5258902712640224,0.24765154679017312,0.12465744516591104,0.07287848890862192,0.4479769178099309,0.13959363553645227,0.1587291661164433,0.0,0.5186569341931164
A09,4,17,0.2486633269536049,0.17626867838451005,0.01505938831248683,0.5333249034067697,0.26879040391611964,0.1470835796428589,0.11802800162351708,0.6307507007769304,0.24865880841166635,0.17766507702244247,0.0008944092136343094,0.5884345607989035,0.2660369132544323,0.1336247407488427,0.058993366472303514,0.4446785474467577,0.10875960205936515,0.09630650900878078,0.0,0.2761695636911591
A09,4,18,0.33867039896234946,0.14438568573822863,0.05415093179810636,0.6231655303928358,0.25768881156511414,0.24837215456370051,0.0,0.7484456007961217,0.3557228795680251,0.13437414442702264,0.0009459015804854801,0.5916819359674419,0.275815132192011,0.1706275099531453,0.010754174364173712,0.5730103106990804,0.09976107221319085,0.11022625909088779,0.0,0.3779409494631594
A09,4,19,0.2809672870535174,0.17064174633272947,0.03674205756777719,0.5868004225957996,0.20356400867646285,0.14982423009908571,0.0,0.4783082060277665,0.43271558281223804,0.13692898883327623,0.19097419585610145,0.6255209988935554,0.24848315402888593,0.12949197075915794,0.05998488163852121,0.5068091287534556,0.1211089346323217,0.13204725912441648,0.0,0.36252078457986847
A09,4,20,0.27991417396548723,0.15100115903058017,0.0031860380949001294,0.459960880534585,0.33089285525034595,0.18720061418200504,0.0,0.6160834475564739,0.27386414385219576,0.16922122161151507,0.0733090595389626,0.5572647089394732,0.30581786607362227,0.11742086533448652,0.15962005443155156,0.48650219646267573,0.21753452917644747,0.17529844143593434,0.0,0.585044192799241
A09,4,21,0.13391641475458993,0.10650483949126599,0.0,0.32218567396894776,0.09524502668939136,0.11819927239859655,0.0,0.39996585193304524,0.18086828599457305,0.125282332555145,0.0,0.36505566222127966,0.19840437868033461,0.16675349513248394,0.0,0.5510661588164517,0.15536757985716174,0.15333020205148093,0.0,0.45296249086103574
A09,4,22,0.2161432949348706,0.09459034287730425,0.014092301704241679,0.4376798726998791,0.24170113990203673,0.13176070847126195,0.0,0.4425021159793601,0.3018513901035555,0.09925693532435392,0.17489250064372516,0.5480942174746806,0.18856558774649734,0.1287690163791827,0.046660679251487744,0.4993062724670588,0.12409692381717007,0.1255755893715578,0.0,0.37424003140291223
A09,4,23,0.1749406387836759,0.07461352643644772,0.062294603004864744,0.280151148395173,0.12446230865565269,0.13136438344174545,0.0,0.407529779274364,0.23627950660356578,0.0997680294998556,0.029309436082519427,0.3851697484079616,0.24770394426921832,0.1238911759203787,0.035541867171127825,0.4807742697706739,0.1147499608362593,0.11422252735172649,0.0,0.32319456464759916
A09,4,24,0.17839053048748307,0.10993764623927106,0.015498837269227548,0.3668543469116999,0.18535108186872457,0.15973652488576112,0.0,0.5267190825474074,0.19969661760493157,0.1457345618462697,0.0,0.4987702965081556,0.2241690096642048,0.0959153325623285,0.07547692592507786,0.3902217205260402,0.017430697342027696,0.03251324964468181,0.0,0.11999395400204592
A09,4,25,0.24489750220768586,0.18867475964166133,0.044205042836551925,0.5955361779793927,0.2897320249873808,0.23556427297713586,0.0038675894367800057,0.741026505961801,0.19308240332426477,0.15586937105364057,0.0,0.45589179981983186,0.2725678322375602,0.12415069674886597,0.09289756511235839,0.517711975127576,0.12897344612306882,0.1314436084959642,0.0,0.41786235499777835
A09,4,26,0.1972014882733445,0.0976531162201301,0.05063214224211543,0.34591215253698593,0.23028237053252273,0.1620693009162318,0.02376540367245675,0.5979602046525743,0.19056313773869923,0.09149161436040944,0.058625729533141616,0.34224195762740656,0.25789558532566087,0.13449405451451485,0.018326195968077878,0.4563732289639815,0.15193651888604873,0.10305937010894001,0.006933127858097045,0.35847872574979867
A09,4,27,0.2402624816795505,0.09311357563661733,0.060232571459543735,0.4122088978788549,0.3070002807417456,0.15927086426777481,0.005420934864675716,0.5730648069372656,0.24242044283822348,0.1263595869441666,0.040020364217633886,0.43150395584090306,0.24214763606039916,0.17289095233128418,0.046531917884987624,0.5902364376554978,0.15063505273891897,0.15368561562110725,0.0,0.528163900674307
A09,4,28,0.1583068199402879,0.10433533632025226,0.014678036255642932,0.3317251717559956,0.19636598370177055,0.11052495604233868,0.03734538755392499,0.353241245709954,0.22950229680313802,0.16180327533413133,0.01654002273308516,0.45772974575869846,0.20635824417709162,0.09593545381188785,0.0166822059283877,0.390901118623111,0.09802790321540242,0.14010150703503213,0.0,0.43889064354233037
A09,4,29,0.13068783377477544,0.08291907649123992,0.004022713593374868,0.359261879281251,0.10006406359220234,0.12743247544264405,0.0,0.44077872479140634,0.251416240191513,0.10120567153326471,0.036057757881863384,0.396423139754872,0.149269645307264,0.12007258175170368,0.0,0.38050384414852834,0.07197144189048828,0.07346525542139333,0.0,0.2576561009168906
A09,4,30,0.16898162549329335,0.13845398580534068,0.009928649620600583,0.48012615251755403,0.2329470589859472,0.165265016842396,0.0,0.5046665259333272,0.16291148303116468,0.1443466210079675,0.0,0.5221596580115783,0.11939083050093553,0.09508587624812902,0.003445068397224947,0.3545907498648484,0.08089419365802213,0.10681231012661083,0.0,0.37118606842121754
A09,4,31,0.24376036708470264,0.200023102746513,0.03245955397379065,0.6570508631481967,0.18826457025272908,0.23672593961277608,0.0,0.7363288126052876,0.3105638431007897,0.18092906282877272,0.0,0.6172762478943639,0.29773991922627185,0.1431619900725352,0.06595352228678344,0.5642066518730424,0.04899883802885643,0.04733037521644751,0.0,0.14450947260984462
A09,4,32,0.21087937630244238,0.12289696298026992,0.0,0.43262576627058164,0.2553026215729011,0.16112913772334944,0.0,0.5157157405026697,0.25369104655802815,0.1992526514840266,0.0,0.5871500695755206,0.1440314199641294,0.11043124327575299,0.0,0.3506567510821831,0.04513047647850393,0.03903524987773289,0.0,0.1336437769306035
A09,4,33,0.1798405793983659,0.12288241547051461,0.0,0.4519226888175904,0.11412132528437571,0.10902294910772511,0.0,0.3470899822654662,0.2942414575603905,0.15715456325854985,0.03396668741338175,0.5762125068732932,0.20557985240481275,0.12870114087786363,0.0,0.40187272185531453,0.11423076046952095,0.11197059461056663,0.0,0.3751293498099589
A09,4,34,0.31488628705786537,0.14982482673595007,0.09920955978001075,0.572808655439643,0.35303588346724174,0.18070090734885802,0.08008851963155854,0.7055357173644373,0.319641678742357,0.17716555099888437,0.0,0.6416585562164963,0.2935822631094703,0.1316278804077185,0.06365492888667877,0.5439101043070961,0.16072598803290514,0.15512970075304114,0.0,0.4586519690878169
A09,4,35,0.1852032111786255,0.11350951088356821,0.0,0.3516816254818437,0.20386696533103116,0.15391195012483075,0.0,0.449928385751949,0.25327892905145893,0.15057245271546194,0.0,0.5246548368640149,0.16927761342582023,0.14298936166102652,0.0008199535640644699,0.4363526951189021,0.08471291006079994,0.0899964243753787,0.0,0.24953286546801867
A09,4,36,0.17072710107480304,0.14625188720650495,0.0,0.530820635991158,0.2648632813128479,0.1914924067764018,0.02517950494815221,0.7127547912662636,0.2037258469201434,0.18457865134256524,0.01673580130201399,0.6700116407910228,0.16623167310775475,0.14272446636214747,0.02038634871248633,0.5254067587989344,0.07346247219079052,0.1133775130382534,0.0,0.32927907696254916
A09,4,37,0.2969080053126826,0.12673951030316846,0.045076691122493365,0.5058501222425446,0.3748170172735749,0.22159810114278272,0.0,0.6701101745263092,0.2966015219610545,0.14270111046109546,0.11900832886996673,0.5844887125794571,0.23749143638070022,0.1249483240110387,0.0,0.3964047426771719,0.14587611444207363,0.18441177913556348,0.0,0.5707514292030718
A09,4,38,0.26971106384153637,0.14318734852749132,0.0,0.524085760257653,0.2744417502251764,0.1597705074559166,0.0,0.5242154297356555,0.3161484398838322,0.15424386949555902,0.023204422341702263,0.5451795326346719,0.23881750358022658,0.14809730099959292,0.0268789129699941,0.5053980924764121,0.028368919213945094,0.03280126383414023,0.0,0.08720117824476904
A09,4,39,0.17881056983192323,0.14548367372879187,0.004354870689122611,0.4586591384704732,0.21714225036007548,0.1824474324262806,0.012470295405426546,0.6698656415322249,0.2081323026950121,0.20483144124443256,0.0,0.6951687828500546,0.20915878938671897,0.1402196502305798,0.0573636531837136,0.4909846459080252,0.0667759725741061,0.0628590759987487,0.0,0.19370723019080288
A09,4,40,0.23609745644453092,0.15247849999396457,0.0,0.49568407188615266,0.3131736810991384,0.11938169162372606,0.06146993593160312,0.4493238731530364,0.22313218202411,0.17911152993256202,0.0,0.6242526366805267,0.21304007834890662,0.1660665250645092,0.0,0.48652223095302605,0.05372155442063326,0.05403618133226467,0.0,0.18393191756496088
A09,4,41,0.09908737641623537,0.07183400248260655,0.0,0.27620299203562443,0.07313509051118904,0.09252486652475143,0.0,0.22831093225992274,0.16720677959579147,0.10902593398694775,0.011217029429586769,0.3426630415436667,0.22157463170684705,0.12355497478290936,0.004114761199642746,0.38886121256423406,0.07726429791390736,0.0921006868734415,0.0,0.2772262334262872
A09,4,42,0.24415695472813914,0.15496757048799015,0.08244332587385213,0.570073463365687,0.2631310951769314,0.2247872741165132,0.0,0.6445236785608628,0.31069591357711457,0.16051222531327336,0.0025338882321982925,0.6429356199092772,0.1673421338150236,0.10700409522125161,0.025739290537824405,0.34159723816716336,0.06975531549612474,0.11756693793362216,0.0,0.37070902518239013
A09,4,43,0.2492187570578746,0.13230889826103262,0.00020395509493382441,0.42994951633296485,0.22763192978233376,0.16032472292158345,0.0,0.4752429029793003,0.33906047081810203,0.13069219271410065,0.07502227578403645,0.5378692871823589,0.2188619295148653,0.14004719800214321,0.00185336854064195,0.41461863510418906,0.1361482772628843,0.11103153689485148,0.0,0.40890498374513523
A09,4,44,0.20803031428347,0.12543093625448468,0.05922935656777173,0.4899197770751279,0.23716564604543672,0.14341846736507485,0.03688032597806674,0.4381345493799223,0.1846342777297407,0.10824593367623733,0.03345713835818039,0.3863543728210921,0.26751876364461485,0.1473209774548757,0.08274245463231607,0.6104196669631402,0.12514693735244048,0.13369201934259134,0.0,0.475359422408228
A09,4,45,0.18232885575358715,0.11010750279751078,0.004571953553994852,0.338727679348057,0.2809249216870888,0.1905040720265652,0.005020785436286479,0.5944291368663418,0.24923388208038236,0.12635735872308884,0.0,0.43135053185102434,0.16568810167247688,0.13246733924124948,0.0,0.3753148888301994,0.11270826895025296,0.11196933107481415,0.0,0.38149358292854824
A09,4,46,0.23123489032794511,0.11943816536274275,0.0242675403835797,0.36660285383122454,0.3823516159018779,0.21171255374630846,0.0,0.6570153604500258,0.26440764175262416,0.10391362218964448,0.08438177041769779,0.37568412010201885,0.1932455566275931,0.13480297309931152,0.00979710210320409,0.4280659295564099,0.07260504285597712,0.06948367046804096,0.0,0.2345787039625676
A09,4,47,0.20036463538963836,0.12913469048073453,0.04573503981195932,0.44362352249012776,0.3174489833852369,0.17375388919890436,0.0,0.5463810073251125,0.18923701886995833,0.15045775600320369,0.0017013012229694566,0.4671476951201285,0.26608496292228995,0.1398042192569713,0.024761275138723726,0.5021871838524475,0.05773952400346973,0.07379627615282011,0.0,0.20626241464021294
A09,4,48,0.26128720463931454,0.1689130448073076,0.04392544819909056,0.5372728543317598,0.3204889091124928,0.27050714569562745,0.0,0.8372989831030748,0.28330317274334227,0.15315198165483207,0.10109369676247047,0.5033036973758159,0.23490503210076602,0.1212533485223673,0.0,0.41884422674110766,0.19080616989142396,0.11362216334087037,0.0,0.3683469180436703
A09,5,1,0.2508440481454666,0.13420223011057011,0.0856277415406803,0.5039489001086745,0.30318629485664605,0.22720943871857416,0.0,0.6813874632280171,0.28127512979377634,0.19741154725023125,0.04804298128740395,0.7119429916310541,0.21723280696033295,0.1420130286911982,0.0,0.48240333803865754,0.0981752540381519,0.1170619897786434,0.0,0.3989004068463943
A09,5,2,0.25341311806348044,0.16287344543988722,0.000768034316397984,0.508313097549091,0.14881418447099135,0.1406423835708691,0.0,0.47727335624602,0.3592727600459862,0.24720301247704463,0.0,0.7457378678120593,0.2626852846513342,0.10307089244787881,0.03690327553231086,0.45835138893467925,0.17208075207353357,0.19567037682323835,0.0,0.6172659065419229
A09,5,3,0.19809946794308597,0.1448589372744395,0.006759994912429623,0.4666736106307789,0.2325558041068896,0.16173239539612602,0.0,0.5253041730473471,0.28281672353812853,0.10867214087192799,0.14224755738192058,0.5060423742398402,0.34256077165970933,0.18298956636627553,0.0005502171828919433,0.6441281209367441,0.08098456224814546,0.09168498770435714,0.0,0.3007736487224904
A09,5,4,0.18455048819705575,0.16685156929440687,0.014939600611361237,0.5996361223563219,0.24338492845778123,0.2525473896855833,0.005964083267160152,0.7260984387746767,0.1555878506305496,0.1261329005029079,0.0,0.5003679477479424,0.22614399797021714,0.1505786356732942,0.0,0.5269073334193793,0.12438201362994707,0.11785562773346897,0.0,0.3787371757001826
A09,5,5,0.21675928859190113,0.15041992216387248,0.016413749302079346,0.5441991736895472,0.2526931304726364,0.2857465699100799,0.0,0.7518419245634858,0.22783541748813502,0.20924212267283127,0.0,0.6824037453713674,0.17125767925468288,0.10239771651505236,0.02939158875361011,0.32002748675070347,0.20249950504114725,0.23071057258013253,0.0022679369520412418,0.6544253118371295
A09,5,6,0.16816343714727602,0.0872631083889363,0.030073663488030453,0.32273754075593303,0.1413187263249105,0.10054364566966047,0.021966262056489137,0.3350312476307589,0.22168868169590727,0.10393607732956495,0.06581418202200554,0.39778227769126645,0.3304698575668701,0.12854027292349987,0.05897195124585037,0.5407842567983046,0.11998991871689113,0.12351847013963498,0.0,0.3803223322652713
A09,5,7,0.2178257888118609,0.19826659228209248,0.014594737384327039,0.779777466308326,0.20584653560458993,0.21535024013372087,0.003939011810188821,0.812667073029995,0.22440969309540196,0.20465361960490264,0.026105450091358656,0.6143059710844675,0.31835821700492856,0.12029497397242131,0.024046796039491527,0.4554620379221186,0.14764708356568426,0.15581394446325175,0.0,0.46943497177308924
A09,5,8,0.12433588343496017,0.11893057543729771,0.0,0.35464049290183686,0.18502925815387222,0.13352800366552905,0.008445934422535495,0.4947982761969124,0.082999298261269,0.09860333449335346,0.0,0.29889484990150955,0.20676656752707662,0.14700115033334257,0.0,0.5537316129945807,0.1194139561793643,0.13840331185701799,0.0,0.4804287807627719
A09,5,10,0.2962831067695611,0.1701754544754466,0.0628289679626047,0.6252358788678275,0.3016295846582106,0.21390423244242382,0.0,0.5690793959269823,0.2833419002087262,0.19049231898428576,0.03344881548030116,0.572449356449149,0.26878703066976245,0.22442433399157885,0.015655055008123347,0.6951218653150449,0.12389095280185,0.11699468920665483,0.0,0.3427075625587439
A09,5,11,0.2813776789695163,0.16918098513680047,0.0548571598300704,0.5829378129881119,0.15592561918740996,0.1714011094909902,0.0,0.5278957149285598,0.425571626775427,0.205414774660166,0.09000548159697762,0.7488846179234223,0.2696600298951811,0.16218863006245363,0.055501181373947675,0.6130493137304533,0.1977442152385154,0.16907671452963802,0.01150442244254281,0.5460116947507044
A09,5,13,0.25460224102208834,0.18616524632233167,0.0521208114310388,0.6338668960709658,0.2307002673223355,0.2587406495686526,0.0,0.8606679146730435,0.2600485998959658,0.10903920681057784,0.11545037713957543,0.426318724036934,0.3230888818476473,0.21570390687241117,0.005632051367387695,0.6227575984980759,0.15128519052251604,0.14386056123481372,0.0,0.539135105811763
A09,5,14,0.2340278851670602,0.17013790610297172,0.0,0.48034128905146606,0.25391219813612254,0.21351208179922193,0.0,0.6579847482407607,0.30247352395681204,0.13404077083442278,0.05154668996304079,0.5387234696873187,0.2656687395537298,0.15753850731155428,0.05447940520629064,0.541072392113535,0.17765751810091465,0.15359186268604108,0.008316988744866098,0.4968797178285337
A09,5,15,0.21277747793497204,0.1084529168999801,0.0,0.35510921668390044,0.22031175242782844,0.17179332550684248,0.0,0.4773168030223749,0.2609379472244816,0.1679215310254443,0.0,0.5668252553424111,0.2530970733282909,0.15412712140210336,0.023581949340197386,0.4789357574515698,0.15578622231938571,0.14737284054771554,0.0,0.40859520271941585
A09,5,16,0.19991599594368809,0.1530265016738447,0.0,0.49205163399488766,0.2501271905480781,0.1753288143742805,0.0,0.717177308687235,0.19749917799299205,0.17180385088632788,0.0013048264858731245,0.518985617856173,0.32875257419350984,0.1014304563379842,0.1443076697660282,0.47775282561560756,0.1477835174073983,0.12613370599167587,0.0,0.46531860569758443
A09,5,17,0.1594341277935903,0.09949576471807732,0.0,0.29036563555685996,0.3190758072941291,0.2167310710341653,0.0,0.7391161596108028,0.18463873413531068,0.14765863771258075,0.0,0.40361605598963834,0.18076885525213593,0.11064200145682727,0.020010146153646442,0.37353586389619226,0.12037710795370139,0.08775534569309414,0.010911357737339644,0.24914287768063437
A09,5,18,0.17162092831118414,0.08398867111217037,0.043918328430221955,0.3764045361000341,0.17643089267801157,0.14322554726652686,0.0,0.48920921166677633,0.24524332749903852,0.07679566284231851,0.14647531413081114,0.4272192298024265,0.17041704425592744,0.13768439481954256,0.0031154830341839795,0.46248255897952906,0.1477789474235413,0.158183441443119,0.0,0.473824064506304
A09,5,20,0.254483183491191,0.18531481205891143,0.04175745999082113,0.5679826009005462,0.26601443316707524,0.2580527518472665,0.0,0.8131510974186769,0.3080016906568059,0.15498513452245055,0.01802150296991139,0.5704243364837137,0.25337439702581893,0.13495413710983664,0.09631612704259782,0.49712686565111974,0.08478502305651123,0.09468708505268802,0.0,0.3465294914307006
A09,5,21,0.264972605155242,0.09330810587188704,0.09272442001468474,0.45861218279224664,0.2486129814962488,0.20901152115488905,0.005432704480149685,0.6332347122783897,0.3507068159924105,0.08889555187551011,0.20591447378037195,0.5397024649334368,0.3306174362519272,0.15134040652265623,0.06112767758825344,0.5827982831074902,0.290665312637823,0.25677537596766825,0.0,0.8196266363914739
A09,5,22,0.20460053954102989,0.16546747227014927,0.032562079588334715,0.5437663686810982,0.24821764741977018,0.10998763011431617,0.0,0.4606556932800129,0.20925002534494203,0.2038487577564917,0.0,0.6072982787974561,0.22238784728000963,0.17257500591553834,0.0,0.5275971920480417,0.1071451081030189,0.14989246845967374,0.0,0.41479819364071246
A09,5,23,0.21587857652034273,0.14757514432753163,0.0,0.48268539947283345,0.19452342742006487,0.1843109471985617,0.0,0.5538873902571851,0.28506376150855783,0.1648019906417944,0.08266161285367987,0.5579040318750667,0.3606931213990892,0.1356619917741779,0.08073133742219112,0.5581972696641504,0.24267539141846786,0.16668754941772423,0.0,0.5040074734399109
A09,5,24,0.21687589354333128,0.13152202188964018,0.020128679850607862,0.43144719235804746,0.26729474975803824,0.19320871319766822,0.007607575787255493,0.568165585468227,0.24357290874180118,0.13777334134966704,0.08104185275488418,0.48471127588203844,0.2747874969037005,0.08663797385192121,0.06833439909616094,0.4064698855816497,0.08198823335584547,0.09073114991688756,0.0,0.2755224370342431
A09,5,25,0.3074519800368551,0.13956890196811036,0.03929362633575162,0.5173749881631405,0.38754215308898693,0.22731212015026928,0.010402758948621083,0.8077421548851274,0.363137783128949,0.12572463175166565,0.1300358999474208,0.5203912691018137,0.3098520835364299,0.16104943337406227,0.11081674397415398,0.5809380908527955,0.16775541791670054,0.15623146951131842,0.0,0.5247159689068065
A09,5,26,0.21524561478024792,0.12606619842216227,0.0,0.43955689846372137,0.3046791819543204,0.25303569585657454,0.02534790773009188,0.7671106825989408,0.18326294400245277,0.19647025961553602,0.0,0.6467443003727037,0.268235384070289,0.14933846759681824,0.020552001560126962,0.48401406898492666,0.24387054118389295,0.2538407517834136,0.0,0.6659444869293594
A09,5,27,0.10488093344428472,0.1137702135622037,0.0,0.34215968819033854,0.1948362415540109,0.21754097803309802,0.0,0.6454860080652521,0.15833067327134692,0.14224988650633938,0.0,0.4316555072589173,0.23664456933851583,0.10770746159217487,0.05148957374745465,0.39643534290611865,0.1932209912505543,0.12784009042198272,0.0,0.46674474443514274
A09,5,28,0.18617185821665289,0.10352309023818762,0.08876865881328233,0.4488919661213383,0.14628179953058795,0.19556817622150163,0.0,0.6065987372166725,0.3443641549443535,0.14639693143958862,0.14368576541665753,0.660254036949711,0.2978017183746125,0.18422343099451044,0.05405257299771393,0.5636001912126166,0.2644665955481847,0.21756113594610155,0.0,0.6392242787506754
A09,5,29,0.24031371951575378,0.11204264596688071,0.0,0.38039502734010056,0.2407176053474966,0.23973592761463228,0.0,0.7806371881215535,0.26347372355047993,0.1576787987721332,0.0,0.46178344886118416,0.3273051407260068,0.14599411164303716,0.029308100144501803,0.6342699222355215,0.11878402539977782,0.12610396439576205,0.0,0.312215405120822
A09,5,30,0.3683813413932359,0.15412380719655008,0.08858657178882885,0.611879549015187,0.3044886842955001,0.2445115638297318,0.0,0.6475665006629351,0.4164647613615041,0.15841636904183407,0.17094696649397692,0.6404219674631297,0.341846451410407,0.12845738862316075,0.10349974117954289,0.59638212823069,0.21680398840714046,0.19276710621637508,0.0,0.6445991643974798
A09,5,31,0.15798741053778548,0.15961077579744268,0.006263728514025092,0.5165035361916637,0.14481214496700406,0.14303069897388493,0.0,0.446882965885223,0.18193244772438397,0.18094843417864356,0.0,0.5884685937033869,0.2811935438053324,0.12495780122179381,0.02800971585683503,0.4555851300065754,0.1881830345691942,0.21273811965604697,0.0,0.6393151653012282
A09,5,32,0.14813067996226054,0.08979012616580531,0.0,0.2722491243897148,0.2171214525181963,0.127367207851753,0.014295929346384937,0.486116037485794,0.13875266422597676,0.11437024760972979,0.0,0.33145611828795335,0.3175141805575616,0.20915552432873483,0.0049072347915008075,0.628890508357476,0.19153718865857264,0.12573731063866161,0.0,0.4409507685217167
A09,5,33,0.20430451899388066,0.16331313760507726,0.0,0.6014144116453332,0.2101460318773606,0.2611905689880151,0.0,0.8261854871092515,0.2099880487576059,0.14888117139321733,0.03320368597247127,0.4358093644939979,0.30163374688073424,0.16837065124540246,0.05483546583282601,0.5531850584983276,0.1317505837413644,0.1701250988953654,0.0,0.5453084900755447
A09,5,34,0.1894350068175427,0.1340045198213221,0.021718474857427363,0.5188737900585856,0.21511677355977055,0.19292521803612048,0.017986369724595202,0.6606041679306655,0.1543624714306663,0.12872866331464505,0.0,0.4972680764886684,0.24909437082728472,0.09942356586004296,0.08701631789728001,0.4432857157363414,0.0794165828238759,0.08339264570276303,0.0,0.28905124315150227
A09,5,35,0.21979239049363955,0.12260742849480052,0.03322672747939565,0.502804854985025,0.33006612925832857,0.15528040130398382,0.12139476073193697,0.6032377039100194,0.18199510793699264,0.09057146624139285,0.02498065347888207,0.3344841500464125,0.2709109642666599,0.10549545277633275,0.08281666823649343,0.4679943754454906,0.1822374365487837,0.12641430093532005,0.0,0.4232312472605625
A09,5,37,0.2566498727061766,0.12746829685721187,0.06632090120330528,0.5210461144041353,0.13504771254710965,0.146084372922843,0.0,0.4834062460299845,0.3055766620226741,0.17457735929674756,0.01232047423397393,0.608715843367156,0.16016571140541386,0.09217914865303926,0.008928390473904813,0.3029393076805329,0.37802431374823053,0.22642437295416604,0.007195449116596372,0.7036837996490092
A09,5,38,0.13390474623281848,0.10955439664119063,0.0,0.2928005094462907,0.05615547320746284,0.06447368274464968,0.0,0.170015515759482,0.1669081963305229,0.12119286731982133,0.0,0.40722476220499154,0.27794947742660164,0.15495625956886486,0.0739085273686941,0.6220018703773277,0.29377557926974884,0.14819473109676032,0.02371987742084774,0.4933627940975734
A09,5,39,0.1501090727765829,0.10816462425228579,0.0,0.3243845706409571,0.2094011192701388,0.2122109502599545,0.0,0.66178183338588,0.1330068807850042,0.09016656859884853,0.0,0.25532557938919814,0.23569741717579307,0.10791206522967454,0.044521316457362854,0.3833181307730954,0.18875487784062495,0.1494040109483474,0.0,0.44002156310765744
A09,5,40,0.2175542208742797,0.12639669594715472,0.029093125597185958,0.39922654639380084,0.2624934701952047,0.1628527007328722,0.019646757895061255,0.4901698369907749,0.24659942692514067,0.1866679067977706,0.0,0.5285589602535369,0.3272461804243413,0.1611327899126776,0.03555126757462278,0.5632121162269034,0.11115623629400995,0.1193963263237195,0.0,0.2985277919500617
A09,5,41,0.23230385448590163,0.06019167597947938,0.1376288218415533,0.3152176423250845,0.2828734277863694,0.1473448969005208,0.0,0.5145587991620283,0.24312824414017917,0.11473411338969619,0.0890611588362251,0.47594901908100506,0.3356366712769734,0.12203732636638775,0.07978554629069778,0.5583460763586692,0.06262318626682414,0.10051651284021937,0.0,0.34747163931707714
A09,5,43,0.2815652628376291,0.1240794871161687,0.05246183575420603,0.4441485994717259,0.3377626735066437,0.163094467614876,0.08284396638640112,0.6146240928404081,0.2931559834544026,0.16164805037334,0.027761683768779095,0.5274764639582596,0.28401731210145054,0.11825389533378543,0.15546708239188886,0.4718589236249486,0.17454430944215832,0.1748433074731412,0.0,0.5954672841513403
A09,5,44,0.22059044490203164,0.10903917480633177,0.042677298123784145,0.43637650167046654,0.26023095093679943,0.20574138802696423,0.0,0.6291464179438929,0.2611053426651955,0.1748340694374092,0.004156748587842192,0.6659460249808556,0.2166058075932808,0.17274311075615034,0.0,0.5424375174699422,0.07985345458392085,0.09961330187928588,0.0,0.3628494398780206
A09,5,45,0.2298678405461463,0.16051963471547842,0.0,0.5647432956426995,0.33381761842572855,0.22438466681405236,0.0,0.7099272654679021,0.18291334500938788,0.09764292205800029,0.0,0.32373424422621155,0.26391647343702423,0.13882566456493114,0.002270535703601568,0.5512478742636139,0.06619353824179809,0.09533396360731504,0.0,0.3114315159400407
A09,5,46,0.3804582309158309,0.1817351332954903,0.0772442857755689,0.6371916216350979,0.46794164505680275,0.16363486350539705,0.17720054582632822,0.7073449050656169,0.33741397421936303,0.17543980348438049,0.015749533957055868,0.6219795443735443,0.20300663415094025,0.08171893856071483,0.03219367757515035,0.3300481182933471,0.06643298039730051,0.07399013169603318,0.0,0.22573149619865815
A09,5,47,0.25079289316516407,0.1911501847520602,0.058394397029355546,0.6761664914607499,0.34729679488063075,0.2531621584808126,0.05385744542155091,0.8451435265835773,0.18664251221190944,0.16082100737840085,0.012158292752583162,0.5629395675275244,0.15124586714593755,0.1479142317223036,0.0,0.5069201147383493,0.16637542161384938,0.1524335694994793,0.0,0.4343273774332451
A09,5,48,0.19406229832259314,0.10107817874077965,0.0,0.349238799270736,0.16400325590070117,0.19425302035496184,0.0,0.6059813145960461,0.321937046982091,0.2269820380919438,0.0,0.6719572398205733,0.22352485113868123,0.1155372913998631,0.08041766247569614,0.5031832145775975,0.30389176182502775,0.2348993139582711,0.0,0.7402377512579298
A09,6,1,0.21136439442934787,0.1447021573867255,0.009587654680360522,0.4339062587928564,0.25390400477684877,0.1404155606888265,0.0032800148360677523,0.4408083428897448,0.26402861190952065,0.23342850347735344,0.0,0.7614997520340829,0.1341313028660555,0.12520632519024474,0.0,0.3260987318707313,0.17793746549859382,0.16988449229428682,0.0,0.4660373269804687
A09,6,3,0.22120466965654703,0.18639691277107334,0.0,0.467893513567285,0.26423081076669036,0.261482061458469,0.0,0.8218306511379618,0.19552827038481826,0.17667395708162517,0.0,0.5544567546196679,0.2721960405048639,0.20255983155541651,0.0,0.6732541509573053,0.11230669027625151,0.1083691525085679,0.0,0.3150766646627464
A09,6,4,0.19695835897019764,0.11277575785067954,0.0,0.37481748715279245,0.18239489217035793,0.16004671045737187,0.0006719367957861275,0.4562825187021066,0.281456104607126,0.15331386725993534,0.041141358613418104,0.5318958405587413,0.23396437266349338,0.12580157300112563,0.04913415955339838,0.4656048079937963,0.2163486288345806,0.1281098627878211,0.03075511257024791,0.48302392975881364
A09,6,5,0.19293411871576074,0.1213574440871569,0.030303311950095866,0.3841373745815364,0.275100161269618,0.2150555182007962,0.012353546012798953,0.7243921379640871,0.17830555838440976,0.10536796124586821,0.02047414322203505,0.46850693379276376,0.26198795727310453,0.13403709877426004,0.03408166196144381,0.447986981913604,0.13164020574559318,0.1453397134761843,0.0,0.4771396172996894
A09,6,6,0.21125306539503177,0.08948986194572348,0.0189459189814554,0.3353610265368718,0.23959195523640525,0.15839251029783571,0.0,0.5832269287903308,0.27824924854665567,0.13576361058219144,0.010137749050987807,0.5019642975313895,0.2305429397582165,0.1526063807879944,0.0,0.4345616054473383,0.16234339232600686,0.13203880280774993,0.008024041515961398,0.36734801740298273
A09,6,7,0.25115919940898357,0.13480878358430792,0.009599678384650858,0.4376385428927686,0.31533577957640196,0.1416102881316915,0.03856819388356991,0.49178638113911594,0.2570909182939079,0.1671102567707957,0.03677904220051471,0.5783737252349593,0.24532607328650846,0.14054050201248944,0.0,0.5076820877020911,0.20004638777262831,0.1258332208190285,0.023675814921928526,0.5009370335735847
A09,6,8,0.11290557335790626,0.08366196241346112,0.024418999015134273,0.2958600465428308,0.11220612943344191,0.11735824153799285,0.0,0.34404302958438826,0.18073108960168083,0.1399043430057612,6.387912704524419e-05,0.44012005876480853,0.27181780645551723,0.10616098066193405,0.04864649652879632,0.4345178408951417,0.1364436680986871,0.09082189331939745,0.0006765192353720576,0.28170354505524864
A09,6,10,0.13084458582497754,0.07937381317635814,0.0,0.34316423165290466,0.09043272253144836,0.10124710450342408,0.0,0.31249748382393,0.20403531785995407,0.11420537502289405,0.05020061864311628,0.41524434966730794,0.24357939392574413,0.10994927037467805,0.024487149699963635,0.40981107045417886,0.19392267849408412,0.11145880784250004,0.053088738476423,0.42173265166068596
A09,6,11,0.14838432748403904,0.1151277546932018,0.0,0.4034906614404529,0.2285951718469659,0.1923099228284174,0.0,0.6224062673947951,0.15794370783807243,0.1052877626252167,0.014330128134464961,0.3500654885416848,0.13817322373122068,0.10655210217552755,0.006174516968121514,0.2911024560263525,0.14394021635288226,0.08893613156567182,0.0,0.2639804625223195
A09,6,12,0.09758872941893468,0.12276740868718251,0.0,0.3711747783009244,0.1479026414094386,0.2653469400231635,0.0,0.7593938477367024,0.14617141628878946,0.11585767124883356,0.0,0.3129778292672665,0.19416900263240608,0.10048084591876089,0.0,0.34129686755637,0.13557449798518745,0.08498345421628192,0.007132920818986009,0.25467760242178755
A09,6,13,0.17893259884917725,0.06758183511976698,0.07429576374120975,0.2652839706838218,0.16473334853902097,0.12912387940902711,0.0,0.3729626910460161,0.23089957120981966,0.07244911232382419,0.04157521638084365,0.3293968907229084,0.28216189089184557,0.1373119192015329,0.05824278172834748,0.5090652435930517,0.07775029312184316,0.08303747827563647,0.0,0.24856042278468315
A09,6,14,0.21216916996852,0.14610480028660006,0.0,0.4340051571940181,0.25060806891488735,0.15740849540129542,0.038465380263132634,0.5064323896691143,0.19970321039858993,0.1578875829027577,0.0,0.4292031746758774,0.3288820115743146,0.09581551975428527,0.110347527198207,0.4372722183603499,0.14942618553802334,0.1195515689862293,0.0,0.371126727940405
A09,6,16,0.2229945477783706,0.14272566243807364,0.044382160355730296,0.407746863681456,0.2203654380633453,0.16604207702402687,0.0,0.5079409598672112,0.270764963070032,0.11271237674780869,0.10211606461780709,0.43692234954069875,0.21409616793859515,0.13560364514199877,0.05890476602510445,0.43821981461917076,0.08411803398413926,0.1283919497993512,0.0,0.41472796092541137
A09,6,17,0.12365258327231655,0.09290662285346478,0.010650591279104569,0.32168107930831297,0.21030151399269953,0.17311652439415173,0.0,0.5280765112342877,0.12182220299199178,0.0817038983905061,0.03136120305135622,0.3098290493342014,0.2581408560602128,0.12900860999916425,0.07230905649416117,0.564549039980507,0.06321686215516004,0.07041920841643799,0.0,0.24915045471965122
A09,6,18,0.2298542715487176,0.1411261217533433,0.0,0.46984811748752225,0.2851847653794625,0.18986991467397452,0.0,0.5913811548338676,0.2495415836592208,0.16636514801175886,0.0,0.5684101151409858,0.3053202055962888,0.1691447064249089,0.0038238631584321787,0.5194136228213782,0.1107922459432943,0.11444920023838147,0.0,0.37786455482252784
A09,6,20,0.19152651324598138,0.10088024533265036,0.01191778550327216,0.42171099928705397,0.1280673131545733,0.11521489244899268,0.0,0.37000331848653606,0.28485406426736654,0.11406347758759242,0.12394473010810163,0.47411891302551795,0.324867934167633,0.14120195545122782,0.013988450350771882,0.5305126227279647,0.16266654225153618,0.11560658866053844,0.03068667192603022,0.42509589529129455
A09,6,21,0.12845338981234927,0.1066463290730151,0.0,0.357673484550471,0.07998434246037926,0.08248823925978603,0.0,0.2963698059711341,0.1937598641299246,0.15647333318210382,0.0,0.4235688611332164,0.2673812145672967,0.11604633462757023,0.14346943463606202,0.5027629402120244,0.1037431799871684,0.14636364728113277,0.0,0.457824676374214
A09,6,22,0.1019816735650528,0.08930391922295032,0.0,0.27891056861815405,0.1762685009671778,0.1822631901615265,0.0,0.5220755781243779,0.16990524204657081,0.11825739747938396,0.0,0.3909671703771084,0.17989953314955057,0.1453436662860409,0.0026851529688256865,0.4410503880776715,0.061565661865335394,0.05201189285264664,0.0,0.1715351269509457
A09,6,23,0.27687723666503455,0.13922866882754328,0.07540871283104797,0.5760142566190909,0.3695949185130097,0.18240061141875405,0.043601602652278304,0.6482826889436136,0.2758226247362297,0.15112035778561736,0.0503838989238571,0.5634198069158035,0.2546025433029299,0.11278625169557345,0.03764375677759519,0.4226492702388942,0.04958725487279723,0.06051004998167141,0.0,0.18242534972230876
A09,6,24,0.1189383788228311,0.06858410128420976,0.03150477927084664,0.26163925271801325,0.14392215129681363,0.143237009204433,0.0,0.4313441334813433,0.1728623740036,0.1231944727436346,0.0,0.4295967593136023,0.19585685214103057,0.12235503776925076,0.02444698890075065,0.4310247216038733,0.13054252838989436,0.07470789894292552,0.0,0.24756855022095653
A09,6,25,0.2087140960515095,0.16679407466303384,0.0,0.590448916508978,0.2822612949711461,0.2157318919977707,0.0,0.6771709327920191,0.18826210434206345,0.1196736588533821,0.028120177115693718,0.37880998805638083,0.2121118985071685,0.12612961118124688,0.0,0.3843217673905017,0.19252476769230395,0.15586630451777514,0.004426273959924264,0.45525155025993547
A09,6,26,0.16632674588805163,0.13272595424166492,0.0,0.3604545951545194,0.19001115486059195,0.22345255369310849,0.0,0.6528609682974154,0.21640755897849423,0.18373476432198338,0.0,0.5789220316400263,0.3051257029085686,0.10697980453667301,0.08834987115498627,0.5047920108231929,0.08262499320725093,0.047054045688839745,0.017450847358357464,0.19532093995829453
A09,6,27,0.2333909890425488,0.10188730293782526,0.07239288356068486,0.3997600074994363,0.39537041300421266,0.11436253246287541,0.16891314394701928,0.5422216767172617,0.2931802297332509,0.1291883740259438,0.09459910482966356,0.5121405095572916,0.26927388348589765,0.1534511757890799,0.006244523566583068,0.5701631021496298,0.11858679401412013,0.11854741371111378,0.0,0.33217968002675097
A09,6,28,0.1594165177213497,0.1358042125439046,0.0,0.43922226030224387,0.2444268810782971,0.1297409738370421,0.04085414180980245,0.4895006118113782,0.2545357090495351,0.17062307644968935,0.013225005961060576,0.5441956975430291,0.19888920511717034,0.09310261897490309,0.011698076148740046,0.33688993566003195,0.035219971503119445,0.058395756210066575,0.0,0.1850111255101663
A09,6,30,0.2383853556093804,0.13514317992059346,0.01978540083879505,0.4538793729764518,0.2326652916816047,0.1835687813427755,0.0,0.5981282870103568,0.279103520704287,0.12700749207701223,0.06206089893342849,0.49177611205089383,0.2739099510269894,0.08618898735532582,0.11472596991543994,0.4054404903451959,0.21331691593918362,0.17482289447045068,0.001271563809447643,0.6379738614065735
A09,6,31,0.1950143502008041,0.13594953809683702,0.0,0.38182327841034974,0.2516655159053252,0.21984927802257817,0.0,0.6933224693884592,0.18537363260553352,0.15091521934886534,0.0,0.3961984379010018,0.3182162114270705,0.06459204201253987,0.14669529102207676,0.41499544810640926,0.09589528999360987,0.09334785071334753,0.0,0.3148754937623699
A09,6,32,0.16581260856972138,0.12156415086597788,0.015921490816123502,0.41014681742264936,0.15340686511946008,0.17131231359427057,0.0,0.48616081895162505,0.24184865906480624,0.11402164821026742,0.06992000423589717,0.4062949112041783,0.17402215338539015,0.11165673050908843,0.04274362055360971,0.3885470532077945,0.04952560691362366,0.07701672474275832,0.0,0.3008493825313791
A09,6,33,0.22937632764518823,0.09587531238809442,0.11355140969653817,0.4457635621149553,0.3032810498150597,0.10871851238435282,0.1309148257307807,0.5422097774816098,0.23929577293090823,0.15405762683687696,0.06578139106583124,0.6330415360664244,0.24326687758739157,0.12304932247826875,0.040830104812080444,0.48209188619869625,0.08951894254821564,0.09714490524808862,0.0,0.29457741638427704
A09,6,34,0.3035632768148842,0.1579635270511251,0.06515893762986784,0.5363724939562838,0.32529601652071416,0.19704329948573293,0.0,0.5747631269355485,0.33794953697339225,0.17907579928160705,0.07736665312311859,0.6203781258291787,0.24784522284303162,0.1437368643571059,0.0794860379914569,0.5340621917819623,0.14171637149551938,0.13627671406883696,0.0,0.49062632109097704
A09,6,35,0.19025380003684678,0.11210545453937235,0.0,0.3342437130419058,0.17215118646799155,0.12331280489971788,0.0,0.3759755917416435,0.2766534878630741,0.14927848767335883,0.015863950481212013,0.4712504751933496,0.15784029575444034,0.12538832789435847,0.0017337509232450937,0.3460586525919049,0.13768152584066892,0.17178326029131458,0.0,0.4775190244550407
A09,6,36,0.2589234716580601,0.128847699979218,0.07940405068587408,0.48323817232003596,0.23625600620423132,0.16167819685383844,0.0,0.4963406424216466,0.29527682768984226,0.18377370501683862,0.02924638223516605,0.640024053593658,0.28020276099353786,0.11748838197075502,0.14014464018384723,0.5196134389056718,0.23793680720387095,0.21186174124377716,0.0,0.6205619285218528
A09,6,37,0.1783562186239275,0.1652268497378568,0.010818279611116413,0.5317292963422379,0.28032838001893956,0.21943782243562537,0.0,0.6169741567423915,0.22584943661171633,0.1293465592471814,0.0,0.45508852700298147,0.21148350194341367,0.14055456078823905,0.05057916486687175,0.4426634229548791,0.12416779594136702,0.13056775151482067,0.0,0.32932937254746514
A09,6,38,0.222174936616749,0.20413340068629113,0.03215336100576966,0.6252489175600286,0.21929219923481277,0.2716166856179848,0.0,0.7532320531853806,0.1902605333049728,0.14233417913887786,0.0,0.4157586412333062,0.16398731227243715,0.06743283385229024,0.048186244097754884,0.2791108824420294,0.128768895368177,0.12528399504671495,0.0,0.4132830535660479
A09,6,39,0.25730572318253964,0.12231362752688123,0.0024755477046863395,0.4520249736346231,0.1782930259664783,0.15065127274915635,0.0,0.5056414670341934,0.32719280573762816,0.1307343975840582,0.07832448621186001,0.5235442141537823,0.2784871395671288,0.156056748051063,0.10988066596537396,0.5585139297821798,0.1543389640104017,0.15347018275373397,0.0,0.41606743492341003
A09,6,40,0.32673378130021236,0.2208751662263798,0.09242815089690139,0.7106897319037163,0.3595836122077751,0.23518637274151064,0.021998505320492474,0.7435506280128772,0.38094713327147534,0.24332314548259987,0.1483214789132882,0.8582561111886735,0.24876675855626576,0.18537530758790935,0.0,0.5746531449108855,0.12962676544800417,0.13101797445199728,0.0,0.36819079663511445
A09,6,41,0.24533174813673841,0.14610138417395863,0.0,0.4172842410655865,0.21927096665091375,0.17462257713245635,0.0,0.5162818040111354,0.2954226732343636,0.16602997634543437,0.0,0.5650431012606609,0.18399357625397747,0.10136081682102628,0.061999147669475056,0.42896818073000176,0.2696827744622813,0.19262876782098906,0.0213607694304841,0.5759838845099658
A09,6,42,0.2143543253396793,0.14155959818296543,0.0,0.4967364008894219,0.3129112066438411,0.22775899100237956,0.0,0.6536348832659107,0.28084266985451495,0.14853032376684042,0.0,0.583868392564086,0.1900503459134578,0.13530382010612818,0.0,0.3549002159952549,0.07030165337504118,0.10276945097245037,0.0,0.3923042614206927
A09,6,43,0.27151583877816393,0.10345787807761972,0.017831512436758862,0.4038539043686549,0.30144663884838796,0.20263230755912562,0.0,0.7361052931482669,0.37105620752805635,0.12670718128822656,0.10147346802047232,0.5254756200780022,0.20007226367092448,0.07329866186343442,0.06576211754115246,0.32309049001035905,0.1180967228069325,0.1350152634429876,0.0,0.42205798628855007
A09,6,44,0.17694902779942753,0.10847535229546008,0.012356748527925945,0.35024168790197463,0.17689959788278772,0.20573955307868072,0.0,0.5866257943253369,0.24896588857247554,0.12492621003902996,0.0022215116315593537,0.4374875270125198,0.24963504687225205,0.09317448938930739,0.10856536015622623,0.4041300859997116,0.23106338256260137,0.15240850311020002,0.0,0.5141828579928048
A09,6,45,0.13259443813308208,0.08264162280934012,0.0024208506641554273,0.30476116452034024,0.03652063653687636,0.06343999815814949,0.0,0.24471884697447224,0.21161374262547075,0.10594646726148534,0.0,0.40257823559441736,0.2688123789888802,0.19272911882652075,0.0,0.631439978511188,0.22713950414639453,0.1719085674725697,0.0,0.5557317231336898
A09,6,46,0.2826393378803785,0.16770682369963258,0.0,0.5898343480262934,0.18276540929319066,0.20386145430612343,0.0,0.5996421675289209,0.3687558651706471,0.19034241614691916,0.07306849790868566,0.7985888523649501,0.3543397488775954,0.13378297278313597,0.07107372999440487,0.5032620116904687,0.143948393278586,0.14109531584829596,0.0,0.40782334680560545
A09,6,47,0.21616651675751433,0.10318302880795531,0.0036643996320259325,0.3924941522778832,0.10120825716646424,0.11667727754607195,0.0,0.3689632262700977,0.3644616683586334,0.10399673238242256,0.22124160843393068,0.5351595193511048,0.352928021977932,0.15760046804524677,0.0022866886312690343,0.5933481827007564,0.14897968939033676,0.11810876703126719,0.0,0.3173135805685719
A09,6,48,0.23718569834448347,0.09942805218793294,0.050507245015772306,0.4037952779217126,0.23960217018777608,0.19281566841709255,0.04532138922254168,0.7122513470420279,0.33224603430903416,0.12631449276642523,0.15385969830081894,0.6128599920802742,0.267227983628164,0.0827203764639718,0.10526229554711435,0.38831338411171246,0.11637625877188323,0.1039826846507326,0.0,0.30120093496124445
A09,7,1,0.2448585480982701,0.13809937265749725,0.05688256247039947,0.4912062264394694,0.26887261593436523,0.22338810743764734,0.0,0.5901813594308444,0.3402715467741901,0.14465069625977295,0.0923139764992157,0.576978308418176,0.21036360594652959,0.1825400061618759,0.0,0.4925509045225294,0.06602553040037161,0.07842010097314385,0.0,0.2451291818916376
A09,7,2,0.1259987077753536,0.0964186213350864,0.022131735877767907,0.3595274824201682,0.14971045660722862,0.16676908133438637,0.0,0.465981376586369,0.2255156082891762,0.11623645506170732,0.11646914728697917,0.483291045859719,0.18061727693795998,0.11980949702402224,0.0,0.3542132447622338,0.21471251358116147,0.13796552345778004,0.04137971203077563,0.5028673695389161
A09,7,3,0.23432089353915028,0.15144600712351275,0.0,0.41685949725358185,0.20464768523601926,0.18134747718152464,0.0,0.46930508939710297,0.2880409860053414,0.18391064474514807,0.007244136832593824,0.5989229885420256,0.22770278177480088,0.13078182694892257,0.0,0.4387319879602164,0.1430266173567383,0.11409249739132099,0.013018524633758553,0.4136318231800639
A09,7,4,0.19544426886766939,0.11885922938655082,0.0,0.4102979074432846,0.19092860535787146,0.13795339123714048,0.0,0.4631993882332034,0.275461651025195,0.18813191963445852,0.0,0.610615505949231,0.2637408283063374,0.12520398931010307,0.07217268478435386,0.4860957240528774,0.095374990527704,0.1251802487029797,0.0,0.3777343723972048
A09,7,5,0.16270949705629464,0.12069189905872513,0.0,0.3360708475237855,0.22316028051071612,0.182447327986042,0.0,0.5508857834859606,0.22756082792851814,0.13015434180671964,0.0,0.37478469597195035,0.1604141105071465,0.1142309071266313,0.009073781841419635,0.36322283862393256,0.22737886797814388,0.1603241238114236,0.0,0.5045211483975082
A09,7,7,0.1954633513271022,0.1199426623186998,0.03962437507297715,0.457986965363569,0.19040426985927406,0.18053377392989864,0.0,0.6029488416735995,0.24014124260809475,0.12150966623046099,0.02624067728200027,0.4312165906642991,0.2681332026028015,0.11543565738568852,0.0436511835714131,0.47347451139571367,0.21045766958003884,0.1534219634686438,0.0,0.5130517850168291
A09,7,8,0.28831400576199334,0.18060937689863593,0.050142264289382496,0.6018175807761544,0.4088645087601919,0.260801183701437,0.0637492478024317,0.8710278814433879,0.3013503391266488,0.18556144169797661,0.0,0.6479056201171322,0.2746034274016969,0.1711846888290762,0.050765554853691906,0.6822663608972083,0.14155728402549192,0.15080695481670964,0.0,0.5545667647724783
A09,7,9,0.1266744800346464,0.09851741834819681,0.004318164380758097,0.3238675783816841,0.19557008048193286,0.1644774074406914,0.0,0.4790759245426049,0.20395212908301988,0.13996621713699434,0.0,0.49149425393040475,0.1371685155908435,0.09822235488241292,0.00884942035181957,0.3097261959210772,0.11668431426791627,0.1255263962050877,0.0,0.38798195144960296
A09,7,10,0.15094104718028384,0.06344640854062922,0.05600581805448156,0.2698937986792879,0.22303961508326958,0.20121165807431732,0.0,0.6296478414022717,0.2185888511795223,0.08345532704955415,0.07384151066924907,0.35154037316712045,0.10438321823699397,0.10265404643797948,0.0,0.3052216507000144,0.20412309021110842,0.15994411384164256,0.0,0.5519239090264395
A09,7,11,0.2385359054404495,0.13638474072886006,0.008048055757576913,0.4299209193214522,0.23049395407015197,0.2041375218507423,0.0,0.5553265393342082,0.3521471662880532,0.12723164936164555,0.13141651090272224,0.5836923332270111,0.22094744793649113,0.14997906341853645,0.0,0.4846002916093303,0.12175164806956032,0.1044403190596969,0.0,0.3668459041971442
A09,7,12,0.35059450461896013,0.12124586642807912,0.13103771864660899,0.5630041845822349,0.2764844890911722,0.1318401442350337,0.10734328492276524,0.4820587139947505,0.48995244360274354,0.1599957968241439,0.26937179033828157,0.8198209117090629,0.2707214079042411,0.1459866213141772,0.04682110798947508,0.5088861102605895,0.26847691529974793,0.16046212655490275,0.004383147958399162,0.5847677420829379
A09,7,13,0.22327944550724244,0.13888194363622977,0.0,0.48806911893411314,0.35600995278891934,0.2806942717870142,0.035141351436873074,0.8987216224606563,0.2205742254661597,0.12219263613812421,0.0,0.39041984230231414,0.3185818303708981,0.15880473523504005,0.06152915281384692,0.6148588146320567,0.14266182567576682,0.12010080995633918,0.0,0.43215605317890027
A09,7,14,0.23824175601283465,0.21277383740422803,0.0,0.6770299662426371,0.21311406858522888,0.14020483534192002,0.0,0.3899588503104903,0.27600320104975873,0.24656559644748827,0.0,0.7779827584923027,0.2069594736031157,0.14987318163645835,0.020227054395345827,0.461313774662385,0.09868360181166481,0.11052146882333962,0.0,0.32901916708597595
A09,7,15,0.30369431243158973,0.18492728187109705,0.04483669198485233,0.6569027236364455,0.2086348095271587,0.204578020001143,0.0,0.5766942606709037,0.370362206118993,0.18206176210575112,0.09840965348336905,0.6548940505160881,0.3234548531072477,0.14291861726040841,0.061970216741839855,0.525536499659457,0.11359754007620305,0.1032423767832057,0.0,0.2956973890006239
A09,7,16,0.1693815481077602,0.09778423034159409,0.027575511017817873,0.4155126162516057,0.17375118967230865,0.11095274746516894,0.033316485776675786,0.4053369767524325,0.27009249569420973,0.11174604862001095,0.044541344354355514,0.5049207181231873,0.21859864493902428,0.11659916021587956,0.0,0.3856619047872597,0.15439416123048855,0.1610435225368802,0.0,0.5507950287089675
A09,7,17,0.12874250481703295,0.08306769583119324,0.007785634835222892,0.28511532051927163,0.17216573753030082,0.259732840079618,0.0,0.7258484225025261,0.16435212485406592,0.13567909938328288,0.0,0.42482739612404485,0.20692256101168466,0.15588669079772735,0.013377107729767699,0.4706771958891643,0.13963147119088914,0.12546583830111155,0.0,0.34655241697411476
A09,7,18,0.2224304023376432,0.09852854260127682,0.07866707141289016,0.3794457215057426,0.256509101209539,0.09558440798464879,0.07123847610576248,0.4023454775127836,0.2679656489217519,0.1403564827061968,0.030497944697159798,0.4650726897038377,0.2018223993218266,0.19093450146521887,0.007475985318241547,0.5698754427004432,0.10055226512854958,0.08629730191205,0.0,0.2636174613081058
A09,7,19,0.17000718952038313,0.06653874631819304,0.03578563432363911,0.29161489567243937,0.14879965721598812,0.13248936956061874,0.0,0.4058767204489931,0.19860687651196454,0.12965252254838006,0.0,0.39954736019110937,0.2964480167563675,0.1585913582783944,0.08035587072107694,0.546247948632581,0.18197475066387403,0.17069748916995095,0.0,0.6037372080937573
A09,7,20,0.2569603622647766,0.14894693094899836,0.01813728542044359,0.4561973665064996,0.24214878817665703,0.21035087782588924,0.0,0.6420882462144023,0.3074585694761074,0.14322092128706065,0.12511295119540042,0.5429197366956454,0.24564790204840908,0.15201177420862313,0.0,0.4399795499515063,0.07103246676014295,0.08533724038355864,0.0,0.24759344317827722
A09,7,21,0.21970677410491243,0.0733539656765025,0.04939731774494284,0.3313780505614479,0.28177018432381995,0.1934454879705857,0.0,0.6152530536340938,0.28472342676307133,0.09494247643158524,0.09072634013909749,0.4877445524348936,0.15558325488476485,0.12837959630808837,0.0,0.4347465614402562,0.20037881128782808,0.17661859382644815,0.00449664247591156,0.5065317853811571
A09,7,22,0.22329780704856045,0.16219432867436706,0.0,0.5211440931561215,0.20663804064132602,0.1221792643612977,0.01370695335782349,0.405372838541414,0.24874599320807908,0.18994275335642433,0.0,0.6366449656749544,0.35621507977323896,0.12051004812428524,0.14774097853980278,0.6154835737118064,0.1283839597654238,0.11328376190250668,0.0,0.331650514667535
A09,7,23,0.23852964374743382,0.10554302599707097,0.08712974105395722,0.4073218900786764,0.17071301743279,0.12293932254335754,0.0,0.3853268816540854,0.35453046581322467,0.12964015316872837,0.1911667145185505,0.542253821791315,0.25129462029640254,0.11691100736245859,0.023802046022053935,0.4485168494374147,0.1016552830284858,0.1225254464713766,0.0,0.41770052300860805
A09,7,25,0.2276339045749821,0.16833861416601018,0.026934408346466956,0.5598428773422667,0.23361925786717103,0.2080123641502051,0.0,0.6044163134486807,0.281713762065461,0.17611670217304096,0.02941199015157525,0.7035892057920009,0.3405229261231577,0.17875471272889662,0.03329030076681394,0.6153356087572445,0.12367499017248115,0.08221455316548192,0.0,0.2630935174999559
A09,7,26,0.094550137974092,0.1020237276797608,0.0,0.3343096249225326,0.18974569259513882,0.19841237242156295,0.0,0.6549825652572903,0.1326361114654968,0.13610557698531203,0.0,0.3975913768535687,0.15836640356712933,0.12761112710424835,0.012866993858483444,0.4473003510844187,0.12392130226850577,0.10320621439796075,0.00021143013264240157,0.2918350386669665
A09,7,27,0.15960478556188232,0.12560426095327573,0.0,0.38757710427652653,0.17415768557182124,0.15163089345991335,0.008356944118586562,0.49681588913037306,0.18728730066182048,0.14809227508757053,0.0,0.4620027680633899,0.19868123334541832,0.08798597924154607,0.01962697292306557,0.3187915415787837,0.2262009387358654,0.19798232746417155,0.0,0.5552093961327983
A09,7,28,0.18678187907035892,0.10613406623917507,0.0102569254481988,0.3579006886702963,0.25859406305666094,0.1620060321343504,0.017750292966074444,0.5279127005794697,0.1803933301113991,0.10575023185046566,0.0,0.369375526006256,0.22811265690138174,0.11759232164972544,0.0586200142771629,0.4537453270985629,0.12624714929017797,0.07785693813258793,0.0,0.27123812570353983
A09,7,29,0.27587257110390045,0.17399215621378017,0.0018665227390725386,0.5631408321517574,0.2638193402628263,0.21348871977706488,0.0164887025045399,0.5840402823060724,0.34921071713775376,0.19135444788374337,0.077619586794084,0.7587996008621827,0.11905122001096653,0.0943851878942247,0.004593807925368961,0.2754420769852384,0.11085965293095675,0.0713799871145264,0.020097023863292547,0.3032130879491445
A09,7,30,0.25360013393678776,0.10305262195422128,0.09276597755039777,0.4537101262220216,0.2793454927014503,0.14758858895085158,0.0,0.5209993759529113,0.24956139035422442,0.07333198804025838,0.14462317435184996,0.39541555866441336,0.2158713588494891,0.12668682383728044,0.03165072051422013,0.43565842875072125,0.06758201247814911,0.06424647458101922,0.0,0.20151764147263893
A09,7,31,0.25667132739623755,0.1351595255800835,0.008626926574022689,0.4497836252163327,0.2610034408347057,0.1483342693158661,0.014670399297235062,0.5003649150428464,0.2742287705499751,0.1516230995449759,0.0,0.46490515890504164,0.26136627947808816,0.09537608902539046,0.12422016313596941,0.4536847345242762,0.1663794252897731,0.14922179866518845,0.0,0.4620059435576162
A09,7,32,0.1610509855832504,0.12363536703687943,0.0,0.35994082263151306,0.19042814508658443,0.15161092884878297,0.0,0.43713580387085127,0.16804297070988877,0.13298398556918042,0.04124816931125667,0.3939358719017799,0.2367157310580937,0.15441693385982116,0.006285082825848133,0.5449846584489187,0.08564390691313739,0.09025329321771272,0.0,0.2846210926817291
A09,7,33,0.13838403930256019,0.15416659439563948,0.0,0.5655911024449738,0.23290536903393597,0.18917589198638368,0.0,0.5619307153811833,0.1801601728388578,0.17106268089424656,0.0,0.6052182857344045,0.17529969485755936,0.12916307350557582,0.025882769378295145,0.39789669451317305,0.270015614744259,0.16076029500883837,0.025338197467599244,0.6411590821433618
A09,7,34,0.13102062806702774,0.09264501837613573,0.011217859447959342,0.3177269341460862,0.1565795544953152,0.12554770507979907,0.01850557955986059,0.43844806774195505,0.15819125664516123,0.10219597566314033,0.01162623297999196,0.3060518106599747,0.20161571921119753,0.14658472776836712,0.02456731381291588,0.43545704847190664,0.1290251113587814,0.1248666676323618,0.0,0.3546427474311127
A09,7,36,0.16345574109924374,0.12311211654837872,0.00936934319677653,0.3673145009408625,0.20144572858526352,0.11751425053094533,0.03385025012566751,0.3955671218447616,0.15013990528345203,0.12733285990385976,0.0,0.3806410552064481,0.2855429836718822,0.1767176139457859,0.0,0.504793438275547,0.18434221111138988,0.12752860767952293,0.0,0.41672825383674944
A09,7,38,0.1364158499925276,0.1384909491934008,0.0,0.47538775955208334,0.185331328702297,0.17186996918685377,0.0,0.5343835951145638,0.17902103470891212,0.14268668373901577,0.0,0.42834609130276935,0.2549389519053073,0.09053741266733434,0.07880120305428508,0.37008633128053914,0.18178874196141326,0.1397634957130118,0.0,0.44685602018260856
A09,7,39,0.23395652105110928,0.10596918048623805,0.09636647352268499,0.5245538014094839,0.22750381888481477,0.1628379803485873,0.06983948673473671,0.5316056488670996,0.22517219033374086,0.13222223411707676,0.0006733022722161015,0.37444778058264344,0.26396580936063513,0.1435934519293237,0.05528346220514329,0.5134082096821108,0.2094579279153547,0.10091965141398575,0.026493040896850246,0.3929608799857537
A09,7,41,0.16439927843162058,0.10967156920897292,0.03725623314518386,0.3532665643381993,0.2613658684740123,0.22542891046246658,0.0,0.6783598860829159,0.17021318347790476,0.1445941057486447,0.0,0.4204073783415333,0.32883545199256514,0.17879627681662907,0.007942787355278678,0.5558374111338715,0.29238302386943305,0.19703414662550747,0.012571871004795478,0.5788070839295358
A09,7,42,0.17359176315311065,0.13197926626188666,0.011262393739058383,0.36910000766465906,0.13104237242951342,0.13446400563847097,0.0,0.5002948871399217,0.21322915203935178,0.1336083882353287,0.0,0.36279159784204423,0.3006216626540885,0.14660023121778176,0.021606458099603394,0.5744481177074079,0.1949174584920755,0.16971779969929854,0.0,0.46168147032758344
A09,7,43,0.2480144533891767,0.11293669995048572,0.06320781581708154,0.43441037394472587,0.2931895795238299,0.2448384710348727,0.0,0.6905424215356072,0.27208826879865955,0.138540560374112,0.04403993310470544,0.44797348626229117,0.29266362511704674,0.12236319266424905,0.0,0.47762224645034035,0.24451653502113563,0.14243701167488473,0.019801243160658438,0.4632080744654486
A09,7,44,0.2514491531597635,0.16123822799032042,0.06935678026368387,0.618829573874697,0.19915410320652796,0.11942867151971899,0.04167530160401699,0.4131458630468884,0.27530279794177864,0.20374526815476213,0.06443474314250783,0.7183526406916394,0.35595832064547694,0.17957824974247624,0.0021141305582183445,0.619966305930692,0.19638357295402573,0.23151943969048883,0.0,0.6781764718652328
A09,7,45,0.21293557989899925,0.15618130458352797,0.0556304334280698,0.5670609398499472,0.20318616757403027,0.16683050096542937,0.0,0.5731097386838864,0.28210500292723106,0.16277657657788894,0.0019689721360951168,0.6163716851714053,0.2024692857416361,0.1247874731511826,0.0068563090544037876,0.4035488461741383,0.19155670611782097,0.13375195879164395,0.0,0.4017928764723999
A09,7,46,0.21182307618884014,0.14051383679252397,0.06205551076193261,0.5852662426563481,0.24869865634981053,0.15263054013601862,0.02431265425720643,0.5496007965281781,0.2277673585256698,0.14789435055062566,0.014146595945872484,0.5675994836201993,0.13652378085243402,0.1359553706979651,0.0,0.38290835660108946,0.20485997965498023,0.14829102153947726,0.02677311042153585,0.4856116784623268
A09,7,47,0.2792312348747604,0.11030556943979711,0.10724563666578558,0.4591984416631841,0.33103717489021683,0.1492015125889149,0.07295627814649876,0.5858872142893814,0.29322779528095555,0.12057893611469224,0.05414559147360349,0.5154235038901084,0.26621598031300214,0.07771053738092838,0.142732370678748,0.3661799666533991,0.11964310490893967,0.12469800293785763,0.0,0.3191368294075015
A09,7,48,0.2114887526995354,0.12284638583102246,0.022826819041223394,0.438045484721841,0.24887080862901081,0.12388166356925148,0.12266855680901392,0.5401477078174003,0.20253303156785388,0.14566496227174952,0.0,0.42760429020926977,0.2713107466423737,0.14501705456659467,0.03666121772436513,0.4511144908109917,0.14785921511343006,0.11359114904593615,0.018694026984049174,0.4381165882882197
A09,8,1,0.26716661727136154,0.14346502712351547,0.013422263760096254,0.5346340389848117,0.18934772266391284,0.07725034568609224,0.03881242838719312,0.30115258617302054,0.3232357813343009,0.1734018459710847,0.09209257143560169,0.6591601010099845,0.37770126156825684,0.14587087599411644,0.11318648438278514,0.6635991061129616,0.45353226677904446,0.2202763431306462,0.0,0.7291624166189734
A09,8,2,0.19820945361323317,0.10840852639813042,0.06043582508324376,0.43449179044486524,0.1551806405840441,0.11323026577707236,0.004020337903749275,0.39095581718053435,0.3026298984240439,0.22075230637781051,0.026092011279812328,0.7329292550326661,0.25796334432879503,0.11217620189508143,0.0931745094331609,0.4364423838448012,0.3860816026854784,0.25634422545429414,0.01799305683882933,0.8564344967884688
A09,8,3,0.13901167461983524,0.14817200698245214,0.0,0.5287994347236541,0.264833443236821,0.22367072645784403,0.0,0.7590058938626386,0.11737456359542991,0.12277106065596555,0.0,0.3122422615149015,0.2958863968098662,0.11330093475193308,0.08937454577462253,0.41342137254543815,0.10338988994814942,0.10102280175498352,0.0,0.2737079808849227
A09,8,4,0.2200763777310732,0.1288548233794907,0.012964751237359231,0.3840001302083496,0.2519391871321549,0.2548227679817509,0.0,0.7615157429106836,0.19807927652819043,0.12437376947014998,0.00729853355790885,0.39835976300738946,0.35135408591884126,0.18711026343192602,0.04753637186877267,0.6471275783473087,0.23304667032174659,0.19374424950458438,0.0,0.6085206980604989
A09,8,5,0.16958196813828547,0.15803700871715373,0.008232891450767697,0.5053129644106765,0.17498642258381064,0.16108256228608903,0.0,0.5113881994853664,0.21523136552881098,0.19249326757434382,0.0,0.5895601307751482,0.2929714060042745,0.16749473125838027,0.08360751045698246,0.5474701134455328,0.15367725365738175,0.13848473677143538,0.0,0.41786329018166907
A09,8,6,0.26558474494935824,0.17689192040897947,0.0,0.5564814949703181,0.2458552738144049,0.21786654628647073,0.0,0.5595504853331555,0.2712528036721426,0.1721436246519033,0.0,0.645834368203831,0.2679176279038404,0.2198691214363202,0.01871372065849272,0.7057618413350311,0.1428191841537856,0.16563663279993968,0.0,0.6148051729467968
A09,8,7,0.32418422461515684,0.19703789032510038,0.078961150278457,0.6960717091251526,0.2798498429498318,0.21497729174256844,0.010613215885069931,0.7227110835393596,0.3392818692560776,0.2340101665845523,0.0,0.7114115138232396,0.306572732401139,0.17257036631924322,0.02846578675126283,0.6333075183691899,0.32779043397204083,0.19999956123892318,0.0,0.5836887075246912
A09,8,8,0.06335969046095868,0.07619327021155552,0.0,0.22963739787653603,0.05252521526551473,0.09997210027448532,0.0,0.2770899349334259,0.13029309947869877,0.12940275730724643,0.0,0.3772299734263518,0.2095474984173761,0.19285595373417433,0.01600045987806972,0.5654961471253813,0.23411709949079917,0.19359452021698356,0.0016995865598627027,0.6777251317608963
A09,8,9,0.23579441780318489,0.12365512760409016,0.04327577571019552,0.4323848559271273,0.3440619116033748,0.21605519704934115,0.0,0.7506217446089528,0.20261699369756783,0.1029428741125453,0.02774476408821071,0.3455328045910188,0.3510843721973704,0.1372535368709986,0.12329697769597356,0.6207279165522158,0.17784709403264423,0.20815994259911838,0.0,0.5117801805524226
A09,8,10,0.14646391137500608,0.16714782141207488,0.0,0.441697106988835,0.21604677045502724,0.20441725410611558,0.0,0.5704415197694688,0.1948638756687155,0.17477082852707343,0.0,0.4820880379655801,0.26431117575286217,0.18028635365774556,0.031013584397500144,0.6233285153055147,0.27701029547057016,0.15205920410840643,0.0,0.5345405493684039
A09,8,11,0.27660396746204935,0.0962451976006157,0.08528145542137021,0.4386907214855188,0.2693253371268305,0.18883607143906556,0.0,0.5022062737764345,0.29797884886451625,0.11084162652426541,0.11703402595223537,0.4791950824615516,0.3487700802409936,0.09681044029340295,0.2144011506696557,0.5283086753061174,0.2431530819376836,0.1811750483045287,0.0,0.5128493525087541
A09,8,12,0.23135129512132696,0.11396897664712655,0.06631118115378136,0.4969974856270537,0.2693085250580894,0.18179469528312545,0.02419331615626776,0.5593247967270487,0.27823462903500934,0.13455407869161362,0.03298797083679861,0.517834103990536,0.24830680950217407,0.11814699061417946,0.062019178599197304,0.48042429962378,0.23346533411709985,0.19355975469158349,0.0,0.5255114814237267
A09,8,13,0.19503979590376683,0.11624892260754231,0.04804588857751567,0.47840569670860705,0.17123315591675578,0.13818533439369635,0.0,0.453871447492987,0.2344946041840617,0.16165100651550673,0.03975591892757745,0.48999673899540547,0.23819892475706222,0.10448206832415469,0.04962124662331139,0.38356552061856897,0.2502179740059633,0.14119886842033816,0.017197286907889957,0.4608727104777947
A09,8,14,0.25713534282813477,0.12405354507974094,0.10550820435052251,0.49489642605849216,0.2115234146735442,0.11208085821820891,0.04076899881333034,0.3637395704172855,0.33857837829679355,0.16797198339412053,0.14295976958835704,0.6317442092910575,0.26822747941459135,0.16899952401673599,0.08435897972294304,0.6607451052957414,0.2245099988204996,0.15366471855615518,0.011776493851989898,0.643221311449036
A09,8,15,0.12757678375079703,0.09173220749794572,0.0,0.27272821390319957,0.21552696799853693,0.15717445754984696,0.0,0.5769318268055088,0.16641533995204102,0.12619158455623797,0.02622778952453258,0.42366792631173605,0.40643206814799815,0.18562897187957414,0.0015432552217791004,0.7131758960927755,0.2656635703429298,0.17856405783854823,0.0,0.6135676981265592
A09,8,16,0.1513716135925338,0.122613355554737,0.004266524027329236,0.4101147893748519,0.16299358475480608,0.15883934964693447,0.0,0.5166207416651739,0.20506452898302777,0.1309903923062419,0.0024195882881240843,0.3738938027111244,0.1997980401744103,0.12768735143050483,0.03693272281167424,0.44802717630620303,0.22509252682202222,0.1774324744212013,0.0,0.549827379969287
A09,8,17,0.2099899556303703,0.13822521426042572,0.010566937609864555,0.4378408935502093,0.2408906596688337,0.20563023523077595,0.0,0.5816298563763258,0.2490897833118268,0.12521172030225355,0.050520693282760286,0.46426417478559195,0.25441673286256133,0.11718432455441917,0.00473184753338637,0.43104688559265864,0.2685814846809396,0.1560771964297544,0.01318586979433494,0.4787787476447817
A09,8,18,0.23785374217259772,0.14719388696177704,0.07961330034564686,0.5766329890361378,0.33386801238376923,0.21496545073813622,0.0,0.6540912667182397,0.26343933517754264,0.12928525540424277,0.0,0.5538039640756349,0.31318661765912975,0.12899973966448594,0.11386910567347806,0.5938296326291878,0.1875055729120013,0.17211914610172277,0.0,0.5704810432919017
A09,8,19,0.24475684496170755,0.1438743910257564,0.0163306610816473,0.477167235794347,0.24509672177101777,0.22540551786551402,0.02949874493571241,0.7550511746843248,0.31564221219586225,0.17678202887720113,0.02246779714559158,0.6210803849350804,0.21979107884452684,0.15869603594295434,0.007701832945385749,0.5954101068618922,0.1789391446151905,0.16843682452154446,0.0,0.5295638318766109
A09,8,20,0.2260414933610375,0.1528134801351263,0.0,0.4631888291713676,0.3195384538105067,0.18305594360706504,0.0,0.6153944400122663,0.2622722195804521,0.15090714076154924,0.0,0.4615374271540021,0.267403072496738,0.14187052241831555,0.005764924197563375,0.5066704561034048,0.22342071564004093,0.23597424180388446,0.0,0.6662198687731379
A09,8,21,0.2248206607165099,0.1618296723611083,0.0,0.49059215894624897,0.1293276204295527,0.1108101805457047,0.0,0.36111494702076247,0.29536444006275947,0.23341353136086862,0.0,0.7089014131031652,0.27951043901020606,0.1859193372024888,0.02486475977565458,0.5688297678805044,0.30091280095725614,0.19963521622222707,0.004498099519250176,0.7622730081097266
A09,8,22,0.22590976624587364,0.16165025244772963,0.01684089553710122,0.6331419896505032,0.3158132695391711,0.2129322615619282,0.018025839787740732,0.7541682782846996,0.25960299728940267,0.16492348958354522,0.040745981142508235,0.6509818530938484,0.2267023790716557,0.12770663899118245,0.03863997826531983,0.4519572408099231,0.18320806008670412,0.18545839629417585,0.0,0.576636058292783
A09,8,23,0.2573159606153393,0.14879832097902174,0.02967690260168251,0.587264358682562,0.20764498552195315,0.1801993346356588,0.0,0.6655555559875765,0.32055189858876015,0.20456316367260532,0.034958464646650374,0.6408094188001102,0.246089748128491,0.14889505456986912,0.006935740104217191,0.45393718008165845,0.23894050666524833,0.2190420056258597,0.0,0.5874731873252728
A09,8,24,0.1793644711999313,0.11677636000225632,0.0,0.39784792252697165,0.2362177478253349,0.0829089883884372,0.06706925713503935,0.40409421269372964,0.21077920499789046,0.15280534124794784,0.0,0.4658371614483023,0.21997163651489485,0.1474627658254111,0.024081483265063302,0.4162572808210392,0.20573150197436282,0.13813682284948925,0.008399348296619607,0.5067911690885202
A09,8,25,0.2997084590593774,0.11470827742026694,0.08178386780194632,0.4769880545122593,0.31310504509070314,0.16845107646210408,0.03465108460434246,0.548843298587499,0.2977105845685096,0.19406697283762314,0.00019501239835831692,0.6151758169571581,0.26732173499824874,0.14750936576511642,0.016990672320005142,0.5541509962884411,0.24511229593439518,0.229857082687239,0.0,0.657881121071923
A09,8,26,0.32168084436158373,0.17315760276325703,0.0523228714452599,0.6812554751286894,0.31770615983876715,0.2677133751841528,0.002340152201782329,0.8657030491232467,0.3008685719419276,0.1659839447423961,0.05873800397432321,0.5987550161295454,0.20784235344420918,0.1018274395028852,0.06299583090164158,0.3406658658097959,0.12444672859759077,0.1086726532493988,0.0,0.39186527780482977
A09,8,27,0.24087457862836933,0.14749925871474728,0.07790201407035253,0.5413715371280235,0.28794430217184747,0.26494027502681555,0.0,0.7491020291988811,0.2578017963066592,0.16243996655856824,0.0,0.5227768362790817,0.26243461037158566,0.08577422323340876,0.11302986960543983,0.4357246503263624,0.18322082257601402,0.19134656574567585,0.0,0.5356712150546167
A09,8,28,0.12280330589488812,0.08939155269689045,0.0,0.2549565942962125,0.28075848308016893,0.25203465335732606,0.0,0.7727033532534076,0.16056740584499352,0.09128138894379131,0.04409067076301444,0.3366846479886673,0.21763064955527264,0.12779399559319257,0.0,0.4036558027890151,0.2118850331817712,0.1238983849179052,0.0016544361302513863,0.381742403288381
A09,8,30,0.2372749184184688,0.16605650749901718,0.027126723671521105,0.5334229244156186,0.266534663394967,0.2210216285872702,0.0,0.6264543399835049,0.26603133024029435,0.19301413671244802,0.0,0.6124579462252747,0.2821875506175845,0.13274542140920192,0.07685704487059115,0.4867407884188331,0.2203886877209546,0.18714621403476456,0.0,0.5769144607810739
A09,8,32,0.18381589068236487,0.14165553495491792,0.0,0.41102402817334244,0.1669251032978685,0.1666156228581795,0.0,0.4579767619895819,0.2723611576130081,0.18550179931744007,0.005154633498763185,0.5149386344410861,0.23252003157225037,0.14390982355277004,0.001054051986994296,0.49081094993145247,0.15225086079766473,0.133155633560233,0.004458147501392554,0.45779060502563945
A09,8,33,0.2616285333908658,0.19241590002305795,0.0014066756283460183,0.5516557885008687,0.34751405407904784,0.24173091539480632,0.01976188890148789,0.6716272748207447,0.26422744938724535,0.1787679689777595,0.017977424637489685,0.5060147474691729,0.23858752354551466,0.1623376372145021,0.014200221846616781,0.49916321913028255,0.2469908886173205,0.18008763915574405,0.004544512787339234,0.6305231630053185
A09,8,36,0.16328921353609274,0.07997181828755291,0.012414217546128179,0.29864529930915973,0.0961791287500605,0.10846813719802392,0.0,0.2758844943481295,0.2669914994445642,0.11237334660034258,0.02883975921426713,0.4859984244328518,0.2109889576530645,0.14630433646652968,0.016140515941482438,0.4770406791087137,0.08785600764317077,0.0849651796616624,0.0,0.22158387998198117
A09,8,37,0.25663642961610944,0.12989722650215163,0.03379518199016813,0.4411891147809842,0.19518357960704608,0.1264195091820925,0.0,0.39122964365412377,0.32992980544125555,0.15355535197035325,0.009372214163172798,0.550677618000999,0.22695035219498605,0.13561089223890124,0.0,0.4407653610867893,0.09213766946562993,0.10673636615160206,0.0,0.3852584348911649
A09,8,38,0.16674016959542423,0.09224051358107795,0.005950867574818172,0.29232906524451047,0.2276293161944407,0.20348516788111123,0.0,0.5482771472514127,0.20076953038613649,0.10402641927698664,0.0,0.39744571788687594,0.2810954649905452,0.13901565436377888,0.08641610466708745,0.47051229454264326,0.20357692686624926,0.15660567786996588,0.0,0.49936655921452244
A09,8,39,0.21996672207240708,0.16672748412201724,0.0,0.4742601414643657,0.33015558331722406,0.2582924017365981,0.0,0.7849238655496448,0.22622697589354396,0.16583107917276393,0.037584798994392744,0.4872167408229475,0.24718536362271468,0.11954586529118875,0.05255885089463076,0.48368487991749526,0.06386511254549251,0.08164600569847034,0.0,0.26191962065201485
A09,8,40,0.2348682798497098,0.11231423723572083,0.04059505722711013,0.41798463803698443,0.21550045926802966,0.12770435265122823,0.013145206877997948,0.4336660007606041,0.2900587076891117,0.14562796292712554,0.03579367054497843,0.47141555875804564,0.14847628237157917,0.07702774074938368,0.045381001469854305,0.2907823676269242,0.10774979993970775,0.08062165153735378,0.0,0.30319059073286386
A09,8,41,0.29254432360912147,0.19260736241423304,0.0,0.5532079019310999,0.3597374249615744,0.29985784001876137,0.036705637521289476,0.8378020893892969,0.3918605096551036,0.21188800577249556,0.0636474962290593,0.697764396280946,0.14736404508038825,0.14043771945917596,0.0,0.47283529380650396,0.16466401179151846,0.1890107399152074,0.0,0.6341630088055326
A09,8,42,0.1583873729185027,0.11108975357469762,0.009947469758832332,0.3530852233250791,0.16065752703531563,0.15039249571396562,0.0,0.48671433943559583,0.2424977319781077,0.1868244097081824,0.0,0.4926741598312524,0.20332164917399975,0.0934793517836986,0.07307328709144681,0.41572839184329025,0.09983810208192502,0.10628009616418979,0.0,0.36402692610412696
A09,8,43,0.1633351854836788,0.10247018991909332,0.006784722233084144,0.31822677051512815,0.21772556989149683,0.1920147830417989,0.0,0.4940824400063844,0.15196322732703113,0.09663426526146277,0.0,0.3001834162465307,0.2523064793983541,0.10775381574958111,0.03735465472637335,0.40490830751756235,0.12613101019394207,0.145626248372527,0.0,0.5289578266017377
A09,8,44,0.20888591474490326,0.1187732190446927,0.0,0.3949744768716314,0.2043013309694327,0.21974758620646148,0.008035330597810888,0.6284890857301934,0.29404578143931903,0.19578954133543575,0.0,0.5783649007671607,0.2521708578946579,0.1787967903610645,0.04210278756222251,0.6671759087727486,0.14580199514965206,0.13410605091025277,0.0016283440939795421,0.46891583821498933
A09,8,46,0.1783058942819106,0.15605483722872182,0.0,0.5536009767824909,0.18181501189697782,0.15673390286223451,0.0,0.5467886370598997,0.21474715684033488,0.19562119651765475,0.0,0.6305028191344185,0.22596912137028363,0.10931062184636932,0.07110272165684918,0.3686548430541512,0.19834416957021325,0.12625468632948386,0.0,0.4600138644872929
A09,8,47,0.3469529908718012,0.16638185162428706,0.0,0.5584161592487478,0.3517585348005371,0.23605894479848152,0.0,0.7849687894934043,0.38329825820640656,0.13737182623647448,0.08842971265539959,0.6702298540173912,0.28318398054186916,0.16341269998772398,0.02924463106290731,0.5564285964679888,0.15300137637848207,0.19687575584352507,0.0,0.5658514018117661
A09,8,48,0.22388324455803857,0.1114070774283784,0.03182292205012622,0.4250093814778116,0.30745149821962314,0.1437871850644844,0.08790522323143402,0.5666988494138155,0.31921458697928445,0.1923329206900322,0.015000471615380222,0.5707076195728797,0.2423753397522551,0.13361832209450092,0.0297745108307143,0.5366901342797317,0.13247805876972035,0.1318271625904533,0.0,0.5225277920951269
